y,Hostility,kDN,DCP,TD_U,CLD,N1,N2,LSC,F1,L1,level,subset
0,0.078,0.1092,0.08935010863545015,0.68,0.2528355358802372,0.09246666666666667,0.39832919786133647,0.9670541082164328,0.9912000000000001,0.49487511149910957,class,random_kDN_top10
1,0.084,0.1292,0.08935010863545015,0.5903636363636364,0.2615789148526603,0.09743333333333334,0.4039469125833892,0.9757034068136272,0.973,0.36015448444020176,class,random_kDN_top10
dataset,0.081,0.1192,0.08935010863545015,0.6351818181818182,0.25720722536644874,0.09494999999999999,0.40113805522236284,0.97137875751503,0.9821,0.42751479796965564,class,random_kDN_top10
0,0.22446906740535555,0.0,0.06060606060606055,0.7272727272727273,0.14273325991357094,0.0,0.46627460462652925,0.9879759519038076,1.0,-0.26447523208522367,instance,random_kDN_top10
0,0.3355801785164666,0.0,0.0,0.5454545454545454,0.33569315772985764,0.0,0.4636030653799853,0.9879759519038076,1.0,0.37344130459175523,instance,random_kDN_top10
0,0.20731707317073178,0.2,0.06493506493506496,0.45454545454545453,0.3775078349947778,0.0,0.44628083590091994,0.9939879759519038,1.0,0.3245823130563047,instance,random_kDN_top10
0,0.019943019943019835,0.0,0.010869565217391353,0.7272727272727273,0.08628091410194128,0.0,0.34320090693270444,0.9278557114228457,1.0,1.0020089863163941,instance,random_kDN_top10
0,0.04635761589403975,0.0,0.02564102564102566,0.6363636363636364,0.1318768789903884,0.0,0.428849644231974,0.9619238476953907,1.0,0.8919545338248599,instance,random_kDN_top10
0,0.24769429091492523,0.2,0.19999999999999996,0.8181818181818182,0.27973001645331086,0.2,0.4588585605422504,0.9919839679358717,1.0,0.4819088623188149,instance,random_kDN_top10
0,0.06438746438746445,0.0,0.1428571428571429,0.8181818181818182,0.061242584881941564,0.0,0.47636615167969665,0.9859719438877755,1.0,0.05272019694584887,instance,random_kDN_top10
0,0.6753240359797736,0.2,0.0,0.5454545454545454,0.29200540992572765,0.0,0.4326087195179129,0.9919839679358717,1.0,-0.21261249537859211,instance,random_kDN_top10
0,0.019943019943019835,0.0,0.010869565217391353,0.7272727272727273,0.055759454866490255,0.0,0.2909438934158556,0.9178356713426854,1.0,0.0555490757235526,instance,random_kDN_top10
0,0.10766231818863403,0.2,0.010869565217391353,0.7272727272727273,0.13250522005617382,0.0,0.274479706757076,0.9919839679358717,1.0,0.3787149227446677,instance,random_kDN_top10
0,0.294422119048548,0.0,0.0,0.7272727272727273,0.22357352274821674,0.0,0.40712387958784124,0.9579158316633266,1.0,1.121151718991798,instance,random_kDN_top10
0,0.17730999684642068,0.0,0.02564102564102566,0.6363636363636364,0.8133184928639269,0.0,0.46139771275459396,0.9899799599198397,1.0,-0.15260718250644745,instance,random_kDN_top10
0,0.10483714805778244,0.4,0.06493506493506496,0.45454545454545453,0.5296436346474883,0.5,0.43880322637469493,0.9959919839679359,1.0,0.20032435694634868,instance,random_kDN_top10
0,0.294422119048548,0.0,0.010869565217391353,0.7272727272727273,0.16527473793166203,0.0,0.3821224516435855,0.9799599198396793,1.0,0.2983744701786843,instance,random_kDN_top10
0,0.20731707317073178,0.0,0.06060606060606055,0.7272727272727273,0.07877377974078481,0.0,0.3775204792905891,0.9759519038076152,1.0,-0.13127468984737223,instance,random_kDN_top10
0,0.019943019943019835,0.0,0.010869565217391353,0.7272727272727273,0.08661256168748138,0.0,0.3506739843689586,0.9158316633266533,1.0,1.1523484044226917,instance,random_kDN_top10
0,0.25493612078977934,0.0,0.06493506493506496,0.45454545454545453,0.04325525664359314,0.0,0.3965803516885573,0.9519038076152304,1.0,1.374341090735846,instance,random_kDN_top10
0,0.019943019943019835,0.0,0.010869565217391353,0.9090909090909091,0.24067303655734518,0.0,0.3731361153900956,0.9378757515030061,1.0,0.003924752838692524,instance,random_kDN_top10
0,0.203956246892535,0.0,0.1428571428571429,0.8181818181818182,0.2811369251489785,0.0,0.39339366843331613,0.9719438877755511,1.0,1.174407130084536,instance,random_kDN_top10
0,0.04635761589403975,0.0,0.010869565217391353,0.7272727272727273,0.11854023806207004,0.0,0.26605975976600726,0.8817635270541082,1.0,0.7791165857222158,instance,random_kDN_top10
0,0.10483714805778244,0.0,0.0,0.6363636363636364,0.08593860990466395,0.0,0.3736187891756365,0.9779559118236473,1.0,0.9948739023869672,instance,random_kDN_top10
0,0.294422119048548,0.6,0.10416666666666663,0.8181818181818182,0.41250221769626194,0.6666666666666666,0.5854963216629007,1.0,1.0,0.17472784547016787,instance,random_kDN_top10
0,0.019943019943019835,0.0,0.10416666666666663,0.6363636363636364,0.07155826836913948,0.0,0.34470783218515266,0.8396793587174349,0.8,0.49166400357910767,instance,random_kDN_top10
0,0.41985428051001816,0.4,0.8703703703703703,0.7272727272727273,0.4552608455073161,0.5,0.4803059379571527,0.9979959919839679,1.0,0.31496007773841417,instance,random_kDN_top10
0,0.24372603694667128,0.2,0.06493506493506496,0.7272727272727273,0.3981200696907835,0.0,0.4720577237657052,0.9919839679358717,1.0,0.3376149737743085,instance,random_kDN_top10
0,0.019943019943019835,0.0,0.010869565217391353,0.7272727272727273,0.07091295550810861,0.0,0.31909660468526935,0.9599198396793587,1.0,0.26219567637109226,instance,random_kDN_top10
0,0.019943019943019835,0.0,0.010869565217391353,0.7272727272727273,0.11399171148497345,0.0,0.38277982554751877,0.9879759519038076,1.0,1.1301871940466062,instance,random_kDN_top10
0,0.25493612078977934,0.2,0.06493506493506496,0.45454545454545453,0.7186780683019006,0.0,0.4925086155301759,0.9979959919839679,1.0,-0.1516020906385816,instance,random_kDN_top10
0,0.25493612078977934,0.0,0.19999999999999996,0.8181818181818182,0.06849065259412246,0.0,0.34850728501177575,0.8997995991983968,1.0,0.7471043203873802,instance,random_kDN_top10
0,0.019943019943019835,0.2,0.010869565217391353,0.7272727272727273,0.11659992320933765,0.0,0.4233533232584351,0.9919839679358717,1.0,0.04465384354643553,instance,random_kDN_top10
0,0.04635761589403975,0.0,0.010869565217391353,0.7272727272727273,0.06313539631279441,0.0,0.3438726864941004,0.8957915831663327,1.0,0.6874098457803869,instance,random_kDN_top10
0,0.203956246892535,0.0,0.0,0.7272727272727273,0.19278865101408854,0.0,0.331864722419276,0.9098196392785571,1.0,1.4374625716552478,instance,random_kDN_top10
0,0.45015731081304844,0.0,0.06493506493506496,0.45454545454545453,0.2983905444780442,0.0,0.44549072940193624,0.9879759519038076,1.0,0.2902766276832571,instance,random_kDN_top10
0,0.22446906740535555,0.2,0.1428571428571429,0.8181818181818182,0.3206860588044977,0.0,0.4543944204586291,0.9979959919839679,1.0,-0.07525954816825141,instance,random_kDN_top10
0,0.10483714805778244,0.2,0.9375,0.6363636363636364,0.6798861250037594,0.0,0.4312305533663402,0.9919839679358717,1.0,0.11695064142608513,instance,random_kDN_top10
0,0.019943019943019835,0.0,0.010869565217391353,0.7272727272727273,0.07267333767916001,0.0,0.3433784927970468,0.9378757515030061,1.0,0.2439057642055306,instance,random_kDN_top10
0,0.24372603694667128,0.0,0.06060606060606055,0.7272727272727273,0.16773878253528984,0.0,0.40024504217332435,0.9879759519038076,1.0,0.4989857523608968,instance,random_kDN_top10
0,0.40325694619323427,0.0,0.06060606060606055,0.7272727272727273,0.5282012387470442,0.0,0.3831747560472628,0.9619238476953907,1.0,-0.002930949959113359,instance,random_kDN_top10
0,0.019943019943019835,0.0,0.010869565217391353,0.7272727272727273,0.06967898449967286,0.0,0.4168262757215804,0.9799599198396793,1.0,0.6887002755471693,instance,random_kDN_top10
0,0.25493612078977934,0.2,0.06493506493506496,0.45454545454545453,0.7211901244764056,1.0,0.5036436002447406,1.0,1.0,0.02688417451640446,instance,random_kDN_top10
0,0.04635761589403975,0.0,0.010869565217391353,0.7272727272727273,0.08225609681829887,0.0,0.2744920177997797,0.8356713426853708,1.0,0.6078970820975551,instance,random_kDN_top10
0,0.20731707317073178,0.0,0.06493506493506496,0.45454545454545453,0.30908182526915906,0.0,0.3863294302709155,0.9779559118236473,1.0,-0.2608112533151878,instance,random_kDN_top10
0,0.06438746438746445,0.0,0.010869565217391353,0.7272727272727273,0.07812642597614594,0.0,0.43686897415154846,0.9899799599198397,1.0,1.128160785109977,instance,random_kDN_top10
0,0.019943019943019835,0.0,0.010869565217391353,0.9090909090909091,0.33159539976214136,0.0,0.43528509860754716,0.9779559118236473,1.0,-0.10459487149788803,instance,random_kDN_top10
0,0.41985428051001816,0.2,0.0,0.36363636363636365,0.7802213431439436,0.0,0.40127966813245575,0.9939879759519038,1.0,-0.1120984177983163,instance,random_kDN_top10
0,0.203956246892535,0.0,0.0,0.36363636363636365,0.15110303045623363,0.0,0.36696342728988285,0.9739478957915831,1.0,0.9220554401859055,instance,random_kDN_top10
0,0.294422119048548,0.0,0.10416666666666663,0.6363636363636364,0.22776746651361124,0.0,0.4055047655468823,0.9899799599198397,1.0,1.0239861965014487,instance,random_kDN_top10
0,0.7775554871584419,0.8,0.875,0.8181818181818182,0.29146260107237965,0.0,0.4642658607279564,0.9979959919839679,1.0,-0.2681423858503751,instance,random_kDN_top10
0,0.04635761589403975,0.0,0.02564102564102566,0.6363636363636364,0.10466243567510014,0.0,0.2708791682995184,0.9138276553106213,1.0,0.9819903221888656,instance,random_kDN_top10
0,0.294422119048548,0.2,0.010869565217391353,0.7272727272727273,0.1701816963388435,0.0,0.45423556165342227,0.9959919839679359,1.0,0.8590815983899154,instance,random_kDN_top10
0,0.40325694619323427,0.0,0.010869565217391353,0.7272727272727273,0.11533770942438454,0.0,0.4230888762027444,0.9839679358717435,1.0,0.8166243216293205,instance,random_kDN_top10
0,0.25493612078977934,0.0,0.06060606060606055,0.7272727272727273,0.11537420626898909,0.0,0.46441354201754437,0.9819639278557114,0.9,0.6660678845652045,instance,random_kDN_top10
0,0.04635761589403975,0.2,0.0,0.6363636363636364,0.051747350056386865,0.0,0.4766655283514497,0.9919839679358717,1.0,0.5303763169997951,instance,random_kDN_top10
0,0.2625643055005936,0.2,0.06493506493506496,0.45454545454545453,0.9199689005255582,0.0,0.4532180392104548,0.9959919839679359,1.0,0.06811612017786982,instance,random_kDN_top10
0,0.203956246892535,0.0,0.010869565217391353,0.7272727272727273,0.07551833264563379,0.0,0.3711373807903582,0.935871743486974,1.0,1.0021686217920414,instance,random_kDN_top10
0,0.17730999684642068,0.0,0.02564102564102566,0.6363636363636364,0.1572097177747428,0.0,0.33847245890543276,0.9559118236472945,1.0,1.0263270269027491,instance,random_kDN_top10
0,0.7705621312178689,0.2,0.02564102564102566,0.6363636363636364,0.5201516630613146,0.0,0.44102766993224063,0.9919839679358717,1.0,0.25447158932487174,instance,random_kDN_top10
0,0.294422119048548,0.0,0.06493506493506496,0.45454545454545453,0.17457282766167703,0.0,0.33842459252511536,0.9338677354709419,1.0,0.47294145379645725,instance,random_kDN_top10
0,0.04635761589403975,0.0,0.02564102564102566,0.6363636363636364,0.21575751580439562,0.0,0.4369107431951743,0.9879759519038076,1.0,0.5401224887461952,instance,random_kDN_top10
0,0.04635761589403975,0.0,0.02564102564102566,0.6363636363636364,0.12210538714709729,0.0,0.26855143923477787,0.9398797595190381,1.0,0.6699613249462206,instance,random_kDN_top10
0,0.16039270361333802,0.4,0.02564102564102566,0.6363636363636364,0.3197841839604951,0.0,0.4690253656917698,0.9979959919839679,1.0,0.8185366122810321,instance,random_kDN_top10
0,0.5378726287262874,0.4,0.19999999999999996,0.8181818181818182,0.11773864281275481,1.0,0.5064664971575683,1.0,1.0,0.5264145391524981,instance,random_kDN_top10
0,0.22446906740535555,0.0,0.23076923076923073,0.9090909090909091,0.08062108257150724,0.0,0.4685044984170754,0.9899799599198397,1.0,0.3166754542378116,instance,random_kDN_top10
0,0.04635761589403975,0.0,0.02564102564102566,0.6363636363636364,0.1573063395339414,0.0,0.291125860203869,0.9098196392785571,1.0,0.33006114268171316,instance,random_kDN_top10
0,0.019943019943019835,0.0,0.010869565217391353,0.7272727272727273,0.10846094726725852,0.0,0.3010060376463416,0.8977955911823647,1.0,1.0442185423710126,instance,random_kDN_top10
0,0.5508323754588045,0.4,0.06060606060606055,0.7272727272727273,0.504979413404154,0.0,0.48615048165299446,0.9959919839679359,1.0,0.1987254600423124,instance,random_kDN_top10
0,0.04635761589403975,0.0,0.010869565217391353,0.9090909090909091,0.04212827964052063,0.0,0.3557717941285018,0.8797595190380761,0.8,0.8623555849754896,instance,random_kDN_top10
0,0.04635761589403975,0.0,0.010869565217391353,0.7272727272727273,0.040592053297493436,0.0,0.43346020968731547,0.9739478957915831,0.9,0.5151184004071683,instance,random_kDN_top10
0,0.019943019943019835,0.2,0.0,0.36363636363636365,0.22100359823569138,0.5,0.5019927262498856,1.0,1.0,0.19956645956772717,instance,random_kDN_top10
0,0.8143680573043454,0.0,0.0,0.36363636363636365,0.2622194516082793,0.0,0.44429752043488147,0.9859719438877755,1.0,0.9953572036327601,instance,random_kDN_top10
0,0.22446906740535555,0.0,0.010869565217391353,0.7272727272727273,0.04869555525629021,0.0,0.3959836943744083,0.9679358717434869,0.9,0.6166049773103265,instance,random_kDN_top10
0,0.019943019943019835,0.0,0.10416666666666663,0.6363636363636364,0.13479830723588498,0.0,0.32656248881204264,0.9839679358717435,1.0,0.43200170486789347,instance,random_kDN_top10
0,0.10483714805778244,0.0,0.02564102564102566,0.6363636363636364,0.29737506222684795,0.0,0.37902175706939156,0.9839679358717435,1.0,0.34753656924585236,instance,random_kDN_top10
0,0.20731707317073178,0.0,0.06493506493506496,0.45454545454545453,0.12305682372684534,0.0,0.3814372427945464,0.9739478957915831,1.0,0.671882597148151,instance,random_kDN_top10
0,0.22446906740535555,0.0,0.06493506493506496,0.45454545454545453,0.12451456736778688,0.0,0.3952758336206442,0.9819639278557114,1.0,0.6065990072326026,instance,random_kDN_top10
0,0.20731707317073178,0.0,0.06493506493506496,0.7272727272727273,0.13793254759122586,0.0,0.4506918579774555,0.9899799599198397,1.0,0.1664620242469169,instance,random_kDN_top10
0,0.019943019943019835,0.0,0.010869565217391353,0.7272727272727273,0.06506796546300919,0.0,0.2329632325279205,0.9659318637274549,1.0,0.6119261535836328,instance,random_kDN_top10
0,0.42099228684594536,0.0,0.10416666666666663,0.6363636363636364,0.27315773951427413,0.0,0.42378746649246357,0.9839679358717435,1.0,0.503211316377511,instance,random_kDN_top10
0,0.25493612078977934,0.0,0.06493506493506496,0.45454545454545453,0.19447641046199848,0.0,0.3214671206210499,0.9659318637274549,1.0,0.9721316745746066,instance,random_kDN_top10
0,0.3355801785164666,0.0,0.010869565217391353,0.7272727272727273,0.14722234390400324,0.0,0.4299612021256639,0.9879759519038076,1.0,1.1490963343918916,instance,random_kDN_top10
0,0.25138407092049475,0.0,0.02564102564102566,0.6363636363636364,0.32679844443088457,0.0,0.41930270866296326,0.9899799599198397,1.0,0.7754168088800192,instance,random_kDN_top10
0,0.10483714805778244,0.0,0.02564102564102566,0.6363636363636364,0.7450737532436867,0.0,0.3852500590631942,0.9839679358717435,1.0,-0.10826082355833952,instance,random_kDN_top10
0,0.6753240359797736,0.0,0.0,0.5454545454545454,0.26886186984274857,0.0,0.3920462744540866,0.9899799599198397,1.0,0.20466221114987249,instance,random_kDN_top10
0,0.203956246892535,0.0,0.010869565217391353,0.7272727272727273,0.15501124177705838,0.0,0.3637739783323105,0.9579158316633266,1.0,0.726001181915094,instance,random_kDN_top10
0,0.2625643055005936,0.0,0.06493506493506496,0.45454545454545453,0.810904106710189,0.0,0.4015959707237684,0.9779559118236473,1.0,0.23135383610732208,instance,random_kDN_top10
0,0.42099228684594536,0.4,0.06493506493506496,0.45454545454545453,0.15516594629821512,1.0,0.5510398957998954,1.0,1.0,0.4106046527559346,instance,random_kDN_top10
0,0.42099228684594536,0.0,0.06060606060606055,0.7272727272727273,0.1900303574372022,0.0,0.3734347062831943,0.9719438877755511,1.0,0.4629141572829704,instance,random_kDN_top10
0,0.203956246892535,0.0,0.1428571428571429,0.8181818181818182,0.20114683478438422,0.0,0.3341605208304347,0.9679358717434869,1.0,0.2067375824124953,instance,random_kDN_top10
0,0.25138407092049475,0.2,0.02564102564102566,0.6363636363636364,0.5176596497790374,0.5,0.4110617704798787,0.9979959919839679,1.0,0.5885945831450196,instance,random_kDN_top10
0,0.04635761589403975,0.0,0.010869565217391353,0.7272727272727273,0.0499049374307724,0.0,0.16596049772787758,0.8236472945891784,1.0,0.8146050237819525,instance,random_kDN_top10
0,0.019943019943019835,0.0,0.010869565217391353,0.7272727272727273,0.06591420494820477,0.0,0.33225077358959887,0.9258517034068137,1.0,0.8975929976745872,instance,random_kDN_top10
0,0.019943019943019835,0.0,0.010869565217391353,0.7272727272727273,0.07260688658637166,0.0,0.32892364058946444,0.8997995991983968,1.0,0.6213876015107234,instance,random_kDN_top10
0,0.42099228684594536,0.0,0.06493506493506496,0.45454545454545453,0.08695713180682618,0.0,0.3793002869533284,0.9659318637274549,1.0,1.287394498142434,instance,random_kDN_top10
0,0.04635761589403975,0.0,0.010869565217391353,0.7272727272727273,0.0653484893965458,0.0,0.30911983594585013,0.8917835671342685,1.0,0.6054206318222792,instance,random_kDN_top10
0,0.019943019943019835,0.0,0.010869565217391353,0.7272727272727273,0.14267500991389903,0.0,0.39421918717655025,0.9859719438877755,1.0,0.7610398640721202,instance,random_kDN_top10
0,0.019943019943019835,0.2,0.010869565217391353,0.7272727272727273,0.05745840121086021,0.0,0.47067926544315064,0.9939879759519038,1.0,0.6485842473109044,instance,random_kDN_top10
0,0.294422119048548,0.4,0.96,0.5454545454545454,0.4756148017834372,0.3333333333333333,0.4549891485235913,0.9979959919839679,1.0,0.30598064971313327,instance,random_kDN_top10
0,0.294422119048548,0.0,0.23076923076923073,0.9090909090909091,0.21166023989623606,0.0,0.41416345379197983,0.9779559118236473,1.0,0.8034755163718985,instance,random_kDN_top10
0,0.019943019943019835,0.0,0.010869565217391353,0.7272727272727273,0.062131954324282035,0.0,0.2435707274182607,0.9078156312625251,1.0,0.8503813625032333,instance,random_kDN_top10
0,0.419422119048548,0.6,0.010869565217391353,0.9090909090909091,0.13420936231316904,1.0,0.5271010039343895,1.0,1.0,-0.3152563662335791,instance,random_kDN_top10
0,0.04635761589403975,0.0,0.010869565217391353,0.7272727272727273,0.12714842194742348,0.0,0.3887412673660354,0.9579158316633266,1.0,0.2717594640021353,instance,random_kDN_top10
0,0.019943019943019835,0.0,0.010869565217391353,0.7272727272727273,0.07069035336345342,0.0,0.31844329236933155,0.9258517034068137,1.0,1.0247545263601987,instance,random_kDN_top10
0,0.019943019943019835,0.0,0.10416666666666663,0.6363636363636364,0.08320495401324968,0.0,0.3439531677131198,0.9579158316633266,1.0,0.2707923002505407,instance,random_kDN_top10
0,0.25493612078977934,0.0,0.06493506493506496,0.8181818181818182,0.06754122416850777,0.0,0.37263534679685206,0.9859719438877755,1.0,0.4483766547316621,instance,random_kDN_top10
0,0.019943019943019835,0.0,0.010869565217391353,0.7272727272727273,0.12813082596941372,0.0,0.35134668068962316,0.9418837675350702,0.9,0.008794634368403236,instance,random_kDN_top10
0,0.04635761589403975,0.0,0.02564102564102566,0.6363636363636364,0.2514732017506499,0.0,0.3534416887564876,0.9639278557114228,1.0,0.21534060198509836,instance,random_kDN_top10
0,0.019943019943019835,0.0,0.010869565217391353,0.7272727272727273,0.058587857467434,0.0,0.2975177469477086,0.8256513026052104,1.0,0.8111103382025404,instance,random_kDN_top10
0,0.42099228684594536,0.0,0.10416666666666663,0.6363636363636364,0.09265754499966139,0.0,0.40299188878469705,0.9619238476953907,1.0,0.9972067764317296,instance,random_kDN_top10
0,0.25138407092049475,0.0,0.02564102564102566,0.6363636363636364,0.3273944396648546,0.0,0.41088590473067055,0.9799599198396793,1.0,0.5669222045622876,instance,random_kDN_top10
0,0.019943019943019835,0.2,0.10416666666666663,0.6363636363636364,0.060612052038542086,0.0,0.4809759454627578,0.9979959919839679,0.9,-0.007079605746545148,instance,random_kDN_top10
0,0.1754985754985755,0.6,0.10416666666666663,0.9090909090909091,0.09258253868282473,1.0,0.5266616765269517,1.0,1.0,0.11241818750308749,instance,random_kDN_top10
0,0.24562291355920163,0.2,0.0,0.36363636363636365,0.47124025575750406,0.0,0.41788304040336677,0.9959919839679359,1.0,0.6502729517493444,instance,random_kDN_top10
0,0.06438746438746445,0.2,0.23076923076923073,1.0,0.07325576588885985,0.0,0.4939529164945342,0.9979959919839679,1.0,1.6212582354723573,instance,random_kDN_top10
0,0.22446906740535555,0.0,0.06060606060606055,0.8181818181818182,0.6388660507300372,0.0,0.4079994004120656,0.9659318637274549,0.9,1.0832110697459796,instance,random_kDN_top10
0,0.04635761589403975,0.0,0.010869565217391353,0.7272727272727273,0.10123280174307758,0.0,0.30607202637159314,0.9038076152304609,1.0,0.49495032529244176,instance,random_kDN_top10
0,0.42099228684594536,0.0,0.010869565217391353,0.7272727272727273,0.0717240280578294,0.0,0.35967393787606927,0.9478957915831663,1.0,0.6171489570831205,instance,random_kDN_top10
0,0.20700874994503804,0.0,0.06493506493506496,0.45454545454545453,0.8011634756720456,0.0,0.33796760869163345,0.9639278557114228,1.0,0.9851619324622337,instance,random_kDN_top10
0,0.019943019943019835,0.0,0.010869565217391353,0.7272727272727273,0.07680575213158292,0.0,0.33525316895487767,0.9779559118236473,1.0,0.39236100521868605,instance,random_kDN_top10
0,0.24099565152196734,0.2,0.010869565217391353,0.7272727272727273,0.0628859981623956,0.0,0.36387150918845956,0.9919839679358717,1.0,0.39464841261569256,instance,random_kDN_top10
0,0.24099565152196734,0.4,0.23076923076923073,0.9090909090909091,0.07567032430028714,0.3333333333333333,0.41300815298157645,0.9979959919839679,1.0,0.39078014924767196,instance,random_kDN_top10
0,0.04635761589403975,0.0,0.010869565217391353,0.7272727272727273,0.06166483339544249,0.0,0.2927668380529238,0.8557114228456913,1.0,0.14837933053127594,instance,random_kDN_top10
0,0.37134519597162496,0.0,0.010869565217391353,0.7272727272727273,0.09242888142248351,0.0,0.45711236977937797,0.9799599198396793,1.0,1.005529982710671,instance,random_kDN_top10
0,0.40325694619323427,0.0,0.6,0.6363636363636364,0.29284116926227155,0.0,0.4594022323868262,0.9899799599198397,1.0,1.3148968430013843,instance,random_kDN_top10
0,0.04635761589403975,0.0,0.010869565217391353,0.9090909090909091,0.274302072455169,0.0,0.37472761692006196,0.9719438877755511,1.0,0.3887450153485474,instance,random_kDN_top10
0,0.019943019943019835,0.0,0.010869565217391353,0.7272727272727273,0.15322501480095152,0.0,0.4097145004794549,0.9739478957915831,1.0,0.5548856466178496,instance,random_kDN_top10
0,0.04635761589403975,0.0,0.02564102564102566,0.6363636363636364,0.5925994024455804,0.0,0.2400200380253512,0.9458917835671343,1.0,0.790706375015197,instance,random_kDN_top10
0,0.294422119048548,0.2,0.06493506493506496,0.45454545454545453,0.38944561028705926,0.0,0.4565793055376606,0.9959919839679359,1.0,0.5559353353861803,instance,random_kDN_top10
0,0.019943019943019835,0.0,0.010869565217391353,0.7272727272727273,0.06760720446612567,0.0,0.3328692667848284,0.9318637274549099,1.0,0.5700220456619179,instance,random_kDN_top10
0,0.45015731081304844,0.0,0.06060606060606055,0.7272727272727273,0.6573800856487401,0.0,0.4419675302029362,0.9799599198396793,1.0,-0.3529129149830111,instance,random_kDN_top10
0,0.17730999684642068,0.0,0.0,0.6363636363636364,0.13155048029688488,0.0,0.28498120999147447,0.9779559118236473,1.0,0.5092063707187453,instance,random_kDN_top10
0,0.04635761589403975,0.0,0.010869565217391353,0.7272727272727273,0.07011426804001708,0.0,0.23618593965254242,0.8957915831663327,1.0,1.179961300773223,instance,random_kDN_top10
0,0.019943019943019835,0.6,0.0,0.6363636363636364,0.13833386839338946,0.5,0.5393021692884655,1.0,1.0,0.3133471095771337,instance,random_kDN_top10
0,0.40325694619323427,0.0,0.0,0.7272727272727273,0.4139894149030682,0.0,0.4113723065649443,0.9799599198396793,1.0,0.8460251269593376,instance,random_kDN_top10
0,0.40325694619323427,0.6,0.010869565217391353,0.9090909090909091,0.5748144587383391,0.0,0.4453702353015171,0.9959919839679359,1.0,0.14177536718913514,instance,random_kDN_top10
0,0.25318761384335164,0.0,0.010869565217391353,0.9090909090909091,0.07049799717392746,0.0,0.4448634441463555,0.9859719438877755,0.9,0.16194963066337312,instance,random_kDN_top10
0,0.04635761589403975,0.0,0.010869565217391353,0.7272727272727273,0.06206261375085598,0.0,0.22131353861194214,0.8717434869739479,1.0,1.1267491963755627,instance,random_kDN_top10
0,0.37134519597162496,0.6,0.010869565217391353,0.9090909090909091,0.21842244007426304,0.5,0.38977590602439194,0.9979959919839679,1.0,0.12203964003736296,instance,random_kDN_top10
0,0.10483714805778244,0.2,0.0,0.5454545454545454,0.7305873309797266,0.0,0.4090018993348017,0.9919839679358717,1.0,0.025333410353726226,instance,random_kDN_top10
0,0.22446906740535555,0.2,0.06060606060606055,0.7272727272727273,0.10428635546947007,0.0,0.441478054864343,0.9939879759519038,1.0,0.34641257464381625,instance,random_kDN_top10
0,0.42099228684594536,0.2,0.06493506493506496,0.45454545454545453,0.0929075095512174,0.0,0.458391388194615,0.9919839679358717,1.0,0.6817304563419179,instance,random_kDN_top10
0,0.019943019943019835,0.0,0.010869565217391353,0.9090909090909091,0.12393668371705158,0.0,0.4358868822751595,0.9879759519038076,1.0,-0.10745420445888067,instance,random_kDN_top10
0,0.10483714805778244,0.0,0.0,0.6363636363636364,0.2436442210324014,0.0,0.40168528184826113,0.9759519038076152,1.0,0.959945200400756,instance,random_kDN_top10
0,0.5865209471766848,0.0,0.0,0.5454545454545454,0.42423339378861036,0.0,0.42832768476466454,0.9879759519038076,1.0,0.5444634413154431,instance,random_kDN_top10
0,0.04635761589403975,0.0,0.010869565217391353,0.7272727272727273,0.10842129792162442,0.0,0.42739965444845995,0.9899799599198397,1.0,0.4868782757308945,instance,random_kDN_top10
0,0.20731707317073178,0.0,0.06060606060606055,0.7272727272727273,0.24425069210472827,0.0,0.4436813003494766,0.9879759519038076,1.0,0.05238326416450159,instance,random_kDN_top10
0,0.019943019943019835,0.0,0.010869565217391353,0.9090909090909091,0.7801332567579572,0.0,0.3577794007921138,0.9579158316633266,1.0,0.3393067799225267,instance,random_kDN_top10
0,0.294422119048548,0.0,0.23076923076923073,0.9090909090909091,0.12864386574695635,0.0,0.353959653739796,0.969939879759519,1.0,0.6026025778581074,instance,random_kDN_top10
0,0.16039270361333802,0.0,0.06493506493506496,0.45454545454545453,0.209653318222907,0.0,0.4367090456446058,0.9839679358717435,1.0,0.7696729746327706,instance,random_kDN_top10
0,0.419422119048548,0.6,0.010869565217391353,0.9090909090909091,0.24833077925056618,0.6666666666666666,0.5032111280565742,1.0,1.0,-0.034301793571774646,instance,random_kDN_top10
0,0.24562291355920163,0.0,0.010869565217391353,0.7272727272727273,0.10587108826417102,0.16666666666666666,0.37810979985563553,0.9879759519038076,1.0,0.8876272652739643,instance,random_kDN_top10
0,0.294422119048548,0.8,0.010869565217391353,0.7272727272727273,0.3150596039823029,0.0,0.4868056404622163,0.9979959919839679,1.0,-0.0934131873910955,instance,random_kDN_top10
0,0.4273099968464207,1.0,0.8703703703703703,0.9090909090909091,0.7891394779313655,1.0,0.5610379724772545,1.0,1.0,-0.17270975796352683,instance,random_kDN_top10
0,0.04635761589403975,0.0,0.010869565217391353,0.9090909090909091,0.35706346167442105,0.0,0.36048306323094015,0.8717434869739479,0.9,0.9938009280408284,instance,random_kDN_top10
0,0.20700874994503804,0.0,0.06493506493506496,0.45454545454545453,0.8693212580261844,0.0,0.4430096662100875,0.9859719438877755,1.0,0.7109938598649701,instance,random_kDN_top10
0,0.06438746438746445,0.0,0.06060606060606055,0.8181818181818182,0.08118582224585713,0.0,0.4112066396060464,0.9779559118236473,1.0,0.6790047287801672,instance,random_kDN_top10
0,0.019943019943019835,0.2,0.010869565217391353,0.9090909090909091,0.10208941565190865,0.5,0.4606900900880525,0.9939879759519038,1.0,0.37439959263703854,instance,random_kDN_top10
0,0.04635761589403975,0.0,0.02564102564102566,0.6363636363636364,0.14584437867312816,0.0,0.3360276490587989,0.9879759519038076,1.0,0.6842262224332483,instance,random_kDN_top10
0,0.22446906740535555,0.0,0.0,0.36363636363636365,0.13905245447923092,0.0,0.44168561644503457,0.9779559118236473,0.8,0.1488239842718971,instance,random_kDN_top10
0,0.04635761589403975,0.0,0.02564102564102566,0.6363636363636364,0.5666841773722981,0.0,0.2661667588061376,0.9759519038076152,1.0,0.3019324980870356,instance,random_kDN_top10
0,0.04635761589403975,0.0,0.02564102564102566,0.6363636363636364,0.1335295334310782,0.0,0.3803935409366801,0.9859719438877755,1.0,0.7879379451515989,instance,random_kDN_top10
0,0.17730999684642068,0.0,0.6,0.8181818181818182,0.6556744914891499,0.0,0.3354953748297482,0.9859719438877755,1.0,0.24973807757264244,instance,random_kDN_top10
0,0.16039270361333802,0.2,0.06493506493506496,0.7272727272727273,0.383936623650028,0.0,0.2852810548444419,0.9939879759519038,1.0,0.16752120321662486,instance,random_kDN_top10
0,0.019943019943019835,0.0,0.010869565217391353,0.7272727272727273,0.07660099081214178,0.0,0.3895453863743463,0.9619238476953907,1.0,0.7134189382274106,instance,random_kDN_top10
0,0.37134519597162496,0.2,0.0,0.5454545454545454,0.2062385194574593,0.0,0.49180684918068596,0.9959919839679359,1.0,0.46208794261181957,instance,random_kDN_top10
0,0.25493612078977934,0.0,0.8888888888888888,0.6363636363636364,0.09748699788810988,0.0,0.2939791744305529,0.9078156312625251,1.0,0.6319435349520177,instance,random_kDN_top10
0,0.20700874994503804,0.0,0.06493506493506496,0.45454545454545453,0.32247616220592856,0.0,0.4422222760671167,0.9799599198396793,1.0,-0.006084871647605521,instance,random_kDN_top10
0,0.019943019943019835,0.0,0.625,0.6363636363636364,0.04516523892634433,0.0,0.4187651494966834,0.9879759519038076,1.0,0.4087911059623477,instance,random_kDN_top10
0,0.04635761589403975,0.0,0.010869565217391353,0.7272727272727273,0.058726419649136385,0.0,0.2717168311283238,0.8577154308617234,1.0,0.14008875981264846,instance,random_kDN_top10
0,0.22446906740535555,0.0,0.06060606060606055,0.7272727272727273,0.1099697299824336,0.0,0.3660803511449765,0.9178356713426854,0.9,-0.5116706956951207,instance,random_kDN_top10
0,0.04635761589403975,0.0,0.02564102564102566,0.6363636363636364,0.0502439706149681,0.0,0.34830240714304017,0.9438877755511021,0.9,0.31607470663536585,instance,random_kDN_top10
0,0.42099228684594536,0.0,0.19999999999999996,0.8181818181818182,0.16167321632290033,0.25,0.381875270744522,0.9819639278557114,1.0,0.4292075612460867,instance,random_kDN_top10
0,0.294422119048548,0.0,0.06060606060606055,0.7272727272727273,0.2474874992124016,0.0,0.393047447866681,0.9759519038076152,1.0,0.8601066025051007,instance,random_kDN_top10
0,0.25138407092049475,0.4,0.0,0.5454545454545454,0.536775921779196,0.25,0.40478551838620214,0.9979959919839679,1.0,0.3138760622599652,instance,random_kDN_top10
0,0.019943019943019835,0.0,0.010869565217391353,0.7272727272727273,0.14254827002955234,0.0,0.2942249043116877,0.9318637274549099,1.0,0.011905369132744023,instance,random_kDN_top10
0,0.45015731081304844,0.0,0.23076923076923073,0.9090909090909091,0.4187088183557873,0.0,0.4091050526200284,0.9799599198396793,1.0,0.5589168371707844,instance,random_kDN_top10
0,0.20731707317073178,0.0,0.06493506493506496,0.7272727272727273,0.2790979732086379,0.0,0.4545072332831519,0.9899799599198397,1.0,-0.1402044949554575,instance,random_kDN_top10
0,0.25493612078977934,0.4,0.9767441860465116,0.5454545454545454,0.10310959707373646,0.0,0.3410421650773863,0.9959919839679359,1.0,0.41218358164823216,instance,random_kDN_top10
0,0.25493612078977934,0.2,0.0,0.36363636363636365,0.16741516892609132,0.0,0.4810952700934781,0.9939879759519038,0.9,0.29440117424055884,instance,random_kDN_top10
0,0.20700874994503804,0.0,0.06493506493506496,0.45454545454545453,0.9466957774579156,0.0,0.37601322375013746,0.9899799599198397,1.0,0.32077283734202466,instance,random_kDN_top10
0,0.10483714805778244,0.0,0.0,0.5454545454545454,0.658546995620378,0.0,0.371379903763676,0.9899799599198397,1.0,0.3478212495720602,instance,random_kDN_top10
0,0.10483714805778244,0.0,0.010869565217391353,0.7272727272727273,0.08787189997017614,0.0,0.39466104559236215,0.9519038076152304,1.0,1.2553148872635003,instance,random_kDN_top10
0,0.40325694619323427,0.0,0.0,0.36363636363636365,0.7196387736964613,0.0,0.42899493802188504,0.9839679358717435,1.0,1.1255279537988823,instance,random_kDN_top10
0,0.45015731081304844,0.0,0.0,0.5454545454545454,0.538028686462966,0.0,0.43509533210236573,0.9859719438877755,1.0,0.31591059974256946,instance,random_kDN_top10
0,0.24562291355920163,0.0,0.010869565217391353,0.7272727272727273,0.12947593987508166,0.0,0.38567149985263116,0.9478957915831663,1.0,0.8930064099569883,instance,random_kDN_top10
0,0.294422119048548,0.0,0.010869565217391353,0.7272727272727273,0.08494032846637395,0.0,0.3449306725345055,0.9719438877755511,1.0,1.301242146642984,instance,random_kDN_top10
0,0.019943019943019835,0.0,0.10416666666666663,0.8181818181818182,0.11684105821732232,0.0,0.32344197456227297,0.9819639278557114,1.0,0.5237451336094966,instance,random_kDN_top10
0,0.45015731081304844,0.0,0.06493506493506496,0.45454545454545453,0.4323548927241529,0.0,0.3506637399178917,0.9879759519038076,1.0,0.3292783902588409,instance,random_kDN_top10
0,0.22446906740535555,0.0,0.23076923076923073,0.9090909090909091,0.06399226404958563,0.0,0.376917629824851,0.9539078156312625,1.0,0.7277513997924537,instance,random_kDN_top10
0,0.04635761589403975,0.0,0.010869565217391353,0.7272727272727273,0.04461370878230275,0.0,0.30147365923859315,0.875751503006012,1.0,0.8567525520482975,instance,random_kDN_top10
0,0.7119540726098104,0.6,0.02564102564102566,0.6363636363636364,0.6360129665770272,0.6,0.573551795139337,1.0,1.0,0.1619481946300639,instance,random_kDN_top10
0,0.37134519597162496,0.2,0.0,0.5454545454545454,0.303033825419259,0.0,0.4896621954639625,0.9979959919839679,1.0,0.20587363869264488,instance,random_kDN_top10
0,0.20731707317073178,0.0,0.06493506493506496,0.7272727272727273,0.15913537541414663,0.0,0.3873659908393211,0.9899799599198397,1.0,-0.45574442330223436,instance,random_kDN_top10
0,0.04635761589403975,0.0,0.010869565217391353,0.7272727272727273,0.06619661256923098,0.0,0.34202184438534866,0.8657314629258517,1.0,0.6958281534302131,instance,random_kDN_top10
0,0.04635761589403975,0.0,0.010869565217391353,0.7272727272727273,0.09528075328449831,0.0,0.354467745748262,0.935871743486974,1.0,1.0286541738334276,instance,random_kDN_top10
0,0.808820832569228,0.4,0.06493506493506496,0.45454545454545453,0.397352757492793,0.3333333333333333,0.4754937963990954,0.9979959919839679,1.0,0.09327377476910448,instance,random_kDN_top10
0,0.5378726287262874,0.0,0.10416666666666663,0.6363636363636364,0.06550559197565109,0.5,0.42298187314236235,0.9819639278557114,1.0,0.7540204230191907,instance,random_kDN_top10
0,0.019943019943019835,0.0,0.010869565217391353,0.7272727272727273,0.07619052810418303,0.0,0.2600700934285891,0.9839679358717435,1.0,0.8159842415957723,instance,random_kDN_top10
0,0.5508323754588045,0.6,0.9183673469387755,0.45454545454545453,0.7671481870788349,1.0,0.5039535807959477,1.0,1.0,-0.8068395147008702,instance,random_kDN_top10
0,0.019943019943019835,0.0,0.010869565217391353,0.7272727272727273,0.058371491585951174,0.0,0.37480128694881754,0.9559118236472945,1.0,0.8373490741921022,instance,random_kDN_top10
0,0.42099228684594536,0.2,0.10416666666666663,0.6363636363636364,0.21151738686174232,0.3333333333333333,0.4803493861720044,0.9959919839679359,1.0,0.05658764207478543,instance,random_kDN_top10
0,0.40325694619323427,0.0,0.0,0.7272727272727273,0.6417175065610482,0.0,0.40855166462092907,0.9398797595190381,1.0,0.5468363475145959,instance,random_kDN_top10
0,0.24372603694667128,0.0,0.19999999999999996,0.8181818181818182,0.23709926851526086,0.0,0.34851025024619475,0.9899799599198397,1.0,0.15198134893400053,instance,random_kDN_top10
0,0.294422119048548,0.0,0.010869565217391353,0.7272727272727273,0.11862153013951271,0.0,0.41652557959339553,0.9719438877755511,1.0,1.0444833807064515,instance,random_kDN_top10
0,0.04635761589403975,0.0,0.010869565217391353,0.7272727272727273,0.0573599643925462,0.0,0.36068173426713623,0.9418837675350702,1.0,1.1591609582046174,instance,random_kDN_top10
0,0.019943019943019835,0.0,0.010869565217391353,0.9090909090909091,0.19816876538534112,0.0,0.40157317835672834,0.9539078156312625,1.0,1.1961171918064855,instance,random_kDN_top10
0,0.2625643055005936,0.0,0.06493506493506496,0.45454545454545453,0.9006823211852653,0.0,0.4400877293612828,0.9899799599198397,1.0,-0.10316386829217172,instance,random_kDN_top10
0,0.04635761589403975,0.0,0.010869565217391353,0.7272727272727273,0.4245602529361824,0.0,0.39024068821474267,0.9398797595190381,0.8,0.8514151655349913,instance,random_kDN_top10
0,0.10483714805778244,0.0,0.10416666666666663,0.6363636363636364,0.09112861830169783,0.0,0.3121375727502532,0.9839679358717435,1.0,0.37823914188593477,instance,random_kDN_top10
0,0.25318761384335164,0.0,0.0,0.36363636363636365,0.04694134865945804,0.0,0.44354838544048936,0.9879759519038076,1.0,-0.5205006914981316,instance,random_kDN_top10
0,0.06438746438746445,0.2,0.06060606060606055,0.7272727272727273,0.05521671785287191,0.0,0.4390401192650998,0.9939879759519038,0.9,-0.5007524109702994,instance,random_kDN_top10
0,0.20700874994503804,0.0,0.06493506493506496,0.45454545454545453,0.8644388361517203,0.0,0.4163738407082641,0.969939879759519,0.9,0.46347331235909195,instance,random_kDN_top10
0,0.04635761589403975,0.0,0.010869565217391353,0.7272727272727273,0.038942606705299865,0.0,0.3341849894336044,0.905811623246493,0.9,0.9248808975280869,instance,random_kDN_top10
0,0.40325694619323427,0.0,0.010869565217391353,0.7272727272727273,0.31223097605681394,0.0,0.4044585040982509,0.9679358717434869,1.0,0.7059769790221926,instance,random_kDN_top10
0,0.20700874994503804,0.2,0.0,0.5454545454545454,0.9256671464310431,0.0,0.42162243765476803,0.9939879759519038,0.9,0.2968905969554398,instance,random_kDN_top10
0,0.10483714805778244,0.0,0.06060606060606055,0.7272727272727273,0.14517718934114193,0.0,0.410079519080363,0.9739478957915831,1.0,0.7107807131053675,instance,random_kDN_top10
0,0.7119540726098104,0.0,0.0,0.5454545454545454,0.7336129137374472,0.0,0.42080632901077686,0.9859719438877755,1.0,0.5426850355511958,instance,random_kDN_top10
0,0.10483714805778244,0.0,0.0,0.6363636363636364,0.1387479178359068,0.0,0.37747122218025986,0.9599198396793587,1.0,0.8361438878230077,instance,random_kDN_top10
0,0.41985428051001816,0.0,0.0,0.36363636363636365,0.6762901796562173,0.0,0.4087283495876102,0.9859719438877755,1.0,-0.17167211465918783,instance,random_kDN_top10
0,0.10483714805778244,0.2,0.0,0.5454545454545454,0.15814908231406266,0.0,0.44804625905478257,0.9919839679358717,1.0,0.8050794352889848,instance,random_kDN_top10
0,0.019943019943019835,0.2,0.010869565217391353,0.9090909090909091,0.16568576349942976,0.0,0.42710692587791066,0.9939879759519038,1.0,0.34977394971301196,instance,random_kDN_top10
0,0.25138407092049475,0.0,0.02564102564102566,0.6363636363636364,0.2891593961270919,0.0,0.39800850720261494,0.9859719438877755,1.0,0.042251081008539124,instance,random_kDN_top10
0,0.40325694619323427,0.2,0.010869565217391353,0.9090909090909091,0.4722197638727771,0.25,0.48318939033054986,0.9959919839679359,1.0,0.338553554869839,instance,random_kDN_top10
0,0.2911357340720221,0.2,0.0,0.5454545454545454,0.3204013473136129,0.0,0.4305637056671321,0.9919839679358717,1.0,0.5345942172872051,instance,random_kDN_top10
0,0.20700874994503804,0.0,0.06493506493506496,0.45454545454545453,0.5515258803746731,0.0,0.42632432633154804,0.9759519038076152,1.0,1.1955660936929298,instance,random_kDN_top10
0,0.6103304709862087,0.6,0.8703703703703703,0.9090909090909091,0.541932730120497,0.6666666666666666,0.5464971581906346,1.0,1.0,-0.1494391979714145,instance,random_kDN_top10
0,0.04635761589403975,0.0,0.010869565217391353,0.7272727272727273,0.04377603429726468,0.0,0.14704334860502666,0.7995991983967936,1.0,0.9453012827700976,instance,random_kDN_top10
0,0.40325694619323427,0.0,0.875,0.5454545454545454,0.6520922217048647,0.0,0.3830940084147402,0.9839679358717435,1.0,1.6390260625978494,instance,random_kDN_top10
0,0.019943019943019835,0.0,0.010869565217391353,0.7272727272727273,0.0634203507659511,0.0,0.34995637692605797,0.8937875751503006,1.0,0.3001958723712578,instance,random_kDN_top10
0,0.40325694619323427,0.0,0.0,0.6363636363636364,0.4111394845797607,0.0,0.4405968335938366,0.9899799599198397,1.0,0.7200822339132076,instance,random_kDN_top10
0,0.37134519597162496,0.6,0.010869565217391353,0.9090909090909091,0.19536416398317052,0.25,0.46750317659714147,0.9959919839679359,1.0,0.3422661464406896,instance,random_kDN_top10
0,0.1754985754985755,0.2,0.10416666666666663,0.6363636363636364,0.314170040467037,0.0,0.44017497890057244,0.9979959919839679,1.0,0.6227995502001555,instance,random_kDN_top10
0,0.45015731081304844,0.0,0.0,0.5454545454545454,0.5740708952235213,0.0,0.3575915326934439,0.9899799599198397,1.0,-0.26095966955892314,instance,random_kDN_top10
0,0.42160278745644597,0.2,0.19999999999999996,0.8181818181818182,0.1143438674734788,0.5,0.45217863129947233,0.9919839679358717,1.0,0.010922345486628963,instance,random_kDN_top10
0,0.019943019943019835,0.0,0.10416666666666663,0.6363636363636364,0.1591919214580716,0.0,0.33459843957477253,0.9679358717434869,1.0,0.34047665790734455,instance,random_kDN_top10
0,0.25138407092049475,0.0,0.02564102564102566,0.6363636363636364,0.22323377993795057,0.0,0.37086042067145963,0.9879759519038076,1.0,0.6473376363918778,instance,random_kDN_top10
0,0.019943019943019835,0.0,0.10416666666666663,0.6363636363636364,0.20578004255937038,0.0,0.4102817253638926,0.9839679358717435,1.0,0.3972998169891405,instance,random_kDN_top10
0,0.019943019943019835,0.0,0.10416666666666663,0.6363636363636364,0.19087435474455472,0.0,0.4657099847415087,0.9879759519038076,0.9,0.4786531128857183,instance,random_kDN_top10
0,0.42160278745644597,0.2,0.06493506493506496,0.8181818181818182,0.06295706664789569,0.25,0.4578254646392873,0.9919839679358717,1.0,0.4296738995785968,instance,random_kDN_top10
0,0.16039270361333802,0.0,0.0,0.6363636363636364,0.10243652947604526,0.0,0.3875653682004835,0.9739478957915831,1.0,0.9911483867839705,instance,random_kDN_top10
0,0.203956246892535,0.0,0.0,0.36363636363636365,0.47941923212733334,0.0,0.39882595017641853,0.9799599198396793,1.0,1.2195449657814976,instance,random_kDN_top10
0,0.20731707317073178,0.4,0.0,0.6363636363636364,0.08573590825459931,0.0,0.4614528568290307,0.9939879759519038,1.0,0.6686748260313413,instance,random_kDN_top10
0,0.41985428051001816,0.4,0.625,0.6363636363636364,0.0631475161891989,1.0,0.5110274735030982,1.0,1.0,0.2688599994668166,instance,random_kDN_top10
0,0.5865209471766848,0.0,0.23076923076923073,0.9090909090909091,0.17035370157016388,0.0,0.4187902767927937,0.9839679358717435,1.0,-0.16164917844541193,instance,random_kDN_top10
0,0.294422119048548,0.0,0.10416666666666663,0.6363636363636364,0.12371421387311887,0.0,0.35600489545850744,0.9679358717434869,1.0,1.1745123156776343,instance,random_kDN_top10
0,0.40325694619323427,0.8,0.010869565217391353,0.9090909090909091,0.2770453554951313,0.5,0.5518924661202518,1.0,1.0,0.18506730211363376,instance,random_kDN_top10
0,0.019943019943019835,0.0,0.010869565217391353,0.7272727272727273,0.06294212442375724,0.0,0.34209602638877745,0.8517034068136272,1.0,-0.038039483863516514,instance,random_kDN_top10
0,0.42099228684594536,0.0,0.10416666666666663,0.6363636363636364,0.10133063188796365,0.0,0.4116939440321514,0.9559118236472945,1.0,0.6694169973255327,instance,random_kDN_top10
0,0.04635761589403975,0.0,0.010869565217391353,0.7272727272727273,0.06591309457145156,0.0,0.31941135367342466,0.8376753507014028,1.0,1.7487216486027115,instance,random_kDN_top10
0,0.20700874994503804,0.4,0.06493506493506496,0.45454545454545453,0.867676377710806,0.0,0.4017088555886873,0.9959919839679359,1.0,0.10510403305705174,instance,random_kDN_top10
0,0.4439766635130874,0.6,0.0,0.5454545454545454,0.5161630801306134,1.0,0.5556271536982519,1.0,1.0,-0.08494730013519779,instance,random_kDN_top10
0,0.019943019943019835,0.0,0.010869565217391353,0.7272727272727273,0.06719227431626085,0.0,0.3294302266999034,0.9579158316633266,1.0,0.19296569893307253,instance,random_kDN_top10
0,0.04635761589403975,0.0,0.10416666666666663,0.6363636363636364,0.03742140571905861,0.0,0.3692976114803177,0.9819639278557114,0.9,1.4125078509234987,instance,random_kDN_top10
0,0.20731707317073178,0.2,0.06493506493506496,0.7272727272727273,0.5465494673304084,0.0,0.3960630017387713,0.9919839679358717,1.0,-0.17522507953614475,instance,random_kDN_top10
0,0.10483714805778244,0.0,0.06493506493506496,0.45454545454545453,0.4110103082909866,0.0,0.38433999655061124,0.969939879759519,1.0,0.6585568465204397,instance,random_kDN_top10
0,0.8392987249544627,1.0,0.8703703703703703,0.7272727272727273,0.23169892727221475,1.0,0.57575466083995,1.0,1.0,-0.5873306075687826,instance,random_kDN_top10
0,0.16039270361333802,0.2,0.06493506493506496,0.7272727272727273,0.364446573475805,0.0,0.28744416613157553,0.9939879759519038,1.0,-0.0012593900660521449,instance,random_kDN_top10
0,0.294422119048548,0.0,0.10416666666666663,0.6363636363636364,0.24266547364995722,0.0,0.4155423350902443,0.9679358717434869,1.0,0.16987094956310203,instance,random_kDN_top10
0,0.04635761589403975,0.0,0.010869565217391353,0.9090909090909091,0.07112517799211326,0.0,0.3897271336610151,0.9418837675350702,1.0,0.8522688079844251,instance,random_kDN_top10
0,0.04635761589403975,0.0,0.010869565217391353,0.9090909090909091,0.15648638893629718,0.0,0.349028249435953,0.9659318637274549,1.0,0.049721383469147694,instance,random_kDN_top10
0,0.203956246892535,0.0,0.0,0.36363636363636365,0.4161236632442452,0.0,0.36294802255798175,0.9559118236472945,1.0,0.8600693788448186,instance,random_kDN_top10
0,0.04635761589403975,0.0,0.010869565217391353,0.7272727272727273,0.053671394808659234,0.0,0.3703584756317846,0.9038076152304609,1.0,1.1239734766162248,instance,random_kDN_top10
0,0.04635761589403975,0.2,0.02564102564102566,0.6363636363636364,0.5615207243067067,0.0,0.468243524263526,0.9979959919839679,1.0,0.8472091568040124,instance,random_kDN_top10
0,0.25493612078977934,0.0,0.10416666666666663,0.6363636363636364,0.11572244952892852,0.0,0.37462081011619286,0.9879759519038076,1.0,0.6099646824948465,instance,random_kDN_top10
0,0.04635761589403975,0.0,0.010869565217391353,0.7272727272727273,0.0768495584628483,0.0,0.2813477312681537,0.8557114228456913,1.0,0.6274189049966699,instance,random_kDN_top10
0,0.019943019943019835,0.0,0.010869565217391353,0.9090909090909091,0.10027519607442087,0.0,0.3562813450917717,0.9338677354709419,1.0,0.5107026257091551,instance,random_kDN_top10
0,0.16039270361333802,0.0,0.6,0.6363636363636364,0.26131375544251184,0.0,0.4647638434554443,0.9879759519038076,1.0,1.065592798721367,instance,random_kDN_top10
0,0.5865209471766848,0.4,0.8703703703703703,0.8181818181818182,0.28759881418785194,0.5,0.4918678230701007,0.9959919839679359,1.0,0.5226933817138036,instance,random_kDN_top10
0,0.10483714805778244,0.4,0.0,0.5454545454545454,0.40901131638837296,0.0,0.4944129648929424,0.9959919839679359,1.0,0.267598141138695,instance,random_kDN_top10
0,0.294422119048548,0.2,0.10416666666666663,0.6363636363636364,0.5580645226608683,0.0,0.43099161553101617,0.9939879759519038,1.0,0.08365803313238321,instance,random_kDN_top10
0,0.04635761589403975,0.0,0.010869565217391353,0.9090909090909091,0.047696254287493633,0.0,0.3756037615108041,0.8997995991983968,1.0,0.7914005621240597,instance,random_kDN_top10
0,0.22446906740535555,0.0,0.06060606060606055,0.7272727272727273,0.10045160539535247,0.0,0.38493338259951115,0.9659318637274549,1.0,1.563990603136389,instance,random_kDN_top10
0,0.203956246892535,0.0,0.0,0.7272727272727273,0.23245203099898054,0.0,0.43580655040098015,0.9819639278557114,1.0,0.7193619216540925,instance,random_kDN_top10
0,0.20731707317073178,0.0,0.06493506493506496,0.45454545454545453,0.2404930372184782,0.0,0.33417070421991046,0.9899799599198397,0.9,0.7372688477685116,instance,random_kDN_top10
0,0.42099228684594536,0.0,0.010869565217391353,0.7272727272727273,0.13362228237270612,0.0,0.38306479995072884,0.9779559118236473,1.0,0.7041243759936683,instance,random_kDN_top10
0,0.019943019943019835,0.0,0.010869565217391353,0.7272727272727273,0.08578876562266091,0.0,0.38196020026036515,0.9498997995991983,1.0,0.35088102173818764,instance,random_kDN_top10
0,0.24099565152196734,0.6,0.06493506493506496,0.7272727272727273,0.06545507563883152,0.6666666666666666,0.5732191991593723,1.0,1.0,0.21306935288875645,instance,random_kDN_top10
0,0.203956246892535,0.0,0.010869565217391353,0.7272727272727273,0.06762647037092862,0.0,0.2885683590805276,0.8617234468937875,1.0,1.2176785750349808,instance,random_kDN_top10
0,0.5865209471766848,0.4,0.010869565217391353,0.9090909090909091,0.13419719880173625,0.5,0.5197502886207881,1.0,1.0,0.03201520225494642,instance,random_kDN_top10
0,0.294422119048548,0.0,0.0,0.7272727272727273,0.28912419849753757,0.0,0.3557736381399067,0.9779559118236473,1.0,1.259742727847368,instance,random_kDN_top10
0,0.10483714805778244,0.0,0.06060606060606055,0.7272727272727273,0.19955575758690297,0.0,0.371155590726032,0.9859719438877755,1.0,0.6344046929919853,instance,random_kDN_top10
0,0.019943019943019835,0.0,0.010869565217391353,0.7272727272727273,0.0631189178174889,0.0,0.2872773386567198,0.7855711422845691,1.0,1.351563641662685,instance,random_kDN_top10
0,0.25493612078977934,0.0,0.06493506493506496,0.8181818181818182,0.04611042448032798,0.0,0.41450940610176845,0.9799599198396793,0.9,0.8092741708792749,instance,random_kDN_top10
0,0.294422119048548,0.0,0.06060606060606055,0.7272727272727273,0.27600588425373207,0.0,0.4345702437779484,0.9819639278557114,1.0,0.3932578736279648,instance,random_kDN_top10
0,0.04635761589403975,0.0,0.010869565217391353,0.7272727272727273,0.07666327079880247,0.0,0.3845524568836898,0.9018036072144289,1.0,1.3117924483595123,instance,random_kDN_top10
0,0.22446906740535555,0.0,0.06060606060606055,0.7272727272727273,0.2677613596261589,0.0,0.3942255005845896,0.9759519038076152,1.0,1.0446202250709016,instance,random_kDN_top10
0,0.04635761589403975,0.0,0.010869565217391353,0.7272727272727273,0.15418368359004975,0.0,0.4108785555220421,0.9839679358717435,1.0,0.15113189712749478,instance,random_kDN_top10
0,0.20700874994503804,0.0,0.06493506493506496,0.45454545454545453,0.7943530527257939,0.0,0.3938759577070776,0.9899799599198397,1.0,0.23515765296323268,instance,random_kDN_top10
0,0.3355801785164666,0.4,0.0,0.5454545454545454,0.2123470319726447,0.0,0.4260776689907255,0.9939879759519038,1.0,0.9159551298289593,instance,random_kDN_top10
0,0.45015731081304844,0.0,0.0,0.5454545454545454,0.6370330181558261,0.0,0.3660467491116425,0.9859719438877755,1.0,-0.2379320898765091,instance,random_kDN_top10
0,0.10766231818863403,0.0,0.010869565217391353,0.7272727272727273,0.18594913502862292,0.0,0.4431370588536001,0.9799599198396793,1.0,-0.10101483118707019,instance,random_kDN_top10
0,0.17730999684642068,0.0,0.0,0.6363636363636364,0.121112067023261,0.0,0.262921203426445,0.9278557114228457,1.0,0.7073904175253785,instance,random_kDN_top10
0,0.40325694619323427,0.0,0.0,0.6363636363636364,0.3080562629272956,0.0,0.40893564771683966,0.9579158316633266,1.0,0.6811133177986025,instance,random_kDN_top10
0,0.22446906740535555,0.0,0.010869565217391353,0.7272727272727273,0.0748563455798047,0.0,0.4275374063682521,0.9859719438877755,1.0,0.28455038912700137,instance,random_kDN_top10
0,0.5508323754588045,0.6,0.1428571428571429,0.8181818181818182,0.4731691893805905,0.6666666666666666,0.5468294013855954,1.0,1.0,-0.08864927588280491,instance,random_kDN_top10
0,0.203956246892535,0.0,0.010869565217391353,0.7272727272727273,0.1213733487514963,0.0,0.36068182481862165,0.9519038076152304,1.0,0.8618075032347677,instance,random_kDN_top10
0,0.10483714805778244,0.0,0.0,0.6363636363636364,0.11392399279879595,0.0,0.3932227855435938,0.9178356713426854,1.0,1.4748582952640523,instance,random_kDN_top10
0,0.40325694619323427,0.2,0.9827586206896551,0.5454545454545454,0.7861281133807091,0.0,0.3893095289875834,0.9919839679358717,1.0,-0.0193186093118752,instance,random_kDN_top10
0,0.04635761589403975,0.0,0.02564102564102566,0.6363636363636364,0.15454217183730712,0.0,0.36514824249713795,0.9879759519038076,1.0,0.8912689754926463,instance,random_kDN_top10
0,0.203956246892535,0.0,0.0,0.7272727272727273,0.34913877392192005,0.0,0.36065557885739596,0.9539078156312625,1.0,0.92092813199905,instance,random_kDN_top10
0,0.294422119048548,0.0,0.06060606060606055,0.7272727272727273,0.5259580973103831,0.0,0.4264669512799104,0.969939879759519,1.0,1.097039264944619,instance,random_kDN_top10
0,0.019943019943019835,0.0,0.10416666666666663,0.6363636363636364,0.13407573311007326,0.0,0.3044227172675741,0.969939879759519,1.0,0.640923895307586,instance,random_kDN_top10
0,0.6420765027322404,1.0,0.8703703703703703,0.7272727272727273,0.48595968337604345,1.0,0.5513486955501901,1.0,1.0,-0.31032553222433545,instance,random_kDN_top10
0,0.04635761589403975,0.0,0.010869565217391353,0.7272727272727273,0.042065839573353525,0.0,0.27834694830529916,0.875751503006012,1.0,0.8545418241509626,instance,random_kDN_top10
0,0.25493612078977934,0.0,0.19999999999999996,0.8181818181818182,0.05906495596188999,0.0,0.39213181125494656,0.9158316633266533,0.9,1.0990922259013103,instance,random_kDN_top10
0,0.06438746438746445,0.0,0.10416666666666663,0.8181818181818182,0.05369682832624478,0.0,0.41845455012006594,0.9899799599198397,1.0,0.20648723006417802,instance,random_kDN_top10
0,0.40325694619323427,0.0,0.010869565217391353,0.7272727272727273,0.09958221684836344,0.0,0.33108182313003276,0.8877755511022044,1.0,1.6854810661747317,instance,random_kDN_top10
0,0.04635761589403975,0.0,0.010869565217391353,0.9090909090909091,0.12426325588636716,0.0,0.34090850523543625,0.9779559118236473,1.0,0.55042949725801,instance,random_kDN_top10
0,0.2625643055005936,0.0,0.06493506493506496,0.45454545454545453,0.9207603133590967,0.0,0.427587423200362,0.9879759519038076,1.0,-0.2989656977980406,instance,random_kDN_top10
0,0.04635761589403975,0.0,0.010869565217391353,0.7272727272727273,0.04881458850210735,0.0,0.26971247813985355,0.8176352705410822,1.0,0.8382387129465911,instance,random_kDN_top10
0,0.41985428051001816,0.2,0.0,0.5454545454545454,0.09405008105942775,0.0,0.49048330388212213,0.9939879759519038,1.0,-0.4152742023359767,instance,random_kDN_top10
0,0.294422119048548,0.0,0.06060606060606055,0.7272727272727273,0.09915815539360551,0.0,0.42056948299838637,0.9759519038076152,1.0,-0.1506751349796312,instance,random_kDN_top10
0,0.40325694619323427,0.0,0.010869565217391353,0.7272727272727273,0.24012992217893592,0.0,0.3662925639870761,0.9559118236472945,1.0,1.0680150813319607,instance,random_kDN_top10
0,0.37134519597162496,0.0,0.010869565217391353,0.7272727272727273,0.12314455759233578,0.0,0.43845685235807186,0.9739478957915831,1.0,0.6837168698184412,instance,random_kDN_top10
0,0.7119540726098104,0.6,0.06493506493506496,0.45454545454545453,0.7736648619752519,1.0,0.5220532311915249,1.0,1.0,0.05633731199922764,instance,random_kDN_top10
0,0.019943019943019835,0.0,0.010869565217391353,0.7272727272727273,0.09267079000986034,0.0,0.3505638359704054,0.9498997995991983,1.0,0.533120458927673,instance,random_kDN_top10
0,0.019943019943019835,0.0,0.010869565217391353,0.7272727272727273,0.12344947116497396,0.0,0.3782804958372644,0.9799599198396793,1.0,-0.3699901945427518,instance,random_kDN_top10
0,0.203956246892535,0.0,0.010869565217391353,0.7272727272727273,0.12098941702265531,0.0,0.3663326326668567,0.9539078156312625,1.0,0.8056802265141456,instance,random_kDN_top10
0,0.019943019943019835,0.0,0.010869565217391353,0.7272727272727273,0.0600504574742769,0.0,0.316938402783315,0.8436873747494991,1.0,1.604311341819474,instance,random_kDN_top10
0,0.019943019943019835,0.0,0.010869565217391353,0.7272727272727273,0.11424869116733383,0.0,0.2879989392759039,0.8476953907815631,1.0,0.27924266582817286,instance,random_kDN_top10
0,0.40325694619323427,0.0,0.0,0.7272727272727273,0.41197949111207705,0.0,0.35246714880426977,0.9839679358717435,1.0,0.4498739785047863,instance,random_kDN_top10
0,0.10766231818863403,0.0,0.010869565217391353,0.7272727272727273,0.12879003961886043,0.0,0.4136746991923935,0.9539078156312625,1.0,0.7007892083717762,instance,random_kDN_top10
0,0.10766231818863403,0.4,0.9183673469387755,0.5454545454545454,0.47176929524177336,0.0,0.4709617873194326,0.9959919839679359,1.0,-0.7810860544211393,instance,random_kDN_top10
0,0.24562291355920163,0.2,0.0,0.36363636363636365,0.25384821753871967,1.0,0.5173860550748246,1.0,1.0,0.35592827015883893,instance,random_kDN_top10
0,0.5378726287262874,0.0,0.10416666666666663,0.6363636363636364,0.14408416177043026,0.0,0.4333241482825252,0.9879759519038076,1.0,0.3094820849971775,instance,random_kDN_top10
0,0.2625643055005936,0.4,0.06493506493506496,0.45454545454545453,0.9535424019978822,0.0,0.4634384128070894,0.9979959919839679,0.9,0.05914104513767502,instance,random_kDN_top10
0,0.203956246892535,0.2,0.0,0.36363636363636365,0.060831611177838196,0.0,0.4067241174314479,0.9979959919839679,1.0,-0.02052737754142588,instance,random_kDN_top10
0,0.7119540726098104,0.6,0.02564102564102566,0.6363636363636364,0.739143674197175,1.0,0.52099971397802,1.0,1.0,0.413313845302879,instance,random_kDN_top10
0,0.04635761589403975,0.0,0.02564102564102566,0.6363636363636364,0.4503919212306279,0.0,0.4110357612001847,0.969939879759519,1.0,0.4782411894254952,instance,random_kDN_top10
0,0.019943019943019835,0.2,0.010869565217391353,0.9090909090909091,0.13387607033466298,0.0,0.4749502940022009,0.9959919839679359,1.0,0.3530170376456937,instance,random_kDN_top10
0,0.22446906740535555,0.0,0.06060606060606055,0.7272727272727273,0.4818057996564522,0.0,0.3918997283692812,0.9799599198396793,1.0,0.7673202255164311,instance,random_kDN_top10
0,0.019943019943019835,0.0,0.010869565217391353,0.7272727272727273,0.09616357934128794,0.0,0.4329061760112968,0.9739478957915831,1.0,0.16927174705280806,instance,random_kDN_top10
0,0.17730999684642068,0.4,0.0,0.36363636363636365,0.24945395815037463,0.0,0.47002191465395693,0.9959919839679359,0.9,0.2333632563556643,instance,random_kDN_top10
0,0.04635761589403975,0.0,0.010869565217391353,0.7272727272727273,0.08223970518589818,0.0,0.32879780790961566,0.8717434869739479,1.0,0.7324212806871998,instance,random_kDN_top10
0,0.16039270361333802,0.0,0.010869565217391353,0.7272727272727273,0.1509228560328773,0.0,0.40712347194646037,0.9799599198396793,1.0,0.7571525609722998,instance,random_kDN_top10
0,0.10766231818863403,0.0,0.010869565217391353,0.7272727272727273,0.1292262947567404,0.0,0.22212085692302275,0.9478957915831663,1.0,0.3652592844454783,instance,random_kDN_top10
0,0.22446906740535555,0.0,0.010869565217391353,0.7272727272727273,0.12923576398608105,0.0,0.3861507041631551,0.9398797595190381,1.0,1.809707343424817,instance,random_kDN_top10
0,0.10483714805778244,0.4,0.02564102564102566,0.6363636363636364,0.8492110584985202,1.0,0.5397904279415661,1.0,0.9,0.20436288185936863,instance,random_kDN_top10
0,0.04635761589403975,0.0,0.010869565217391353,0.7272727272727273,0.09328106848959877,0.0,0.26153062807478633,0.8957915831663327,1.0,1.1538988771853218,instance,random_kDN_top10
0,0.04635761589403975,0.0,0.010869565217391353,0.7272727272727273,0.04278744531799106,0.0,0.35865746996118897,0.8937875751503006,1.0,1.4227053092414457,instance,random_kDN_top10
0,0.019943019943019835,0.0,0.010869565217391353,0.7272727272727273,0.07109934459079037,0.0,0.3775539675662123,0.9659318637274549,1.0,0.5251300647173671,instance,random_kDN_top10
0,0.419422119048548,0.2,0.010869565217391353,0.7272727272727273,0.09151202304097372,0.0,0.48545416809245345,0.9979959919839679,1.0,-0.17843141005861762,instance,random_kDN_top10
0,0.019943019943019835,0.0,0.010869565217391353,0.7272727272727273,0.15840315088696172,0.0,0.32031937073508177,0.9178356713426854,0.8,0.992867939648806,instance,random_kDN_top10
0,0.20731707317073178,0.0,0.06493506493506496,0.7272727272727273,0.1656589965120041,0.0,0.35444261812984823,0.969939879759519,1.0,0.42968775037375273,instance,random_kDN_top10
0,0.20731707317073178,0.2,0.6,0.7272727272727273,0.053499283782017515,0.0,0.4559788978957471,0.9939879759519038,1.0,0.13510151348227895,instance,random_kDN_top10
0,0.20700874994503804,0.0,0.06493506493506496,0.45454545454545453,0.2588770421023616,0.0,0.28714472957736625,0.9659318637274549,1.0,0.13973899128239928,instance,random_kDN_top10
0,0.06438746438746445,0.0,0.06060606060606055,0.7272727272727273,0.12595405362398754,0.0,0.3965478369287131,0.9799599198396793,1.0,0.8309592114536615,instance,random_kDN_top10
0,0.40325694619323427,0.2,0.010869565217391353,0.9090909090909091,0.24907827466288668,0.0,0.46510449316603786,0.9939879759519038,1.0,0.7522895904777726,instance,random_kDN_top10
0,0.45015731081304844,0.2,0.0,0.5454545454545454,0.3166178115762941,0.5,0.37665306372246155,0.9939879759519038,1.0,0.06349636747155822,instance,random_kDN_top10
0,0.40325694619323427,0.2,0.8703703703703703,0.7272727272727273,0.500559061995804,0.5,0.5215401281424343,1.0,1.0,0.2588041103460737,instance,random_kDN_top10
0,0.16039270361333802,0.0,0.010869565217391353,0.9090909090909091,0.2736961850649321,0.0,0.4359885028799556,0.9799599198396793,1.0,0.6844243309603721,instance,random_kDN_top10
0,0.294422119048548,0.2,0.010869565217391353,0.7272727272727273,0.17702941697908442,0.0,0.49518222505365006,0.9959919839679359,1.0,0.3882572316641455,instance,random_kDN_top10
0,0.27432898485530066,0.0,0.010869565217391353,0.7272727272727273,0.20043111179175666,0.3333333333333333,0.3947614760093715,0.9819639278557114,1.0,0.6049198791463755,instance,random_kDN_top10
0,0.10766231818863403,0.0,0.010869565217391353,0.7272727272727273,0.0619659713227621,0.0,0.33178048053923204,0.9719438877755511,1.0,1.1316731783049687,instance,random_kDN_top10
0,0.203956246892535,0.0,0.0,0.36363636363636365,0.2072760930439274,0.0,0.3817898154444789,0.9719438877755511,1.0,0.4155741382918458,instance,random_kDN_top10
0,0.22446906740535555,0.0,0.06060606060606055,0.7272727272727273,0.06351848192647763,0.0,0.40181618458082224,0.969939879759519,1.0,1.266258970498215,instance,random_kDN_top10
0,0.45015731081304844,0.2,0.06493506493506496,0.45454545454545453,0.5438843225556882,0.16666666666666666,0.3763504945187761,0.9919839679358717,1.0,0.26696798469894917,instance,random_kDN_top10
0,0.019943019943019835,0.0,0.010869565217391353,0.9090909090909091,0.18142039139290578,0.0,0.263650173333703,0.9839679358717435,1.0,0.22750944799526146,instance,random_kDN_top10
0,0.42099228684594536,0.0,0.19999999999999996,0.8181818181818182,0.08720418084857834,0.0,0.46328419073918925,0.9799599198396793,1.0,0.6480241750656849,instance,random_kDN_top10
0,0.6753240359797736,0.4,0.0,0.5454545454545454,0.3330973564224703,0.6,0.5152403596467704,1.0,1.0,-0.2771959228932355,instance,random_kDN_top10
0,0.019943019943019835,0.0,0.010869565217391353,0.7272727272727273,0.040972638824128826,0.0,0.3287823862050312,0.7955911823647295,1.0,0.9686407995246433,instance,random_kDN_top10
0,0.25493612078977934,0.0,0.8,0.6363636363636364,0.13874637083010533,0.0,0.32873000405454,0.9619238476953907,1.0,0.9630452335761714,instance,random_kDN_top10
0,0.04635761589403975,0.0,0.02564102564102566,0.6363636363636364,0.2805698541294407,0.0,0.28499026802171634,0.9278557114228457,1.0,-0.08132214199935052,instance,random_kDN_top10
0,0.7119540726098104,0.8,0.9923664122137404,0.5454545454545454,0.6364971357464556,1.0,0.5215283930934066,1.0,1.0,0.24653866366726282,instance,random_kDN_top10
0,0.20731707317073178,0.4,0.06493506493506496,0.7272727272727273,0.13340257666612665,0.3333333333333333,0.4622077078231398,0.9979959919839679,1.0,0.23253465887754965,instance,random_kDN_top10
0,0.24562291355920163,0.2,0.0,0.36363636363636365,0.7113855377676681,0.3333333333333333,0.43208178758675053,0.9979959919839679,1.0,0.4075665958672326,instance,random_kDN_top10
0,0.37134519597162496,0.4,0.010869565217391353,0.9090909090909091,0.2850952010208676,0.25,0.4333493292113918,0.9979959919839679,1.0,0.14536742049688722,instance,random_kDN_top10
0,0.7664443760473308,0.2,0.06060606060606055,0.7272727272727273,0.753554067118724,0.0,0.41214909499284846,0.9919839679358717,1.0,0.5346000605375226,instance,random_kDN_top10
0,0.019943019943019835,0.0,0.010869565217391353,0.7272727272727273,0.0687207563029349,0.0,0.31603064490207444,0.9639278557114228,1.0,0.3915954807399545,instance,random_kDN_top10
0,0.019943019943019835,0.0,0.010869565217391353,0.7272727272727273,0.07746354794344867,0.0,0.3638206802113927,0.9759519038076152,1.0,0.6000641476207287,instance,random_kDN_top10
0,0.04635761589403975,0.0,0.0,0.6363636363636364,0.3764446181150657,0.0,0.33496449472834466,0.9719438877755511,1.0,0.6836383612272606,instance,random_kDN_top10
0,0.10483714805778244,0.2,0.10416666666666663,0.6363636363636364,0.21072515884579607,0.0,0.39074344071127654,0.9939879759519038,1.0,0.6911078636819344,instance,random_kDN_top10
0,0.10483714805778244,0.0,0.0,0.6363636363636364,0.06427149734147519,0.0,0.3994724704596988,0.969939879759519,1.0,1.484283669050212,instance,random_kDN_top10
0,0.04635761589403975,0.0,0.010869565217391353,0.7272727272727273,0.05537651113472025,0.0,0.31924681392708554,0.9278557114228457,1.0,0.6234366804301611,instance,random_kDN_top10
0,0.419422119048548,0.2,0.10416666666666663,0.8181818181818182,0.15349791161057746,0.6666666666666666,0.4944245777766145,0.9979959919839679,1.0,0.07008757354600106,instance,random_kDN_top10
0,0.019943019943019835,0.0,0.010869565217391353,0.7272727272727273,0.06806404654466502,0.0,0.3669905901810985,0.9759519038076152,1.0,0.3734046476870579,instance,random_kDN_top10
0,0.04635761589403975,0.0,0.010869565217391353,0.7272727272727273,0.0377598799051006,0.0,0.234001091471989,0.8136272545090181,0.9,0.9210900934676242,instance,random_kDN_top10
0,0.04635761589403975,0.0,0.010869565217391353,0.7272727272727273,0.19251738070787888,0.0,0.39365471398518026,0.9038076152304609,1.0,0.8045598337909916,instance,random_kDN_top10
0,0.10766231818863403,0.4,0.9183673469387755,0.8181818181818182,0.36976554117693805,0.0,0.4470054031193945,0.9979959919839679,1.0,-0.2513765510927504,instance,random_kDN_top10
0,0.294422119048548,0.2,0.06493506493506496,0.45454545454545453,0.6943310510503706,0.0,0.47973146595946403,0.9939879759519038,1.0,0.36913007497056977,instance,random_kDN_top10
0,0.04635761589403975,0.0,0.010869565217391353,0.7272727272727273,0.0861593370089958,0.0,0.3849653025498153,0.9799599198396793,1.0,1.2274038469256217,instance,random_kDN_top10
0,0.7705621312178689,1.0,0.02564102564102566,0.6363636363636364,0.8741610231916344,0.6666666666666666,0.5971585879578023,1.0,1.0,-0.10077153708956088,instance,random_kDN_top10
0,0.45015731081304844,0.0,0.06493506493506496,0.7272727272727273,0.07025162087038733,0.0,0.3942659141896866,0.9679358717434869,1.0,0.29442888966253067,instance,random_kDN_top10
0,0.019943019943019835,0.0,0.010869565217391353,0.7272727272727273,0.06524798575119284,0.0,0.3220454760356878,0.9238476953907816,1.0,0.8627265180815531,instance,random_kDN_top10
0,0.16039270361333802,0.4,0.02564102564102566,0.6363636363636364,0.32803187403637446,0.0,0.49204096589737234,0.9979959919839679,1.0,0.3283097060835621,instance,random_kDN_top10
0,0.019943019943019835,0.0,0.010869565217391353,0.7272727272727273,0.03863701548992948,0.0,0.3625211340983042,0.8436873747494991,0.9,0.45695663992696717,instance,random_kDN_top10
0,0.22446906740535555,0.2,0.010869565217391353,0.7272727272727273,0.11595260677809527,0.0,0.4537424529597458,0.9939879759519038,1.0,0.2822915016339917,instance,random_kDN_top10
0,0.6753240359797736,0.4,0.010869565217391353,0.9090909090909091,0.2539612307110325,0.0,0.47368196930712103,0.9959919839679359,1.0,-0.594908083179897,instance,random_kDN_top10
0,0.24769429091492523,0.2,0.06493506493506496,0.7272727272727273,0.5431280762620696,0.0,0.45092347330107785,0.9959919839679359,1.0,0.07348946955184675,instance,random_kDN_top10
0,0.294422119048548,0.0,0.1428571428571429,0.8181818181818182,0.18192180086806703,0.0,0.3922994546051647,0.9759519038076152,1.0,0.028229270123108333,instance,random_kDN_top10
0,0.37134519597162496,0.4,0.10416666666666663,0.6363636363636364,0.35196216971840477,0.0,0.4580764528583695,0.9959919839679359,1.0,0.018080355995513452,instance,random_kDN_top10
0,0.42160278745644597,0.0,0.06493506493506496,0.8181818181818182,0.23064831329059748,0.0,0.3756434641743106,0.9879759519038076,1.0,0.005737461180823113,instance,random_kDN_top10
0,0.294422119048548,0.6,0.10416666666666663,0.8181818181818182,0.18286939691936643,1.0,0.5273451047448712,1.0,1.0,-0.28174931070895626,instance,random_kDN_top10
0,0.10483714805778244,0.0,0.06493506493506496,0.45454545454545453,0.1714568639580215,0.0,0.4619661214451637,0.9859719438877755,1.0,0.4387067555593584,instance,random_kDN_top10
0,0.2911357340720221,0.0,0.06060606060606055,0.7272727272727273,0.9070807733931601,0.0,0.44534757554571514,0.9859719438877755,1.0,-0.6074519965600796,instance,random_kDN_top10
0,0.40325694619323427,0.0,0.010869565217391353,0.7272727272727273,0.14560566727467278,0.0,0.36823527699582936,0.9458917835671343,1.0,1.021844527698451,instance,random_kDN_top10
0,0.40325694619323427,0.0,0.23076923076923073,0.9090909090909091,0.2760879755016836,0.0,0.32060651224000747,0.9599198396793587,1.0,0.6001299380431537,instance,random_kDN_top10
0,0.20700874994503804,0.0,0.02564102564102566,0.6363636363636364,0.692111778358328,0.0,0.3972787142204205,0.9799599198396793,1.0,1.2360995638335996,instance,random_kDN_top10
0,0.24562291355920163,0.0,0.010869565217391353,0.7272727272727273,0.18805407059328189,0.0,0.3821155885588863,0.9799599198396793,1.0,0.5741346547265169,instance,random_kDN_top10
0,0.019943019943019835,0.0,0.010869565217391353,0.7272727272727273,0.05774515712663586,0.0,0.345082523804753,0.8617234468937875,1.0,0.11662354154909356,instance,random_kDN_top10
0,0.294422119048548,0.0,0.10416666666666663,0.6363636363636364,0.194347807071173,0.0,0.44451136961469606,0.9859719438877755,1.0,0.19125429126809268,instance,random_kDN_top10
0,0.1754985754985755,0.8,0.10416666666666663,0.9090909090909091,0.07939983266060635,0.5,0.5956970589088614,1.0,1.0,0.05844213100322666,instance,random_kDN_top10
0,0.2911357340720221,0.2,0.06060606060606055,0.7272727272727273,0.7022332821904582,0.0,0.40846496375879715,0.9919839679358717,1.0,0.3682452275661806,instance,random_kDN_top10
0,0.20731707317073178,0.0,0.06493506493506496,0.45454545454545453,0.0978585784046076,0.0,0.3321552728321593,0.9679358717434869,1.0,1.2232063560941178,instance,random_kDN_top10
0,0.7067065725602311,0.4,0.010869565217391353,0.7272727272727273,0.10984517452891335,0.0,0.47395185104235193,0.9959919839679359,1.0,0.8372865374495813,instance,random_kDN_top10
0,0.10483714805778244,0.0,0.10416666666666663,0.6363636363636364,0.10896484170162912,0.0,0.3330920739058121,0.9819639278557114,1.0,0.35393527719403756,instance,random_kDN_top10
0,0.019943019943019835,0.0,0.010869565217391353,0.7272727272727273,0.09103204021102368,0.0,0.2511157995019655,0.8977955911823647,1.0,0.5099407815957424,instance,random_kDN_top10
0,0.019943019943019835,0.0,0.010869565217391353,0.7272727272727273,0.07724733002212264,0.0,0.32696019561828094,0.9218436873747495,1.0,1.097719098067003,instance,random_kDN_top10
0,0.7119540726098104,0.2,0.02564102564102566,0.6363636363636364,0.270686787379983,0.5,0.4600479083530359,0.9979959919839679,1.0,0.5893931774284642,instance,random_kDN_top10
0,0.10483714805778244,0.0,0.0,0.5454545454545454,0.3279380078136655,0.0,0.44122006274436654,0.9839679358717435,1.0,0.7470891628859463,instance,random_kDN_top10
0,0.24769429091492523,0.4,0.19999999999999996,0.8181818181818182,0.35791823566085634,0.6666666666666666,0.46696821582126946,0.9979959919839679,1.0,-0.1456898506316184,instance,random_kDN_top10
0,0.019943019943019835,0.0,0.010869565217391353,0.7272727272727273,0.05315035318765171,0.0,0.3032788341833502,0.8236472945891784,1.0,0.9137760546437874,instance,random_kDN_top10
0,0.24562291355920163,0.0,0.010869565217391353,0.7272727272727273,0.11738088106912048,0.0,0.32805789953891495,0.9619238476953907,1.0,0.890949900295113,instance,random_kDN_top10
0,0.5865209471766848,0.0,0.0,0.36363636363636365,0.06752139837595367,0.0,0.4134085297908381,0.9899799599198397,0.9,-0.001537712608387883,instance,random_kDN_top10
0,0.20731707317073178,0.0,0.06493506493506496,0.45454545454545453,0.21949549885158343,0.0,0.3122157683876712,0.9619238476953907,1.0,0.5846813219852223,instance,random_kDN_top10
0,0.37134519597162496,0.0,0.010869565217391353,0.7272727272727273,0.11968912542474841,0.0,0.4157664023509493,0.9799599198396793,1.0,1.3977828112151771,instance,random_kDN_top10
0,0.20700874994503804,0.0,0.0,0.36363636363636365,0.8163957202743185,0.0,0.3796920054953359,0.9659318637274549,1.0,0.4627623667525332,instance,random_kDN_top10
0,0.294422119048548,0.0,0.10416666666666663,0.8181818181818182,0.13811722199933862,0.0,0.41873626202584946,0.9859719438877755,1.0,0.8601664834838536,instance,random_kDN_top10
0,0.4610887857152147,0.0,0.010869565217391353,0.7272727272727273,0.26210520853492536,0.0,0.3710422845170508,0.9839679358717435,1.0,0.7252837622657076,instance,random_kDN_top10
0,0.20731707317073178,0.2,0.06493506493506496,0.7272727272727273,0.3413417429479889,0.0,0.4184363181428795,0.9919839679358717,1.0,-0.8376655606953773,instance,random_kDN_top10
0,0.24372603694667128,0.4,0.19999999999999996,0.8181818181818182,0.2859736358762781,0.3333333333333333,0.38697758001878946,0.9939879759519038,1.0,0.31097713517203923,instance,random_kDN_top10
0,0.17730999684642068,0.0,0.0,0.6363636363636364,0.3149244676681189,0.0,0.32245935912538193,0.9759519038076152,1.0,0.8842547901578152,instance,random_kDN_top10
0,0.2911357340720221,0.4,0.0,0.36363636363636365,0.16370086135084289,0.0,0.4793326416299192,0.9979959919839679,1.0,0.687233022405002,instance,random_kDN_top10
0,0.06438746438746445,0.0,0.10416666666666663,0.8181818181818182,0.12340366255068869,0.0,0.3539173321356054,0.9839679358717435,1.0,1.221484914230839,instance,random_kDN_top10
0,0.20731707317073178,0.0,0.06493506493506496,0.45454545454545453,0.46770888062602933,0.0,0.3366360479324946,0.9879759519038076,0.9,0.28540132496175763,instance,random_kDN_top10
0,0.17730999684642068,0.0,0.0,0.6363636363636364,0.2945124449942268,0.0,0.3980212617312162,0.9899799599198397,1.0,0.3148173776950329,instance,random_kDN_top10
0,0.7914443760473308,0.6,0.96,0.8181818181818182,0.46329626662739665,1.0,0.5227983779392813,1.0,1.0,0.9732531888753502,instance,random_kDN_top10
0,0.5865209471766848,0.0,0.010869565217391353,0.9090909090909091,0.1147199141262546,0.0,0.41797996613707034,0.9899799599198397,1.0,0.793252030592962,instance,random_kDN_top10
0,0.20731707317073178,0.0,0.06493506493506496,0.7272727272727273,0.15552770611419986,0.0,0.4331892130506265,0.9799599198396793,1.0,-0.47449764637468184,instance,random_kDN_top10
0,0.203956246892535,0.0,0.010869565217391353,0.7272727272727273,0.08888501407635874,0.0,0.2677390815795143,0.9158316633266533,1.0,0.749320187768716,instance,random_kDN_top10
0,0.04635761589403975,0.2,0.010869565217391353,0.9090909090909091,0.07877806826700562,0.0,0.4850909010192098,0.9939879759519038,1.0,0.20265728681612585,instance,random_kDN_top10
0,0.019943019943019835,0.4,0.010869565217391353,0.7272727272727273,0.09903429954528925,0.0,0.35929121995694113,0.9939879759519038,1.0,0.7528772623576735,instance,random_kDN_top10
0,0.5865209471766848,0.0,0.010869565217391353,0.9090909090909091,0.13278835915590703,0.0,0.40420570504576625,0.9859719438877755,1.0,0.7076717039597039,instance,random_kDN_top10
0,0.20731707317073178,0.0,0.625,0.6363636363636364,0.04712334184588535,0.0,0.46508410674897516,0.9859719438877755,0.9,0.21517248350185078,instance,random_kDN_top10
0,0.40325694619323427,0.4,0.96,0.7272727272727273,0.4772418703198015,0.0,0.4331455877306203,0.9939879759519038,1.0,0.1340801392970757,instance,random_kDN_top10
0,0.419422119048548,0.2,0.010869565217391353,0.7272727272727273,0.12711595863747716,0.0,0.44598400545969397,0.9919839679358717,1.0,0.6294118832414753,instance,random_kDN_top10
0,0.6103304709862087,0.4,0.010869565217391353,0.9090909090909091,0.23539062214867046,1.0,0.5132382849643953,1.0,1.0,-0.13373147975299698,instance,random_kDN_top10
0,0.04635761589403975,0.0,0.010869565217391353,0.9090909090909091,0.11739828508997768,0.0,0.3776808416769517,0.9278557114228457,1.0,-0.2212727669908,instance,random_kDN_top10
0,0.019943019943019835,0.0,0.010869565217391353,0.7272727272727273,0.16621422048105478,0.0,0.2886838823117619,0.9098196392785571,1.0,0.015424073360887362,instance,random_kDN_top10
0,0.24372603694667128,0.2,0.0,0.5454545454545454,0.17068466306855307,0.0,0.4481694782227915,0.9919839679358717,1.0,0.20557145678972596,instance,random_kDN_top10
0,0.04635761589403975,0.0,0.02564102564102566,0.6363636363636364,0.3763892789780854,0.0,0.32299423427344975,0.9539078156312625,1.0,0.2878756206260627,instance,random_kDN_top10
0,0.40325694619323427,0.2,0.06060606060606055,0.8181818181818182,0.7736916010526063,0.3333333333333333,0.4060611280463349,0.9939879759519038,1.0,0.18588544308251587,instance,random_kDN_top10
0,0.294422119048548,0.4,0.06060606060606055,0.7272727272727273,0.32875699833147826,0.3333333333333333,0.542365632316625,1.0,1.0,-0.03614808850639412,instance,random_kDN_top10
0,0.40325694619323427,0.0,0.010869565217391353,0.7272727272727273,0.1007684539934865,0.0,0.344969063009092,0.9478957915831663,1.0,1.78695015636463,instance,random_kDN_top10
0,0.019943019943019835,0.0,0.010869565217391353,0.9090909090909091,0.10064019513279676,0.0,0.2439233260680258,0.969939879759519,1.0,0.2463915331199332,instance,random_kDN_top10
0,0.20700874994503804,0.0,0.06493506493506496,0.45454545454545453,0.2641270232458893,0.0,0.40958901613765175,0.9839679358717435,1.0,1.087655245328858,instance,random_kDN_top10
0,0.04635761589403975,0.0,0.010869565217391353,0.7272727272727273,0.041759602127966144,0.0,0.31365889958796744,0.8897795591182365,1.0,1.0398175536943877,instance,random_kDN_top10
0,0.40325694619323427,0.0,0.0,0.36363636363636365,0.4774224696177122,0.0,0.33764862136756035,0.9719438877755511,1.0,0.18707428414224653,instance,random_kDN_top10
0,0.019943019943019835,0.0,0.10416666666666663,0.6363636363636364,0.15268168300014473,0.0,0.4393575213279336,0.9779559118236473,1.0,0.3543859495469037,instance,random_kDN_top10
0,0.7675022583559169,0.8,0.9183673469387755,0.7272727272727273,0.8323516359187062,1.0,0.5292224533628082,1.0,0.9,0.39647745066616974,instance,random_kDN_top10
0,0.25138407092049475,0.2,0.02564102564102566,0.6363636363636364,0.4876951669657926,0.5,0.4280571364088753,0.9939879759519038,1.0,-0.4504668908254067,instance,random_kDN_top10
0,0.203956246892535,0.0,0.010869565217391353,0.7272727272727273,0.0738513463666815,0.0,0.31062926078211006,0.9378757515030061,1.0,0.20409330936877168,instance,random_kDN_top10
0,0.019943019943019835,0.0,0.010869565217391353,0.7272727272727273,0.09825577901721783,0.0,0.300050577522476,0.9619238476953907,1.0,0.2822841971326051,instance,random_kDN_top10
0,0.22446906740535555,0.0,0.010869565217391353,0.7272727272727273,0.08523570863781726,0.0,0.3806961181034739,0.9759519038076152,1.0,1.0245848658028502,instance,random_kDN_top10
0,0.04635761589403975,0.0,0.010869565217391353,0.7272727272727273,0.06493567119160648,0.0,0.32447718147531857,0.8597194388777555,1.0,0.6293727387729329,instance,random_kDN_top10
0,0.1754985754985755,0.2,0.10416666666666663,0.8181818181818182,0.10375499243186642,0.0,0.42183927477987304,0.9919839679358717,1.0,0.47110120221108065,instance,random_kDN_top10
0,0.04635761589403975,0.0,0.010869565217391353,0.7272727272727273,0.08538628389176184,0.0,0.3614394209636067,0.9078156312625251,1.0,1.112796729669855,instance,random_kDN_top10
0,0.019943019943019835,0.0,0.10416666666666663,0.6363636363636364,0.09617202947682213,0.0,0.2779241684318883,0.9559118236472945,1.0,0.5074627241029093,instance,random_kDN_top10
0,0.16039270361333802,0.0,0.06493506493506496,0.8181818181818182,0.13214845661440544,0.0,0.40537434784255977,0.9739478957915831,1.0,0.16592184083111855,instance,random_kDN_top10
0,0.10483714805778244,0.0,0.02564102564102566,0.6363636363636364,0.2454070737290278,0.0,0.41981467980808507,0.9719438877755511,1.0,0.26434044474024204,instance,random_kDN_top10
0,0.20700874994503804,0.0,0.06493506493506496,0.45454545454545453,0.1386712158454469,0.0,0.2788743935796135,0.9498997995991983,0.9,0.27322609738871223,instance,random_kDN_top10
0,0.10483714805778244,0.2,0.02564102564102566,0.6363636363636364,0.47054533356901357,0.0,0.39733963249771065,0.9959919839679359,1.0,0.17335948378878566,instance,random_kDN_top10
0,0.27432898485530066,0.2,0.23076923076923073,0.9090909090909091,0.08949021795391537,0.5,0.41787610737356184,0.9959919839679359,1.0,0.7187055364779437,instance,random_kDN_top10
0,0.5378726287262874,0.0,0.19999999999999996,0.8181818181818182,0.10038550249094308,0.0,0.3450554591936341,0.969939879759519,1.0,0.5628536869328603,instance,random_kDN_top10
0,0.3355801785164666,0.4,0.0,0.5454545454545454,0.8524736508280595,0.6666666666666666,0.46622486715999634,0.9959919839679359,1.0,0.1069699952909365,instance,random_kDN_top10
0,0.6103304709862087,0.4,0.010869565217391353,0.9090909090909091,0.15698224111121828,0.0,0.400114096493587,0.9959919839679359,1.0,-0.03468633668076644,instance,random_kDN_top10
0,0.40325694619323427,0.0,0.0,0.7272727272727273,0.7039791848175623,0.0,0.4157699851155575,0.9879759519038076,1.0,0.5617077751662725,instance,random_kDN_top10
0,0.294422119048548,0.2,0.0,0.5454545454545454,0.25543938538462757,0.0,0.41141631676814505,0.9939879759519038,1.0,-0.21247505144231446,instance,random_kDN_top10
0,0.019943019943019835,0.0,0.010869565217391353,0.7272727272727273,0.05663385283638983,0.0,0.3186523454339336,0.9679358717434869,1.0,0.7730418285347738,instance,random_kDN_top10
0,0.24769429091492523,0.4,0.06493506493506496,0.45454545454545453,0.6723715956586546,1.0,0.531456073294212,1.0,1.0,-0.33771226188542963,instance,random_kDN_top10
0,0.20731707317073178,0.0,0.06493506493506496,0.7272727272727273,0.12886297932209173,0.0,0.4150306402037377,0.9899799599198397,1.0,0.021633443380118685,instance,random_kDN_top10
0,0.37134519597162496,0.0,0.010869565217391353,0.7272727272727273,0.12178444174387809,0.0,0.3974810191322934,0.9859719438877755,1.0,0.8538564789313088,instance,random_kDN_top10
0,0.019943019943019835,0.0,0.010869565217391353,0.7272727272727273,0.060534925959708386,0.0,0.32606883074136994,0.8396793587174349,1.0,0.8773494576412334,instance,random_kDN_top10
0,0.20731707317073178,0.2,0.06493506493506496,0.7272727272727273,0.2156305178568783,0.0,0.48000143536110107,0.9939879759519038,1.0,1.06633806466386,instance,random_kDN_top10
0,0.019943019943019835,0.0,0.10416666666666663,0.6363636363636364,0.1505308322139614,0.25,0.38672563286398265,0.9899799599198397,1.0,0.6642294247251557,instance,random_kDN_top10
0,0.7664443760473308,0.6,0.0,0.5454545454545454,0.07685366605308219,0.0,0.4973084091019836,0.9979959919839679,0.9,0.6978294952942448,instance,random_kDN_top10
0,0.40325694619323427,0.0,0.010869565217391353,0.9090909090909091,0.12320897155515309,0.0,0.3868255058146822,0.9799599198396793,1.0,1.2975700078249706,instance,random_kDN_top10
0,0.10766231818863403,0.0,0.10416666666666663,0.6363636363636364,0.14203228887799613,0.0,0.4223861008034222,0.9859719438877755,1.0,-0.07248088786037822,instance,random_kDN_top10
0,0.42099228684594536,0.0,0.06060606060606055,0.7272727272727273,0.17416674602104043,0.0,0.36066390631980905,0.969939879759519,1.0,0.9356689592498485,instance,random_kDN_top10
0,0.10483714805778244,0.0,0.10416666666666663,0.6363636363636364,0.16374127557836188,0.0,0.3566512190940281,0.9739478957915831,1.0,0.8875397748252086,instance,random_kDN_top10
0,0.41985428051001816,0.2,0.0,0.5454545454545454,0.2313846469730807,0.3333333333333333,0.4794645525309853,0.9959919839679359,1.0,0.27779695869066073,instance,random_kDN_top10
0,0.41985428051001816,0.2,0.875,0.5454545454545454,0.4112725399285956,1.0,0.5785860595447939,1.0,1.0,0.048664148004363396,instance,random_kDN_top10
0,0.24372603694667128,0.2,0.19999999999999996,0.8181818181818182,0.34645500287262365,0.25,0.4015693928295192,0.9939879759519038,1.0,-0.006128052130277064,instance,random_kDN_top10
0,0.27432898485530066,0.2,0.010869565217391353,0.7272727272727273,0.15454585077184924,1.0,0.5072219980442989,1.0,1.0,0.14282673055747402,instance,random_kDN_top10
0,0.22446906740535555,0.0,0.06493506493506496,0.45454545454545453,0.8014751868113092,0.0,0.4187506757878512,0.9779559118236473,1.0,0.8413819610861121,instance,random_kDN_top10
0,0.20700874994503804,0.4,0.06493506493506496,0.45454545454545453,0.6068845247652163,0.3333333333333333,0.448083679388095,0.9979959919839679,1.0,0.6120787069330772,instance,random_kDN_top10
0,0.203956246892535,0.0,0.010869565217391353,0.7272727272727273,0.22498885345827146,0.0,0.37515865355016953,0.9398797595190381,1.0,0.6013754633837858,instance,random_kDN_top10
0,0.019943019943019835,0.0,0.010869565217391353,0.7272727272727273,0.10526627186772697,0.0,0.31831005657066735,0.9719438877755511,1.0,0.3923362353095214,instance,random_kDN_top10
0,0.41985428051001816,0.4,0.0,0.5454545454545454,0.0813123899041942,0.0,0.44651000823144127,0.9959919839679359,1.0,0.8360727317699633,instance,random_kDN_top10
0,0.40325694619323427,0.0,0.0,0.7272727272727273,0.19524767177127245,0.0,0.32360598340871183,0.9318637274549099,1.0,1.390668726589592,instance,random_kDN_top10
0,0.20731707317073178,0.6,0.06493506493506496,0.45454545454545453,0.8469258001858718,0.5,0.4637197543249376,0.9979959919839679,1.0,-0.5412018632699458,instance,random_kDN_top10
0,0.06438746438746445,0.4,0.010869565217391353,0.7272727272727273,0.12831075630236788,0.0,0.42147126333390084,0.9979959919839679,1.0,0.2836675808916367,instance,random_kDN_top10
0,0.294422119048548,0.2,0.06493506493506496,0.45454545454545453,0.22410976589635218,0.0,0.47697777373018924,0.9939879759519038,1.0,0.7779969864521146,instance,random_kDN_top10
0,0.20731707317073178,0.0,0.06493506493506496,0.45454545454545453,0.6578467904232587,0.0,0.3339623337224883,0.9859719438877755,1.0,0.4310322544986065,instance,random_kDN_top10
0,0.019943019943019835,0.0,0.010869565217391353,0.7272727272727273,0.09577738121023432,0.0,0.35060404251598487,0.8957915831663327,0.8,0.9464139954083725,instance,random_kDN_top10
0,0.25493612078977934,0.0,0.06493506493506496,0.7272727272727273,0.08681661224878418,0.0,0.3520028523447416,0.9879759519038076,1.0,0.29941741667761157,instance,random_kDN_top10
0,0.019943019943019835,0.0,0.10416666666666663,0.6363636363636364,0.12405035932309749,0.0,0.2753567796951929,0.9579158316633266,1.0,0.40966858071152323,instance,random_kDN_top10
0,0.019943019943019835,0.0,0.10416666666666663,0.6363636363636364,0.05683691952261383,0.0,0.2593474581175753,0.9418837675350702,1.0,0.6786942306291474,instance,random_kDN_top10
0,0.04635761589403975,0.0,0.02564102564102566,0.6363636363636364,0.31348470879503765,0.0,0.3743075164122749,0.9659318637274549,1.0,1.3624787770543643,instance,random_kDN_top10
0,0.24372603694667128,0.2,0.06493506493506496,0.45454545454545453,0.4971116028233734,0.0,0.4308397938055245,0.9939879759519038,1.0,-0.1990784126513569,instance,random_kDN_top10
0,0.019943019943019835,0.0,0.010869565217391353,0.7272727272727273,0.08929056333385732,0.0,0.33402262394498927,0.811623246492986,0.9,1.41784582503461,instance,random_kDN_top10
1,0.7523057090850748,0.4,0.0,0.5454545454545454,0.6569411326548206,0.0,0.4951636596128197,0.9979959919839679,1.0,0.5301133994308338,instance,random_kDN_top10
1,0.7256710151446994,0.6,0.7692307692307692,0.8181818181818182,0.8750252367887229,1.0,0.5179211033892521,1.0,1.0,-0.0780397405341127,instance,random_kDN_top10
1,0.44916762454119563,0.4,0.0,0.7272727272727273,0.6706421491852539,0.0,0.4336521363414253,0.9959919839679359,1.0,0.01353051563605941,instance,random_kDN_top10
1,0.14356011981172445,0.0,0.007633587786259555,0.45454545454545453,0.09610441658793051,0.0,0.3204189546749927,0.9138276553106213,0.9,0.8752641984479118,instance,random_kDN_top10
1,0.20855562395266913,0.0,0.007633587786259555,0.45454545454545453,0.23397738629654652,0.0,0.3691863198918939,0.9478957915831663,1.0,0.2949508763623453,instance,random_kDN_top10
1,0.134199773544036,0.0,0.007633587786259555,0.45454545454545453,0.08232541028242785,0.0,0.39227173993595166,0.9559118236472945,1.0,0.7337097413975489,instance,random_kDN_top10
1,0.08014571948998184,0.0,0.12962962962962965,0.8181818181818182,0.06097400413353382,0.0,0.4186105213722786,0.9819639278557114,0.9,0.44194950196584865,instance,random_kDN_top10
1,0.26340972047343236,0.0,0.040000000000000036,0.7272727272727273,0.11504016634283554,0.0,0.3494962981804839,0.9539078156312625,1.0,0.5838788092659933,instance,random_kDN_top10
1,0.134199773544036,0.0,0.11111111111111116,0.6363636363636364,0.12652987424066586,0.0,0.41827407685026774,0.969939879759519,1.0,0.4781974739736878,instance,random_kDN_top10
1,0.7543770864407984,0.8,0.017241379310344862,0.45454545454545453,0.7657729390359205,0.5,0.5401800919828006,1.0,1.0,-0.04585933852399007,instance,random_kDN_top10
1,0.28804592739018975,0.0,0.040000000000000036,0.6363636363636364,0.17066452707760238,0.0,0.39207108163599935,0.9779559118236473,1.0,0.496845439018972,instance,random_kDN_top10
1,0.22244451284155808,0.4,0.007633587786259555,0.45454545454545453,0.3966284925792455,0.0,0.4869169886230089,0.9979959919839679,1.0,0.5911356980580743,instance,random_kDN_top10
1,0.134199773544036,0.0,0.007633587786259555,0.45454545454545453,0.09490309267494373,0.0,0.3905275514811305,0.9899799599198397,1.0,0.3587714971787519,instance,random_kDN_top10
1,0.20855562395266913,0.0,0.08163265306122447,0.7272727272727273,0.12825356996417142,0.0,0.40780576137684665,0.9679358717434869,1.0,0.42059064403355034,instance,random_kDN_top10
1,0.23355562395266916,0.2,0.007633587786259555,0.45454545454545453,0.06326154349540525,0.0,0.4522403207139948,0.9919839679358717,1.0,0.19487714824620134,instance,random_kDN_top10
1,0.08014571948998184,0.2,0.125,0.45454545454545453,0.07063744576472397,0.0,0.3450225610903165,0.9939879759519038,1.0,0.20655085220610994,instance,random_kDN_top10
1,0.7562739630533287,0.4,0.19999999999999996,0.6363636363636364,0.7019896154434527,1.0,0.5075093176501526,1.0,1.0,-0.07861126403430843,instance,random_kDN_top10
1,0.24681238615664858,0.0,0.12962962962962965,0.8181818181818182,0.6928838378708239,0.0,0.45401355461209303,0.9879759519038076,1.0,0.20040231581126994,instance,random_kDN_top10
1,0.20855562395266913,0.0,0.040000000000000036,0.7272727272727273,0.07154857415258142,0.0,0.39919785468810287,0.9679358717434869,1.0,0.4465879685733252,instance,random_kDN_top10
1,0.1668889572860025,0.0,0.007633587786259555,0.45454545454545453,0.04712717218081208,0.0,0.3644052074593681,0.9519038076152304,1.0,0.8060930571932691,instance,random_kDN_top10
1,0.26340972047343236,0.0,0.040000000000000036,0.6363636363636364,0.051748831368973514,0.0,0.35935681535807273,0.9559118236472945,0.9,0.839001767229711,instance,random_kDN_top10
1,0.0,0.0,0.023255813953488413,0.45454545454545453,0.060963037179116,0.0,0.3859530278145087,0.9899799599198397,1.0,0.11718042053595604,instance,random_kDN_top10
1,0.14356011981172445,0.0,0.023255813953488413,0.45454545454545453,0.042691954013395816,0.0,0.4017417423668943,0.9619238476953907,1.0,0.730399994476275,instance,random_kDN_top10
1,0.26340972047343236,0.0,0.040000000000000036,0.6363636363636364,0.15619837249419233,0.0,0.34567843706445134,0.9498997995991983,1.0,0.2887262063851357,instance,random_kDN_top10
1,0.14219759926131115,0.0,0.007633587786259555,0.45454545454545453,0.12466080095457949,0.0,0.35228451544420714,0.9579158316633266,1.0,0.05178797270112137,instance,random_kDN_top10
1,0.1522986093623212,0.2,0.017241379310344862,0.45454545454545453,0.07778495005213781,1.0,0.5005103786223317,1.0,0.9,0.7564358285754801,instance,random_kDN_top10
1,0.14356011981172445,0.0,0.007633587786259555,0.45454545454545453,0.08545958933176845,0.0,0.35073996956110975,0.9258517034068137,1.0,0.31385459175760777,instance,random_kDN_top10
1,0.1260162601626016,0.0,0.007633587786259555,0.45454545454545453,0.25117414931564275,0.0,0.3152916968963795,0.9138276553106213,1.0,0.37601289106767355,instance,random_kDN_top10
1,0.1522986093623212,0.0,0.040000000000000036,0.7272727272727273,0.10564127892251801,0.0,0.39076124353605257,0.9819639278557114,1.0,0.3411833155354266,instance,random_kDN_top10
1,0.134199773544036,0.0,0.007633587786259555,0.45454545454545453,0.06351035058540389,0.0,0.3159163871507852,0.9118236472945892,1.0,0.683773050097571,instance,random_kDN_top10
1,0.22943786878213113,0.2,0.0,0.45454545454545453,0.10307772255996195,0.0,0.48157161615436417,0.9959919839679359,0.9,0.731993517739677,instance,random_kDN_top10
1,0.18563194269565464,0.0,0.125,0.8181818181818182,0.4851584555724784,0.0,0.4194445224111085,0.9899799599198397,1.0,0.21747525063053788,instance,random_kDN_top10
1,0.5498426891869514,0.8,0.0625,0.6363636363636364,0.4927620743641339,0.5,0.5227795169526885,1.0,1.0,-0.13041587846762712,instance,random_kDN_top10
1,0.19546070460704612,0.0,0.08163265306122447,0.7272727272727273,0.5026111357184854,0.0,0.40918350875288445,0.9739478957915831,1.0,0.227772587432867,instance,random_kDN_top10
1,0.23355562395266916,0.4,0.0625,0.6363636363636364,0.15134818671785455,0.5,0.5135311921847032,1.0,1.0,0.5602339359072599,instance,random_kDN_top10
1,0.08014571948998184,0.0,0.125,0.45454545454545453,0.04284585106033306,0.0,0.35535360563125673,0.9639278557114228,0.8,0.7050070145754328,instance,random_kDN_top10
1,0.26340972047343236,0.0,0.017241379310344862,0.45454545454545453,0.23217763614643755,0.0,0.36697333526246523,0.969939879759519,1.0,0.33229080367283464,instance,random_kDN_top10
1,0.14356011981172445,0.2,0.023255813953488413,0.45454545454545453,0.2762217381664209,0.0,0.4500514988532409,0.9959919839679359,1.0,0.04867557278423383,instance,random_kDN_top10
1,0.1522986093623212,0.2,0.0,0.6363636363636364,0.3602282128871873,0.0,0.43290308952554013,0.9959919839679359,1.0,0.3226838692253053,instance,random_kDN_top10
1,0.24681238615664858,0.6,0.375,0.5454545454545454,0.9533842040690824,0.6666666666666666,0.4167322105867979,0.9979959919839679,1.0,-0.00529987737676661,instance,random_kDN_top10
1,0.2324977416440831,0.2,0.08163265306122447,0.7272727272727273,0.12378713993924234,0.25,0.3865103268030837,0.9939879759519038,1.0,0.5791455834133507,instance,random_kDN_top10
1,0.1522986093623212,0.2,0.040000000000000036,0.7272727272727273,0.2616525353417458,0.0,0.44275732591698946,0.9919839679358717,1.0,0.29826237982462744,instance,random_kDN_top10
1,0.1260162601626016,0.0,0.007633587786259555,0.45454545454545453,0.24522965846555944,0.0,0.2780302632600278,0.9539078156312625,1.0,0.5454329382059847,instance,random_kDN_top10
1,0.24567437982072127,0.2,0.935064935064935,0.5454545454545454,0.8184052892694209,0.0,0.47520918577461024,0.9939879759519038,1.0,0.0021462341571624774,instance,random_kDN_top10
1,0.16070127504553733,0.2,0.12962962962962965,0.8181818181818182,0.06545865733567302,0.0,0.3374849314026298,0.9939879759519038,0.9,0.4493050719687718,instance,random_kDN_top10
1,0.09403460837887057,0.0,0.12962962962962965,0.8181818181818182,0.15450787712957226,0.0,0.402573117124299,0.9799599198396793,0.9,0.32180599000518195,instance,random_kDN_top10
1,0.134199773544036,0.0,0.0625,0.6363636363636364,0.1235559010675692,0.0,0.42910898380665696,0.9839679358717435,1.0,0.7893874962114192,instance,random_kDN_top10
1,0.2324977416440831,0.2,0.08163265306122447,0.7272727272727273,0.10526303378534341,0.5,0.4166877825485791,0.9979959919839679,0.9,0.4696097081172511,instance,random_kDN_top10
1,0.1260162601626016,0.0,0.023255813953488413,0.45454545454545453,0.23446902764126631,0.0,0.4117489035627535,0.9839679358717435,1.0,0.24239612688392673,instance,random_kDN_top10
1,0.1522986093623212,0.0,0.08163265306122447,0.7272727272727273,0.1552920908388679,0.0,0.4433387140265288,0.9879759519038076,1.0,0.24529967880340087,instance,random_kDN_top10
1,0.28804592739018975,0.2,0.040000000000000036,0.6363636363636364,0.2992156546729061,0.25,0.46840212096465195,0.9979959919839679,1.0,0.03856549649117679,instance,random_kDN_top10
1,0.5783972125435539,0.8,0.023255813953488413,0.45454545454545453,0.3105253487570563,1.0,0.5511626272265313,1.0,1.0,0.3072108992881749,instance,random_kDN_top10
1,0.134199773544036,0.0,0.040000000000000036,0.6363636363636364,0.043180807143244127,0.0,0.42136070166542183,0.9639278557114228,0.8,0.8131186659330376,instance,random_kDN_top10
1,0.0,0.0,0.0,0.36363636363636365,0.6807163883228401,0.0,0.40458864951382667,0.9879759519038076,1.0,0.24939878894686274,instance,random_kDN_top10
1,0.1260162601626016,0.0,0.007633587786259555,0.45454545454545453,0.11469012570015363,0.0,0.3607435612137644,0.9719438877755511,1.0,0.6086447672500707,instance,random_kDN_top10
1,0.0,0.0,0.08163265306122447,0.7272727272727273,0.042340172737817816,0.0,0.4292254566420457,0.9879759519038076,0.8,0.7778920129858992,instance,random_kDN_top10
1,0.26340972047343236,0.0,0.040000000000000036,0.6363636363636364,0.06182947160850888,0.0,0.3901063021673852,0.9579158316633266,0.9,0.7335420812596642,instance,random_kDN_top10
1,0.1668889572860025,0.0,0.007633587786259555,0.45454545454545453,0.045491251063738525,0.0,0.31562080336649745,0.9318637274549099,1.0,1.0512532285523795,instance,random_kDN_top10
1,0.26340972047343236,0.0,0.017241379310344862,0.5454545454545454,0.3573107598370879,0.0,0.43569371445390204,0.9859719438877755,1.0,0.2974834788150684,instance,random_kDN_top10
1,0.5560233364869127,0.4,0.023255813953488413,0.45454545454545453,0.06599242132846894,0.0,0.4921099811976367,0.9979959919839679,1.0,0.4442312731665039,instance,random_kDN_top10
1,0.8245014245014245,0.4,0.8958333333333334,0.9090909090909091,0.8247314478392039,0.5,0.3838480868244648,0.9979959919839679,1.0,0.09332528467963248,instance,random_kDN_top10
1,0.14219759926131115,0.0,0.017241379310344862,0.45454545454545453,0.08954624074133238,0.0,0.3918237350889934,0.9819639278557114,0.9,0.3412244927761117,instance,random_kDN_top10
1,0.29329342743976883,0.0,0.8958333333333334,0.9090909090909091,0.6834177786552206,0.0,0.41779933131883706,0.9839679358717435,1.0,0.14597774091573856,instance,random_kDN_top10
1,0.1260162601626016,0.0,0.023255813953488413,0.45454545454545453,0.07478052009553215,0.0,0.37260317440863244,0.9559118236472945,1.0,0.3699104206030851,instance,random_kDN_top10
1,0.14219759926131115,0.0,0.017241379310344862,0.45454545454545453,0.1514264806895046,0.0,0.32833482017788795,0.9859719438877755,0.9,0.04560015972456469,instance,random_kDN_top10
1,0.24567437982072127,0.0,0.023255813953488413,0.45454545454545453,0.08589449316211456,0.0,0.35584148195817433,0.9258517034068137,1.0,0.5717977083777939,instance,random_kDN_top10
1,0.22943786878213113,0.2,0.12962962962962965,0.8181818181818182,0.10036508170376057,0.0,0.4399512793488992,0.9919839679358717,1.0,0.7150610531600046,instance,random_kDN_top10
1,0.14219759926131115,0.0,0.007633587786259555,0.45454545454545453,0.07894486671292328,0.0,0.29792351770950143,0.9318637274549099,1.0,0.44470200761422013,instance,random_kDN_top10
1,0.0,0.4,0.023255813953488413,0.45454545454545453,0.5424862032540699,0.0,0.45002998032412966,0.9979959919839679,1.0,0.1000132165050773,instance,random_kDN_top10
1,0.26340972047343236,0.0,0.040000000000000036,0.6363636363636364,0.09966164227979313,0.0,0.32930992291002115,0.9879759519038076,1.0,0.44031765616071866,instance,random_kDN_top10
1,0.5726900031535793,0.4,0.9743589743589743,0.6363636363636364,0.6832650325541906,0.0,0.46944577722889613,0.9939879759519038,1.0,-0.019295541657381614,instance,random_kDN_top10
1,0.134199773544036,0.0,0.040000000000000036,0.6363636363636364,0.052984346725993614,0.0,0.3743606562590909,0.8657314629258517,0.9,0.7265718227620751,instance,random_kDN_top10
1,0.1522986093623212,0.2,0.040000000000000036,0.7272727272727273,0.15206156553528893,0.0,0.4019377003303658,0.9919839679358717,1.0,0.25343194406895925,instance,random_kDN_top10
1,0.08014571948998184,0.0,0.040000000000000036,0.7272727272727273,0.7273319618596523,0.0,0.4369376123201778,0.9719438877755511,1.0,0.1773963122264415,instance,random_kDN_top10
1,0.18563194269565464,0.0,0.040000000000000036,0.7272727272727273,0.12197991473799086,0.0,0.3611951830719674,0.9719438877755511,1.0,0.4828636770907923,instance,random_kDN_top10
1,0.24567437982072127,0.0,0.040000000000000036,0.6363636363636364,0.06321871877297419,0.0,0.29525733264435583,0.8837675350701403,1.0,0.6420535666931476,instance,random_kDN_top10
1,0.08014571948998184,0.0,0.007633587786259555,0.45454545454545453,0.04554103114399061,0.0,0.3184034777126499,0.9278557114228457,1.0,0.2367837877931777,instance,random_kDN_top10
1,0.26340972047343236,0.4,0.040000000000000036,0.7272727272727273,0.6055955222761069,0.0,0.3665751604503308,0.9939879759519038,1.0,0.4114487745148824,instance,random_kDN_top10
1,0.1522986093623212,0.0,0.007633587786259555,0.45454545454545453,0.0971697240286945,0.0,0.3044621129747165,0.935871743486974,1.0,0.6661704360084756,instance,random_kDN_top10
1,0.29329342743976883,0.8,0.040000000000000036,0.6363636363636364,0.5558988616083362,0.5,0.5011538084104152,1.0,1.0,0.23815589646494906,instance,random_kDN_top10
1,0.14219759926131115,0.0,0.017241379310344862,0.45454545454545453,0.051897779174215786,0.0,0.3377971109909774,0.9418837675350702,0.9,0.6468086823901805,instance,random_kDN_top10
1,0.29329342743976883,0.0,0.007633587786259555,0.45454545454545453,0.2838618335236049,0.0,0.41579719774493873,0.9839679358717435,1.0,0.7210079502912158,instance,random_kDN_top10
1,0.7486159290795051,1.0,0.12962962962962965,0.8181818181818182,0.5032594904898996,1.0,0.5813520414109646,1.0,1.0,0.006461901778202764,instance,random_kDN_top10
1,0.14219759926131115,0.0,0.017241379310344862,0.45454545454545453,0.8153064841469808,0.0,0.35169211292693814,0.9318637274549099,1.0,0.27814365362192833,instance,random_kDN_top10
1,0.23355562395266916,0.0,0.007633587786259555,0.45454545454545453,0.04739777596101058,0.0,0.41660209879536003,0.9579158316633266,0.9,0.16533138876531253,instance,random_kDN_top10
1,0.14356011981172445,0.0,0.007633587786259555,0.45454545454545453,0.10755693145377865,0.0,0.33915978696127214,0.905811623246493,1.0,0.47870009768250277,instance,random_kDN_top10
1,0.08014571948998184,0.0,0.125,0.45454545454545453,0.04764377249907392,0.0,0.3324211327135077,0.9458917835671343,1.0,0.8818069486216031,instance,random_kDN_top10
1,0.24681238615664858,0.0,0.12962962962962965,0.9090909090909091,0.38066632922451005,0.0,0.37572893914394023,0.9679358717434869,1.0,0.2320425102472113,instance,random_kDN_top10
1,0.1522986093623212,0.0,0.08163265306122447,0.7272727272727273,0.0840850181038722,0.0,0.4006549420093397,0.9859719438877755,1.0,0.4834954622334061,instance,random_kDN_top10
1,0.0,0.4,0.375,0.6363636363636364,0.7563786858523835,1.0,0.5185910236241129,1.0,1.0,-0.20332493824086423,instance,random_kDN_top10
1,0.1522986093623212,0.0,0.007633587786259555,0.45454545454545453,0.1883279922193971,0.0,0.38678579240917643,0.9599198396793587,1.0,0.3184005273491872,instance,random_kDN_top10
1,0.32467596402022636,0.6,0.11111111111111116,0.6363636363636364,0.35344394471127727,1.0,0.5200293158957364,1.0,1.0,0.2426542762068987,instance,random_kDN_top10
1,0.38966952901379137,0.2,0.4,0.8181818181818182,0.49420411231416495,0.6666666666666666,0.3909135934791229,0.9939879759519038,1.0,0.16138316178006845,instance,random_kDN_top10
1,0.26340972047343236,0.4,0.017241379310344862,0.45454545454545453,0.10420260304936324,0.0,0.38709549460707593,0.9979959919839679,1.0,0.40281575426411864,instance,random_kDN_top10
1,0.14219759926131115,0.0,0.017241379310344862,0.45454545454545453,0.7314897684546989,0.0,0.3749122546133824,0.9759519038076152,1.0,0.008859710334114711,instance,random_kDN_top10
1,0.14356011981172445,0.0,0.007633587786259555,0.45454545454545453,0.04260531884186136,0.0,0.4191695862557918,0.9458917835671343,0.9,0.19959078668903307,instance,random_kDN_top10
1,0.14219759926131115,0.0,0.007633587786259555,0.45454545454545453,0.04888574074015056,0.0,0.3405836245600198,0.9318637274549099,1.0,0.8438859267450322,instance,random_kDN_top10
1,0.0,0.0,0.023255813953488413,0.45454545454545453,0.04767273206538303,0.0,0.29318078514096546,0.9519038076152304,1.0,0.3387997444093403,instance,random_kDN_top10
1,0.44916762454119563,0.4,0.040000000000000036,0.6363636363636364,0.5009222845403131,0.5,0.5438081920564413,1.0,1.0,0.412697063325315,instance,random_kDN_top10
1,0.1522986093623212,0.0,0.08163265306122447,0.7272727272727273,0.2339888152829902,0.0,0.4212737996844289,0.9879759519038076,1.0,0.1064196015897535,instance,random_kDN_top10
1,0.08014571948998184,0.2,0.12962962962962965,0.8181818181818182,0.12219687008586944,0.5,0.4005154948503141,0.9959919839679359,1.0,0.5450872117654776,instance,random_kDN_top10
1,0.26340972047343236,0.0,0.017241379310344862,0.45454545454545453,0.058584034070953195,0.0,0.40068953533486584,0.9879759519038076,0.9,0.5848561124578574,instance,random_kDN_top10
1,0.37224454761811865,0.4,0.8958333333333334,0.7272727272727273,0.6506608406154175,0.5,0.4314937049749997,0.9979959919839679,1.0,0.0624044247208396,instance,random_kDN_top10
1,0.0,0.0,0.0,0.36363636363636365,0.5457545307138676,0.0,0.39880032129606624,0.9879759519038076,0.9,0.27459703489640436,instance,random_kDN_top10
1,0.16070127504553733,0.0,0.12962962962962965,0.8181818181818182,0.08926696215592311,0.0,0.37535200628076537,0.9839679358717435,1.0,0.04298783037569307,instance,random_kDN_top10
1,0.3579234972677596,0.6,0.125,0.45454545454545453,0.7837945095901271,1.0,0.5824411111613413,1.0,1.0,-0.16571657442482673,instance,random_kDN_top10
1,0.14219759926131115,0.2,0.017241379310344862,0.45454545454545453,0.607453265552068,0.0,0.41929578196117445,0.9959919839679359,1.0,0.006970361339501379,instance,random_kDN_top10
1,0.26340972047343236,0.0,0.125,0.45454545454545453,0.04503765667507065,0.0,0.3969880629558633,0.9639278557114228,0.9,0.6006416971826539,instance,random_kDN_top10
1,0.37224454761811865,0.4,0.8958333333333334,0.7272727272727273,0.6514379745787579,0.0,0.40315588515321776,0.9939879759519038,1.0,0.2864303349088984,instance,random_kDN_top10
1,0.1260162601626016,0.2,0.8,0.7272727272727273,0.15651088666839835,0.0,0.39226735574754235,0.9919839679358717,0.9,-0.09134477060404268,instance,random_kDN_top10
1,0.44916762454119563,0.4,0.007633587786259555,0.45454545454545453,0.22074234168161366,0.0,0.4776077834523711,0.9939879759519038,1.0,0.2563241155505629,instance,random_kDN_top10
1,0.1668889572860025,0.2,0.007633587786259555,0.45454545454545453,0.5086820954454088,0.5,0.5347067607249862,1.0,1.0,0.6644902573788121,instance,random_kDN_top10
1,0.134199773544036,0.0,0.007633587786259555,0.45454545454545453,0.13769814911252187,0.0,0.38640650897075546,0.9739478957915831,1.0,0.024357212922455216,instance,random_kDN_top10
1,0.6644198214835335,0.6,0.017241379310344862,0.45454545454545453,0.7615655207284229,0.5,0.40623611348709077,0.9979959919839679,1.0,-0.1324933645979706,instance,random_kDN_top10
1,0.26340972047343236,0.0,0.040000000000000036,0.6363636363636364,0.09297131459100577,0.0,0.41660560191939433,0.9879759519038076,1.0,0.3529702302948622,instance,random_kDN_top10
1,0.1260162601626016,0.0,0.0625,0.6363636363636364,0.08952748613532568,0.0,0.37708758329869285,0.9839679358717435,1.0,-0.44425711321228933,instance,random_kDN_top10
1,0.24681238615664858,0.4,0.375,0.5454545454545454,0.9278882400578292,0.0,0.4417651009262157,0.9979959919839679,1.0,-0.16358680812291704,instance,random_kDN_top10
1,0.1260162601626016,0.0,0.023255813953488413,0.45454545454545453,0.5518556960684893,0.0,0.3378984602062708,0.9539078156312625,1.0,0.24378333727456988,instance,random_kDN_top10
1,0.08014571948998184,0.2,0.040000000000000036,0.6363636363636364,0.2396084805957247,0.0,0.4022648153800015,0.9919839679358717,1.0,0.5187786667925411,instance,random_kDN_top10
1,0.38966952901379137,0.2,0.12962962962962965,0.9090909090909091,0.48804969587637737,0.25,0.43507873513442097,0.9959919839679359,1.0,0.36213139531567257,instance,random_kDN_top10
1,0.26340972047343236,0.0,0.007633587786259555,0.45454545454545453,0.08807087846546802,0.0,0.3775517676937864,0.9819639278557114,1.0,0.3828139724808697,instance,random_kDN_top10
1,0.14219759926131115,0.0,0.0,0.7272727272727273,0.8948483449387753,0.0,0.41039788988083226,0.9739478957915831,1.0,0.0795481812280466,instance,random_kDN_top10
1,0.1260162601626016,0.2,0.023255813953488413,0.45454545454545453,0.7191124380175744,0.0,0.4920726622478412,0.9979959919839679,1.0,0.0652112114274981,instance,random_kDN_top10
1,0.0,0.0,0.023255813953488413,0.45454545454545453,0.6131258068100119,0.0,0.4398997282745467,0.9859719438877755,1.0,0.19674461283805963,instance,random_kDN_top10
1,0.32467596402022636,0.4,0.007633587786259555,0.45454545454545453,0.30627129998884517,1.0,0.5529766188395435,1.0,1.0,0.5373870978010085,instance,random_kDN_top10
1,0.14219759926131115,0.0,0.017241379310344862,0.45454545454545453,0.4839446298387665,0.0,0.35662821696513813,0.9659318637274549,1.0,0.008440062913231492,instance,random_kDN_top10
1,0.08014571948998184,0.0,0.040000000000000036,0.6363636363636364,0.04521578882420857,0.0,0.35865212415321923,0.9759519038076152,0.9,0.5077758209092788,instance,random_kDN_top10
1,0.14219759926131115,0.0,0.040000000000000036,0.8181818181818182,0.05525958082391452,0.0,0.4125375001809104,0.9899799599198397,0.9,0.4361437762691951,instance,random_kDN_top10
1,0.2324977416440831,0.0,0.08163265306122447,0.7272727272727273,0.22289128079647347,0.0,0.4176456673386366,0.9739478957915831,1.0,0.6867310162285347,instance,random_kDN_top10
1,0.1260162601626016,0.0,0.0,0.6363636363636364,0.397551786695145,0.0,0.29542076468243494,0.9679358717434869,1.0,0.3263655476950793,instance,random_kDN_top10
1,0.1668889572860025,0.0,0.007633587786259555,0.45454545454545453,0.06854535697489428,0.0,0.30679650572484785,0.9378757515030061,1.0,0.798944376587426,instance,random_kDN_top10
1,0.09403460837887057,0.2,0.12962962962962965,0.8181818181818182,0.060117353246725624,0.0,0.4293044158264614,0.9939879759519038,0.9,0.3083952500656919,instance,random_kDN_top10
1,0.24681238615664858,0.0,0.375,0.5454545454545454,0.9542941811216403,0.0,0.41700887484284876,0.9819639278557114,1.0,-0.21836811462141534,instance,random_kDN_top10
1,0.08014571948998184,0.0,0.0,0.7272727272727273,0.8592192507383198,0.0,0.3912024542759299,0.9779559118236473,1.0,0.3229907545110079,instance,random_kDN_top10
1,0.20855562395266913,0.2,0.08163265306122447,0.7272727272727273,0.11369103560145621,0.5,0.4561158326977546,0.9939879759519038,1.0,0.2652649349245411,instance,random_kDN_top10
1,0.09403460837887057,0.0,0.12962962962962965,0.8181818181818182,0.9181037627773077,0.0,0.31220163304385684,0.9819639278557114,1.0,0.11017457855690858,instance,random_kDN_top10
1,0.1260162601626016,0.0,0.007633587786259555,0.45454545454545453,0.1436326791246486,0.0,0.38654831613044804,0.9679358717434869,1.0,0.8291914034055514,instance,random_kDN_top10
1,0.4134790528233151,0.6,0.017241379310344862,0.5454545454545454,0.5186979767268847,0.0,0.3970921126577466,0.9979959919839679,1.0,-0.25374900061302114,instance,random_kDN_top10
1,0.7523057090850748,0.4,0.007633587786259555,0.45454545454545453,0.6457844816142367,0.3333333333333333,0.4872839532604629,0.9959919839679359,1.0,0.3909540489006505,instance,random_kDN_top10
1,0.134199773544036,0.0,0.007633587786259555,0.45454545454545453,0.06527647597984298,0.0,0.3107959827306631,0.8897795591182365,1.0,0.7548547396216206,instance,random_kDN_top10
1,0.24567437982072127,0.0,0.935064935064935,0.5454545454545454,0.34748338824194824,0.0,0.42996132124383046,0.9799599198396793,1.0,0.44017800615151964,instance,random_kDN_top10
1,0.1260162601626016,0.0,0.007633587786259555,0.45454545454545453,0.31607186001298676,0.0,0.2635478926649997,0.9278557114228457,1.0,0.5510627735210835,instance,random_kDN_top10
1,0.14219759926131115,0.0,0.017241379310344862,0.5454545454545454,0.3298340108889648,0.0,0.39811612261579243,0.9899799599198397,1.0,0.27592511431859673,instance,random_kDN_top10
1,0.18563194269565464,0.0,0.08163265306122447,0.7272727272727273,0.11135956271963776,0.0,0.35491790248998634,0.9619238476953907,1.0,0.9475429915399571,instance,random_kDN_top10
1,0.23355562395266916,0.2,0.007633587786259555,0.45454545454545453,0.33698699992189407,0.0,0.4097701533839805,0.9919839679358717,1.0,0.6135910176596854,instance,random_kDN_top10
1,0.0,0.0,0.017241379310344862,0.45454545454545453,0.04775552491974511,0.0,0.21089576809743393,0.9719438877755511,0.8,0.12709354256832095,instance,random_kDN_top10
1,0.28804592739018975,0.6,0.007633587786259555,0.45454545454545453,0.28770237182613184,0.6666666666666666,0.4418368472152827,0.9979959919839679,1.0,0.018309178866632185,instance,random_kDN_top10
1,0.28804592739018975,0.2,0.0625,0.6363636363636364,0.4419655817465534,0.0,0.42547043532648776,0.9939879759519038,1.0,0.09182726799331138,instance,random_kDN_top10
1,0.14219759926131115,0.2,0.7692307692307692,0.8181818181818182,0.6765084503355538,0.0,0.4407850875741246,0.9919839679358717,1.0,-0.016984719572084084,instance,random_kDN_top10
1,0.1668889572860025,0.0,0.007633587786259555,0.45454545454545453,0.05197566373544904,0.0,0.3608889426403534,0.9799599198396793,1.0,0.6830913771106512,instance,random_kDN_top10
1,0.24681238615664858,0.6,0.12962962962962965,0.8181818181818182,0.49889183638189727,1.0,0.5283622203626512,1.0,1.0,0.03445384472028905,instance,random_kDN_top10
1,0.134199773544036,0.2,0.935064935064935,0.6363636363636364,0.2624567383911933,0.0,0.48409055018852243,0.9939879759519038,1.0,0.40421210333948604,instance,random_kDN_top10
1,0.14219759926131115,0.0,0.08163265306122447,0.7272727272727273,0.05232510655057021,0.0,0.38503838897601816,0.9579158316633266,0.9,0.6573931053328205,instance,random_kDN_top10
1,0.0,0.2,0.023255813953488413,0.45454545454545453,0.21315261743041602,0.0,0.4598081413586812,0.9939879759519038,1.0,0.1903344451048588,instance,random_kDN_top10
1,0.22943786878213113,0.2,0.12962962962962965,0.8181818181818182,0.12069700064103628,0.2,0.4988523513773959,0.9979959919839679,1.0,0.1517286737772007,instance,random_kDN_top10
1,0.08014571948998184,0.0,0.11111111111111116,0.6363636363636364,0.2550752156034082,0.0,0.3970417882707572,0.969939879759519,1.0,0.2695724626049706,instance,random_kDN_top10
1,0.14219759926131115,0.0,0.017241379310344862,0.45454545454545453,0.06046494340177738,0.0,0.3736607717272442,0.9799599198396793,0.9,0.4279984035787299,instance,random_kDN_top10
1,0.19546070460704612,0.2,0.023255813953488413,0.45454545454545453,0.5800217546133254,0.0,0.3064605793804609,0.9919839679358717,1.0,0.09385893824991186,instance,random_kDN_top10
1,0.19546070460704612,0.2,0.08163265306122447,0.7272727272727273,0.46654164581167906,0.0,0.46205137841110766,0.9939879759519038,1.0,0.13368366075809157,instance,random_kDN_top10
1,0.14219759926131115,0.0,0.125,0.45454545454545453,0.048590602526291105,0.0,0.3974967796443153,0.9478957915831663,0.9,0.3361184187734092,instance,random_kDN_top10
1,0.24567437982072127,0.4,0.9393939393939394,0.8181818181818182,0.5151207560603691,0.25,0.46749686439690197,0.9959919839679359,1.0,0.14506352782308168,instance,random_kDN_top10
1,0.09403460837887057,0.0,0.12962962962962965,0.8181818181818182,0.27208795875363967,0.0,0.3813552452815441,0.9799599198396793,1.0,-0.07452279167175595,instance,random_kDN_top10
1,0.29329342743976883,0.0,0.040000000000000036,0.7272727272727273,0.5728302888833534,0.0,0.4262046712554969,0.9839679358717435,1.0,0.30097353931987586,instance,random_kDN_top10
1,0.1260162601626016,0.0,0.007633587786259555,0.45454545454545453,0.17232774303070536,0.0,0.39237615175110785,0.9519038076152304,1.0,0.47772765773974923,instance,random_kDN_top10
1,0.14219759926131115,0.0,0.007633587786259555,0.45454545454545453,0.12883728682896767,0.0,0.31670355426054697,0.9418837675350702,1.0,0.3205377791045565,instance,random_kDN_top10
1,0.14219759926131115,0.0,0.017241379310344862,0.45454545454545453,0.04773331511263301,0.0,0.3543369766973551,0.9839679358717435,0.9,0.7738651322649587,instance,random_kDN_top10
1,0.14219759926131115,0.0,0.007633587786259555,0.45454545454545453,0.1836374640923923,0.0,0.3775095541730603,0.9639278557114228,1.0,0.17309324688100264,instance,random_kDN_top10
1,0.14219759926131115,0.8,0.125,0.5454545454545454,0.18405549462839765,0.0,0.4581326376376662,0.9979959919839679,0.8,0.2341242005020362,instance,random_kDN_top10
1,0.134199773544036,0.0,0.007633587786259555,0.45454545454545453,0.04338327016471266,0.0,0.4217461946208879,0.9398797595190381,0.8,0.6118256603871061,instance,random_kDN_top10
1,0.191179167430772,0.0,0.0625,0.6363636363636364,0.08813460361881437,0.0,0.39021635105613783,0.9759519038076152,1.0,0.4085367630418838,instance,random_kDN_top10
1,0.23355562395266916,0.0,0.007633587786259555,0.45454545454545453,0.07532473986558685,0.0,0.3465162958379534,0.9338677354709419,1.0,0.7372022966571556,instance,random_kDN_top10
1,0.14219759926131115,0.0,0.017241379310344862,0.45454545454545453,0.12281648988375932,0.0,0.2893485185324238,0.9438877755511021,1.0,0.23234876231298043,instance,random_kDN_top10
1,0.08014571948998184,0.0,0.125,0.45454545454545453,0.044137320985551065,0.0,0.3953512191037327,0.9759519038076152,0.9,0.5742357211856836,instance,random_kDN_top10
1,0.20855562395266913,0.0,0.007633587786259555,0.45454545454545453,0.05581893026378071,0.0,0.3679457306154025,0.9478957915831663,1.0,0.25445035197803684,instance,random_kDN_top10
1,0.1260162601626016,0.0,0.023255813953488413,0.45454545454545453,0.0719486362751921,0.0,0.3125321292542773,0.9178356713426854,0.9,0.5627321504230746,instance,random_kDN_top10
1,0.26340972047343236,0.0,0.017241379310344862,0.45454545454545453,0.2754460990258484,0.0,0.4563073131968861,0.9899799599198397,1.0,0.7228531471937772,instance,random_kDN_top10
1,0.1260162601626016,0.0,0.007633587786259555,0.45454545454545453,0.046561951736503626,0.0,0.3044619768152783,0.9218436873747495,0.9,1.2723767280456186,instance,random_kDN_top10
1,0.14219759926131115,0.0,0.08163265306122447,0.7272727272727273,0.04289734407584117,0.0,0.32810977565587995,0.9599198396793587,0.8,0.1694334988229008,instance,random_kDN_top10
1,0.09403460837887057,0.0,0.040000000000000036,0.6363636363636364,0.053706335661494076,0.0,0.35348609762539174,0.9659318637274549,1.0,0.9766025994566692,instance,random_kDN_top10
1,0.1522986093623212,0.0,0.007633587786259555,0.45454545454545453,0.07429452632077427,0.0,0.32054734340387947,0.9579158316633266,1.0,0.683031576239536,instance,random_kDN_top10
1,0.14219759926131115,0.0,0.08163265306122447,0.7272727272727273,0.13190130496880859,0.0,0.39626989690978587,0.9599198396793587,1.0,0.13743496408824743,instance,random_kDN_top10
1,0.8396072963866621,1.0,0.0,0.7272727272727273,0.523142549419125,1.0,0.5296877364802042,1.0,1.0,0.12130615747525401,instance,random_kDN_top10
1,0.1522986093623212,0.2,0.0,0.6363636363636364,0.2538821284098899,0.0,0.39316019783273437,0.9919839679358717,1.0,0.1407758585182506,instance,random_kDN_top10
1,0.14219759926131115,0.0,0.017241379310344862,0.45454545454545453,0.0732510067958172,0.0,0.37445061999533924,0.9899799599198397,0.9,0.3958762273600189,instance,random_kDN_top10
1,0.1668889572860025,0.0,0.007633587786259555,0.45454545454545453,0.4114961405367631,0.0,0.4114901302758721,0.9719438877755511,1.0,0.36926630410784533,instance,random_kDN_top10
1,0.1260162601626016,0.0,0.023255813953488413,0.45454545454545453,0.3130062335908582,0.0,0.3814983107554871,0.9839679358717435,0.9,0.10916721900942578,instance,random_kDN_top10
1,0.134199773544036,0.0,0.007633587786259555,0.45454545454545453,0.07259408849701698,0.0,0.3198221438823168,0.9579158316633266,1.0,0.7262233983147427,instance,random_kDN_top10
1,0.44916762454119563,0.4,0.040000000000000036,0.7272727272727273,0.5541908828550125,1.0,0.5120517447610758,1.0,1.0,0.27960261632910804,instance,random_kDN_top10
1,0.14219759926131115,0.4,0.040000000000000036,0.7272727272727273,0.04650132136270335,0.5,0.4864504461832959,0.9959919839679359,0.9,0.26523010356372534,instance,random_kDN_top10
1,0.1260162601626016,0.0,0.08163265306122447,0.7272727272727273,0.14736707897901952,0.0,0.32916091582960905,0.9659318637274549,1.0,0.5555995546876116,instance,random_kDN_top10
1,0.08014571948998184,0.0,0.125,0.45454545454545453,0.10784863447694237,0.0,0.4072789750238067,0.9779559118236473,1.0,0.11472915109494862,instance,random_kDN_top10
1,0.24567437982072127,0.0,0.0,0.5454545454545454,0.07901672036995999,0.0,0.33996762086859866,0.9599198396793587,1.0,0.3582063919535448,instance,random_kDN_top10
1,0.191179167430772,0.0,0.007633587786259555,0.45454545454545453,0.07455970227316683,0.0,0.3288471682681362,0.9398797595190381,1.0,0.41200456400020014,instance,random_kDN_top10
1,0.0,0.6,0.4,0.8181818181818182,0.7258830482894886,0.3333333333333333,0.3321759905784055,0.9979959919839679,1.0,0.11330967332212163,instance,random_kDN_top10
1,0.8396072963866621,1.0,0.935064935064935,0.8181818181818182,0.5679016866032044,1.0,0.5378743142208571,1.0,1.0,-0.014397696574218365,instance,random_kDN_top10
1,0.2324977416440831,0.0,0.08163265306122447,0.7272727272727273,0.07663732719328581,0.0,0.3847428404800137,0.9619238476953907,0.9,0.6175248432991183,instance,random_kDN_top10
1,0.26340972047343236,0.0,0.040000000000000036,0.6363636363636364,0.14110072694941006,0.0,0.2618477406933011,0.9478957915831663,1.0,0.6724565530574487,instance,random_kDN_top10
1,0.134199773544036,0.0,0.040000000000000036,0.6363636363636364,0.05863739374129118,0.0,0.3477736184974761,0.9659318637274549,0.9,0.6178602043515857,instance,random_kDN_top10
1,0.1668889572860025,0.0,0.007633587786259555,0.45454545454545453,0.059167277668339735,0.0,0.32445453149679604,0.9278557114228457,0.9,0.8065889580104879,instance,random_kDN_top10
1,0.08014571948998184,0.0,0.040000000000000036,0.6363636363636364,0.3255149261911837,0.0,0.4037064706146314,0.9779559118236473,1.0,0.6354407610411997,instance,random_kDN_top10
1,0.26340972047343236,0.0,0.007633587786259555,0.45454545454545453,0.11421874270666738,0.0,0.29425572087216056,0.9659318637274549,1.0,0.6953686127013751,instance,random_kDN_top10
1,0.1260162601626016,0.0,0.023255813953488413,0.45454545454545453,0.043465742463848045,0.0,0.3375326129712446,0.9478957915831663,0.9,0.5142088324444875,instance,random_kDN_top10
1,0.24567437982072127,0.0,0.040000000000000036,0.6363636363636364,0.23375135686956366,0.0,0.4059098364489794,0.9579158316633266,1.0,0.5171776809446598,instance,random_kDN_top10
1,0.08014571948998184,0.0,0.0,0.7272727272727273,0.7054476861193683,0.0,0.45782176934079044,0.9879759519038076,1.0,0.19744924719674803,instance,random_kDN_top10
1,0.0,0.2,0.08163265306122447,0.7272727272727273,0.07119524297262414,0.0,0.4176042435527929,0.9919839679358717,0.9,0.024759943923395672,instance,random_kDN_top10
1,0.4134790528233151,0.6,0.0,0.7272727272727273,0.6304872511865496,0.6,0.4497351653605812,0.9979959919839679,1.0,0.04736207433574928,instance,random_kDN_top10
1,0.628654804028375,0.6,0.040000000000000036,0.6363636363636364,0.6666079547107708,0.0,0.4510932439561707,0.9959919839679359,1.0,0.06416262014248031,instance,random_kDN_top10
1,0.18563194269565464,0.0,0.08163265306122447,0.7272727272727273,0.09822095724855012,0.0,0.28041884327185185,0.9719438877755511,1.0,0.5088268164962135,instance,random_kDN_top10
1,0.134199773544036,0.0,0.11111111111111116,0.6363636363636364,0.11393795399195683,0.0,0.39151624688054654,0.9599198396793587,1.0,0.6364269282264164,instance,random_kDN_top10
1,0.1668889572860025,0.0,0.007633587786259555,0.45454545454545453,0.13199829629257642,0.0,0.29703978862168334,0.9298597194388778,1.0,0.7327494551285699,instance,random_kDN_top10
1,0.26340972047343236,0.0,0.017241379310344862,0.45454545454545453,0.19377465982038078,0.0,0.3738372862230569,0.9839679358717435,1.0,0.23008629457959529,instance,random_kDN_top10
1,0.0,0.0,0.023255813953488413,0.45454545454545453,0.04812880048710527,0.0,0.35747035464277177,0.9859719438877755,0.9,0.24945768956728068,instance,random_kDN_top10
1,0.134199773544036,0.0,0.007633587786259555,0.45454545454545453,0.18714286231310323,0.0,0.40497756558836817,0.9799599198396793,1.0,0.14724512098375173,instance,random_kDN_top10
1,0.4134790528233151,0.8,0.4,0.8181818181818182,0.6255411079505657,0.5,0.46812390760290334,0.9979959919839679,1.0,0.10547461426040235,instance,random_kDN_top10
1,0.1260162601626016,0.0,0.007633587786259555,0.45454545454545453,0.16094089930053262,0.0,0.3773642954259012,0.9559118236472945,1.0,0.6402870378946832,instance,random_kDN_top10
1,0.26340972047343236,0.0,0.017241379310344862,0.45454545454545453,0.07077243908423769,0.0,0.4576171937344907,0.9799599198396793,1.0,0.6346494350147402,instance,random_kDN_top10
1,0.26340972047343236,0.0,0.040000000000000036,0.6363636363636364,0.455526187005144,0.0,0.4012484600636059,0.9839679358717435,1.0,0.18256894621381597,instance,random_kDN_top10
1,0.38966952901379137,0.4,0.040000000000000036,0.6363636363636364,0.31369675697789623,0.6666666666666666,0.48867146632753244,0.9979959919839679,1.0,0.23354138682379502,instance,random_kDN_top10
1,0.09403460837887057,0.4,0.12962962962962965,0.8181818181818182,0.04914394191106691,1.0,0.5177529014355466,1.0,0.8,0.2567103604492112,instance,random_kDN_top10
1,0.23355562395266916,0.0,0.007633587786259555,0.45454545454545453,0.08498728065582395,0.0,0.35664764343842636,0.9218436873747495,1.0,0.4714213943596116,instance,random_kDN_top10
1,0.44916762454119563,0.4,0.007633587786259555,0.45454545454545453,0.31756617339393667,0.5,0.5521094293040709,1.0,1.0,0.36657638072000814,instance,random_kDN_top10
1,0.14219759926131115,0.0,0.08163265306122447,0.7272727272727273,0.12373447311790065,0.0,0.3352112522864398,0.9619238476953907,0.9,0.43189675677748535,instance,random_kDN_top10
1,0.134199773544036,0.0,0.007633587786259555,0.45454545454545453,0.11598724697335488,0.0,0.3621031113650883,0.9739478957915831,1.0,0.5204340242830537,instance,random_kDN_top10
1,0.4134790528233151,0.8,0.4,0.8181818181818182,0.7852385659334054,0.5,0.5056338232679622,1.0,1.0,-0.020186808128165822,instance,random_kDN_top10
1,0.1260162601626016,0.0,0.007633587786259555,0.45454545454545453,0.15996559930784465,0.0,0.27360974857262876,0.8677354709418837,0.9,0.5810432804454463,instance,random_kDN_top10
1,0.38966952901379137,0.4,0.12962962962962965,0.9090909090909091,0.3088866599930359,0.0,0.40890778005416273,0.9939879759519038,1.0,0.23093462862062009,instance,random_kDN_top10
1,0.134199773544036,0.0,0.12962962962962965,0.8181818181818182,0.05787800922435371,0.0,0.40100012648882444,0.9779559118236473,0.8,0.24127421931110168,instance,random_kDN_top10
1,0.7088642659279778,0.8,0.017241379310344862,0.45454545454545453,0.19341320356694436,0.0,0.4989166781367177,0.9979959919839679,1.0,0.10577330054893622,instance,random_kDN_top10
1,0.09403460837887057,0.0,0.017241379310344862,0.45454545454545453,0.20073151230428765,0.0,0.3784621835408799,0.9779559118236473,1.0,0.18853241244566765,instance,random_kDN_top10
1,0.2324977416440831,0.2,0.08163265306122447,0.7272727272727273,0.17291788118633578,0.2,0.439649153862129,0.9959919839679359,0.9,0.35596202692848633,instance,random_kDN_top10
1,0.3579234972677596,0.4,0.12962962962962965,0.8181818181818182,0.31252345578159824,0.0,0.49014993338251334,0.9959919839679359,1.0,0.36797802214515307,instance,random_kDN_top10
1,0.20855562395266913,0.0,0.040000000000000036,0.7272727272727273,0.10135732281449472,0.0,0.38911214420462314,0.9719438877755511,1.0,0.35799270417922663,instance,random_kDN_top10
1,0.14356011981172445,0.0,0.007633587786259555,0.45454545454545453,0.04256301962150444,0.0,0.3499272521694847,0.8857715430861723,0.9,0.7800579415173078,instance,random_kDN_top10
1,0.14219759926131115,0.0,0.040000000000000036,0.6363636363636364,0.1856917177576829,0.0,0.4425832089810653,0.9879759519038076,1.0,0.2684112231785405,instance,random_kDN_top10
1,0.134199773544036,0.2,0.023255813953488413,0.45454545454545453,0.06749925677793983,0.0,0.3472827090973587,0.9939879759519038,1.0,0.31597067812702456,instance,random_kDN_top10
1,0.26340972047343236,0.2,0.007633587786259555,0.45454545454545453,0.136862404176112,0.0,0.4116557010787786,0.9919839679358717,1.0,0.22458133027654825,instance,random_kDN_top10
1,0.1260162601626016,0.0,0.007633587786259555,0.45454545454545453,0.2528862645494849,0.0,0.4039105887544122,0.9759519038076152,1.0,0.14814185272484698,instance,random_kDN_top10
1,0.14219759926131115,0.2,0.017241379310344862,0.5454545454545454,0.29529030729688055,0.0,0.4863497813015736,0.9919839679358717,1.0,0.43875017525254856,instance,random_kDN_top10
1,0.134199773544036,0.0,0.007633587786259555,0.45454545454545453,0.07045487427650893,0.0,0.33204961779437114,0.9418837675350702,1.0,0.7705590507087933,instance,random_kDN_top10
1,0.5783972125435539,0.8,0.8,0.7272727272727273,0.706584472309025,1.0,0.5334411503784441,1.0,0.8,0.6051185227942901,instance,random_kDN_top10
1,0.26340972047343236,0.2,0.017241379310344862,0.45454545454545453,0.0467653023612824,0.0,0.43193589834465995,0.9919839679358717,0.9,0.6428110304167959,instance,random_kDN_top10
1,0.191179167430772,0.0,0.007633587786259555,0.45454545454545453,0.046035852468929495,0.0,0.35411643226865164,0.9138276553106213,1.0,0.46832944167529966,instance,random_kDN_top10
1,0.1668889572860025,0.0,0.19999999999999996,0.6363636363636364,0.5012081468292922,0.0,0.47120397845182593,0.9899799599198397,1.0,0.24611262451417018,instance,random_kDN_top10
1,0.14219759926131115,0.2,0.040000000000000036,0.6363636363636364,0.0803632934957842,0.0,0.4381598683988258,0.9939879759519038,1.0,0.23036668604595514,instance,random_kDN_top10
1,0.0,0.0,0.023255813953488413,0.45454545454545453,0.05005521446741701,0.0,0.4209400071225865,0.9879759519038076,0.9,-0.14756192203977161,instance,random_kDN_top10
1,0.7590043484780327,0.6,0.023255813953488413,0.5454545454545454,0.9328470430393483,0.0,0.4807956972797742,0.9959919839679359,1.0,-0.19358997341871925,instance,random_kDN_top10
1,0.5560233364869127,0.2,0.4,0.8181818181818182,0.3689251020686998,0.0,0.4891658731088063,0.9979959919839679,1.0,0.1223671347688893,instance,random_kDN_top10
1,0.08014571948998184,0.0,0.19999999999999996,0.6363636363636364,0.2446113251008621,0.0,0.4058464201445817,0.9839679358717435,1.0,-0.1698039724982301,instance,random_kDN_top10
1,0.26340972047343236,0.0,0.040000000000000036,0.6363636363636364,0.16314206892227012,0.0,0.34754576530188064,0.9478957915831663,1.0,0.7461736993240798,instance,random_kDN_top10
1,0.24681238615664858,0.4,0.0,0.7272727272727273,0.8669649075046405,1.0,0.5380715029704894,1.0,1.0,0.13821069945764694,instance,random_kDN_top10
1,0.26340972047343236,0.0,0.017241379310344862,0.45454545454545453,0.04471721714776855,0.0,0.4095023238811679,0.9899799599198397,0.9,0.7784065615903368,instance,random_kDN_top10
1,0.0,0.2,0.4,0.8181818181818182,0.06495158942334917,0.0,0.48650895329269095,0.9959919839679359,0.9,0.24581640194593968,instance,random_kDN_top10
1,0.24567437982072127,0.0,0.023255813953488413,0.45454545454545453,0.313831237115175,0.0,0.3911135573984279,0.9799599198396793,1.0,0.4611082751131849,instance,random_kDN_top10
1,0.14219759926131115,0.0,0.08163265306122447,0.7272727272727273,0.046375767519885425,0.0,0.2991414443733781,0.9438877755511021,1.0,0.2554779470109158,instance,random_kDN_top10
1,0.1260162601626016,0.4,0.023255813953488413,0.45454545454545453,0.05985120256364257,0.0,0.4051388697175534,0.9959919839679359,1.0,0.4741378942997993,instance,random_kDN_top10
1,0.24681238615664858,0.4,0.023255813953488413,0.45454545454545453,0.5937835410233364,0.0,0.4259570774732312,0.9959919839679359,1.0,0.05237001642983814,instance,random_kDN_top10
1,0.7374356944994065,0.0,0.040000000000000036,0.7272727272727273,0.04473524683558777,0.0,0.4631858602177439,0.9879759519038076,1.0,0.3122106132152537,instance,random_kDN_top10
1,0.46212737127371273,0.6,0.08163265306122447,0.8181818181818182,0.5199445747270725,1.0,0.5325434484636327,1.0,1.0,0.31727390640698366,instance,random_kDN_top10
1,0.26340972047343236,0.0,0.040000000000000036,0.6363636363636364,0.1692479097542523,0.0,0.39356876822737386,0.9899799599198397,1.0,0.5102086893385378,instance,random_kDN_top10
1,0.26340972047343236,0.0,0.040000000000000036,0.6363636363636364,0.1301983705519949,0.0,0.3906505452125095,0.9719438877755511,1.0,0.5978464404698669,instance,random_kDN_top10
1,0.48935666982024595,0.6,0.12962962962962965,0.9090909090909091,0.9528826352353921,1.0,0.5071184707567139,1.0,0.9,-0.25972268080878225,instance,random_kDN_top10
1,0.1668889572860025,0.0,0.007633587786259555,0.45454545454545453,0.10949402178802198,0.0,0.4347163338741722,0.9819639278557114,1.0,0.5491980189827933,instance,random_kDN_top10
1,0.14219759926131115,0.0,0.08163265306122447,0.7272727272727273,0.2690188701788756,0.0,0.35003239121111474,0.969939879759519,1.0,0.40588346728023644,instance,random_kDN_top10
1,0.2324977416440831,0.0,0.08163265306122447,0.7272727272727273,0.1244564968592935,0.0,0.42088348458120695,0.9879759519038076,1.0,0.4450972013835591,instance,random_kDN_top10
1,0.26340972047343236,0.0,0.040000000000000036,0.7272727272727273,0.22492995081400685,0.0,0.3470197912435984,0.9639278557114228,1.0,0.3413507021292706,instance,random_kDN_top10
1,0.7562739630533287,0.4,0.0625,0.6363636363636364,0.1395228400738895,0.5,0.4735086034767553,0.9979959919839679,1.0,0.04910913522655691,instance,random_kDN_top10
1,0.1260162601626016,0.2,0.08163265306122447,0.7272727272727273,0.377441448670946,0.0,0.4586106170438359,0.9919839679358717,1.0,0.0446310487690323,instance,random_kDN_top10
1,0.18563194269565464,0.0,0.08163265306122447,0.7272727272727273,0.22154172492892554,0.0,0.2811755577632098,0.9859719438877755,1.0,0.4241992185889897,instance,random_kDN_top10
1,0.26340972047343236,0.0,0.007633587786259555,0.45454545454545453,0.09476773342863887,0.0,0.29773116428978663,0.969939879759519,1.0,0.6739750189051235,instance,random_kDN_top10
1,0.14356011981172445,0.0,0.007633587786259555,0.45454545454545453,0.05044366054944083,0.0,0.3204671693245609,0.9478957915831663,0.9,0.6063349407764261,instance,random_kDN_top10
1,0.08014571948998184,0.2,0.017241379310344862,0.5454545454545454,0.19064567423244255,0.0,0.46984288329243074,0.9959919839679359,1.0,0.3838520933865298,instance,random_kDN_top10
1,0.20855562395266913,0.0,0.040000000000000036,0.7272727272727273,0.057293756643444715,0.0,0.35654097977494437,0.9819639278557114,1.0,0.38905000519870037,instance,random_kDN_top10
1,0.134199773544036,0.0,0.007633587786259555,0.45454545454545453,0.11419398450652007,0.0,0.389144102543453,0.9679358717434869,1.0,0.1395990781826213,instance,random_kDN_top10
1,0.1668889572860025,0.0,0.007633587786259555,0.45454545454545453,0.11285259483503607,0.0,0.4200724803468341,0.9839679358717435,1.0,0.4593234751606247,instance,random_kDN_top10
1,0.134199773544036,0.0,0.007633587786259555,0.45454545454545453,0.08820240423164849,0.0,0.34769921332643805,0.9218436873747495,1.0,0.6836403854516698,instance,random_kDN_top10
1,0.1260162601626016,0.2,0.023255813953488413,0.45454545454545453,0.6707534422436026,0.0,0.44205286295107493,0.9919839679358717,1.0,-0.10337737163997147,instance,random_kDN_top10
1,0.0,0.0,0.12962962962962965,0.9090909090909091,0.1214295499983522,0.0,0.43186850346500616,0.9859719438877755,1.0,0.33687840759627347,instance,random_kDN_top10
1,0.09403460837887057,0.0,0.017241379310344862,0.45454545454545453,0.0548071434085603,0.0,0.36593415154453335,0.9679358717434869,1.0,0.20846712203644863,instance,random_kDN_top10
1,0.37224454761811865,0.6,0.125,0.8181818181818182,0.5099621976314291,0.0,0.47115861181420926,0.9979959919839679,1.0,0.020217987268037807,instance,random_kDN_top10
1,0.37224454761811865,0.0,0.125,0.8181818181818182,0.806494998905543,0.0,0.3747210651902416,0.9799599198396793,1.0,0.32251884568180467,instance,random_kDN_top10
1,0.09403460837887057,0.0,0.12962962962962965,0.9090909090909091,0.7527914290887256,0.0,0.4065900863256364,0.9899799599198397,1.0,-0.006435069557143438,instance,random_kDN_top10
1,0.24567437982072127,0.0,0.040000000000000036,0.6363636363636364,0.045684517510922285,0.0,0.4231898435746122,0.935871743486974,0.9,0.8910269892501567,instance,random_kDN_top10
1,0.1668889572860025,0.0,0.007633587786259555,0.45454545454545453,0.055293054168255806,0.0,0.38057716863687296,0.9559118236472945,1.0,0.5074043421095616,instance,random_kDN_top10
1,0.1260162601626016,0.0,0.007633587786259555,0.45454545454545453,0.11221731055856488,0.0,0.28376037224042017,0.8717434869739479,1.0,0.6321424192840924,instance,random_kDN_top10
1,0.24681238615664858,0.0,0.11111111111111116,0.6363636363636364,0.782691368159863,0.0,0.4606568343287657,0.9859719438877755,1.0,-0.16630873712732086,instance,random_kDN_top10
1,0.09403460837887057,0.2,0.12962962962962965,0.8181818181818182,0.05698126538216847,0.0,0.46457708349526405,0.9939879759519038,0.9,0.34391798225549314,instance,random_kDN_top10
1,0.1668889572860025,0.0,0.007633587786259555,0.45454545454545453,0.16574487441972963,0.0,0.3444150134428786,0.9599198396793587,1.0,0.46442228038322947,instance,random_kDN_top10
1,0.1522986093623212,0.0,0.08163265306122447,0.7272727272727273,0.07049178419440727,0.0,0.4502536682516385,0.9879759519038076,0.9,0.4179073715801782,instance,random_kDN_top10
1,0.134199773544036,0.0,0.040000000000000036,0.6363636363636364,0.1336607323696129,0.0,0.3671583159451153,0.9639278557114228,1.0,0.5743780108594491,instance,random_kDN_top10
1,0.1260162601626016,0.0,0.007633587786259555,0.45454545454545453,0.11319441672138597,0.0,0.3125962532031109,0.9458917835671343,1.0,0.3851961653171384,instance,random_kDN_top10
1,0.14219759926131115,0.0,0.017241379310344862,0.45454545454545453,0.426026886880711,0.0,0.4047014575798006,0.9799599198396793,1.0,0.11569495283422997,instance,random_kDN_top10
1,0.08014571948998184,0.0,0.007633587786259555,0.5454545454545454,0.056326329656162355,0.0,0.35056388433693464,0.9739478957915831,1.0,0.4120711390540666,instance,random_kDN_top10
1,0.134199773544036,0.0,0.0625,0.6363636363636364,0.14863983316498647,0.0,0.33790941315948786,0.9759519038076152,1.0,0.4652765601520175,instance,random_kDN_top10
1,0.14219759926131115,0.0,0.017241379310344862,0.45454545454545453,0.07125105379571889,0.0,0.43190367990877665,0.9859719438877755,0.9,0.47274563097886924,instance,random_kDN_top10
1,0.14356011981172445,0.0,0.023255813953488413,0.45454545454545453,0.04543654668280339,0.0,0.3855639462724114,0.9759519038076152,0.8,1.1008019016916029,instance,random_kDN_top10
1,0.48935666982024595,0.4,0.12962962962962965,0.9090909090909091,0.8735604341014743,1.0,0.5177485442565763,1.0,1.0,0.19079827981971897,instance,random_kDN_top10
1,0.0,0.0,0.0,0.36363636363636365,0.6178116312101001,0.0,0.4481694208937469,0.9899799599198397,0.9,-0.3426439836775135,instance,random_kDN_top10
1,0.08014571948998184,0.0,0.007633587786259555,0.45454545454545453,0.11826832529482961,0.0,0.3641875088954567,0.9759519038076152,1.0,0.19926884762202635,instance,random_kDN_top10
1,0.14356011981172445,0.0,0.007633587786259555,0.45454545454545453,0.053242649846658,0.0,0.4348255614533152,0.9859719438877755,0.9,0.6448769469178673,instance,random_kDN_top10
1,0.24567437982072127,0.0,0.0,0.6363636363636364,0.7584931467405447,0.0,0.4070207269418602,0.9899799599198397,1.0,0.2731370506698552,instance,random_kDN_top10
1,0.1522986093623212,0.0,0.08163265306122447,0.7272727272727273,0.12892421838432705,0.0,0.410537115410867,0.9799599198396793,1.0,0.7354669751802485,instance,random_kDN_top10
1,0.1668889572860025,0.0,0.007633587786259555,0.45454545454545453,0.37759309862079926,0.0,0.42818748150781405,0.9478957915831663,1.0,0.09613908168241247,instance,random_kDN_top10
1,0.28804592739018975,0.2,0.0625,0.6363636363636364,0.4782045116193666,0.0,0.3550094780586548,0.9959919839679359,1.0,0.18921330023629473,instance,random_kDN_top10
1,0.1522986093623212,0.0,0.9393939393939394,0.6363636363636364,0.13240773576859172,0.0,0.41120105094862947,0.9739478957915831,1.0,0.4001101449613893,instance,random_kDN_top10
1,0.14219759926131115,0.2,0.08163265306122447,0.7272727272727273,0.09398735563296373,0.0,0.4291087569395149,0.9919839679358717,1.0,-0.10938995866150948,instance,random_kDN_top10
1,0.1260162601626016,0.0,0.023255813953488413,0.45454545454545453,0.08773539417053272,0.0,0.334328108642841,0.8797595190380761,1.0,0.4234199464919831,instance,random_kDN_top10
1,0.37224454761811865,0.2,0.125,0.8181818181818182,0.7481527921312644,0.0,0.4450265468893466,0.9939879759519038,1.0,0.29781969426227967,instance,random_kDN_top10
1,0.134199773544036,0.0,0.040000000000000036,0.6363636363636364,0.05553071783737601,0.0,0.3692469955723652,0.9458917835671343,1.0,0.6075054309257752,instance,random_kDN_top10
1,0.1668889572860025,0.0,0.007633587786259555,0.45454545454545453,0.05184244395107784,0.0,0.34270903372088113,0.9779559118236473,1.0,0.46188152590274373,instance,random_kDN_top10
1,0.134199773544036,0.0,0.007633587786259555,0.45454545454545453,0.06827042318605636,0.0,0.32798341801002595,0.9519038076152304,1.0,0.4878574916869623,instance,random_kDN_top10
1,0.26340972047343236,0.0,0.017241379310344862,0.5454545454545454,0.36941463552296183,0.0,0.3893309034733874,0.9659318637274549,1.0,0.31104884077856376,instance,random_kDN_top10
1,0.0,0.0,0.023255813953488413,0.45454545454545453,0.04242004191505944,0.0,0.36346382723567994,0.9679358717434869,0.9,0.043064196558064635,instance,random_kDN_top10
1,0.08014571948998184,0.0,0.11111111111111116,0.6363636363636364,0.2170638585777696,0.0,0.42117444004071103,0.9839679358717435,1.0,-0.27141908771166734,instance,random_kDN_top10
1,0.18563194269565464,0.0,0.08163265306122447,0.7272727272727273,0.14118872165775587,0.0,0.4269820527378062,0.9839679358717435,1.0,0.41590768526157973,instance,random_kDN_top10
1,0.1260162601626016,0.0,0.007633587786259555,0.45454545454545453,0.051843469246338536,0.0,0.322567974326467,0.9218436873747495,1.0,0.6030394832360293,instance,random_kDN_top10
1,0.14219759926131115,0.0,0.017241379310344862,0.45454545454545453,0.13477319369359503,0.0,0.40015380442097415,0.9679358717434869,1.0,0.3006258863208324,instance,random_kDN_top10
1,0.1668889572860025,0.0,0.007633587786259555,0.45454545454545453,0.12492208271083094,0.0,0.329195882184383,0.9498997995991983,1.0,0.7097813741608298,instance,random_kDN_top10
1,0.23355562395266916,0.0,0.040000000000000036,0.6363636363636364,0.056679746639216766,0.0,0.45053519243792195,0.9759519038076152,1.0,0.2398286299387313,instance,random_kDN_top10
1,0.1260162601626016,0.0,0.007633587786259555,0.45454545454545453,0.0826771956503708,0.0,0.3083077706533709,0.8997995991983968,1.0,0.9517564518573549,instance,random_kDN_top10
1,0.18563194269565464,0.0,0.08163265306122447,0.7272727272727273,0.052060538404360646,0.0,0.3697386038058105,0.9799599198396793,1.0,0.6007859042320038,instance,random_kDN_top10
1,0.26340972047343236,0.0,0.017241379310344862,0.45454545454545453,0.10332811328845892,0.0,0.39529985132036516,0.9879759519038076,1.0,0.5845370627876005,instance,random_kDN_top10
1,0.08014571948998184,0.2,0.0,0.7272727272727273,0.5881547303037502,0.0,0.4825102614318827,0.9959919839679359,1.0,-0.2329622045536226,instance,random_kDN_top10
1,0.08014571948998184,0.0,0.007633587786259555,0.45454545454545453,0.07454982185598885,0.0,0.32695511800823884,0.9679358717434869,1.0,0.4587561726110455,instance,random_kDN_top10
1,0.134199773544036,0.0,0.007633587786259555,0.45454545454545453,0.07490998679784555,0.0,0.36350848090556653,0.9799599198396793,1.0,0.40163480987429523,instance,random_kDN_top10
1,0.22943786878213113,0.4,0.12962962962962965,0.8181818181818182,0.5498132457359999,0.0,0.48318637002918163,0.9959919839679359,1.0,0.3179776118073739,instance,random_kDN_top10
1,0.18563194269565464,0.0,0.040000000000000036,0.7272727272727273,0.05640868413393729,0.0,0.33609203124941334,0.9478957915831663,0.9,0.7053580368656093,instance,random_kDN_top10
1,0.26340972047343236,0.0,0.007633587786259555,0.45454545454545453,0.050262503847398776,0.0,0.40123631376766444,0.9719438877755511,1.0,0.4147097296345045,instance,random_kDN_top10
1,0.22244451284155808,0.2,0.007633587786259555,0.45454545454545453,0.2063938193061241,0.0,0.39634475620921905,0.9939879759519038,1.0,0.4686390406041191,instance,random_kDN_top10
1,0.44916762454119563,0.2,0.007633587786259555,0.45454545454545453,0.2627091065294582,0.0,0.4855254103629949,0.9939879759519038,1.0,0.3203087805572568,instance,random_kDN_top10
1,0.24567437982072127,0.0,0.023255813953488413,0.45454545454545453,0.05553241723890895,0.0,0.3123893535658189,0.9318637274549099,1.0,0.6021719004911165,instance,random_kDN_top10
1,0.134199773544036,0.0,0.007633587786259555,0.45454545454545453,0.1677903253646999,0.0,0.40378389993045116,0.9478957915831663,1.0,0.768474624128933,instance,random_kDN_top10
1,0.191179167430772,0.0,0.0625,0.6363636363636364,0.04613189212016716,0.0,0.4223641346652288,0.9819639278557114,0.8,0.31518280540474813,instance,random_kDN_top10
1,0.1522986093623212,0.0,0.007633587786259555,0.45454545454545453,0.05958352300413211,0.0,0.4011826588684011,0.9639278557114228,1.0,0.6975440500043517,instance,random_kDN_top10
1,0.1668889572860025,0.0,0.007633587786259555,0.45454545454545453,0.10484523464309825,0.0,0.3401907309478497,0.9498997995991983,1.0,0.6060912778054276,instance,random_kDN_top10
1,0.22943786878213113,0.0,0.12962962962962965,0.8181818181818182,0.12261581194453852,0.0,0.3715667796727401,0.9799599198396793,1.0,0.21556438427984828,instance,random_kDN_top10
1,0.134199773544036,0.0,0.007633587786259555,0.45454545454545453,0.08967191336186986,0.0,0.37600161140454336,0.9719438877755511,1.0,0.39393068047121993,instance,random_kDN_top10
1,0.5726900031535793,0.4,0.12962962962962965,0.8181818181818182,0.3860135440676946,0.0,0.4195154449796745,0.9939879759519038,1.0,0.24725520967394288,instance,random_kDN_top10
1,0.22244451284155808,0.2,0.0,0.6363636363636364,0.20844597750806032,0.0,0.44963620441527274,0.9959919839679359,1.0,0.5535281817760747,instance,random_kDN_top10
1,0.1260162601626016,0.0,0.023255813953488413,0.45454545454545453,0.3992574095324895,0.0,0.33005388071681485,0.9679358717434869,1.0,0.5442800981691005,instance,random_kDN_top10
1,0.16070127504553733,0.2,0.12962962962962965,0.8181818181818182,0.17071310372073428,0.3333333333333333,0.38262055231465897,0.9959919839679359,1.0,0.2318486073182488,instance,random_kDN_top10
1,0.0,0.0,0.023255813953488413,0.45454545454545453,0.07969462391500387,0.0,0.3148567955698701,0.969939879759519,1.0,0.29372432300815143,instance,random_kDN_top10
1,0.134199773544036,0.0,0.12962962962962965,0.8181818181818182,0.06517620672417512,0.0,0.4037363071518377,0.9839679358717435,0.8,-0.0015726017996048206,instance,random_kDN_top10
1,0.28804592739018975,0.4,0.12962962962962965,0.9090909090909091,0.3964794682542029,0.4,0.47652713736482943,0.9979959919839679,1.0,0.004375970838615331,instance,random_kDN_top10
1,0.14219759926131115,0.0,0.007633587786259555,0.45454545454545453,0.05499920192737495,0.0,0.27619666509090124,0.9258517034068137,1.0,0.36242050395217673,instance,random_kDN_top10
1,0.1260162601626016,0.0,0.023255813953488413,0.45454545454545453,0.05986514659333697,0.0,0.37227505837345964,0.9839679358717435,1.0,0.4328388407664432,instance,random_kDN_top10
1,0.32467596402022636,0.6,0.007633587786259555,0.45454545454545453,0.39994166037386936,1.0,0.5266732041507225,1.0,1.0,0.7686093172293432,instance,random_kDN_top10
1,0.1668889572860025,0.0,0.007633587786259555,0.45454545454545453,0.18852720612658336,0.0,0.39714768196233097,0.9418837675350702,1.0,0.8880415132113765,instance,random_kDN_top10
1,0.14219759926131115,0.0,0.017241379310344862,0.5454545454545454,0.4866952571573244,0.0,0.41279414006967796,0.9779559118236473,1.0,0.4178083050498577,instance,random_kDN_top10
1,0.14219759926131115,0.0,0.017241379310344862,0.45454545454545453,0.04204677501294224,0.0,0.40055441816460813,0.9619238476953907,0.8,0.2496249577481162,instance,random_kDN_top10
1,0.24681238615664858,0.6,0.9891304347826086,0.9090909090909091,0.9094509715107577,0.5,0.4924032057622191,0.9979959919839679,1.0,-0.10584351347605965,instance,random_kDN_top10
1,0.1668889572860025,0.0,0.040000000000000036,0.6363636363636364,0.22879209419315616,0.0,0.3158696415753397,0.9639278557114228,1.0,0.4558391793592746,instance,random_kDN_top10
1,0.1260162601626016,0.0,0.023255813953488413,0.45454545454545453,0.0651126576890908,0.0,0.3582403029460177,0.9739478957915831,0.9,0.06833307228410121,instance,random_kDN_top10
1,0.134199773544036,0.0,0.040000000000000036,0.6363636363636364,0.052313058856725214,0.0,0.34225180908726804,0.9418837675350702,0.9,0.6105439035548406,instance,random_kDN_top10
1,0.26340972047343236,0.0,0.040000000000000036,0.6363636363636364,0.4461716375030095,0.0,0.3683900362896497,0.9839679358717435,1.0,0.37105066000043396,instance,random_kDN_top10
1,0.134199773544036,0.0,0.12962962962962965,0.8181818181818182,0.12263879433739266,0.0,0.39249545210368986,0.9679358717434869,0.9,0.06039058245881836,instance,random_kDN_top10
1,0.134199773544036,0.0,0.007633587786259555,0.45454545454545453,0.07753080906878912,0.0,0.30582367885813944,0.9519038076152304,1.0,0.46525039938618484,instance,random_kDN_top10
1,0.24567437982072127,0.0,0.0,0.6363636363636364,0.29685810963297365,0.0,0.38522393377615505,0.9559118236472945,1.0,0.5769734197911488,instance,random_kDN_top10
1,0.14356011981172445,0.0,0.007633587786259555,0.45454545454545453,0.36231502834556506,0.0,0.3963500278594162,0.9579158316633266,1.0,0.3245333371629234,instance,random_kDN_top10
1,0.1260162601626016,0.0,0.023255813953488413,0.45454545454545453,0.06778700099297164,0.0,0.4100635722679209,0.9599198396793587,1.0,0.2278236686424856,instance,random_kDN_top10
1,0.26340972047343236,0.0,0.040000000000000036,0.6363636363636364,0.08301170417836273,0.0,0.3429240513529592,0.9659318637274549,1.0,0.8028202614475198,instance,random_kDN_top10
1,0.23355562395266916,0.0,0.007633587786259555,0.45454545454545453,0.15647263817711587,0.0,0.36621335470692196,0.9559118236472945,1.0,0.7874703499672487,instance,random_kDN_top10
1,0.134199773544036,0.0,0.007633587786259555,0.45454545454545453,0.09107532442493854,0.0,0.42113748769102677,0.9759519038076152,1.0,0.554740723569572,instance,random_kDN_top10
1,0.26340972047343236,0.2,0.040000000000000036,0.6363636363636364,0.48965561911610755,0.0,0.4716777386922366,0.9939879759519038,1.0,0.5057871928134244,instance,random_kDN_top10
1,0.14219759926131115,0.0,0.017241379310344862,0.45454545454545453,0.10071682856670972,0.0,0.2787376916733446,0.9378757515030061,1.0,0.2092335247033801,instance,random_kDN_top10
1,0.2324977416440831,0.2,0.08163265306122447,0.7272727272727273,0.1156997269404118,0.0,0.4108921342299462,0.9959919839679359,0.9,0.3687497446790577,instance,random_kDN_top10
1,0.24567437982072127,0.0,0.023255813953488413,0.45454545454545453,0.2284362414630995,0.0,0.3687498276761819,0.9378757515030061,1.0,0.4568441135729442,instance,random_kDN_top10
1,0.24567437982072127,0.0,0.007633587786259555,0.45454545454545453,0.08727862046145429,0.0,0.22149242686627124,0.9599198396793587,1.0,0.4171602528446972,instance,random_kDN_top10
1,0.24681238615664858,0.2,0.12962962962962965,0.9090909090909091,0.9427684548212605,0.0,0.3555015108711883,0.9959919839679359,0.9,-0.19803524855197727,instance,random_kDN_top10
1,0.1522986093623212,0.0,0.040000000000000036,0.7272727272727273,0.214525502938813,0.0,0.40273197117752035,0.9639278557114228,1.0,0.3565697625533947,instance,random_kDN_top10
1,0.134199773544036,0.0,0.935064935064935,0.5454545454545454,0.23571434402448466,0.5,0.4460695602383691,0.9899799599198397,1.0,0.3673835670390488,instance,random_kDN_top10
1,0.134199773544036,0.0,0.007633587786259555,0.45454545454545453,0.07430442449131353,0.0,0.3181865914685905,0.935871743486974,1.0,0.24596886297312248,instance,random_kDN_top10
1,0.0,0.0,0.017241379310344862,0.45454545454545453,0.07739867424930902,0.0,0.22432844155724352,0.9839679358717435,0.8,0.02879620209784856,instance,random_kDN_top10
1,0.26340972047343236,0.2,0.017241379310344862,0.45454545454545453,0.1261745586493201,0.0,0.49139800942757705,0.9959919839679359,1.0,0.3443171242544702,instance,random_kDN_top10
1,0.1260162601626016,0.2,0.08163265306122447,0.7272727272727273,0.4527908184827435,0.0,0.45304346856840105,0.9959919839679359,1.0,-0.02514915614114784,instance,random_kDN_top10
1,0.1522986093623212,0.0,0.040000000000000036,0.7272727272727273,0.08122989662616309,0.0,0.34296503077240026,0.9559118236472945,1.0,0.4214091092744159,instance,random_kDN_top10
1,0.08014571948998184,0.0,0.12962962962962965,0.8181818181818182,0.044425477446635775,0.0,0.3266856696047665,0.9759519038076152,0.5,0.4552417248601981,instance,random_kDN_top10
1,0.7256710151446994,0.0,0.023255813953488413,0.45454545454545453,0.6213260177814542,0.0,0.3908360695634636,0.9839679358717435,1.0,0.37001859187408837,instance,random_kDN_top10
1,0.4134790528233151,0.6,0.375,0.5454545454545454,0.9288472610992866,1.0,0.5882034782843304,1.0,1.0,-0.04740849751586371,instance,random_kDN_top10
1,0.44916762454119563,0.6,0.007633587786259555,0.45454545454545453,0.4819012923779202,0.5,0.49746778568655325,0.9979959919839679,1.0,0.07910427501889152,instance,random_kDN_top10
1,0.44916762454119563,0.8,0.125,0.8181818181818182,0.608124176309034,0.5,0.5750556702592127,1.0,1.0,0.07392437108109663,instance,random_kDN_top10
1,0.09403460837887057,0.0,0.017241379310344862,0.5454545454545454,0.07321176125303319,0.0,0.4550513821484986,0.9819639278557114,0.9,0.6546398312636846,instance,random_kDN_top10
1,0.08014571948998184,0.0,0.007633587786259555,0.45454545454545453,0.04280050249706263,0.0,0.32559414363604977,0.9719438877755511,0.9,0.31533535275977487,instance,random_kDN_top10
1,0.6644198214835335,0.6,0.040000000000000036,0.7272727272727273,0.328291731468919,0.3333333333333333,0.43569116770404903,0.9979959919839679,1.0,0.07448942654059515,instance,random_kDN_top10
1,0.1668889572860025,0.2,0.040000000000000036,0.6363636363636364,0.1838126375053361,0.0,0.4516027167887122,0.9919839679358717,1.0,0.29400739594001907,instance,random_kDN_top10
1,0.09403460837887057,0.0,0.12962962962962965,0.8181818181818182,0.7507829251188319,0.0,0.34445151100600546,0.9799599198396793,1.0,0.138311914471935,instance,random_kDN_top10
1,0.24681238615664858,0.0,0.12962962962962965,0.9090909090909091,0.2288167333549706,0.0,0.44051308641182396,0.9899799599198397,1.0,0.47651805782489864,instance,random_kDN_top10
1,0.14219759926131115,0.0,0.017241379310344862,0.45454545454545453,0.06245741999879206,0.0,0.37563501511287367,0.9559118236472945,0.9,0.5280426882898467,instance,random_kDN_top10
1,0.1668889572860025,0.0,0.040000000000000036,0.6363636363636364,0.3889722269175596,0.0,0.37994109170112755,0.9879759519038076,1.0,0.45447276445012197,instance,random_kDN_top10
1,0.134199773544036,0.4,0.007633587786259555,0.45454545454545453,0.29411431647181274,0.0,0.46963784132105213,0.9939879759519038,1.0,0.6386326692461678,instance,random_kDN_top10
1,0.1668889572860025,0.2,0.007633587786259555,0.45454545454545453,0.7101792917467518,0.0,0.4694718365062659,0.9919839679358717,1.0,0.7760583533366119,instance,random_kDN_top10
1,0.14219759926131115,0.0,0.08163265306122447,0.7272727272727273,0.10041389898386077,0.0,0.34460900958397234,0.969939879759519,1.0,0.21647416882479245,instance,random_kDN_top10
1,0.191179167430772,0.0,0.0625,0.6363636363636364,0.05076942042442367,0.0,0.3814236083621735,0.9819639278557114,1.0,0.3696264872099643,instance,random_kDN_top10
1,0.26340972047343236,0.0,0.017241379310344862,0.45454545454545453,0.04731282439365442,0.0,0.4144386453414992,0.9799599198396793,0.9,0.58383691805638,instance,random_kDN_top10
1,0.22244451284155808,0.0,0.0,0.6363636363636364,0.2917919822449654,0.0,0.40087488221422396,0.9879759519038076,1.0,0.4156574599678216,instance,random_kDN_top10
1,0.26340972047343236,0.0,0.017241379310344862,0.45454545454545453,0.06467826142138844,0.0,0.3541162481072724,0.9458917835671343,0.9,1.0805254274775051,instance,random_kDN_top10
1,0.2324977416440831,0.4,0.08163265306122447,0.7272727272727273,0.1259840063657074,0.0,0.44676976164711246,0.9959919839679359,0.9,0.47901034304890766,instance,random_kDN_top10
1,0.134199773544036,0.0,0.007633587786259555,0.45454545454545453,0.12018740701232156,0.0,0.4084525875132108,0.9739478957915831,1.0,0.6146359672618995,instance,random_kDN_top10
1,0.09403460837887057,0.0,0.017241379310344862,0.45454545454545453,0.04481822051800455,0.0,0.38910716524580924,0.9819639278557114,0.8,0.8375257247541257,instance,random_kDN_top10
1,0.24681238615664858,0.4,0.040000000000000036,0.6363636363636364,0.8516659757774925,0.0,0.46574906974518815,0.9979959919839679,1.0,0.03358734077376775,instance,random_kDN_top10
1,0.1260162601626016,0.0,0.023255813953488413,0.45454545454545453,0.05920989120024023,0.0,0.33556769796824626,0.9418837675350702,1.0,0.36429188491916675,instance,random_kDN_top10
1,0.1522986093623212,0.0,0.007633587786259555,0.45454545454545453,0.060850407345729274,0.0,0.38918888578973654,0.9519038076152304,1.0,0.9513603571752588,instance,random_kDN_top10
1,0.1522986093623212,0.0,0.08163265306122447,0.7272727272727273,0.21978308126556273,0.0,0.39540019825074646,0.9899799599198397,1.0,0.17139788730890618,instance,random_kDN_top10
1,0.1668889572860025,0.2,0.007633587786259555,0.45454545454545453,0.5248412079812141,0.0,0.47806870426111847,0.9959919839679359,1.0,0.19788882775243535,instance,random_kDN_top10
1,0.1668889572860025,0.2,0.11111111111111116,0.6363636363636364,0.4754201345272693,0.0,0.40251418182758625,0.9919839679358717,1.0,0.5183126420572979,instance,random_kDN_top10
1,0.26340972047343236,0.0,0.007633587786259555,0.45454545454545453,0.09196702862378187,0.0,0.3436753869049456,0.9739478957915831,1.0,0.5854698828263146,instance,random_kDN_top10
1,0.09403460837887057,0.0,0.12962962962962965,0.8181818181818182,0.12971718588027936,0.0,0.4239964411840266,0.9819639278557114,1.0,0.7134339387306774,instance,random_kDN_top10
1,0.09403460837887057,0.2,0.017241379310344862,0.45454545454545453,0.10721565810585804,0.0,0.4839182871859544,0.9959919839679359,1.0,0.4333599193933589,instance,random_kDN_top10
1,0.19546070460704612,0.0,0.08163265306122447,0.7272727272727273,0.10599390359923533,0.0,0.3356548287681377,0.9799599198396793,0.9,-0.022530237453597765,instance,random_kDN_top10
1,0.14219759926131115,0.0,0.007633587786259555,0.45454545454545453,0.04415898657992523,0.0,0.3789539065122046,0.9579158316633266,0.9,0.49105755506338405,instance,random_kDN_top10
1,0.134199773544036,0.0,0.12962962962962965,0.8181818181818182,0.06093539972354545,0.0,0.4459150270967094,0.9879759519038076,0.9,0.1488087426652648,instance,random_kDN_top10
1,0.26340972047343236,0.0,0.007633587786259555,0.45454545454545453,0.10409368935108759,0.0,0.3969034667417908,0.9879759519038076,1.0,0.4235026621507156,instance,random_kDN_top10
1,0.134199773544036,0.0,0.040000000000000036,0.6363636363636364,0.12832874780115328,0.0,0.4324864939638142,0.9859719438877755,1.0,0.541605540355086,instance,random_kDN_top10
1,0.24567437982072127,0.0,0.007633587786259555,0.45454545454545453,0.11345532017328919,0.0,0.2128375046702421,0.9418837675350702,1.0,0.33247000248662184,instance,random_kDN_top10
1,0.5389112142847854,0.2,0.017241379310344862,0.45454545454545453,0.23164695938376711,0.0,0.4574679799063658,0.9959919839679359,1.0,-0.029959309756735334,instance,random_kDN_top10
1,0.1668889572860025,0.0,0.007633587786259555,0.45454545454545453,0.08813883670258482,0.0,0.3969032059369382,0.9539078156312625,1.0,0.7415335451883188,instance,random_kDN_top10
1,0.09403460837887057,0.0,0.0,0.36363636363636365,0.9488997609761162,0.0,0.44633143055624913,0.9859719438877755,1.0,-0.20079572996737435,instance,random_kDN_top10
1,0.1522986093623212,0.0,0.040000000000000036,0.7272727272727273,0.04245073841052177,0.0,0.4176080937346778,0.9619238476953907,0.8,0.3151882441008062,instance,random_kDN_top10
1,0.0,0.0,0.023255813953488413,0.45454545454545453,0.0626913288622925,0.0,0.31826604173791595,0.9338677354709419,1.0,0.3175279451993982,instance,random_kDN_top10
1,0.26340972047343236,0.0,0.017241379310344862,0.45454545454545453,0.12188081693006331,0.0,0.4844218114099783,0.9859719438877755,1.0,0.80579479073288,instance,random_kDN_top10
1,0.24681238615664858,0.0,0.0,0.7272727272727273,0.8032925737549801,0.0,0.4366222803550063,0.9859719438877755,1.0,0.1942749848130804,instance,random_kDN_top10
1,0.19546070460704612,0.0,0.08163265306122447,0.7272727272727273,0.45436450011021223,0.0,0.4265652088002355,0.9839679358717435,1.0,-0.18320350777808703,instance,random_kDN_top10
1,0.4134790528233151,0.4,0.12962962962962965,0.9090909090909091,0.8391883554829167,0.3333333333333333,0.43545622245803706,0.9979959919839679,1.0,0.24295621856071,instance,random_kDN_top10
1,0.14219759926131115,0.0,0.017241379310344862,0.45454545454545453,0.1124404246419114,0.0,0.35601451783840876,0.9799599198396793,0.9,0.26661932773253744,instance,random_kDN_top10
1,0.16070127504553733,0.2,0.12962962962962965,0.8181818181818182,0.14094614720541915,0.0,0.4684217863329849,0.9919839679358717,0.9,0.028550764015974207,instance,random_kDN_top10
1,0.44916762454119563,0.0,0.007633587786259555,0.45454545454545453,0.36246746298557786,0.0,0.45736261688658864,0.9899799599198397,1.0,0.4137194731539842,instance,random_kDN_top10
1,0.26340972047343236,0.4,0.017241379310344862,0.45454545454545453,0.1532627391776621,0.3333333333333333,0.4245278932004056,0.9979959919839679,1.0,0.34933026413852275,instance,random_kDN_top10
1,0.14219759926131115,0.2,0.125,0.45454545454545453,0.2266280720508272,0.0,0.4680717648410795,0.9959919839679359,1.0,-0.16011207785147927,instance,random_kDN_top10
1,0.0,0.4,0.023255813953488413,0.45454545454545453,0.5163535235201743,0.0,0.32971706366455455,0.9979959919839679,1.0,0.08032663637967116,instance,random_kDN_top10
1,0.5805778809514519,0.6,0.040000000000000036,0.6363636363636364,0.6297690663885895,0.25,0.477291522568811,0.9959919839679359,1.0,0.17459851145364624,instance,random_kDN_top10
1,0.19546070460704612,0.0,0.08163265306122447,0.7272727272727273,0.13849363497802392,0.0,0.3414086043460196,0.9619238476953907,0.9,0.08198439714045909,instance,random_kDN_top10
1,0.134199773544036,0.0,0.125,0.45454545454545453,0.09702570439147518,0.0,0.3390021399580837,0.9819639278557114,1.0,0.6727980525202528,instance,random_kDN_top10
1,0.26340972047343236,0.0,0.017241379310344862,0.45454545454545453,0.06102290684225925,0.0,0.35866374345036667,0.9839679358717435,1.0,0.7031642750047759,instance,random_kDN_top10
1,0.5560233364869127,0.0,0.12962962962962965,0.8181818181818182,0.11332938392007963,0.0,0.4456504130258193,0.9799599198396793,1.0,0.417456142704197,instance,random_kDN_top10
1,0.7523057090850748,0.2,0.0625,0.6363636363636364,0.3418053561723573,0.0,0.4966673158578385,0.9959919839679359,1.0,0.11440633944358265,instance,random_kDN_top10
1,0.19546070460704612,0.0,0.08163265306122447,0.7272727272727273,0.10400532115292138,0.0,0.37121186414357843,0.9859719438877755,0.9,0.17333651665722052,instance,random_kDN_top10
1,0.14219759926131115,0.0,0.017241379310344862,0.45454545454545453,0.10793695215137766,0.0,0.34880999592111095,0.9438877755511021,1.0,0.254975085383078,instance,random_kDN_top10
1,0.19546070460704612,0.2,0.08163265306122447,0.7272727272727273,0.5447703967800088,0.0,0.3092035106443808,0.9939879759519038,1.0,0.14225314388245472,instance,random_kDN_top10
1,0.19546070460704612,0.0,0.08163265306122447,0.7272727272727273,0.0905786445031288,0.0,0.4119926897524737,0.9819639278557114,0.8,0.4567121658643392,instance,random_kDN_top10
1,0.134199773544036,0.0,0.007633587786259555,0.45454545454545453,0.13489721441444286,0.0,0.41495372298552013,0.969939879759519,1.0,0.3329442276903475,instance,random_kDN_top10
1,0.7562739630533287,0.8,0.8,0.8181818181818182,0.8907049183139026,1.0,0.5110084215591741,1.0,1.0,-0.11741640791251028,instance,random_kDN_top10
1,0.628654804028375,0.8,0.9891304347826086,0.8181818181818182,0.7682242639367152,0.75,0.5658240448763228,1.0,1.0,0.23993426993315545,instance,random_kDN_top10
1,0.18563194269565464,0.2,0.040000000000000036,0.7272727272727273,0.2873710048934447,0.0,0.45966658139875505,0.9919839679358717,1.0,0.25498009139337824,instance,random_kDN_top10
1,0.7562739630533287,0.2,0.007633587786259555,0.45454545454545453,0.17688111700367182,0.0,0.499230080262428,0.9979959919839679,1.0,0.5776305483992611,instance,random_kDN_top10
1,0.29329342743976883,0.0,0.125,0.8181818181818182,0.19200558779470078,0.0,0.43559627580680493,0.9859719438877755,1.0,0.5588377022135061,instance,random_kDN_top10
1,0.1668889572860025,0.0,0.007633587786259555,0.45454545454545453,0.14090363970746606,0.0,0.35090156610820855,0.9478957915831663,1.0,0.48585977903906025,instance,random_kDN_top10
1,0.134199773544036,0.0,0.007633587786259555,0.45454545454545453,0.07532496057996724,0.0,0.3523436837560585,0.9659318637274549,1.0,0.6762872096575692,instance,random_kDN_top10
1,0.24567437982072127,0.0,0.040000000000000036,0.6363636363636364,0.08955689705318431,0.0,0.4231864656863469,0.9839679358717435,1.0,0.4942647484024917,instance,random_kDN_top10
1,0.1668889572860025,0.0,0.007633587786259555,0.45454545454545453,0.1045308448015752,0.0,0.3116748549115389,0.9519038076152304,1.0,0.6981414246515812,instance,random_kDN_top10
1,0.7486159290795051,0.4,0.0625,0.6363636363636364,0.19746397066861937,0.0,0.4854876262460279,0.9979959919839679,1.0,-0.051183559480090395,instance,random_kDN_top10
1,0.0,0.0,0.0,0.45454545454545453,0.04209964302866004,0.0,0.4614129527920441,0.9899799599198397,0.7,0.31316078861355257,instance,random_kDN_top10
1,0.26340972047343236,0.0,0.007633587786259555,0.45454545454545453,0.06520444200019149,0.0,0.32329291095931156,0.9398797595190381,1.0,0.8060904167609778,instance,random_kDN_top10
1,0.1260162601626016,0.4,0.08163265306122447,0.7272727272727273,0.34424006772477067,0.0,0.4346327109486958,0.9939879759519038,1.0,0.4570188451428005,instance,random_kDN_top10
1,0.134199773544036,0.0,0.11111111111111116,0.6363636363636364,0.05729394818243627,0.0,0.2900421842191996,0.9779559118236473,1.0,0.37990667683240736,instance,random_kDN_top10
1,0.28804592739018975,0.2,0.007633587786259555,0.45454545454545453,0.1201369361076966,1.0,0.5102887004336237,1.0,1.0,0.2067793118175665,instance,random_kDN_top10
1,0.7256710151446994,0.4,0.023255813953488413,0.45454545454545453,0.8945976414124737,0.4,0.5311215828544427,1.0,1.0,-0.15164154251083997,instance,random_kDN_top10
1,0.24567437982072127,0.0,0.0,0.5454545454545454,0.5800390376606542,0.0,0.4460052999313717,0.9879759519038076,1.0,0.395699469150906,instance,random_kDN_top10
1,0.8245014245014245,0.6,0.8958333333333334,0.9090909090909091,0.8566358680877595,0.5,0.38466069825795834,0.9979959919839679,1.0,-0.0991593129187147,instance,random_kDN_top10
1,0.5783972125435539,0.6,0.19999999999999996,0.6363636363636364,0.8321502420941889,1.0,0.5042936828771338,1.0,1.0,0.28040783977325556,instance,random_kDN_top10
1,0.26340972047343236,0.0,0.125,0.45454545454545453,0.05925997464496513,0.0,0.3628897964637402,0.9438877755511021,0.9,0.4680290003420267,instance,random_kDN_top10
1,0.14219759926131115,0.0,0.040000000000000036,0.7272727272727273,0.04353884006867759,0.0,0.39904176692058557,0.9839679358717435,0.8,0.6629368454697978,instance,random_kDN_top10
1,0.09403460837887057,0.0,0.017241379310344862,0.45454545454545453,0.11844935775563137,0.0,0.4351940725629342,0.9779559118236473,1.0,0.484358391030549,instance,random_kDN_top10
1,0.09403460837887057,0.0,0.12962962962962965,0.8181818181818182,0.5353200022094237,0.0,0.3698279328486299,0.9819639278557114,1.0,0.10290291184407718,instance,random_kDN_top10
1,0.1668889572860025,0.6,0.007633587786259555,0.45454545454545453,0.2980204135535021,0.0,0.4779795006851316,0.9959919839679359,1.0,0.21760834703817977,instance,random_kDN_top10
1,0.24567437982072127,0.0,0.023255813953488413,0.45454545454545453,0.0732367970880417,0.0,0.3476792173183947,0.9519038076152304,1.0,0.4475961260576018,instance,random_kDN_top10
1,0.44916762454119563,0.0,0.007633587786259555,0.45454545454545453,0.29407889028827905,0.0,0.3908335970788651,0.9899799599198397,1.0,0.10732893657258967,instance,random_kDN_top10
1,0.14219759926131115,0.0,0.040000000000000036,0.8181818181818182,0.04328736628898444,0.0,0.3787339190404786,0.9819639278557114,0.9,0.3693801864069679,instance,random_kDN_top10
1,0.24567437982072127,0.0,0.017241379310344862,0.5454545454545454,0.20665102435068788,0.0,0.33166445599567806,0.9619238476953907,1.0,0.5094878486869026,instance,random_kDN_top10
1,0.14219759926131115,0.0,0.125,0.45454545454545453,0.05751472920319234,0.0,0.3368486895494409,0.9478957915831663,1.0,0.806123211863671,instance,random_kDN_top10
1,0.29329342743976883,0.4,0.007633587786259555,0.45454545454545453,0.5715898935966323,0.3333333333333333,0.5420936441308124,1.0,1.0,0.21420137525486296,instance,random_kDN_top10
1,0.1668889572860025,0.0,0.007633587786259555,0.45454545454545453,0.09622747013175503,0.0,0.3355820154767949,0.9318637274549099,1.0,0.9882306656682139,instance,random_kDN_top10
1,0.134199773544036,0.0,0.040000000000000036,0.6363636363636364,0.06784099158229989,0.0,0.40960206709487257,0.9398797595190381,0.9,1.0249648563512976,instance,random_kDN_top10
1,0.26340972047343236,0.0,0.017241379310344862,0.45454545454545453,0.2582586146449112,0.0,0.4286640721964249,0.9799599198396793,1.0,0.40060253286648995,instance,random_kDN_top10
1,0.7590043484780327,0.4,0.7692307692307692,1.0,0.9412139883259991,0.5,0.4972763959965243,0.9979959919839679,1.0,-0.25142127739365644,instance,random_kDN_top10
1,0.134199773544036,0.0,0.12962962962962965,0.8181818181818182,0.1571728415684729,0.0,0.4243093239158645,0.9879759519038076,0.8,0.016319016551356726,instance,random_kDN_top10
1,0.5805778809514519,0.4,0.040000000000000036,0.6363636363636364,0.41984567625239666,0.0,0.4230914758513974,0.9939879759519038,1.0,0.25188305740514155,instance,random_kDN_top10
1,0.1668889572860025,0.2,0.007633587786259555,0.45454545454545453,0.20246713672647,0.16666666666666666,0.45397207188881694,0.9959919839679359,1.0,0.39719028024416597,instance,random_kDN_top10
1,0.26340972047343236,0.2,0.040000000000000036,0.7272727272727273,0.17148677900372017,0.0,0.413237892763356,0.9959919839679359,1.0,0.46689360990364037,instance,random_kDN_top10
1,0.5726900031535793,0.6,0.12962962962962965,0.8181818181818182,0.24033555878028778,0.5,0.4496060550916634,0.9959919839679359,1.0,0.3658877163104767,instance,random_kDN_top10
1,0.08014571948998184,0.0,0.8571428571428572,0.8181818181818182,0.8020989705719472,0.0,0.4496661974472874,0.9899799599198397,1.0,0.20478774953673384,instance,random_kDN_top10
1,0.5805778809514519,0.4,0.125,0.8181818181818182,0.405846888403976,1.0,0.5223045864723288,1.0,1.0,0.25170048907166104,instance,random_kDN_top10
1,0.19546070460704612,0.0,0.08163265306122447,0.7272727272727273,0.2433103655698785,0.0,0.377381000016766,0.9719438877755511,0.9,0.35459344599033543,instance,random_kDN_top10
1,0.4134790528233151,0.6,0.12962962962962965,0.8181818181818182,0.8683678358809485,1.0,0.501587657120032,1.0,1.0,-0.1335662887500824,instance,random_kDN_top10
1,0.191179167430772,0.2,0.0625,0.6363636363636364,0.1613842665939712,0.0,0.377328814104654,0.9959919839679359,1.0,0.3848183881744485,instance,random_kDN_top10
1,0.5560233364869127,0.4,0.12962962962962965,0.8181818181818182,0.5298320681853674,0.5,0.5304480547501456,1.0,1.0,0.3269630936339371,instance,random_kDN_top10
1,0.14356011981172445,0.2,0.007633587786259555,0.45454545454545453,0.06647007453720982,0.5,0.4774867247134108,0.9939879759519038,1.0,0.39843401072345846,instance,random_kDN_top10
1,0.1522986093623212,0.0,0.007633587786259555,0.45454545454545453,0.09398577078458603,0.0,0.3170320641505866,0.9599198396793587,1.0,0.5864587343875161,instance,random_kDN_top10
1,0.1522986093623212,0.0,0.007633587786259555,0.45454545454545453,0.06509607366484949,0.0,0.34553400313368865,0.9378757515030061,0.9,1.2035738205946533,instance,random_kDN_top10
1,0.0,0.2,0.040000000000000036,0.7272727272727273,0.04485400674305584,0.0,0.4636963044762549,0.9939879759519038,0.7,0.16150289289722655,instance,random_kDN_top10
1,0.7562739630533287,0.4,0.007633587786259555,0.45454545454545453,0.4517308899947078,0.3333333333333333,0.5144152371411597,1.0,1.0,0.05494092582395656,instance,random_kDN_top10
1,0.26340972047343236,0.0,0.040000000000000036,0.6363636363636364,0.055960287603577186,0.0,0.3866110320292935,0.9519038076152304,1.0,0.4517476347407196,instance,random_kDN_top10
1,0.1260162601626016,0.0,0.007633587786259555,0.45454545454545453,0.08589300140722289,0.0,0.31642049501848324,0.9258517034068137,1.0,0.7241323327762088,instance,random_kDN_top10
1,0.24681238615664858,0.2,0.12962962962962965,0.9090909090909091,0.388952841749732,0.16666666666666666,0.457017661911271,0.9959919839679359,1.0,0.3607223852449928,instance,random_kDN_top10
1,0.26340972047343236,0.0,0.017241379310344862,0.45454545454545453,0.047150133749438494,0.0,0.4339046979458916,0.9879759519038076,0.9,0.5274708915717233,instance,random_kDN_top10
1,0.26340972047343236,0.0,0.007633587786259555,0.45454545454545453,0.10163244183344361,0.0,0.4382956514518308,0.9899799599198397,1.0,0.1472401797017435,instance,random_kDN_top10
1,0.09403460837887057,0.2,0.12962962962962965,0.8181818181818182,0.0950321327939157,0.25,0.5427204058150032,1.0,0.9,0.39411235625064467,instance,random_kDN_top10
1,0.26340972047343236,0.0,0.0625,0.6363636363636364,0.10722770446475616,0.0,0.3424303696147386,0.9619238476953907,1.0,0.4471884281838713,instance,random_kDN_top10
1,0.134199773544036,0.2,0.0,0.45454545454545453,0.04853127905692389,0.0,0.4112216868100398,0.9919839679358717,0.8,0.4728352639593954,instance,random_kDN_top10
1,0.628654804028375,0.4,0.040000000000000036,0.6363636363636364,0.483099636962101,0.0,0.42704449213722184,0.9959919839679359,1.0,0.0961975346051929,instance,random_kDN_top10
1,0.22244451284155808,0.0,0.007633587786259555,0.45454545454545453,0.0634527027300506,0.0,0.4118898332112969,0.969939879759519,0.9,0.9164209939828729,instance,random_kDN_top10
1,0.134199773544036,0.0,0.125,0.45454545454545453,0.05806071799042456,0.0,0.29992003770817,0.9639278557114228,1.0,0.6015185795498224,instance,random_kDN_top10
