y,Hostility,kDN,DCP,TD_U,CLD,N1,N2,LSC,F1,L1,level,subset
0,0.058,0.104,0.0986125522506168,0.6596923076923077,0.18590039955805446,0.07638571428571429,0.4487510051325522,0.9755871743486975,0.98744,0.7948741507627005,class,random_kDN_top25
1,0.052,0.0828,0.09861255225061677,0.6930769230769231,0.18341128420713398,0.06911746031746031,0.43917358551034047,0.9622004008016032,0.98536,1.0981322886296043,class,random_kDN_top25
dataset,0.055,0.09340000000000001,0.09861255225061677,0.6763846153846155,0.1846558418825942,0.0727515873015873,0.4439622953214463,0.9688937875751503,0.9864,0.9465032196961525,class,random_kDN_top25
0,0.0,0.0,0.040000000000000036,0.9230769230769231,0.14451870463873018,0.0,0.4100084210356406,0.905811623246493,1.0,1.360432384427481,instance,random_kDN_top25
0,0.0,0.2,0.1428571428571429,0.6153846153846154,0.14560697824986413,0.0,0.46962363656503414,0.9939879759519038,1.0,0.44258859094125935,instance,random_kDN_top25
0,0.0,0.0,0.08602150537634412,0.6923076923076923,0.14776835535677524,0.0,0.42498176128463405,0.9679358717434869,1.0,0.8446653625963568,instance,random_kDN_top25
0,0.19999999999999996,0.2,0.08602150537634412,0.6923076923076923,0.22859665057923378,0.0,0.4796816607669192,0.9959919839679359,1.0,0.6847142880956031,instance,random_kDN_top25
0,0.0,0.0,0.040000000000000036,0.6923076923076923,0.14467520295310576,0.0,0.42375848653571146,0.9438877755511021,0.96,1.6306498439464903,instance,random_kDN_top25
0,0.0,0.0,0.08602150537634412,0.6923076923076923,0.14681409099317244,0.0,0.43882757251516935,0.9779559118236473,1.0,0.9245222637900764,instance,random_kDN_top25
0,0.41666666666666663,0.0,0.7777777777777778,0.6153846153846154,0.15444773879574542,0.0,0.46468132147699126,0.9859719438877755,1.0,0.869187922946056,instance,random_kDN_top25
0,0.0,0.0,0.040000000000000036,0.6923076923076923,0.14476957948366742,0.0,0.43807902521949993,0.9539078156312625,1.0,1.2011903818381597,instance,random_kDN_top25
0,0.0,0.4,0.9814814814814815,0.8461538461538461,0.1831402681798976,0.16666666666666666,0.45792681130472834,0.9939879759519038,1.0,0.12549809305927973,instance,random_kDN_top25
0,0.0,0.0,0.040000000000000036,0.6923076923076923,0.14686545556722314,0.0,0.44771217565326193,0.9519038076152304,0.96,1.4007200642446431,instance,random_kDN_top25
0,0.0,0.2,0.08602150537634412,0.6923076923076923,0.14491012375239903,1.0,0.5060115961495535,1.0,1.0,0.9566807476541421,instance,random_kDN_top25
0,0.0,0.0,0.0,0.5384615384615384,0.9922932608501042,0.0,0.41944582106815975,0.9739478957915831,1.0,0.09760936106759277,instance,random_kDN_top25
0,0.11111111111111116,0.0,0.040000000000000036,0.6923076923076923,0.14517396345526629,0.0,0.4123643153697856,0.9859719438877755,1.0,1.0075737969590166,instance,random_kDN_top25
0,0.0,0.0,0.040000000000000036,0.9230769230769231,0.14454454982638737,0.0,0.40934938804122134,0.9659318637274549,1.0,0.5898318712489818,instance,random_kDN_top25
0,0.0,0.0,0.040000000000000036,0.6923076923076923,0.1457218284070566,0.0,0.4142677837516433,0.9579158316633266,1.0,1.1099770496538424,instance,random_kDN_top25
0,0.0,0.0,0.040000000000000036,0.6923076923076923,0.1673191345608912,0.0,0.454763399960574,0.9839679358717435,1.0,0.5213320776102982,instance,random_kDN_top25
0,0.19999999999999996,0.2,0.040000000000000036,0.6923076923076923,0.26161918714858545,0.0,0.4473060664403189,0.9959919839679359,1.0,0.45268884254590513,instance,random_kDN_top25
0,0.0,0.8,0.08602150537634412,0.6923076923076923,0.14671976348739485,1.0,0.5148266631995551,1.0,1.0,0.8348023433309392,instance,random_kDN_top25
0,0.0,0.4,0.11111111111111116,0.46153846153846156,0.14520410030779374,0.0,0.47277903813741273,0.9959919839679359,1.0,0.7746165613667619,instance,random_kDN_top25
0,0.0,0.0,0.040000000000000036,0.6923076923076923,0.14488008610743847,0.0,0.39794912479020694,0.9519038076152304,1.0,1.3179111979427738,instance,random_kDN_top25
0,0.0,0.2,0.11111111111111116,0.46153846153846156,0.1454561508931267,0.0,0.47667610788530923,0.9939879759519038,0.92,0.866997428050298,instance,random_kDN_top25
0,0.0,0.0,0.040000000000000036,0.9230769230769231,0.14563585581759486,0.0,0.4376007801482479,0.9639278557114228,1.0,1.1122654920574884,instance,random_kDN_top25
0,0.0,0.0,0.040000000000000036,0.6923076923076923,0.14447015918296602,0.0,0.45363468615762625,0.9739478957915831,0.96,1.3128767952609715,instance,random_kDN_top25
0,0.0,0.0,0.0,0.38461538461538464,0.14470830405466695,0.0,0.4459939359455285,0.9659318637274549,1.0,0.4243804818644763,instance,random_kDN_top25
0,0.0,0.0,0.040000000000000036,0.9230769230769231,0.14980589654998822,0.0,0.4695941305044946,0.969939879759519,1.0,0.3267857469490359,instance,random_kDN_top25
0,0.0,0.0,0.0,0.5384615384615384,0.14888126124013362,0.0,0.45522878792843713,0.9639278557114228,1.0,0.7285091371547096,instance,random_kDN_top25
0,0.0,0.0,0.040000000000000036,0.6923076923076923,0.1452423100219365,0.0,0.3870276203818461,0.9639278557114228,1.0,1.5829021787845972,instance,random_kDN_top25
0,0.2727272727272727,0.0,0.040000000000000036,0.9230769230769231,0.14605654242072524,0.0,0.4457665263368258,0.9739478957915831,0.96,1.607343767563088,instance,random_kDN_top25
0,0.0,0.0,0.0,0.38461538461538464,0.19076670263182666,0.0,0.45536813413559907,0.9739478957915831,0.92,0.1285086500831102,instance,random_kDN_top25
0,0.0,0.0,0.040000000000000036,0.9230769230769231,0.14469446042327538,0.0,0.41168801077994266,0.9659318637274549,0.96,1.2467566315214755,instance,random_kDN_top25
0,0.16666666666666663,0.4,0.08602150537634412,0.6923076923076923,0.24950429392807288,0.3333333333333333,0.4904330309837107,0.9979959919839679,1.0,0.5069399453967893,instance,random_kDN_top25
0,0.0,0.0,0.0,0.5384615384615384,0.14599240696688293,0.0,0.4269520025183232,0.9819639278557114,1.0,1.0906047963346128,instance,random_kDN_top25
0,0.0,0.0,0.040000000000000036,0.6923076923076923,0.18526546787119186,0.0,0.4373851849184718,0.9899799599198397,1.0,0.5006846532257414,instance,random_kDN_top25
0,0.5555555555555556,0.4,0.040000000000000036,0.6923076923076923,0.36244760131251375,1.0,0.5272261999500439,1.0,1.0,0.7230849253997917,instance,random_kDN_top25
0,0.16666666666666663,0.0,0.040000000000000036,0.9230769230769231,0.46747616774726664,0.0,0.4384225838392942,0.9819639278557114,1.0,0.05852336111612122,instance,random_kDN_top25
0,0.0,0.0,0.08602150537634412,0.6923076923076923,0.1594497704793354,0.0,0.4362323614471152,0.9639278557114228,1.0,0.09376593885005546,instance,random_kDN_top25
0,0.0,0.2,0.11111111111111116,0.46153846153846156,0.15442719977443675,0.0,0.4607807390502541,0.9939879759519038,1.0,1.1013027710988785,instance,random_kDN_top25
0,0.33333333333333337,0.6,0.9333333333333333,0.38461538461538464,0.25910843433431197,1.0,0.539278602897397,1.0,1.0,-0.15003854951694479,instance,random_kDN_top25
0,0.0,0.2,0.0,0.38461538461538464,0.15319912947041175,0.0,0.45849146427657983,0.9919839679358717,1.0,0.42274207796813346,instance,random_kDN_top25
0,0.0,0.0,0.25,0.46153846153846156,0.14496876818796328,0.0,0.4170653671483153,0.9719438877755511,0.96,0.6249986381914631,instance,random_kDN_top25
0,0.6666666666666667,0.2,0.08602150537634412,0.6923076923076923,0.19620847873066288,0.3333333333333333,0.5226323968570501,1.0,1.0,0.0842948949494285,instance,random_kDN_top25
0,0.0,0.0,0.0,0.5384615384615384,0.1506640630374797,0.0,0.4527119369507212,0.9799599198396793,1.0,0.7961169827568308,instance,random_kDN_top25
0,0.0,0.0,0.040000000000000036,0.6923076923076923,0.14933886260111473,0.0,0.42765842694284906,0.9659318637274549,0.96,0.9668221796205689,instance,random_kDN_top25
0,0.0,0.0,0.040000000000000036,1.0,0.15465808256678432,0.0,0.4548102588808133,0.9759519038076152,1.0,0.4514245561530753,instance,random_kDN_top25
0,0.0,0.2,0.33333333333333337,0.5384615384615384,0.16703897747153168,1.0,0.519206845761852,1.0,1.0,0.5630950492028374,instance,random_kDN_top25
0,0.0,0.0,0.040000000000000036,0.6923076923076923,0.1446493538480148,0.0,0.4731927776666276,0.9899799599198397,0.96,0.7122766588374255,instance,random_kDN_top25
0,0.0,0.0,0.33333333333333337,0.5384615384615384,0.1453063125186974,0.0,0.42155620061073384,0.8977955911823647,1.0,0.8494563368651414,instance,random_kDN_top25
0,0.0,0.0,0.08602150537634412,0.6923076923076923,0.1447442203060616,0.0,0.40765503830195526,0.9478957915831663,1.0,0.8760477390717473,instance,random_kDN_top25
0,0.0,0.2,0.040000000000000036,0.6923076923076923,0.14462545173167796,0.0,0.4846045871208319,0.9939879759519038,1.0,1.2810722396829888,instance,random_kDN_top25
0,0.0,0.0,0.08602150537634412,0.6923076923076923,0.1444759114397125,0.0,0.4113819509019483,0.9498997995991983,0.92,0.3175339596546174,instance,random_kDN_top25
0,0.0,0.0,0.040000000000000036,0.6923076923076923,0.14464327090303397,0.0,0.46284488060106654,0.9879759519038076,1.0,0.926891014905714,instance,random_kDN_top25
0,0.0,0.0,0.040000000000000036,0.6923076923076923,0.14547988127369382,0.0,0.44826633905141544,0.9779559118236473,1.0,0.8825874401121823,instance,random_kDN_top25
0,0.0,0.2,0.040000000000000036,0.6923076923076923,0.17024592323926874,0.0,0.49408464710896693,0.9919839679358717,1.0,0.9036525976685865,instance,random_kDN_top25
0,0.125,0.0,0.040000000000000036,0.6923076923076923,0.14512865035931594,0.0,0.48982342705743265,0.9899799599198397,0.96,0.8146643586373663,instance,random_kDN_top25
0,0.0,0.0,0.040000000000000036,0.6923076923076923,0.1452679931814101,0.0,0.37972824431561625,0.9258517034068137,1.0,1.432986835003223,instance,random_kDN_top25
0,0.0,0.0,0.12903225806451613,0.5384615384615384,0.1828332595474017,0.0,0.41098238394576314,0.9879759519038076,1.0,0.09996640756655278,instance,random_kDN_top25
0,0.0,0.0,0.040000000000000036,0.6923076923076923,0.1444730300958379,0.0,0.36850120180499535,0.9018036072144289,1.0,1.4790800044926598,instance,random_kDN_top25
0,0.0,0.6,0.040000000000000036,0.6923076923076923,0.16145657026001875,0.2,0.5006648771949856,1.0,1.0,0.39476754845018486,instance,random_kDN_top25
0,0.0,0.0,0.040000000000000036,0.6923076923076923,0.1463465108623921,0.0,0.4734347727341771,0.9879759519038076,1.0,-0.07504931889802137,instance,random_kDN_top25
0,0.75,0.2,0.040000000000000036,0.9230769230769231,0.1554723102141654,0.0,0.47453745059948904,0.9939879759519038,1.0,0.8404840549905932,instance,random_kDN_top25
0,0.0,0.0,0.040000000000000036,0.6923076923076923,0.14446911542643603,0.0,0.3715410574385647,0.845691382765531,0.92,1.9165893591380445,instance,random_kDN_top25
0,0.0,0.2,0.040000000000000036,0.9230769230769231,0.14703612766901264,0.0,0.4818366616675689,0.9939879759519038,1.0,1.0439455610848414,instance,random_kDN_top25
0,0.6666666666666667,0.4,0.040000000000000036,0.9230769230769231,0.2083591093713708,0.5,0.5260650474007816,1.0,1.0,0.34848174412510446,instance,random_kDN_top25
0,0.0,0.0,0.050000000000000044,0.23076923076923078,0.1444695348505678,0.0,0.4223937744160532,0.9378757515030061,0.96,0.7065233524735433,instance,random_kDN_top25
0,0.16666666666666663,0.0,0.040000000000000036,0.6923076923076923,0.1470995061537977,0.0,0.46135579813862493,0.9839679358717435,1.0,0.14285877728512136,instance,random_kDN_top25
0,0.0,0.0,0.040000000000000036,1.0,0.1445877521578195,0.0,0.42425504068465725,0.9619238476953907,0.96,0.7343198940422672,instance,random_kDN_top25
0,0.0,0.0,0.0,0.38461538461538464,0.14510762266776522,0.0,0.42508353705935464,0.9779559118236473,1.0,0.5642562539659848,instance,random_kDN_top25
0,0.0,0.0,0.050000000000000044,0.23076923076923078,0.14483081516701557,0.0,0.45510164786673224,0.9679358717434869,0.92,0.5564985420857913,instance,random_kDN_top25
0,0.08333333333333337,0.0,0.040000000000000036,0.6923076923076923,0.14464305233987856,0.0,0.37374527139026315,0.935871743486974,1.0,1.1712973119878383,instance,random_kDN_top25
0,0.0,0.2,0.9333333333333333,0.46153846153846156,0.16431506640943178,1.0,0.5094845595754862,1.0,1.0,0.4701913771715497,instance,random_kDN_top25
0,0.0,0.2,0.08602150537634412,0.6923076923076923,0.14476864366682712,0.0,0.4856015277032617,0.9959919839679359,0.96,0.4848839570092404,instance,random_kDN_top25
0,0.0,0.0,0.040000000000000036,0.6923076923076923,0.14532604360790258,0.0,0.4560882454732611,0.9659318637274549,1.0,1.4441235281123872,instance,random_kDN_top25
0,0.11111111111111116,0.0,0.040000000000000036,0.6923076923076923,0.14517506130428898,0.0,0.43091725864680197,0.9879759519038076,1.0,1.167110678230849,instance,random_kDN_top25
0,0.0,0.0,0.11111111111111116,0.46153846153846156,0.1448257694554605,0.0,0.4003627066201215,0.9458917835671343,1.0,1.37490981584209,instance,random_kDN_top25
0,0.0,0.0,0.040000000000000036,0.6923076923076923,0.14455583868838773,0.0,0.41987666288612935,0.9559118236472945,1.0,1.116399341041481,instance,random_kDN_top25
0,0.0,0.2,0.08602150537634412,0.6153846153846154,0.14476731044301017,0.0,0.4392077247201157,0.9939879759519038,1.0,1.2658617334423632,instance,random_kDN_top25
0,0.0,0.0,0.08602150537634412,0.6923076923076923,0.14491752085484738,0.0,0.44821733003316644,0.9879759519038076,1.0,0.2806149781456298,instance,random_kDN_top25
0,0.0,0.0,0.040000000000000036,1.0,0.14465318083422884,0.0,0.42639080625225745,0.9218436873747495,0.96,0.6956236611922214,instance,random_kDN_top25
0,0.19999999999999996,0.0,0.08602150537634412,0.6923076923076923,0.14575835471281395,0.0,0.37348509679356856,0.9799599198396793,1.0,0.6598549910891549,instance,random_kDN_top25
0,0.0,0.0,0.040000000000000036,0.6153846153846154,0.14690005790781085,0.0,0.42629078288175926,0.9458917835671343,0.96,0.7015965664204906,instance,random_kDN_top25
0,0.0,0.0,0.040000000000000036,0.6923076923076923,0.14529535269652827,0.0,0.4615600015290243,0.9879759519038076,1.0,0.6696540739228146,instance,random_kDN_top25
0,0.0,0.0,0.12903225806451613,0.5384615384615384,0.14447099294274218,0.0,0.4369144517317537,0.9719438877755511,0.96,0.6700386749774773,instance,random_kDN_top25
0,0.16666666666666663,0.0,0.12903225806451613,0.5384615384615384,0.1458458518705834,0.0,0.46057974083359354,0.9839679358717435,0.92,0.3522441963848055,instance,random_kDN_top25
0,0.0,0.0,0.040000000000000036,0.6923076923076923,0.18442944773022862,0.0,0.4271206244508744,0.9799599198396793,0.96,0.9829161276640969,instance,random_kDN_top25
0,0.0,0.0,0.11111111111111116,0.46153846153846156,0.14455885310531924,0.0,0.4210755167951019,0.9338677354709419,0.92,0.4856780108121371,instance,random_kDN_top25
0,0.0,0.0,0.040000000000000036,0.6923076923076923,0.14450076320538574,0.0,0.4318697059122749,0.9438877755511021,1.0,0.9199608998603392,instance,random_kDN_top25
0,0.0,0.0,0.040000000000000036,0.9230769230769231,0.14452300359422277,0.0,0.4055551760599946,0.9258517034068137,1.0,0.6105116075651993,instance,random_kDN_top25
0,0.0,0.0,0.040000000000000036,0.6923076923076923,0.14507404505249477,0.0,0.41762119188731894,0.9759519038076152,1.0,1.2981231966909748,instance,random_kDN_top25
0,0.0,0.0,0.040000000000000036,0.6923076923076923,0.17726334935173277,0.0,0.4566548408775948,0.9839679358717435,1.0,0.5537074346369958,instance,random_kDN_top25
0,0.0,0.0,0.0,0.38461538461538464,0.14549752589151116,0.0,0.43926020558853895,0.9659318637274549,1.0,1.0389054188680296,instance,random_kDN_top25
0,0.33333333333333337,0.2,0.040000000000000036,0.6923076923076923,0.33635287547054127,0.0,0.47652426243403323,0.9939879759519038,0.96,0.5949872951702785,instance,random_kDN_top25
0,0.08333333333333337,0.0,0.040000000000000036,0.6923076923076923,0.14450111362797158,0.0,0.39478945810419064,0.9659318637274549,0.96,1.6722115392206656,instance,random_kDN_top25
0,0.19999999999999996,0.0,0.040000000000000036,0.6923076923076923,0.14583433202040796,0.0,0.4576604479101728,0.9559118236472945,1.0,1.2920431020694703,instance,random_kDN_top25
0,0.0,0.4,0.040000000000000036,0.9230769230769231,0.1915870576913643,0.0,0.47818998414220826,0.9979959919839679,1.0,0.32173152221795037,instance,random_kDN_top25
0,0.0,0.0,0.6363636363636364,0.46153846153846156,0.14468217941355016,0.0,0.46613288668956876,0.9879759519038076,0.96,0.8165190215699674,instance,random_kDN_top25
0,0.0,0.0,0.050000000000000044,0.23076923076923078,0.14781703864128398,0.0,0.43721472344714085,0.9799599198396793,0.96,0.5076771822946917,instance,random_kDN_top25
0,0.0,0.0,0.040000000000000036,1.0,0.1465360247958215,0.0,0.4388306159656882,0.9779559118236473,1.0,0.7202427404503913,instance,random_kDN_top25
0,0.0,0.0,0.040000000000000036,0.9230769230769231,0.1444948656922872,0.0,0.4130914460276003,0.9639278557114228,1.0,1.2470070272787996,instance,random_kDN_top25
0,0.0,0.0,0.040000000000000036,0.6923076923076923,0.14483723606649512,0.0,0.37992403644647876,0.9258517034068137,0.96,1.104155287618895,instance,random_kDN_top25
0,0.125,0.4,0.9523809523809523,0.6923076923076923,0.16668769408906048,1.0,0.5028108807870612,1.0,1.0,0.19655638445451967,instance,random_kDN_top25
0,0.0,0.0,0.040000000000000036,0.9230769230769231,0.14501998453298715,0.0,0.4776731745740549,0.9899799599198397,1.0,1.1105981850446498,instance,random_kDN_top25
0,0.0,0.2,0.08602150537634412,0.6923076923076923,0.15141784625051047,0.5,0.5115789864348617,1.0,1.0,0.6031409534967113,instance,random_kDN_top25
0,0.0,0.0,0.08602150537634412,0.6923076923076923,0.15083721011849194,0.0,0.4101035629505645,0.9619238476953907,1.0,0.9105968033163049,instance,random_kDN_top25
0,0.0,0.2,0.040000000000000036,0.9230769230769231,0.1468053094482472,0.0,0.4710496536250641,0.9939879759519038,1.0,0.5107734986941009,instance,random_kDN_top25
0,0.0,0.2,0.040000000000000036,0.6923076923076923,0.15436462178979138,0.0,0.4477841192356674,0.9919839679358717,1.0,1.294372458541052,instance,random_kDN_top25
0,0.0,0.2,0.040000000000000036,0.6923076923076923,0.1520574997234994,0.5,0.4789650480353794,0.9979959919839679,1.0,0.15956349321263574,instance,random_kDN_top25
0,0.0,0.0,0.040000000000000036,0.9230769230769231,0.14806958465047748,0.0,0.4742485639831766,0.9899799599198397,0.96,0.5959696924776106,instance,random_kDN_top25
0,0.0,0.0,0.040000000000000036,0.9230769230769231,0.14478901168460118,0.0,0.4008059528501329,0.9759519038076152,1.0,0.6337764635366047,instance,random_kDN_top25
0,0.0,0.2,0.9814814814814815,0.5384615384615384,0.46903980246309207,0.0,0.4962692976916482,0.9979959919839679,0.92,0.10018911913095842,instance,random_kDN_top25
0,0.41666666666666663,0.4,0.0,0.46153846153846156,0.16447489332714404,0.3333333333333333,0.5090045639624188,1.0,1.0,0.15877969807829495,instance,random_kDN_top25
0,0.0,0.4,0.040000000000000036,0.9230769230769231,0.18831515130871057,1.0,0.5402677936554962,1.0,1.0,0.19231527158587072,instance,random_kDN_top25
0,0.0,0.0,0.040000000000000036,0.6923076923076923,0.14446898259175295,0.0,0.4201167215855349,0.8897795591182365,0.96,1.411808478274664,instance,random_kDN_top25
0,0.41666666666666663,0.2,0.9259259259259259,0.46153846153846156,0.9444784185423273,0.0,0.4637803963189636,0.9919839679358717,0.96,0.6714674722497743,instance,random_kDN_top25
0,0.0,0.4,0.040000000000000036,0.6923076923076923,0.1604594683194725,0.0,0.47164276492320345,0.9979959919839679,1.0,0.7813469972376288,instance,random_kDN_top25
0,0.0,0.0,0.040000000000000036,0.6923076923076923,0.18872705132428147,0.0,0.4029488193123181,0.9619238476953907,1.0,0.25291992687393755,instance,random_kDN_top25
0,0.0,0.0,0.08602150537634412,0.6923076923076923,0.1470056608509106,0.0,0.41981804690984803,0.9639278557114228,1.0,1.101179095170576,instance,random_kDN_top25
0,0.0,0.0,0.040000000000000036,0.6923076923076923,0.14522599210222936,0.0,0.4391950318538479,0.969939879759519,0.96,0.4173770270324633,instance,random_kDN_top25
0,0.0,0.0,0.040000000000000036,0.6923076923076923,0.1446112720941043,0.0,0.4235812943734012,0.9859719438877755,1.0,1.096539861077569,instance,random_kDN_top25
0,0.0,0.0,0.040000000000000036,0.6923076923076923,0.14469060361360842,0.0,0.4478092173306002,0.9879759519038076,0.96,1.263999804098241,instance,random_kDN_top25
0,0.2727272727272727,0.0,0.040000000000000036,0.6923076923076923,0.14474024081802567,0.0,0.4245182632663749,0.9619238476953907,1.0,1.0458782388913317,instance,random_kDN_top25
0,0.0,0.4,0.08602150537634412,0.6923076923076923,0.17122217159031194,0.0,0.47535782934636595,0.9979959919839679,1.0,1.2971432333655144,instance,random_kDN_top25
0,0.0,0.0,0.12903225806451613,0.5384615384615384,0.1451993593566535,0.0,0.4395320657559403,0.969939879759519,1.0,0.734553004702208,instance,random_kDN_top25
0,0.5555555555555556,0.2,0.040000000000000036,0.9230769230769231,0.16198454435262416,0.0,0.4842008393462308,0.9939879759519038,1.0,0.7500898912616287,instance,random_kDN_top25
0,0.16666666666666663,0.4,0.08602150537634412,0.6923076923076923,0.14937263318899918,0.0,0.4382934709444738,0.9939879759519038,1.0,0.25304292936157974,instance,random_kDN_top25
0,0.0,0.4,0.040000000000000036,0.6923076923076923,0.16158551616342132,0.5,0.5396364736778345,1.0,1.0,0.5317358958813836,instance,random_kDN_top25
0,0.0,0.2,0.7777777777777778,0.6153846153846154,0.21831812039540832,0.3333333333333333,0.5175870244803381,1.0,1.0,0.7342339997782213,instance,random_kDN_top25
0,0.0,0.0,0.040000000000000036,0.6923076923076923,0.18279876775393167,0.0,0.3898409336065446,0.9839679358717435,1.0,0.9166504950066714,instance,random_kDN_top25
0,0.0,0.0,0.08602150537634412,0.6923076923076923,0.1486370644956116,0.0,0.43777123067902346,0.935871743486974,1.0,1.2884182415466838,instance,random_kDN_top25
0,0.19999999999999996,0.4,0.6363636363636364,0.46153846153846156,0.36628279806209374,0.3333333333333333,0.4676141263974841,0.9939879759519038,0.96,0.23982644166697156,instance,random_kDN_top25
0,0.0,0.0,0.040000000000000036,0.6923076923076923,0.15152557792385402,0.0,0.44275481897598357,0.9739478957915831,1.0,0.4859962548342987,instance,random_kDN_top25
0,0.0,0.0,0.040000000000000036,0.6923076923076923,0.15290292706423764,0.0,0.40391229351331737,0.9799599198396793,1.0,0.8601978223908511,instance,random_kDN_top25
0,0.0,0.2,0.040000000000000036,0.9230769230769231,0.14947448590087076,0.5,0.49871873945204326,0.9979959919839679,1.0,0.6176780964872212,instance,random_kDN_top25
0,0.41666666666666663,0.0,0.040000000000000036,0.6923076923076923,0.1448991567562416,0.0,0.43052940391008554,0.9879759519038076,1.0,1.1300038980848772,instance,random_kDN_top25
0,0.0,0.0,0.040000000000000036,0.9230769230769231,0.145682287818988,0.0,0.4267161284783778,0.9599198396793587,1.0,0.5896023818599287,instance,random_kDN_top25
0,0.11111111111111116,0.0,0.040000000000000036,0.6923076923076923,0.14472108617766644,0.0,0.4475809559435814,0.9599198396793587,1.0,1.6143481534037574,instance,random_kDN_top25
0,0.0,0.0,0.040000000000000036,0.6923076923076923,0.14817382326234346,0.0,0.46491049943231744,0.9839679358717435,1.0,0.9811554947770394,instance,random_kDN_top25
0,0.0,0.0,0.1428571428571429,0.6153846153846154,0.1472315177141726,0.0,0.4255332534549403,0.9859719438877755,1.0,0.5288387868147173,instance,random_kDN_top25
0,0.16666666666666663,0.2,0.040000000000000036,0.9230769230769231,0.3830420935291393,0.0,0.48232970626475635,0.9919839679358717,1.0,0.33716677454788346,instance,random_kDN_top25
0,0.0,0.2,0.040000000000000036,0.9230769230769231,0.15985416580222234,0.0,0.4447943397198135,0.9959919839679359,1.0,0.5799860173713356,instance,random_kDN_top25
0,0.0,0.0,0.08602150537634412,0.6923076923076923,0.14981215300235756,0.0,0.4458037886382116,0.9859719438877755,1.0,0.7251710365269805,instance,random_kDN_top25
0,0.125,0.0,0.040000000000000036,0.9230769230769231,0.15433441005284776,0.0,0.45207114955322114,0.969939879759519,1.0,0.5968428694419015,instance,random_kDN_top25
0,0.0,0.0,0.0,0.3076923076923077,0.15064246690636646,0.0,0.3920246861565718,0.9478957915831663,0.96,1.825266719528767,instance,random_kDN_top25
0,0.0,0.0,0.040000000000000036,0.6923076923076923,0.14470489033202671,0.0,0.4268559618170268,0.9779559118236473,1.0,0.9166798691351348,instance,random_kDN_top25
0,0.0,0.2,0.040000000000000036,0.9230769230769231,0.14513895994862097,0.0,0.4893724945046328,0.9939879759519038,1.0,0.5841257861347916,instance,random_kDN_top25
0,0.0,0.0,0.040000000000000036,0.9230769230769231,0.14456546312403634,0.0,0.4398653032865485,0.9859719438877755,0.96,1.045832853338217,instance,random_kDN_top25
0,0.16666666666666663,0.2,0.08602150537634412,0.6923076923076923,0.9922212864816993,0.0,0.4818238519084702,0.9919839679358717,1.0,0.4717369065763779,instance,random_kDN_top25
0,0.0,0.0,0.040000000000000036,0.6923076923076923,0.14458829420555597,0.0,0.40794234887476444,0.9098196392785571,1.0,1.2374233097924279,instance,random_kDN_top25
0,0.0,0.4,0.0,0.3076923076923077,0.17567901836212785,0.0,0.4961381905854262,0.9979959919839679,1.0,0.786929582231978,instance,random_kDN_top25
0,0.0,0.0,0.040000000000000036,0.6923076923076923,0.1465422351759148,0.0,0.4186217930984467,0.9719438877755511,1.0,1.222168671941247,instance,random_kDN_top25
0,0.75,0.8,0.12903225806451613,0.5384615384615384,0.1467897884417429,1.0,0.5207867429601138,1.0,1.0,0.3337225220679115,instance,random_kDN_top25
0,0.0,0.4,0.0,0.3076923076923077,0.7328634451233871,0.0,0.47737278306273223,0.9979959919839679,1.0,0.3917740118089626,instance,random_kDN_top25
0,0.0,0.0,0.050000000000000044,0.23076923076923078,0.15647253701712976,0.0,0.4096907222029115,0.969939879759519,0.96,1.473267082862647,instance,random_kDN_top25
0,0.0,0.0,0.0,0.38461538461538464,0.14454827615679255,0.0,0.42874521546966604,0.9018036072144289,1.0,0.26908198716062726,instance,random_kDN_top25
0,0.0,0.0,0.040000000000000036,0.6923076923076923,0.1454305971575947,0.0,0.4454407424136104,0.9739478957915831,1.0,1.3173206955110934,instance,random_kDN_top25
0,0.0,0.0,0.040000000000000036,0.6923076923076923,0.1449253373319217,0.0,0.4063629206601489,0.9819639278557114,1.0,1.8492207093897464,instance,random_kDN_top25
0,0.0,0.4,0.040000000000000036,0.6923076923076923,0.18647963848994048,0.25,0.464577571905075,0.9959919839679359,1.0,0.3158828200577424,instance,random_kDN_top25
0,0.16666666666666663,0.0,0.6363636363636364,0.5384615384615384,0.20981479290522592,0.0,0.42431241087397975,0.9859719438877755,1.0,1.0375352593355063,instance,random_kDN_top25
0,0.0,0.0,0.040000000000000036,0.9230769230769231,0.1458930519997278,0.0,0.46621888383969456,0.9839679358717435,1.0,0.7487682154290948,instance,random_kDN_top25
0,0.125,0.0,0.040000000000000036,0.6923076923076923,0.17335174645486406,0.0,0.4642474221667531,0.9879759519038076,1.0,0.3014280284299781,instance,random_kDN_top25
0,0.0,0.0,0.08602150537634412,0.6923076923076923,0.14501223612023217,0.0,0.42250427754072584,0.9719438877755511,1.0,0.8251621497693999,instance,random_kDN_top25
0,0.2727272727272727,0.0,0.040000000000000036,0.6923076923076923,0.14489927431110383,0.0,0.41635962218056477,0.9418837675350702,1.0,1.5880281298503074,instance,random_kDN_top25
0,0.0,0.2,0.050000000000000044,0.23076923076923078,0.16501888186906827,0.0,0.48501559961205676,0.9979959919839679,1.0,0.25928282079103676,instance,random_kDN_top25
0,0.0,0.0,0.0,0.46153846153846156,0.1517199894732456,0.0,0.4237603468937874,0.9819639278557114,0.96,0.2539165391753757,instance,random_kDN_top25
0,0.0,0.0,0.08602150537634412,0.6923076923076923,0.14473521113941662,0.0,0.39882416980392255,0.9599198396793587,1.0,0.4136924990242991,instance,random_kDN_top25
0,0.11111111111111116,0.4,0.040000000000000036,0.6923076923076923,0.14970003707245472,1.0,0.5123783746210377,1.0,1.0,0.41368270718489986,instance,random_kDN_top25
0,0.0,0.0,0.040000000000000036,0.9230769230769231,0.14446866689719673,0.0,0.3985027250320533,0.9498997995991983,0.96,1.3638902645901332,instance,random_kDN_top25
0,0.0,0.0,0.08602150537634412,0.6923076923076923,0.14651208401180538,0.0,0.37274567455664875,0.9338677354709419,1.0,0.7634463848017757,instance,random_kDN_top25
0,0.0,0.0,0.040000000000000036,0.6923076923076923,0.20538940171768927,0.0,0.44071934698027415,0.9719438877755511,1.0,0.375944444352346,instance,random_kDN_top25
0,0.0,0.6,0.040000000000000036,1.0,0.1654982768532096,1.0,0.5285704879416528,1.0,1.0,-0.3082469274346126,instance,random_kDN_top25
0,0.0,0.0,0.08602150537634412,0.6923076923076923,0.14663242461584852,0.0,0.4312249747429643,0.9799599198396793,0.96,0.21057432550780958,instance,random_kDN_top25
0,0.0,0.0,0.040000000000000036,0.6923076923076923,0.1447429843442568,0.0,0.42116341571157156,0.9559118236472945,0.96,1.1631974547196189,instance,random_kDN_top25
0,0.0,0.4,0.0,0.38461538461538464,0.15697303727868966,0.0,0.47522602564519334,0.9979959919839679,0.96,0.3670817978060837,instance,random_kDN_top25
0,0.0,0.0,0.040000000000000036,0.6923076923076923,0.14462156040229923,0.0,0.41261189614538984,0.9158316633266533,0.96,0.7231864426573237,instance,random_kDN_top25
0,0.0,0.0,0.040000000000000036,0.6923076923076923,0.14459493356176678,0.0,0.4192069961022853,0.9759519038076152,1.0,1.4167072885052632,instance,random_kDN_top25
0,0.0,0.0,0.040000000000000036,0.6923076923076923,0.14909819978786548,0.0,0.44119506521091756,0.9839679358717435,1.0,0.5301647803018092,instance,random_kDN_top25
0,0.0,0.2,0.9090909090909091,0.46153846153846156,0.14594228850316826,0.0,0.4363528768385211,0.9919839679358717,1.0,0.2375541663806709,instance,random_kDN_top25
0,0.0,0.0,0.040000000000000036,0.6923076923076923,0.14449075548682822,0.0,0.38961062317761685,0.9519038076152304,1.0,1.3767906413850803,instance,random_kDN_top25
0,0.0,0.2,0.08602150537634412,0.7692307692307693,0.16361922577641774,0.0,0.4842772528486805,0.9939879759519038,1.0,0.9665282159610464,instance,random_kDN_top25
0,0.0,0.0,0.08602150537634412,0.6923076923076923,0.14539922216544515,0.0,0.4228810453427526,0.9238476953907816,1.0,0.9211728118018035,instance,random_kDN_top25
0,0.0,0.2,0.040000000000000036,0.6923076923076923,0.15087443579878246,1.0,0.5074518439760162,1.0,1.0,-0.001315080955045055,instance,random_kDN_top25
0,0.0,0.0,0.0,0.38461538461538464,0.14467611197557784,0.0,0.39579327306551426,0.9158316633266533,1.0,1.081569839199014,instance,random_kDN_top25
0,0.0,0.0,0.040000000000000036,0.6923076923076923,0.14497219638413494,0.0,0.44270933328531403,0.9759519038076152,1.0,1.1111545874145552,instance,random_kDN_top25
0,0.6,0.4,0.12903225806451613,0.5384615384615384,0.14471267967058965,0.3333333333333333,0.5332686041086181,1.0,0.96,1.1821905830024895,instance,random_kDN_top25
0,0.0,0.2,0.040000000000000036,0.6923076923076923,0.1502235129571573,0.0,0.4716250740797566,0.9939879759519038,1.0,0.9812780418920698,instance,random_kDN_top25
0,0.0,0.0,0.040000000000000036,0.9230769230769231,0.14449746662607482,0.0,0.41802988114909756,0.9298597194388778,0.96,0.9079382875241988,instance,random_kDN_top25
0,0.0,0.0,0.040000000000000036,0.9230769230769231,0.16095966118796146,0.0,0.4667657359408406,0.9859719438877755,1.0,1.066628449386978,instance,random_kDN_top25
0,0.0,0.0,0.040000000000000036,0.6923076923076923,0.14446815942333513,0.0,0.40722528287114357,0.9198396793587175,0.92,1.7330805171357813,instance,random_kDN_top25
0,0.0,0.0,0.08602150537634412,0.6923076923076923,0.14549214105111147,0.0,0.44994564525331426,0.9559118236472945,1.0,1.204981435893067,instance,random_kDN_top25
0,0.0,0.0,0.050000000000000044,0.23076923076923078,0.1446957119402058,0.0,0.4710881691738814,0.9879759519038076,0.96,0.5172568456661862,instance,random_kDN_top25
0,0.11111111111111116,0.2,0.040000000000000036,1.0,0.17328518719696945,0.0,0.4948825232695453,0.9979959919839679,1.0,-0.15423062231099163,instance,random_kDN_top25
0,0.0,0.0,0.040000000000000036,0.9230769230769231,0.1454452154037585,0.0,0.42379429993732176,0.9879759519038076,1.0,0.9180538836616131,instance,random_kDN_top25
0,0.0,0.0,0.040000000000000036,0.6923076923076923,0.14458098032318828,0.0,0.4436425642280907,0.9739478957915831,1.0,0.8391310579829157,instance,random_kDN_top25
0,0.0,0.0,0.040000000000000036,0.6923076923076923,0.14447305914505387,0.0,0.4131654291780751,0.8797595190380761,1.0,1.3623307972660195,instance,random_kDN_top25
0,0.11111111111111116,0.0,0.040000000000000036,0.6923076923076923,0.14537694465788464,0.2,0.4080539854759444,0.9719438877755511,1.0,0.9956187920683303,instance,random_kDN_top25
0,0.0,0.0,0.040000000000000036,0.6923076923076923,0.14446846823821496,0.0,0.39636225847219386,0.8416833667334669,0.88,1.1024042026462022,instance,random_kDN_top25
0,0.0,0.0,0.0,0.38461538461538464,0.14495194538334422,0.0,0.41775429445708656,0.9639278557114228,1.0,1.363783292531755,instance,random_kDN_top25
0,0.0,0.6,0.050000000000000044,0.23076923076923078,0.14582943627614559,1.0,0.5384325947716333,1.0,0.96,0.7167676702865083,instance,random_kDN_top25
0,0.0,0.0,0.08602150537634412,0.6923076923076923,0.17125782302226356,0.0,0.414292748259821,0.9879759519038076,1.0,0.9937427867669841,instance,random_kDN_top25
0,0.0,0.2,0.040000000000000036,0.9230769230769231,0.1445598449252502,0.0,0.45445500386003723,0.9939879759519038,1.0,1.415998145316985,instance,random_kDN_top25
0,0.0,0.4,0.12903225806451613,0.5384615384615384,0.24518546279680836,0.0,0.4860795845755511,0.9959919839679359,0.96,0.1856617096840693,instance,random_kDN_top25
0,0.0,0.0,0.08602150537634412,0.6923076923076923,0.14459491477843578,0.0,0.43126630294958057,0.9599198396793587,0.96,1.0897303547486965,instance,random_kDN_top25
0,0.0,0.0,0.040000000000000036,0.6923076923076923,0.14450781737202012,0.0,0.41717151566551136,0.9619238476953907,0.92,0.9541700090732492,instance,random_kDN_top25
0,0.0,0.0,0.040000000000000036,0.6923076923076923,0.1451429241868804,0.0,0.43669727864912034,0.9739478957915831,1.0,0.7346052184673931,instance,random_kDN_top25
0,0.0,0.0,0.040000000000000036,0.6923076923076923,0.1454162317170461,0.0,0.43762149803553196,0.9619238476953907,1.0,1.595865397254747,instance,random_kDN_top25
0,0.0,0.0,0.040000000000000036,0.6923076923076923,0.1450371822535787,0.0,0.4132105917543104,0.9639278557114228,1.0,1.524139142213815,instance,random_kDN_top25
0,0.0,0.2,0.12903225806451613,0.5384615384615384,0.14490168709933748,0.0,0.4296886529189281,0.9919839679358717,1.0,0.4906709130127498,instance,random_kDN_top25
0,0.0,0.0,0.040000000000000036,0.6923076923076923,0.15217561475533886,0.0,0.4824714163699302,0.9879759519038076,1.0,1.5427759711533842,instance,random_kDN_top25
0,0.0,0.0,0.12903225806451613,0.5384615384615384,0.14461331344040484,0.0,0.4146875922306916,0.9739478957915831,1.0,0.43466666124662456,instance,random_kDN_top25
0,0.0,0.0,0.040000000000000036,0.6923076923076923,0.14486585248040562,0.0,0.4486392491018276,0.9799599198396793,1.0,0.37727330126143116,instance,random_kDN_top25
0,0.0,0.0,0.040000000000000036,0.9230769230769231,0.14452542097711252,0.0,0.40965378158406685,0.969939879759519,0.96,0.7877333788631724,instance,random_kDN_top25
0,0.0,0.0,0.040000000000000036,0.9230769230769231,0.1446245522176542,0.0,0.4348121321860572,0.9559118236472945,0.96,0.37595261525762846,instance,random_kDN_top25
0,0.0,0.2,0.1428571428571429,0.6153846153846154,0.1490465774741105,0.0,0.4688834513301292,0.9959919839679359,1.0,0.45335932921877004,instance,random_kDN_top25
0,0.0,0.2,0.040000000000000036,0.6923076923076923,0.14467213892147213,0.0,0.46290562257773427,0.9919839679358717,1.0,0.7697598025128337,instance,random_kDN_top25
0,0.0,0.0,0.050000000000000044,0.23076923076923078,0.14448235772832774,0.0,0.41460411034503064,0.9158316633266533,0.96,1.0623283228263987,instance,random_kDN_top25
0,0.0,0.0,0.040000000000000036,0.6923076923076923,0.17618679461468373,0.0,0.4344490486885225,0.9799599198396793,1.0,0.7108179489601364,instance,random_kDN_top25
0,0.0,0.0,0.0,0.5384615384615384,0.9922932608501042,0.0,0.41070565572361917,0.969939879759519,0.92,1.1920694452027218,instance,random_kDN_top25
0,0.0,0.0,0.040000000000000036,0.9230769230769231,0.14453633485881634,0.0,0.3630334771629825,0.9438877755511021,1.0,0.8529042217371288,instance,random_kDN_top25
0,0.0,0.0,0.040000000000000036,0.9230769230769231,0.14482212704838104,0.0,0.41348633245022404,0.9899799599198397,0.96,0.7564470111529262,instance,random_kDN_top25
0,0.0,0.0,0.0,0.5384615384615384,0.9088572980692937,0.0,0.4644915438063043,0.9839679358717435,1.0,1.146035964818824,instance,random_kDN_top25
0,0.33333333333333337,0.4,0.0,0.46153846153846156,0.15426047868770543,0.5,0.4825697722207144,0.9979959919839679,0.96,0.29498451932161324,instance,random_kDN_top25
0,0.16666666666666663,0.0,0.75,0.46153846153846156,0.16720909424480784,0.0,0.4415726642900928,0.9619238476953907,1.0,1.3800075733869255,instance,random_kDN_top25
0,0.0,0.2,0.08602150537634412,0.6923076923076923,0.16618221958212198,0.0,0.4466112066106821,0.9939879759519038,1.0,0.3804778461687368,instance,random_kDN_top25
0,0.0,0.0,0.08602150537634412,0.6923076923076923,0.1444688826387696,0.0,0.4006139104700782,0.9338677354709419,0.96,1.3835046122770622,instance,random_kDN_top25
0,0.0,0.2,0.08602150537634412,0.6923076923076923,0.14474941222875126,0.0,0.4589800440484565,0.9939879759519038,1.0,0.8918919675896867,instance,random_kDN_top25
0,0.0,0.0,0.12903225806451613,0.5384615384615384,0.14463578941579958,0.0,0.4026460203650287,0.9639278557114228,1.0,0.5489300700260802,instance,random_kDN_top25
0,0.0,0.6,0.12903225806451613,0.5384615384615384,0.1450121419833056,0.0,0.47045922424224884,0.9959919839679359,1.0,0.527232500415285,instance,random_kDN_top25
0,0.0,0.0,0.08602150537634412,0.6153846153846154,0.20858628784890187,0.0,0.34013705439568864,0.9899799599198397,1.0,0.5446867865164846,instance,random_kDN_top25
0,0.0,0.4,0.040000000000000036,0.9230769230769231,0.5709891967120383,0.5833333333333334,0.49987314382629344,0.9979959919839679,1.0,-0.09476408918766148,instance,random_kDN_top25
0,0.16666666666666663,0.4,0.08602150537634412,0.6153846153846154,0.768658244310278,0.0,0.4546565376922833,0.9939879759519038,1.0,0.4992050131092435,instance,random_kDN_top25
0,0.0,0.0,0.040000000000000036,0.6923076923076923,0.14450251024228322,0.0,0.4022602707520715,0.9498997995991983,0.96,1.4821668134627322,instance,random_kDN_top25
0,0.0,0.0,0.040000000000000036,0.9230769230769231,0.16009598847279227,0.0,0.44020212692049643,0.9819639278557114,1.0,0.3546351343481446,instance,random_kDN_top25
0,0.0,0.0,0.040000000000000036,0.6923076923076923,0.144927128886569,0.0,0.4034344110712891,0.9539078156312625,1.0,0.9061827668507222,instance,random_kDN_top25
0,0.16666666666666663,0.6,0.12903225806451613,0.5384615384615384,0.8204203912523501,0.0,0.4660671270826484,0.9959919839679359,1.0,-0.03863273910111507,instance,random_kDN_top25
0,0.0,0.2,0.0,0.38461538461538464,0.15928049090821078,0.0,0.4799390477898352,0.9939879759519038,1.0,-0.018765273427309766,instance,random_kDN_top25
0,0.16666666666666663,0.0,0.040000000000000036,0.6923076923076923,0.16062724764193215,0.0,0.4367576253126818,0.969939879759519,1.0,1.0757057734771844,instance,random_kDN_top25
0,0.0,0.0,0.040000000000000036,0.6923076923076923,0.16859203674404039,0.0,0.4704838347826782,0.9819639278557114,1.0,0.7181937232184892,instance,random_kDN_top25
0,0.0,0.0,0.08602150537634412,0.6923076923076923,0.1447861936540239,0.0,0.4291652435437723,0.9819639278557114,1.0,0.931573472920457,instance,random_kDN_top25
0,0.5,0.0,0.0,0.5384615384615384,0.14808234417082644,0.0,0.46835353835787985,0.9879759519038076,1.0,0.352719347002103,instance,random_kDN_top25
0,0.0,0.0,0.040000000000000036,0.6923076923076923,0.14461725091314231,0.0,0.4476830758057756,0.9739478957915831,1.0,1.2435749316628668,instance,random_kDN_top25
0,0.0,0.0,0.08602150537634412,0.6923076923076923,0.14797010254358628,0.0,0.3996386300223592,0.9759519038076152,1.0,0.5843654479282709,instance,random_kDN_top25
0,0.0,0.0,0.08602150537634412,0.6923076923076923,0.3336858039803878,0.0,0.47003233021393964,0.9899799599198397,1.0,0.8865745013362414,instance,random_kDN_top25
0,0.0,0.0,0.040000000000000036,0.6923076923076923,0.14606881417882622,0.0,0.4107219961351135,0.9559118236472945,1.0,1.5876981805498722,instance,random_kDN_top25
0,0.0,0.2,0.040000000000000036,0.9230769230769231,0.14668244782446738,0.0,0.4661475952979537,0.9939879759519038,1.0,0.8685796644535149,instance,random_kDN_top25
0,0.0,0.0,0.08602150537634412,0.6153846153846154,0.3332858886470934,0.0,0.3699629609814611,0.9899799599198397,1.0,0.15070778495922738,instance,random_kDN_top25
0,0.16666666666666663,0.2,0.75,0.46153846153846156,0.9886540442971534,0.0,0.4190164123730803,0.9919839679358717,1.0,0.063051073360019,instance,random_kDN_top25
0,0.0,0.2,0.08602150537634412,0.6923076923076923,0.14548268122878694,0.0,0.48591914046917295,0.9919839679358717,1.0,0.8000699733162688,instance,random_kDN_top25
0,0.0,0.0,0.050000000000000044,0.23076923076923078,0.144468142741632,0.0,0.35875408431512446,0.9078156312625251,0.96,1.0859556821338956,instance,random_kDN_top25
0,0.0,0.2,0.040000000000000036,0.9230769230769231,0.14486250271512846,0.0,0.44057155275703674,0.9919839679358717,1.0,1.2172932021238851,instance,random_kDN_top25
0,0.0,0.2,0.8,0.46153846153846156,0.1534000062505863,0.0,0.4572962023912436,0.9919839679358717,1.0,0.45485189822854505,instance,random_kDN_top25
0,0.0,0.0,0.040000000000000036,0.6923076923076923,0.14451150278290792,0.0,0.45543141009651,0.9799599198396793,1.0,1.309105371180491,instance,random_kDN_top25
0,0.0,0.0,0.040000000000000036,0.6923076923076923,0.14512354320382548,0.0,0.45065421216881774,0.9839679358717435,1.0,1.6549313463324444,instance,random_kDN_top25
0,0.875,0.4,0.9814814814814815,0.7692307692307693,0.8052800640955157,1.0,0.5010117830505174,1.0,1.0,-0.03615660118562912,instance,random_kDN_top25
0,0.0,0.0,0.33333333333333337,0.5384615384615384,0.1870251431500426,0.0,0.4669595797256363,0.9839679358717435,1.0,0.6775018971319333,instance,random_kDN_top25
0,0.0,0.0,0.08602150537634412,0.6923076923076923,0.14448155730760653,0.0,0.40912066095087773,0.935871743486974,0.96,0.6034531163238487,instance,random_kDN_top25
0,0.0,0.0,0.0,0.5384615384615384,0.9919259165247861,0.0,0.4368452943334935,0.9839679358717435,1.0,0.8118691152222308,instance,random_kDN_top25
0,0.0,0.0,0.08602150537634412,0.6923076923076923,0.1463831966833708,0.0,0.43092717023294347,0.9519038076152304,1.0,1.4158047669939688,instance,random_kDN_top25
0,0.0,0.0,0.040000000000000036,0.6923076923076923,0.17505974810796232,0.0,0.4605896405277937,0.9859719438877755,1.0,0.5253576705043514,instance,random_kDN_top25
0,0.0,0.2,0.08602150537634412,0.6153846153846154,0.15209874697254266,0.14285714285714285,0.48486255730546,0.9979959919839679,1.0,0.4583917522782721,instance,random_kDN_top25
0,0.0,0.0,0.040000000000000036,0.9230769230769231,0.14583134133567566,0.0,0.46539487154833026,0.9739478957915831,0.92,0.4787034443661644,instance,random_kDN_top25
0,0.08333333333333337,0.0,0.1428571428571429,0.6153846153846154,0.146515532349557,0.0,0.4242383397437647,0.9779559118236473,1.0,0.6727759471917737,instance,random_kDN_top25
0,0.0,0.0,0.0,0.38461538461538464,0.14449970511665722,0.0,0.4288977005925759,0.9679358717434869,0.92,1.7405516567875683,instance,random_kDN_top25
0,0.0,0.0,0.040000000000000036,0.6923076923076923,0.16457557022793173,0.0,0.4785222925790321,0.9859719438877755,1.0,0.9169241348809093,instance,random_kDN_top25
0,0.0,0.2,0.12903225806451613,0.5384615384615384,0.2146410725873012,0.0,0.443183539704053,0.9919839679358717,0.92,0.5027304515393002,instance,random_kDN_top25
0,0.0,0.0,0.040000000000000036,0.9230769230769231,0.14481941855328745,0.0,0.4514967991560015,0.9519038076152304,1.0,0.7498452078884107,instance,random_kDN_top25
0,0.0,0.0,0.08602150537634412,0.6923076923076923,0.1514099513271162,0.0,0.4129033326749709,0.9559118236472945,1.0,0.8354723968023808,instance,random_kDN_top25
0,0.0,0.2,0.08602150537634412,0.6923076923076923,0.14857716851806269,0.0,0.4777059868615928,0.9959919839679359,1.0,1.152517656544952,instance,random_kDN_top25
0,0.0,0.0,0.040000000000000036,0.6923076923076923,0.1448122054818134,0.0,0.454803609002852,0.9799599198396793,0.96,0.47161600332095666,instance,random_kDN_top25
0,0.0,0.6,0.9523809523809523,0.7692307692307693,0.5036188167773025,0.0,0.49036142568479624,0.9959919839679359,1.0,0.6738533844276986,instance,random_kDN_top25
0,0.0,0.4,0.08602150537634412,0.6923076923076923,0.14890335899924434,0.0,0.47855963314564665,0.9959919839679359,0.96,0.7032200475864553,instance,random_kDN_top25
0,0.0,0.0,0.08602150537634412,0.6923076923076923,0.14447145661953853,0.0,0.4031330968950224,0.9458917835671343,0.92,0.33891739358301876,instance,random_kDN_top25
0,0.0,0.0,0.040000000000000036,0.6923076923076923,0.14448187921766642,0.0,0.42601059083174875,0.9819639278557114,0.96,1.463113361918042,instance,random_kDN_top25
0,0.19999999999999996,0.0,0.25,0.46153846153846156,0.15338296279151997,0.0,0.46003097775923596,0.9879759519038076,1.0,1.3481091815737398,instance,random_kDN_top25
0,0.0,0.0,0.040000000000000036,0.6923076923076923,0.14446944410266171,0.0,0.4069934587784524,0.9458917835671343,1.0,1.4614525281257988,instance,random_kDN_top25
0,0.2727272727272727,0.0,0.040000000000000036,1.0,0.14509211017467571,0.0,0.44383228968129196,0.9779559118236473,1.0,1.008748980866088,instance,random_kDN_top25
0,0.16666666666666663,0.2,0.08602150537634412,0.6153846153846154,0.17595763859458463,0.0,0.47569461987766304,0.9919839679358717,1.0,0.9918917783492083,instance,random_kDN_top25
0,0.16666666666666663,0.4,0.12903225806451613,0.5384615384615384,0.15707933500000998,0.0,0.45363300171511733,0.9959919839679359,1.0,-0.09766440091327894,instance,random_kDN_top25
0,0.0,0.2,0.08602150537634412,0.6923076923076923,0.14711753204229355,0.0,0.4369015763252264,0.9939879759519038,0.96,0.5963325444780473,instance,random_kDN_top25
0,0.0,0.0,0.08602150537634412,0.6923076923076923,0.15614110970456652,0.0,0.44945978681966703,0.9719438877755511,1.0,0.6013150617769218,instance,random_kDN_top25
0,0.0,0.0,0.08602150537634412,0.6923076923076923,0.1452901141421138,0.0,0.38601349429660337,0.9779559118236473,1.0,1.3617202640780341,instance,random_kDN_top25
0,0.0,0.0,0.040000000000000036,0.6923076923076923,0.14470244910789265,0.0,0.394285931811306,0.9438877755511021,0.96,0.8556528705710381,instance,random_kDN_top25
0,0.0,0.0,0.040000000000000036,0.9230769230769231,0.14614138259065979,0.0,0.4220492003333314,0.9739478957915831,1.0,0.3240776363566405,instance,random_kDN_top25
0,0.0,0.4,0.040000000000000036,0.6923076923076923,0.14479280122037375,0.0,0.46937598379741974,0.9959919839679359,0.96,1.0812526881916726,instance,random_kDN_top25
0,0.0,0.0,0.0,0.38461538461538464,0.14556948069317832,0.0,0.42531485910169897,0.9599198396793587,1.0,0.48395591879118904,instance,random_kDN_top25
0,0.0,0.2,0.0,0.5384615384615384,0.2674469700856458,0.0,0.4674194123930179,0.9919839679358717,1.0,1.2305867942207425,instance,random_kDN_top25
0,0.0,0.0,0.040000000000000036,0.6923076923076923,0.14455239597497538,0.0,0.4341257726100234,0.969939879759519,1.0,1.0779533532518817,instance,random_kDN_top25
0,0.0,0.2,0.040000000000000036,0.6923076923076923,0.1586958297485494,0.0,0.4444088877957495,0.9919839679358717,1.0,0.80141224880895,instance,random_kDN_top25
0,0.0,0.4,0.040000000000000036,0.9230769230769231,0.22143969478531178,0.25,0.485928412264128,0.9959919839679359,1.0,0.23219900691725684,instance,random_kDN_top25
0,0.0,0.0,0.040000000000000036,0.6923076923076923,0.1444986940743629,0.0,0.40747793079726047,0.9458917835671343,0.88,0.977626270653511,instance,random_kDN_top25
0,0.41666666666666663,0.2,0.040000000000000036,0.9230769230769231,0.145367476512348,0.5,0.45339199382928497,0.9979959919839679,1.0,0.849214258364897,instance,random_kDN_top25
0,0.16666666666666663,0.2,0.25,0.46153846153846156,0.19381839296350678,0.5,0.4835649109630581,0.9959919839679359,1.0,0.8454963641115322,instance,random_kDN_top25
0,0.0,0.0,0.08602150537634412,0.6923076923076923,0.15758182897774164,0.0,0.40987605244376424,0.9799599198396793,1.0,0.5711646579621601,instance,random_kDN_top25
0,0.0,0.4,0.040000000000000036,0.6923076923076923,0.14639926798010433,1.0,0.5268029187924885,1.0,1.0,0.6496457396333711,instance,random_kDN_top25
0,0.6,0.6,0.12903225806451613,0.5384615384615384,0.17112530290363914,1.0,0.5023067422676766,1.0,1.0,0.3239300445374232,instance,random_kDN_top25
0,0.0,0.2,0.040000000000000036,0.6923076923076923,0.38980695275362076,0.0,0.47292331145041167,0.9919839679358717,1.0,0.5851942229723172,instance,random_kDN_top25
0,0.0,0.0,0.050000000000000044,0.23076923076923078,0.15844977948637673,0.0,0.4540431780713805,0.9879759519038076,0.96,0.5098028142848058,instance,random_kDN_top25
0,0.0,0.4,0.9523809523809523,0.6923076923076923,0.1454993988946347,1.0,0.5220429159277855,1.0,0.96,0.3110643290274307,instance,random_kDN_top25
0,0.0,0.0,0.11111111111111116,0.46153846153846156,0.17723914553661851,0.0,0.399687059175053,0.9859719438877755,1.0,0.8906330984127647,instance,random_kDN_top25
0,0.0,0.6,0.040000000000000036,0.6923076923076923,0.14538710272372413,0.0,0.4334550985128235,0.9979959919839679,1.0,1.0098552161841472,instance,random_kDN_top25
0,0.0,0.4,0.040000000000000036,0.6923076923076923,0.14535062940625,0.0,0.48832472676103866,0.9939879759519038,1.0,0.8646782202393648,instance,random_kDN_top25
0,0.0,0.0,0.8,0.46153846153846156,0.1467875042651655,0.0,0.43348498782474154,0.9178356713426854,1.0,0.9607760060830554,instance,random_kDN_top25
0,0.11111111111111116,0.0,0.040000000000000036,0.6923076923076923,0.14990334359977214,0.0,0.4210213364996237,0.9839679358717435,1.0,0.7329987803286295,instance,random_kDN_top25
0,0.16666666666666663,0.0,0.08602150537634412,0.6923076923076923,0.14717622877568204,0.0,0.4402248165342635,0.9839679358717435,0.96,0.28112977212741375,instance,random_kDN_top25
0,0.75,0.4,0.12903225806451613,0.5384615384615384,0.17432896540795295,1.0,0.5118571729665282,1.0,1.0,-0.30109685523471597,instance,random_kDN_top25
0,0.0,0.0,0.040000000000000036,0.6923076923076923,0.14455601737623824,0.0,0.3889554651601469,0.9679358717434869,1.0,1.2899429112916254,instance,random_kDN_top25
0,0.0,0.0,0.040000000000000036,0.6923076923076923,0.15520643452853078,0.0,0.4340319531959649,0.9839679358717435,1.0,0.7722002961112318,instance,random_kDN_top25
0,0.0,0.0,0.040000000000000036,0.6923076923076923,0.1448295559474601,0.0,0.4501810097998703,0.9719438877755511,1.0,0.6541343952572208,instance,random_kDN_top25
0,0.08333333333333337,0.0,0.040000000000000036,0.6923076923076923,0.1459885337458156,0.0,0.4612959265908091,0.9779559118236473,1.0,1.262499438199663,instance,random_kDN_top25
0,0.0,0.2,0.9523809523809523,0.6153846153846154,0.9902736774434318,0.0,0.46968702671956375,0.9919839679358717,0.96,0.595168124068514,instance,random_kDN_top25
0,0.0,0.0,0.11111111111111116,0.46153846153846156,0.14458778112444914,0.0,0.41919145666451674,0.905811623246493,0.96,1.518478820211325,instance,random_kDN_top25
0,0.0,0.0,0.040000000000000036,0.8461538461538461,0.1534683497229038,0.0,0.44076058849373934,0.969939879759519,1.0,0.3799102202291617,instance,random_kDN_top25
0,0.0,0.0,0.040000000000000036,0.6923076923076923,0.14447115442597858,0.0,0.41282170356320946,0.8937875751503006,0.96,1.0914833331558296,instance,random_kDN_top25
0,0.5,0.0,0.12903225806451613,0.5384615384615384,0.14589324037310186,0.0,0.42599909571537653,0.9899799599198397,1.0,0.11552665302873129,instance,random_kDN_top25
0,0.0,0.0,0.08602150537634412,0.6923076923076923,0.2860703449955905,0.0,0.45911405202217404,0.9779559118236473,0.96,-0.45018943088509494,instance,random_kDN_top25
0,0.0,0.2,0.0,0.5384615384615384,0.20796308539993058,0.0,0.47202161017210365,0.9919839679358717,1.0,0.5433536721081992,instance,random_kDN_top25
0,0.125,0.0,0.040000000000000036,0.6923076923076923,0.1456931307310022,0.0,0.45230246451075196,0.9879759519038076,1.0,0.7714360577923273,instance,random_kDN_top25
0,0.0,0.0,0.040000000000000036,0.6923076923076923,0.14495928957596682,0.0,0.44810714847340094,0.9879759519038076,1.0,1.318255178353662,instance,random_kDN_top25
0,0.0,0.0,0.040000000000000036,0.9230769230769231,0.1453053123331186,0.0,0.4409446268431956,0.9879759519038076,1.0,0.7423645847198159,instance,random_kDN_top25
0,0.0,0.0,0.9523809523809523,0.6153846153846154,0.15212536029365226,0.0,0.47293083450042783,0.9879759519038076,1.0,1.0717162131819558,instance,random_kDN_top25
0,0.0,0.2,0.040000000000000036,0.9230769230769231,0.14560380099274972,0.0,0.459431753145933,0.9919839679358717,0.92,1.2370449024692272,instance,random_kDN_top25
0,0.9285714285714286,0.0,0.040000000000000036,0.6923076923076923,0.2077924821745526,0.0,0.4832991215666713,0.9899799599198397,1.0,0.48248569096297816,instance,random_kDN_top25
0,0.0,0.0,0.08602150537634412,0.6923076923076923,0.14448231758904662,0.0,0.4288413808445457,0.8957915831663327,0.96,1.0863585214952949,instance,random_kDN_top25
0,0.0,0.0,0.08602150537634412,0.6923076923076923,0.15749436716174825,0.0,0.4394280161129026,0.9819639278557114,1.0,0.3402236612917491,instance,random_kDN_top25
0,0.8,0.2,0.12903225806451613,0.5384615384615384,0.15614298152967487,0.4,0.5587671011066412,1.0,1.0,0.5216449777172022,instance,random_kDN_top25
0,0.0,0.0,0.040000000000000036,0.6923076923076923,0.14453192816482574,0.0,0.3929720943518319,0.9418837675350702,1.0,1.1024666604918172,instance,random_kDN_top25
0,0.0,0.0,0.08602150537634412,0.6923076923076923,0.14459670745012276,0.0,0.4474125568782138,0.9498997995991983,1.0,0.7671391532652097,instance,random_kDN_top25
0,0.33333333333333337,0.6,0.08602150537634412,0.6923076923076923,0.1548200085702951,1.0,0.5022858864206018,1.0,1.0,0.8237700014974277,instance,random_kDN_top25
0,0.0,0.4,0.6363636363636364,0.46153846153846156,0.22723119264650354,0.0,0.47846949603528355,0.9939879759519038,1.0,0.4204474176020765,instance,random_kDN_top25
0,0.125,0.6,0.040000000000000036,0.9230769230769231,0.2299818330371936,0.0,0.4911549621173571,0.9959919839679359,1.0,0.4810426009528795,instance,random_kDN_top25
0,0.0,0.2,0.0,0.38461538461538464,0.18634570101899628,0.0,0.49830831591617575,0.9979959919839679,1.0,0.43737236596936846,instance,random_kDN_top25
0,0.0,0.0,0.040000000000000036,0.6923076923076923,0.14456079671362954,0.0,0.40606994025454746,0.9579158316633266,0.96,1.4847460530454437,instance,random_kDN_top25
0,0.33333333333333337,0.6,0.040000000000000036,0.9230769230769231,0.15238862220462357,0.0,0.48781369331696944,0.9979959919839679,1.0,0.03709885133557865,instance,random_kDN_top25
0,0.0,0.0,0.040000000000000036,0.6923076923076923,0.1446390545771511,0.0,0.42572688522251945,0.9759519038076152,1.0,1.0913163264676817,instance,random_kDN_top25
0,0.0,0.0,0.040000000000000036,0.6923076923076923,0.14459924823690196,0.0,0.45625451215690604,0.9519038076152304,0.96,1.3127782783130115,instance,random_kDN_top25
0,0.0,0.0,0.040000000000000036,0.9230769230769231,0.14487889025224288,0.0,0.44526241912317843,0.9779559118236473,1.0,1.0053652078445994,instance,random_kDN_top25
0,0.0,0.0,0.040000000000000036,0.6923076923076923,0.1446373215972444,0.0,0.40996773904954276,0.9599198396793587,1.0,1.5920153885270574,instance,random_kDN_top25
0,0.125,0.0,0.040000000000000036,0.6923076923076923,0.1450999510109368,0.0,0.4478673313072272,0.9639278557114228,1.0,1.4589709926867815,instance,random_kDN_top25
0,0.0,0.0,0.040000000000000036,0.6923076923076923,0.1475868864878036,0.0,0.45584711065296846,0.9859719438877755,1.0,1.0631336962421778,instance,random_kDN_top25
0,0.0,0.0,0.08602150537634412,0.6923076923076923,0.14465682894708393,0.0,0.4397741879190008,0.9739478957915831,1.0,1.2450850661987651,instance,random_kDN_top25
0,0.0,0.0,0.08602150537634412,0.6923076923076923,0.14472286591082784,0.0,0.44478920347005557,0.9859719438877755,0.96,0.4938092102667635,instance,random_kDN_top25
0,0.0,0.0,0.040000000000000036,0.6923076923076923,0.14453541581525187,0.0,0.40859665325533,0.9519038076152304,0.96,0.6688688165362114,instance,random_kDN_top25
0,0.8333333333333334,0.6,0.040000000000000036,0.9230769230769231,0.19284637580675712,0.5,0.5173045944772856,1.0,1.0,-0.20376763892284344,instance,random_kDN_top25
0,0.0,0.0,0.040000000000000036,0.6923076923076923,0.14955993800861045,0.0,0.4225188767304201,0.9418837675350702,1.0,0.6580040280060653,instance,random_kDN_top25
0,0.19999999999999996,0.0,0.12903225806451613,0.5384615384615384,0.1453611096413428,0.0,0.40471695250249706,0.969939879759519,0.96,1.0660234528736736,instance,random_kDN_top25
0,0.0,0.0,0.0,0.46153846153846156,0.9922932608501042,0.0,0.4411587271308295,0.9859719438877755,1.0,0.6221945118508263,instance,random_kDN_top25
0,0.0,0.0,0.040000000000000036,0.6923076923076923,0.14548919345553174,0.0,0.46617490807847295,0.9719438877755511,1.0,0.6535106462403045,instance,random_kDN_top25
0,0.0,0.0,0.040000000000000036,0.6923076923076923,0.1451425760920032,0.0,0.4601288881145822,0.9719438877755511,1.0,0.24832866851619537,instance,random_kDN_top25
0,0.0,0.2,0.08602150537634412,0.6923076923076923,0.19362536702488836,0.0,0.4648227537317492,0.9939879759519038,1.0,0.19520868817733597,instance,random_kDN_top25
0,0.0,0.0,0.08602150537634412,0.6923076923076923,0.1446543323877263,0.0,0.41850328720002394,0.9679358717434869,0.96,0.428113921536946,instance,random_kDN_top25
0,0.0,0.0,0.050000000000000044,0.23076923076923078,0.18172679625827348,0.0,0.46189154421841394,0.9839679358717435,0.96,0.030638196672318718,instance,random_kDN_top25
0,0.0,0.0,0.1428571428571429,0.6153846153846154,0.19649614570165463,0.0,0.48130508709035036,0.9899799599198397,1.0,0.09122369218026675,instance,random_kDN_top25
0,0.0,0.0,0.0,0.46153846153846156,0.2041067394280826,0.0,0.4627025664205474,0.9679358717434869,0.96,0.6252375211738819,instance,random_kDN_top25
0,0.19999999999999996,0.0,0.08602150537634412,0.6923076923076923,0.14478267081127727,0.0,0.39019581023012584,0.9759519038076152,1.0,0.9121015292483738,instance,random_kDN_top25
0,0.0,0.0,0.25,0.46153846153846156,0.2658407034823715,0.0,0.4382936776686712,0.9899799599198397,0.92,0.5318024284882173,instance,random_kDN_top25
0,0.0,0.2,0.040000000000000036,0.6923076923076923,0.14473248579510484,0.2,0.48204615075445545,0.9959919839679359,1.0,0.9440821320785502,instance,random_kDN_top25
0,0.6666666666666667,0.2,0.040000000000000036,0.9230769230769231,0.15917454700693862,0.2,0.4999987094282351,0.9979959919839679,1.0,0.421312838054414,instance,random_kDN_top25
0,0.0,0.0,0.0,0.5384615384615384,0.4007759202474209,0.0,0.44117183431290485,0.9799599198396793,1.0,0.24004919723483248,instance,random_kDN_top25
0,0.08333333333333337,0.0,0.040000000000000036,0.6923076923076923,0.14478167130307895,0.0,0.4647196988251415,0.9739478957915831,1.0,1.2909092626437204,instance,random_kDN_top25
0,0.0,0.4,0.0,0.46153846153846156,0.1446716675537848,0.0,0.4599832171543744,0.9939879759519038,0.96,0.06993637229701671,instance,random_kDN_top25
0,0.0,0.0,0.040000000000000036,0.6923076923076923,0.1456865787622839,0.0,0.3947508570780631,0.9338677354709419,1.0,1.352600003727733,instance,random_kDN_top25
0,0.0,0.2,0.08602150537634412,0.6923076923076923,0.14782763832323303,0.0,0.4774071168814522,0.9939879759519038,1.0,0.8439380737708955,instance,random_kDN_top25
0,0.41666666666666663,0.4,0.0,0.46153846153846156,0.17802083712702998,0.5,0.4422556465792249,0.9939879759519038,1.0,0.08655525712387718,instance,random_kDN_top25
0,0.0,0.0,0.040000000000000036,0.6923076923076923,0.1477326038463032,0.0,0.41989686978256013,0.9679358717434869,0.96,1.40084745955008,instance,random_kDN_top25
0,0.0,0.0,0.040000000000000036,0.6923076923076923,0.24364874908665762,0.0,0.4789129107157969,0.9899799599198397,1.0,0.486029463276629,instance,random_kDN_top25
0,0.0,0.0,0.040000000000000036,0.9230769230769231,0.16559273693484944,0.0,0.4660452308872305,0.9619238476953907,0.96,1.040134363941641,instance,random_kDN_top25
0,0.0,0.0,0.08602150537634412,0.6923076923076923,0.14777338788870342,0.0,0.4107897551441554,0.9759519038076152,1.0,0.5493558253740817,instance,random_kDN_top25
0,0.0,0.0,0.0,0.38461538461538464,0.14454364093207495,0.0,0.3827139676990593,0.8717434869739479,0.92,1.3950253903943912,instance,random_kDN_top25
0,0.0,0.0,0.0,0.5384615384615384,0.14475643812575545,0.0,0.4613842089467576,0.9739478957915831,0.96,1.50577313437405,instance,random_kDN_top25
0,0.0,0.0,0.0,0.38461538461538464,0.14563559559485972,0.0,0.43433028204142254,0.9599198396793587,1.0,0.9104357774224192,instance,random_kDN_top25
0,0.0,0.0,0.08602150537634412,0.6923076923076923,0.14459342734358638,0.0,0.3953621177956649,0.8937875751503006,1.0,0.8470356555984043,instance,random_kDN_top25
0,0.0,0.0,0.040000000000000036,0.6923076923076923,0.14492087332201076,0.0,0.4090186689424725,0.9899799599198397,1.0,1.500458031825158,instance,random_kDN_top25
0,0.0,0.0,0.12903225806451613,0.5384615384615384,0.14522389614770298,0.0,0.4673967844395559,0.9839679358717435,1.0,0.7823798138142202,instance,random_kDN_top25
0,0.33333333333333337,0.0,0.08602150537634412,0.6923076923076923,0.16488921794026873,0.0,0.44311010819491126,0.9899799599198397,1.0,0.9795873199367813,instance,random_kDN_top25
0,0.0,0.4,0.040000000000000036,0.6923076923076923,0.14932004814615096,0.0,0.49028998240345745,0.9959919839679359,1.0,0.3839121454663334,instance,random_kDN_top25
0,0.0,0.0,0.0,0.38461538461538464,0.1570440984601869,0.0,0.4485886747031391,0.9679358717434869,1.0,1.659835538144669,instance,random_kDN_top25
0,0.0,0.0,0.040000000000000036,0.6923076923076923,0.15824486377331015,0.0,0.48756357561698604,0.9819639278557114,1.0,0.5655735192809852,instance,random_kDN_top25
0,0.41666666666666663,0.0,0.040000000000000036,0.6923076923076923,0.14740457631625176,0.0,0.4592667712487526,0.9899799599198397,1.0,0.8180060258942995,instance,random_kDN_top25
0,0.8,0.0,0.040000000000000036,0.9230769230769231,0.144776291704655,0.16666666666666666,0.46951172157458876,0.9859719438877755,1.0,0.707184230974332,instance,random_kDN_top25
0,0.0,0.0,0.040000000000000036,0.6923076923076923,0.14468722248686372,0.0,0.41110417730495963,0.9719438877755511,1.0,1.0866900177280983,instance,random_kDN_top25
0,0.0,0.0,0.040000000000000036,0.6923076923076923,0.14467791197828417,0.0,0.41885884260034545,0.9759519038076152,1.0,1.059425457077641,instance,random_kDN_top25
0,0.0,0.0,0.11111111111111116,0.46153846153846156,0.14870203750391708,0.0,0.46151682049825193,0.9799599198396793,0.96,1.0531277124213279,instance,random_kDN_top25
0,0.19999999999999996,0.0,0.0,0.38461538461538464,0.14659240752108815,0.0,0.4518245946767999,0.9659318637274549,1.0,0.9309117679233851,instance,random_kDN_top25
0,0.33333333333333337,0.2,0.040000000000000036,0.6923076923076923,0.16309397083842886,0.5,0.4817788911082227,0.9939879759519038,1.0,0.2811769484992868,instance,random_kDN_top25
0,0.0,0.2,0.0,0.38461538461538464,0.14562441550752736,0.3333333333333333,0.4857382795528108,0.9979959919839679,1.0,0.14258552595525367,instance,random_kDN_top25
0,0.0,0.0,0.08602150537634412,0.6923076923076923,0.144593189788352,0.0,0.40468694784618664,0.9659318637274549,1.0,0.8209859103110997,instance,random_kDN_top25
0,0.0,0.0,0.12903225806451613,0.5384615384615384,0.1472164083754608,0.0,0.4510211761372309,0.9899799599198397,1.0,0.4834698574173218,instance,random_kDN_top25
0,0.0,0.2,0.040000000000000036,0.9230769230769231,0.1451458641915554,0.0,0.39279140301735727,0.9959919839679359,0.96,0.4708547872715417,instance,random_kDN_top25
0,0.6666666666666667,0.4,0.040000000000000036,0.6923076923076923,0.16469420410592683,0.0,0.49018696915777693,0.9959919839679359,1.0,1.1761235318600198,instance,random_kDN_top25
0,0.8333333333333334,0.6,0.040000000000000036,0.8461538461538461,0.43485436066092487,0.6666666666666666,0.5133962037845637,1.0,1.0,0.36232617942916484,instance,random_kDN_top25
0,0.9090909090909091,0.2,0.040000000000000036,0.9230769230769231,0.16753247281689448,1.0,0.5084487727999658,1.0,1.0,0.6958144338320046,instance,random_kDN_top25
0,0.0,0.0,0.040000000000000036,0.6923076923076923,0.14461450688095284,0.0,0.45033214978862757,0.9779559118236473,1.0,1.7627977752183308,instance,random_kDN_top25
0,0.0,0.0,0.12903225806451613,0.5384615384615384,0.14567095320749218,0.0,0.4418168561194442,0.969939879759519,0.96,1.0914475955295828,instance,random_kDN_top25
0,0.0,0.0,0.08602150537634412,0.6923076923076923,0.14481693761576475,0.0,0.423065413397787,0.9539078156312625,0.96,0.8663842669327199,instance,random_kDN_top25
0,0.0,0.0,0.050000000000000044,0.23076923076923078,0.1445806857726657,0.0,0.43844269670139946,0.9418837675350702,1.0,0.34921112160045575,instance,random_kDN_top25
0,0.0,0.2,0.040000000000000036,0.9230769230769231,0.14623800587445446,0.0,0.4672491637198074,0.9919839679358717,1.0,0.6868873223943248,instance,random_kDN_top25
0,0.0,0.0,0.0,0.38461538461538464,0.16260677399715523,0.0,0.4836735617709924,0.9879759519038076,1.0,0.8971740857081602,instance,random_kDN_top25
0,0.0,0.4,0.050000000000000044,0.23076923076923078,0.14522609646066664,0.0,0.49253756499992385,0.9979959919839679,0.96,1.1075784495941514,instance,random_kDN_top25
0,0.0,0.0,0.040000000000000036,0.9230769230769231,0.15985163971216032,0.16666666666666666,0.4444848848033063,0.9879759519038076,1.0,0.35838033097702876,instance,random_kDN_top25
0,0.0,0.4,0.1428571428571429,0.6153846153846154,0.15077423934009687,0.0,0.4950548045204268,0.9959919839679359,1.0,-0.036347282215667236,instance,random_kDN_top25
0,0.0,0.0,0.08602150537634412,0.6923076923076923,0.15443341569988112,0.0,0.4291942169292199,0.9859719438877755,1.0,0.5991226159672571,instance,random_kDN_top25
0,0.0,0.0,0.0,0.3076923076923077,0.14549943678492727,0.0,0.4420948087246448,0.9478957915831663,1.0,1.1640540897885487,instance,random_kDN_top25
0,0.0,0.0,0.040000000000000036,0.9230769230769231,0.14446924442958686,0.0,0.38648324726990535,0.9198396793587175,0.92,1.7056064046831962,instance,random_kDN_top25
0,0.08333333333333337,0.2,0.040000000000000036,0.6923076923076923,0.1445521396149974,0.0,0.4360303281341271,0.9959919839679359,0.96,1.377495351196359,instance,random_kDN_top25
0,0.16666666666666663,0.2,0.08602150537634412,0.6923076923076923,0.14683357522755586,0.0,0.4833322231382431,0.9919839679358717,1.0,1.4946364448392306,instance,random_kDN_top25
0,0.0,0.0,0.040000000000000036,0.6923076923076923,0.1485001497952244,0.0,0.46238678647254605,0.9819639278557114,1.0,0.9361979609166665,instance,random_kDN_top25
0,0.33333333333333337,0.6,0.0,0.46153846153846156,0.17403342787412157,0.0,0.4809575496623718,0.9979959919839679,1.0,0.461667404477724,instance,random_kDN_top25
0,0.0,0.2,0.040000000000000036,0.6923076923076923,0.15089216383307935,0.0,0.49548483958563794,0.9979959919839679,1.0,0.45890757348336664,instance,random_kDN_top25
0,0.11111111111111116,0.4,0.040000000000000036,0.6923076923076923,0.14874104624090256,0.3333333333333333,0.4769176016596808,0.9959919839679359,1.0,0.6108886574262853,instance,random_kDN_top25
0,0.0,0.0,0.040000000000000036,0.6923076923076923,0.1457409403311229,0.0,0.4339371472612883,0.9859719438877755,1.0,1.0373696208363659,instance,random_kDN_top25
0,0.0,0.2,0.040000000000000036,0.9230769230769231,0.1473327036961164,0.0,0.49199928541669946,0.9959919839679359,0.96,0.20323372417390767,instance,random_kDN_top25
0,0.0,0.0,0.0,0.38461538461538464,0.1445230398726416,0.0,0.40368828309464555,0.9238476953907816,0.96,1.4903158976666004,instance,random_kDN_top25
0,0.0,0.0,0.0,0.38461538461538464,0.14449725753361198,0.0,0.4293199839651989,0.9519038076152304,0.96,1.4915618882472945,instance,random_kDN_top25
0,0.9,0.6,0.040000000000000036,1.0,0.1676107267462803,0.5,0.5001929149431672,1.0,0.96,0.7905816871225432,instance,random_kDN_top25
0,0.6666666666666667,0.2,0.040000000000000036,0.6923076923076923,0.1450445656610312,1.0,0.5028431152228379,1.0,1.0,0.8897284192581515,instance,random_kDN_top25
0,0.0,0.0,0.040000000000000036,0.6923076923076923,0.1449090333340819,0.0,0.4027173415833134,0.9278557114228457,1.0,0.9199741181780255,instance,random_kDN_top25
0,0.08333333333333337,0.2,0.040000000000000036,0.6923076923076923,0.14448242844123416,0.25,0.46335973940692166,0.9939879759519038,1.0,1.2629860581671273,instance,random_kDN_top25
0,0.0,0.2,0.0,0.38461538461538464,0.14517932625739505,0.0,0.49787638585765925,0.9979959919839679,1.0,0.4431886536412217,instance,random_kDN_top25
0,0.0,0.0,0.040000000000000036,0.9230769230769231,0.20903149637583324,0.0,0.45105520607934346,0.9899799599198397,1.0,0.1529813256215018,instance,random_kDN_top25
0,0.0,0.0,0.040000000000000036,0.6923076923076923,0.15670348788294086,0.0,0.46671648334716376,0.9759519038076152,1.0,1.4413054496457722,instance,random_kDN_top25
0,0.0,0.0,0.08602150537634412,0.6153846153846154,0.14474842303862634,0.0,0.4372230392882077,0.9519038076152304,1.0,0.9440393554856765,instance,random_kDN_top25
0,0.5555555555555556,0.6,0.9814814814814815,0.6923076923076923,0.5170596801437978,0.0,0.47828741344650416,0.9979959919839679,1.0,0.060084156964982524,instance,random_kDN_top25
0,0.33333333333333337,0.4,0.040000000000000036,0.6923076923076923,0.36644555466025164,0.25,0.486661759685452,0.9979959919839679,1.0,0.3398059629253336,instance,random_kDN_top25
0,0.0,0.0,0.050000000000000044,0.23076923076923078,0.1454011546373059,0.0,0.38948975030831556,0.9539078156312625,0.96,0.4131933427523793,instance,random_kDN_top25
0,0.0,0.2,0.040000000000000036,0.6923076923076923,0.15862006517992916,0.0,0.48814873952863,0.9979959919839679,1.0,0.5962964649512366,instance,random_kDN_top25
0,0.19999999999999996,0.0,0.08602150537634412,0.6923076923076923,0.14750222169723892,0.0,0.4633710265124078,0.9659318637274549,1.0,0.9470402406078485,instance,random_kDN_top25
0,0.0,0.0,0.040000000000000036,0.6923076923076923,0.1445006472523585,0.0,0.4465491202580064,0.9819639278557114,0.92,0.6128487805291545,instance,random_kDN_top25
0,0.875,0.8,0.0,0.46153846153846156,0.9898797539010721,1.0,0.5434222502362017,1.0,0.96,-0.048705630941593275,instance,random_kDN_top25
0,0.0,0.0,0.9523809523809523,0.6153846153846154,0.8977378485538423,0.0,0.4645228511393076,0.9899799599198397,1.0,0.6756984611095362,instance,random_kDN_top25
0,0.0,0.2,0.040000000000000036,0.9230769230769231,0.15308151240416823,0.0,0.496077693453188,0.9959919839679359,1.0,0.8429187032198195,instance,random_kDN_top25
0,0.08333333333333337,0.0,0.040000000000000036,0.6923076923076923,0.1444761359941652,0.0,0.4189713402935855,0.9539078156312625,0.96,1.2534987045362453,instance,random_kDN_top25
0,0.2727272727272727,0.2,0.050000000000000044,0.23076923076923078,0.1458931646209618,0.0,0.48871908855958346,0.9919839679358717,0.96,1.0035349617374723,instance,random_kDN_top25
0,0.0,0.2,0.0,0.46153846153846156,0.1452441323292883,0.0,0.48022744504138537,0.9939879759519038,1.0,0.0409279028873608,instance,random_kDN_top25
0,0.0,0.0,0.040000000000000036,0.6923076923076923,0.15294939003860497,0.0,0.4383019160497682,0.9559118236472945,1.0,0.5889750811076181,instance,random_kDN_top25
0,0.0,0.2,0.0,0.38461538461538464,0.15071607089144806,0.0,0.4899646616294212,0.9939879759519038,1.0,0.6324685701993625,instance,random_kDN_top25
0,0.0,0.2,0.08602150537634412,0.6923076923076923,0.1469141833287389,0.0,0.47341094096696845,0.9959919839679359,0.96,0.9912039921904224,instance,random_kDN_top25
0,0.0,0.0,0.050000000000000044,0.23076923076923078,0.14447658841436362,0.0,0.4037028049401922,0.9839679358717435,0.96,1.2933985641790593,instance,random_kDN_top25
0,0.0,0.0,0.08602150537634412,0.6923076923076923,0.14476471774272126,0.0,0.41059490585377967,0.9539078156312625,0.96,1.2239903389256441,instance,random_kDN_top25
0,0.0,0.0,0.0,0.38461538461538464,0.14689903337250704,0.0,0.43258261152046207,0.9599198396793587,1.0,0.4283306292251622,instance,random_kDN_top25
0,0.16666666666666663,0.2,0.9259259259259259,0.46153846153846156,0.19285795693429986,0.0,0.43678944517757223,0.9919839679358717,1.0,0.6261304175301821,instance,random_kDN_top25
0,0.0,0.0,0.040000000000000036,0.9230769230769231,0.14849531531310534,0.0,0.39357723829510016,0.9899799599198397,1.0,0.6366093040950305,instance,random_kDN_top25
0,0.16666666666666663,0.2,0.040000000000000036,0.6923076923076923,0.15981465899685376,0.16666666666666666,0.4814544609539728,0.9979959919839679,1.0,0.7697551461213169,instance,random_kDN_top25
0,0.0,0.0,0.040000000000000036,1.0,0.14481721203111508,0.0,0.48113664357573316,0.9859719438877755,1.0,0.7772893096835922,instance,random_kDN_top25
0,0.25,0.0,0.040000000000000036,0.6923076923076923,0.14539876546247077,0.0,0.45685468482460057,0.9579158316633266,0.96,1.3231215019610325,instance,random_kDN_top25
0,0.5555555555555556,0.6,0.040000000000000036,0.9230769230769231,0.15333682256047593,0.3333333333333333,0.532006386811021,1.0,1.0,0.5315410941153857,instance,random_kDN_top25
0,0.0,0.0,0.08602150537634412,0.6923076923076923,0.1519745562488068,0.0,0.4306059492898181,0.9819639278557114,1.0,1.1173018509891872,instance,random_kDN_top25
0,0.0,0.0,0.12903225806451613,0.5384615384615384,0.14873149309458256,0.0,0.44732730313917424,0.9839679358717435,1.0,0.2860700403719427,instance,random_kDN_top25
0,0.0,0.0,0.040000000000000036,0.6923076923076923,0.14518606457387218,0.0,0.4393398572030298,0.9839679358717435,1.0,0.8589627346922053,instance,random_kDN_top25
0,0.0,0.0,0.040000000000000036,0.6923076923076923,0.1450312391936387,0.0,0.4276283410453159,0.9078156312625251,1.0,1.0567019544265992,instance,random_kDN_top25
0,0.0,0.0,0.040000000000000036,0.6923076923076923,0.14627952366530644,0.0,0.4193216547728704,0.9779559118236473,0.92,0.7700717332891073,instance,random_kDN_top25
0,0.19999999999999996,0.0,0.12903225806451613,0.5384615384615384,0.14943468801449733,0.0,0.4506643825997557,0.9819639278557114,1.0,0.639667899835962,instance,random_kDN_top25
0,0.0,0.0,0.040000000000000036,0.6923076923076923,0.14532317322261606,0.0,0.4695649938140928,0.9859719438877755,1.0,0.8731855799283674,instance,random_kDN_top25
0,0.0,0.0,0.040000000000000036,0.6923076923076923,0.1446844003191159,0.0,0.43967709223958784,0.9819639278557114,1.0,1.1271052986134507,instance,random_kDN_top25
0,0.0,0.0,0.050000000000000044,0.23076923076923078,0.14458799546357393,0.0,0.42795766043532024,0.9579158316633266,0.96,1.4130412281380011,instance,random_kDN_top25
0,0.0,0.2,0.040000000000000036,0.6923076923076923,0.14765776092554306,0.0,0.4736719544599126,0.9919839679358717,1.0,1.3459709848922365,instance,random_kDN_top25
0,0.75,0.2,0.12903225806451613,0.5384615384615384,0.14681441270052298,0.0,0.4756545372351363,0.9919839679358717,1.0,-0.3243703082438248,instance,random_kDN_top25
0,0.0,0.2,0.040000000000000036,0.6923076923076923,0.15124211048813274,0.4,0.49415917961354894,0.9979959919839679,1.0,0.9618898306245832,instance,random_kDN_top25
0,0.0,0.0,0.050000000000000044,0.23076923076923078,0.14786803428481576,0.0,0.45062411562107185,0.9759519038076152,1.0,0.6253839939915741,instance,random_kDN_top25
0,0.2727272727272727,0.0,0.040000000000000036,0.9230769230769231,0.14541233231532663,0.3333333333333333,0.4092363760692087,0.9899799599198397,1.0,0.9267377816930308,instance,random_kDN_top25
0,0.0,0.0,0.040000000000000036,0.6923076923076923,0.1467458215095876,0.0,0.46465609549761555,0.9779559118236473,1.0,0.7299214760408986,instance,random_kDN_top25
0,0.0,0.0,0.08602150537634412,0.6923076923076923,0.1507529934657691,0.0,0.43246244352560215,0.9899799599198397,1.0,1.0410601742658943,instance,random_kDN_top25
0,0.0,0.0,0.040000000000000036,0.6923076923076923,0.146294489633994,0.0,0.4159948564096497,0.9478957915831663,1.0,0.830990182672007,instance,random_kDN_top25
0,0.08333333333333337,0.0,0.040000000000000036,0.6923076923076923,0.14455581796742856,0.0,0.45128980229902504,0.9619238476953907,0.96,1.1447861056230668,instance,random_kDN_top25
0,0.0,0.0,0.25,0.46153846153846156,0.1453584154776676,0.0,0.4339204963836839,0.9779559118236473,0.96,1.0723070875870158,instance,random_kDN_top25
0,0.0,0.0,0.08602150537634412,0.6923076923076923,0.1445015535693503,0.0,0.43436044148016295,0.9378757515030061,1.0,0.9748110728131669,instance,random_kDN_top25
0,0.0,0.0,0.33333333333333337,0.5384615384615384,0.1541696752786798,0.0,0.4328998661914699,0.9579158316633266,1.0,0.6373743702849032,instance,random_kDN_top25
0,0.08333333333333337,0.0,0.040000000000000036,0.6923076923076923,0.14450157344199444,0.0,0.43298367063789267,0.9899799599198397,1.0,0.9266454885979452,instance,random_kDN_top25
0,0.0,0.2,0.0,0.38461538461538464,0.14453973479128857,0.0,0.49407481121898156,0.9979959919839679,0.96,1.1353972163973565,instance,random_kDN_top25
0,0.2727272727272727,0.0,0.040000000000000036,1.0,0.1445481882582692,0.0,0.4101175240881004,0.9458917835671343,1.0,1.191228059560486,instance,random_kDN_top25
0,0.2727272727272727,0.4,0.040000000000000036,0.9230769230769231,0.18311974699854866,0.0,0.498118228470088,0.9979959919839679,0.96,0.4810661678442083,instance,random_kDN_top25
0,0.0,0.0,0.040000000000000036,0.6923076923076923,0.14489573336497497,0.25,0.4337232303629577,0.9859719438877755,1.0,0.9711781546370865,instance,random_kDN_top25
0,0.25,0.0,0.040000000000000036,0.6923076923076923,0.14513377207841965,0.0,0.4597699062717504,0.9739478957915831,1.0,1.1528704994946954,instance,random_kDN_top25
0,0.0,0.0,0.040000000000000036,0.6923076923076923,0.157098503316067,0.0,0.43896264616738767,0.9799599198396793,1.0,1.1620792099824164,instance,random_kDN_top25
0,0.0,0.0,0.040000000000000036,0.6923076923076923,0.14456624919544547,0.0,0.39555283245808237,0.9539078156312625,1.0,0.6818702339527172,instance,random_kDN_top25
0,0.0,0.2,0.12903225806451613,0.5384615384615384,0.14553647807721226,0.2,0.4739986393423209,0.9919839679358717,1.0,0.4713004100242619,instance,random_kDN_top25
0,0.0,0.0,0.08602150537634412,0.7692307692307693,0.21420153484415183,0.0,0.4513923435038121,0.9899799599198397,1.0,0.07407098376612761,instance,random_kDN_top25
0,0.33333333333333337,0.2,0.08602150537634412,0.6923076923076923,0.14494143267135434,0.0,0.4807879878657422,0.9919839679358717,1.0,0.8324860452593486,instance,random_kDN_top25
0,0.0,0.2,0.25,0.46153846153846156,0.1531839237536582,0.0,0.4565450012641914,0.9959919839679359,1.0,0.5131430092240302,instance,random_kDN_top25
0,0.19999999999999996,0.2,0.08602150537634412,0.6153846153846154,0.17290454531070154,0.25,0.49833611498537067,0.9959919839679359,1.0,0.7473581132357578,instance,random_kDN_top25
0,0.25,0.0,0.0,0.5384615384615384,0.21774844015850975,0.0,0.44637653255535237,0.9779559118236473,0.96,1.8033642779294943,instance,random_kDN_top25
0,0.0,0.0,0.040000000000000036,0.6923076923076923,0.16405088095588016,0.0,0.4363510123234975,0.9719438877755511,1.0,1.1335952343653852,instance,random_kDN_top25
0,0.0,0.0,0.08602150537634412,0.6923076923076923,0.1445133979665622,0.0,0.409629801446982,0.9879759519038076,0.96,1.3814797784088364,instance,random_kDN_top25
0,0.0,0.0,0.040000000000000036,0.6923076923076923,0.1444958730448634,0.0,0.3707897051527408,0.8677354709418837,0.96,1.4658624445102222,instance,random_kDN_top25
0,0.0,0.0,0.040000000000000036,0.6923076923076923,0.1444943060002381,0.0,0.44415895835116126,0.9519038076152304,1.0,1.2697646016038824,instance,random_kDN_top25
0,0.0,0.0,0.08602150537634412,0.6923076923076923,0.14891211460338327,0.0,0.48143054947122443,0.9899799599198397,0.96,0.5440976199278447,instance,random_kDN_top25
0,0.8,0.6,0.12903225806451613,0.5384615384615384,0.1598521153683118,0.5,0.5076240211311938,1.0,1.0,0.5654189267408061,instance,random_kDN_top25
0,0.0,0.0,0.08602150537634412,0.6923076923076923,0.1444730832482911,0.0,0.404814162749381,0.8577154308617234,0.96,1.6375463590059558,instance,random_kDN_top25
0,0.0,0.2,0.0,0.5384615384615384,0.20399593852937392,0.0,0.49382186205007417,0.9979959919839679,1.0,0.46578465091325216,instance,random_kDN_top25
0,0.6666666666666667,0.2,0.040000000000000036,0.6923076923076923,0.14451965755332585,0.0,0.4626754789477351,0.9919839679358717,1.0,1.4109500242126927,instance,random_kDN_top25
0,0.0,0.0,0.040000000000000036,0.9230769230769231,0.1444690228927597,0.0,0.4159173543001038,0.935871743486974,0.92,1.3711479551180255,instance,random_kDN_top25
0,0.0,0.0,0.040000000000000036,0.6923076923076923,0.14487321660061597,0.0,0.46286624498497797,0.9859719438877755,1.0,1.2021996946408868,instance,random_kDN_top25
0,0.0,0.0,0.040000000000000036,0.6923076923076923,0.15097545560819575,0.0,0.4332140401536929,0.9899799599198397,1.0,0.8821609699181602,instance,random_kDN_top25
0,0.0,0.4,0.040000000000000036,0.6923076923076923,0.15969406031856714,0.0,0.45973414039087557,0.9959919839679359,1.0,0.49765070947834017,instance,random_kDN_top25
0,0.08333333333333337,0.0,0.040000000000000036,0.6923076923076923,0.14542384470130487,0.0,0.48350430750385254,0.9899799599198397,1.0,0.3805243977169883,instance,random_kDN_top25
0,0.0,0.4,0.040000000000000036,0.6923076923076923,0.16105554465998273,0.0,0.48724610359935416,0.9959919839679359,1.0,0.5025833510642312,instance,random_kDN_top25
0,0.0,0.2,0.040000000000000036,0.6923076923076923,0.1485949157097317,0.0,0.4299783259906399,0.9939879759519038,1.0,1.073875178158928,instance,random_kDN_top25
0,0.0,0.0,0.9523809523809523,0.8461538461538461,0.1468577618537109,0.0,0.4432868296665423,0.9839679358717435,1.0,0.3859779119854624,instance,random_kDN_top25
0,0.75,0.2,0.0,0.38461538461538464,0.1549283138820926,1.0,0.5000173707863127,1.0,1.0,0.3136010151634679,instance,random_kDN_top25
0,0.0,0.2,0.040000000000000036,0.6923076923076923,0.1485060086541653,0.0,0.47859620786969126,0.9939879759519038,1.0,1.0233635455517258,instance,random_kDN_top25
0,0.0,0.0,0.050000000000000044,0.23076923076923078,0.1449092342990969,0.0,0.45876019289273406,0.9839679358717435,0.96,0.6373560059865243,instance,random_kDN_top25
0,0.0,0.0,0.0,0.38461538461538464,0.14454279233830236,0.0,0.4130954291288641,0.9078156312625251,0.96,1.0387318695927408,instance,random_kDN_top25
0,0.0,0.2,0.040000000000000036,0.6923076923076923,0.14818078116821365,0.0,0.4709484552815708,0.9919839679358717,1.0,0.4176237605289407,instance,random_kDN_top25
1,0.0,0.0,0.04761904761904767,0.7692307692307693,0.010125041206446195,0.0,0.39195302953853406,0.9098196392785571,1.0,1.5838933549638106,instance,random_kDN_top25
1,0.8333333333333334,0.4,0.0,0.5384615384615384,0.7984651412729292,0.0,0.49441017652531694,0.9979959919839679,1.0,0.77129840231554,instance,random_kDN_top25
1,0.33333333333333337,0.0,0.09090909090909094,0.46153846153846156,0.0212407561921667,0.0,0.47763278781251783,0.9879759519038076,1.0,1.124874919170022,instance,random_kDN_top25
1,0.33333333333333337,0.0,0.04761904761904767,0.7692307692307693,0.8354657221454325,0.0,0.44387684464701405,0.9879759519038076,1.0,0.16040247677727149,instance,random_kDN_top25
1,0.8333333333333334,0.2,0.07407407407407407,0.46153846153846156,0.4450916100773127,1.0,0.5057742651517751,1.0,1.0,0.2587717154323437,instance,random_kDN_top25
1,0.0,0.0,0.09090909090909094,0.46153846153846156,0.5726129472699342,0.0,0.44801701944047656,0.9779559118236473,1.0,0.3329115082560713,instance,random_kDN_top25
1,0.16666666666666663,0.0,0.04761904761904767,0.7692307692307693,0.6952226088242929,0.0,0.42621708179027773,0.9559118236472945,1.0,1.4015283489062291,instance,random_kDN_top25
1,0.0,0.0,0.01851851851851849,0.7692307692307693,0.007791377488267859,0.0,0.37475034640936167,0.8396793587174349,1.0,2.1330847534028003,instance,random_kDN_top25
1,0.0,0.0,0.01851851851851849,0.7692307692307693,0.008076689752837929,0.0,0.394664246860987,0.8997995991983968,1.0,2.078657751475629,instance,random_kDN_top25
1,0.0,0.0,0.01851851851851849,0.7692307692307693,0.00779471442138846,0.0,0.43101595395773407,0.969939879759519,0.96,2.4687007255860163,instance,random_kDN_top25
1,0.0,0.0,0.01851851851851849,0.7692307692307693,0.0240432696006862,0.0,0.4688863017164886,0.9799599198396793,1.0,0.9059186456411223,instance,random_kDN_top25
1,0.6666666666666667,0.2,0.01851851851851849,0.7692307692307693,0.6951380324716309,0.0,0.4406237415759052,0.9939879759519038,0.96,0.5944871399097557,instance,random_kDN_top25
1,0.0,0.0,0.0,0.38461538461538464,0.008350849421283613,0.0,0.41115757448314716,0.9318637274549099,1.0,2.5030528685259927,instance,random_kDN_top25
1,0.0,0.0,0.04761904761904767,0.7692307692307693,0.007852514409866451,0.0,0.3562944715392712,0.9038076152304609,1.0,1.6689191775163699,instance,random_kDN_top25
1,0.0,0.0,0.04761904761904767,0.6923076923076923,0.012424224990356836,0.0,0.4457292553337262,0.9839679358717435,1.0,0.4981139607331707,instance,random_kDN_top25
1,0.8,0.8,0.06666666666666665,0.38461538461538464,0.803499415664368,1.0,0.5475894240223298,1.0,1.0,-0.17470324508147017,instance,random_kDN_top25
1,0.16666666666666663,0.0,0.0,0.5384615384615384,0.007726259196747631,0.0,0.41967633515360947,0.8937875751503006,0.96,1.9320146181733098,instance,random_kDN_top25
1,0.0,0.0,0.01851851851851849,0.7692307692307693,0.11009594030067815,0.0,0.4337304358746471,0.9559118236472945,1.0,0.8305485351357973,instance,random_kDN_top25
1,0.09999999999999998,0.2,0.04761904761904767,0.7692307692307693,0.01445804077838958,0.0,0.4163344989982105,0.9919839679358717,1.0,0.5148740258712262,instance,random_kDN_top25
1,0.09090909090909094,0.0,0.01851851851851849,0.7692307692307693,0.008720661463927193,0.0,0.4187240504387748,0.9599198396793587,1.0,1.4493139361750624,instance,random_kDN_top25
1,0.0,0.0,0.01851851851851849,0.7692307692307693,0.0077957174902270054,0.0,0.3940107739907588,0.8957915831663327,1.0,1.8195384343658116,instance,random_kDN_top25
1,0.0,0.0,0.04761904761904767,0.7692307692307693,0.0326484023197845,0.0,0.4428550586881047,0.969939879759519,0.96,1.7582989942803433,instance,random_kDN_top25
1,0.0,0.0,0.04761904761904767,0.7692307692307693,0.05084802519133824,0.0,0.3855631114012389,0.9679358717434869,1.0,1.076001193083389,instance,random_kDN_top25
1,0.0,0.0,0.04761904761904767,0.7692307692307693,0.10825908304486537,0.0,0.43628979007192237,0.9819639278557114,1.0,0.5818557367850309,instance,random_kDN_top25
1,0.0,0.0,0.01851851851851849,0.7692307692307693,0.1546121399981769,0.0,0.47875104993468975,0.9899799599198397,0.96,0.5581555197982656,instance,random_kDN_top25
1,0.0,0.0,0.04761904761904767,0.6923076923076923,0.08697716116049786,0.0,0.41972956785672555,0.9719438877755511,1.0,1.1357648902284732,instance,random_kDN_top25
1,0.0,0.0,0.04761904761904767,0.7692307692307693,0.5072234457114235,0.0,0.4605233482844314,0.9819639278557114,1.0,1.3503861076382349,instance,random_kDN_top25
1,0.125,0.0,0.07407407407407407,0.46153846153846156,0.024406848857713048,0.0,0.44825605551838643,0.9839679358717435,0.96,0.87752033977391,instance,random_kDN_top25
1,0.33333333333333337,0.2,0.0,0.38461538461538464,0.8537241545993423,0.0,0.4994552778546143,0.9979959919839679,1.0,0.6147155691180708,instance,random_kDN_top25
1,0.0,0.6,0.04761904761904767,0.7692307692307693,0.622080152693846,1.0,0.5165879622179552,1.0,1.0,0.6358211089405672,instance,random_kDN_top25
1,0.0,0.0,0.01851851851851849,0.7692307692307693,0.008357962231776095,0.0,0.4704563800112188,0.9859719438877755,0.96,1.1448944601125548,instance,random_kDN_top25
1,0.0,0.0,0.04761904761904767,0.7692307692307693,0.014157831625889905,0.0,0.3978726800899385,0.9298597194388778,1.0,1.7990789704924894,instance,random_kDN_top25
1,0.0,0.0,0.04761904761904767,0.7692307692307693,0.00838502818231468,0.0,0.4129542685450375,0.9258517034068137,1.0,2.0560712182107057,instance,random_kDN_top25
1,0.25,0.4,0.01851851851851849,0.8461538461538461,0.14734934411823514,0.5,0.4958088369368714,0.9979959919839679,1.0,0.3782518194975897,instance,random_kDN_top25
1,0.09999999999999998,0.0,0.01851851851851849,0.7692307692307693,0.007953453993908677,0.0,0.43281768729972037,0.9278557114228457,1.0,1.873435157627148,instance,random_kDN_top25
1,0.0,0.0,0.01851851851851849,0.7692307692307693,0.008938017361240391,0.0,0.4200167817905899,0.9018036072144289,1.0,2.2285002817070216,instance,random_kDN_top25
1,0.0,0.0,0.01851851851851849,0.7692307692307693,0.007708003137229746,0.0,0.35445555894931047,0.9178356713426854,0.96,2.0449412361432087,instance,random_kDN_top25
1,0.16666666666666663,0.4,0.8571428571428572,0.6153846153846154,0.7826732137550106,0.5,0.4971709217217968,0.9979959919839679,1.0,0.39219437008433067,instance,random_kDN_top25
1,0.0,0.0,0.06666666666666665,0.46153846153846156,0.0081233745693009,0.0,0.4155839230136352,0.9799599198396793,1.0,0.6858797448803715,instance,random_kDN_top25
1,0.0,0.4,0.96,0.6153846153846154,0.5937887305263786,0.0,0.4766817497154494,0.9979959919839679,1.0,0.09411759422668556,instance,random_kDN_top25
1,0.0,0.2,0.8709677419354839,0.5384615384615384,0.016045381617718846,0.0,0.4801222202398929,0.9979959919839679,1.0,0.5115882524860693,instance,random_kDN_top25
1,0.0,0.0,0.01851851851851849,0.7692307692307693,0.007749198683688563,0.0,0.3720942572497634,0.9158316633266533,1.0,1.913557952312524,instance,random_kDN_top25
1,0.0,0.0,0.01851851851851849,0.8461538461538461,0.00913296268258701,0.0,0.4603279775126321,0.9719438877755511,0.92,1.4062643375756405,instance,random_kDN_top25
1,0.0,0.0,0.04761904761904767,0.7692307692307693,0.016898771744358054,0.0,0.41234183415319836,0.9819639278557114,1.0,0.9344113159115517,instance,random_kDN_top25
1,0.0714285714285714,0.0,0.19999999999999996,0.46153846153846156,0.046134387346552175,0.0,0.4086725323889905,0.9579158316633266,1.0,0.8980303565285277,instance,random_kDN_top25
1,0.6666666666666667,0.2,0.75,0.46153846153846156,0.7845204281082402,0.25,0.5281567159119698,1.0,1.0,-0.0020122569222274112,instance,random_kDN_top25
1,0.0,0.0,0.04761904761904767,0.7692307692307693,0.011798533571465541,0.0,0.4054651866861345,0.9278557114228457,1.0,1.3087968237955163,instance,random_kDN_top25
1,0.0,0.0,0.01851851851851849,0.7692307692307693,0.01235301870750094,0.0,0.4631343318048041,0.9859719438877755,0.96,1.0844509104654472,instance,random_kDN_top25
1,0.33333333333333337,0.4,0.01851851851851849,0.7692307692307693,0.8455091337667975,0.6666666666666666,0.4829801576977343,0.9979959919839679,1.0,-0.24734025422711478,instance,random_kDN_top25
1,0.0,0.0,0.01851851851851849,0.7692307692307693,0.007708149599503167,0.0,0.3934159006277822,0.845691382765531,0.96,2.4133123355742705,instance,random_kDN_top25
1,0.19999999999999996,0.0,0.09090909090909094,0.46153846153846156,0.1271253710136379,0.0,0.44820897962524286,0.9839679358717435,1.0,0.380727843629926,instance,random_kDN_top25
1,0.0,0.0,0.01851851851851849,0.7692307692307693,0.0077696503065576294,0.0,0.4204611759025707,0.9559118236472945,0.92,2.244485568259241,instance,random_kDN_top25
1,0.33333333333333337,0.2,0.0,0.5384615384615384,0.5996907957276901,0.5,0.4978834044009194,0.9979959919839679,1.0,0.195389578186979,instance,random_kDN_top25
1,0.0,0.0,0.04761904761904767,0.7692307692307693,0.008087134566645449,0.0,0.39657249199543254,0.9098196392785571,0.92,1.8268586252348342,instance,random_kDN_top25
1,0.0,0.0,0.01851851851851849,0.7692307692307693,0.007706739149895836,0.0,0.4154669035892604,0.9559118236472945,1.0,1.4933302497308252,instance,random_kDN_top25
1,0.0,0.0,0.01851851851851849,0.7692307692307693,0.00782596885153175,0.0,0.3765038407937188,0.9138276553106213,0.96,1.6785457536572719,instance,random_kDN_top25
1,0.0,0.0,0.01851851851851849,0.7692307692307693,0.0077137637222343125,0.0,0.41852539025320357,0.9659318637274549,0.96,1.187634662554936,instance,random_kDN_top25
1,0.09090909090909094,0.0,0.01851851851851849,0.7692307692307693,0.007883660974330908,0.0,0.4163792651118452,0.9779559118236473,1.0,2.157598819046923,instance,random_kDN_top25
1,0.0,0.0,0.04761904761904767,0.7692307692307693,0.027562454746740628,0.0,0.39591075876176673,0.9579158316633266,0.96,1.7492824569881718,instance,random_kDN_top25
1,0.0,0.0,0.04761904761904767,0.7692307692307693,0.007789896931719276,0.0,0.4073613565241918,0.9559118236472945,1.0,2.265301900125613,instance,random_kDN_top25
1,0.4444444444444444,0.2,0.0,0.5384615384615384,0.7996893930942661,0.0,0.4420879388962008,0.9919839679358717,1.0,0.3351369506714071,instance,random_kDN_top25
1,0.0,0.2,0.01851851851851849,0.7692307692307693,0.5316502568318167,0.0,0.44159924131738204,0.9919839679358717,0.96,1.2685056550763616,instance,random_kDN_top25
1,0.0714285714285714,0.0,0.01851851851851849,0.7692307692307693,0.09233053881861003,0.0,0.4522067522018681,0.9859719438877755,1.0,1.2219515999288986,instance,random_kDN_top25
1,0.0,0.0,0.01851851851851849,0.7692307692307693,0.007896192370521304,0.0,0.3870461296498373,0.8717434869739479,1.0,2.0400117256549746,instance,random_kDN_top25
1,0.0,0.0,0.06666666666666665,0.46153846153846156,0.007770396025963855,0.0,0.39028928645844274,0.9719438877755511,1.0,0.9037809959120644,instance,random_kDN_top25
1,0.0,0.0,0.01851851851851849,0.7692307692307693,0.0077432368585967914,0.0,0.37589256023883766,0.9258517034068137,0.96,1.1473868335361979,instance,random_kDN_top25
1,0.0,0.0,0.06666666666666665,0.38461538461538464,0.007893253597530125,0.0,0.42591939156871483,0.9318637274549099,1.0,1.4704960323828253,instance,random_kDN_top25
1,0.0,0.2,0.01851851851851849,0.7692307692307693,0.046976169925866174,0.2857142857142857,0.4884044301123296,0.9959919839679359,1.0,0.6100137050867362,instance,random_kDN_top25
1,0.09999999999999998,0.0,0.19999999999999996,0.46153846153846156,0.007718304246258412,0.0,0.42511044845952917,0.9559118236472945,1.0,0.9314302589532879,instance,random_kDN_top25
1,0.0,0.0,0.04761904761904767,0.7692307692307693,0.007979667768298504,0.0,0.38789698838510656,0.9198396793587175,1.0,1.3335082438373795,instance,random_kDN_top25
1,0.19999999999999996,0.0,0.07407407407407407,0.46153846153846156,0.3472440479500657,0.0,0.4633056388277089,0.9879759519038076,1.0,0.5877244530089241,instance,random_kDN_top25
1,0.09090909090909094,0.0,0.96,1.0,0.017563516258434775,0.3333333333333333,0.44400876824931823,0.9839679358717435,1.0,1.0090633251195464,instance,random_kDN_top25
1,0.0,0.0,0.01851851851851849,0.7692307692307693,0.00867211705653459,0.0,0.4349517740604252,0.9498997995991983,1.0,2.259030707739615,instance,random_kDN_top25
1,0.0,0.0,0.01851851851851849,0.8461538461538461,0.007716899154895762,0.0,0.4427569605399224,0.9679358717434869,0.92,1.8380592018929174,instance,random_kDN_top25
1,0.0,0.0,0.04761904761904767,0.7692307692307693,0.07409940520815439,0.0,0.4113051381228746,0.9719438877755511,1.0,1.214091759550962,instance,random_kDN_top25
1,0.0,0.0,0.04761904761904767,0.7692307692307693,0.011804064675767001,0.0,0.44024499918056326,0.9719438877755511,1.0,1.5229160575745593,instance,random_kDN_top25
1,0.0,0.0,0.04761904761904767,0.7692307692307693,0.007771936236822985,0.0,0.4040199532235903,0.9178356713426854,1.0,1.7494669491920138,instance,random_kDN_top25
1,0.0,0.0,0.01851851851851849,0.7692307692307693,0.007856756494202588,0.0,0.45534358246531925,0.9819639278557114,1.0,1.2115120815263989,instance,random_kDN_top25
1,0.0,0.0,0.01851851851851849,0.7692307692307693,0.0077118197129847355,0.0,0.3802871954727304,0.9198396793587175,1.0,2.132299316823382,instance,random_kDN_top25
1,0.25,0.0,0.07407407407407407,0.46153846153846156,0.040574706703985886,0.0,0.44319436014295654,0.9899799599198397,1.0,0.2919325406084347,instance,random_kDN_top25
1,0.0,0.0,0.01851851851851849,0.7692307692307693,0.010254136429124094,0.0,0.4001215942302293,0.9158316633266533,1.0,2.2417828086209073,instance,random_kDN_top25
1,0.0,0.0,0.04761904761904767,0.7692307692307693,0.04305614939098951,0.0,0.4119518346262727,0.9719438877755511,1.0,0.9291741110444148,instance,random_kDN_top25
1,0.33333333333333337,0.4,0.04761904761904767,0.7692307692307693,0.7847094262455929,0.4444444444444444,0.48437012151533376,0.9939879759519038,1.0,-0.0019056514676221385,instance,random_kDN_top25
1,0.0,0.0,0.04761904761904767,0.7692307692307693,0.011003554038384211,0.0,0.4193720955617629,0.9539078156312625,1.0,1.0098248632317814,instance,random_kDN_top25
1,0.16666666666666663,0.4,0.01851851851851849,0.7692307692307693,0.05671390474047966,0.5,0.5085260888515233,1.0,1.0,1.1212763814292361,instance,random_kDN_top25
1,0.25,0.0,0.06666666666666665,0.46153846153846156,0.6021247194482385,0.0,0.4649629617242096,0.9779559118236473,1.0,0.6787675115312108,instance,random_kDN_top25
1,0.0,0.6,0.01851851851851849,0.8461538461538461,0.05673091833752375,0.5,0.5068152420838884,1.0,1.0,-0.02714124703140392,instance,random_kDN_top25
1,0.25,0.2,0.07407407407407407,0.46153846153846156,0.02454068566492973,0.0,0.4498278667371204,0.9939879759519038,1.0,1.150118802609896,instance,random_kDN_top25
1,0.0,0.0,0.04761904761904767,0.7692307692307693,0.007918409884095645,0.0,0.3991264021134536,0.9418837675350702,1.0,1.2392322394052635,instance,random_kDN_top25
1,0.0,0.2,0.04761904761904767,0.7692307692307693,0.6449871162787655,0.0,0.48138446591774986,0.9959919839679359,0.92,0.5790967588503233,instance,random_kDN_top25
1,0.0,0.0,0.01851851851851849,0.7692307692307693,0.01616444532604122,0.0,0.4502464657322547,0.9819639278557114,1.0,1.3838696790097764,instance,random_kDN_top25
1,0.0,0.0,0.01851851851851849,0.7692307692307693,0.017253266395763744,0.0,0.44472612098581643,0.9659318637274549,0.96,0.8898115567434006,instance,random_kDN_top25
1,0.09090909090909094,0.0,0.01851851851851849,0.7692307692307693,0.009334804069648428,0.0,0.4497880338199748,0.9659318637274549,1.0,1.400407728538702,instance,random_kDN_top25
1,0.0,0.0,0.2222222222222222,0.6153846153846154,0.03859268479454364,0.0,0.43687208762256036,0.9799599198396793,1.0,1.0959746631053453,instance,random_kDN_top25
1,0.0,0.0,0.04761904761904767,0.7692307692307693,0.6724785110997589,0.0,0.46127691638546797,0.9819639278557114,1.0,0.21309625419718065,instance,random_kDN_top25
1,0.0,0.0,0.01851851851851849,0.7692307692307693,0.007706741766963232,0.0,0.4397484144431153,0.9318637274549099,0.84,2.7993697834581988,instance,random_kDN_top25
1,0.0,0.0,0.01851851851851849,0.7692307692307693,0.008213809287110074,0.0,0.4256960955975656,0.9759519038076152,1.0,1.30784492392923,instance,random_kDN_top25
1,0.0,0.0,0.01851851851851849,0.7692307692307693,0.008291649656586575,0.0,0.3750156858076372,0.935871743486974,1.0,1.9596546807664312,instance,random_kDN_top25
1,0.8333333333333334,0.4,0.07407407407407407,0.46153846153846156,0.8313136996104441,0.0,0.4663623390282785,0.9959919839679359,1.0,-0.5659325859478742,instance,random_kDN_top25
1,0.0,0.0,0.04761904761904767,0.7692307692307693,0.017530668185568143,0.0,0.3790739603460962,0.9278557114228457,1.0,1.0473274753638444,instance,random_kDN_top25
1,0.0,0.0,0.01851851851851849,0.6923076923076923,0.012860684355571306,0.0,0.42781991766280836,0.9599198396793587,1.0,0.6947403659358359,instance,random_kDN_top25
1,0.0,0.0,0.01851851851851849,0.7692307692307693,0.007706930882642127,0.0,0.4546028511651873,0.9759519038076152,0.96,2.253069075029378,instance,random_kDN_top25
1,0.0,0.2,0.6666666666666667,0.5384615384615384,0.44243608760436237,0.0,0.4530063561031181,0.9939879759519038,0.96,1.2328504219592658,instance,random_kDN_top25
1,0.0,0.2,0.09090909090909094,0.46153846153846156,0.7392927276679467,0.0,0.4741054916800087,0.9939879759519038,1.0,0.20094428237281015,instance,random_kDN_top25
1,0.0,0.0,0.01851851851851849,0.8461538461538461,0.009647139896716062,0.0,0.42184432659257143,0.9619238476953907,0.92,0.948311249400142,instance,random_kDN_top25
1,0.0,0.0,0.07407407407407407,0.46153846153846156,0.00782548664803373,0.0,0.41013313286792885,0.9418837675350702,0.96,1.9287464914053856,instance,random_kDN_top25
1,0.0,0.0,0.01851851851851849,0.7692307692307693,0.007891465792742192,0.0,0.40101967440872976,0.9438877755511021,1.0,1.6793646296261235,instance,random_kDN_top25
1,0.0,0.4,0.01851851851851849,0.7692307692307693,0.38790321519996585,0.3333333333333333,0.4983668175816818,0.9979959919839679,1.0,0.5254483443411179,instance,random_kDN_top25
1,0.0,0.0,0.09090909090909094,0.46153846153846156,0.007789840772965684,0.0,0.44487875803823496,0.9859719438877755,0.88,1.163141240881772,instance,random_kDN_top25
1,0.0,0.0,0.04761904761904767,0.7692307692307693,0.00790219647398932,0.0,0.4130734164191965,0.9298597194388778,0.92,1.8748231445773824,instance,random_kDN_top25
1,0.0,0.0,0.01851851851851849,0.7692307692307693,0.007757164889959589,0.0,0.427058480244783,0.9519038076152304,1.0,2.416386837710415,instance,random_kDN_top25
1,0.6666666666666667,0.6,0.9139784946236559,0.7692307692307693,0.6505992608424411,1.0,0.5155487186456504,1.0,1.0,0.3774167386048178,instance,random_kDN_top25
1,0.0,0.0,0.04761904761904767,0.7692307692307693,0.007711703656061997,0.0,0.38152070653703407,0.9278557114228457,0.84,2.117408728195759,instance,random_kDN_top25
1,0.0,0.0,0.04761904761904767,0.8461538461538461,0.020812272766152273,0.0,0.37676356392320887,0.9559118236472945,1.0,0.9521476517978918,instance,random_kDN_top25
1,0.0,0.0,0.04761904761904767,0.7692307692307693,0.022688042155962318,0.0,0.3879354998888588,0.9539078156312625,1.0,1.2558245316655678,instance,random_kDN_top25
1,0.0,0.0,0.04761904761904767,0.7692307692307693,0.6158121104565918,0.0,0.451098858951975,0.9819639278557114,1.0,0.7003151130779305,instance,random_kDN_top25
1,0.0,0.0,0.06666666666666665,0.46153846153846156,0.2588335471768102,0.0,0.39976014097923274,0.9839679358717435,1.0,0.5183212777285862,instance,random_kDN_top25
1,0.0,0.0,0.04761904761904767,0.7692307692307693,0.007978493032504086,0.0,0.40867363100307597,0.9118236472945892,1.0,1.4479020668550016,instance,random_kDN_top25
1,0.125,0.4,0.07407407407407407,0.46153846153846156,0.19501767788031538,0.5,0.5064760473841678,1.0,1.0,0.2434924290720076,instance,random_kDN_top25
1,0.0,0.0,0.04761904761904767,0.7692307692307693,0.03350236400116391,0.0,0.44700204004509425,0.9719438877755511,1.0,1.3148349466562155,instance,random_kDN_top25
1,0.0,0.2,0.07407407407407407,0.46153846153846156,0.5940290369367377,0.0,0.47871755507059,0.9939879759519038,0.92,0.1991301618018096,instance,random_kDN_top25
1,0.0,0.2,0.04761904761904767,0.7692307692307693,0.008323171938095064,0.0,0.4764935845333693,0.9939879759519038,1.0,1.3886547826360272,instance,random_kDN_top25
1,0.0714285714285714,0.0,0.01851851851851849,0.7692307692307693,0.01603049209673052,0.0,0.4288497127543123,0.9719438877755511,1.0,1.6919365282427712,instance,random_kDN_top25
1,0.0,0.0,0.04761904761904767,0.7692307692307693,0.23579033554940548,0.0,0.4433675231516694,0.9799599198396793,1.0,0.7139125819965249,instance,random_kDN_top25
1,0.0714285714285714,0.0,0.01851851851851849,0.7692307692307693,0.007818440811489524,0.0,0.41520354213785005,0.9458917835671343,1.0,1.921226767609376,instance,random_kDN_top25
1,0.0,0.0,0.04761904761904767,0.7692307692307693,0.007719343155744407,0.0,0.3515150939779753,0.8256513026052104,0.96,2.168374520558517,instance,random_kDN_top25
1,0.0,0.2,0.07407407407407407,0.46153846153846156,0.009092472321647116,0.25,0.5015603028096116,1.0,1.0,0.8744449425075573,instance,random_kDN_top25
1,0.25,0.4,0.9139784946236559,0.6153846153846154,0.8551664872823577,1.0,0.5108657207932359,1.0,1.0,-0.23161339354737626,instance,random_kDN_top25
1,0.09090909090909094,0.2,0.01851851851851849,0.8461538461538461,0.5200125952075138,0.0,0.4706263538268818,0.9919839679358717,1.0,0.7001995983001459,instance,random_kDN_top25
1,0.0,0.0,0.01851851851851849,0.7692307692307693,0.007953073683413359,0.0,0.4151661265218086,0.9278557114228457,1.0,2.5481626647048907,instance,random_kDN_top25
1,0.4,0.4,0.36363636363636365,0.5384615384615384,0.7941646113754703,1.0,0.5388549907918185,1.0,1.0,-0.14466564278826846,instance,random_kDN_top25
1,0.0,0.0,0.04761904761904767,0.7692307692307693,0.01845311261769461,0.0,0.4710730868516949,0.9879759519038076,1.0,1.2485719707170857,instance,random_kDN_top25
1,0.0,0.0,0.6666666666666667,0.5384615384615384,0.008974070616067309,0.0,0.46890577819342183,0.9779559118236473,1.0,0.9487690638368201,instance,random_kDN_top25
1,0.0,0.0,0.01851851851851849,0.7692307692307693,0.007751046870611233,0.0,0.438996735916348,0.9498997995991983,0.96,1.6533816513021016,instance,random_kDN_top25
1,0.0,0.0,0.9139784946236559,0.6923076923076923,0.009610505889735776,0.0,0.3991134295673089,0.8697394789579158,1.0,0.9123885135094224,instance,random_kDN_top25
1,0.0,0.0,0.04761904761904767,0.7692307692307693,0.013243216112178047,0.0,0.35886862361589655,0.9138276553106213,0.96,1.7406584237350453,instance,random_kDN_top25
1,0.0,0.0,0.01851851851851849,0.7692307692307693,0.007706739149895836,0.0,0.44667361049420395,0.969939879759519,0.88,1.9473183575970274,instance,random_kDN_top25
1,0.9166666666666666,0.6,0.96,1.0,0.8309149924884505,0.5,0.5001045343676083,1.0,1.0,0.4110422260541148,instance,random_kDN_top25
1,0.0,0.0,0.0,0.38461538461538464,0.010732678253092875,0.0,0.4012507248549724,0.9458917835671343,1.0,1.6690893760073768,instance,random_kDN_top25
1,0.0,0.0,0.01851851851851849,0.7692307692307693,0.01335388102714996,0.0,0.44560359545547545,0.9498997995991983,1.0,1.422793628348702,instance,random_kDN_top25
1,0.19999999999999996,0.4,0.01851851851851849,0.7692307692307693,0.8311912971165034,0.5,0.49281196684866113,0.9979959919839679,1.0,0.25928508051001214,instance,random_kDN_top25
1,0.0714285714285714,0.2,0.06666666666666665,0.38461538461538464,0.01604505291760938,0.0,0.4604831175445986,0.9919839679358717,1.0,1.3434431900269335,instance,random_kDN_top25
1,0.0714285714285714,0.2,0.01851851851851849,0.7692307692307693,0.6939820172269181,0.0,0.4967307032755329,0.9979959919839679,0.92,0.444255779213174,instance,random_kDN_top25
1,0.0,0.0,0.04761904761904767,0.7692307692307693,0.02605472207025894,0.0,0.4357330674228149,0.9619238476953907,1.0,1.0070196880440792,instance,random_kDN_top25
1,0.0,0.0,0.04761904761904767,0.7692307692307693,0.007706789551852722,0.0,0.3633119992820567,0.8817635270541082,0.96,2.0763811366840423,instance,random_kDN_top25
1,0.0,0.0,0.96,0.8461538461538461,0.011196522784522323,0.0,0.4418941464548196,0.9398797595190381,1.0,1.7810818362466507,instance,random_kDN_top25
1,0.4444444444444444,0.0,0.01851851851851849,0.7692307692307693,0.1312468832808028,0.0,0.4526172652362065,0.9799599198396793,1.0,1.0399433023381492,instance,random_kDN_top25
1,0.0,0.0,0.04761904761904767,0.7692307692307693,0.010545982050151892,0.0,0.3945187505969521,0.9579158316633266,1.0,1.106612594282102,instance,random_kDN_top25
1,0.0,0.6,0.2222222222222222,0.6153846153846154,0.5221315474494173,0.5,0.5082452068265921,1.0,1.0,0.6150552308892023,instance,random_kDN_top25
1,0.0,0.0,0.04761904761904767,0.7692307692307693,0.007987281707784177,0.0,0.367069400549595,0.8997995991983968,1.0,1.6856441589320796,instance,random_kDN_top25
1,0.0,0.0,0.01851851851851849,0.8461538461538461,0.007881192273557436,0.0,0.36137307349551995,0.935871743486974,0.96,0.8434416769337157,instance,random_kDN_top25
1,0.4444444444444444,0.2,0.01851851851851849,0.7692307692307693,0.18719131819453283,0.0,0.45127059350347387,0.9919839679358717,1.0,0.9368769868498205,instance,random_kDN_top25
1,0.0,0.0,0.04761904761904767,0.7692307692307693,0.008400315107985556,0.0,0.4221599128314699,0.9098196392785571,1.0,1.5869949800822225,instance,random_kDN_top25
1,0.0,0.0,0.04761904761904767,0.7692307692307693,0.007706739150391606,0.0,0.39619391096532797,0.9118236472945892,1.0,1.3156566249429495,instance,random_kDN_top25
1,0.25,0.2,0.07407407407407407,0.46153846153846156,0.8405349411492596,0.0,0.45673615041582305,0.9919839679358717,1.0,-0.35953766662537917,instance,random_kDN_top25
1,0.0,0.0,0.01851851851851849,0.7692307692307693,0.008089926505375822,0.0,0.4349217804230817,0.969939879759519,0.96,1.9749434677343987,instance,random_kDN_top25
1,0.0,0.0,0.01851851851851849,0.7692307692307693,0.009155726877347115,0.0,0.41543702243633385,0.9679358717434869,1.0,0.8335930342537319,instance,random_kDN_top25
1,0.0,0.0,0.01851851851851849,0.7692307692307693,0.007940107016422171,0.0,0.44012953176959113,0.9719438877755511,1.0,0.8104043371891531,instance,random_kDN_top25
1,0.0,0.0,0.04761904761904767,0.7692307692307693,0.007706739149895836,0.0,0.4680501791707581,0.9859719438877755,1.0,0.5054083566980454,instance,random_kDN_top25
1,0.09999999999999998,0.0,0.01851851851851849,0.7692307692307693,0.010038385206354639,0.0,0.4248901809116311,0.9759519038076152,0.96,1.0270450766935988,instance,random_kDN_top25
1,0.7272727272727273,0.2,0.0,0.5384615384615384,0.6972177257702632,0.0,0.47592293906194905,0.9979959919839679,1.0,0.4921212831566885,instance,random_kDN_top25
1,0.0,0.0,0.01851851851851849,0.7692307692307693,0.008163765775298093,0.0,0.4477361994091822,0.969939879759519,0.96,0.822122127016683,instance,random_kDN_top25
1,0.125,0.2,0.9139784946236559,0.46153846153846156,0.6457846659956512,0.0,0.4842983524738036,0.9979959919839679,1.0,0.8169628761959734,instance,random_kDN_top25
1,0.0,0.0,0.04761904761904767,0.7692307692307693,0.32278951330742345,0.0,0.4408914744557971,0.9458917835671343,0.96,0.449562559404742,instance,random_kDN_top25
1,0.125,0.0,0.01851851851851849,0.7692307692307693,0.00825620636818536,0.0,0.3922675856386304,0.9739478957915831,1.0,1.1753655027502956,instance,random_kDN_top25
1,0.0,0.0,0.06666666666666665,0.46153846153846156,0.009208797333957353,0.0,0.461235130225618,0.9819639278557114,0.96,1.4201046943266578,instance,random_kDN_top25
1,0.0,0.0,0.01851851851851849,0.7692307692307693,0.008719104628473195,0.0,0.43025616786626186,0.9779559118236473,1.0,1.268084149863678,instance,random_kDN_top25
1,0.0,0.0,0.01851851851851849,0.7692307692307693,0.0077300171229477965,0.0,0.3813696826385503,0.8777555110220441,0.96,1.840025986202723,instance,random_kDN_top25
1,0.0,0.0,0.36363636363636365,0.5384615384615384,0.12879297076986723,0.0,0.4765095058529285,0.9879759519038076,0.96,0.0076428697586198,instance,random_kDN_top25
1,0.0714285714285714,0.0,0.0,0.38461538461538464,0.1604220242632195,0.0,0.45116335195252133,0.9539078156312625,1.0,1.271719547352833,instance,random_kDN_top25
1,0.0,0.0,0.04761904761904767,0.7692307692307693,0.1999681534507604,0.0,0.44648745427012326,0.9899799599198397,1.0,0.42916005497050125,instance,random_kDN_top25
1,0.19999999999999996,0.2,0.09090909090909094,0.46153846153846156,0.008136969919323167,0.0,0.48694012736144976,0.9979959919839679,0.92,1.600482017976758,instance,random_kDN_top25
1,0.0,0.0,0.06666666666666665,0.38461538461538464,0.022364822496443892,0.0,0.42999188657734033,0.969939879759519,1.0,0.7562375386889931,instance,random_kDN_top25
1,0.19999999999999996,0.0,0.19999999999999996,0.46153846153846156,0.007810966076912673,0.0,0.46208573841261447,0.9799599198396793,0.96,1.275406403719717,instance,random_kDN_top25
1,0.5833333333333333,0.2,0.96,1.0,0.7548306667697084,1.0,0.5236144419279163,1.0,1.0,0.44466634124552046,instance,random_kDN_top25
1,0.0,0.0,0.01851851851851849,0.7692307692307693,0.018691656549587876,0.0,0.45162415605104644,0.9839679358717435,1.0,0.7955629604432365,instance,random_kDN_top25
1,0.0,0.0,0.01851851851851849,0.7692307692307693,0.007740649682335565,0.0,0.4161648375214846,0.8897795591182365,1.0,1.3722281805802603,instance,random_kDN_top25
1,0.0,0.0,0.01851851851851849,0.7692307692307693,0.00787432412715372,0.0,0.38648110360551,0.9559118236472945,0.92,2.4976002035619485,instance,random_kDN_top25
1,0.0,0.0,0.01851851851851849,0.7692307692307693,0.00799121501505351,0.0,0.3328408521420162,0.845691382765531,1.0,2.4761066477867213,instance,random_kDN_top25
1,0.0,0.0,0.01851851851851849,0.7692307692307693,0.007706739149895836,0.0,0.42972915910594056,0.9619238476953907,0.92,1.3956455203887186,instance,random_kDN_top25
1,0.0,0.0,0.01851851851851849,0.7692307692307693,0.02246665410164128,0.0,0.468118848473723,0.969939879759519,1.0,1.713136346230307,instance,random_kDN_top25
1,0.6666666666666667,0.4,0.25,0.46153846153846156,0.06508660983164738,1.0,0.5078382994459111,1.0,1.0,-0.014096625810718433,instance,random_kDN_top25
1,0.0,0.0,0.04761904761904767,0.7692307692307693,0.6227159216343467,0.0,0.4515134757125099,0.9899799599198397,1.0,0.4939367186825451,instance,random_kDN_top25
1,0.0,0.0,0.04761904761904767,0.7692307692307693,0.00820083112761738,0.0,0.40555956682459593,0.935871743486974,0.96,1.665877922461263,instance,random_kDN_top25
1,0.0,0.2,0.01851851851851849,0.7692307692307693,0.16319183787132224,0.0,0.47554930643073423,0.9939879759519038,1.0,0.7544982843230175,instance,random_kDN_top25
1,0.0,0.0,0.04761904761904767,0.7692307692307693,0.007798176735712592,0.0,0.445361629935922,0.9218436873747495,0.92,2.547147341149148,instance,random_kDN_top25
1,0.0,0.0,0.04761904761904767,0.7692307692307693,0.010448802250254463,0.0,0.4208503379402677,0.8637274549098196,0.96,2.1492184835757757,instance,random_kDN_top25
1,0.0,0.0,0.0,0.46153846153846156,0.00772635609803779,0.0,0.4410987587351277,0.9879759519038076,0.92,0.59966435712401,instance,random_kDN_top25
1,0.0,0.0,0.01851851851851849,0.7692307692307693,0.007731798569656223,0.0,0.3830581432551452,0.9178356713426854,0.96,2.1955615767667607,instance,random_kDN_top25
1,0.0,0.0,0.01851851851851849,0.7692307692307693,0.008201980272388165,0.0,0.39925538957036577,0.9038076152304609,0.96,2.6133979010886437,instance,random_kDN_top25
1,0.16666666666666663,0.0,0.75,0.46153846153846156,0.27388839579071267,0.0,0.4037822336694311,0.9899799599198397,1.0,-0.14736243342192493,instance,random_kDN_top25
1,0.0,0.0,0.01851851851851849,0.7692307692307693,0.007710384117939562,0.0,0.41584888893978766,0.9038076152304609,0.96,2.5816009756751597,instance,random_kDN_top25
1,0.0,0.0,0.04761904761904767,0.7692307692307693,0.01264561435075695,0.0,0.4537740639024689,0.9679358717434869,1.0,1.0861130523031124,instance,random_kDN_top25
1,0.0,0.0,0.04761904761904767,0.7692307692307693,0.008138650492913568,0.0,0.37788487122204917,0.8977955911823647,1.0,1.506587766364468,instance,random_kDN_top25
1,0.0,0.0,0.0,0.5384615384615384,0.007742235144193033,0.0,0.3848076031273602,0.935871743486974,0.96,1.841240483483945,instance,random_kDN_top25
1,0.19999999999999996,0.2,0.01851851851851849,0.7692307692307693,0.7377040065912145,0.6,0.4904063989584766,0.9979959919839679,1.0,0.4441423277067057,instance,random_kDN_top25
1,0.0,0.0,0.01851851851851849,0.7692307692307693,0.026023923071912036,0.0,0.4407495460654315,0.9679358717434869,1.0,0.9406188362961402,instance,random_kDN_top25
1,0.0,0.0,0.04761904761904767,0.7692307692307693,0.009772727819249538,0.0,0.4201380966535623,0.9198396793587175,1.0,1.4183629468623948,instance,random_kDN_top25
1,0.0,0.0,0.06666666666666665,0.38461538461538464,0.007706739149895836,0.0,0.4427125370797449,0.9418837675350702,0.92,1.5556178574997572,instance,random_kDN_top25
1,0.33333333333333337,0.2,0.04761904761904767,0.7692307692307693,0.7942106156215456,0.0,0.45205257125774523,0.9939879759519038,1.0,0.6111434776871859,instance,random_kDN_top25
1,0.0,0.0,0.0,0.38461538461538464,0.007706739149895836,0.0,0.40091962932995806,0.8937875751503006,0.84,1.5281023325263234,instance,random_kDN_top25
1,0.0,0.0,0.06666666666666665,0.46153846153846156,0.00772534842115391,0.0,0.36309141878063045,0.9438877755511021,1.0,1.2145644779703173,instance,random_kDN_top25
1,0.0,0.0,0.04761904761904767,0.7692307692307693,0.022511600349107597,0.0,0.432629679577879,0.9679358717434869,1.0,1.254435965119137,instance,random_kDN_top25
1,0.0,0.0,0.01851851851851849,0.7692307692307693,0.013684241999069258,0.0,0.40974032375663727,0.9819639278557114,1.0,0.7463300272596725,instance,random_kDN_top25
1,0.0,0.0,0.01851851851851849,0.7692307692307693,0.1901890529876713,0.0,0.47680041458318645,0.9899799599198397,1.0,0.898758684783607,instance,random_kDN_top25
1,0.0,0.0,0.07407407407407407,0.46153846153846156,0.007706739149895836,0.0,0.4272323497157642,0.9779559118236473,0.92,1.2208495615270645,instance,random_kDN_top25
1,0.5,0.2,0.01851851851851849,0.8461538461538461,0.8306602692606775,0.5,0.47484112139461854,0.9959919839679359,1.0,0.45954811591261807,instance,random_kDN_top25
1,0.0,0.0,0.0,0.5384615384615384,0.009596660653468925,0.0,0.42642427550009154,0.9659318637274549,1.0,1.5758622678373753,instance,random_kDN_top25
1,0.0,0.0,0.04761904761904767,0.7692307692307693,0.2157567314485314,0.0,0.448356351769582,0.9679358717434869,0.96,1.1642162843690738,instance,random_kDN_top25
1,0.125,0.2,0.09090909090909094,0.46153846153846156,0.007741474158489248,0.0,0.45244879801148785,0.9919839679358717,1.0,1.102851151458304,instance,random_kDN_top25
1,0.0,0.0,0.04761904761904767,0.7692307692307693,0.013802710477183289,0.0,0.4494884650150016,0.9639278557114228,1.0,1.0768537419178739,instance,random_kDN_top25
1,0.75,0.0,0.06666666666666665,0.38461538461538464,0.8106126748160373,0.0,0.4516280234464761,0.9739478957915831,0.96,0.47451595153313575,instance,random_kDN_top25
1,0.0,0.0,0.04761904761904767,0.8461538461538461,0.007804398921012201,0.0,0.39953328552572587,0.9098196392785571,1.0,2.4749575601171214,instance,random_kDN_top25
1,0.0,0.0,0.01851851851851849,0.7692307692307693,0.008206652456889452,0.0,0.46321631643166317,0.9599198396793587,1.0,1.7661517969976537,instance,random_kDN_top25
1,0.0,0.0,0.01851851851851849,0.7692307692307693,0.007854843424417113,0.0,0.42809230917938845,0.9899799599198397,1.0,1.348367533891553,instance,random_kDN_top25
1,0.09999999999999998,0.2,0.04761904761904767,0.7692307692307693,0.8393188689834099,0.0,0.48682072919720587,0.9959919839679359,1.0,-0.43581912596034317,instance,random_kDN_top25
1,0.0,0.0,0.04761904761904767,0.7692307692307693,0.00791910747759228,0.0,0.38511445574190417,0.8957915831663327,1.0,1.620949396806839,instance,random_kDN_top25
1,0.0,0.2,0.01851851851851849,0.7692307692307693,0.2236904289751725,1.0,0.5009905903458245,1.0,1.0,1.2801999078280297,instance,random_kDN_top25
1,0.33333333333333337,0.4,0.04761904761904767,0.7692307692307693,0.7376201534914543,0.0,0.4866944672441412,0.9939879759519038,1.0,0.5224170025070809,instance,random_kDN_top25
1,0.0,0.0,0.07407407407407407,0.46153846153846156,0.011927085990674158,0.0,0.4280018081275775,0.9759519038076152,1.0,1.190395689358782,instance,random_kDN_top25
1,0.09090909090909094,0.0,0.01851851851851849,0.7692307692307693,0.007730338676228354,0.0,0.4173125281111423,0.8216432865731462,1.0,2.171159271251128,instance,random_kDN_top25
1,0.0,0.0,0.01851851851851849,0.7692307692307693,0.013357699169542214,0.0,0.4241981055530035,0.9078156312625251,1.0,1.3217849618385122,instance,random_kDN_top25
1,0.0,0.2,0.04761904761904767,0.7692307692307693,0.03340944500888143,0.0,0.45540644197158686,0.9939879759519038,1.0,1.0622166531070822,instance,random_kDN_top25
1,0.0,0.4,0.06666666666666665,0.38461538461538464,0.7847496179284612,0.0,0.4809919603106322,0.9979959919839679,1.0,0.07504790780593451,instance,random_kDN_top25
1,0.0,0.0,0.0,0.38461538461538464,0.00857376854893549,0.0,0.3827338680629291,0.9539078156312625,1.0,2.00490973630868,instance,random_kDN_top25
1,0.25,0.2,0.07407407407407407,0.46153846153846156,0.09351133601339834,1.0,0.5098124153219759,1.0,1.0,0.3121559484820613,instance,random_kDN_top25
1,0.0,0.0,0.01851851851851849,0.7692307692307693,0.6614866314841,0.0,0.4350493910090115,0.9799599198396793,1.0,0.4721735395639837,instance,random_kDN_top25
1,0.0,0.0,0.01851851851851849,0.7692307692307693,0.10322666169665329,0.0,0.41012755879282403,0.9819639278557114,1.0,0.4469068457224681,instance,random_kDN_top25
1,0.0,0.0,0.04761904761904767,0.7692307692307693,0.007940810979586987,0.0,0.40334429725564447,0.9098196392785571,1.0,1.9525673252554725,instance,random_kDN_top25
1,0.0,0.0,0.04761904761904767,0.7692307692307693,0.008221279161872874,0.0,0.44339500962810974,0.935871743486974,1.0,0.9190148070410701,instance,random_kDN_top25
1,0.0,0.0,0.01851851851851849,0.6923076923076923,0.007725167109877362,0.0,0.4119578967540961,0.8597194388777555,0.96,1.3765335918428105,instance,random_kDN_top25
1,0.0,0.0,0.01851851851851849,0.7692307692307693,0.00781270135910922,0.0,0.4350482054043536,0.9819639278557114,0.96,0.7612683077562008,instance,random_kDN_top25
1,0.0,0.0,0.06666666666666665,0.38461538461538464,0.009188693805796344,0.0,0.4447186496776674,0.9719438877755511,1.0,1.1509677885281915,instance,random_kDN_top25
1,0.0,0.0,0.01851851851851849,0.7692307692307693,0.6668188677832702,0.0,0.43922924091221427,0.9839679358717435,1.0,0.22546429571570598,instance,random_kDN_top25
1,0.0,0.0,0.01851851851851849,0.7692307692307693,0.007706739149896058,0.0,0.3775065202145538,0.9038076152304609,0.92,1.1662666978636582,instance,random_kDN_top25
1,0.0,0.0,0.04761904761904767,0.7692307692307693,0.1740480055362359,0.0,0.4474114146640067,0.9659318637274549,1.0,1.2401720221961694,instance,random_kDN_top25
1,0.0,0.2,0.01851851851851849,0.7692307692307693,0.03524204123702851,0.0,0.46025635064639137,0.9939879759519038,1.0,1.8377144023370113,instance,random_kDN_top25
1,0.5833333333333333,0.0,0.01851851851851849,0.8461538461538461,0.5432487422329769,0.2,0.47186805883656835,0.9899799599198397,1.0,0.38156375310089213,instance,random_kDN_top25
1,0.0,0.0,0.01851851851851849,0.7692307692307693,0.016416498322080142,0.0,0.4558548888946893,0.9659318637274549,1.0,1.0265543691026626,instance,random_kDN_top25
1,0.0,0.0,0.8709677419354839,0.5384615384615384,0.8543202343102982,0.0,0.4823010686688931,0.9879759519038076,0.96,-0.6365836833553823,instance,random_kDN_top25
1,0.0,0.0,0.01851851851851849,0.7692307692307693,0.046650284307075296,0.0,0.4070677768885531,0.9759519038076152,1.0,0.7153431198856599,instance,random_kDN_top25
1,0.0,0.0,0.01851851851851849,0.8461538461538461,0.6844889602839478,0.0,0.46082855347898066,0.9879759519038076,1.0,0.24644751745171015,instance,random_kDN_top25
1,0.0,0.2,0.01851851851851849,0.7692307692307693,0.6226680009525022,0.0,0.49038773880180964,0.9959919839679359,1.0,-0.11229518382298923,instance,random_kDN_top25
1,0.0,0.0,0.04761904761904767,0.7692307692307693,0.007724427907947307,0.0,0.38970318991290087,0.7675350701402806,1.0,1.9973764410031047,instance,random_kDN_top25
1,0.0,0.0,0.01851851851851849,0.8461538461538461,0.00770748091009682,0.0,0.3512317089456337,0.9238476953907816,0.96,1.6091374548668527,instance,random_kDN_top25
1,0.0,0.0,0.01851851851851849,0.7692307692307693,0.11154281764889362,0.0,0.4150252779719281,0.9719438877755511,1.0,0.8325362770459105,instance,random_kDN_top25
1,0.0,0.4,0.01851851851851849,0.7692307692307693,0.4473132289414191,0.3333333333333333,0.4851010364812828,0.9959919839679359,1.0,0.46511517324519636,instance,random_kDN_top25
1,0.0,0.0,0.01851851851851849,0.7692307692307693,0.009531305994300465,0.0,0.39894416950651346,0.9619238476953907,1.0,1.6464125746604712,instance,random_kDN_top25
1,0.0714285714285714,0.2,0.01851851851851849,0.7692307692307693,0.012902721959008212,0.5,0.506468726881901,1.0,1.0,1.0899276182554767,instance,random_kDN_top25
1,0.0,0.0,0.01851851851851849,0.7692307692307693,0.008645109464126277,0.0,0.43083172579632956,0.9438877755511021,0.96,1.3135584635098638,instance,random_kDN_top25
1,0.0,0.0,0.01851851851851849,0.7692307692307693,0.007713267796651269,0.0,0.34391612471574895,0.8416833667334669,1.0,2.26679459547538,instance,random_kDN_top25
1,0.0,0.2,0.04761904761904767,0.7692307692307693,0.09082479086267414,0.0,0.49258436034749875,0.9939879759519038,1.0,0.679466582646085,instance,random_kDN_top25
1,0.0,0.0,0.01851851851851849,0.7692307692307693,0.008464907448675063,0.0,0.39833250921756314,0.9559118236472945,0.96,1.4727133155854564,instance,random_kDN_top25
1,0.0,0.0,0.0,0.38461538461538464,0.00946442781034662,0.0,0.45242814483134,0.9839679358717435,0.92,1.6308387359394823,instance,random_kDN_top25
1,0.0,0.0,0.8888888888888888,0.46153846153846156,0.16936725212625142,0.0,0.4452304100384463,0.9719438877755511,1.0,0.473964392606857,instance,random_kDN_top25
1,0.0,0.0,0.01851851851851849,0.7692307692307693,0.010363548088580365,0.0,0.44001057878061267,0.9799599198396793,1.0,0.768595477697087,instance,random_kDN_top25
1,0.875,1.0,0.2222222222222222,0.6153846153846154,0.8484615849842836,1.0,0.5424812623362887,1.0,1.0,-0.5452035995663285,instance,random_kDN_top25
1,0.4,0.4,0.36363636363636365,0.5384615384615384,0.06327817210777892,0.0,0.47638663997591124,0.9939879759519038,1.0,0.5334752546673543,instance,random_kDN_top25
1,0.0,0.4,0.01851851851851849,0.8461538461538461,0.701331103429538,0.5,0.49815165520642124,0.9979959919839679,1.0,0.22706794679794173,instance,random_kDN_top25
1,0.0,0.0,0.01851851851851849,0.7692307692307693,0.007722095653966199,0.0,0.39958771756612066,0.9078156312625251,1.0,2.3204962945435392,instance,random_kDN_top25
1,0.0,0.0,0.0,0.5384615384615384,0.008242103394290379,0.0,0.44486096007399023,0.9679358717434869,1.0,1.1005969289796182,instance,random_kDN_top25
1,0.0,0.0,0.01851851851851849,0.7692307692307693,0.007898603131401949,0.0,0.41916488561874776,0.9799599198396793,1.0,1.3151271701848053,instance,random_kDN_top25
1,0.09999999999999998,0.0,0.01851851851851849,0.7692307692307693,0.01802330504336025,0.0,0.43221963842220923,0.9859719438877755,1.0,0.6719374325641843,instance,random_kDN_top25
1,0.4444444444444444,0.2,0.01851851851851849,0.7692307692307693,0.25153365710933295,0.3333333333333333,0.511512565495913,1.0,1.0,0.553097457389229,instance,random_kDN_top25
1,0.0,0.0,0.01851851851851849,0.7692307692307693,0.29796101634425665,0.0,0.4354981452602489,0.9819639278557114,1.0,0.16102463530545633,instance,random_kDN_top25
1,0.0,0.0,0.01851851851851849,0.7692307692307693,0.02712899545049502,0.0,0.456811686281853,0.9739478957915831,1.0,0.9575283618071527,instance,random_kDN_top25
1,0.0,0.0,0.04761904761904767,0.7692307692307693,0.009793009078239934,0.0,0.4577001506987842,0.9799599198396793,1.0,1.6026536112181196,instance,random_kDN_top25
1,0.0,0.2,0.01851851851851849,0.7692307692307693,0.023759775849519826,0.0,0.4813953414517821,0.9919839679358717,1.0,0.5393151839282011,instance,random_kDN_top25
1,0.0,0.0,0.0,0.38461538461538464,0.007706858710710862,0.0,0.48770150431298154,0.9899799599198397,1.0,1.6481438865986262,instance,random_kDN_top25
1,0.0,0.0,0.01851851851851849,0.7692307692307693,0.6128638951238616,0.0,0.4308820796798949,0.9859719438877755,1.0,1.4351654876296762,instance,random_kDN_top25
1,0.0,0.0,0.9139784946236559,0.46153846153846156,0.5363535036621637,0.0,0.4658996846452481,0.9899799599198397,1.0,0.4891596579388441,instance,random_kDN_top25
1,0.33333333333333337,0.0,0.04761904761904767,0.7692307692307693,0.5021297067926807,0.0,0.41605750295592125,0.969939879759519,1.0,0.5414383662265694,instance,random_kDN_top25
1,0.0,0.0,0.06666666666666665,0.38461538461538464,0.04900531547775805,0.0,0.46144994733052125,0.9839679358717435,0.92,1.1971310863445452,instance,random_kDN_top25
1,0.0,0.0,0.01851851851851849,0.7692307692307693,0.007706752233756775,0.0,0.40400181054136497,0.8196392785571143,1.0,1.7970574229782306,instance,random_kDN_top25
1,0.0,0.0,0.04761904761904767,0.7692307692307693,0.37701772756621243,0.0,0.47618971569533763,0.9719438877755511,1.0,0.22103259857107468,instance,random_kDN_top25
1,0.0,0.0,0.01851851851851849,0.7692307692307693,0.007714184299001836,0.0,0.45629809684440703,0.9338677354709419,0.96,2.1934125666481594,instance,random_kDN_top25
1,0.33333333333333337,0.2,0.04761904761904767,0.7692307692307693,0.538111513949245,0.75,0.5032580092136538,1.0,1.0,0.07048870672071499,instance,random_kDN_top25
1,0.5833333333333333,0.2,0.09090909090909094,0.46153846153846156,0.01050280773651302,0.5,0.4641903468888683,0.9939879759519038,1.0,0.5301659705816606,instance,random_kDN_top25
1,0.0,0.0,0.01851851851851849,0.7692307692307693,0.48582988649969105,0.0,0.47324417656300044,0.9839679358717435,1.0,0.9345136938637159,instance,random_kDN_top25
1,0.0,0.4,0.01851851851851849,0.7692307692307693,0.01947876664620346,1.0,0.5354719790859583,1.0,1.0,1.1729501186957954,instance,random_kDN_top25
1,0.0,0.0,0.04761904761904767,0.6923076923076923,0.02723636286217307,0.0,0.3677182915751971,0.8937875751503006,1.0,1.9385713978921149,instance,random_kDN_top25
1,0.5,0.6,0.19999999999999996,0.46153846153846156,0.8055634772835043,0.0,0.4821064621586423,0.9979959919839679,1.0,0.1380656492848883,instance,random_kDN_top25
1,0.0,0.0,0.01851851851851849,0.7692307692307693,0.007716632646837085,0.0,0.4223794529659036,0.9579158316633266,1.0,2.0331162330438874,instance,random_kDN_top25
1,0.25,0.2,0.07407407407407407,0.46153846153846156,0.6716217575355186,0.6,0.5130546100736346,1.0,1.0,0.28891136992959116,instance,random_kDN_top25
1,0.0,0.0,0.01851851851851849,0.7692307692307693,0.0077095299163269515,0.0,0.4389512216925683,0.8937875751503006,0.96,1.7308209198131173,instance,random_kDN_top25
1,0.4444444444444444,0.4,0.96,1.0,0.7181383542565856,0.5,0.48196792182715154,0.9979959919839679,1.0,0.81569135569414,instance,random_kDN_top25
1,0.0,0.0,0.01851851851851849,0.7692307692307693,0.007756777793747893,0.0,0.43338893104038456,0.9198396793587175,1.0,3.068700097860122,instance,random_kDN_top25
1,0.0,0.0,0.01851851851851849,0.7692307692307693,0.007817236057396981,0.0,0.36605645615182436,0.8617234468937875,0.96,1.9508174279924797,instance,random_kDN_top25
1,0.16666666666666663,0.2,0.9139784946236559,0.6923076923076923,0.8464153161984441,0.0,0.4773370056820331,0.9919839679358717,1.0,0.4452463019075205,instance,random_kDN_top25
1,0.0,0.2,0.8709677419354839,0.5384615384615384,0.7072203001074385,0.0,0.48754918359963095,0.9959919839679359,0.96,0.3190839482377412,instance,random_kDN_top25
1,0.0,0.0,0.01851851851851849,0.7692307692307693,0.007706739149895836,0.0,0.379112056198473,0.9138276553106213,1.0,1.7575388184865346,instance,random_kDN_top25
1,0.8,0.6,0.36363636363636365,0.5384615384615384,0.6852955542534275,0.0,0.4701612040989064,0.9979959919839679,1.0,0.006155570845481976,instance,random_kDN_top25
1,0.0,0.0,0.04761904761904767,0.7692307692307693,0.019971252484608126,0.0,0.42222580389111,0.9719438877755511,0.96,0.8926268631929878,instance,random_kDN_top25
1,0.0,0.0,0.0,0.5384615384615384,0.010807647076729765,0.0,0.4097004529651943,0.9519038076152304,1.0,1.4596239890380684,instance,random_kDN_top25
1,0.0,0.0,0.01851851851851849,0.7692307692307693,0.42172142180328887,0.0,0.45897159999765025,0.9859719438877755,0.88,1.61563011429552,instance,random_kDN_top25
1,0.0,0.0,0.01851851851851849,0.7692307692307693,0.007706739149895836,0.0,0.38864602798141257,0.8496993987975952,1.0,1.9123163184876355,instance,random_kDN_top25
1,0.19999999999999996,0.4,0.09090909090909094,0.46153846153846156,0.7602876692411066,0.0,0.48289471022859065,0.9979959919839679,1.0,0.49395146891699776,instance,random_kDN_top25
1,0.0,0.0,0.01851851851851849,0.7692307692307693,0.010354329603569745,0.0,0.4240402266790311,0.9879759519038076,1.0,1.0665828534961004,instance,random_kDN_top25
1,0.125,0.0,0.01851851851851849,0.7692307692307693,0.007706766358857586,0.0,0.364740435944265,0.8496993987975952,1.0,2.246804484058256,instance,random_kDN_top25
1,0.0714285714285714,0.6,0.01851851851851849,0.7692307692307693,0.7875463403549416,0.5,0.5186044464848225,1.0,1.0,0.0935954322141663,instance,random_kDN_top25
1,0.0,0.2,0.01851851851851849,0.7692307692307693,0.01574646967254162,0.0,0.4751135901839153,0.9959919839679359,1.0,1.7834358145190652,instance,random_kDN_top25
1,0.0,0.0,0.04761904761904767,0.6923076923076923,0.007845266815508789,0.0,0.37468734690906536,0.9378757515030061,1.0,1.725027585406318,instance,random_kDN_top25
1,0.0,0.0,0.01851851851851849,0.7692307692307693,0.00848835312628149,0.0,0.4164194575593452,0.9278557114228457,1.0,1.4425133439586246,instance,random_kDN_top25
1,0.0714285714285714,0.4,0.19999999999999996,0.46153846153846156,0.8263020083335977,0.0,0.4803012902146703,0.9959919839679359,1.0,-0.13188891146511927,instance,random_kDN_top25
1,0.09999999999999998,0.2,0.09090909090909094,0.46153846153846156,0.14428721966884345,0.5,0.5165696203914559,1.0,1.0,0.8510470946891721,instance,random_kDN_top25
1,0.16666666666666663,0.2,0.04761904761904767,0.6923076923076923,0.10066983156325876,0.0,0.45048939356228845,0.9939879759519038,1.0,0.47230714438392224,instance,random_kDN_top25
1,0.0,0.0,0.07407407407407407,0.46153846153846156,0.007708239145421736,0.0,0.4386182373095934,0.9579158316633266,0.84,1.7453575425432335,instance,random_kDN_top25
1,0.09090909090909094,0.0,0.04761904761904767,0.7692307692307693,0.016028114691739592,0.0,0.4471903384120989,0.9839679358717435,1.0,1.5705728210275756,instance,random_kDN_top25
1,0.0,0.0,0.01851851851851849,0.7692307692307693,0.009668055544439835,0.0,0.4533954454879038,0.9839679358717435,1.0,0.9357437230979287,instance,random_kDN_top25
1,0.0,0.0,0.2222222222222222,0.6153846153846154,0.018043540705065086,0.0,0.42018820853967287,0.9719438877755511,1.0,0.6103422619574611,instance,random_kDN_top25
1,0.0,0.2,0.04761904761904767,0.7692307692307693,0.014767877032712817,0.14285714285714285,0.5131012069621939,1.0,1.0,1.1094551908368617,instance,random_kDN_top25
1,0.16666666666666663,0.0,0.04761904761904767,0.7692307692307693,0.23236424841195374,0.0,0.4673391234331301,0.9799599198396793,1.0,0.3057587557802065,instance,random_kDN_top25
1,0.0,0.0,0.01851851851851849,0.7692307692307693,0.019886506352437716,0.0,0.4400798916459219,0.9478957915831663,1.0,0.8257246405822642,instance,random_kDN_top25
1,0.0,0.0,0.0,0.5384615384615384,0.008145979710171558,0.0,0.4473777892216668,0.969939879759519,1.0,1.4235387094595489,instance,random_kDN_top25
1,0.0,0.0,0.07407407407407407,0.46153846153846156,0.19117640530430818,0.0,0.4336584682878075,0.9839679358717435,0.92,0.2849474215091925,instance,random_kDN_top25
1,0.0,0.2,0.04761904761904767,0.7692307692307693,0.759593309174384,0.0,0.48733234089784594,0.9959919839679359,0.96,-0.01994360045256684,instance,random_kDN_top25
1,0.0,0.0,0.06666666666666665,0.46153846153846156,0.007709791438944458,0.0,0.4498191268813816,0.9438877755511021,0.92,1.2434762705990559,instance,random_kDN_top25
1,0.0,0.0,0.06666666666666665,0.46153846153846156,0.6242483129504157,0.0,0.47033798259435644,0.9819639278557114,1.0,-0.4378894487885129,instance,random_kDN_top25
1,0.0,0.0,0.04761904761904767,0.7692307692307693,0.007905202527197286,0.0,0.4503591996453328,0.9679358717434869,1.0,0.9759331519505207,instance,random_kDN_top25
1,0.0,0.0,0.01851851851851849,0.7692307692307693,0.00770720700115185,0.0,0.37306096673671363,0.9519038076152304,1.0,1.2841908587368247,instance,random_kDN_top25
1,0.0,0.0,0.04761904761904767,0.6923076923076923,0.014518398182306158,0.0,0.4709154975081782,0.9859719438877755,1.0,1.8496667457443288,instance,random_kDN_top25
1,0.0,0.0,0.04761904761904767,0.7692307692307693,0.02853162103446738,0.0,0.43393914970917635,0.9338677354709419,1.0,0.9593193457296307,instance,random_kDN_top25
1,0.0,0.0,0.01851851851851849,0.7692307692307693,0.007706739149895836,0.0,0.39601164910468023,0.9639278557114228,1.0,0.6802952681983288,instance,random_kDN_top25
1,0.0,0.2,0.01851851851851849,0.7692307692307693,0.009695123397239769,0.0,0.4168746530512907,0.9919839679358717,0.96,1.2477317371358196,instance,random_kDN_top25
1,0.0,0.0,0.01851851851851849,0.7692307692307693,0.007734088214537582,0.0,0.4681586114033003,0.9779559118236473,1.0,1.1881113583596035,instance,random_kDN_top25
1,0.19999999999999996,0.0,0.01851851851851849,0.7692307692307693,0.6940490480254212,0.0,0.458023148030541,0.9899799599198397,1.0,1.171463490559645,instance,random_kDN_top25
1,0.0,0.0,0.01851851851851849,0.7692307692307693,0.007721281252367873,0.0,0.4197603054300971,0.8557114228456913,1.0,1.7609218479364257,instance,random_kDN_top25
1,0.09090909090909094,0.0,0.01851851851851849,0.7692307692307693,0.015727788592707348,0.0,0.3976236656919261,0.9639278557114228,1.0,1.5012144835646328,instance,random_kDN_top25
1,0.5833333333333333,0.2,0.01851851851851849,0.7692307692307693,0.016510316883638687,0.0,0.48572172922845125,0.9939879759519038,1.0,1.128204013026285,instance,random_kDN_top25
1,0.0,0.0,0.01851851851851849,0.7692307692307693,0.0190808093820527,0.0,0.41148869559319257,0.9739478957915831,1.0,0.7515864407656583,instance,random_kDN_top25
1,0.0,0.0,0.01851851851851849,0.7692307692307693,0.2643839163097268,0.0,0.4606126780115968,0.9739478957915831,0.96,1.3020008966588905,instance,random_kDN_top25
1,0.0,0.0,0.04761904761904767,0.7692307692307693,0.01128351136940281,0.0,0.38969810383476067,0.9198396793587175,1.0,1.336479103749738,instance,random_kDN_top25
1,0.0,0.2,0.0,0.5384615384615384,0.008629397743614153,0.0,0.42332256216159236,0.9939879759519038,0.96,1.0505832361472545,instance,random_kDN_top25
1,0.25,0.2,0.9139784946236559,0.6923076923076923,0.06741426261649652,1.0,0.5134159186154224,1.0,1.0,0.25216039225640846,instance,random_kDN_top25
1,0.0,0.0,0.06666666666666665,0.46153846153846156,0.21844712969119096,0.0,0.46114663275357237,0.9819639278557114,1.0,0.4346147093900316,instance,random_kDN_top25
1,0.0,0.0,0.01851851851851849,0.7692307692307693,0.007978984225302965,0.0,0.3368094769470322,0.9338677354709419,1.0,1.20049252455917,instance,random_kDN_top25
1,0.19999999999999996,0.4,0.01851851851851849,0.7692307692307693,0.5097984007164253,0.2857142857142857,0.49416879723876384,0.9979959919839679,1.0,0.09696017707004484,instance,random_kDN_top25
1,0.0,0.0,0.01851851851851849,0.7692307692307693,0.01554915936066481,0.0,0.4070236295141285,0.9639278557114228,1.0,1.849772581575931,instance,random_kDN_top25
1,0.0,0.0,0.04761904761904767,0.8461538461538461,0.06170678072712005,0.0,0.36789260966318815,0.9478957915831663,1.0,1.6043229611595742,instance,random_kDN_top25
1,0.0,0.2,0.04761904761904767,0.7692307692307693,0.8528826993054027,0.0,0.4871049315907712,0.9959919839679359,0.96,-0.4849659452750316,instance,random_kDN_top25
1,0.0,0.0,0.0,0.38461538461538464,0.06328296875506995,0.0,0.4309928403981883,0.9899799599198397,1.0,1.6442814287931697,instance,random_kDN_top25
1,0.0,0.0,0.04761904761904767,0.7692307692307693,0.008482288035960628,0.0,0.45192916434093855,0.9559118236472945,1.0,1.2998947389971145,instance,random_kDN_top25
1,0.09090909090909094,0.0,0.01851851851851849,0.7692307692307693,0.02138820220704518,0.0,0.45004153375946543,0.9719438877755511,1.0,1.4419672269836339,instance,random_kDN_top25
1,0.0714285714285714,0.0,0.19999999999999996,0.46153846153846156,0.033799756655961744,0.0,0.46978443820139926,0.9859719438877755,0.96,0.979467361765247,instance,random_kDN_top25
1,0.0,0.0,0.9139784946236559,0.6923076923076923,0.7524366326294568,0.0,0.4801713511405785,0.9899799599198397,1.0,0.5095430198935998,instance,random_kDN_top25
1,0.125,0.4,0.96,0.8461538461538461,0.6670815649689419,0.0,0.4938008596224641,0.9979959919839679,1.0,0.6308543652780534,instance,random_kDN_top25
1,0.0,0.0,0.01851851851851849,0.7692307692307693,0.009997845325586341,0.0,0.4245045135505505,0.9679358717434869,1.0,0.6381398150912053,instance,random_kDN_top25
1,0.0,0.0,0.25,0.46153846153846156,0.00806621988259515,0.0,0.338840046924195,0.969939879759519,0.96,0.8928184789296011,instance,random_kDN_top25
1,0.0,0.0,0.04761904761904767,0.7692307692307693,0.02370003496606682,0.0,0.40386993423668927,0.9539078156312625,1.0,1.423906111281695,instance,random_kDN_top25
1,0.7272727272727273,0.6,0.96,0.8461538461538461,0.8526059947936485,0.5,0.48570243230047827,0.9959919839679359,1.0,-0.7847217373742088,instance,random_kDN_top25
1,0.0,0.0,0.01851851851851849,0.7692307692307693,0.0077067653677177494,0.0,0.4301899665355646,0.9458917835671343,0.84,2.0379751934602126,instance,random_kDN_top25
1,0.0,0.0,0.04761904761904767,0.7692307692307693,0.00827914040556621,0.0,0.3894089093994456,0.9118236472945892,1.0,1.577866884379298,instance,random_kDN_top25
1,0.0,0.0,0.01851851851851849,0.7692307692307693,0.0079923161288451,0.0,0.3545380740117954,0.9218436873747495,0.96,1.3213578819285288,instance,random_kDN_top25
1,0.125,0.0,0.01851851851851849,0.7692307692307693,0.20118382787402622,0.0,0.4410811278998168,0.9659318637274549,1.0,0.8510894877017922,instance,random_kDN_top25
1,0.0,0.0,0.04761904761904767,0.7692307692307693,0.01192104462021637,0.0,0.42769454341853874,0.9659318637274549,1.0,1.7440466452697205,instance,random_kDN_top25
1,0.0,0.0,0.01851851851851849,0.7692307692307693,0.007771990450119504,0.0,0.46159509392154197,0.9599198396793587,1.0,1.8040037624927747,instance,random_kDN_top25
1,0.0,0.2,0.01851851851851849,0.7692307692307693,0.08371054179139703,0.0,0.48311997352826463,0.9919839679358717,1.0,0.8110681632831068,instance,random_kDN_top25
1,0.0,0.0,0.04761904761904767,0.7692307692307693,0.007856369438554611,0.0,0.4232286407512047,0.9418837675350702,1.0,1.7020070135411083,instance,random_kDN_top25
1,0.19999999999999996,0.0,0.01851851851851849,0.7692307692307693,0.54521127420558,0.3333333333333333,0.4021525585339989,0.9839679358717435,1.0,0.4556875834605386,instance,random_kDN_top25
1,0.25,0.0,0.04761904761904767,0.7692307692307693,0.012782357106704334,0.0,0.44620752236954486,0.9799599198396793,1.0,1.5770533547026997,instance,random_kDN_top25
1,0.8,0.4,0.36363636363636365,0.5384615384615384,0.18497256662881695,0.5,0.5059401084332558,1.0,1.0,0.3055163085778335,instance,random_kDN_top25
1,0.0,0.0,0.04761904761904767,0.8461538461538461,0.007706927562601995,0.0,0.3638010937313939,0.8056112224448898,0.92,2.2984353088701353,instance,random_kDN_top25
1,0.0,0.0,0.0,0.5384615384615384,0.010994640703172187,0.0,0.4577915070381613,0.969939879759519,1.0,0.922034072240005,instance,random_kDN_top25
1,0.16666666666666663,0.8,0.06666666666666665,0.38461538461538464,0.7904808395819944,0.75,0.5537873503067989,1.0,1.0,-0.17632589924371725,instance,random_kDN_top25
1,0.0,0.2,0.06666666666666665,0.38461538461538464,0.1999818762978493,0.0,0.4628183608126186,0.9959919839679359,1.0,-0.4902005065336171,instance,random_kDN_top25
1,0.0,0.0,0.01851851851851849,0.7692307692307693,0.024122722769908567,0.0,0.43417411889674606,0.9799599198396793,1.0,0.7489674161247072,instance,random_kDN_top25
1,0.0,0.0,0.01851851851851849,0.7692307692307693,0.010305799235890922,0.0,0.3667806567814721,0.9158316633266533,1.0,1.2720237682325826,instance,random_kDN_top25
1,0.8888888888888888,0.4,0.04761904761904767,0.7692307692307693,0.8355782059026751,0.0,0.46256242919201573,0.9939879759519038,1.0,0.3041900523388729,instance,random_kDN_top25
1,0.0,0.0,0.07407407407407407,0.46153846153846156,0.007844109256580079,0.0,0.4596967984062875,0.9819639278557114,0.92,0.8190855421726229,instance,random_kDN_top25
1,0.0,0.0,0.04761904761904767,0.7692307692307693,0.008739936484203015,0.0,0.4148075038995337,0.9418837675350702,1.0,1.1028656169859532,instance,random_kDN_top25
1,0.09999999999999998,0.2,0.04761904761904767,0.7692307692307693,0.00801583559061525,0.0,0.47570967956296095,0.9959919839679359,0.96,0.8330201976069911,instance,random_kDN_top25
1,0.0,0.4,0.0,0.46153846153846156,0.45484221531495794,0.0,0.42126722276949624,0.9959919839679359,0.88,-0.5220640525076375,instance,random_kDN_top25
1,0.25,0.0,0.07407407407407407,0.46153846153846156,0.7134538747518189,0.0,0.433517925449455,0.9779559118236473,1.0,0.5016382404509612,instance,random_kDN_top25
1,0.25,0.2,0.01851851851851849,0.7692307692307693,0.08184384975798425,0.0,0.48651107860159293,0.9939879759519038,1.0,0.8321856201618627,instance,random_kDN_top25
1,0.0,0.2,0.01851851851851849,0.7692307692307693,0.00977517593240923,0.0,0.47633201867824637,0.9979959919839679,1.0,1.559139886955284,instance,random_kDN_top25
1,0.0,0.0,0.01851851851851849,0.7692307692307693,0.007706739223357295,0.0,0.45291033120740476,0.9859719438877755,1.0,1.198044979980362,instance,random_kDN_top25
1,0.0,0.6,0.96,0.8461538461538461,0.848481932563771,1.0,0.5349879146866376,1.0,1.0,-0.3502091022194799,instance,random_kDN_top25
1,0.0,0.0,0.01851851851851849,0.7692307692307693,0.007706741605849499,0.0,0.4217703757884911,0.9519038076152304,1.0,1.463904237970572,instance,random_kDN_top25
1,0.8333333333333334,0.4,0.04761904761904767,0.7692307692307693,0.23263546904362042,0.25,0.516874693510132,1.0,1.0,0.6017663127121589,instance,random_kDN_top25
1,0.0,0.0,0.04761904761904767,0.7692307692307693,0.031028251027523268,0.0,0.4162501926598442,0.9899799599198397,0.92,0.9229710533115862,instance,random_kDN_top25
1,0.125,0.0,0.01851851851851849,0.7692307692307693,0.007736896381160485,0.0,0.45424046641519966,0.9899799599198397,0.88,0.9804195976824542,instance,random_kDN_top25
1,0.0714285714285714,0.2,0.07407407407407407,0.46153846153846156,0.007706791040072436,0.0,0.47949786463480715,0.9919839679358717,1.0,0.28430710838628237,instance,random_kDN_top25
1,0.16666666666666663,0.4,0.06666666666666665,0.46153846153846156,0.281891147366608,0.0,0.46812013618459525,0.9979959919839679,1.0,0.09037781137327755,instance,random_kDN_top25
1,0.0,0.0,0.04761904761904767,0.7692307692307693,0.00971383745711668,0.0,0.41062575363453657,0.9438877755511021,1.0,1.411340786984355,instance,random_kDN_top25
1,0.0,0.0,0.01851851851851849,0.7692307692307693,0.2294272106745322,0.0,0.41354310527889615,0.9438877755511021,1.0,0.7782677367303896,instance,random_kDN_top25
1,0.0,0.0,0.96,0.6153846153846154,0.009885390479771161,0.0,0.44023144508534207,0.9719438877755511,0.96,1.564115590017493,instance,random_kDN_top25
1,0.0,0.0,0.0,0.5384615384615384,0.008671687341082368,0.0,0.45428035591627847,0.9799599198396793,1.0,0.5111098958535183,instance,random_kDN_top25
1,0.0,0.0,0.04761904761904767,0.7692307692307693,0.007721537342781304,0.0,0.3952255633481817,0.8817635270541082,1.0,1.925466137413248,instance,random_kDN_top25
1,0.0,0.0,0.01851851851851849,0.7692307692307693,0.007725002273753667,0.0,0.4173613675311858,0.9478957915831663,1.0,1.4644630013279747,instance,random_kDN_top25
1,0.4,0.2,0.2222222222222222,0.6153846153846154,0.6805468254761399,0.0,0.47534048490549186,0.9939879759519038,1.0,-0.10502556394404519,instance,random_kDN_top25
1,0.0,0.0,0.01851851851851849,0.7692307692307693,0.01017961219352248,0.0,0.3602663589489099,0.8557114228456913,0.96,2.0352423071349213,instance,random_kDN_top25
1,0.0,0.4,0.06666666666666665,0.46153846153846156,0.3284259186825548,0.0,0.47457322074741215,0.9979959919839679,1.0,0.5248719547496613,instance,random_kDN_top25
1,0.0,0.0,0.0,0.46153846153846156,0.007902596957757357,0.0,0.4676972820174007,0.9879759519038076,1.0,1.6275112400997196,instance,random_kDN_top25
1,0.0,0.0,0.04761904761904767,0.7692307692307693,0.01054361201921844,0.0,0.4181143320385423,0.9198396793587175,1.0,1.7514480629772606,instance,random_kDN_top25
1,0.0,0.0,0.01851851851851849,0.7692307692307693,0.5268059749871233,0.0,0.4172685663826916,0.9579158316633266,1.0,1.5619121897707595,instance,random_kDN_top25
1,0.0,0.6,0.01851851851851849,0.7692307692307693,0.829469463282046,1.0,0.5047428140110786,1.0,1.0,1.0965587118032987,instance,random_kDN_top25
1,0.0,0.0,0.01851851851851849,0.7692307692307693,0.36857297125334154,0.0,0.42940989114029815,0.9418837675350702,1.0,1.5045605224420544,instance,random_kDN_top25
1,0.0,0.0,0.01851851851851849,0.7692307692307693,0.008186580639303442,0.0,0.40519568686827934,0.9559118236472945,1.0,1.4359589800849761,instance,random_kDN_top25
1,0.0,0.0,0.0,0.38461538461538464,0.19884512185740022,0.0,0.45846302260789096,0.9899799599198397,1.0,1.3014282233110566,instance,random_kDN_top25
1,0.0,0.0,0.04761904761904767,0.7692307692307693,0.008650017360952389,0.0,0.4406795700837286,0.9418837675350702,1.0,0.9757716052536958,instance,random_kDN_top25
1,0.0,0.0,0.25,0.46153846153846156,0.008677874946723563,0.0,0.3971224112793563,0.9759519038076152,1.0,1.1271222938903325,instance,random_kDN_top25
1,0.0,0.0,0.01851851851851849,0.7692307692307693,0.007708158592766634,0.0,0.416540837978141,0.9458917835671343,1.0,1.5284805827672876,instance,random_kDN_top25
1,0.0,0.4,0.96,0.6153846153846154,0.4502358715862159,0.0,0.46144680228972856,0.9959919839679359,0.96,0.1571950699633128,instance,random_kDN_top25
1,0.0,0.2,0.07407407407407407,0.46153846153846156,0.008501728839657996,0.0,0.4915549687435775,0.9979959919839679,0.96,1.0450635756625488,instance,random_kDN_top25
1,0.7272727272727273,0.2,0.01851851851851849,0.7692307692307693,0.7798948852523118,0.0,0.43686432280052245,0.9919839679358717,1.0,-0.1650655109157456,instance,random_kDN_top25
1,0.0,0.0,0.04761904761904767,0.7692307692307693,0.007748649169940669,0.0,0.3481309380593858,0.8236472945891784,0.96,2.444843318089509,instance,random_kDN_top25
1,0.33333333333333337,0.0,0.04761904761904767,0.7692307692307693,0.8158406528292595,0.0,0.4526931446688033,0.9899799599198397,1.0,0.17136378143675796,instance,random_kDN_top25
1,0.0,0.2,0.04761904761904767,0.7692307692307693,0.846483147032763,0.0,0.41260200647553646,0.9919839679358717,0.96,-0.3005720852914511,instance,random_kDN_top25
1,0.0,0.0,0.04761904761904767,0.7692307692307693,0.011018928197477573,0.0,0.3354160191340797,0.9078156312625251,0.96,2.4484566206355165,instance,random_kDN_top25
1,0.0,0.0,0.04761904761904767,0.7692307692307693,0.3547832688356526,0.0,0.46018957311310205,0.9779559118236473,1.0,1.1468603850545973,instance,random_kDN_top25
1,0.0,0.0,0.01851851851851849,0.7692307692307693,0.007706739151062736,0.0,0.3855504136028628,0.9238476953907816,0.96,0.937881778110371,instance,random_kDN_top25
1,0.0,0.0,0.0,0.5384615384615384,0.0077067543515888515,0.0,0.4366509332861418,0.9138276553106213,0.96,2.0577802567649752,instance,random_kDN_top25
1,0.0,0.0,0.36363636363636365,0.5384615384615384,0.007706739149895836,0.0,0.428318454300572,0.9779559118236473,0.92,0.5790308510936185,instance,random_kDN_top25
1,0.0,0.0,0.04761904761904767,0.7692307692307693,0.6738080907685853,0.0,0.4391622856294286,0.969939879759519,1.0,0.8220793113166646,instance,random_kDN_top25
1,0.0,0.0,0.06666666666666665,0.38461538461538464,0.5522563152340935,0.0,0.4415024882088828,0.9819639278557114,1.0,0.2168780327793665,instance,random_kDN_top25
1,0.125,0.0,0.01851851851851849,0.7692307692307693,0.007731596767277249,0.0,0.4326078334425455,0.9659318637274549,0.96,1.6973742355818553,instance,random_kDN_top25
1,0.0,0.0,0.95,0.23076923076923078,0.5654141544518653,0.0,0.4642012795001291,0.9659318637274549,0.96,1.4878267948903316,instance,random_kDN_top25
1,0.0,0.4,0.01851851851851849,0.7692307692307693,0.04041947612049418,0.5,0.482229766963718,0.9979959919839679,1.0,0.5427842293567453,instance,random_kDN_top25
1,0.0,0.0,0.01851851851851849,0.7692307692307693,0.5527934705278444,0.0,0.41786325346678077,0.9739478957915831,1.0,0.9546574713421888,instance,random_kDN_top25
1,0.0,0.6,0.19999999999999996,0.46153846153846156,0.8381451832619855,0.25,0.503803252952411,1.0,1.0,-0.2778790334932417,instance,random_kDN_top25
1,0.0,0.0,0.04761904761904767,0.7692307692307693,0.007945192227119313,0.0,0.42048177782149876,0.9238476953907816,1.0,1.3730115983241673,instance,random_kDN_top25
1,0.0,0.2,0.04761904761904767,0.7692307692307693,0.7302825755567831,0.3333333333333333,0.4917726220745633,0.9979959919839679,1.0,0.48064674887366554,instance,random_kDN_top25
1,0.0,0.0,0.04761904761904767,0.7692307692307693,0.007754453445821152,0.0,0.3166245535154222,0.87374749498998,0.96,1.6807233138109514,instance,random_kDN_top25
1,0.33333333333333337,0.4,0.04761904761904767,0.7692307692307693,0.8447178680507457,0.0,0.4416513807938681,0.9959919839679359,1.0,-0.24720764479803048,instance,random_kDN_top25
1,0.0,0.0,0.01851851851851849,0.7692307692307693,0.010166152848735066,0.0,0.4383405925506103,0.969939879759519,0.96,1.075536478880201,instance,random_kDN_top25
1,0.0,0.2,0.19999999999999996,0.46153846153846156,0.007706739149985875,0.0,0.48251711358210103,0.9919839679358717,1.0,1.7365933776325517,instance,random_kDN_top25
1,0.0,0.0,0.06666666666666665,0.46153846153846156,0.007707879280223762,0.0,0.38432629840470356,0.9659318637274549,0.92,0.8972702368972243,instance,random_kDN_top25
1,0.0,0.0,0.04761904761904767,0.7692307692307693,0.6100336363444191,0.0,0.4315437488902444,0.9679358717434869,0.92,0.8716101829655015,instance,random_kDN_top25
1,0.0,0.0,0.01851851851851849,0.7692307692307693,0.007729622244642909,0.0,0.4103573012408859,0.8436873747494991,1.0,1.9053781723869327,instance,random_kDN_top25
1,0.0,0.0,0.04761904761904767,0.7692307692307693,0.018454932577970706,0.0,0.42716650228071806,0.9438877755511021,1.0,0.6478898582254401,instance,random_kDN_top25
1,0.6666666666666667,0.4,0.2222222222222222,0.6153846153846154,0.6455845922443433,0.0,0.4367170901273366,0.9959919839679359,1.0,0.4160591261128764,instance,random_kDN_top25
1,0.0,0.0,0.04761904761904767,0.7692307692307693,0.022175954831922584,0.0,0.38165670760172055,0.9438877755511021,1.0,1.466776430620517,instance,random_kDN_top25
1,0.0,0.0,0.06666666666666665,0.46153846153846156,0.008044853548883901,0.0,0.39321989838954374,0.8476953907815631,1.0,1.8209916943726678,instance,random_kDN_top25
1,0.0,0.0,0.04761904761904767,0.7692307692307693,0.00886423400600711,0.0,0.39457348814108617,0.9338677354709419,1.0,2.327203101064256,instance,random_kDN_top25
1,0.0,0.0,0.04761904761904767,0.7692307692307693,0.00772480995457947,0.0,0.3904313793079369,0.9579158316633266,0.88,1.0771743540110255,instance,random_kDN_top25
1,0.0,0.0,0.04761904761904767,0.7692307692307693,0.013771159023373891,0.0,0.41081825213019474,0.9418837675350702,1.0,0.48756735254472766,instance,random_kDN_top25
1,0.0,0.0,0.04761904761904767,0.7692307692307693,0.03319902345847375,0.0,0.4655194730781387,0.9799599198396793,1.0,0.24997824342286198,instance,random_kDN_top25
1,0.0,0.2,0.01851851851851849,0.7692307692307693,0.09197794063110099,0.5,0.5011399866444233,1.0,1.0,1.1122076692645895,instance,random_kDN_top25
1,0.0,0.0,0.01851851851851849,0.7692307692307693,0.0077095181612246155,0.0,0.41299567580616536,0.9438877755511021,0.96,2.1664991644273512,instance,random_kDN_top25
1,0.0,0.4,0.01851851851851849,0.7692307692307693,0.03758147308350246,0.0,0.476830260085811,0.9959919839679359,1.0,0.7537777385840088,instance,random_kDN_top25
1,0.0,0.0,0.04761904761904767,0.7692307692307693,0.007713518124848773,0.0,0.38591238623849367,0.9018036072144289,0.92,1.6889968953364167,instance,random_kDN_top25
1,0.0,0.0,0.04761904761904767,0.6923076923076923,0.04842146989727364,0.0,0.44899239018828485,0.9759519038076152,1.0,1.498374121009184,instance,random_kDN_top25
1,0.5833333333333333,0.0,0.01851851851851849,0.7692307692307693,0.47858350993699306,0.0,0.4602041095173761,0.9859719438877755,1.0,1.1121097640775919,instance,random_kDN_top25
1,0.0,0.0,0.04761904761904767,0.7692307692307693,0.008054356713650734,0.0,0.3540595071971554,0.8677354709418837,1.0,1.783223880433496,instance,random_kDN_top25
1,0.0,0.4,0.01851851851851849,0.8461538461538461,0.33615704678664804,0.3333333333333333,0.5014668596397484,1.0,1.0,-0.06784648142103158,instance,random_kDN_top25
1,0.0,0.0,0.04761904761904767,0.7692307692307693,0.007861582078631746,0.0,0.4067611695538057,0.9438877755511021,1.0,1.5631705940332494,instance,random_kDN_top25
1,0.0,0.0,0.01851851851851849,0.7692307692307693,0.012913247406518558,0.0,0.41704680880372236,0.9799599198396793,1.0,1.2925654640224347,instance,random_kDN_top25
1,0.0,0.0,0.01851851851851849,0.7692307692307693,0.008204184251044688,0.0,0.4053180740809996,0.9458917835671343,1.0,1.0402142336426918,instance,random_kDN_top25
1,0.0,0.2,0.04761904761904767,0.6923076923076923,0.09912879882290698,0.0,0.49823490030152784,0.9959919839679359,1.0,0.29808112900390665,instance,random_kDN_top25
1,0.125,0.0,0.04761904761904767,0.7692307692307693,0.01899567359143922,0.0,0.46209702794684515,0.9779559118236473,1.0,1.6808595799120498,instance,random_kDN_top25
1,0.0,0.0,0.01851851851851849,0.7692307692307693,0.22531635453474058,0.0,0.440822401847376,0.9559118236472945,1.0,1.140271364911383,instance,random_kDN_top25
1,0.0,0.0,0.01851851851851849,0.7692307692307693,0.007706740734037765,0.0,0.43284102253755796,0.8877755511022044,0.88,2.0526744515433935,instance,random_kDN_top25
1,0.0,0.0,0.04761904761904767,0.7692307692307693,0.8032238853222502,0.0,0.43685301806453836,0.969939879759519,1.0,0.6679871417020188,instance,random_kDN_top25
1,0.0,0.0,0.01851851851851849,0.8461538461538461,0.0077182820444852696,0.0,0.39811050115573265,0.9298597194388778,1.0,1.2468493213057612,instance,random_kDN_top25
1,0.0,0.0,0.04761904761904767,0.7692307692307693,0.009702844482525563,0.0,0.4202884939806004,0.9378757515030061,1.0,2.2052289183456772,instance,random_kDN_top25
1,0.19999999999999996,0.0,0.01851851851851849,0.7692307692307693,0.0801318412582469,0.0,0.44838227113386897,0.9739478957915831,1.0,0.767076999886759,instance,random_kDN_top25
1,0.0,0.0,0.01851851851851849,0.7692307692307693,0.10216846969962934,0.0,0.43799887505505364,0.9599198396793587,1.0,1.4134527602716993,instance,random_kDN_top25
1,0.0,0.0,0.01851851851851849,0.7692307692307693,0.007706739338917079,0.0,0.38542470948417384,0.9378757515030061,1.0,1.6092319890328075,instance,random_kDN_top25
1,0.0,0.0,0.01851851851851849,0.7692307692307693,0.02120651241717969,0.0,0.42386940648632077,0.9559118236472945,1.0,1.0910135632846631,instance,random_kDN_top25
1,0.0,0.0,0.06666666666666665,0.38461538461538464,0.00845848819906797,0.0,0.4327068307387978,0.9859719438877755,1.0,0.754878185627217,instance,random_kDN_top25
1,0.0,0.6,0.07407407407407407,0.46153846153846156,0.02137458994022834,0.0,0.4455758428052087,0.9959919839679359,1.0,0.6772914373230622,instance,random_kDN_top25
1,0.0,0.0,0.01851851851851849,0.7692307692307693,0.018240877037236036,0.0,0.4279348050142109,0.9659318637274549,1.0,1.1141336782246207,instance,random_kDN_top25
1,0.25,0.2,0.01851851851851849,0.7692307692307693,0.3739800554322562,0.0,0.48084028305980964,0.9959919839679359,1.0,0.6501838002253532,instance,random_kDN_top25
1,0.0,0.0,0.06666666666666665,0.38461538461538464,0.008933442868391317,0.0,0.42738059364320713,0.935871743486974,1.0,2.108788369101465,instance,random_kDN_top25
1,0.0,0.0,0.25,0.46153846153846156,0.00820079891969705,0.0,0.3488324396950021,0.9619238476953907,1.0,1.6445427498871916,instance,random_kDN_top25
1,0.0,0.0,0.04761904761904767,0.7692307692307693,0.007706739149895836,0.0,0.4377900198508169,0.9559118236472945,0.88,1.9770718348666876,instance,random_kDN_top25
1,0.0,0.0,0.25,0.46153846153846156,0.008109072360968028,0.0,0.4175357704365441,0.9819639278557114,1.0,1.4988892877479418,instance,random_kDN_top25
1,0.0,0.0,0.01851851851851849,0.7692307692307693,0.012206612914461012,0.0,0.4580382852301711,0.9859719438877755,1.0,1.2245147134518373,instance,random_kDN_top25
1,0.0,0.0,0.04761904761904767,0.7692307692307693,0.18381428445586295,0.0,0.46750975399783246,0.9859719438877755,1.0,0.5256515425303366,instance,random_kDN_top25
1,0.0,0.0,0.04761904761904767,0.7692307692307693,0.007708806004050495,0.0,0.39871528368017517,0.8416833667334669,0.96,2.0336303775185107,instance,random_kDN_top25
1,0.0,0.0,0.01851851851851849,0.7692307692307693,0.007964264537003829,0.0,0.4018401378098151,0.8817635270541082,1.0,1.7805279308191182,instance,random_kDN_top25
1,0.0,0.2,0.01851851851851849,0.8461538461538461,0.6522021868154788,0.0,0.4707511898532247,0.9919839679358717,1.0,0.9041893856392025,instance,random_kDN_top25
1,0.125,0.0,0.01851851851851849,0.7692307692307693,0.007767978272445131,0.0,0.4648968907502389,0.9478957915831663,0.96,1.320639232612428,instance,random_kDN_top25
1,0.0,0.0,0.06666666666666665,0.46153846153846156,0.007734752939352052,0.0,0.41641485421089475,0.9559118236472945,0.96,1.2285170671450079,instance,random_kDN_top25
1,0.0,0.0,0.04761904761904767,0.7692307692307693,0.048753990542663606,0.0,0.4793566295944762,0.9859719438877755,1.0,0.7753272717600325,instance,random_kDN_top25
1,0.0,0.0,0.01851851851851849,0.7692307692307693,0.16074791737106642,0.0,0.45515098190347303,0.9559118236472945,1.0,0.8094207063122006,instance,random_kDN_top25
1,0.0,0.0,0.01851851851851849,0.7692307692307693,0.008979229033454827,0.0,0.4691195618978886,0.9859719438877755,1.0,1.5236627820304887,instance,random_kDN_top25
1,0.0,0.2,0.01851851851851849,0.7692307692307693,0.013760770319009352,0.0,0.448470969940592,0.9919839679358717,1.0,1.4664041276450208,instance,random_kDN_top25
1,0.0,0.2,0.01851851851851849,0.7692307692307693,0.5556398127188634,0.0,0.4995257807964425,0.9979959919839679,1.0,0.8501000896925405,instance,random_kDN_top25
1,0.0,0.0,0.07407407407407407,0.46153846153846156,0.3217820681197129,0.0,0.4462716325101459,0.9839679358717435,0.96,0.6690960340852663,instance,random_kDN_top25
1,0.0714285714285714,0.0,0.01851851851851849,0.7692307692307693,0.3961136343292355,0.0,0.4591689027189094,0.9859719438877755,1.0,0.7150802464920701,instance,random_kDN_top25
1,0.0,0.2,0.04761904761904767,0.7692307692307693,0.8137527810367724,0.0,0.4532140807560554,0.9959919839679359,1.0,1.0143103095544939,instance,random_kDN_top25
1,0.0,0.0,0.07407407407407407,0.46153846153846156,0.009603762498335722,0.0,0.3883920633635226,0.9438877755511021,1.0,1.0295205347331553,instance,random_kDN_top25
1,0.0,0.0,0.04761904761904767,0.7692307692307693,0.018627599004500617,0.0,0.4273604640841828,0.9899799599198397,1.0,0.795108934238378,instance,random_kDN_top25
1,0.09090909090909094,0.0,0.01851851851851849,0.7692307692307693,0.00826905690242219,0.0,0.4321079540706403,0.9438877755511021,1.0,1.5219878228224315,instance,random_kDN_top25
1,0.0,0.0,0.36363636363636365,0.5384615384615384,0.00785599780751356,0.0,0.4351839031940151,0.9659318637274549,0.92,0.4862637660062887,instance,random_kDN_top25
1,0.0,0.4,0.04761904761904767,0.7692307692307693,0.009587855007168133,0.0,0.4935114268045413,0.9979959919839679,1.0,1.2297388293004297,instance,random_kDN_top25
1,0.125,0.2,0.01851851851851849,0.8461538461538461,0.7020395294456153,0.0,0.4906748811150434,0.9959919839679359,1.0,0.5309268344762355,instance,random_kDN_top25
1,0.0,0.0,0.04761904761904767,0.6923076923076923,0.017289169438381935,0.0,0.43491776256236914,0.9759519038076152,1.0,0.7193963317846654,instance,random_kDN_top25
1,0.125,0.0,0.01851851851851849,0.7692307692307693,0.007710209930606893,0.25,0.4255376179966843,0.9879759519038076,1.0,0.6170826755067895,instance,random_kDN_top25
1,0.25,0.6,0.8709677419354839,0.5384615384615384,0.8426836677400722,1.0,0.5233922539321083,1.0,1.0,0.05252801696956973,instance,random_kDN_top25
1,0.0,0.0,0.01851851851851849,0.7692307692307693,0.007771314179088107,0.0,0.3856077502985178,0.9458917835671343,1.0,1.918237466050854,instance,random_kDN_top25
1,0.0,0.0,0.01851851851851849,0.7692307692307693,0.008059921619108068,0.0,0.40420985807250553,0.9799599198396793,1.0,1.2735129761464774,instance,random_kDN_top25
1,0.19999999999999996,0.0,0.07407407407407407,0.46153846153846156,0.6926683678313463,0.25,0.4810982304896432,0.9899799599198397,1.0,0.005969492118857944,instance,random_kDN_top25
1,0.0,0.0,0.2222222222222222,0.6153846153846154,0.007706739149895836,0.0,0.4813536402673,0.9899799599198397,0.92,0.8354062172550668,instance,random_kDN_top25
1,0.0,0.0,0.04761904761904767,0.7692307692307693,0.00806968091638538,0.0,0.4353910284364084,0.9619238476953907,1.0,1.9311368685682226,instance,random_kDN_top25
1,0.0,0.0,0.25,0.46153846153846156,0.012368229312914258,0.0,0.4293944705793279,0.9679358717434869,1.0,1.3592101210975547,instance,random_kDN_top25
1,0.09999999999999998,0.0,0.01851851851851849,0.7692307692307693,0.007787174511094119,0.0,0.4695062211393932,0.9759519038076152,0.96,1.0556375147722992,instance,random_kDN_top25
1,0.0,0.0,0.01851851851851849,0.7692307692307693,0.007714556747466905,0.0,0.3634827773512903,0.8356713426853708,1.0,2.273517861306906,instance,random_kDN_top25
1,0.25,0.0,0.01851851851851849,0.7692307692307693,0.00989548423456127,0.0,0.425866179985007,0.969939879759519,1.0,1.364511343997029,instance,random_kDN_top25
