y,Hostility,kDN,DCP,TD_U,CLD,N1,N2,LSC,F1,L1,level,subset
0,0.37,0.35766666666666663,0.35658172282653167,0.36090277777777774,0.506787004176516,0.3625555555555556,0.4430818899798234,0.9902504173622705,0.986111111111111,0.10762209899888288,class,mutual_info_top6
1,0.05142857142857143,0.1672857142857143,0.15282073835422785,0.4023809523809524,0.21255827114778778,0.16035714285714286,0.39527291641903056,0.9902619217808639,0.99,0.8878222444419893,class,mutual_info_top6
dataset,0.147,0.22440000000000002,0.213949033695919,0.3899375,0.3008268910564062,0.22101666666666664,0.4096156084872684,0.9902584704552858,0.9888333333333333,0.6537622008090572,class,mutual_info_top6
0,0.273014682241989,0.4,0.05797101449275366,0.25,0.3086528035255675,0.0,0.47524303667556056,0.998330550918197,1.0,0.17341326967617343,instance,mutual_info_top6
0,0.273014682241989,0.2,0.08490566037735847,0.3333333333333333,0.3385508448766047,0.0,0.4597712827045757,0.993322203672788,1.0,0.24786041874509607,instance,mutual_info_top6
0,0.43893985728848117,0.4,0.17647058823529416,0.4583333333333333,0.3043724841137898,0.5,0.48316497810388026,0.998330550918197,1.0,0.3949865714462776,instance,mutual_info_top6
0,0.111148234770019,0.0,0.08490566037735847,0.3333333333333333,0.3033927535835663,0.0,0.24991521220297053,0.989983305509182,1.0,0.5159867311947808,instance,mutual_info_top6
0,0.07306684141546516,0.0,0.08490566037735847,0.3333333333333333,0.30803397770462737,0.0,0.32884744239255637,0.9682804674457429,1.0,0.9157778699246525,instance,mutual_info_top6
0,0.273014682241989,0.2,0.08490566037735847,0.4166666666666667,0.32167452184013234,0.0,0.38570577990778177,0.994991652754591,1.0,0.3245506872566932,instance,mutual_info_top6
0,0.31998560892246797,0.4,0.8452380952380952,0.4583333333333333,0.3550684235425834,0.5,0.575207232261949,1.0,1.0,0.2051573453649714,instance,mutual_info_top6
0,0.7715134144137166,0.8,0.6764705882352942,0.375,0.8912536167441925,0.5,0.48158065705289754,0.998330550918197,1.0,-0.7708206164563697,instance,mutual_info_top6
0,0.5272958451253025,0.4,0.419047619047619,0.2916666666666667,0.3449077576302493,0.0,0.27712420497146195,0.998330550918197,1.0,-0.28104608594284197,instance,mutual_info_top6
0,0.6272958451253026,0.8,0.6764705882352942,0.5,0.5007554563975481,1.0,0.6308108157757659,1.0,1.0,-0.29740330910113894,instance,mutual_info_top6
0,0.2668881506090809,0.0,0.419047619047619,0.25,0.303058709948323,0.0,0.3221045210372765,0.9833055091819699,0.8333333333333334,-0.5779351326182713,instance,mutual_info_top6
0,0.45483286406017087,0.4,0.6470588235294117,0.4583333333333333,0.36070634626177117,0.0,0.44973721163577507,0.996661101836394,1.0,0.19529106252740025,instance,mutual_info_top6
0,0.18524283935242847,0.2,0.08490566037735847,0.3333333333333333,0.30280364116107084,0.0,0.3631692966338804,0.996661101836394,1.0,0.6070111385194448,instance,mutual_info_top6
0,0.1019095060190951,0.4,0.08490566037735847,0.2916666666666667,0.30273160330092674,0.3333333333333333,0.35918545820687076,0.994991652754591,1.0,0.9402389076044855,instance,mutual_info_top6
0,0.5396813489086558,0.2,0.17647058823529416,0.4583333333333333,0.3078561955221337,0.5,0.4951811139627297,0.998330550918197,1.0,0.35232235943773743,instance,mutual_info_top6
0,0.37799926172019205,0.2,0.419047619047619,0.375,0.31237830639899344,0.5,0.4250715300206407,0.998330550918197,1.0,-0.29469207387254653,instance,mutual_info_top6
0,0.36688815060908087,0.2,0.08490566037735847,0.2916666666666667,0.3081043043041013,0.0,0.46919284061954536,0.996661101836394,1.0,-0.2839424025350666,instance,mutual_info_top6
0,0.1562024353120245,0.0,0.08490566037735847,0.3333333333333333,0.3027815270402452,0.0,0.30709675481577814,0.9816360601001669,1.0,0.039584880716341767,instance,mutual_info_top6
0,0.37799926172019205,0.4,0.08490566037735847,0.2916666666666667,0.30884496047396615,0.4,0.5029186199713818,1.0,1.0,-0.16114627239752022,instance,mutual_info_top6
0,0.47301468224198906,0.2,0.17647058823529416,0.4583333333333333,0.32128613872264555,1.0,0.5043943270399047,1.0,1.0,0.3658409213116725,instance,mutual_info_top6
0,0.15876728238906657,0.0,0.08490566037735847,0.3333333333333333,0.3030346317845134,0.0,0.30097334100842643,0.9816360601001669,1.0,0.5379244214893352,instance,mutual_info_top6
0,0.8020671834625323,1.0,0.6764705882352942,0.375,0.8824186132513236,1.0,0.6159373081009305,1.0,1.0,-0.4326664757074525,instance,mutual_info_top6
0,0.273014682241989,0.0,0.17647058823529416,0.4583333333333333,0.3182452587418053,0.0,0.3811369033123079,0.9816360601001669,1.0,0.06700598774164268,instance,mutual_info_top6
0,0.273014682241989,0.6,0.08490566037735847,0.4166666666666667,0.3298263227184731,0.75,0.526430514053146,1.0,1.0,0.1854731440793616,instance,mutual_info_top6
0,0.273014682241989,0.0,0.08490566037735847,0.3333333333333333,0.333967079313675,0.2,0.3933169736079646,0.986644407345576,1.0,0.3026072052728372,instance,mutual_info_top6
0,0.2668881506090809,0.0,0.08490566037735847,0.3333333333333333,0.30429120920421643,0.0,0.3253470427571078,0.9816360601001669,1.0,0.09631612300258616,instance,mutual_info_top6
0,0.5826269337897245,0.6,0.419047619047619,0.375,0.39065887053406056,1.0,0.5210907022254063,1.0,1.0,-0.12700996418239646,instance,mutual_info_top6
0,0.38412579335310015,0.2,0.17647058823529416,0.4583333333333333,0.33955222722525685,0.0,0.4204693820692388,0.994991652754591,1.0,-0.09061350685831926,instance,mutual_info_top6
0,0.5272958451253025,0.6,0.419047619047619,0.2916666666666667,0.3454618234676138,0.6666666666666666,0.29719123462450137,0.998330550918197,1.0,-0.3244008045160059,instance,mutual_info_top6
0,0.273014682241989,0.0,0.08490566037735847,0.3333333333333333,0.3265617961764259,0.0,0.4141966329510951,0.9816360601001669,1.0,0.0937531827094064,instance,mutual_info_top6
0,0.36688815060908087,0.2,0.08490566037735847,0.3333333333333333,0.30856984692162126,0.3333333333333333,0.4927441214264703,0.996661101836394,1.0,-0.10752728974859956,instance,mutual_info_top6
0,0.5826269337897245,1.0,0.6764705882352942,0.625,0.39704280982158024,1.0,0.6174795229335301,1.0,1.0,-0.06645285639995947,instance,mutual_info_top6
0,0.36800799086757996,0.2,0.08490566037735847,0.3333333333333333,0.3031265416560228,0.5,0.4631475277545851,0.998330550918197,1.0,0.366401598987083,instance,mutual_info_top6
0,0.5828514006808581,0.8,0.6764705882352942,0.4166666666666667,0.7446668585016398,1.0,0.5892489423526979,1.0,1.0,-1.0185573413155207,instance,mutual_info_top6
0,0.111148234770019,0.0,0.08490566037735847,0.3333333333333333,0.30290172017316397,0.0,0.3959236763985243,0.9816360601001669,1.0,0.33885744253735667,instance,mutual_info_top6
0,0.111148234770019,0.2,0.7045454545454546,0.375,0.30665280480688917,0.0,0.391330702622124,0.996661101836394,1.0,-0.2463144693885091,instance,mutual_info_top6
0,0.7375577260890962,0.6,0.6764705882352942,0.5833333333333334,0.5936898233856419,0.5,0.3411813763158593,0.998330550918197,1.0,-0.18120218923862186,instance,mutual_info_top6
0,0.273014682241989,0.0,0.08490566037735847,0.3333333333333333,0.3119624902358412,0.0,0.3052186131785417,0.9816360601001669,1.0,0.37819672077754163,instance,mutual_info_top6
0,0.1562024353120245,0.0,0.08490566037735847,0.3333333333333333,0.30346907792762334,0.0,0.32751175578822733,0.988313856427379,1.0,0.039464600425765016,instance,mutual_info_top6
0,0.273014682241989,0.6,0.1578947368421053,0.375,0.3600242051278545,0.5,0.4569530644972243,0.998330550918197,1.0,-0.03281838926611298,instance,mutual_info_top6
0,0.1562024353120245,0.0,0.08490566037735847,0.3333333333333333,0.3029061031161012,0.0,0.3074640389566967,0.9849749582637729,1.0,0.0072497285276399495,instance,mutual_info_top6
0,0.36688815060908087,0.6,0.08490566037735847,0.4166666666666667,0.31514590071506576,1.0,0.5618145451505977,1.0,1.0,-0.15084252910421622,instance,mutual_info_top6
0,0.4158718250991319,1.0,0.08490566037735847,0.2916666666666667,0.31958808544389183,1.0,0.5763985609301522,1.0,1.0,0.13165372810072198,instance,mutual_info_top6
0,0.111148234770019,0.0,0.7045454545454546,0.375,0.305520942472676,0.0,0.46581862816633957,0.991652754590985,1.0,-0.37661266823014616,instance,mutual_info_top6
0,0.4439625117919691,0.2,0.419047619047619,0.2916666666666667,0.4623963342515168,0.0,0.36172815690824245,0.996661101836394,1.0,-0.4561642298660601,instance,mutual_info_top6
0,0.5705057216685123,0.8,0.6764705882352942,0.4166666666666667,0.3509907759728582,1.0,0.6207745872893371,1.0,1.0,-0.05403673579423849,instance,mutual_info_top6
0,0.1019095060190951,0.0,0.08490566037735847,0.3333333333333333,0.3028784688637442,0.0,0.27296962696601745,0.9833055091819699,1.0,0.9496742940905437,instance,mutual_info_top6
0,0.5606291784586359,0.8,0.419047619047619,0.2916666666666667,0.448489401545059,0.0,0.48789555470654633,0.998330550918197,1.0,-0.1805202990686765,instance,mutual_info_top6
0,0.8673477102480124,1.0,0.6764705882352942,0.5,0.815909704561346,1.0,0.6677303511763019,1.0,1.0,-0.8064854660800046,instance,mutual_info_top6
0,0.7521490603958971,0.8,0.6764705882352942,0.4166666666666667,0.7505456878756331,1.0,0.6699719652489413,1.0,1.0,-0.20226531739622303,instance,mutual_info_top6
0,0.4439625117919691,0.2,0.419047619047619,0.2916666666666667,0.5359740710497214,0.6666666666666666,0.552883199971081,1.0,1.0,-0.5221643422916106,instance,mutual_info_top6
0,0.7745947631261332,0.8,0.9602272727272727,0.375,0.4852260734591881,1.0,0.5189433914855754,1.0,1.0,-0.24346473382377048,instance,mutual_info_top6
0,0.7277777777777779,0.6,0.8452380952380952,0.4583333333333333,0.9063400133735154,0.5,0.5019982039206274,1.0,1.0,-0.8632956892463372,instance,mutual_info_top6
0,0.2668881506090809,0.0,0.419047619047619,0.25,0.3032115769509991,0.0,0.3339617564750679,0.9766277128547579,0.8333333333333334,-0.30071317354467936,instance,mutual_info_top6
0,0.111148234770019,0.0,0.17647058823529416,0.4583333333333333,0.3047886567283632,0.0,0.3084525218878289,0.9716193656093489,1.0,0.007094893725310572,instance,mutual_info_top6
0,0.5606291784586359,0.8,0.419047619047619,0.375,0.45281999121638705,0.6666666666666666,0.5840125258239737,1.0,1.0,-0.37892416493504955,instance,mutual_info_top6
0,0.1019095060190951,0.2,0.08490566037735847,0.3333333333333333,0.3028137557516395,0.0,0.4106826643636061,0.996661101836394,0.8333333333333334,0.6733349869857722,instance,mutual_info_top6
0,0.1019095060190951,0.0,0.08490566037735847,0.2916666666666667,0.30272892999442513,0.0,0.19873922171998348,0.989983305509182,0.6666666666666666,0.744700330669952,instance,mutual_info_top6
0,0.16670379032557447,0.2,0.08490566037735847,0.4166666666666667,0.30752356681573545,0.0,0.4601047885287619,0.994991652754591,1.0,-0.10808073187792033,instance,mutual_info_top6
0,0.5272958451253025,0.6,0.419047619047619,0.2916666666666667,0.4533345818141319,0.5,0.5974739606548449,1.0,1.0,-0.9155537463295041,instance,mutual_info_top6
0,0.22286910197869103,0.2,0.08490566037735847,0.4583333333333333,0.30291534730620706,0.0,0.4716448146889447,0.998330550918197,1.0,0.2483722558756988,instance,mutual_info_top6
0,0.4158718250991319,0.2,0.6470588235294117,0.375,0.32433930426567137,0.0,0.4880361067476823,0.998330550918197,1.0,-0.2742099492400432,instance,mutual_info_top6
0,0.16670379032557447,0.0,0.08490566037735847,0.3333333333333333,0.3052056420071467,0.0,0.36052126858063327,0.991652754590985,1.0,0.4034941187532553,instance,mutual_info_top6
0,0.4158718250991319,0.6,0.08490566037735847,0.4166666666666667,0.3341600955415366,0.4,0.5058025227197027,1.0,1.0,0.0457320788981765,instance,mutual_info_top6
0,0.273014682241989,0.0,0.08490566037735847,0.3333333333333333,0.3148787341397178,0.0,0.39518622900611966,0.9799666110183639,1.0,0.5228102174027001,instance,mutual_info_top6
0,0.1019095060190951,0.0,0.08490566037735847,0.3333333333333333,0.30281800367076783,0.0,0.3485398971556657,0.991652754590985,1.0,1.0084794089606275,instance,mutual_info_top6
0,0.11998560892246812,0.6,0.05797101449275366,0.25,0.3463315173081516,0.0,0.44173175771301476,0.998330550918197,1.0,0.3504329798259829,instance,mutual_info_top6
0,0.16670379032557447,0.2,0.08490566037735847,0.3333333333333333,0.30989625379459085,0.5,0.5313961438261318,1.0,1.0,0.10408025957885947,instance,mutual_info_top6
0,0.37050572166851237,0.2,0.1578947368421053,0.2916666666666667,0.34899762858010464,0.0,0.47271327780089634,0.996661101836394,1.0,0.44260118394233505,instance,mutual_info_top6
0,0.5877049605645497,0.8,0.419047619047619,0.375,0.3077750183605706,0.75,0.5663002647340503,1.0,1.0,-0.09594716519219983,instance,mutual_info_top6
0,0.8526168139381687,0.8,0.9636363636363636,0.4583333333333333,0.6860183769220015,1.0,0.5452218423302212,1.0,1.0,-0.5606461317372621,instance,mutual_info_top6
0,0.37799926172019205,0.6,0.419047619047619,0.375,0.311730331391737,0.0,0.4677207415638611,0.996661101836394,1.0,-0.18220131710458612,instance,mutual_info_top6
0,0.753430741962112,1.0,0.6764705882352942,0.4166666666666667,0.47386882031313177,1.0,0.5826895032673723,1.0,1.0,-0.6027498524428292,instance,mutual_info_top6
0,0.273014682241989,0.0,0.05797101449275366,0.25,0.316905708425144,0.0,0.3012091088709494,0.9716193656093489,1.0,0.46050821210343124,instance,mutual_info_top6
0,0.311111111111111,0.4,0.8452380952380952,0.4583333333333333,0.5823735878174129,0.0,0.4579128926956111,0.998330550918197,1.0,-0.2846766493813692,instance,mutual_info_top6
0,0.273014682241989,0.4,0.08490566037735847,0.2916666666666667,0.32932142791391306,0.3333333333333333,0.5260701244195232,1.0,1.0,0.1420610346239582,instance,mutual_info_top6
0,0.11998560892246812,0.0,0.05797101449275366,0.25,0.32431266655743257,0.0,0.3507011268690545,0.986644407345576,1.0,0.5669681270188947,instance,mutual_info_top6
0,0.45134132420091333,0.4,0.6470588235294117,0.375,0.3079498719527104,1.0,0.8093768130429587,1.0,1.0,-0.051247897614086824,instance,mutual_info_top6
0,0.5606291784586359,0.6,0.419047619047619,0.2916666666666667,0.4771943043519572,0.3333333333333333,0.4887286933264108,0.998330550918197,1.0,-0.24801290147310426,instance,mutual_info_top6
0,0.362126245847176,0.4,0.419047619047619,0.25,0.32290085537534097,0.5,0.5121006700208824,1.0,1.0,-0.5596791973754,instance,mutual_info_top6
0,0.273014682241989,0.0,0.05797101449275366,0.25,0.3218890315738315,0.0,0.34678252284385636,0.988313856427379,1.0,0.2735290667446209,instance,mutual_info_top6
0,0.15876728238906657,0.0,0.08490566037735847,0.3333333333333333,0.3030421581690369,0.0,0.28383666549425335,0.986644407345576,1.0,0.7128875849728588,instance,mutual_info_top6
0,0.2846746575342466,0.6,0.419047619047619,0.375,0.3054810806222319,0.5,0.3610212284490758,0.998330550918197,1.0,-0.3261666125109214,instance,mutual_info_top6
0,0.5881278963747332,0.8,0.6764705882352942,0.5833333333333334,0.6987925387188637,1.0,0.589876851626637,1.0,1.0,-0.1834822440029457,instance,mutual_info_top6
0,0.7153355038668738,0.6,0.1578947368421053,0.2916666666666667,0.5294012088066853,0.0,0.49951932470821436,0.998330550918197,1.0,-0.26845185510940994,instance,mutual_info_top6
0,0.1562024353120245,0.0,0.08490566037735847,0.3333333333333333,0.3028741787075171,0.0,0.3565313448139269,0.9833055091819699,1.0,0.10521797660824529,instance,mutual_info_top6
0,0.5881278963747332,0.4,0.6764705882352942,0.4166666666666667,0.7637898044372504,1.0,0.5812444541026955,1.0,1.0,-0.10458473532245015,instance,mutual_info_top6
0,0.45134132420091333,0.6,0.6470588235294117,0.375,0.30513019376481554,0.5,0.4635411044438821,0.998330550918197,1.0,0.0353751917628093,instance,mutual_info_top6
0,0.7153355038668738,0.8,0.6764705882352942,0.5833333333333334,0.653099750504258,1.0,0.5144018553707426,1.0,1.0,-0.15868758536627464,instance,mutual_info_top6
0,0.38412579335310015,0.2,0.05797101449275366,0.25,0.34651943238400673,0.0,0.39717245865343864,0.993322203672788,1.0,0.11425700185732961,instance,mutual_info_top6
0,0.1019095060190951,0.0,0.08490566037735847,0.2916666666666667,0.302730374240031,0.0,0.2256347089154922,0.988313856427379,0.6666666666666666,0.7063004657205647,instance,mutual_info_top6
0,0.5888888888888888,0.4,0.8452380952380952,0.4583333333333333,0.6850175007649808,0.5,0.5009282903000137,1.0,1.0,0.11122236462718685,instance,mutual_info_top6
0,0.1019095060190951,0.0,0.08490566037735847,0.3333333333333333,0.3027357315851793,0.0,0.34412192448955203,0.9766277128547579,0.8333333333333334,0.8769900088235679,instance,mutual_info_top6
0,0.15876728238906657,0.2,0.08490566037735847,0.3333333333333333,0.30350716181299064,0.3333333333333333,0.5330084405252087,1.0,1.0,0.26846746251373976,instance,mutual_info_top6
0,0.7918316000784368,0.8,0.6764705882352942,0.4583333333333333,0.8496844207382916,0.5,0.4414717489557679,0.998330550918197,1.0,-0.41683630911614,instance,mutual_info_top6
0,0.15876728238906657,0.2,0.08490566037735847,0.3333333333333333,0.3034766352915793,0.0,0.4351702584192668,0.993322203672788,1.0,0.45648278364975664,instance,mutual_info_top6
0,0.07306684141546516,0.0,0.08490566037735847,0.3333333333333333,0.30750475192363913,0.0,0.3049362005354206,0.9482470784641068,1.0,0.9273814037759961,instance,mutual_info_top6
0,0.4439625117919691,0.4,0.419047619047619,0.2916666666666667,0.40825235927324444,0.5,0.4949624650309462,0.998330550918197,1.0,-0.2642404093358515,instance,mutual_info_top6
0,0.7747307029968588,0.8,0.1578947368421053,0.375,0.7930199724111554,1.0,0.5311633777724682,1.0,1.0,-0.24178930639629884,instance,mutual_info_top6
0,0.2668881506090809,0.0,0.08490566037735847,0.2916666666666667,0.3071165262030643,0.0,0.37919716492422473,0.989983305509182,1.0,-0.2516671580144139,instance,mutual_info_top6
0,0.08675799086757996,0.4,0.419047619047619,0.25,0.3027716854435963,0.0,0.29059934100802265,0.996661101836394,0.6666666666666666,-0.41952689877417093,instance,mutual_info_top6
0,0.7861688372002072,0.8,0.6764705882352942,0.5833333333333334,0.6650535162935265,1.0,0.5697604349017287,1.0,1.0,-0.4297141396476812,instance,mutual_info_top6
0,0.5272958451253025,0.8,0.419047619047619,0.25,0.35626122965479323,1.0,0.5460495365569066,1.0,1.0,-0.48507999346273467,instance,mutual_info_top6
0,0.08675799086757996,0.0,0.08490566037735847,0.2916666666666667,0.3027292405912959,0.0,0.37526979497394763,0.9833055091819699,0.6666666666666666,-0.0011583742636342052,instance,mutual_info_top6
0,0.273014682241989,0.0,0.08490566037735847,0.3333333333333333,0.3135001904395178,0.0,0.29933386439024023,0.9799666110183639,1.0,0.3103000291204778,instance,mutual_info_top6
0,0.22286910197869103,0.2,0.08490566037735847,0.3333333333333333,0.3032725263450523,0.25,0.4365812023035116,0.994991652754591,1.0,-0.05268972157219812,instance,mutual_info_top6
0,0.111148234770019,0.0,0.08490566037735847,0.3333333333333333,0.30331554767885427,0.0,0.20493091288130072,0.9582637729549248,1.0,0.6758394767568109,instance,mutual_info_top6
0,0.36688815060908087,0.2,0.419047619047619,0.25,0.33250377578555756,0.0,0.4160686315581609,0.994991652754591,1.0,-0.06362759170412977,instance,mutual_info_top6
0,0.49396251179196915,0.4,0.419047619047619,0.2916666666666667,0.3555758665147361,0.5,0.35482300618103735,0.994991652754591,1.0,-0.27498062346849217,instance,mutual_info_top6
0,0.7521490603958971,0.4,0.6764705882352942,0.375,0.8514737114613897,1.0,0.5134151297521752,1.0,1.0,-0.23303380898771628,instance,mutual_info_top6
0,0.45134132420091333,0.2,0.08490566037735847,0.3333333333333333,0.30299804831380917,0.5,0.5952383587811345,1.0,1.0,0.5680828255320269,instance,mutual_info_top6
0,0.16670379032557447,0.4,0.08490566037735847,0.3333333333333333,0.3099154022807589,0.3333333333333333,0.5536417431891765,1.0,1.0,0.19587351646849446,instance,mutual_info_top6
0,0.5312024353120244,0.6,0.8452380952380952,0.5416666666666666,0.3036434503516604,1.0,0.5048557444123264,1.0,1.0,0.05930435405239228,instance,mutual_info_top6
0,0.1562024353120245,0.2,0.08490566037735847,0.2916666666666667,0.30273519600805665,0.0,0.4133036629219644,0.993322203672788,0.8333333333333334,0.4650292114877815,instance,mutual_info_top6
0,0.273014682241989,0.2,0.08490566037735847,0.4166666666666667,0.33042133845450394,0.3333333333333333,0.4740979161612763,0.998330550918197,1.0,0.23168664156444074,instance,mutual_info_top6
0,0.7820021705335406,0.8,0.7045454545454546,0.4166666666666667,0.4128954296300261,1.0,0.5479229881146568,1.0,1.0,-0.3816094554667142,instance,mutual_info_top6
0,0.64828349944629,0.8,0.08490566037735847,0.2916666666666667,0.40626447119465287,1.0,0.5762472820128772,1.0,1.0,0.23290405883957116,instance,mutual_info_top6
0,0.5272958451253025,0.4,0.419047619047619,0.2916666666666667,0.42778364796085067,0.0,0.4851700284249447,0.998330550918197,1.0,-0.4999773236475308,instance,mutual_info_top6
0,0.5093946105574012,0.4,0.08490566037735847,0.4166666666666667,0.38308841670582794,0.6666666666666666,0.48714399845777423,0.998330550918197,1.0,0.35428771878694504,instance,mutual_info_top6
0,0.16670379032557447,0.0,0.08490566037735847,0.3333333333333333,0.3061469834878765,0.0,0.36087558508370043,0.9849749582637729,1.0,0.19879816528501015,instance,mutual_info_top6
0,0.111148234770019,0.2,0.08490566037735847,0.3333333333333333,0.30346289571964713,0.5,0.33004636979366686,0.994991652754591,1.0,0.2754315332957126,instance,mutual_info_top6
0,0.1562024353120245,0.4,0.08490566037735847,0.2916666666666667,0.3036929850966287,0.0,0.4894508063124984,0.994991652754591,1.0,0.1709898058062328,instance,mutual_info_top6
0,0.5272958451253025,0.6,0.419047619047619,0.2916666666666667,0.4115615583601907,1.0,0.5444498549770971,1.0,1.0,-0.6656459666289406,instance,mutual_info_top6
0,0.1562024353120245,0.0,0.08490566037735847,0.3333333333333333,0.3028181582571937,0.0,0.42713866864750505,0.986644407345576,0.8333333333333334,-0.028499084289393396,instance,mutual_info_top6
0,0.1019095060190951,0.0,0.05797101449275366,0.2916666666666667,0.3028384088376829,0.0,0.3860253551371413,0.989983305509182,1.0,0.3818742726163822,instance,mutual_info_top6
0,0.2668881506090809,0.0,0.08490566037735847,0.2916666666666667,0.30525194113137377,0.0,0.31542395496531694,0.9799666110183639,1.0,-0.38430882242698966,instance,mutual_info_top6
0,0.111148234770019,0.0,0.08490566037735847,0.3333333333333333,0.3037555697863746,0.0,0.38706257102995645,0.9632721202003339,1.0,0.8665502595042186,instance,mutual_info_top6
0,0.2668881506090809,0.0,0.08490566037735847,0.4166666666666667,0.303393810365597,0.0,0.2835601011408976,0.9716193656093489,1.0,-0.14630834843824653,instance,mutual_info_top6
0,0.45483286406017087,0.6,0.419047619047619,0.2916666666666667,0.36004747882646027,0.75,0.5255207810736527,1.0,1.0,-0.029723135468840242,instance,mutual_info_top6
0,0.273014682241989,0.0,0.05797101449275366,0.25,0.3166333746729387,0.0,0.25492968775843616,0.9699499165275459,1.0,0.33562815869503554,instance,mutual_info_top6
0,0.273014682241989,0.4,0.08490566037735847,0.3333333333333333,0.30771940345966675,0.5,0.41259610373337774,0.994991652754591,1.0,0.7291960937369109,instance,mutual_info_top6
0,0.11998560892246812,0.0,0.08490566037735847,0.3333333333333333,0.3084707636453506,0.0,0.3044081526306115,0.9565943238731218,1.0,0.7466567937796931,instance,mutual_info_top6
0,0.8350054779057801,1.0,0.419047619047619,0.375,0.8506455041109857,1.0,0.6354772558670843,1.0,1.0,-0.6825474624230123,instance,mutual_info_top6
0,0.516308146093694,0.8,0.8452380952380952,0.4166666666666667,0.7634809373111395,1.0,0.5765260140158003,1.0,1.0,-0.24176381161700997,instance,mutual_info_top6
0,0.45483286406017087,0.2,0.08490566037735847,0.4166666666666667,0.3597946282379786,0.0,0.44142831602146615,0.998330550918197,1.0,0.1922593122819846,instance,mutual_info_top6
0,0.3191908577433339,0.0,0.05797101449275366,0.25,0.405292165415721,0.0,0.3099830423629837,0.9799666110183639,1.0,0.5526918590406767,instance,mutual_info_top6
0,0.08675799086757996,0.4,0.419047619047619,0.25,0.3027517943362853,0.0,0.31786990441905427,0.994991652754591,0.6666666666666666,-0.21902036363324887,instance,mutual_info_top6
0,0.8718840579710145,0.8,0.9636363636363636,0.4583333333333333,0.9026521099104476,1.0,0.6304833741201935,1.0,1.0,-0.8662029828173002,instance,mutual_info_top6
0,0.5826269337897245,0.6,0.6764705882352942,0.625,0.36683586294786263,1.0,0.5560103197039191,1.0,1.0,-0.2512588731879287,instance,mutual_info_top6
0,0.111148234770019,0.0,0.08490566037735847,0.3333333333333333,0.30349555663067573,0.0,0.22713061121634914,0.9699499165275459,1.0,0.619508139530007,instance,mutual_info_top6
0,0.6895533407161314,0.8,0.9602272727272727,0.375,0.6716894591726207,1.0,0.5435409838447591,1.0,1.0,-1.1518142012389327,instance,mutual_info_top6
0,0.5096670482195242,0.6,0.9602272727272727,0.375,0.5387435229841989,1.0,0.5762318515238531,1.0,1.0,-0.11556009830415923,instance,mutual_info_top6
0,0.49396251179196915,0.2,0.419047619047619,0.25,0.3412198297111333,0.0,0.49088227045084876,0.998330550918197,1.0,-0.3408746618797903,instance,mutual_info_top6
0,0.7861688372002072,1.0,0.419047619047619,0.375,0.6687324436095182,1.0,0.6304051605704968,1.0,1.0,-0.20637559366567504,instance,mutual_info_top6
0,0.37799926172019205,0.4,0.08490566037735847,0.2916666666666667,0.30702606268768795,0.0,0.42426244244270994,0.998330550918197,1.0,0.02518637359444406,instance,mutual_info_top6
0,0.11998560892246812,0.0,0.17647058823529416,0.4583333333333333,0.30865001718214435,0.0,0.32556510147332474,0.9716193656093489,1.0,0.5202627552297311,instance,mutual_info_top6
0,0.2846746575342466,0.4,0.419047619047619,0.375,0.3043942103637679,0.5,0.41169721581458996,0.998330550918197,1.0,-0.1961695896139646,instance,mutual_info_top6
0,0.273014682241989,0.2,0.05797101449275366,0.25,0.3147186252583992,0.25,0.41206383535846425,0.996661101836394,1.0,0.2317492676145604,instance,mutual_info_top6
0,0.1562024353120245,0.0,0.08490566037735847,0.3333333333333333,0.30303863412308135,0.0,0.3054358309217966,0.991652754590985,1.0,-0.12126760534982893,instance,mutual_info_top6
0,0.5093946105574012,0.8,0.1578947368421053,0.375,0.40362696534164766,1.0,0.5181280517831619,1.0,1.0,-0.011786755997494375,instance,mutual_info_top6
0,0.49396251179196915,0.2,0.419047619047619,0.25,0.3498533787042816,0.0,0.3662689199590595,0.993322203672788,1.0,-0.16853927908650357,instance,mutual_info_top6
0,0.4097452934662237,0.0,0.419047619047619,0.3333333333333333,0.3050031502071211,0.0,0.36611499949983817,0.9816360601001669,1.0,-0.21411884968421846,instance,mutual_info_top6
0,0.36800799086757996,0.4,0.08490566037735847,0.3333333333333333,0.3032660458985097,0.0,0.40296693553720253,0.996661101836394,1.0,0.33452891882025576,instance,mutual_info_top6
0,0.1019095060190951,0.0,0.05797101449275366,0.2916666666666667,0.30276507564121236,0.0,0.32225884223563184,0.9749582637729549,1.0,0.6899030147651628,instance,mutual_info_top6
0,0.7880627765941467,1.0,0.6764705882352942,0.5,0.6656536728180574,1.0,0.6323899417966632,1.0,1.0,-0.3267418821064015,instance,mutual_info_top6
0,0.18524283935242847,0.4,0.08490566037735847,0.3333333333333333,0.30279227798916397,0.3333333333333333,0.4077932984757485,0.994991652754591,1.0,0.7638901297277216,instance,mutual_info_top6
0,0.111148234770019,0.0,0.08490566037735847,0.3333333333333333,0.30365899812133446,0.0,0.2832389431224468,0.989983305509182,1.0,0.12379502712308092,instance,mutual_info_top6
0,0.1019095060190951,0.2,0.17647058823529416,0.4583333333333333,0.3029105042256006,0.0,0.28651681209606594,0.993322203672788,1.0,-0.03169785418400254,instance,mutual_info_top6
0,0.15876728238906657,0.0,0.08490566037735847,0.3333333333333333,0.3042900817438534,0.0,0.3609305617678955,0.9749582637729549,1.0,0.09452427929287265,instance,mutual_info_top6
0,0.111148234770019,0.0,0.08490566037735847,0.3333333333333333,0.30432891053485545,0.0,0.2934526039156914,0.9599332220367279,1.0,0.3824817120810409,instance,mutual_info_top6
0,0.273014682241989,0.4,0.05797101449275366,0.3333333333333333,0.30875195713331366,1.0,0.5231177646736975,1.0,1.0,0.011844720934482878,instance,mutual_info_top6
0,0.1562024353120245,0.0,0.08490566037735847,0.3333333333333333,0.3031502605212995,0.0,0.25013992131526974,0.9833055091819699,1.0,-0.17252646105037983,instance,mutual_info_top6
0,0.1562024353120245,0.0,0.08490566037735847,0.2916666666666667,0.3027486758020369,0.0,0.3887138937097129,0.991652754590985,1.0,0.3435801045175433,instance,mutual_info_top6
0,0.1562024353120245,0.0,0.08490566037735847,0.4583333333333333,0.30299868232633936,0.0,0.42122734281752383,0.989983305509182,1.0,-0.06543011943613358,instance,mutual_info_top6
0,0.273014682241989,0.0,0.08490566037735847,0.3333333333333333,0.3193024254201665,0.0,0.43090605702746165,0.991652754590985,1.0,0.2957584673389666,instance,mutual_info_top6
0,0.11998560892246812,0.2,0.05797101449275366,0.25,0.3050350079811519,0.5,0.4692463761722828,0.998330550918197,1.0,0.8314569088774685,instance,mutual_info_top6
0,0.11998560892246812,0.0,0.05797101449275366,0.25,0.314028298792568,0.0,0.3111928975828172,0.9716193656093489,1.0,0.7861412714391927,instance,mutual_info_top6
0,0.11998560892246812,0.0,0.08490566037735847,0.3333333333333333,0.3111884477267516,0.0,0.33214709986320845,0.988313856427379,1.0,1.017242418328106,instance,mutual_info_top6
0,0.4097452934662237,0.2,0.419047619047619,0.25,0.3038819109236931,0.0,0.4019682110684626,0.996661101836394,1.0,-0.2427793106725985,instance,mutual_info_top6
0,0.111148234770019,0.0,0.08490566037735847,0.3333333333333333,0.3038156030584397,0.0,0.28520685075562935,0.9582637729549248,1.0,0.7183010241237985,instance,mutual_info_top6
0,0.7861688372002072,0.8,0.419047619047619,0.375,0.737115544799552,1.0,0.5922033518079506,1.0,1.0,-0.46682770647695443,instance,mutual_info_top6
0,0.5956732254587735,0.4,0.7045454545454546,0.375,0.6634289714942817,0.0,0.4138373058982008,0.994991652754591,1.0,-0.06450192620004415,instance,mutual_info_top6
0,0.40519703498258297,0.6,0.05797101449275366,0.25,0.43488705826135055,1.0,0.5201296353750957,1.0,1.0,0.25607443426980997,instance,mutual_info_top6
0,0.08675799086757996,0.0,0.419047619047619,0.25,0.30273997269597863,0.0,0.3374504317762832,0.986644407345576,0.3333333333333333,-0.8495710493530583,instance,mutual_info_top6
0,0.6770713782341689,1.0,0.8888888888888888,0.25,0.4603261220491993,1.0,0.636267955462838,1.0,1.0,-0.622453251407359,instance,mutual_info_top6
0,0.1019095060190951,0.2,0.08490566037735847,0.2916666666666667,0.30273736306506205,0.0,0.4166535491174129,0.996661101836394,1.0,0.9579101681836332,instance,mutual_info_top6
0,0.2668881506090809,0.0,0.08490566037735847,0.3333333333333333,0.30405419304959214,0.0,0.35331561012596235,0.986644407345576,1.0,-0.06811516646443457,instance,mutual_info_top6
0,0.362126245847176,0.2,0.419047619047619,0.2916666666666667,0.32787042196472527,1.0,0.5197957317157048,1.0,1.0,-0.434092420509839,instance,mutual_info_top6
0,0.3228691019786911,0.4,0.08490566037735847,0.3333333333333333,0.3028819139447515,0.6666666666666666,0.5358447439003386,1.0,1.0,0.35844527320278513,instance,mutual_info_top6
0,0.5881278963747332,0.2,0.419047619047619,0.4166666666666667,0.7092760161846989,0.0,0.4107507740339944,0.996661101836394,1.0,-0.02321081386971439,instance,mutual_info_top6
0,0.7153355038668738,0.6,0.1578947368421053,0.2916666666666667,0.5341810933605492,0.5,0.5253531781503624,1.0,1.0,-0.16626352997184682,instance,mutual_info_top6
0,0.5093946105574012,0.2,0.1578947368421053,0.2916666666666667,0.3959067299364377,0.0,0.3563857312315786,0.993322203672788,1.0,0.3871244487019785,instance,mutual_info_top6
0,0.36800799086757996,0.4,0.08490566037735847,0.3333333333333333,0.30397992777645094,0.5,0.5024480741501514,1.0,1.0,0.2895936103290805,instance,mutual_info_top6
0,0.5093946105574012,0.2,0.08490566037735847,0.3333333333333333,0.34121815247749154,0.0,0.4427212457553964,0.994991652754591,1.0,0.5638755372878399,instance,mutual_info_top6
0,0.07306684141546516,0.0,0.08490566037735847,0.3333333333333333,0.30543741324117546,0.0,0.3253270835291967,0.9749582637729549,1.0,1.0891841150183463,instance,mutual_info_top6
0,0.273014682241989,0.0,0.05797101449275366,0.25,0.3060388393638589,0.0,0.42000383919792506,0.9799666110183639,1.0,0.2780002485924468,instance,mutual_info_top6
0,0.111148234770019,0.0,0.08490566037735847,0.3333333333333333,0.3056400690622739,0.0,0.33924162212277675,0.9766277128547579,1.0,0.0003418434956812001,instance,mutual_info_top6
0,0.273014682241989,0.2,0.08490566037735847,0.3333333333333333,0.33925820620113056,0.5,0.4244853513472847,0.996661101836394,1.0,0.32285291253701215,instance,mutual_info_top6
0,0.43893985728848117,0.4,0.17647058823529416,0.4583333333333333,0.30746288832218155,0.5,0.5235560075819385,1.0,1.0,0.3623753956952345,instance,mutual_info_top6
0,0.45134132420091333,0.6,0.08490566037735847,0.3333333333333333,0.3062884153577067,1.0,0.5867895015073541,1.0,1.0,0.37102027190037296,instance,mutual_info_top6
0,0.1019095060190951,0.2,0.08490566037735847,0.3333333333333333,0.30278635788934355,0.5,0.5503400554810594,1.0,1.0,1.4460554514259614,instance,mutual_info_top6
0,0.5272958451253025,0.4,0.419047619047619,0.3333333333333333,0.32008411772787243,1.0,0.5378344327034089,1.0,1.0,-0.5374716070078824,instance,mutual_info_top6
0,0.16670379032557447,0.2,0.08490566037735847,0.3333333333333333,0.30976715995850085,0.0,0.4455142657335681,0.996661101836394,1.0,0.16943820435561185,instance,mutual_info_top6
0,0.1562024353120245,0.0,0.08490566037735847,0.3333333333333333,0.30392954272368206,0.0,0.4275852973534956,0.9849749582637729,1.0,-0.16601489663129212,instance,mutual_info_top6
0,0.49396251179196915,0.2,0.419047619047619,0.25,0.33552021828081563,0.4,0.3705212394393046,0.993322203672788,1.0,-0.23206581846424837,instance,mutual_info_top6
0,0.16670379032557447,0.0,0.08490566037735847,0.3333333333333333,0.30442842617450083,0.0,0.4119720055160616,0.989983305509182,1.0,0.2958210701397217,instance,mutual_info_top6
0,0.18524283935242847,0.2,0.17647058823529416,0.4583333333333333,0.3027841220987094,0.0,0.41671931365905746,0.996661101836394,1.0,0.339262533109263,instance,mutual_info_top6
0,0.3228691019786911,0.2,0.08490566037735847,0.3333333333333333,0.30286272706115164,0.0,0.28472477525001116,0.993322203672788,1.0,0.299552693795021,instance,mutual_info_top6
0,0.11998560892246812,0.0,0.17647058823529416,0.4583333333333333,0.3160828797930222,0.0,0.2421436682569872,0.9833055091819699,1.0,0.6988174768058614,instance,mutual_info_top6
0,0.16670379032557447,0.0,0.08490566037735847,0.3333333333333333,0.30468764993272607,0.0,0.3436632603192299,0.989983305509182,1.0,0.31524045321856187,instance,mutual_info_top6
0,0.5272958451253025,0.8,0.419047619047619,0.375,0.33643328499715686,1.0,0.6209638822185966,1.0,1.0,-0.35969803262189937,instance,mutual_info_top6
0,0.6770713782341689,1.0,0.419047619047619,0.2916666666666667,0.47886045735794325,0.75,0.6986711704676845,1.0,1.0,-0.5322919889191776,instance,mutual_info_top6
0,0.31998560892246797,0.2,0.17647058823529416,0.4583333333333333,0.361178543502085,1.0,0.5130340956393984,1.0,1.0,0.2871767563637049,instance,mutual_info_top6
0,0.1019095060190951,0.0,0.17647058823529416,0.4583333333333333,0.3028659061915369,0.0,0.3977097668410622,0.986644407345576,1.0,0.3179777209556929,instance,mutual_info_top6
0,0.7153355038668738,0.8,0.6764705882352942,0.5416666666666666,0.5679188617497475,0.3333333333333333,0.5374182187102854,1.0,1.0,-0.2371455693451769,instance,mutual_info_top6
0,0.49396251179196915,0.6,0.6764705882352942,0.5,0.3236410941212874,0.0,0.4416084032877142,0.998330550918197,1.0,-0.3585880709779716,instance,mutual_info_top6
0,0.111148234770019,0.0,0.08490566037735847,0.3333333333333333,0.30279713154525967,0.0,0.424553732964423,0.9833055091819699,1.0,0.5371627018592172,instance,mutual_info_top6
0,0.4158718250991319,0.4,0.08490566037735847,0.4166666666666667,0.3693212674284845,0.5,0.522546964514015,1.0,1.0,-0.01290982842185372,instance,mutual_info_top6
0,0.1019095060190951,0.2,0.08490566037735847,0.2916666666666667,0.30273988001202035,0.5,0.5626156721774576,1.0,1.0,0.5297796002661563,instance,mutual_info_top6
0,0.111148234770019,0.0,0.08490566037735847,0.3333333333333333,0.30328641643835264,0.0,0.25145866559524377,0.9666110183639399,1.0,0.8090299387993537,instance,mutual_info_top6
0,0.1019095060190951,0.0,0.08490566037735847,0.3333333333333333,0.3028537685939205,0.0,0.2865501394514822,0.9816360601001669,1.0,1.006125700684085,instance,mutual_info_top6
0,0.5826269337897245,0.4,0.7045454545454546,0.5416666666666666,0.3770162002575971,0.5,0.48369540308574643,0.998330550918197,1.0,-0.3704508445903758,instance,mutual_info_top6
0,0.37799926172019205,0.4,0.419047619047619,0.375,0.3138723845114523,0.6666666666666666,0.4958433510793695,0.998330550918197,1.0,-0.18696824544762913,instance,mutual_info_top6
0,0.362126245847176,0.4,0.419047619047619,0.25,0.3097187019242341,0.0,0.4317019826968127,0.998330550918197,1.0,-0.5098256069925978,instance,mutual_info_top6
0,0.07306684141546516,0.4,0.08490566037735847,0.3333333333333333,0.3039323754634976,0.5,0.4909389079635127,0.998330550918197,1.0,0.7636851181766866,instance,mutual_info_top6
0,0.49396251179196915,0.4,0.419047619047619,0.2916666666666667,0.3453035811276882,0.25,0.3927445725794927,0.994991652754591,1.0,-0.1956286142025082,instance,mutual_info_top6
0,0.11998560892246812,0.0,0.05797101449275366,0.25,0.31204361217462606,0.0,0.3034689238411077,0.9682804674457429,1.0,0.9162501932763606,instance,mutual_info_top6
0,0.827068969969272,1.0,0.6764705882352942,0.4166666666666667,0.6984847750947959,1.0,0.6327039569509474,1.0,1.0,-0.6393136297517032,instance,mutual_info_top6
0,0.5272958451253025,0.2,0.419047619047619,0.2916666666666667,0.32737531015884336,0.25,0.4972258100406577,0.998330550918197,1.0,-0.2259154962449377,instance,mutual_info_top6
0,0.6992936004563912,1.0,0.8888888888888888,0.25,0.6297810747153701,1.0,0.609772803431943,1.0,1.0,-0.6760046684388902,instance,mutual_info_top6
0,0.6562200073827982,0.8,0.419047619047619,0.25,0.3152627309903539,0.6666666666666666,0.5679870857376581,1.0,1.0,0.11639767591962523,instance,mutual_info_top6
0,0.7153355038668738,0.8,0.1578947368421053,0.2916666666666667,0.5403987978320047,1.0,0.5803121764869528,1.0,1.0,-0.08427874745676166,instance,mutual_info_top6
0,0.362126245847176,0.4,0.419047619047619,0.25,0.3075927416594618,0.3333333333333333,0.33858662002230167,0.996661101836394,1.0,-0.32410975682708154,instance,mutual_info_top6
0,0.7640538223006591,0.2,0.7957957957957957,0.2916666666666667,0.8825207151143455,0.0,0.4396164782068914,0.998330550918197,1.0,-0.6316762054832418,instance,mutual_info_top6
0,0.6992936004563912,0.8,0.419047619047619,0.2916666666666667,0.584444365315583,0.5,0.4768842383448004,0.998330550918197,1.0,-0.4796227104933503,instance,mutual_info_top6
0,0.16670379032557447,0.2,0.05797101449275366,0.2916666666666667,0.3060762791392535,0.5,0.4295014434822019,0.996661101836394,1.0,0.023832985480094455,instance,mutual_info_top6
0,0.5093946105574012,0.4,0.08490566037735847,0.3333333333333333,0.40059354567990224,0.0,0.4330935101103721,0.996661101836394,1.0,0.2901025591280042,instance,mutual_info_top6
0,0.1562024353120245,0.0,0.08490566037735847,0.2916666666666667,0.30276899078587005,0.0,0.33955632456274676,0.988313856427379,0.8333333333333334,-0.04603857297566181,instance,mutual_info_top6
0,0.8492911921914943,1.0,0.9636363636363636,0.4583333333333333,0.8648518915877503,1.0,0.6784591753269162,1.0,1.0,-1.0693930394483533,instance,mutual_info_top6
0,0.111148234770019,0.0,0.08490566037735847,0.3333333333333333,0.3035871453864126,0.0,0.20884431251555435,0.9699499165275459,1.0,0.4618120980223786,instance,mutual_info_top6
0,0.07306684141546516,0.0,0.05797101449275366,0.25,0.305065969026756,0.0,0.3014887456490296,0.9682804674457429,1.0,0.8999067891196865,instance,mutual_info_top6
0,0.7375577260890962,0.8,0.6764705882352942,0.5833333333333334,0.6104665251604516,0.6666666666666666,0.33620374819674137,0.998330550918197,1.0,-0.23461642468079946,instance,mutual_info_top6
0,0.45483286406017087,0.2,0.6470588235294117,0.25,0.35252572036776464,0.3333333333333333,0.4589233538031239,0.996661101836394,1.0,0.0923136333604669,instance,mutual_info_top6
0,0.2668881506090809,0.0,0.08490566037735847,0.2916666666666667,0.30311948218523665,0.0,0.31695507673101475,0.9799666110183639,0.8333333333333334,-0.35723482682963,instance,mutual_info_top6
0,0.7745947631261332,0.6,0.6764705882352942,0.4166666666666667,0.5246747617057271,1.0,0.562290940646849,1.0,1.0,-0.2519968641407709,instance,mutual_info_top6
0,0.7880627765941467,1.0,0.6764705882352942,0.5,0.7758068066432361,1.0,0.6266665520828045,1.0,1.0,-0.47985079409445247,instance,mutual_info_top6
0,0.36688815060908087,0.4,0.419047619047619,0.25,0.3160724376957864,0.5,0.5008111669912724,1.0,1.0,-0.17498646473724605,instance,mutual_info_top6
0,0.47301468224198906,0.2,0.17647058823529416,0.4583333333333333,0.32692745758115693,0.5,0.4364588434520512,0.994991652754591,1.0,0.01971858695646757,instance,mutual_info_top6
0,0.6992936004563912,0.8,0.419047619047619,0.2916666666666667,0.6772122992604609,1.0,0.5786855217797693,1.0,1.0,-0.5530679120745903,instance,mutual_info_top6
0,0.37799926172019205,0.2,0.08490566037735847,0.2916666666666667,0.31437205577330535,0.0,0.4322018870724085,0.994991652754591,1.0,-0.15315138123181024,instance,mutual_info_top6
0,0.5068968797564688,0.8,0.05797101449275366,0.2916666666666667,0.30276214000580204,1.0,0.612725592138101,1.0,1.0,0.40971232478514125,instance,mutual_info_top6
0,0.45134132420091333,0.4,0.08490566037735847,0.4166666666666667,0.3060544344149534,0.3333333333333333,0.5600754517508266,1.0,1.0,0.33069567058505367,instance,mutual_info_top6
0,0.7820021705335406,1.0,0.1578947368421053,0.2916666666666667,0.42952611548087394,1.0,0.6704477888414277,1.0,1.0,-0.12189939956184105,instance,mutual_info_top6
0,0.6227933033678588,0.8,0.05797101449275366,0.25,0.3369447037200126,1.0,0.5159946797246626,1.0,1.0,0.015346504981040772,instance,mutual_info_top6
0,0.5272958451253025,0.4,0.419047619047619,0.25,0.36407541156377293,0.0,0.48836163671516575,0.996661101836394,1.0,-0.7654599541039369,instance,mutual_info_top6
0,0.5956732254587735,0.6,0.7045454545454546,0.375,0.7565473732274264,1.0,0.5698993593021493,1.0,1.0,-0.18900921103151083,instance,mutual_info_top6
0,0.3191908577433339,0.0,0.05797101449275366,0.25,0.38484150102361137,0.0,0.25158924229073154,0.9849749582637729,1.0,0.5910762978845165,instance,mutual_info_top6
0,0.111148234770019,0.0,0.08490566037735847,0.3333333333333333,0.3032897620275179,0.0,0.1942020168008819,0.9532554257095158,1.0,0.7619806202236902,instance,mutual_info_top6
0,0.111148234770019,0.0,0.08490566037735847,0.3333333333333333,0.3045188350418727,0.0,0.27811129795646794,0.9599332220367279,1.0,0.5355256002996602,instance,mutual_info_top6
0,0.5093946105574012,0.6,0.08490566037735847,0.3333333333333333,0.36620466478083813,1.0,0.6254414970089603,1.0,1.0,0.30276040189068076,instance,mutual_info_top6
0,0.36688815060908087,0.4,0.419047619047619,0.25,0.3214191727085757,0.0,0.468106616392008,0.994991652754591,1.0,-0.5110547216033873,instance,mutual_info_top6
0,0.22286910197869103,0.2,0.08490566037735847,0.3333333333333333,0.3031253948386704,0.5,0.616605339169786,1.0,1.0,-0.018098908304342975,instance,mutual_info_top6
0,0.1019095060190951,0.0,0.08490566037735847,0.3333333333333333,0.3029705322395063,0.0,0.3728679450861617,0.989983305509182,1.0,0.6065757640138424,instance,mutual_info_top6
0,0.07306684141546516,0.2,0.05797101449275366,0.2916666666666667,0.30325205446130854,0.0,0.3820582540608931,0.996661101836394,1.0,1.065915727166519,instance,mutual_info_top6
0,0.2668881506090809,0.0,0.419047619047619,0.25,0.3041427721275578,0.0,0.2860646657360063,0.9682804674457429,1.0,-0.3238071001224917,instance,mutual_info_top6
0,0.273014682241989,0.0,0.08490566037735847,0.3333333333333333,0.33856319333944906,0.0,0.3682655436724407,0.9799666110183639,1.0,0.25634498008531403,instance,mutual_info_top6
0,0.273014682241989,0.4,0.08490566037735847,0.3333333333333333,0.3073768137053041,1.0,0.5771063370607934,1.0,1.0,0.214235230169144,instance,mutual_info_top6
0,0.07306684141546516,0.0,0.08490566037735847,0.3333333333333333,0.3052199668548182,0.0,0.35465855220401,0.986644407345576,1.0,1.0195268472046508,instance,mutual_info_top6
0,0.6783488589234143,1.0,0.08490566037735847,0.2916666666666667,0.43558735675249083,1.0,0.6035203618123586,1.0,1.0,-0.01423410787964564,instance,mutual_info_top6
0,0.273014682241989,0.0,0.08490566037735847,0.4166666666666667,0.3168389405807924,0.0,0.3398181052329583,0.989983305509182,1.0,0.39013130232539606,instance,mutual_info_top6
0,0.5201010733672291,0.4,0.3076923076923077,0.3333333333333333,0.7957655054001302,0.0,0.45387778111667254,0.998330550918197,1.0,0.11726152020303877,instance,mutual_info_top6
0,0.111148234770019,0.0,0.08490566037735847,0.3333333333333333,0.3048839636751298,0.0,0.35263136818329077,0.9799666110183639,1.0,0.5239326264871718,instance,mutual_info_top6
0,0.273014682241989,0.0,0.05797101449275366,0.25,0.31370633829966776,0.5,0.4460994663030068,0.9849749582637729,1.0,0.18334763592669578,instance,mutual_info_top6
0,0.7153355038668738,0.8,0.1578947368421053,0.2916666666666667,0.6152188113080355,1.0,0.5039234948038922,1.0,1.0,-0.07813257748633577,instance,mutual_info_top6
0,0.22286910197869103,0.2,0.08490566037735847,0.2916666666666667,0.3038775241107685,0.0,0.4001752707697176,0.993322203672788,0.8333333333333334,0.08470013296219318,instance,mutual_info_top6
0,0.111148234770019,0.0,0.08490566037735847,0.3333333333333333,0.3030344257034899,0.0,0.30670962473095775,0.9616026711185309,1.0,0.7596160453327728,instance,mutual_info_top6
0,0.45483286406017087,0.6,0.6470588235294117,0.4583333333333333,0.37208010358911436,0.6666666666666666,0.5209693270810731,1.0,1.0,-0.10666244045972707,instance,mutual_info_top6
0,0.07306684141546516,0.2,0.08490566037735847,0.3333333333333333,0.30403833800424696,0.0,0.3476581484396821,0.993322203672788,1.0,0.881626329099086,instance,mutual_info_top6
0,0.6255149684152705,0.4,0.6764705882352942,0.375,0.839944572135438,0.5,0.45408213763754,0.998330550918197,1.0,-0.23272854229809736,instance,mutual_info_top6
0,0.1019095060190951,0.0,0.08490566037735847,0.3333333333333333,0.3031157037381137,0.0,0.39897904096326064,0.989983305509182,1.0,1.0297074498937961,instance,mutual_info_top6
0,0.362126245847176,0.4,0.8888888888888888,0.16666666666666666,0.3370324303786941,1.0,0.5255223772808122,1.0,1.0,-0.5948030419673584,instance,mutual_info_top6
0,0.111148234770019,0.0,0.08490566037735847,0.3333333333333333,0.3042873261109766,0.0,0.3436262341059495,0.9816360601001669,1.0,0.23465495544347445,instance,mutual_info_top6
0,0.5606291784586359,0.8,0.419047619047619,0.4583333333333333,0.5947707409289834,0.8,0.622630890104666,1.0,1.0,-0.4690429765062262,instance,mutual_info_top6
0,0.4097452934662237,0.0,0.419047619047619,0.25,0.3042045518698048,0.0,0.35182639548715666,0.991652754590985,1.0,-0.13145951570757577,instance,mutual_info_top6
0,0.4303019688544448,0.2,0.1578947368421053,0.2916666666666667,0.5548001297047858,0.3333333333333333,0.5766186034063012,1.0,1.0,0.34864422520750793,instance,mutual_info_top6
0,0.5093946105574012,0.0,0.08490566037735847,0.3333333333333333,0.35868461008888153,0.0,0.370077183262821,0.9799666110183639,1.0,0.6240571753928891,instance,mutual_info_top6
0,0.8745948359161907,1.0,0.9636363636363636,0.5,0.8128649518465627,1.0,0.6826974418604879,1.0,1.0,-0.39325545767173964,instance,mutual_info_top6
0,0.753430741962112,0.8,0.6764705882352942,0.5833333333333334,0.5186905817857936,1.0,0.6186466258430503,1.0,1.0,-0.21860021746506147,instance,mutual_info_top6
0,0.3608575244100004,0.4,0.05797101449275366,0.25,0.3842560680845516,0.0,0.40186485208941614,0.996661101836394,1.0,0.525838137687233,instance,mutual_info_top6
0,0.273014682241989,0.0,0.08490566037735847,0.3333333333333333,0.35974880203513915,0.0,0.24067386468515017,0.991652754590985,1.0,0.16590462313189136,instance,mutual_info_top6
0,0.3608575244100004,0.0,0.05797101449275366,0.25,0.42443547036140505,0.0,0.35351311511501493,0.9849749582637729,1.0,0.45691084481234845,instance,mutual_info_top6
0,0.15876728238906657,0.0,0.08490566037735847,0.3333333333333333,0.30336369305232014,0.0,0.4018584388251446,0.9682804674457429,1.0,0.3395734695036681,instance,mutual_info_top6
0,0.45134132420091333,0.6,0.08490566037735847,0.2916666666666667,0.30881447859065725,0.3333333333333333,0.472544142919717,0.998330550918197,1.0,0.17412398134557724,instance,mutual_info_top6
0,0.4097452934662237,0.4,0.419047619047619,0.25,0.30625228402721394,0.5,0.31800115037816845,0.994991652754591,1.0,-0.45787093758096453,instance,mutual_info_top6
0,0.7521490603958971,1.0,0.6764705882352942,0.4166666666666667,0.8014997212418091,1.0,0.5786813407723201,1.0,1.0,-0.2984590251733821,instance,mutual_info_top6
0,0.1019095060190951,0.2,0.17647058823529416,0.4583333333333333,0.30289701038170447,0.0,0.4448929774497331,0.994991652754591,1.0,0.7009876561259956,instance,mutual_info_top6
0,0.16670379032557447,0.4,0.08490566037735847,0.3333333333333333,0.30978533788612844,1.0,0.6056156922192041,1.0,1.0,0.17107746296640397,instance,mutual_info_top6
0,0.273014682241989,0.0,0.05797101449275366,0.25,0.32309708015182537,0.0,0.374927723577421,0.988313856427379,1.0,0.30550248977123096,instance,mutual_info_top6
0,0.11998560892246812,0.0,0.17647058823529416,0.4583333333333333,0.32244231131613577,0.0,0.2267422767181786,0.9749582637729549,1.0,0.6145548558353772,instance,mutual_info_top6
0,0.2668881506090809,0.0,0.08490566037735847,0.4166666666666667,0.30415289930862677,0.0,0.2914933047417486,0.9732888146911519,1.0,-0.03392914922187381,instance,mutual_info_top6
0,0.07306684141546516,0.0,0.08490566037735847,0.3333333333333333,0.3040989181857049,0.0,0.36580467533709493,0.989983305509182,1.0,0.7478065784292295,instance,mutual_info_top6
0,0.273014682241989,0.0,0.05797101449275366,0.25,0.3180853720318959,0.0,0.2661464642637196,0.9732888146911519,1.0,0.33200946643111595,instance,mutual_info_top6
0,0.273014682241989,0.2,0.08490566037735847,0.3333333333333333,0.36974888621558677,0.3333333333333333,0.316957172276648,0.998330550918197,1.0,0.10877144445978656,instance,mutual_info_top6
0,0.5705057216685123,1.0,0.1578947368421053,0.2916666666666667,0.3444704984188802,1.0,0.5369023889338163,1.0,1.0,0.1979442008291525,instance,mutual_info_top6
0,0.273014682241989,0.0,0.05797101449275366,0.25,0.3305498410288995,0.0,0.3631321153987116,0.9799666110183639,1.0,0.18989851805074953,instance,mutual_info_top6
0,0.111148234770019,0.0,0.08490566037735847,0.3333333333333333,0.3037641877523539,0.0,0.2165006771710979,0.9582637729549248,1.0,0.6952488018261581,instance,mutual_info_top6
0,0.6783488589234143,1.0,0.6470588235294117,0.25,0.34954978262546,1.0,0.6277785378578504,1.0,1.0,-0.37215356595120624,instance,mutual_info_top6
0,0.3608575244100004,0.0,0.05797101449275366,0.25,0.4576898118810582,0.0,0.2075011362357858,0.9849749582637729,1.0,0.5696677133746663,instance,mutual_info_top6
0,0.8070021705335406,0.4,0.9602272727272727,0.4583333333333333,0.6246711136835064,0.5,0.45851450117547143,0.996661101836394,1.0,-0.4496992465778104,instance,mutual_info_top6
0,0.36688815060908087,0.4,0.6470588235294117,0.375,0.3121919182563472,0.25,0.6521229786159886,1.0,1.0,-0.33347129016633964,instance,mutual_info_top6
1,0.5696980311455551,0.8,0.32352941176470584,0.5833333333333334,0.4069005547968384,1.0,0.6431030760254467,1.0,1.0,-0.26654923870080044,instance,mutual_info_top6
1,0.12754191622056144,0.0,0.036363636363636376,0.4583333333333333,0.12974133382872266,0.0,0.34670619644497624,0.9928520371694067,1.0,0.4808306805130791,instance,mutual_info_top6
1,0.1421188630490956,0.2,0.20420420420420415,0.9166666666666666,0.09546387393217914,0.0,0.42133453437297264,0.9971408148677627,1.0,0.9654622406601604,instance,mutual_info_top6
1,0.2179978294664594,0.4,0.2954545454545454,0.5416666666666666,0.5889442252700637,0.6666666666666666,0.45201055923800015,0.9992852037169406,1.0,0.23040811119767157,instance,mutual_info_top6
1,0.2524782710829222,0.2,0.20420420420420415,0.2916666666666667,0.10287973472076828,0.0,0.38459347892460394,0.9985704074338814,1.0,0.7205868724788657,instance,mutual_info_top6
1,0.1217890256877946,0.2,0.20420420420420415,0.375,0.09178265693703752,0.0,0.3177082260189601,0.997855611150822,1.0,1.6557084825721775,instance,mutual_info_top6
1,0.09561525271495064,0.0,0.036363636363636376,0.4583333333333333,0.10190487179168356,0.0,0.28505028300232393,0.9799857040743388,1.0,1.1917202133931601,instance,mutual_info_top6
1,0.4300405871402849,0.6,0.32352941176470584,0.375,0.45510605918079283,1.0,0.595955281482021,1.0,1.0,-0.21445212879591033,instance,mutual_info_top6
1,0.09561525271495064,0.0,0.036363636363636376,0.4583333333333333,0.17844348985938147,0.0,0.3426948582125203,0.9792709077912795,1.0,0.721364841109915,instance,mutual_info_top6
1,0.2179978294664594,0.4,0.3529411764705882,0.4166666666666667,0.6047483894274873,0.3333333333333333,0.5351038395328362,1.0,1.0,-0.040144254882112936,instance,mutual_info_top6
1,0.21383116279979264,0.0,0.32352941176470584,0.4583333333333333,0.23570441627864652,0.0,0.3760112044955791,0.9928520371694067,1.0,0.43498623372332634,instance,mutual_info_top6
1,0.019345238095238138,0.0,0.036363636363636376,0.375,0.0912052491398545,0.0,0.3501587450883811,0.9892780557541101,1.0,1.4768021090400718,instance,mutual_info_top6
1,0.057234714873603765,0.2,0.036363636363636376,0.3333333333333333,0.09323959960156553,0.0,0.49671262729343213,0.9992852037169406,1.0,1.059203407728023,instance,mutual_info_top6
1,0.09976413844278376,0.0,0.8421052631578947,0.375,0.17451106078865897,0.0,0.31242334281679596,0.9728377412437456,1.0,0.3927881802449907,instance,mutual_info_top6
1,0.02390138154027044,0.0,0.036363636363636376,0.5833333333333334,0.10026135218891097,0.0,0.29440278689709776,0.9756969263759828,1.0,0.8180935624036466,instance,mutual_info_top6
1,0.1254051640838093,0.0,0.036363636363636376,0.3333333333333333,0.18015065132528607,0.0,0.3994949740031808,0.9942816297355254,1.0,0.63331739564934,instance,mutual_info_top6
1,0.007440476190476275,0.0,0.036363636363636376,0.3333333333333333,0.10357811215099971,0.0,0.28544640426726353,0.9799857040743388,1.0,0.7594125557478418,instance,mutual_info_top6
1,0.12125627835597619,0.0,0.036363636363636376,0.4583333333333333,0.1332342639705842,0.0,0.37504540748703763,0.9878484631879915,1.0,0.5505502971150376,instance,mutual_info_top6
1,0.06556804820693707,0.0,0.036363636363636376,0.5416666666666666,0.09678388532344179,0.0,0.24021308791228557,0.9942816297355254,1.0,1.0033677137864851,instance,mutual_info_top6
1,0.52217125382263,0.4,0.15476190476190477,0.5,0.645066073252012,0.0,0.44044519436010676,0.997855611150822,1.0,-0.1032729813582485,instance,mutual_info_top6
1,0.4393708215413642,0.4,0.5809523809523809,0.4166666666666667,0.5382204043633534,0.5,0.5576405662116402,1.0,1.0,0.33378477790369887,instance,mutual_info_top6
1,0.02390138154027044,0.0,0.036363636363636376,0.4583333333333333,0.10857365399967467,0.0,0.3115744930143749,0.9835596854896355,1.0,0.8983138255212243,instance,mutual_info_top6
1,0.2624422739109038,0.4,0.036363636363636376,0.5,0.3015308320127794,0.0,0.4984591745960558,0.9992852037169406,1.0,0.18281361507933913,instance,mutual_info_top6
1,0.17147330617965217,0.0,0.20420420420420415,0.375,0.10347055036135033,0.0,0.3185349778135861,0.9914224446032881,1.0,0.6460443307118735,instance,mutual_info_top6
1,0.17642236817553136,0.0,0.036363636363636376,0.4583333333333333,0.11621626510914196,0.0,0.385742248743849,0.9878484631879915,1.0,0.6648933536742899,instance,mutual_info_top6
1,0.09561525271495064,0.0,0.036363636363636376,0.4583333333333333,0.14215245357240153,0.0,0.3336740599164547,0.9664045746962115,1.0,0.8907518213847367,instance,mutual_info_top6
1,0.07664099743307673,0.0,0.20420420420420415,0.4166666666666667,0.09621454750526387,0.2,0.39054559861110316,0.995711222301644,1.0,1.335921086645168,instance,mutual_info_top6
1,0.31323225996610427,0.4,0.036363636363636376,0.3333333333333333,0.1217707712636204,0.3333333333333333,0.3968585639794484,0.9992852037169406,1.0,0.443244469685728,instance,mutual_info_top6
1,0.0940112479100167,0.0,0.20420420420420415,0.375,0.0946456311756636,0.0,0.3216149245826362,0.995711222301644,0.8333333333333334,1.3835307180791507,instance,mutual_info_top6
1,0.19793281653746764,0.4,0.32352941176470584,0.5,0.12797713523982063,0.3333333333333333,0.48690172504914286,0.9985704074338814,1.0,0.4931063703485672,instance,mutual_info_top6
1,0.21383116279979264,0.0,0.32352941176470584,0.4583333333333333,0.21923671352406632,0.0,0.3928104042043157,0.9885632594710507,1.0,0.3072888510758351,instance,mutual_info_top6
1,0.19793281653746764,0.0,0.03977272727272729,0.3333333333333333,0.10356376218560026,0.0,0.42601863070458235,0.9964260185847034,1.0,0.34791133438856064,instance,mutual_info_top6
1,0.022222222222222143,0.2,0.15476190476190477,0.375,0.25514458593637956,0.0,0.47870705505808797,0.9992852037169406,1.0,0.5097352052939137,instance,mutual_info_top6
1,0.41229503943545043,0.2,0.5809523809523809,0.25,0.6937892486560012,0.0,0.3556418466285528,0.997855611150822,1.0,-0.09564534759135347,instance,mutual_info_top6
1,0.17147330617965217,0.6,0.20420420420420415,0.375,0.09556799622573331,0.0,0.4973926854779622,0.9992852037169406,1.0,0.7875704003750778,instance,mutual_info_top6
1,0.007440476190476275,0.0,0.036363636363636376,0.4583333333333333,0.15893066725132277,0.0,0.20817232617395875,0.9249463902787706,1.0,1.0319518660447204,instance,mutual_info_top6
1,0.17642236817553136,0.0,0.036363636363636376,0.4583333333333333,0.11533787815800789,0.0,0.26260283911003224,0.9899928520371694,1.0,0.570216706957068,instance,mutual_info_top6
1,0.4906053894425987,0.4,0.2954545454545454,0.5416666666666666,0.6222103381834003,0.5,0.42004646303332094,0.9992852037169406,1.0,-0.18565782941044892,instance,mutual_info_top6
1,0.0495424071812961,0.2,0.036363636363636376,0.5416666666666666,0.09696941340412268,0.5,0.47390890509224703,0.9992852037169406,1.0,0.9288161383053433,instance,mutual_info_top6
1,0.2465753424657534,0.4,0.9150943396226415,0.25,0.6972358537407394,0.5,0.47133083099399187,0.9992852037169406,0.8333333333333334,-0.23897211150002048,instance,mutual_info_top6
1,0.41229503943545043,0.2,0.5809523809523809,0.25,0.6865798477837498,0.0,0.44772014489093404,0.9992852037169406,1.0,0.08585823869116523,instance,mutual_info_top6
1,0.09674681753889669,0.2,0.20420420420420415,0.9166666666666666,0.0967530934834796,0.5,0.3889187112346323,0.997855611150822,1.0,1.2257746385137538,instance,mutual_info_top6
1,0.323182707889054,0.6,0.20420420420420415,0.625,0.10318420853880428,0.5,0.4750122529415931,0.9992852037169406,1.0,0.48127740367289623,instance,mutual_info_top6
1,0.019345238095238138,0.0,0.20420420420420415,0.5416666666666666,0.09200121617913498,0.0,0.35940814835529244,0.9907076483202287,1.0,1.3631239264620285,instance,mutual_info_top6
1,0.019345238095238138,0.0,0.036363636363636376,0.375,0.09205534449836045,0.0,0.36266033493813943,0.9914224446032881,1.0,1.3312013810261698,instance,mutual_info_top6
1,0.13491933412429524,0.0,0.32352941176470584,0.5,0.15852226549161647,0.0,0.3265032500381957,0.9964260185847034,1.0,0.5590407929551605,instance,mutual_info_top6
1,0.4616062437059415,0.8,0.20420420420420415,0.5833333333333334,0.10337620305011452,1.0,0.625283664584707,1.0,1.0,0.3961349406267939,instance,mutual_info_top6
1,0.09561525271495064,0.0,0.036363636363636376,0.4583333333333333,0.13224995629780922,0.0,0.2728437070667423,0.9907076483202287,1.0,0.6974024563085054,instance,mutual_info_top6
1,0.09561525271495064,0.0,0.036363636363636376,0.4583333333333333,0.09945464927805142,0.0,0.3811435782219439,0.9706933523945676,1.0,1.002458591770898,instance,mutual_info_top6
1,0.5451671359398291,0.6,0.3529411764705882,0.375,0.6621663461587854,0.0,0.42902023692518887,0.9992852037169406,1.0,-0.026308835171758554,instance,mutual_info_top6
1,0.02390138154027044,0.0,0.036363636363636376,0.3333333333333333,0.09910446958396057,0.0,0.29161696237562296,0.9599714081486777,1.0,0.8544721134139134,instance,mutual_info_top6
1,0.12754191622056144,0.2,0.036363636363636376,0.4583333333333333,0.15995465357655103,0.3333333333333333,0.3047658112847964,0.997855611150822,1.0,0.4637412241764301,instance,mutual_info_top6
1,0.06043729372937301,0.0,0.20420420420420415,0.5416666666666666,0.09152627402015118,0.0,0.39425431363935637,0.9942816297355254,1.0,1.3712051798118068,instance,mutual_info_top6
1,0.37270415487469755,0.6,0.5809523809523809,0.2916666666666667,0.5849205936478185,1.0,0.533409382698725,1.0,1.0,0.18312781267136818,instance,mutual_info_top6
1,0.007440476190476275,0.0,0.036363636363636376,0.4583333333333333,0.1128818262732853,0.0,0.1660509800841251,0.9163688348820587,1.0,1.3035897639128224,instance,mutual_info_top6
1,0.044782608695652204,0.0,0.036363636363636376,0.4583333333333333,0.09257658575774014,0.0,0.2959244417646637,0.9864188706218727,1.0,1.4448258720334695,instance,mutual_info_top6
1,0.16499452209421994,0.2,0.5809523809523809,0.4166666666666667,0.1853692298912411,0.3333333333333333,0.508688035460491,1.0,1.0,0.5672451252327366,instance,mutual_info_top6
1,0.6220007382798081,1.0,0.5809523809523809,0.3333333333333333,0.6922374728648846,1.0,0.7049034032493351,1.0,1.0,0.0702259122302869,instance,mutual_info_top6
1,0.18401340261805377,0.2,0.20420420420420415,0.375,0.09597612253476218,0.0,0.38454490993964807,0.9971408148677627,1.0,1.0219984028330833,instance,mutual_info_top6
1,0.37448503158472946,0.6,0.32352941176470584,0.4166666666666667,0.1396956524484323,0.5,0.6139486004260448,1.0,1.0,0.3329815216058845,instance,mutual_info_top6
1,0.007440476190476275,0.0,0.036363636363636376,0.5416666666666666,0.09193408157486138,0.0,0.3289341977339758,0.9964260185847034,1.0,1.3058363879065849,instance,mutual_info_top6
1,0.09976413844278376,0.0,0.036363636363636376,0.4583333333333333,0.21777802678057262,0.0,0.2598075526096755,0.9463902787705504,1.0,0.5141726802533138,instance,mutual_info_top6
1,0.0872230080150872,0.2,0.20420420420420415,0.4166666666666667,0.11068300482286897,0.3333333333333333,0.4322150966072541,0.9992852037169406,1.0,2.171816068060284,instance,mutual_info_top6
1,0.04473471487360381,0.2,0.036363636363636376,0.3333333333333333,0.09902719165579976,0.0,0.33830686865445614,0.9971408148677627,1.0,0.7054030983386597,instance,mutual_info_top6
1,0.5486586757990868,0.8,0.2954545454545454,0.5416666666666666,0.695393328200444,1.0,0.5922695443751578,1.0,1.0,-0.054298558909395625,instance,mutual_info_top6
1,0.0,0.0,0.20420420420420415,0.4166666666666667,0.31687826396948093,0.0,0.3120171386323768,0.9899928520371694,0.5,2.171537639537724,instance,mutual_info_top6
1,0.21383116279979264,0.2,0.5809523809523809,0.4166666666666667,0.2554871049589872,0.0,0.356124991250365,0.9971408148677627,1.0,0.3216770400828418,instance,mutual_info_top6
1,0.12426004505212429,0.2,0.20420420420420415,0.375,0.09231873651044376,0.0,0.40321005207513316,0.9971408148677627,1.0,1.6177718871888653,instance,mutual_info_top6
1,0.17147330617965217,0.2,0.20420420420420415,0.7916666666666666,0.09807125421856472,0.0,0.4247965716536397,0.9971408148677627,1.0,0.8612334807325963,instance,mutual_info_top6
1,0.007440476190476275,0.0,0.036363636363636376,0.3333333333333333,0.0913198789284797,0.0,0.21493568843450184,0.9635453895639743,1.0,1.6529201970141758,instance,mutual_info_top6
1,0.019345238095238138,0.2,0.036363636363636376,0.375,0.0946622781338971,0.0,0.49161594172854317,0.9992852037169406,1.0,0.7292714460457761,instance,mutual_info_top6
1,0.09674681753889669,0.0,0.036363636363636376,0.375,0.09202442184329068,0.0,0.3432873588371227,0.9892780557541101,1.0,1.866709590382618,instance,mutual_info_top6
1,0.21972768833233947,0.2,0.036363636363636376,0.5,0.09442617497216871,0.5,0.4221123383905212,0.9971408148677627,1.0,0.9788211897050969,instance,mutual_info_top6
1,0.0,0.0,0.20420420420420415,0.4166666666666667,0.2733861899467045,0.0,0.3083782883478817,0.9942816297355254,0.3333333333333333,2.5396815836747937,instance,mutual_info_top6
1,0.17806102166567284,0.0,0.036363636363636376,0.4583333333333333,0.09287482894916044,0.0,0.31190640287608085,0.9878484631879915,1.0,1.315198164828787,instance,mutual_info_top6
1,0.3388379204892966,0.4,0.15476190476190477,0.5,0.6818863222839082,0.0,0.4643641995326334,0.9992852037169406,1.0,-0.032420043444059125,instance,mutual_info_top6
1,0.31323225996610427,0.4,0.20420420420420415,0.4583333333333333,0.11779811681178415,0.4,0.5080608538847012,1.0,1.0,0.34350243898176236,instance,mutual_info_top6
1,0.8332962096744255,1.0,0.3529411764705882,0.375,0.6917106254374247,1.0,0.6698826118748702,1.0,1.0,-0.04008236078646461,instance,mutual_info_top6
1,0.3007063995436088,0.2,0.036363636363636376,0.5,0.312407156699417,0.3333333333333333,0.40470342032223716,0.9971408148677627,1.0,0.6300521839658,instance,mutual_info_top6
1,0.09674681753889669,0.0,0.036363636363636376,0.375,0.09193273611112007,0.0,0.4030336226366227,0.9942816297355254,1.0,1.6590701302539914,instance,mutual_info_top6
1,0.4603186510913443,1.0,0.3529411764705882,0.375,0.6902756909757543,1.0,0.522007490867465,1.0,1.0,-0.45938407224241595,instance,mutual_info_top6
1,0.19793281653746764,0.2,0.32352941176470584,0.3333333333333333,0.11582370043952617,0.3333333333333333,0.5160564578808391,1.0,1.0,0.5976075116898706,instance,mutual_info_top6
1,0.02390138154027044,0.0,0.036363636363636376,0.3333333333333333,0.10261772518556989,0.0,0.28165082540600894,0.9771265189421015,1.0,0.8368729534025754,instance,mutual_info_top6
1,0.34377999261720193,0.4,0.32352941176470584,0.5833333333333334,0.6775632472160528,0.0,0.34026257300121976,0.997855611150822,1.0,0.026907599935154628,instance,mutual_info_top6
1,0.22526929700314124,0.0,0.036363636363636376,0.3333333333333333,0.15667570700895272,0.0,0.32854981671035455,0.9899928520371694,1.0,0.38906222430193527,instance,mutual_info_top6
1,0.007440476190476275,0.0,0.036363636363636376,0.3333333333333333,0.09519479776267703,0.0,0.323468085442689,0.9685489635453896,1.0,1.496549521824886,instance,mutual_info_top6
1,0.2524782710829222,0.2,0.20420420420420415,0.2916666666666667,0.11059097588553563,0.2,0.5938480151572535,1.0,1.0,0.47263678172807816,instance,mutual_info_top6
1,0.1421188630490956,0.0,0.20420420420420415,0.4166666666666667,0.09883313663499349,0.0,0.40792352541003196,0.9928520371694067,1.0,0.9410544901983514,instance,mutual_info_top6
1,0.41229503943545043,0.2,0.32352941176470584,0.5833333333333334,0.6914862574692279,0.3333333333333333,0.4137039153627271,0.9992852037169406,1.0,-0.03301436929528046,instance,mutual_info_top6
1,0.22545219638242886,0.2,0.20420420420420415,0.7916666666666666,0.0948954456098936,0.0,0.4109676510523069,0.9971408148677627,1.0,0.8251855682955898,instance,mutual_info_top6
1,0.19793281653746764,0.0,0.20420420420420415,0.5416666666666666,0.10104664872205571,0.0,0.3525106488129597,0.9914224446032881,1.0,0.6877714172650986,instance,mutual_info_top6
1,0.019345238095238138,0.2,0.20420420420420415,0.5833333333333334,0.09605331782464582,0.3333333333333333,0.6291864391028577,1.0,1.0,1.0427655076922708,instance,mutual_info_top6
1,0.4173730662102755,0.4,0.32352941176470584,0.5833333333333334,0.6634790200567883,0.25,0.44000009915121996,0.9992852037169406,1.0,-0.03817546823505057,instance,mutual_info_top6
1,0.1254051640838093,0.0,0.036363636363636376,0.4583333333333333,0.22245651920215137,0.0,0.3212167150717954,0.9964260185847034,1.0,0.5286731707087278,instance,mutual_info_top6
1,0.5183831672203765,0.8,0.32352941176470584,0.5416666666666666,0.6792663111330087,1.0,0.5457351893293163,1.0,1.0,-0.21838279852018283,instance,mutual_info_top6
1,0.17642236817553136,0.2,0.036363636363636376,0.3333333333333333,0.13009966221928349,0.0,0.4443588543694429,0.9971408148677627,1.0,0.5007206345968681,instance,mutual_info_top6
1,0.044782608695652204,0.0,0.036363636363636376,0.3333333333333333,0.10785223347806533,0.0,0.3071325353561303,0.9835596854896355,1.0,0.8073786894929831,instance,mutual_info_top6
1,0.2081683999215631,0.4,0.20420420420420415,0.2916666666666667,0.14502361712519052,0.0,0.48082421557395416,0.9992852037169406,1.0,0.48427345724572435,instance,mutual_info_top6
1,0.5855710470185709,0.8,0.32352941176470584,0.375,0.539951186620881,0.0,0.4901628039178063,0.9992852037169406,1.0,-0.1917463536252635,instance,mutual_info_top6
1,0.4173730662102755,0.4,0.32352941176470584,0.5416666666666666,0.6382095895193262,0.3333333333333333,0.5607583890289018,1.0,1.0,-0.07705160972516228,instance,mutual_info_top6
1,0.044782608695652204,0.0,0.036363636363636376,0.3333333333333333,0.09416960913770883,0.0,0.33104328284502216,0.9899928520371694,1.0,1.355297344881241,instance,mutual_info_top6
1,0.18959528843249773,0.0,0.036363636363636376,0.4583333333333333,0.1585060600889564,0.0,0.3805056026964464,0.9714081486776269,1.0,1.2922797182492956,instance,mutual_info_top6
1,0.2524782710829222,0.4,0.20420420420420415,0.5416666666666666,0.10171705729350017,0.0,0.4763014074390416,0.9985704074338814,1.0,0.5594292105727168,instance,mutual_info_top6
1,0.19925108395743008,0.0,0.20420420420420415,0.2916666666666667,0.10412824368727358,0.0,0.378766440999579,0.9935668334524661,1.0,0.8540360566953276,instance,mutual_info_top6
1,0.07664099743307673,0.0,0.20420420420420415,0.4166666666666667,0.09344536108521079,0.0,0.29398556646618823,0.9942816297355254,1.0,1.7254721484907807,instance,mutual_info_top6
1,0.19793281653746764,0.2,0.20420420420420415,0.5416666666666666,0.1006890546201995,0.5,0.44065917345363326,0.9971408148677627,1.0,0.6124030766642241,instance,mutual_info_top6
1,0.1436955284018745,0.2,0.20420420420420415,0.5416666666666666,0.09465778102417499,1.0,0.5003051745441907,1.0,1.0,0.8063876375970623,instance,mutual_info_top6
1,0.2119372234058533,0.4,0.32352941176470584,0.5416666666666666,0.27263904415297446,1.0,0.5927771459294553,1.0,1.0,0.32627689363365614,instance,mutual_info_top6
1,0.02390138154027044,0.0,0.036363636363636376,0.3333333333333333,0.09553601581621762,0.0,0.42585365925325924,0.9907076483202287,1.0,0.9595146666515049,instance,mutual_info_top6
1,0.2716604634136265,0.4,0.03977272727272729,0.375,0.23822200197723442,0.0,0.46067809447247243,0.9985704074338814,1.0,-0.042279285429669966,instance,mutual_info_top6
1,0.1781159420289855,0.2,0.32352941176470584,0.3333333333333333,0.10024627605864861,0.5,0.5019164743514717,1.0,1.0,0.6723826555292315,instance,mutual_info_top6
1,0.777130898021309,0.8,0.5809523809523809,0.25,0.6969174523622561,1.0,0.70953916945266,1.0,1.0,-0.031898971145250365,instance,mutual_info_top6
1,0.02390138154027044,0.0,0.036363636363636376,0.3333333333333333,0.09909558008050601,0.0,0.42271435035580274,0.9914224446032881,1.0,0.7658844327025447,instance,mutual_info_top6
1,0.11737547447517238,0.0,0.036363636363636376,0.5,0.12722687978461433,0.0,0.43408342277895506,0.9964260185847034,1.0,0.9039625747738045,instance,mutual_info_top6
1,0.18959528843249773,0.0,0.036363636363636376,0.4583333333333333,0.3079125461838085,0.0,0.2733514887369225,0.9642601858470335,1.0,0.5902758548255982,instance,mutual_info_top6
1,0.03960396039603964,0.0,0.20420420420420415,0.4166666666666667,0.11341873217400356,0.0,0.41620555879288346,0.9949964260185847,0.8333333333333334,1.4438762366276314,instance,mutual_info_top6
1,0.37448503158472946,0.6,0.03977272727272729,0.3333333333333333,0.16698114199729225,1.0,0.5040163932259563,1.0,1.0,0.3874453933818794,instance,mutual_info_top6
1,0.007440476190476275,0.0,0.036363636363636376,0.4583333333333333,0.1427425269544781,0.0,0.17256786095312826,0.9163688348820587,1.0,1.1099859082109058,instance,mutual_info_top6
1,0.13265228975198762,0.0,0.036363636363636376,0.4583333333333333,0.20556393548734075,0.0,0.26603983947975907,0.9892780557541101,1.0,0.8568390261504871,instance,mutual_info_top6
1,0.12426004505212429,0.0,0.20420420420420415,0.4166666666666667,0.09120343522871632,0.0,0.26392835797218017,0.9928520371694067,1.0,1.9467862801394895,instance,mutual_info_top6
1,0.2254052368738667,0.4,0.32352941176470584,0.5416666666666666,0.5246187810386248,0.0,0.43657794911036685,0.997855611150822,1.0,0.08727131164931144,instance,mutual_info_top6
1,0.31323225996610427,0.6,0.20420420420420415,0.5416666666666666,0.1140560255259378,0.6666666666666666,0.5464923528891239,1.0,1.0,0.3278026482943716,instance,mutual_info_top6
1,0.03960396039603964,0.0,0.20420420420420415,0.4166666666666667,0.1175514467762212,0.0,0.2813295953914091,0.9821300929235168,0.8333333333333334,1.1909568241924704,instance,mutual_info_top6
1,0.4294942783314877,0.2,0.2954545454545454,0.5416666666666666,0.6702103330203313,0.0,0.45310117780712533,0.997855611150822,1.0,-0.4579400575782195,instance,mutual_info_top6
1,0.04473471487360381,0.0,0.036363636363636376,0.3333333333333333,0.09900121166913267,0.0,0.3787826632750987,0.9914224446032881,1.0,0.7513618286357712,instance,mutual_info_top6
1,0.0495424071812961,0.2,0.036363636363636376,0.5416666666666666,0.09546231439891317,0.0,0.3793254264772806,0.9985704074338814,1.0,0.9088710943607218,instance,mutual_info_top6
1,0.22702886173520787,0.4,0.20420420420420415,0.5833333333333334,0.09622910124091011,1.0,0.5274327638932674,1.0,1.0,0.7963740586317557,instance,mutual_info_top6
1,0.0940112479100167,0.0,0.20420420420420415,0.4166666666666667,0.09664191389270915,0.0,0.3008193209251828,0.995711222301644,1.0,1.0613876608729085,instance,mutual_info_top6
1,0.2716604634136265,0.2,0.03977272727272729,0.4166666666666667,0.18706222881142265,0.2,0.46516223962605163,0.9992852037169406,1.0,0.29435164574984746,instance,mutual_info_top6
1,0.0495424071812961,0.2,0.036363636363636376,0.3333333333333333,0.093754221780177,0.25,0.45804443060185407,0.997855611150822,1.0,1.1098327001746255,instance,mutual_info_top6
1,0.09561525271495064,0.0,0.036363636363636376,0.4583333333333333,0.14714932785221657,0.0,0.3698236681705941,0.9907076483202287,1.0,0.8205478889822853,instance,mutual_info_top6
1,0.17147330617965217,0.0,0.20420420420420415,0.7916666666666666,0.09511850368034436,0.0,0.3393001364612662,0.9935668334524661,1.0,1.0322982563019665,instance,mutual_info_top6
1,0.07664099743307673,0.2,0.20420420420420415,0.4166666666666667,0.09345757720197201,0.0,0.3784986786071415,0.9971408148677627,0.8333333333333334,1.6102795903751261,instance,mutual_info_top6
1,0.26146963168408366,0.4,0.15476190476190477,0.5,0.2724973391747262,0.25,0.5912869643569064,1.0,1.0,0.27608492210170194,instance,mutual_info_top6
1,0.007440476190476275,0.0,0.036363636363636376,0.5416666666666666,0.09183074474646169,0.0,0.3160863022018854,0.9671193709792709,1.0,1.485261630470495,instance,mutual_info_top6
1,0.02390138154027044,0.0,0.036363636363636376,0.3333333333333333,0.09976396463835152,0.0,0.29705776353952473,0.9635453895639743,1.0,0.781066696753537,instance,mutual_info_top6
1,0.5451671359398291,0.4,0.32352941176470584,0.5416666666666666,0.6289315442945907,1.0,0.5248893223808037,1.0,1.0,-0.0457584250991179,instance,mutual_info_top6
1,0.24785093960410276,0.0,0.32352941176470584,0.375,0.12755912527690205,0.0,0.3846091461361406,0.9907076483202287,1.0,0.5499535314547408,instance,mutual_info_top6
1,0.04473471487360381,0.2,0.036363636363636376,0.5833333333333334,0.0965734414875028,0.0,0.31025952208181606,0.9971408148677627,1.0,0.7896822021510069,instance,mutual_info_top6
1,0.15261284436600764,0.0,0.32352941176470584,0.5416666666666666,0.21797029284091984,0.0,0.4674673919005168,0.9964260185847034,1.0,0.4418504409158439,instance,mutual_info_top6
1,0.007440476190476275,0.0,0.036363636363636376,0.3333333333333333,0.09170789760557047,0.0,0.29660273941440485,0.9807005003573981,1.0,1.4834420899843952,instance,mutual_info_top6
1,0.20781836491806283,0.4,0.03977272727272729,0.3333333333333333,0.1623836056850414,1.0,0.5163714835214464,1.0,1.0,0.12189059498903723,instance,mutual_info_top6
1,0.06043729372937301,0.2,0.036363636363636376,0.4583333333333333,0.0903804705674987,0.0,0.45649427030772305,0.9971408148677627,1.0,2.0510432635045484,instance,mutual_info_top6
1,0.43901808785529717,0.6,0.32352941176470584,0.4583333333333333,0.44703388058160226,0.5,0.4682478013687035,0.9992852037169406,1.0,0.17364667583113846,instance,mutual_info_top6
1,0.13491933412429524,0.2,0.32352941176470584,0.4583333333333333,0.16207270169227683,0.0,0.44208578161493206,0.9985704074338814,1.0,0.5012666064992748,instance,mutual_info_top6
1,0.17642236817553136,0.0,0.036363636363636376,0.4583333333333333,0.1210081390077331,0.0,0.33808709168586804,0.9807005003573981,1.0,0.63960353819463,instance,mutual_info_top6
1,0.4603186510913443,0.6,0.3529411764705882,0.375,0.6904660639857076,0.4,0.44362410336455216,0.9985704074338814,1.0,-0.1145859155457847,instance,mutual_info_top6
1,0.5486586757990868,0.8,0.8235294117647058,0.4583333333333333,0.696821121423217,1.0,0.6769689408530316,1.0,1.0,-0.16462728091319567,instance,mutual_info_top6
1,0.21383116279979264,0.2,0.036363636363636376,0.5,0.24706278831110418,0.0,0.44205084699570196,0.997855611150822,1.0,0.4599076624313153,instance,mutual_info_top6
1,0.26146963168408366,0.2,0.2954545454545454,0.4583333333333333,0.5115054622412109,0.25,0.40013564676422453,0.9971408148677627,1.0,0.13491155347112102,instance,mutual_info_top6
1,0.0872230080150872,0.0,0.20420420420420415,0.4166666666666667,0.16663671542775899,0.0,0.2915353547077011,0.9892780557541101,0.5,2.4623275191588285,instance,mutual_info_top6
1,0.1421188630490956,0.0,0.20420420420420415,0.6666666666666666,0.09885407409991281,0.0,0.3394743009703608,0.9935668334524661,1.0,0.619215061251324,instance,mutual_info_top6
1,0.06459948320413433,0.0,0.20420420420420415,0.4166666666666667,0.10838084151056393,0.0,0.38909722081938136,0.9949964260185847,0.8333333333333334,0.8533225904689598,instance,mutual_info_top6
1,0.007440476190476275,0.0,0.11111111111111116,0.20833333333333334,0.10434190490293471,0.0,0.2695622803926554,0.9792709077912795,1.0,1.043256620881733,instance,mutual_info_top6
1,0.02390138154027044,0.0,0.036363636363636376,0.4583333333333333,0.10731359635620324,0.0,0.3337741748663505,0.9706933523945676,1.0,0.8116245689991449,instance,mutual_info_top6
1,0.21383116279979264,0.2,0.32352941176470584,0.5833333333333334,0.34531442932478196,0.5,0.4978563166727338,0.9992852037169406,1.0,0.13293369410133843,instance,mutual_info_top6
1,0.40432677454122645,0.4,0.2954545454545454,0.4583333333333333,0.2583026601776591,0.0,0.42736178686518156,0.9985704074338814,1.0,0.03348434129985491,instance,mutual_info_top6
1,0.007440476190476275,0.0,0.036363636363636376,0.4583333333333333,0.09565943859507442,0.0,0.23338163357536246,0.9714081486776269,1.0,1.4187098668911913,instance,mutual_info_top6
1,0.1217890256877946,0.0,0.20420420420420415,0.7916666666666666,0.09145886378420093,0.0,0.3222011461264498,0.9878484631879915,1.0,1.50536611353524,instance,mutual_info_top6
1,0.1421188630490956,0.0,0.20420420420420415,0.9166666666666666,0.09396814824443622,0.0,0.3802136224456223,0.9928520371694067,1.0,1.134966670363225,instance,mutual_info_top6
1,0.5902547065337762,1.0,0.5809523809523809,0.3333333333333333,0.6954262520241227,1.0,0.5377525802406655,1.0,1.0,0.3048698124912421,instance,mutual_info_top6
1,0.2119372234058533,0.4,0.32352941176470584,0.5416666666666666,0.39113643163621037,0.5,0.4887411284373703,0.9992852037169406,1.0,0.32379136315477286,instance,mutual_info_top6
1,0.007440476190476275,0.0,0.11111111111111116,0.20833333333333334,0.09456063271067122,0.0,0.38598944931913937,0.9578270192994996,1.0,1.7081937352701744,instance,mutual_info_top6
1,0.2633739204736183,0.0,0.32352941176470584,0.375,0.20517088127129152,0.3333333333333333,0.44823787975058027,0.9964260185847034,1.0,0.28000165854942066,instance,mutual_info_top6
1,0.09515951595159511,0.0,0.20420420420420415,0.375,0.0913635183573751,0.0,0.3783975538982818,0.9949964260185847,1.0,2.746970464381462,instance,mutual_info_top6
1,0.06043729372937301,0.2,0.20420420420420415,0.7916666666666666,0.09172111866685129,0.0,0.4804673376267645,0.9992852037169406,1.0,1.587410818257923,instance,mutual_info_top6
1,0.584128174900868,0.8,0.3529411764705882,0.375,0.6832986414500726,0.0,0.49150618663479184,0.9992852037169406,1.0,-0.12935174482107675,instance,mutual_info_top6
1,0.18959528843249773,0.0,0.11111111111111116,0.20833333333333334,0.4068213802516115,0.0,0.3776556242845691,0.9885632594710507,1.0,0.41159791688824615,instance,mutual_info_top6
1,0.24785093960410276,0.0,0.32352941176470584,0.375,0.1611962706814945,0.0,0.40138049168656664,0.9964260185847034,1.0,0.41154138874995727,instance,mutual_info_top6
1,0.0495424071812961,0.2,0.036363636363636376,0.5416666666666666,0.09365210958510123,0.0,0.45316396719060814,0.997855611150822,1.0,1.0641408142914512,instance,mutual_info_top6
1,0.24785093960410276,0.0,0.32352941176470584,0.375,0.13543219367599685,0.0,0.3661696247740871,0.9928520371694067,1.0,0.4867883822074471,instance,mutual_info_top6
1,0.4603186510913443,0.6,0.3529411764705882,0.375,0.6939575796189033,0.0,0.4250187044930964,0.9985704074338814,1.0,-0.36408469402089716,instance,mutual_info_top6
1,0.34377999261720193,0.4,0.32352941176470584,0.4166666666666667,0.6846337435663106,0.5,0.5405377928204785,1.0,1.0,0.11061399419367013,instance,mutual_info_top6
1,0.2081683999215631,0.2,0.036363636363636376,0.3333333333333333,0.1371484097962961,0.0,0.4142946606466187,0.9971408148677627,1.0,0.6972541510349233,instance,mutual_info_top6
1,0.5696980311455551,0.0,0.2954545454545454,0.5416666666666666,0.46040116463684344,0.0,0.4129230326802892,0.9964260185847034,1.0,-0.046150012017118006,instance,mutual_info_top6
1,0.43901808785529717,0.2,0.5809523809523809,0.2916666666666667,0.5247199068015859,0.25,0.450618873531874,0.997855611150822,1.0,0.0499749461402563,instance,mutual_info_top6
1,0.1254051640838093,0.0,0.036363636363636376,0.3333333333333333,0.23171671635899072,0.0,0.35430016293679045,0.9899928520371694,1.0,0.4962714348022075,instance,mutual_info_top6
1,0.02390138154027044,0.0,0.036363636363636376,0.3333333333333333,0.09650137242376078,0.0,0.24587761418809095,0.9556826304503216,1.0,0.9578511495854546,instance,mutual_info_top6
1,0.2548989266327708,0.2,0.20420420420420415,0.2916666666666667,0.10881880636763103,0.0,0.3366303951753725,0.9985704074338814,1.0,0.6536394070738444,instance,mutual_info_top6
1,0.04473471487360381,0.0,0.036363636363636376,0.3333333333333333,0.09884316225770318,0.0,0.3652601687162007,0.9928520371694067,1.0,0.8008228714766635,instance,mutual_info_top6
1,0.52217125382263,0.4,0.2954545454545454,0.5416666666666666,0.6842510742656387,0.5,0.5571446382901665,1.0,1.0,-0.39894538847305844,instance,mutual_info_top6
1,0.06459948320413433,0.0,0.20420420420420415,0.4166666666666667,0.11014496292622777,0.0,0.32991977703654296,0.9807005003573981,0.8333333333333334,1.0586275438838981,instance,mutual_info_top6
1,0.18959528843249773,0.0,0.11111111111111116,0.20833333333333334,0.23540523592333729,0.0,0.3646782202348937,0.9814152966404575,1.0,1.0354147016534354,instance,mutual_info_top6
1,0.22545219638242886,0.2,0.20420420420420415,0.9166666666666666,0.09861569004911674,0.0,0.4683758481804252,0.9992852037169406,1.0,0.986821380546653,instance,mutual_info_top6
1,0.06556804820693707,0.2,0.036363636363636376,0.3333333333333333,0.09813175933472562,0.0,0.26833829365271156,0.997855611150822,1.0,0.9463841048719512,instance,mutual_info_top6
1,0.2254052368738667,0.4,0.32352941176470584,0.4166666666666667,0.5721789671766074,0.5,0.5100594909523792,1.0,1.0,0.18388916810800118,instance,mutual_info_top6
1,0.0872230080150872,0.2,0.20420420420420415,0.4166666666666667,0.10325563713847213,0.0,0.4346550047454194,0.9985704074338814,0.5,2.6888903382477998,instance,mutual_info_top6
1,0.1312661498708011,0.0,0.20420420420420415,0.6666666666666666,0.10229131162949007,0.0,0.3642313822728611,0.9899928520371694,1.0,0.7506146978768652,instance,mutual_info_top6
1,0.09561525271495064,0.0,0.036363636363636376,0.4583333333333333,0.14642272184453564,0.0,0.2479118711478726,0.9328091493924231,1.0,0.9795687440323735,instance,mutual_info_top6
1,0.18959528843249773,0.2,0.11111111111111116,0.25,0.5874165322456038,0.0,0.38182936411619595,0.9985704074338814,1.0,0.803080722065756,instance,mutual_info_top6
1,0.28466449613312605,0.2,0.8421052631578947,0.375,0.3515547941295154,0.5,0.4959023127290825,0.9992852037169406,1.0,0.2326280945766247,instance,mutual_info_top6
1,0.24656925803788798,0.2,0.32352941176470584,0.5416666666666666,0.5098336465176568,0.25,0.5764181582570727,1.0,1.0,0.19375771801667166,instance,mutual_info_top6
1,0.019345238095238138,0.0,0.036363636363636376,0.375,0.09416205856146925,0.0,0.37911631173268,0.995711222301644,1.0,0.7991075754693063,instance,mutual_info_top6
1,0.1312661498708011,0.0,0.036363636363636376,0.3333333333333333,0.09934176349049728,0.0,0.3856543305634227,0.9942816297355254,1.0,0.6671629982237003,instance,mutual_info_top6
1,0.1217890256877946,0.2,0.20420420420420415,0.375,0.0916473666230006,0.3333333333333333,0.3873085738350118,0.9971408148677627,1.0,1.591024364044923,instance,mutual_info_top6
1,0.13491933412429524,0.0,0.036363636363636376,0.5,0.1566627229150946,0.0,0.3631271274268656,0.9892780557541101,1.0,0.5401312877356681,instance,mutual_info_top6
1,0.6378737541528239,0.8,0.5809523809523809,0.375,0.6865097652302748,0.6666666666666666,0.4760985367778998,0.9992852037169406,1.0,0.5925308112005762,instance,mutual_info_top6
1,0.09674681753889669,0.0,0.036363636363636376,0.375,0.09174093846230125,0.0,0.2833628845985917,0.9842744817726948,1.0,1.538298487506011,instance,mutual_info_top6
1,0.2548989266327708,0.2,0.036363636363636376,0.3333333333333333,0.1036287871536844,0.3333333333333333,0.4804003011773158,0.9985704074338814,1.0,0.6689197448512407,instance,mutual_info_top6
1,0.007440476190476275,0.0,0.036363636363636376,0.5416666666666666,0.0917514522954141,0.0,0.3286975893656644,0.9706933523945676,1.0,1.5829714758904554,instance,mutual_info_top6
1,0.19793281653746764,0.0,0.036363636363636376,0.3333333333333333,0.1034692315030098,0.0,0.4051953029302444,0.9928520371694067,1.0,0.6138713728318648,instance,mutual_info_top6
1,0.19793281653746764,0.4,0.03977272727272729,0.3333333333333333,0.11341449142031046,1.0,0.5545649522692196,1.0,1.0,0.5014346857074193,instance,mutual_info_top6
1,0.32292862176583104,0.2,0.11111111111111116,0.20833333333333334,0.4881914231485929,0.3333333333333333,0.5850654364898149,1.0,1.0,0.4885628184046195,instance,mutual_info_top6
1,0.1421188630490956,0.0,0.20420420420420415,0.6666666666666666,0.099532657400907,0.0,0.16351581923654213,0.9871336669049321,1.0,0.6606737476764437,instance,mutual_info_top6
1,0.21383116279979264,0.4,0.32352941176470584,0.4583333333333333,0.27309742892468414,0.25,0.43661154060405116,0.9985704074338814,1.0,0.41847821008913955,instance,mutual_info_top6
1,0.5855710470185709,0.6,0.32352941176470584,0.375,0.6319667305568982,0.25,0.49636778849374863,0.9985704074338814,1.0,-0.30210450437883485,instance,mutual_info_top6
1,0.13491933412429524,0.2,0.036363636363636376,0.5,0.13386126557418326,0.3333333333333333,0.40658533554954934,0.9992852037169406,1.0,0.7052671584852995,instance,mutual_info_top6
1,0.2548989266327708,0.4,0.20420420420420415,0.2916666666666667,0.11032098238155275,0.3333333333333333,0.3538959116231918,0.9992852037169406,1.0,0.539469069004436,instance,mutual_info_top6
1,0.16499452209421994,0.2,0.32352941176470584,0.4583333333333333,0.25771810382153315,0.0,0.4002903811059826,0.997855611150822,1.0,0.6974553369557516,instance,mutual_info_top6
1,0.019345238095238138,0.0,0.036363636363636376,0.375,0.0916392025647344,0.0,0.20953011033031121,0.9792709077912795,1.0,1.3869248128730756,instance,mutual_info_top6
1,0.2081683999215631,0.0,0.036363636363636376,0.3333333333333333,0.1308856040265683,0.0,0.4374634639297045,0.9964260185847034,1.0,0.5304192159384531,instance,mutual_info_top6
1,0.2633739204736183,0.0,0.32352941176470584,0.5416666666666666,0.2764555539440222,0.0,0.4284025621489066,0.9964260185847034,1.0,0.3226928967037832,instance,mutual_info_top6
1,0.19793281653746764,0.4,0.03977272727272729,0.3333333333333333,0.11384027367939581,0.5,0.5071556972784879,1.0,1.0,0.43498009419532435,instance,mutual_info_top6
1,0.07664099743307673,0.0,0.20420420420420415,0.4166666666666667,0.09582935789471592,0.0,0.31647888149101533,0.9907076483202287,0.8333333333333334,1.5752686046437652,instance,mutual_info_top6
1,0.18765590844798774,0.4,0.20420420420420415,0.7916666666666666,0.09245903444950881,0.0,0.49531615602824486,0.9992852037169406,1.0,1.3247294540746701,instance,mutual_info_top6
1,0.007440476190476275,0.2,0.036363636363636376,0.4583333333333333,0.10010292199233861,0.5,0.516112452725882,1.0,1.0,1.05159485022562,instance,mutual_info_top6
1,0.4393708215413642,0.2,0.5809523809523809,0.4166666666666667,0.4197407445733857,1.0,0.5046363187501572,1.0,1.0,0.4752554449226103,instance,mutual_info_top6
1,0.4118721036252668,0.4,0.32352941176470584,0.375,0.2891025202768014,1.0,0.5609504617780662,1.0,1.0,0.35742917788494627,instance,mutual_info_top6
1,0.18401340261805377,0.4,0.20420420420420415,0.8333333333333334,0.0931418642585059,1.0,0.6310989667917104,1.0,1.0,1.293876050286773,instance,mutual_info_top6
1,0.2524782710829222,0.2,0.20420420420420415,0.2916666666666667,0.11247344299907297,0.0,0.4124398182388299,0.9985704074338814,1.0,0.49988157980711156,instance,mutual_info_top6
1,0.22526929700314124,0.2,0.036363636363636376,0.3333333333333333,0.13877515005635166,0.0,0.45466330968023405,0.9985704074338814,1.0,0.4202255446511964,instance,mutual_info_top6
1,0.2548989266327708,0.0,0.036363636363636376,0.3333333333333333,0.10884750036900837,0.0,0.34022127409344616,0.9921372408863474,1.0,0.4195015800037544,instance,mutual_info_top6
1,0.03960396039603964,0.0,0.20420420420420415,0.4166666666666667,0.28231656164476904,0.0,0.19407024990082666,0.9814152966404575,0.5,1.199863853784179,instance,mutual_info_top6
1,0.03960396039603964,0.0,0.20420420420420415,0.4166666666666667,0.1169942381482178,0.0,0.26944059019198774,0.9807005003573981,0.8333333333333334,1.320933856165983,instance,mutual_info_top6
1,0.09976413844278376,0.0,0.036363636363636376,0.3333333333333333,0.20661256758966218,0.0,0.2693777941742258,0.9363831308077198,1.0,0.48578452257422583,instance,mutual_info_top6
1,0.24656925803788798,0.2,0.32352941176470584,0.5416666666666666,0.4898184322283433,0.0,0.17338001448390694,0.9971408148677627,1.0,0.4270663315513428,instance,mutual_info_top6
1,0.36160624370594163,0.6,0.6923076923076923,0.2916666666666667,0.12272859577211043,1.0,0.5219931372680213,1.0,1.0,0.22300713103719874,instance,mutual_info_top6
1,0.4294942783314877,0.2,0.03977272727272729,0.4583333333333333,0.6089930530824644,0.0,0.4484287141179586,0.997855611150822,1.0,-0.1357628594741743,instance,mutual_info_top6
1,0.4906053894425987,0.4,0.8421052631578947,0.375,0.5957914895217008,0.6666666666666666,0.5694122269462811,1.0,1.0,-0.006124752334116217,instance,mutual_info_top6
1,0.2715655932994375,0.2,0.32352941176470584,0.375,0.14572756537078452,0.5,0.5025789690977778,1.0,1.0,0.2328369845531353,instance,mutual_info_top6
1,0.019345238095238138,0.0,0.036363636363636376,0.3333333333333333,0.09205902706009972,0.0,0.21986945924314794,0.9706933523945676,1.0,1.359825309662407,instance,mutual_info_top6
1,0.2715655932994375,0.2,0.03977272727272729,0.375,0.14357113374192532,0.0,0.4587146181942696,0.997855611150822,1.0,0.008171054836774138,instance,mutual_info_top6
1,0.21383116279979264,0.2,0.32352941176470584,0.375,0.2982527961258312,0.0,0.4240759589686185,0.9971408148677627,1.0,0.37287474460822567,instance,mutual_info_top6
1,0.06556804820693707,0.2,0.036363636363636376,0.3333333333333333,0.09682859442023795,1.0,0.5155937318315448,1.0,1.0,1.203519420787383,instance,mutual_info_top6
1,0.17147330617965217,0.2,0.20420420420420415,0.6666666666666666,0.10023370426405415,0.0,0.2316762298313927,0.9971408148677627,1.0,0.6811418238492785,instance,mutual_info_top6
1,0.1421188630490956,0.2,0.20420420420420415,0.4166666666666667,0.09486447998535086,0.0,0.4516072984604651,0.9992852037169406,1.0,1.1953108158086472,instance,mutual_info_top6
1,0.06556804820693707,0.0,0.036363636363636376,0.5416666666666666,0.09555708951828545,0.0,0.33408720036557205,0.9914224446032881,1.0,1.136997727297064,instance,mutual_info_top6
1,0.03960396039603964,0.0,0.20420420420420415,0.4166666666666667,0.17724200483279196,0.0,0.259044307042013,0.9842744817726948,0.8333333333333334,1.2228179312219698,instance,mutual_info_top6
1,0.007440476190476275,0.0,0.036363636363636376,0.4583333333333333,0.09546325383068288,0.0,0.27440611340444865,0.9492494639027877,1.0,1.596706111516672,instance,mutual_info_top6
1,0.8147571606475716,1.0,0.9150943396226415,0.3333333333333333,0.697229393012058,1.0,0.5999857844992169,1.0,1.0,-0.44465835227657713,instance,mutual_info_top6
1,0.007440476190476275,0.0,0.036363636363636376,0.5416666666666666,0.09654781721223227,0.0,0.3590083410518229,0.9692637598284489,1.0,1.0102416286341414,instance,mutual_info_top6
1,0.20785792865000785,0.2,0.20420420420420415,0.7916666666666666,0.0942554270248156,0.0,0.47882246959684194,0.9985704074338814,1.0,1.5876306889719238,instance,mutual_info_top6
1,0.09674681753889669,0.0,0.20420420420420415,0.5416666666666666,0.09259397664651303,0.25,0.43740367589896323,0.995711222301644,1.0,1.8118874834557248,instance,mutual_info_top6
1,0.3007063995436088,0.2,0.036363636363636376,0.5,0.3862267377391684,0.0,0.32986870261476264,0.9971408148677627,1.0,0.6854941850468942,instance,mutual_info_top6
1,0.09561525271495064,0.0,0.036363636363636376,0.4583333333333333,0.1662399224828225,0.0,0.20393955350040616,0.9706933523945676,1.0,0.8444590583639764,instance,mutual_info_top6
1,0.1217890256877946,0.0,0.20420420420420415,0.7916666666666666,0.09176159118091487,0.0,0.31482729900402007,0.9949964260185847,1.0,1.5975335832135271,instance,mutual_info_top6
1,0.41229503943545043,0.4,0.9150943396226415,0.3333333333333333,0.6958314297910132,0.0,0.46928093234901114,0.997855611150822,1.0,-0.18758010852191745,instance,mutual_info_top6
1,0.0495424071812961,0.2,0.036363636363636376,0.3333333333333333,0.0934912284733147,0.0,0.37671041854108445,0.9985704074338814,1.0,1.0866294481999585,instance,mutual_info_top6
1,0.18401340261805377,0.2,0.20420420420420415,0.5416666666666666,0.09577156025474781,0.0,0.41320129311698683,0.997855611150822,1.0,1.0024689325109293,instance,mutual_info_top6
1,0.3388379204892966,0.6,0.15476190476190477,0.375,0.6522890625440607,0.5,0.508188667413646,1.0,1.0,0.030186427513328857,instance,mutual_info_top6
1,0.2081683999215631,0.2,0.03977272727272729,0.4166666666666667,0.1590201332505381,0.3333333333333333,0.4378543343445862,0.9992852037169406,1.0,0.4299701892767081,instance,mutual_info_top6
1,0.12754191622056144,0.0,0.036363636363636376,0.3333333333333333,0.14076814086353023,0.0,0.26068939284990467,0.9935668334524661,1.0,0.6122040405865047,instance,mutual_info_top6
1,0.4906053894425987,0.6,0.8421052631578947,0.3333333333333333,0.6299114246657213,1.0,0.6456033833911119,1.0,1.0,-0.1981385244350923,instance,mutual_info_top6
1,0.4906053894425987,0.4,0.8421052631578947,0.3333333333333333,0.6259050328033461,0.0,0.48301603022055206,0.9985704074338814,1.0,-0.13553079620046457,instance,mutual_info_top6
1,0.41229503943545043,0.4,0.5809523809523809,0.25,0.6948055152611263,0.3333333333333333,0.42013191187442156,0.9992852037169406,1.0,0.035122403321818436,instance,mutual_info_top6
1,0.4173730662102755,0.6,0.8421052631578947,0.3333333333333333,0.6582729334653008,1.0,0.544914820437563,1.0,1.0,-0.03776594383954755,instance,mutual_info_top6
1,0.4393708215413642,0.0,0.32352941176470584,0.5833333333333334,0.5040715924282875,0.0,0.38015477306292234,0.995711222301644,1.0,0.5966165274045611,instance,mutual_info_top6
1,0.21046842907308028,0.4,0.20420420420420415,0.7916666666666666,0.09250983094556753,0.0,0.3554593963674453,0.997855611150822,1.0,1.2125553540694933,instance,mutual_info_top6
1,0.18959528843249773,0.0,0.036363636363636376,0.4583333333333333,0.22612207814780627,0.0,0.23493905312684615,0.9356683345246605,1.0,0.848617618156096,instance,mutual_info_top6
1,0.1254051640838093,0.0,0.036363636363636376,0.4583333333333333,0.17776974958960234,0.0,0.38032302822111896,0.9942816297355254,1.0,0.7279385793290468,instance,mutual_info_top6
1,0.21046842907308028,0.2,0.20420420420420415,0.7916666666666666,0.09227443594634555,0.0,0.3521504264998878,0.997855611150822,1.0,1.3369689046801747,instance,mutual_info_top6
1,0.06459948320413433,0.0,0.20420420420420415,0.5833333333333334,0.1114969871471399,0.0,0.3401998352386818,0.9949964260185847,0.8333333333333334,0.7026404963924334,instance,mutual_info_top6
1,0.17147330617965217,0.2,0.20420420420420415,0.7916666666666666,0.09738529036556631,0.5,0.4905377193365671,0.9992852037169406,1.0,0.8781123418182879,instance,mutual_info_top6
1,0.18959528843249773,0.0,0.036363636363636376,0.4583333333333333,0.2598175224859255,0.0,0.22857788654817568,0.9492494639027877,1.0,0.6507231038605278,instance,mutual_info_top6
1,0.09561525271495064,0.0,0.036363636363636376,0.4583333333333333,0.0973353736916997,0.0,0.28254788781929274,0.9785561115082202,1.0,1.2087004626248048,instance,mutual_info_top6
1,0.2119372234058533,0.4,0.5809523809523809,0.4583333333333333,0.3194473229743867,0.25,0.4187125054884935,0.997855611150822,1.0,0.5504995062503553,instance,mutual_info_top6
1,0.584128174900868,0.6,0.3529411764705882,0.375,0.6633305602273698,1.0,0.5374428668870592,1.0,1.0,0.027039730589612645,instance,mutual_info_top6
1,0.007440476190476275,0.0,0.036363636363636376,0.5416666666666666,0.11658653142157832,0.0,0.39902250276861695,0.9935668334524661,1.0,0.8697337935070312,instance,mutual_info_top6
1,0.02390138154027044,0.0,0.036363636363636376,0.4583333333333333,0.10465067897136804,0.0,0.28047516857611454,0.9485346676197284,1.0,0.7647560730324607,instance,mutual_info_top6
1,0.4173730662102755,0.8,0.3529411764705882,0.4583333333333333,0.643923550525423,0.6666666666666666,0.5755367231827933,1.0,1.0,0.15037561228865004,instance,mutual_info_top6
1,0.09561525271495064,0.0,0.036363636363636376,0.4583333333333333,0.14758683304627623,0.0,0.2765163053888543,0.9735525375268048,1.0,0.6460203447536383,instance,mutual_info_top6
1,0.09561525271495064,0.0,0.036363636363636376,0.4583333333333333,0.12295700124865327,0.0,0.27305225971898583,0.9285203716940672,1.0,0.937539260860165,instance,mutual_info_top6
1,0.2716604634136265,0.2,0.03977272727272729,0.3333333333333333,0.14322594118713716,0.3333333333333333,0.35866107875781406,0.9971408148677627,1.0,0.27328539410445396,instance,mutual_info_top6
1,0.1421188630490956,0.4,0.20420420420420415,0.4166666666666667,0.10164617429359024,0.0,0.39364383160844485,0.9985704074338814,1.0,0.680318659811101,instance,mutual_info_top6
1,0.18959528843249773,0.0,0.036363636363636376,0.4583333333333333,0.327265456933131,0.0,0.36694844345777455,0.9907076483202287,1.0,0.8448442638814236,instance,mutual_info_top6
1,0.057234714873603765,0.0,0.036363636363636376,0.3333333333333333,0.09728594346113001,0.0,0.24109503201218008,0.9849892780557541,1.0,0.8500708197887181,instance,mutual_info_top6
1,0.09561525271495064,0.0,0.036363636363636376,0.4583333333333333,0.10530821075374852,0.0,0.27508993548073213,0.958541815582559,1.0,1.208224922843586,instance,mutual_info_top6
1,0.2716604634136265,0.4,0.03977272727272729,0.3333333333333333,0.1553181651038137,1.0,0.563711828831978,1.0,1.0,0.2316292935056192,instance,mutual_info_top6
1,0.0,0.0,0.20420420420420415,0.4166666666666667,0.25569299690066893,0.0,0.10867229779787135,0.9885632594710507,0.5,1.7233038531638487,instance,mutual_info_top6
1,0.24785093960410276,0.6,0.32352941176470584,0.375,0.263419220943081,1.0,0.6569913389777449,1.0,1.0,0.16680173082754135,instance,mutual_info_top6
1,0.35171650055370984,0.4,0.32352941176470584,0.5416666666666666,0.5969298703992949,1.0,0.5668877832442218,1.0,1.0,-0.09499643308643724,instance,mutual_info_top6
1,0.1421188630490956,0.0,0.20420420420420415,0.6666666666666666,0.09889575264258538,0.0,0.21556690198041717,0.9892780557541101,1.0,0.5824528953090039,instance,mutual_info_top6
1,0.12125627835597619,0.2,0.036363636363636376,0.4583333333333333,0.10600935669932021,0.0,0.4593075459151875,0.997855611150822,1.0,0.968291733390964,instance,mutual_info_top6
1,0.34377999261720193,0.4,0.32352941176470584,0.5833333333333334,0.6640464863607835,0.3333333333333333,0.5439216762743166,1.0,1.0,-0.0821750724349453,instance,mutual_info_top6
1,0.5451671359398291,0.8,0.3529411764705882,0.375,0.6526188463594882,1.0,0.5800777908609958,1.0,1.0,-0.05339875325305529,instance,mutual_info_top6
1,0.21383116279979264,0.0,0.32352941176470584,0.375,0.2616260793429621,0.2,0.4324132784812198,0.9964260185847034,1.0,0.4289629671180093,instance,mutual_info_top6
1,0.1436955284018745,0.0,0.20420420420420415,0.7916666666666666,0.09468739234350504,0.0,0.4065486562680525,0.995711222301644,1.0,0.7896040566809727,instance,mutual_info_top6
1,0.4393708215413642,0.4,0.32352941176470584,0.5416666666666666,0.5408839735843464,1.0,0.5233183863687141,1.0,1.0,0.5261323142652983,instance,mutual_info_top6
1,0.2715655932994375,0.6,0.03977272727272729,0.375,0.13231891741772583,0.0,0.4746260563528165,0.9992852037169406,1.0,0.37321578309938797,instance,mutual_info_top6
1,0.24785093960410276,0.2,0.32352941176470584,0.375,0.148859018301925,0.0,0.4682497755314823,0.9992852037169406,1.0,0.4975258665128528,instance,mutual_info_top6
1,0.6800143910775319,0.2,0.15476190476190477,0.5,0.5111598973037862,0.3333333333333333,0.48655702546103197,0.9985704074338814,1.0,0.12126234347226893,instance,mutual_info_top6
1,0.323182707889054,0.4,0.20420420420420415,0.4583333333333333,0.11709257914345622,0.5,0.4727636968495349,0.9992852037169406,1.0,0.482091740737378,instance,mutual_info_top6
1,0.1421188630490956,0.2,0.20420420420420415,0.9166666666666666,0.09374783005365994,0.0,0.3849212343644409,0.9985704074338814,1.0,1.0177097889637476,instance,mutual_info_top6
1,0.4727041548746974,0.6,0.5809523809523809,0.25,0.5602875166125029,0.5,0.49464725109415275,0.9992852037169406,1.0,0.6427823957899662,instance,mutual_info_top6
1,0.0495424071812961,0.0,0.036363636363636376,0.3333333333333333,0.0937115677977568,0.0,0.389632802188708,0.995711222301644,1.0,1.0840807059587867,instance,mutual_info_top6
1,0.1421188630490956,0.2,0.20420420420420415,0.75,0.09917311266269702,0.0,0.35643211683986686,0.997855611150822,1.0,0.7527064641327142,instance,mutual_info_top6
1,0.43901808785529717,0.2,0.32352941176470584,0.5416666666666666,0.48100981043108726,0.0,0.4642947169620236,0.9992852037169406,1.0,0.19366044195809676,instance,mutual_info_top6
1,0.18959528843249773,0.4,0.11111111111111116,0.25,0.6046314891194098,0.0,0.4076620267717086,0.9985704074338814,1.0,0.8146125929763993,instance,mutual_info_top6
1,0.18959528843249773,0.0,0.11111111111111116,0.20833333333333334,0.46745638963685376,0.0,0.33955698156781233,0.9692637598284489,1.0,0.2915471138451931,instance,mutual_info_top6
1,0.09561525271495064,0.0,0.036363636363636376,0.4583333333333333,0.13969983251331175,0.0,0.2482397389775759,0.9628305932809149,1.0,0.8130019879613513,instance,mutual_info_top6
1,0.4294942783314877,0.4,0.2954545454545454,0.5416666666666666,0.6406718148203115,0.3333333333333333,0.5994196299945245,1.0,1.0,-0.1927579888505658,instance,mutual_info_top6
1,0.4931031202435313,0.2,0.9150943396226415,0.20833333333333334,0.6971958610205085,0.3333333333333333,0.48191168073779656,0.9992852037169406,1.0,-0.6502052509820587,instance,mutual_info_top6
1,0.34377999261720193,0.6,0.32352941176470584,0.5833333333333334,0.6766590761033614,0.0,0.37469173507310294,0.9985704074338814,1.0,0.10149887906285622,instance,mutual_info_top6
1,0.12125627835597619,0.2,0.036363636363636376,0.4583333333333333,0.11116004409595448,0.0,0.4057053830498677,0.997855611150822,1.0,0.7702363585585739,instance,mutual_info_top6
1,0.6331118493909191,0.8,0.9150943396226415,0.25,0.6892611701107052,1.0,0.5095458436024014,1.0,1.0,0.02223180773962391,instance,mutual_info_top6
1,0.09515951595159511,0.2,0.036363636363636376,0.375,0.0908079174942184,0.3333333333333333,0.4163353312097873,0.9985704074338814,1.0,2.1994142479759464,instance,mutual_info_top6
1,0.35171650055370984,0.4,0.32352941176470584,0.5416666666666666,0.5397468888605663,0.5,0.472603200748856,0.9992852037169406,1.0,-0.12589858259864034,instance,mutual_info_top6
1,0.4393708215413642,0.6,0.5809523809523809,0.4166666666666667,0.5426986457764661,1.0,0.5661907887216644,1.0,1.0,0.3603970572781181,instance,mutual_info_top6
1,0.1421188630490956,0.0,0.20420420420420415,0.4166666666666667,0.09618902279432717,0.0,0.30349015596072415,0.9935668334524661,1.0,1.1133406698034345,instance,mutual_info_top6
1,0.06459948320413433,0.2,0.20420420420420415,0.5833333333333334,0.12543895940874378,0.0,0.4475997800831727,0.997855611150822,1.0,0.34762006825613856,instance,mutual_info_top6
1,0.007440476190476275,0.0,0.036363636363636376,0.3333333333333333,0.09112525634642443,0.0,0.2936389012998477,0.9778413152251608,1.0,1.5380248985316933,instance,mutual_info_top6
1,0.007440476190476275,0.0,0.036363636363636376,0.5416666666666666,0.10329824029269269,0.0,0.30969451797891057,0.9835596854896355,1.0,1.1040445908408796,instance,mutual_info_top6
1,0.5451671359398291,0.4,0.3529411764705882,0.375,0.6644675800592447,1.0,0.5576632099434313,1.0,1.0,0.023899559449367613,instance,mutual_info_top6
1,0.24369552840187447,0.4,0.20420420420420415,0.5833333333333334,0.09623851756260837,0.25,0.5040168293848633,1.0,1.0,0.8129427099511264,instance,mutual_info_top6
1,0.04473471487360381,0.0,0.036363636363636376,0.3333333333333333,0.10302612669557043,0.0,0.2650204803722409,0.9892780557541101,1.0,0.6042245819761665,instance,mutual_info_top6
1,0.5104642313546424,0.6,0.5809523809523809,0.3333333333333333,0.697138405019357,0.5,0.4007030301029929,0.9992852037169406,1.0,0.07706998078041803,instance,mutual_info_top6
1,0.007440476190476275,0.0,0.036363636363636376,0.4583333333333333,0.11150581847630736,0.0,0.17122238026512804,0.9299499642601858,1.0,1.2892442805501039,instance,mutual_info_top6
1,0.28466449613312605,0.6,0.32352941176470584,0.5833333333333334,0.431712946436838,0.5,0.3877360646813943,0.9992852037169406,1.0,0.09515434032338164,instance,mutual_info_top6
1,0.13265228975198762,0.0,0.32352941176470584,0.5416666666666666,0.22726072154844873,0.25,0.3440938474161871,0.995711222301644,1.0,0.7444807703839953,instance,mutual_info_top6
1,0.22702886173520787,0.4,0.20420420420420415,0.5833333333333334,0.09759456657047283,1.0,0.5767749605858996,1.0,1.0,0.686122985219932,instance,mutual_info_top6
1,0.07664099743307673,0.0,0.20420420420420415,0.4166666666666667,0.09307616235031774,0.0,0.3359635733049874,0.9921372408863474,0.8333333333333334,1.9031238313276964,instance,mutual_info_top6
1,0.09561525271495064,0.0,0.036363636363636376,0.4583333333333333,0.11103209200746816,0.0,0.35302373312885216,0.9878484631879915,1.0,1.3635115215832125,instance,mutual_info_top6
1,0.2465753424657534,0.4,0.9150943396226415,0.125,0.6972688711708303,0.0,0.37354883804549843,0.9985704074338814,1.0,-0.4959869774097467,instance,mutual_info_top6
1,0.03960396039603964,0.0,0.20420420420420415,0.4166666666666667,0.12086701363713626,0.0,0.253924544598254,0.9878484631879915,0.8333333333333334,1.6746376213998522,instance,mutual_info_top6
1,0.18959528843249773,0.2,0.11111111111111116,0.20833333333333334,0.5187248081324947,0.0,0.37728654194168165,0.9971408148677627,1.0,0.7272636745303509,instance,mutual_info_top6
1,0.007440476190476275,0.0,0.036363636363636376,0.3333333333333333,0.09374291259977868,0.0,0.2458753851697919,0.9399571122230165,1.0,1.8029030053055999,instance,mutual_info_top6
1,0.15261284436600764,0.2,0.32352941176470584,0.375,0.25280474436236433,0.0,0.4238527092731025,0.9971408148677627,1.0,0.4988303533573343,instance,mutual_info_top6
1,0.12754191622056144,0.0,0.036363636363636376,0.4583333333333333,0.15136069865439933,0.0,0.2388566649572902,0.9942816297355254,1.0,0.44860436351481237,instance,mutual_info_top6
1,0.07664099743307673,0.0,0.20420420420420415,0.4166666666666667,0.09964547157474835,0.0,0.2991962644516022,0.9871336669049321,0.8333333333333334,1.4329400447480674,instance,mutual_info_top6
1,0.18008015087223006,0.0,0.20420420420420415,0.5416666666666666,0.09180883128346595,0.0,0.38414510172286764,0.9949964260185847,1.0,1.7627363705939554,instance,mutual_info_top6
1,0.32165114107658566,0.2,0.3529411764705882,0.375,0.6350040800022083,0.3333333333333333,0.3564290424936042,0.9985704074338814,1.0,0.17334115212833243,instance,mutual_info_top6
1,0.03960396039603964,0.0,0.20420420420420415,0.4166666666666667,0.11592320075654283,0.0,0.21394334104592871,0.9849892780557541,0.8333333333333334,1.2199340599105106,instance,mutual_info_top6
1,0.4173730662102755,0.6,0.32352941176470584,0.5833333333333334,0.6132899937448143,0.6666666666666666,0.5411373817669152,1.0,1.0,0.17606504869230855,instance,mutual_info_top6
1,0.18959528843249773,0.0,0.11111111111111116,0.20833333333333334,0.20676456170357005,0.0,0.32365627415664067,0.9735525375268048,1.0,1.1350830371038843,instance,mutual_info_top6
1,0.06459948320413433,0.0,0.20420420420420415,0.4166666666666667,0.10467353417557101,0.0,0.35462264353684636,0.9864188706218727,0.8333333333333334,1.1797644976950543,instance,mutual_info_top6
1,0.24369552840187447,0.6,0.20420420420420415,0.7916666666666666,0.09672606790260552,1.0,0.5456175109890729,1.0,1.0,0.7084079559976946,instance,mutual_info_top6
1,0.5060374882080307,0.6,0.5809523809523809,0.3333333333333333,0.6700986428071464,0.0,0.49686435355378733,0.9985704074338814,1.0,0.18651707819790608,instance,mutual_info_top6
1,0.12811594202898557,0.4,0.036363636363636376,0.4583333333333333,0.10086190940573092,1.0,0.5009413378291714,1.0,1.0,0.7564115745412314,instance,mutual_info_top6
1,0.2576064762111274,0.4,0.20420420420420415,0.7916666666666666,0.09375792510308284,0.6666666666666666,0.7418047438373405,1.0,1.0,1.022577780941528,instance,mutual_info_top6
1,0.0,0.4,0.15476190476190477,0.375,0.08953182022195644,0.0,0.38650784913747493,0.9985704074338814,0.8333333333333334,4.233575585691707,instance,mutual_info_top6
1,0.24785093960410276,0.4,0.03977272727272729,0.4166666666666667,0.32579843486088045,0.0,0.47491440533727536,0.9985704074338814,1.0,0.22877964162842115,instance,mutual_info_top6
1,0.28466449613312605,0.8,0.32352941176470584,0.5833333333333334,0.3740998116683375,0.5,0.4422657754474978,0.9992852037169406,1.0,0.2493126875149104,instance,mutual_info_top6
1,0.18959528843249773,0.0,0.036363636363636376,0.4583333333333333,0.37019015934550537,0.0,0.3342720887908117,0.9892780557541101,1.0,0.6278805641863345,instance,mutual_info_top6
1,0.52217125382263,0.8,0.03977272727272729,0.4583333333333333,0.6567852064635799,1.0,0.598863832794504,1.0,1.0,0.10721556194105362,instance,mutual_info_top6
1,0.0495424071812961,0.2,0.036363636363636376,0.3333333333333333,0.0940901273005409,0.0,0.3980030320785344,0.9992852037169406,1.0,1.0810302471962958,instance,mutual_info_top6
1,0.09976413844278376,0.0,0.036363636363636376,0.4583333333333333,0.22772610634501655,0.0,0.3628610574115174,0.9835596854896355,1.0,0.42169684224881976,instance,mutual_info_top6
1,0.09674681753889669,0.0,0.036363636363636376,0.4583333333333333,0.09286491185657875,0.0,0.3331977234183545,0.9907076483202287,1.0,1.8382972360880836,instance,mutual_info_top6
1,0.24656925803788798,0.2,0.32352941176470584,0.5416666666666666,0.502509367237367,0.3333333333333333,0.4194043560459103,0.997855611150822,1.0,0.4606320721739096,instance,mutual_info_top6
1,0.5486586757990868,0.6,0.3529411764705882,0.375,0.6968024587477869,0.0,0.4706029266921672,0.9992852037169406,1.0,-0.44934013980299065,instance,mutual_info_top6
1,0.2715655932994375,0.2,0.03977272727272729,0.4166666666666667,0.12154963605850222,0.0,0.4952542827898939,0.9992852037169406,1.0,0.3822602404564709,instance,mutual_info_top6
1,0.2254052368738667,0.4,0.32352941176470584,0.375,0.490980848071669,0.6666666666666666,0.5785629610942722,1.0,1.0,0.1238531391009797,instance,mutual_info_top6
1,0.02390138154027044,0.0,0.036363636363636376,0.4583333333333333,0.09305355121439263,0.0,0.3201804893799862,0.9699785561115082,1.0,1.381079799245354,instance,mutual_info_top6
1,0.17849284928492848,0.2,0.036363636363636376,0.375,0.09079656743841935,0.0,0.4914943869871139,0.9992852037169406,1.0,2.106378731909938,instance,mutual_info_top6
1,0.03960396039603964,0.0,0.20420420420420415,0.4166666666666667,0.10751725786157751,0.0,0.2886216613135235,0.9899928520371694,0.8333333333333334,1.6483927510067642,instance,mutual_info_top6
1,0.49033295178047576,0.8,0.03977272727272729,0.4583333333333333,0.4570197522327947,0.5,0.35649038167616454,0.9992852037169406,1.0,0.10780206038946873,instance,mutual_info_top6
1,0.18765590844798774,0.4,0.20420420420420415,0.9166666666666666,0.09290935625313557,0.3333333333333333,0.6460542289216185,1.0,1.0,1.3389363234979534,instance,mutual_info_top6
1,0.2715655932994375,0.2,0.02352941176470591,0.2916666666666667,0.1433009075205115,0.0,0.41121782879011204,0.997855611150822,1.0,0.3409604905607997,instance,mutual_info_top6
1,0.1217890256877946,0.0,0.036363636363636376,0.4583333333333333,0.09141511785447742,0.0,0.3548582558401028,0.9949964260185847,1.0,1.274268728323783,instance,mutual_info_top6
1,0.17147330617965217,0.0,0.20420420420420415,0.7916666666666666,0.09562454785719643,0.0,0.4007726656588224,0.9964260185847034,1.0,0.948846565982924,instance,mutual_info_top6
1,0.044782608695652204,0.0,0.036363636363636376,0.3333333333333333,0.10420279336069393,0.0,0.4011866956862792,0.9928520371694067,1.0,0.8933048262113424,instance,mutual_info_top6
1,0.2254052368738667,0.6,0.32352941176470584,0.5833333333333334,0.45769482289374597,1.0,0.6230722282464654,1.0,1.0,0.2301849486993244,instance,mutual_info_top6
1,0.2548989266327708,0.0,0.036363636363636376,0.3333333333333333,0.10276339369277199,0.0,0.40132499703209246,0.9949964260185847,1.0,0.7003480117748767,instance,mutual_info_top6
1,0.18765590844798774,0.2,0.20420420420420415,0.9166666666666666,0.09391013445256469,0.0,0.40323395096062653,0.9985704074338814,1.0,1.2752786313563544,instance,mutual_info_top6
1,0.06459948320413433,0.0,0.03977272727272729,0.4166666666666667,0.10612624497623546,0.0,0.42097710120041687,0.9928520371694067,1.0,0.23208341423704548,instance,mutual_info_top6
1,0.43901808785529717,0.4,0.32352941176470584,0.375,0.506920435282192,0.25,0.49857705972737987,0.9992852037169406,1.0,0.11582460529213517,instance,mutual_info_top6
1,0.28466449613312605,0.4,0.32352941176470584,0.375,0.31481692290528385,0.25,0.45527261369213956,0.9985704074338814,1.0,0.2512927972632949,instance,mutual_info_top6
1,0.31323225996610427,0.2,0.20420420420420415,0.3333333333333333,0.1219844329852025,0.0,0.4027602348043383,0.9992852037169406,1.0,0.31855811159935965,instance,mutual_info_top6
1,0.5060374882080307,0.6,0.5809523809523809,0.3333333333333333,0.6793199106902301,1.0,0.5133866759958062,1.0,1.0,0.18793207933139644,instance,mutual_info_top6
1,0.16499452209421994,0.2,0.32352941176470584,0.4583333333333333,0.21467222970929228,0.5,0.4455841087273795,0.9971408148677627,1.0,0.7147530017687317,instance,mutual_info_top6
1,0.09561525271495064,0.0,0.036363636363636376,0.4583333333333333,0.10321518999646351,0.0,0.2671270501051023,0.9785561115082202,1.0,1.2528822032945839,instance,mutual_info_top6
1,0.3725807427951948,0.2,0.15476190476190477,0.5,0.29439080146658453,0.5,0.5096141235901941,1.0,1.0,0.36931107451044143,instance,mutual_info_top6
1,0.2624422739109038,0.4,0.3529411764705882,0.4166666666666667,0.444007819323163,0.0,0.4502972869346853,0.9985704074338814,1.0,0.08801362276727366,instance,mutual_info_top6
1,0.0495424071812961,0.4,0.036363636363636376,0.3333333333333333,0.09401444010294069,0.0,0.4506011525998126,0.9985704074338814,1.0,1.0209586335990637,instance,mutual_info_top6
1,0.12754191622056144,0.2,0.036363636363636376,0.4583333333333333,0.13824451212671757,0.3333333333333333,0.4412050270003389,0.9971408148677627,1.0,0.40085105650931074,instance,mutual_info_top6
1,0.8332962096744255,0.8,0.9420289855072463,0.3333333333333333,0.688130368732572,0.6666666666666666,0.5850300643556512,1.0,1.0,-0.161898743145671,instance,mutual_info_top6
1,0.12426004505212429,0.0,0.20420420420420415,0.4166666666666667,0.09128269861892058,0.0,0.24348698299047855,0.9921372408863474,1.0,1.80695974114741,instance,mutual_info_top6
1,0.19793281653746764,0.4,0.20420420420420415,0.6666666666666666,0.10024003775240481,0.0,0.411486353485617,0.9985704074338814,1.0,0.5980126739354742,instance,mutual_info_top6
1,0.4727041548746974,0.6,0.5809523809523809,0.25,0.5600767031778697,0.5,0.5939231276198668,1.0,1.0,0.953212115755006,instance,mutual_info_top6
1,0.18959528843249773,0.0,0.036363636363636376,0.4583333333333333,0.34620361195740945,0.0,0.212672827643417,0.9628305932809149,1.0,0.666969552718291,instance,mutual_info_top6
1,0.3921188630490956,0.2,0.20420420420420415,0.7916666666666666,0.09331066898317791,0.3333333333333333,0.46760329412043666,0.997855611150822,1.0,1.11518378960438,instance,mutual_info_top6
1,0.52217125382263,0.6,0.2954545454545454,0.5416666666666666,0.69124248682388,0.5,0.4556786395805609,0.9992852037169406,1.0,-0.4560726397013482,instance,mutual_info_top6
1,0.0495424071812961,0.2,0.036363636363636376,0.3333333333333333,0.09534939978810186,0.0,0.4703052719888996,0.9985704074338814,1.0,1.1184274128554064,instance,mutual_info_top6
1,0.6220007382798081,0.6,0.5809523809523809,0.3333333333333333,0.6837986860651388,1.0,0.5131439963843745,1.0,1.0,0.1950406393178326,instance,mutual_info_top6
1,0.2715655932994375,0.2,0.036363636363636376,0.3333333333333333,0.1412173830270036,0.3333333333333333,0.5289877191069579,1.0,1.0,0.3128676792207316,instance,mutual_info_top6
1,0.007440476190476275,0.0,0.036363636363636376,0.3333333333333333,0.09648367300853522,0.0,0.20923894157314404,0.9828448892065761,1.0,1.2319248693165201,instance,mutual_info_top6
1,0.4727041548746974,0.4,0.5809523809523809,0.375,0.6616498753611976,1.0,0.5308793546920065,1.0,1.0,0.40618418472021034,instance,mutual_info_top6
1,0.06459948320413433,0.0,0.03977272727272729,0.3333333333333333,0.1001460839136149,0.0,0.24764787284495804,0.9935668334524661,1.0,0.32875191775372076,instance,mutual_info_top6
1,0.0872230080150872,0.2,0.20420420420420415,0.4166666666666667,0.09851134302381465,0.0,0.31624464551571874,0.997855611150822,1.0,2.321472687980931,instance,mutual_info_top6
1,0.5032729103726081,0.6,0.20420420420420415,0.3333333333333333,0.11136654379446814,0.0,0.4899409540818279,0.9992852037169406,1.0,0.5502047347771434,instance,mutual_info_top6
1,0.14738318606183132,0.0,0.036363636363636376,0.4583333333333333,0.22768022907958796,0.0,0.25503442207966887,0.9599714081486777,1.0,0.6378835428765391,instance,mutual_info_top6
1,0.18959528843249773,0.0,0.11111111111111116,0.20833333333333334,0.3779957035664001,0.0,0.2654729334022059,0.9742673338098642,1.0,0.5170836799152432,instance,mutual_info_top6
1,0.18959528843249773,0.0,0.11111111111111116,0.20833333333333334,0.332953301819356,0.0,0.3541858958237297,0.9857040743388135,1.0,0.6522034089911394,instance,mutual_info_top6
1,0.3007063995436088,0.0,0.11111111111111116,0.20833333333333334,0.2926825510150226,0.3333333333333333,0.4271984661406646,0.9964260185847034,1.0,0.6837976227463308,instance,mutual_info_top6
1,0.2548989266327708,0.2,0.036363636363636376,0.3333333333333333,0.10001656257819097,0.5,0.6695293008768735,1.0,1.0,0.6917225404896429,instance,mutual_info_top6
1,0.12811594202898557,0.2,0.036363636363636376,0.5416666666666666,0.09738671444013036,0.5,0.46394655260512063,0.9992852037169406,1.0,0.9832840850274276,instance,mutual_info_top6
1,0.15261284436600764,0.2,0.036363636363636376,0.3333333333333333,0.16612546835413583,0.0,0.46551999024826474,0.9985704074338814,1.0,0.45376775386027046,instance,mutual_info_top6
1,0.02390138154027044,0.0,0.036363636363636376,0.3333333333333333,0.1033795715185617,0.0,0.26111329147941564,0.9656897784131523,1.0,0.8622370914671758,instance,mutual_info_top6
1,0.4173730662102755,0.8,0.5809523809523809,0.2916666666666667,0.6328531885129701,1.0,0.5085451394818956,1.0,1.0,0.3592388009792014,instance,mutual_info_top6
1,0.17293103003072785,0.2,0.32352941176470584,0.4583333333333333,0.2856926769537762,0.5,0.5106929995543038,1.0,1.0,0.25491901011146667,instance,mutual_info_top6
1,0.03960396039603964,0.0,0.20420420420420415,0.4166666666666667,0.11935672046214013,0.0,0.33533732490560897,0.9878484631879915,0.8333333333333334,1.5526315905241488,instance,mutual_info_top6
1,0.22526929700314124,0.2,0.036363636363636376,0.3333333333333333,0.18667996626587102,0.0,0.4472277683104815,0.9985704074338814,1.0,0.34701278383528666,instance,mutual_info_top6
1,0.06459948320413433,0.2,0.20420420420420415,0.4166666666666667,0.10988725993508675,0.0,0.3218997129848795,0.9985704074338814,0.8333333333333334,0.912952716814365,instance,mutual_info_top6
1,0.15261284436600764,0.0,0.32352941176470584,0.375,0.20302656151842458,0.0,0.27406699340911256,0.9949964260185847,1.0,0.47622482933591964,instance,mutual_info_top6
1,0.22702886173520787,0.2,0.20420420420420415,0.5833333333333334,0.09760052295426436,0.5,0.5497939701691086,1.0,1.0,0.7804091125149853,instance,mutual_info_top6
1,0.24656925803788798,0.0,0.32352941176470584,0.5416666666666666,0.5052550476023728,0.0,0.17912336624716296,0.9964260185847034,1.0,0.43143186136037004,instance,mutual_info_top6
1,0.044782608695652204,0.0,0.20420420420420415,0.375,0.09224394835083993,0.0,0.2687936474240532,0.9849892780557541,1.0,1.540250954472406,instance,mutual_info_top6
1,0.1436955284018745,0.0,0.036363636363636376,0.3333333333333333,0.09374845877539778,0.0,0.4194004214010082,0.9964260185847034,1.0,0.9328051397906478,instance,mutual_info_top6
1,0.19793281653746764,0.2,0.20420420420420415,0.6666666666666666,0.10435271212145347,0.3333333333333333,0.3484759498189087,0.997855611150822,1.0,0.4936226441472403,instance,mutual_info_top6
1,0.6771308980213089,0.6,0.9150943396226415,0.20833333333333334,0.6972146850017287,1.0,0.61901481405348,1.0,1.0,-0.39959570103041364,instance,mutual_info_top6
1,0.5114696316840837,0.8,0.15476190476190477,0.5,0.2963326125698762,1.0,0.5767284625322864,1.0,1.0,-0.21079562057591797,instance,mutual_info_top6
1,0.18401340261805377,0.2,0.20420420420420415,0.375,0.09516966006933208,0.5,0.541300537769346,1.0,1.0,0.989417641207104,instance,mutual_info_top6
1,0.18008015087223006,0.2,0.036363636363636376,0.4583333333333333,0.09181825216513884,0.3333333333333333,0.4095014829471061,0.9985704074338814,1.0,1.479983435701582,instance,mutual_info_top6
1,0.02390138154027044,0.0,0.036363636363636376,0.3333333333333333,0.10465169197087698,0.0,0.2870965418093798,0.9706933523945676,1.0,0.6849750793085865,instance,mutual_info_top6
1,0.2119372234058533,0.4,0.5809523809523809,0.4166666666666667,0.43098884185433584,0.5,0.5662339696561991,1.0,1.0,0.3574307497576622,instance,mutual_info_top6
1,0.5032729103726081,0.8,0.6923076923076923,0.25,0.11129546110278754,1.0,0.6346908236077199,1.0,1.0,0.32335752423469216,instance,mutual_info_top6
1,0.2633739204736183,0.2,0.32352941176470584,0.4583333333333333,0.28805605707403653,0.0,0.47643010686317455,0.9971408148677627,1.0,0.19656261347862095,instance,mutual_info_top6
1,0.16499452209421994,0.0,0.32352941176470584,0.4583333333333333,0.21955474189330626,0.0,0.4422914750489093,0.9949964260185847,1.0,0.5823114316392012,instance,mutual_info_top6
1,0.26146963168408366,0.4,0.02352941176470591,0.25,0.3940706746232683,0.0,0.4722094967933772,0.9985704074338814,1.0,0.09102278729248531,instance,mutual_info_top6
1,0.36160624370594163,1.0,0.6923076923076923,0.2916666666666667,0.15822250079080336,1.0,0.671352736132371,1.0,1.0,0.08792387563470422,instance,mutual_info_top6
1,0.28466449613312605,0.0,0.32352941176470584,0.375,0.2675561691920004,0.0,0.43874650102614354,0.995711222301644,1.0,0.301302381599983,instance,mutual_info_top6
1,0.22848658558628354,0.0,0.32352941176470584,0.5,0.13477260887164677,0.0,0.3315820480351971,0.995711222301644,1.0,0.5129166134019862,instance,mutual_info_top6
1,0.09561525271495064,0.0,0.036363636363636376,0.4583333333333333,0.15380151505037948,0.0,0.2972662111028206,0.9635453895639743,1.0,0.8935306739250364,instance,mutual_info_top6
1,0.14956680346557227,0.2,0.20420420420420415,0.375,0.09060988600902709,0.0,0.45838281317936347,0.9985704074338814,1.0,1.941369530555047,instance,mutual_info_top6
1,0.02390138154027044,0.0,0.036363636363636376,0.3333333333333333,0.1043959170472678,0.0,0.26685555784762194,0.9528234453180844,1.0,0.722565100541823,instance,mutual_info_top6
1,0.5902547065337762,0.6,0.5809523809523809,0.375,0.6908167111768916,1.0,0.5176400532480694,1.0,1.0,0.41014169371245285,instance,mutual_info_top6
1,0.007440476190476275,0.0,0.036363636363636376,0.3333333333333333,0.09185849261903556,0.0,0.31386712640418746,0.9749821300929236,1.0,1.466944478546363,instance,mutual_info_top6
1,0.34377999261720193,0.2,0.5809523809523809,0.25,0.6855641613822769,1.0,0.5015549428099904,1.0,1.0,-0.09814860514815621,instance,mutual_info_top6
1,0.1436955284018745,0.2,0.20420420420420415,0.7916666666666666,0.09421406806728322,0.3333333333333333,0.5023767812423328,1.0,1.0,0.9838586266088275,instance,mutual_info_top6
1,0.12811594202898557,0.2,0.036363636363636376,0.3333333333333333,0.09943934946789107,1.0,0.5568567144382547,1.0,1.0,0.8310956247989059,instance,mutual_info_top6
1,0.007440476190476275,0.0,0.11111111111111116,0.20833333333333334,0.10172518612059694,0.0,0.2516766921780711,0.9442458899213724,1.0,1.3333149504959871,instance,mutual_info_top6
1,0.5060374882080307,0.6,0.32352941176470584,0.625,0.6519235539080097,0.5,0.5440294836780462,1.0,1.0,0.36379612905534287,instance,mutual_info_top6
1,0.09515951595159511,0.4,0.036363636363636376,0.25,0.09122161423579456,0.0,0.4050313706860502,0.9992852037169406,1.0,2.3563598824275926,instance,mutual_info_top6
1,0.2716604634136265,0.8,0.32352941176470584,0.375,0.19420018249867965,1.0,0.606124230296762,1.0,1.0,0.15194717206895741,instance,mutual_info_top6
1,0.4294942783314877,0.4,0.2954545454545454,0.5416666666666666,0.6746108332773392,0.3333333333333333,0.48290125736523815,0.9992852037169406,1.0,-0.18713824160080147,instance,mutual_info_top6
1,0.007440476190476275,0.0,0.036363636363636376,0.4583333333333333,0.18838440806690204,0.0,0.20870010783781412,0.9206576125804146,1.0,0.8765078788753488,instance,mutual_info_top6
1,0.007440476190476275,0.0,0.036363636363636376,0.5416666666666666,0.10444779665206066,0.0,0.2954704826984086,0.9907076483202287,1.0,1.0203817515787468,instance,mutual_info_top6
1,0.12125627835597619,0.2,0.036363636363636376,0.4583333333333333,0.11025115889892706,0.0,0.4777123518001898,0.9985704074338814,1.0,0.8007626641050067,instance,mutual_info_top6
1,0.2716604634136265,0.0,0.32352941176470584,0.375,0.16146877891305683,0.25,0.46753227761199834,0.9964260185847034,1.0,0.3424928880514215,instance,mutual_info_top6
1,0.09674681753889669,0.0,0.036363636363636376,0.375,0.0908052177265688,0.0,0.3644842000341184,0.9964260185847034,1.0,1.9657018945993174,instance,mutual_info_top6
1,0.07777777777777783,0.6,0.15476190476190477,0.375,0.4050901098264005,0.0,0.4560141430354917,0.9992852037169406,1.0,0.1939191761593764,instance,mutual_info_top6
1,0.13265228975198762,0.0,0.036363636363636376,0.4583333333333333,0.15447865198987742,0.0,0.34384733248800314,0.9792709077912795,1.0,0.974028937567096,instance,mutual_info_top6
1,0.07664099743307673,0.0,0.20420420420420415,0.4166666666666667,0.10416088521235917,0.0,0.3359858363558461,0.9849892780557541,0.8333333333333334,1.564528236855969,instance,mutual_info_top6
1,0.24785093960410276,0.4,0.03977272727272729,0.4166666666666667,0.2491000209018674,0.5,0.5157924640723603,1.0,1.0,0.13397090660569955,instance,mutual_info_top6
1,0.2624422739109038,0.6,0.036363636363636376,0.5,0.33748937787572164,0.0,0.49940897952190255,0.9992852037169406,1.0,0.3816557968806733,instance,mutual_info_top6
1,0.2576064762111274,0.2,0.20420420420420415,0.6666666666666666,0.0949371035199234,0.0,0.4264594507296784,0.997855611150822,1.0,0.7647655036949454,instance,mutual_info_top6
1,0.09561525271495064,0.0,0.036363636363636376,0.4583333333333333,0.13514590901087092,0.0,0.27254935535234825,0.9814152966404575,1.0,0.6786219195834309,instance,mutual_info_top6
1,0.06459948320413433,0.0,0.20420420420420415,0.4166666666666667,0.10874207529643037,0.0,0.2776534590034806,0.9928520371694067,0.8333333333333334,0.9387493245911946,instance,mutual_info_top6
1,0.5696980311455551,0.2,0.2954545454545454,0.5416666666666666,0.4291861150963342,0.0,0.4475505739388429,0.9985704074338814,1.0,-0.02325370613247045,instance,mutual_info_top6
1,0.007440476190476275,0.0,0.036363636363636376,0.4583333333333333,0.09982722791661558,0.0,0.17959692182643106,0.9807005003573981,1.0,1.249170438875018,instance,mutual_info_top6
1,0.007440476190476275,0.2,0.036363636363636376,0.3333333333333333,0.09069809827138625,0.0,0.4184610856752248,0.9971408148677627,1.0,2.0212988761169837,instance,mutual_info_top6
1,0.4906053894425987,0.6,0.3529411764705882,0.4166666666666667,0.6295070496963006,0.0,0.43427376671575024,0.9985704074338814,1.0,-0.24077624250983062,instance,mutual_info_top6
1,0.4798989266327709,0.6,0.03977272727272729,0.375,0.15330613837303486,0.5,0.54177214002115,1.0,1.0,0.21344724264174864,instance,mutual_info_top6
1,0.3921188630490956,0.2,0.20420420420420415,0.7916666666666666,0.09375212173572856,0.6666666666666666,0.5792200759734296,1.0,1.0,1.1256371013717617,instance,mutual_info_top6
1,0.17642236817553136,0.0,0.036363636363636376,0.3333333333333333,0.11654168115550201,0.0,0.330280811564971,0.9849892780557541,1.0,0.6207672709704838,instance,mutual_info_top6
1,0.2179978294664594,0.4,0.3529411764705882,0.4166666666666667,0.49475854788945084,0.5,0.45349617277366006,0.9992852037169406,1.0,0.20201136898285071,instance,mutual_info_top6
1,0.5486586757990868,0.4,0.9150943396226415,0.3333333333333333,0.6957871516389074,0.5,0.483666164864619,0.9992852037169406,1.0,-0.0008792983773550915,instance,mutual_info_top6
1,0.21046842907308028,0.2,0.036363636363636376,0.3333333333333333,0.09143950522373884,0.5,0.4517962312079311,0.9992852037169406,1.0,1.3561508027365745,instance,mutual_info_top6
1,0.13265228975198762,0.2,0.11111111111111116,0.20833333333333334,0.15585125043137094,0.0,0.42312288880266313,0.9985704074338814,1.0,0.9239600623259615,instance,mutual_info_top6
1,0.5060374882080307,0.6,0.5809523809523809,0.3333333333333333,0.654717211603355,0.5,0.44357296203941665,0.9992852037169406,1.0,0.44317190549427626,instance,mutual_info_top6
1,0.09561525271495064,0.0,0.036363636363636376,0.4583333333333333,0.11934643411689994,0.0,0.23151000629385754,0.9714081486776269,1.0,0.8837835569613116,instance,mutual_info_top6
1,0.4687975646879756,1.0,0.15476190476190477,0.375,0.6969304247263289,1.0,0.6729458096919847,1.0,1.0,-0.6033146961860789,instance,mutual_info_top6
1,0.2716604634136265,0.4,0.03977272727272729,0.375,0.1965913292982096,0.5,0.41871538301220945,0.9985704074338814,1.0,0.1856719270685073,instance,mutual_info_top6
1,0.37270415487469755,0.2,0.5809523809523809,0.2916666666666667,0.4472581097296423,1.0,0.6178755930596758,1.0,1.0,0.375353112502672,instance,mutual_info_top6
1,0.03960396039603964,0.0,0.20420420420420415,0.4166666666666667,0.13676268463494312,0.0,0.27437197376277267,0.9849892780557541,0.6666666666666666,1.8477753838288682,instance,mutual_info_top6
1,0.4727041548746974,0.4,0.5809523809523809,0.3333333333333333,0.6429039024116902,1.0,0.5901081414782037,1.0,1.0,0.41140313073742,instance,mutual_info_top6
1,0.13491933412429524,0.0,0.036363636363636376,0.5,0.13822207302910067,0.0,0.37741793318307726,0.9871336669049321,1.0,0.5377205866219852,instance,mutual_info_top6
1,0.03960396039603964,0.0,0.20420420420420415,0.4166666666666667,0.26451317535047375,0.0,0.18872179601612027,0.9764117226590422,0.5,1.6184524164636134,instance,mutual_info_top6
1,0.6378737541528239,0.8,0.5809523809523809,0.25,0.6787891684606551,0.6666666666666666,0.45451725300374446,0.9992852037169406,1.0,0.5729168086503494,instance,mutual_info_top6
1,0.17642236817553136,0.0,0.036363636363636376,0.5833333333333334,0.11387056199824341,0.0,0.4602066564284154,0.9964260185847034,1.0,0.4270095574375599,instance,mutual_info_top6
1,0.1254051640838093,0.0,0.036363636363636376,0.4583333333333333,0.24014603866317996,0.0,0.2713405167334436,0.9942816297355254,1.0,0.5206710496132289,instance,mutual_info_top6
1,0.17642236817553136,0.0,0.036363636363636376,0.4583333333333333,0.12369170104959676,0.0,0.4295518223178557,0.9964260185847034,1.0,0.4947951867919504,instance,mutual_info_top6
1,0.3007063995436088,0.2,0.036363636363636376,0.4583333333333333,0.3050099225309185,0.0,0.38996153385836707,0.997855611150822,1.0,0.8698337631162978,instance,mutual_info_top6
1,0.5560374882080308,0.8,0.5809523809523809,0.4583333333333333,0.4070392062626401,1.0,0.6851755440540181,1.0,1.0,0.7018576507813868,instance,mutual_info_top6
1,0.044782608695652204,0.0,0.20420420420420415,0.375,0.09304861786014262,0.0,0.26793666159285445,0.9857040743388135,1.0,1.4372222714536083,instance,mutual_info_top6
1,0.1421188630490956,0.2,0.20420420420420415,0.4166666666666667,0.09871569032158162,0.5,0.522031653506088,1.0,1.0,1.089716051457861,instance,mutual_info_top6
1,0.06043729372937301,0.0,0.20420420420420415,0.375,0.09053967525419132,0.0,0.3728063107207005,0.9935668334524661,1.0,2.117681897232395,instance,mutual_info_top6
1,0.17642236817553136,0.0,0.036363636363636376,0.3333333333333333,0.11649385847203186,0.0,0.2896450274019925,0.9942816297355254,1.0,0.6375873629821727,instance,mutual_info_top6
1,0.22702886173520787,0.4,0.20420420420420415,0.5833333333333334,0.10043712607230282,0.0,0.42439641921216475,0.997855611150822,1.0,0.5138635308893168,instance,mutual_info_top6
1,0.02390138154027044,0.0,0.036363636363636376,0.3333333333333333,0.10660418402848687,0.0,0.2922489296951334,0.9742673338098642,1.0,0.5086724667716395,instance,mutual_info_top6
1,0.52217125382263,0.6,0.8235294117647058,0.5,0.6803097830703356,0.0,0.46010740984644505,0.9992852037169406,1.0,-0.2725365901489006,instance,mutual_info_top6
1,0.14956680346557227,0.6,0.20420420420420415,0.375,0.09224018320236238,0.5,0.550332967192215,1.0,1.0,1.4718061514693563,instance,mutual_info_top6
1,0.019345238095238138,0.0,0.036363636363636376,0.375,0.09283151899123882,0.0,0.3597237107924278,0.9921372408863474,1.0,1.0408664025999907,instance,mutual_info_top6
1,0.2715655932994375,0.4,0.036363636363636376,0.3333333333333333,0.12396133852836233,0.0,0.4621465271769607,0.9992852037169406,1.0,0.36626721764606135,instance,mutual_info_top6
1,0.007440476190476275,0.0,0.036363636363636376,0.4583333333333333,0.12549639061845147,0.0,0.2623025658482605,0.9299499642601858,1.0,1.4135413177174192,instance,mutual_info_top6
1,0.007440476190476275,0.2,0.036363636363636376,0.3333333333333333,0.09242840720602102,0.3333333333333333,0.43126859485023006,0.9985704074338814,1.0,1.2151993190006507,instance,mutual_info_top6
1,0.2179978294664594,0.2,0.32352941176470584,0.5416666666666666,0.5607995348703128,0.3333333333333333,0.5207959876817935,1.0,1.0,0.16810514017285555,instance,mutual_info_top6
1,0.09674681753889669,0.2,0.20420420420420415,0.7916666666666666,0.09396989976970599,0.3333333333333333,0.42006093914648934,0.9992852037169406,1.0,1.4864624378712368,instance,mutual_info_top6
1,0.5935998252512014,1.0,0.8235294117647058,0.375,0.6962555939712171,1.0,0.6050709394245708,1.0,1.0,-0.321612470332039,instance,mutual_info_top6
1,0.20627062706270627,0.0,0.20420420420420415,0.4166666666666667,0.09134993338718767,0.0,0.286204200418924,0.9949964260185847,0.8333333333333334,2.2250866525476525,instance,mutual_info_top6
1,0.1217890256877946,0.2,0.20420420420420415,0.7916666666666666,0.09183898024588577,0.3333333333333333,0.530980158796379,1.0,1.0,1.542136393778427,instance,mutual_info_top6
1,0.2105400299654745,0.0,0.3529411764705882,0.375,0.5279149623458577,0.0,0.37803207956792706,0.9849892780557541,1.0,0.17684697874236616,instance,mutual_info_top6
1,0.4727041548746974,0.6,0.11111111111111116,0.25,0.6171692272973145,0.0,0.483968010925387,0.9985704074338814,1.0,0.7089918455835565,instance,mutual_info_top6
1,0.5114696316840837,0.4,0.2954545454545454,0.4583333333333333,0.2644542882337685,0.0,0.4275144360525719,0.9992852037169406,1.0,-0.09091361283800949,instance,mutual_info_top6
1,0.19793281653746764,0.4,0.32352941176470584,0.3333333333333333,0.12315685488403721,0.5,0.4476188980876651,0.9985704074338814,1.0,0.4144109795089005,instance,mutual_info_top6
1,0.18008015087223006,0.2,0.036363636363636376,0.375,0.09409314215641651,0.0,0.3695219802804527,0.9985704074338814,1.0,1.3431994198825739,instance,mutual_info_top6
1,0.24785093960410276,0.6,0.32352941176470584,0.5,0.15930053367211128,1.0,0.5069509369945497,1.0,1.0,0.3487270359064861,instance,mutual_info_top6
1,0.12125627835597619,0.2,0.036363636363636376,0.4583333333333333,0.10933180483626642,0.25,0.5320514911280372,1.0,1.0,0.8315831299385222,instance,mutual_info_top6
1,0.12811594202898557,0.0,0.036363636363636376,0.4583333333333333,0.09729991988704284,0.0,0.3854195959741076,0.9864188706218727,1.0,1.0881210937377483,instance,mutual_info_top6
1,0.35171650055370984,0.4,0.32352941176470584,0.5416666666666666,0.5107024220967541,1.0,0.5989385141822217,1.0,1.0,0.04217723390155589,instance,mutual_info_top6
1,0.6158742066468998,1.0,0.8235294117647058,0.4166666666666667,0.657103787928628,1.0,0.6085390878173575,1.0,1.0,-0.2981712235431745,instance,mutual_info_top6
1,0.007440476190476275,0.0,0.036363636363636376,0.3333333333333333,0.09232265425677044,0.0,0.3944213555874819,0.9907076483202287,1.0,1.3189465407080807,instance,mutual_info_top6
1,0.18765590844798774,0.2,0.20420420420420415,0.7916666666666666,0.09257226441494104,0.0,0.4526412779976984,0.9985704074338814,1.0,1.169213138757579,instance,mutual_info_top6
1,0.09561525271495064,0.0,0.036363636363636376,0.4583333333333333,0.19083392441727798,0.0,0.3141288085312248,0.9728377412437456,1.0,0.6257504026743169,instance,mutual_info_top6
1,0.0872230080150872,0.2,0.20420420420420415,0.9166666666666666,0.1156013083080083,0.5,0.4976014333828448,0.9992852037169406,1.0,1.6869491306512472,instance,mutual_info_top6
1,0.5451671359398291,0.4,0.2954545454545454,0.5416666666666666,0.6684480479077853,1.0,0.5734002434626855,1.0,1.0,0.09841110010956518,instance,mutual_info_top6
1,0.5451671359398291,0.4,0.32352941176470584,0.5416666666666666,0.6069463010983446,1.0,0.5264915506366581,1.0,1.0,0.14188685207221038,instance,mutual_info_top6
1,0.1421188630490956,0.0,0.20420420420420415,0.4166666666666667,0.09681970131744971,0.0,0.2627077839229417,0.9878484631879915,1.0,1.1187634628293768,instance,mutual_info_top6
1,0.04473471487360381,0.0,0.036363636363636376,0.3333333333333333,0.10646800648582627,0.0,0.3637193784759797,0.9835596854896355,1.0,0.3856567260235983,instance,mutual_info_top6
1,0.18765590844798774,0.2,0.20420420420420415,0.7916666666666666,0.09303193243354213,0.0,0.42785291768339206,0.9971408148677627,1.0,1.2535100953952565,instance,mutual_info_top6
1,0.22702886173520787,0.2,0.20420420420420415,0.625,0.09880919697122775,0.0,0.47115915798082153,0.997855611150822,1.0,0.8000381304996271,instance,mutual_info_top6
1,0.19793281653746764,0.0,0.20420420420420415,0.3333333333333333,0.11280826779850861,0.0,0.4102964422180577,0.9964260185847034,1.0,0.6142352771606182,instance,mutual_info_top6
1,0.19793281653746764,0.0,0.32352941176470584,0.375,0.1128755797575276,0.0,0.335522773155117,0.9892780557541101,1.0,0.6835630851836679,instance,mutual_info_top6
1,0.14738318606183132,0.0,0.11111111111111116,0.20833333333333334,0.33212742006078033,0.0,0.37933231163181136,0.9885632594710507,1.0,0.4585619399161017,instance,mutual_info_top6
1,0.044782608695652204,0.0,0.036363636363636376,0.4583333333333333,0.10802935850173012,0.0,0.33613203491471566,0.9942816297355254,1.0,0.8896168887919439,instance,mutual_info_top6
1,0.019345238095238138,0.0,0.036363636363636376,0.375,0.09356288779175931,0.0,0.40348798786284723,0.9921372408863474,1.0,1.22281989166416,instance,mutual_info_top6
1,0.14738318606183132,0.2,0.11111111111111116,0.20833333333333334,0.298018721799981,0.0,0.3617684260046796,0.997855611150822,1.0,0.6063671350702496,instance,mutual_info_top6
1,0.18959528843249773,0.0,0.036363636363636376,0.4583333333333333,0.43931406000225315,0.0,0.3894682258362341,0.9949964260185847,1.0,0.632818826118579,instance,mutual_info_top6
1,0.6331118493909191,0.8,0.9150943396226415,0.2916666666666667,0.6880814992232439,0.5,0.5887260488939383,1.0,1.0,0.1883776798041524,instance,mutual_info_top6
1,0.17147330617965217,0.2,0.20420420420420415,0.6666666666666666,0.1005024363342833,0.0,0.22890827497009092,0.9971408148677627,1.0,0.677908406857511,instance,mutual_info_top6
1,0.09515951595159511,0.0,0.036363636363636376,0.4583333333333333,0.09062882393143096,0.0,0.4033832087836251,0.9928520371694067,1.0,2.338589821118666,instance,mutual_info_top6
1,0.19793281653746764,0.0,0.20420420420420415,0.5416666666666666,0.10196553954647497,0.0,0.3949755824432343,0.9949964260185847,1.0,0.5755928628857043,instance,mutual_info_top6
1,0.2465753424657534,0.4,0.9150943396226415,0.125,0.6972669880881806,0.0,0.352266135335782,0.997855611150822,0.6666666666666666,-0.5443515224639051,instance,mutual_info_top6
1,0.2254052368738667,0.8,0.32352941176470584,0.5416666666666666,0.4607497901136497,0.5,0.48741159641187937,0.9992852037169406,1.0,0.032903655285663566,instance,mutual_info_top6
1,0.12426004505212429,0.0,0.20420420420420415,0.375,0.09097092721216804,0.0,0.39035280178532605,0.9942816297355254,1.0,2.005757351667979,instance,mutual_info_top6
1,0.1312661498708011,0.0,0.036363636363636376,0.3333333333333333,0.0960247242764754,0.0,0.3023305688958471,0.9878484631879915,1.0,1.0316930017905397,instance,mutual_info_top6
1,0.2465753424657534,0.4,0.9150943396226415,0.125,0.6972649376673884,0.0,0.46761996570369957,0.9985704074338814,1.0,-0.39927056786493526,instance,mutual_info_top6
1,0.09674681753889669,0.0,0.036363636363636376,0.375,0.09132845700339864,0.0,0.3374769106875506,0.9928520371694067,1.0,1.6963121761195528,instance,mutual_info_top6
1,0.13491933412429524,0.0,0.036363636363636376,0.4583333333333333,0.1341056031524741,0.0,0.3746637072324822,0.9949964260185847,1.0,0.6765543716337429,instance,mutual_info_top6
1,0.18765590844798774,0.0,0.036363636363636376,0.4583333333333333,0.09191603167289719,0.0,0.3992043668315166,0.9949964260185847,1.0,1.2652810744693916,instance,mutual_info_top6
1,0.1254051640838093,0.0,0.036363636363636376,0.3333333333333333,0.22837880154198054,0.0,0.36130363411523647,0.9928520371694067,1.0,0.4601930171917882,instance,mutual_info_top6
1,0.17806102166567284,0.2,0.20420420420420415,0.5416666666666666,0.0939615387462594,0.0,0.43194142346398234,0.997855611150822,1.0,1.062757544979846,instance,mutual_info_top6
1,0.28466449613312605,0.4,0.02352941176470591,0.25,0.4502577344702584,1.0,0.5413129073486749,1.0,1.0,-0.03152407367936191,instance,mutual_info_top6
1,0.49033295178047576,1.0,0.2954545454545454,0.4583333333333333,0.45972127395318807,0.5,0.7060230420819009,1.0,1.0,-0.033401828665886285,instance,mutual_info_top6
1,0.52217125382263,0.6,0.2954545454545454,0.4583333333333333,0.688438602660343,0.5,0.5000354714474418,1.0,1.0,-0.38836399388970244,instance,mutual_info_top6
1,0.41229503943545043,0.4,0.5809523809523809,0.25,0.6937380299013913,0.5,0.49753790140423715,0.9992852037169406,1.0,0.1811527557330568,instance,mutual_info_top6
1,0.1254051640838093,0.0,0.11111111111111116,0.20833333333333334,0.2481706266792778,0.0,0.41293942689912155,0.9928520371694067,1.0,0.2522230312321223,instance,mutual_info_top6
1,0.2254052368738667,0.2,0.2954545454545454,0.4583333333333333,0.5423865736554188,0.0,0.4880556947956305,0.9992852037169406,1.0,0.27070042274571277,instance,mutual_info_top6
1,0.3388379204892966,0.6,0.15476190476190477,0.5,0.6617317142234814,0.5,0.45600955941353594,0.9992852037169406,1.0,0.2637013907993406,instance,mutual_info_top6
1,0.03960396039603964,0.0,0.20420420420420415,0.4166666666666667,0.11351928182237625,0.0,0.39160284428477066,0.9799857040743388,0.8333333333333334,0.9654826866010962,instance,mutual_info_top6
1,0.25322997416020676,0.6,0.20420420420420415,0.5833333333333334,0.10167007964875668,0.6666666666666666,0.34909383349174317,0.9992852037169406,1.0,0.7719186196342568,instance,mutual_info_top6
1,0.18401340261805377,0.2,0.20420420420420415,0.6666666666666666,0.09614416739645387,0.0,0.4621718242607872,0.9992852037169406,1.0,1.1600770295681815,instance,mutual_info_top6
1,0.02390138154027044,0.0,0.036363636363636376,0.5416666666666666,0.09975800190997258,0.0,0.29932665042933526,0.9599714081486777,1.0,0.7872163910138792,instance,mutual_info_top6
1,0.1421188630490956,0.0,0.20420420420420415,0.4166666666666667,0.09817935797781852,0.0,0.34423009616328726,0.9949964260185847,1.0,0.9235825298823386,instance,mutual_info_top6
1,0.18765590844798774,0.0,0.20420420420420415,0.7916666666666666,0.09392611251055849,0.0,0.3148007059301645,0.9964260185847034,1.0,1.1924121996843196,instance,mutual_info_top6
1,0.21972768833233947,0.4,0.20420420420420415,0.375,0.09259146536192492,0.5,0.46047372273159837,0.9985704074338814,1.0,1.303489152112011,instance,mutual_info_top6
1,0.2715655932994375,0.4,0.036363636363636376,0.3333333333333333,0.12398061112309089,0.16666666666666666,0.5372037005004708,1.0,1.0,0.459935394118126,instance,mutual_info_top6
1,0.35171650055370984,0.4,0.32352941176470584,0.4166666666666667,0.5892100236185974,1.0,0.5201947520692143,1.0,1.0,0.035012166303793425,instance,mutual_info_top6
1,0.0495424071812961,0.0,0.036363636363636376,0.3333333333333333,0.09310979662669172,0.0,0.37145078845768575,0.9964260185847034,1.0,1.3764881250953989,instance,mutual_info_top6
1,0.03960396039603964,0.0,0.20420420420420415,0.4166666666666667,0.12769766980718122,0.0,0.1945864956799379,0.9828448892065761,0.8333333333333334,1.1385013309003131,instance,mutual_info_top6
1,0.2179978294664594,0.0,0.2954545454545454,0.4583333333333333,0.553710668464037,0.0,0.37946562379005755,0.9942816297355254,1.0,0.24733003643799054,instance,mutual_info_top6
1,0.14956680346557227,0.0,0.20420420420420415,0.375,0.09123475071802079,0.0,0.3987383225910608,0.9935668334524661,1.0,1.7276398180235881,instance,mutual_info_top6
1,0.323182707889054,0.4,0.20420420420420415,0.5833333333333334,0.09958625670909865,0.5,0.3471671086816439,0.9992852037169406,1.0,0.7227669931093094,instance,mutual_info_top6
1,0.2119372234058533,0.2,0.32352941176470584,0.5416666666666666,0.28088597378979774,0.0,0.4608537268926435,0.9992852037169406,1.0,0.5391487955024974,instance,mutual_info_top6
1,0.49033295178047576,0.8,0.03977272727272729,0.4583333333333333,0.4526761563882181,0.75,0.4105473001853759,0.9992852037169406,1.0,0.05808092142883556,instance,mutual_info_top6
1,0.584128174900868,0.8,0.9150943396226415,0.2916666666666667,0.6751349860598946,1.0,0.532520147910835,1.0,1.0,0.16832988974863103,instance,mutual_info_top6
1,0.14163029552906437,0.2,0.20420420420420415,0.7916666666666666,0.09297811045300397,0.5,0.5011023868734077,1.0,1.0,1.4187661882666334,instance,mutual_info_top6
1,0.32292862176583104,0.4,0.11111111111111116,0.25,0.5420931715808667,0.5,0.52268616709755,1.0,1.0,0.48092328652227895,instance,mutual_info_top6
1,0.0,0.8,0.15476190476190477,0.375,0.08953182163588791,0.0,0.4887555550368555,0.9992852037169406,0.8333333333333334,1.6355975848682556,instance,mutual_info_top6
1,0.09561525271495064,0.0,0.036363636363636376,0.4583333333333333,0.12870516234674223,0.0,0.37577303852519206,0.9907076483202287,1.0,0.6666115170654856,instance,mutual_info_top6
1,0.6888379204892967,0.6,0.32352941176470584,0.375,0.6694177696641922,0.75,0.5092021904473933,1.0,1.0,-0.35627471985064285,instance,mutual_info_top6
1,0.20785792865000785,0.2,0.20420420420420415,0.5416666666666666,0.09590556374707104,0.3333333333333333,0.47752889571740287,0.9985704074338814,1.0,1.3990596405843867,instance,mutual_info_top6
1,0.22545219638242886,0.4,0.20420420420420415,0.7916666666666666,0.09562308679382614,0.0,0.38188861961802667,0.9985704074338814,1.0,1.0151912892036379,instance,mutual_info_top6
1,0.007440476190476275,0.0,0.036363636363636376,0.3333333333333333,0.10489615986572598,0.0,0.3317539924849051,0.9878484631879915,1.0,0.6185091885394638,instance,mutual_info_top6
1,0.63199200913242,0.6,0.9420289855072463,0.3333333333333333,0.6970448245539002,0.0,0.48636499709540826,0.9992852037169406,1.0,-0.5310236265755764,instance,mutual_info_top6
1,0.13491933412429524,0.0,0.32352941176470584,0.4583333333333333,0.16680540556026802,0.0,0.39708743316984774,0.9942816297355254,1.0,0.404291869304543,instance,mutual_info_top6
1,0.007440476190476275,0.0,0.036363636363636376,0.5416666666666666,0.09622816124942413,0.0,0.26101250989648694,0.9664045746962115,1.0,1.5127031164463376,instance,mutual_info_top6
1,0.5610601427115189,1.0,0.15476190476190477,0.5,0.6959268035221741,1.0,0.5944912474003294,1.0,1.0,-0.3442162994050205,instance,mutual_info_top6
1,0.09674681753889669,0.2,0.20420420420420415,0.4166666666666667,0.09672804338053259,0.0,0.38561366194861635,0.9971408148677627,1.0,1.342048871764463,instance,mutual_info_top6
1,0.044782608695652204,0.0,0.036363636363636376,0.5,0.1100059044247414,0.0,0.3695444661782912,0.995711222301644,1.0,0.8156690022169985,instance,mutual_info_top6
1,0.4294942783314877,0.4,0.2954545454545454,0.5416666666666666,0.6500405065024879,0.5,0.45311043170348,0.9992852037169406,1.0,-0.07664141300679864,instance,mutual_info_top6
1,0.057234714873603765,0.2,0.036363636363636376,0.3333333333333333,0.09399555523140007,0.0,0.4452326376854119,0.997855611150822,1.0,1.129467791908136,instance,mutual_info_top6
1,0.4393708215413642,0.2,0.036363636363636376,0.5,0.4676516892951488,0.3333333333333333,0.47355291177149195,0.9985704074338814,1.0,0.4315120708375914,instance,mutual_info_top6
1,0.35171650055370984,0.0,0.5809523809523809,0.4166666666666667,0.5752879290553669,0.0,0.4523446531112246,0.9964260185847034,1.0,0.03274821812059888,instance,mutual_info_top6
1,0.06459948320413433,0.2,0.03977272727272729,0.3333333333333333,0.09762054463358766,1.0,0.5163380881566413,1.0,1.0,0.5129271625380872,instance,mutual_info_top6
1,0.34377999261720193,0.4,0.32352941176470584,0.4166666666666667,0.6714562415383707,0.0,0.4640488314061265,0.9985704074338814,1.0,0.10950875632363936,instance,mutual_info_top6
1,0.3021308980213089,0.8,0.8235294117647058,0.375,0.697194242022467,0.5,0.524322318763597,1.0,1.0,-0.809384194144845,instance,mutual_info_top6
1,0.4294942783314877,0.4,0.32352941176470584,0.375,0.6282683803689687,0.0,0.4940638650850325,0.9992852037169406,1.0,-0.10242609815066633,instance,mutual_info_top6
1,0.007440476190476275,0.0,0.036363636363636376,0.4583333333333333,0.10937445542130642,0.0,0.40176652534339086,0.9921372408863474,1.0,0.8946619181894736,instance,mutual_info_top6
1,0.057234714873603765,0.0,0.036363636363636376,0.3333333333333333,0.0947030733691171,0.0,0.3918163526238765,0.995711222301644,1.0,1.014465846618703,instance,mutual_info_top6
1,0.1217890256877946,0.0,0.20420420420420415,0.375,0.09125137888656631,0.0,0.23951563806797915,0.9942816297355254,1.0,1.4665020005573575,instance,mutual_info_top6
1,0.18959528843249773,0.2,0.11111111111111116,0.25,0.6319735892586125,0.0,0.39952815589660895,0.9971408148677627,1.0,0.8430899968877259,instance,mutual_info_top6
1,0.1254051640838093,0.0,0.036363636363636376,0.3333333333333333,0.2712581581546708,0.0,0.4039514788744043,0.9885632594710507,1.0,0.42297881494927997,instance,mutual_info_top6
1,0.26146963168408366,0.0,0.02352941176470591,0.25,0.16110753554018303,0.0,0.40210951905847403,0.995711222301644,1.0,0.7836313246757106,instance,mutual_info_top6
1,0.526985317758011,0.2,0.15476190476190477,0.5,0.6267810788063678,0.0,0.3882373194834349,0.997855611150822,1.0,0.18470374230550482,instance,mutual_info_top6
1,0.4727041548746974,0.2,0.5809523809523809,0.3333333333333333,0.6641605869039906,0.0,0.42513667021094126,0.997855611150822,1.0,0.38175214122918005,instance,mutual_info_top6
1,0.1436955284018745,0.0,0.20420420420420415,0.5416666666666666,0.09243760453388727,0.0,0.4170356637838739,0.9949964260185847,1.0,1.152257921999195,instance,mutual_info_top6
1,0.007440476190476275,0.0,0.036363636363636376,0.3333333333333333,0.09051323339752859,0.0,0.3338758411622851,0.954253037884203,1.0,2.2609721542466317,instance,mutual_info_top6
1,0.18008015087223006,0.0,0.20420420420420415,0.9166666666666666,0.09250878733968382,0.0,0.3967365332826085,0.9964260185847034,1.0,1.5626646589258755,instance,mutual_info_top6
1,0.18959528843249773,0.2,0.11111111111111116,0.20833333333333334,0.5174353303807201,0.5,0.6039639835624828,1.0,1.0,0.6418503169472244,instance,mutual_info_top6
1,0.019345238095238138,0.0,0.036363636363636376,0.375,0.09240826760446319,0.0,0.2630333085061779,0.9742673338098642,1.0,1.270632372932421,instance,mutual_info_top6
1,0.1421188630490956,0.0,0.20420420420420415,0.4166666666666667,0.09464058579245671,0.0,0.4203022091918772,0.9964260185847034,1.0,1.2023075272936217,instance,mutual_info_top6
1,0.007440476190476275,0.0,0.036363636363636376,0.5416666666666666,0.10361406259070327,0.0,0.31553007558838975,0.9892780557541101,1.0,0.9897477378794142,instance,mutual_info_top6
1,0.6771308980213089,1.0,0.9150943396226415,0.20833333333333334,0.6970376067229049,1.0,0.6197449865920013,1.0,1.0,-0.3799274952968188,instance,mutual_info_top6
1,0.06459948320413433,0.0,0.03977272727272729,0.3333333333333333,0.1013207238542076,0.0,0.3291648470263764,0.9964260185847034,1.0,0.36331637557297425,instance,mutual_info_top6
1,0.007440476190476275,0.0,0.036363636363636376,0.5416666666666666,0.0965925336498441,0.0,0.22755553832491615,0.9549678341672623,1.0,1.5807368371022892,instance,mutual_info_top6
1,0.1436955284018745,0.2,0.20420420420420415,0.375,0.0939876515806427,0.5,0.4988167189379581,0.9992852037169406,1.0,0.9009108882126411,instance,mutual_info_top6
1,0.2715655932994375,0.0,0.036363636363636376,0.3333333333333333,0.11527853638176916,0.0,0.3591886673669158,0.9964260185847034,1.0,0.3222008591766914,instance,mutual_info_top6
1,0.07664099743307673,0.0,0.20420420420420415,0.4166666666666667,0.09268037631638248,0.0,0.25229555023868655,0.9921372408863474,1.0,1.8454106106565116,instance,mutual_info_top6
1,0.5542676501580612,0.2,0.32352941176470584,0.4166666666666667,0.697037739977608,0.0,0.45016483924045914,0.9992852037169406,1.0,-0.42516940748276977,instance,mutual_info_top6
1,0.2633739204736183,0.2,0.32352941176470584,0.375,0.3146789350993328,0.5,0.4930691715115132,0.9992852037169406,1.0,0.3159273008322614,instance,mutual_info_top6
1,0.07664099743307673,0.2,0.20420420420420415,0.7916666666666666,0.09355002598570827,0.0,0.41880929181472326,0.997855611150822,1.0,1.7605612930427719,instance,mutual_info_top6
1,0.22848658558628354,0.2,0.32352941176470584,0.4583333333333333,0.13128591146617408,0.0,0.46741586868589957,0.997855611150822,1.0,0.7523354635719708,instance,mutual_info_top6
1,0.15261284436600764,0.0,0.036363636363636376,0.5,0.1915423905135607,0.0,0.3422130281254122,0.9814152966404575,1.0,0.3766852052598952,instance,mutual_info_top6
1,0.4173730662102755,0.8,0.32352941176470584,0.5416666666666666,0.6250240927601561,1.0,0.5736445483631873,1.0,1.0,0.2853302800594478,instance,mutual_info_top6
1,0.49033295178047576,1.0,0.2954545454545454,0.4583333333333333,0.49194619438842635,1.0,0.5707984395324761,1.0,1.0,-0.13921877639488422,instance,mutual_info_top6
1,0.3007063995436088,0.0,0.036363636363636376,0.4583333333333333,0.24158316970177413,0.0,0.3119142103527399,0.9864188706218727,1.0,0.6937459249072511,instance,mutual_info_top6
1,0.24656925803788798,0.4,0.32352941176470584,0.5416666666666666,0.4576312688071207,0.0,0.47914281844773265,0.9992852037169406,1.0,0.3160131814858832,instance,mutual_info_top6
1,0.17806102166567284,0.0,0.20420420420420415,0.5416666666666666,0.09341736272054157,0.0,0.3296294075353442,0.9899928520371694,1.0,1.2331782707255012,instance,mutual_info_top6
1,0.17642236817553136,0.0,0.036363636363636376,0.5,0.16057360933668818,0.0,0.3618213644413236,0.9871336669049321,1.0,0.47644802664568753,instance,mutual_info_top6
1,0.18765590844798774,0.0,0.20420420420420415,0.7916666666666666,0.09287266628487112,0.0,0.4167145374764536,0.9921372408863474,1.0,1.3639519741273416,instance,mutual_info_top6
1,0.19793281653746764,0.0,0.20420420420420415,0.5416666666666666,0.1152069828304575,0.0,0.4342094767601008,0.9942816297355254,1.0,0.5803148871323291,instance,mutual_info_top6
1,0.04473471487360381,0.2,0.036363636363636376,0.3333333333333333,0.09981060243759293,0.3333333333333333,0.5422217382876797,1.0,1.0,0.6573655645100311,instance,mutual_info_top6
1,0.14163029552906437,0.2,0.20420420420420415,0.7916666666666666,0.0931034373177605,1.0,0.5165852333194914,1.0,1.0,1.2485911275033954,instance,mutual_info_top6
1,0.1421188630490956,0.0,0.20420420420420415,0.6666666666666666,0.09826075980297894,0.0,0.31378282469392227,0.9928520371694067,1.0,0.6085067361722896,instance,mutual_info_top6
1,0.19925108395743008,0.2,0.20420420420420415,0.3333333333333333,0.1006929925790665,0.0,0.45733237016716366,0.9985704074338814,1.0,0.7243739852236581,instance,mutual_info_top6
1,0.25322997416020676,0.4,0.20420420420420415,0.5833333333333334,0.10657996016257659,1.0,0.5084672062599644,1.0,1.0,0.5277654249113741,instance,mutual_info_top6
1,0.007440476190476275,0.0,0.11111111111111116,0.20833333333333334,0.210929102894152,0.0,0.21190242937082426,0.9606862044317369,1.0,0.9534161123434456,instance,mutual_info_top6
1,0.04473471487360381,0.0,0.036363636363636376,0.3333333333333333,0.10127250104693053,0.0,0.2431272574629566,0.9878484631879915,1.0,0.6243069188701414,instance,mutual_info_top6
1,0.2576064762111274,0.2,0.20420420420420415,0.6666666666666666,0.09592261794859125,0.5,0.4711832981775108,0.9992852037169406,1.0,0.8784871916909388,instance,mutual_info_top6
1,0.24369552840187447,0.2,0.20420420420420415,0.5416666666666666,0.09619553122492286,0.0,0.4829927747832321,0.9992852037169406,1.0,0.8099131481236393,instance,mutual_info_top6
1,0.007440476190476275,0.0,0.036363636363636376,0.3333333333333333,0.09328288077305208,0.0,0.20957647387118572,0.9642601858470335,1.0,1.556120376951406,instance,mutual_info_top6
1,0.2254052368738667,0.6,0.32352941176470584,0.4166666666666667,0.5616422298314808,0.0,0.45583262875883046,0.9992852037169406,1.0,0.1543674527702879,instance,mutual_info_top6
1,0.8412327176109334,1.0,0.9150943396226415,0.3333333333333333,0.6966822180952587,1.0,0.6283919316439561,1.0,1.0,-0.130563373759023,instance,mutual_info_top6
1,0.2624422739109038,0.4,0.32352941176470584,0.5833333333333334,0.41011617506510156,0.5,0.5218442667372902,1.0,1.0,0.16411410474523536,instance,mutual_info_top6
1,0.007440476190476275,0.0,0.036363636363636376,0.5416666666666666,0.09234300805244411,0.0,0.3470844758126057,0.9721229449606862,1.0,1.6085941111964506,instance,mutual_info_top6
1,0.5486586757990868,1.0,0.9150943396226415,0.4583333333333333,0.6922936945551168,1.0,0.8330320444409197,1.0,1.0,-0.04840128640562693,instance,mutual_info_top6
1,0.13491933412429524,0.0,0.036363636363636376,0.5,0.1555977646279878,0.0,0.3179869142822468,0.9892780557541101,1.0,0.46425722689722837,instance,mutual_info_top6
1,0.057234714873603765,0.2,0.036363636363636376,0.3333333333333333,0.09382771696766046,0.3333333333333333,0.5995549670457486,1.0,1.0,1.0626625834353562,instance,mutual_info_top6
1,0.12125627835597619,0.2,0.036363636363636376,0.4583333333333333,0.11271706004617199,0.0,0.3829479133003991,0.9992852037169406,1.0,0.7977486858521226,instance,mutual_info_top6
1,0.32292862176583104,0.2,0.5809523809523809,0.25,0.5996866559551242,0.5,0.5227368669220218,1.0,1.0,0.3819946045182908,instance,mutual_info_top6
1,0.25322997416020676,0.6,0.20420420420420415,0.5833333333333334,0.09867179631318734,0.6666666666666666,0.5199180522727245,1.0,1.0,0.8166922278090099,instance,mutual_info_top6
1,0.21046842907308028,0.4,0.20420420420420415,0.5416666666666666,0.09285826026914112,0.0,0.3688103779374291,0.9985704074338814,1.0,1.1302693677529374,instance,mutual_info_top6
1,0.21383116279979264,0.4,0.32352941176470584,0.4583333333333333,0.276510045668101,0.3333333333333333,0.5100013594301689,1.0,1.0,0.504657407585208,instance,mutual_info_top6
1,0.09976413844278376,0.0,0.036363636363636376,0.3333333333333333,0.13477234395979443,0.0,0.36414584529949867,0.9849892780557541,1.0,0.5211356281404029,instance,mutual_info_top6
1,0.0,0.0,0.20420420420420415,0.375,0.27385888270377057,0.0,0.35542297323209815,0.9949964260185847,0.5,1.8633326374021497,instance,mutual_info_top6
1,0.6391424755899995,0.4,0.2954545454545454,0.4583333333333333,0.5609285564213444,1.0,0.5692364036115621,1.0,1.0,-0.08737185646889593,instance,mutual_info_top6
1,0.41229503943545043,0.2,0.5809523809523809,0.25,0.6957568015627025,0.0,0.484410207854057,0.9971408148677627,1.0,-0.1125309949449156,instance,mutual_info_top6
1,0.4118721036252668,0.6,0.32352941176470584,0.3333333333333333,0.36166311217808456,0.6666666666666666,0.5978201648174092,1.0,1.0,0.18804717571154894,instance,mutual_info_top6
1,0.09976413844278376,0.0,0.036363636363636376,0.3333333333333333,0.14041145106390385,0.0,0.2396953149617479,0.9685489635453896,1.0,0.7401902922171748,instance,mutual_info_top6
1,0.1312661498708011,0.0,0.036363636363636376,0.3333333333333333,0.1058460622189017,0.0,0.44624380144665887,0.9949964260185847,1.0,0.6194201370384652,instance,mutual_info_top6
1,0.09561525271495064,0.0,0.036363636363636376,0.4583333333333333,0.166501034808135,0.0,0.3718557462663906,0.9857040743388135,1.0,0.5218261229785266,instance,mutual_info_top6
1,0.19793281653746764,0.2,0.32352941176470584,0.3333333333333333,0.10630901712695173,0.0,0.48234328264230997,0.9971408148677627,1.0,0.4943707698977009,instance,mutual_info_top6
1,0.06459948320413433,0.0,0.20420420420420415,0.4166666666666667,0.10525341332601046,0.0,0.4004266144043078,0.9949964260185847,1.0,0.6377788954814578,instance,mutual_info_top6
1,0.02390138154027044,0.2,0.036363636363636376,0.5416666666666666,0.10012169354551081,0.0,0.37266202052498143,0.9971408148677627,1.0,0.8792687143900803,instance,mutual_info_top6
1,0.4931031202435313,0.4,0.3529411764705882,0.375,0.6971342421543537,0.3333333333333333,0.5012481079369183,1.0,1.0,-0.3670085298146213,instance,mutual_info_top6
1,0.4727041548746974,0.6,0.5809523809523809,0.25,0.6427647510032426,0.5,0.48227286805900216,0.9992852037169406,1.0,0.5525548827748249,instance,mutual_info_top6
1,0.2716604634136265,0.2,0.03977272727272729,0.375,0.17092388574073053,0.0,0.4004974483790046,0.9992852037169406,1.0,0.19832375291259263,instance,mutual_info_top6
1,0.13491933412429524,0.2,0.32352941176470584,0.4583333333333333,0.15737411732874046,0.25,0.45961224332425543,0.9985704074338814,1.0,0.5044847832259375,instance,mutual_info_top6
1,0.526985317758011,0.4,0.2954545454545454,0.5416666666666666,0.6513038222318965,0.5,0.4711937277814152,0.9992852037169406,1.0,-0.0789551981641908,instance,mutual_info_top6
1,0.09561525271495064,0.0,0.036363636363636376,0.4583333333333333,0.09716500137428385,0.0,0.3302069828567279,0.9678341672623303,1.0,1.2234350615081686,instance,mutual_info_top6
1,0.02390138154027044,0.0,0.036363636363636376,0.3333333333333333,0.10516370192368102,0.0,0.2648794625240497,0.9706933523945676,1.0,1.0210490028937427,instance,mutual_info_top6
1,0.09674681753889669,0.2,0.20420420420420415,0.7916666666666666,0.09422731858815053,0.2,0.3955088114293679,0.997855611150822,1.0,1.335644133125675,instance,mutual_info_top6
1,0.057234714873603765,0.0,0.036363636363636376,0.3333333333333333,0.09711418483797685,0.0,0.2188191049151138,0.9749821300929236,1.0,0.876126157323504,instance,mutual_info_top6
1,0.4727041548746974,0.4,0.5809523809523809,0.3333333333333333,0.6579113148874842,0.5,0.5179391955936028,1.0,1.0,0.5452407182800703,instance,mutual_info_top6
1,0.21046842907308028,0.2,0.036363636363636376,0.3333333333333333,0.0925832983735897,1.0,0.5064415076365225,1.0,1.0,1.0986521669213327,instance,mutual_info_top6
1,0.06043729372937301,0.0,0.036363636363636376,0.4583333333333333,0.09120046408351845,0.0,0.39136350744504167,0.9949964260185847,1.0,1.5203892375436063,instance,mutual_info_top6
1,0.5104642313546424,0.6,0.5809523809523809,0.25,0.6972046513525014,0.0,0.3519744037058845,0.9985704074338814,0.8333333333333334,0.028640194084744237,instance,mutual_info_top6
1,0.13491933412429524,0.0,0.036363636363636376,0.5,0.1355098060044977,0.0,0.2981206042810025,0.9914224446032881,1.0,0.6542236058097471,instance,mutual_info_top6
1,0.2119372234058533,0.0,0.32352941176470584,0.5416666666666666,0.3800015870287412,0.0,0.42723976349106974,0.9949964260185847,1.0,0.33219330904055244,instance,mutual_info_top6
1,0.007440476190476275,0.0,0.036363636363636376,0.375,0.09253070940628272,0.0,0.35272219808832417,0.9771265189421015,1.0,1.4692159091008494,instance,mutual_info_top6
1,0.52217125382263,0.2,0.2954545454545454,0.4583333333333333,0.6667997653210229,0.5,0.47673119845020706,0.9992852037169406,1.0,-0.17528501973137225,instance,mutual_info_top6
1,0.2119372234058533,0.0,0.5809523809523809,0.4583333333333333,0.35891814414144374,0.0,0.3967909246891056,0.995711222301644,1.0,0.3474616150406815,instance,mutual_info_top6
1,0.21383116279979264,0.2,0.32352941176470584,0.4583333333333333,0.3118654884463784,0.0,0.44490850943735505,0.9971408148677627,1.0,0.24377843737218427,instance,mutual_info_top6
1,0.16499452209421994,0.0,0.32352941176470584,0.4583333333333333,0.19807021652891027,0.0,0.3935094036382619,0.9949964260185847,1.0,0.5949312937368577,instance,mutual_info_top6
1,0.41229503943545043,0.4,0.5809523809523809,0.25,0.693203290033666,0.3333333333333333,0.5119330566692452,1.0,1.0,-0.016700914000483638,instance,mutual_info_top6
1,0.1421188630490956,0.0,0.20420420420420415,0.6666666666666666,0.09879896435469815,0.0,0.18978662375741862,0.9921372408863474,1.0,0.70698036976614,instance,mutual_info_top6
1,0.3021308980213089,0.4,0.15476190476190477,0.5416666666666666,0.6971930718475872,0.0,0.3886700781087562,0.9985704074338814,1.0,-0.45007886617994086,instance,mutual_info_top6
1,0.1507088078085057,0.2,0.036363636363636376,0.5,0.1361202437575928,0.3333333333333333,0.4571467523755859,0.9985704074338814,1.0,0.8204415015803419,instance,mutual_info_top6
1,0.13265228975198762,0.0,0.036363636363636376,0.5,0.18467009395574008,0.0,0.35171210042613044,0.9949964260185847,1.0,0.873820487335341,instance,mutual_info_top6
1,0.5486586757990868,0.8,0.9150943396226415,0.375,0.6942607964223719,1.0,0.669473816970154,1.0,1.0,-0.33817262105838714,instance,mutual_info_top6
1,0.21383116279979264,0.0,0.32352941176470584,0.4583333333333333,0.22502709006879767,0.0,0.3571102918899095,0.9964260185847034,1.0,0.4452233953066993,instance,mutual_info_top6
1,0.24785093960410276,0.4,0.03977272727272729,0.4166666666666667,0.23161219738102107,0.0,0.4425037821631027,0.9985704074338814,1.0,0.32126863626705576,instance,mutual_info_top6
1,0.22848658558628354,0.2,0.32352941176470584,0.4583333333333333,0.16503829255899216,0.0,0.4683648563373871,0.9985704074338814,1.0,0.4834889020932865,instance,mutual_info_top6
1,0.41229503943545043,0.6,0.5809523809523809,0.375,0.6900731368479504,1.0,0.5726187744187847,1.0,1.0,0.3052097780531867,instance,mutual_info_top6
1,0.09515951595159511,0.2,0.036363636363636376,0.4583333333333333,0.09060901913500385,0.0,0.3452432351248308,0.9971408148677627,1.0,2.169446840860091,instance,mutual_info_top6
1,0.3021308980213089,0.8,0.15476190476190477,0.375,0.69726130222304,1.0,0.5855743557842046,1.0,1.0,-0.4917274865546746,instance,mutual_info_top6
1,0.18959528843249773,0.0,0.036363636363636376,0.4583333333333333,0.46309047162486083,0.0,0.3088003154517234,0.9878484631879915,1.0,0.42633255977490286,instance,mutual_info_top6
1,0.02390138154027044,0.0,0.036363636363636376,0.3333333333333333,0.10568004308541828,0.0,0.3459075231324298,0.9928520371694067,1.0,0.6863511390466231,instance,mutual_info_top6
1,0.32165114107658566,0.4,0.3529411764705882,0.375,0.6288130966095103,0.5,0.36626756240835623,0.9992852037169406,1.0,0.09541481248068874,instance,mutual_info_top6
1,0.14163029552906437,0.2,0.20420420420420415,0.7916666666666666,0.09231297622319756,0.5,0.5237543416983061,1.0,1.0,1.341548876994294,instance,mutual_info_top6
1,0.0,0.0,0.20420420420420415,0.4166666666666667,0.2353948928555087,0.0,0.11836542145407636,0.9899928520371694,0.5,1.8047227029856727,instance,mutual_info_top6
1,0.41229503943545043,0.4,0.5809523809523809,0.25,0.6940035561399095,0.0,0.3472267323296335,0.9985704074338814,1.0,-0.0654666763019608,instance,mutual_info_top6
1,0.13491933412429524,0.2,0.32352941176470584,0.375,0.1403957497125029,0.5,0.4560021484447543,0.9992852037169406,1.0,0.5214176003924718,instance,mutual_info_top6
1,0.007440476190476275,0.0,0.036363636363636376,0.3333333333333333,0.09112173448110905,0.0,0.2814122904555516,0.9821300929235168,1.0,1.565383590320412,instance,mutual_info_top6
1,0.12125627835597619,0.0,0.036363636363636376,0.4583333333333333,0.1185927139087396,0.0,0.3949885249372439,0.9914224446032881,1.0,0.9225809015956152,instance,mutual_info_top6
1,0.04473471487360381,0.0,0.036363636363636376,0.3333333333333333,0.10062123892090258,0.0,0.23555849875077073,0.9814152966404575,1.0,0.6633730649299524,instance,mutual_info_top6
1,0.007440476190476275,0.0,0.036363636363636376,0.375,0.09903593377984282,0.0,0.34713077117962565,0.9914224446032881,1.0,0.7880349840505015,instance,mutual_info_top6
1,0.02390138154027044,0.0,0.036363636363636376,0.3333333333333333,0.10208300498711964,0.0,0.2350886916091146,0.9799857040743388,1.0,0.9173575042487451,instance,mutual_info_top6
1,0.14163029552906437,0.2,0.20420420420420415,0.7916666666666666,0.09384651356131524,0.0,0.40836378329548806,0.9985704074338814,1.0,1.2961776413189476,instance,mutual_info_top6
1,0.007440476190476275,0.0,0.036363636363636376,0.4583333333333333,0.16281745567104705,0.0,0.2569614619606584,0.9356683345246605,1.0,0.8326778351119417,instance,mutual_info_top6
1,0.3021308980213089,0.2,0.8235294117647058,0.375,0.6972446079538184,0.0,0.4125025227017204,0.9971408148677627,1.0,-0.5770169617697886,instance,mutual_info_top6
1,0.2548989266327708,0.2,0.20420420420420415,0.2916666666666667,0.13826559493334667,0.0,0.46624394073618136,0.9985704074338814,1.0,0.4828386877706522,instance,mutual_info_top6
1,0.1436955284018745,0.0,0.036363636363636376,0.375,0.09338238940054266,0.0,0.25890187432059186,0.9942816297355254,1.0,0.8980053327413895,instance,mutual_info_top6
1,0.0940112479100167,0.0,0.20420420420420415,0.375,0.09689855495540156,0.0,0.2815395918697793,0.9935668334524661,0.8333333333333334,1.2419782445371228,instance,mutual_info_top6
1,0.0872230080150872,0.0,0.20420420420420415,0.4166666666666667,0.1380940106813115,0.0,0.3503384092815983,0.9942816297355254,0.6666666666666666,2.499222468103561,instance,mutual_info_top6
1,0.6220007382798081,1.0,0.5809523809523809,0.375,0.6751599320991879,1.0,0.6159659489896374,1.0,1.0,0.22433864840585677,instance,mutual_info_top6
1,0.5902547065337762,0.8,0.9150943396226415,0.2916666666666667,0.6960656152012206,1.0,0.5500966471487825,1.0,1.0,0.08337409581671855,instance,mutual_info_top6
1,0.6331118493909191,0.8,0.9150943396226415,0.2916666666666667,0.6823795141686932,0.5,0.49456994359319606,0.9992852037169406,1.0,0.2355172058367125,instance,mutual_info_top6
1,0.19793281653746764,0.4,0.20420420420420415,0.5416666666666666,0.1087494969184547,0.0,0.4172816332544863,0.997855611150822,1.0,0.4335907142660437,instance,mutual_info_top6
1,0.18008015087223006,0.0,0.036363636363636376,0.375,0.09277670458909631,0.0,0.3496634025150943,0.9935668334524661,1.0,1.534293785658505,instance,mutual_info_top6
0,0.5609819121447028,0.8,0.6764705882352942,0.5833333333333334,0.5165958399950286,1.0,0.537949898402855,1.0,1.0,0.02510231347010088,instance,mutual_info_top6
0,0.49672708962739176,0.4,0.3076923076923077,0.2916666666666667,0.8852693885385555,0.3333333333333333,0.5374270070825456,1.0,1.0,-0.4569632414810194,instance,mutual_info_top6
0,0.14449541284403666,0.0,0.05797101449275366,0.25,0.3077713106706478,0.0,0.3260502276405087,0.9732888146911519,1.0,0.9967383558145156,instance,mutual_info_top6
0,0.7284344067005624,0.6,0.1578947368421053,0.3333333333333333,0.8528921321509012,1.0,0.5763256318362102,1.0,1.0,-0.1147864110296589,instance,mutual_info_top6
0,0.0,0.2,0.3076923076923077,0.375,0.9104681797733672,0.5,0.5210543345696618,1.0,1.0,-2.42538935920844,instance,mutual_info_top6
0,0.3191908577433339,0.0,0.17647058823529416,0.4583333333333333,0.33911929004860086,0.0,0.29085462226927494,0.9348914858096828,1.0,0.6899647651921176,instance,mutual_info_top6
0,0.7563044715981255,1.0,0.7957957957957957,0.4166666666666667,0.9016256656844093,1.0,0.6495966865472772,1.0,1.0,-0.6087751955500921,instance,mutual_info_top6
0,0.8219389783343272,0.8,0.9636363636363636,0.375,0.9063553735491352,1.0,0.5826929974771885,1.0,1.0,-1.037223029555334,instance,mutual_info_top6
0,0.07306684141546516,0.0,0.08490566037735847,0.3333333333333333,0.30330949362292214,0.0,0.25500093606738794,0.9332220367278798,1.0,1.4157417831590138,instance,mutual_info_top6
0,0.40519703498258297,0.0,0.1578947368421053,0.2916666666666667,0.6382637476259427,0.0,0.3607006173975046,0.9732888146911519,1.0,0.35111587206541767,instance,mutual_info_top6
0,0.5881278963747332,0.0,0.6764705882352942,0.4166666666666667,0.6764503647449043,0.0,0.3422973358143411,0.989983305509182,1.0,0.01341734326829151,instance,mutual_info_top6
0,0.5201010733672291,0.4,0.1578947368421053,0.2916666666666667,0.8110259706067007,0.5,0.5046518718231513,1.0,1.0,0.04130120088428943,instance,mutual_info_top6
0,0.8123440915520124,0.8,0.7957957957957957,0.9166666666666666,0.9077035532323334,0.0,0.48157668272773924,0.998330550918197,1.0,-1.4213489019648846,instance,mutual_info_top6
0,0.4303019688544448,0.4,0.6764705882352942,0.375,0.6779555637279171,0.6666666666666666,0.5398283445852243,1.0,1.0,0.22551408238245038,instance,mutual_info_top6
0,0.0,0.0,0.08490566037735847,0.2916666666666667,0.30272805645673984,0.0,0.2534514979605639,0.9749582637729549,0.5,2.79996395609484,instance,mutual_info_top6
0,0.6768172921109461,0.8,0.7957957957957957,0.5,0.891405985996209,0.6666666666666666,0.5910723000418246,1.0,1.0,-0.5153351885077305,instance,mutual_info_top6
0,0.14449541284403666,0.0,0.08490566037735847,0.3333333333333333,0.30402433987296884,0.0,0.30252529160807706,0.9716193656093489,1.0,1.2328000617135242,instance,mutual_info_top6
0,0.6768172921109461,1.0,0.7957957957957957,0.75,0.8997854129419488,1.0,0.5497316371128327,1.0,1.0,-0.5605936263300572,instance,mutual_info_top6
0,0.0,0.0,0.08490566037735847,0.3333333333333333,0.30273269880703413,0.0,0.302252478236006,0.9616026711185309,1.0,2.1131316302341454,instance,mutual_info_top6
0,0.37172708962739176,0.8,0.9764705882352941,0.2916666666666667,0.8865998005237956,1.0,0.510980666263037,1.0,1.0,-0.5504290733593877,instance,mutual_info_top6
0,0.5888888888888888,0.2,0.8452380952380952,0.4583333333333333,0.400972234545362,0.0,0.47158894008312036,0.998330550918197,1.0,0.5164635258648721,instance,mutual_info_top6
0,0.06116207951070329,0.0,0.05797101449275366,0.25,0.31137614088063803,0.0,0.2846531185426625,0.9398998330550918,1.0,1.1373047717320648,instance,mutual_info_top6
0,0.7802723116676605,0.8,0.7957957957957957,0.3333333333333333,0.9073671126584435,0.5,0.46458288758474975,0.998330550918197,1.0,-1.145812704991179,instance,mutual_info_top6
0,0.06116207951070329,0.0,0.17647058823529416,0.375,0.31009749608465853,0.0,0.3550752141690454,0.9582637729549248,1.0,1.1486087091546933,instance,mutual_info_top6
0,0.3191908577433339,0.0,0.05797101449275366,0.25,0.383377779574415,0.0,0.32663867820204795,0.9716193656093489,1.0,0.7329508275790741,instance,mutual_info_top6
0,0.14449541284403666,0.0,0.08490566037735847,0.3333333333333333,0.30412071372752136,0.0,0.29669826109072583,0.9749582637729549,1.0,0.9596458062087622,instance,mutual_info_top6
0,0.516308146093694,0.0,0.8452380952380952,0.4166666666666667,0.6756231730588779,0.0,0.42539572075556176,0.991652754590985,1.0,0.17105942550103115,instance,mutual_info_top6
0,0.40519703498258297,0.0,0.17647058823529416,0.4583333333333333,0.61282647390961,0.0,0.43546760334307166,0.991652754590985,1.0,0.20840661353974377,instance,mutual_info_top6
0,0.7284344067005624,0.8,0.9602272727272727,0.25,0.878514731204382,1.0,0.6008219297696685,1.0,1.0,-0.4175423771853437,instance,mutual_info_top6
0,0.7366260795263817,1.0,0.6764705882352942,0.4166666666666667,0.6770348376256242,1.0,0.5820773704427857,1.0,1.0,-0.04069395070201097,instance,mutual_info_top6
0,0.4816168327796234,0.6,0.6764705882352942,0.5833333333333334,0.3567409567370924,0.5,0.4556676538694765,0.998330550918197,1.0,0.14070787619870145,instance,mutual_info_top6
0,0.7284344067005624,1.0,0.9636363636363636,0.4583333333333333,0.8597981660052936,1.0,0.6354701490228309,1.0,1.0,-0.22353913636329725,instance,mutual_info_top6
0,0.14449541284403666,0.4,0.08490566037735847,0.2916666666666667,0.3144776683963656,0.0,0.367251360331703,0.996661101836394,1.0,0.6610593857403231,instance,mutual_info_top6
0,0.07306684141546516,0.0,0.08490566037735847,0.3333333333333333,0.3039225383510692,0.0,0.3317947649694548,0.9682804674457429,1.0,1.4529231746937714,instance,mutual_info_top6
0,0.06116207951070329,0.0,0.08490566037735847,0.3333333333333333,0.3215624371395084,0.0,0.3185034871362512,0.9549248747913188,1.0,1.0258706895998788,instance,mutual_info_top6
0,0.14449541284403666,0.0,0.05797101449275366,0.25,0.30408514564147165,0.0,0.273883463611588,0.9666110183639399,1.0,1.1874571525026345,instance,mutual_info_top6
0,0.8757399549478757,1.0,0.7957957957957957,0.4166666666666667,0.9082468433200348,1.0,0.6495286209412406,1.0,1.0,-1.525338626100348,instance,mutual_info_top6
0,0.5096670482195242,0.6,0.6764705882352942,0.4166666666666667,0.50348372735489,0.3333333333333333,0.4230017382626161,0.996661101836394,1.0,0.17083882234751138,instance,mutual_info_top6
0,0.0,0.0,0.08490566037735847,0.3333333333333333,0.3027297108403353,0.0,0.10919594705648494,0.9716193656093489,0.6666666666666666,2.302946312951381,instance,mutual_info_top6
0,0.40519703498258297,0.2,0.05797101449275366,0.25,0.5723037784027324,0.0,0.30952160103542414,0.994991652754591,1.0,0.3043407647036473,instance,mutual_info_top6
0,0.5609819121447028,0.8,0.419047619047619,0.2916666666666667,0.47203113621148185,1.0,0.5076503862786902,1.0,1.0,0.21760807338529262,instance,mutual_info_top6
0,0.414428952981429,0.2,0.6470588235294117,0.3333333333333333,0.3767744679458813,0.0,0.4358523916076712,0.996661101836394,1.0,0.5331600833935921,instance,mutual_info_top6
0,0.7283395365863734,0.6,0.9602272727272727,0.375,0.8620726599888893,1.0,0.5584344335111291,1.0,1.0,-0.5141941885943438,instance,mutual_info_top6
0,0.7467700258397933,0.8,0.7957957957957957,0.375,0.9042148490546217,1.0,0.6170439513419572,1.0,1.0,-1.0959977119692454,instance,mutual_info_top6
0,0.11239901650860551,0.0,0.08490566037735847,0.3333333333333333,0.30274266709978015,0.0,0.29218701371248945,0.9766277128547579,0.8333333333333334,1.807368162510902,instance,mutual_info_top6
0,0.06116207951070329,0.0,0.08490566037735847,0.3333333333333333,0.3139454770181057,0.0,0.2797420474532887,0.9582637729549248,1.0,0.8687811512311936,instance,mutual_info_top6
0,0.40519703498258297,0.0,0.7045454545454546,0.375,0.6963024166540693,0.0,0.2971118334347733,0.986644407345576,1.0,0.11084327141192005,instance,mutual_info_top6
0,0.11998560892246812,0.0,0.05797101449275366,0.25,0.31276099205799934,0.0,0.41290679369664907,0.9782971619365609,1.0,1.4691032068643395,instance,mutual_info_top6
0,0.7729711382647921,0.8,0.7957957957957957,0.625,0.8939079905116486,0.6666666666666666,0.6701931211077607,1.0,1.0,-0.4599605178872515,instance,mutual_info_top6
0,0.7475217289170777,0.6,0.7957957957957957,0.5,0.8981743915615296,0.0,0.4803692261771838,0.998330550918197,1.0,-0.6096211403797172,instance,mutual_info_top6
0,0.414428952981429,0.0,0.6470588235294117,0.3333333333333333,0.3910405271823745,0.0,0.44594242847664334,0.991652754590985,1.0,0.5779121778373684,instance,mutual_info_top6
0,0.3191908577433339,0.0,0.05797101449275366,0.25,0.5142535433298864,0.0,0.34072399091086203,0.986644407345576,1.0,0.5956040269997316,instance,mutual_info_top6
0,0.40519703498258297,0.0,0.1578947368421053,0.2916666666666667,0.5994696906402897,0.0,0.4033618781417233,0.9749582637729549,1.0,0.34942189054121287,instance,mutual_info_top6
0,0.4816168327796234,0.6,0.419047619047619,0.25,0.39304150366960156,0.0,0.44143196870529333,0.998330550918197,1.0,0.05374833412924693,instance,mutual_info_top6
0,0.37172708962739176,0.4,0.7957957957957957,0.5,0.8975439839716663,0.5,0.5674062469152231,1.0,1.0,-0.612558095828463,instance,mutual_info_top6
0,0.40519703498258297,0.4,0.05797101449275366,0.25,0.7368091154197648,1.0,0.6323240227125173,1.0,1.0,0.1008695203668494,instance,mutual_info_top6
0,0.6768172921109461,0.8,0.7957957957957957,0.5,0.8963847401514979,1.0,0.5495573235050298,1.0,1.0,-0.46246974094243,instance,mutual_info_top6
0,0.06116207951070329,0.0,0.05797101449275366,0.25,0.3201155155085568,0.0,0.3545092942975563,0.986644407345576,1.0,0.7090685227321892,instance,mutual_info_top6
0,0.48853036831591623,0.4,0.3076923076923077,0.2916666666666667,0.6131844807152101,0.5,0.5115545013357878,1.0,1.0,0.5607519318327407,instance,mutual_info_top6
0,0.6768172921109461,0.8,0.7957957957957957,0.5,0.8867251746270083,1.0,0.5131366000766445,1.0,1.0,-0.5048050690817929,instance,mutual_info_top6
0,0.7563044715981255,1.0,0.7957957957957957,0.625,0.9047299857902946,1.0,0.6395266627177393,1.0,1.0,-0.8680973409661102,instance,mutual_info_top6
0,0.8020671834625323,0.4,0.7957957957957957,0.4166666666666667,0.8755158444553585,0.0,0.3667736309419555,0.994991652754591,1.0,-0.1527237067980605,instance,mutual_info_top6
0,0.3191908577433339,0.0,0.17647058823529416,0.4583333333333333,0.46591551813386334,0.0,0.36071683465565474,0.9749582637729549,1.0,0.5263096286406894,instance,mutual_info_top6
0,0.5881278963747332,0.8,0.419047619047619,0.2916666666666667,0.5881249881679791,1.0,0.5418796938954604,1.0,1.0,0.021728944886657272,instance,mutual_info_top6
0,0.414428952981429,0.0,0.05797101449275366,0.25,0.33718415105364086,0.0,0.43135000996225126,0.988313856427379,1.0,0.7866145786636367,instance,mutual_info_top6
0,0.14449541284403666,0.0,0.08490566037735847,0.3333333333333333,0.30905353521724976,0.0,0.35745583298677674,0.9799666110183639,1.0,1.0206894666455346,instance,mutual_info_top6
0,0.07306684141546516,0.0,0.08490566037735847,0.3333333333333333,0.30290380927284577,0.0,0.19654027001717123,0.9833055091819699,1.0,1.3823709194231322,instance,mutual_info_top6
0,0.40519703498258297,0.4,0.1578947368421053,0.3333333333333333,0.7343579195664157,0.0,0.4648890991847249,0.996661101836394,1.0,0.10588591641682,instance,mutual_info_top6
0,0.11239901650860551,0.0,0.08490566037735847,0.3333333333333333,0.30277093112984055,0.0,0.30214008758264577,0.989983305509182,1.0,1.6319712867214704,instance,mutual_info_top6
0,0.9427652851263962,1.0,0.9636363636363636,0.3333333333333333,0.9058486571391635,1.0,0.646918010779975,1.0,1.0,-0.9683885556311055,instance,mutual_info_top6
0,0.6078811369509045,0.6,0.7957957957957957,0.375,0.9075100735135919,0.0,0.48138468059437334,0.998330550918197,1.0,-1.1898380612415114,instance,mutual_info_top6
0,0.8583697044709356,1.0,0.7957957957957957,0.5,0.9069621697553942,1.0,0.6844437785361126,1.0,1.0,-1.3027968517827275,instance,mutual_info_top6
0,0.7895315709269197,0.8,0.9636363636363636,0.5,0.9081528771923685,0.75,0.5271351124298629,1.0,1.0,-1.2710374017553183,instance,mutual_info_top6
0,0.8504331965344277,1.0,0.7957957957957957,0.4166666666666667,0.9086844859450899,1.0,0.6862090679730448,1.0,1.0,-1.5415408721425685,instance,mutual_info_top6
0,0.4828382007385029,0.4,0.3076923076923077,0.3333333333333333,0.9040287528932787,0.0,0.45618078190235856,0.994991652754591,1.0,-0.6723724636521323,instance,mutual_info_top6
0,0.40519703498258297,0.2,0.1578947368421053,0.2916666666666667,0.7269603960001059,0.0,0.38069937242993845,0.996661101836394,1.0,0.19197165799654986,instance,mutual_info_top6
0,0.7937293729372937,0.6,0.9636363636363636,0.25,0.9077632046773689,1.0,0.5154354350533223,1.0,1.0,-2.000273558916457,instance,mutual_info_top6
0,0.3191908577433339,0.0,0.08490566037735847,0.4166666666666667,0.3912387238670709,0.0,0.3955252032840162,0.9849749582637729,1.0,0.6817614191598949,instance,mutual_info_top6
0,0.6768172921109461,0.8,0.7957957957957957,0.625,0.8986737019550521,0.75,0.6406241697801778,1.0,1.0,-0.6787517733251134,instance,mutual_info_top6
0,0.8020671834625323,1.0,0.7957957957957957,0.3333333333333333,0.8850652185451539,1.0,0.6077383621152147,1.0,1.0,-0.41819294473986374,instance,mutual_info_top6
0,0.9504575928187039,0.6,0.9636363636363636,0.375,0.9059561980119016,1.0,0.507348631263122,1.0,1.0,-0.9454754998434975,instance,mutual_info_top6
0,0.11239901650860551,0.0,0.08490566037735847,0.3333333333333333,0.302811030861348,0.0,0.24102467754511436,0.9666110183639399,1.0,1.681889143867091,instance,mutual_info_top6
0,0.06116207951070329,0.0,0.05797101449275366,0.25,0.30618654673452084,0.0,0.2577246907075911,0.9415692821368948,1.0,1.0951724352054377,instance,mutual_info_top6
0,0.0,0.0,0.08490566037735847,0.3333333333333333,0.30272861249901817,0.0,0.21288817042927444,0.9682804674457429,0.8333333333333334,2.0449963119885957,instance,mutual_info_top6
0,0.7563044715981255,1.0,0.9636363636363636,0.3333333333333333,0.9043702169777679,1.0,0.6220554458190075,1.0,1.0,-0.7706706891472378,instance,mutual_info_top6
0,0.11239901650860551,0.2,0.08490566037735847,0.3333333333333333,0.30288493365490954,0.0,0.4528692708763832,0.996661101836394,1.0,1.2825957267240478,instance,mutual_info_top6
0,0.7802723116676605,0.8,0.7957957957957957,0.3333333333333333,0.9074907496977827,0.5,0.49197382030994574,0.998330550918197,1.0,-1.1785540793347562,instance,mutual_info_top6
0,0.06116207951070329,0.0,0.08490566037735847,0.3333333333333333,0.332424624891099,0.25,0.33977645672993906,0.991652754590985,1.0,0.6291569078758974,instance,mutual_info_top6
0,0.37050572166851237,0.6,0.08490566037735847,0.2916666666666667,0.3715114683658519,0.3333333333333333,0.662768159259487,1.0,1.0,0.34440854065745125,instance,mutual_info_top6
0,0.07306684141546516,0.0,0.08490566037735847,0.3333333333333333,0.30468413465400224,0.0,0.29091987079855663,0.9365609348914858,1.0,1.208268901795412,instance,mutual_info_top6
0,0.7802723116676605,1.0,0.7957957957957957,0.3333333333333333,0.9042059942951481,1.0,0.6397860102899109,1.0,1.0,-0.9083384456240904,instance,mutual_info_top6
0,0.6212915495577054,0.6,0.1578947368421053,0.3333333333333333,0.8657322267275641,1.0,0.5589569206755456,1.0,1.0,-0.22789506559259057,instance,mutual_info_top6
0,0.40519703498258297,0.2,0.1578947368421053,0.2916666666666667,0.6257427334852507,0.0,0.3784798991003768,0.994991652754591,1.0,0.0441431698505876,instance,mutual_info_top6
0,0.6768172921109461,0.4,0.7957957957957957,0.2916666666666667,0.8989290892375609,0.0,0.47159336811613783,0.998330550918197,1.0,-0.8394006415308523,instance,mutual_info_top6
0,0.40519703498258297,0.0,0.05797101449275366,0.25,0.6737059919582096,0.0,0.3200775197520578,0.988313856427379,1.0,0.24414917756573556,instance,mutual_info_top6
0,0.0,0.0,0.08490566037735847,0.3333333333333333,0.3027355618160815,0.0,0.1694983158633162,0.9616026711185309,0.8333333333333334,1.770832936116369,instance,mutual_info_top6
0,0.06116207951070329,0.0,0.08490566037735847,0.3333333333333333,0.30666086808524284,0.0,0.28669924463828267,0.9582637729549248,1.0,1.186085564226469,instance,mutual_info_top6
0,0.6768172921109461,0.6,0.3076923076923077,0.2916666666666667,0.870210583672732,0.0,0.4493042386040975,0.998330550918197,1.0,-0.24700331918983864,instance,mutual_info_top6
0,0.0,0.0,0.08490566037735847,0.3333333333333333,0.3027443802554052,0.0,0.28184222170782447,0.9499165275459098,1.0,1.9345683556262727,instance,mutual_info_top6
0,0.40519703498258297,0.4,0.8452380952380952,0.2916666666666667,0.7688183064811109,0.0,0.41693317250501816,0.996661101836394,1.0,0.18588848152909435,instance,mutual_info_top6
0,0.7485507246376812,0.8,0.7957957957957957,0.20833333333333334,0.9092535014254762,1.0,0.553120014202602,1.0,1.0,-1.3712505900939456,instance,mutual_info_top6
0,0.6274192572048052,0.6,0.8452380952380952,0.2916666666666667,0.8914314570236601,1.0,0.5430911069332753,1.0,1.0,-0.5650903644900246,instance,mutual_info_top6
0,0.07306684141546516,0.0,0.08490566037735847,0.3333333333333333,0.30280727448277556,0.0,0.27151262619665406,0.9599332220367279,1.0,1.4637788322302605,instance,mutual_info_top6
0,0.7715134144137166,0.8,0.6764705882352942,0.5,0.8856048856892123,0.5,0.4671383103575195,0.998330550918197,1.0,-0.7536539649006896,instance,mutual_info_top6
0,0.4303019688544448,0.2,0.1578947368421053,0.2916666666666667,0.6030302337384903,0.0,0.4344700966152487,0.994991652754591,1.0,0.2178419443187097,instance,mutual_info_top6
0,0.14449541284403666,0.0,0.08490566037735847,0.3333333333333333,0.3134395610797882,0.0,0.3209213453795039,0.9766277128547579,1.0,0.9293934955624751,instance,mutual_info_top6
0,0.07306684141546516,0.0,0.08490566037735847,0.3333333333333333,0.3028942736783834,0.0,0.26428839072383126,0.9482470784641068,1.0,1.430983299299223,instance,mutual_info_top6
0,0.49672708962739176,0.6,0.3076923076923077,0.2916666666666667,0.8858762334456483,0.5,0.6534361756439768,1.0,1.0,-0.3631048224880302,instance,mutual_info_top6
0,0.3191908577433339,0.2,0.08490566037735847,0.3333333333333333,0.3995055691634265,0.0,0.27491980020603435,0.996661101836394,1.0,0.5915717101549216,instance,mutual_info_top6
0,0.40519703498258297,0.2,0.05797101449275366,0.25,0.5109940611626693,0.0,0.3750080930519917,0.994991652754591,1.0,0.3512881492974857,instance,mutual_info_top6
0,0.11239901650860551,0.0,0.05797101449275366,0.25,0.3028131081659187,0.0,0.257119377471674,0.9649415692821369,1.0,1.5049775447574671,instance,mutual_info_top6
0,0.5881278963747332,0.6,0.6764705882352942,0.4166666666666667,0.6041405631920387,0.6666666666666666,0.5683247578334323,1.0,1.0,0.017540005939123013,instance,mutual_info_top6
0,0.3191908577433339,0.2,0.17647058823529416,0.5,0.4543311083275824,0.0,0.39979877647937545,0.993322203672788,1.0,0.30428435007589844,instance,mutual_info_top6
0,0.7284344067005624,0.6,0.6764705882352942,0.375,0.8669373668031686,0.0,0.4664548679868168,0.998330550918197,1.0,-0.20635704071736108,instance,mutual_info_top6
0,0.7284344067005624,0.6,0.3076923076923077,0.2916666666666667,0.8664439396423954,0.6666666666666666,0.7208552723534278,1.0,1.0,-0.20456105269931163,instance,mutual_info_top6
0,0.3191908577433339,0.2,0.17647058823529416,0.4583333333333333,0.4372505291024317,0.0,0.3152782504201913,0.994991652754591,1.0,0.32082458464885144,instance,mutual_info_top6
0,0.5609819121447028,0.4,0.6764705882352942,0.5833333333333334,0.5476997635449716,0.5,0.5470417317822269,1.0,1.0,0.0007560403747355248,instance,mutual_info_top6
0,0.07306684141546516,0.0,0.08490566037735847,0.3333333333333333,0.30284026894642874,0.0,0.2808572621226797,0.9649415692821369,1.0,1.3778501979092135,instance,mutual_info_top6
0,0.8650806658757049,1.0,0.6764705882352942,0.4583333333333333,0.8687421293761898,1.0,0.6300188130258342,1.0,1.0,-0.6649378793972501,instance,mutual_info_top6
0,0.37172708962739176,0.0,0.3076923076923077,0.3333333333333333,0.8903846845508678,0.0,0.4543616295457905,0.989983305509182,1.0,-0.5303692718028636,instance,mutual_info_top6
0,0.06116207951070329,0.0,0.17647058823529416,0.4583333333333333,0.3036569530597557,0.0,0.3635097431834502,0.9432387312186978,0.8333333333333334,1.322861963245771,instance,mutual_info_top6
0,0.7423935237888726,0.8,0.7957957957957957,0.75,0.9055600847715071,1.0,0.5754338518369805,1.0,1.0,-0.9812191079790088,instance,mutual_info_top6
0,0.3191908577433339,0.0,0.05797101449275366,0.25,0.37811089262126896,0.0,0.2654902026962338,0.9816360601001669,1.0,0.6320771288813318,instance,mutual_info_top6
0,0.0,0.0,0.08490566037735847,0.3333333333333333,0.30272871402312873,0.0,0.17259725197097708,0.9749582637729549,0.6666666666666666,2.4662749754364075,instance,mutual_info_top6
0,0.569959412859715,0.0,0.6764705882352942,0.4166666666666667,0.5848603126783121,0.0,0.42122158112684116,0.991652754590985,1.0,0.4244468519218045,instance,mutual_info_top6
0,0.0,0.0,0.08490566037735847,0.3333333333333333,0.3027295571683579,0.0,0.19472156481438485,0.9732888146911519,1.0,1.9549013063952327,instance,mutual_info_top6
0,0.5201010733672291,0.4,0.3076923076923077,0.2916666666666667,0.8305674862745448,0.0,0.4003805587683652,0.996661101836394,1.0,-0.013657118368207658,instance,mutual_info_top6
0,0.7423935237888726,0.8,0.7957957957957957,0.8333333333333334,0.9061542560368998,1.0,0.7314624476069056,1.0,1.0,-0.9724705285533253,instance,mutual_info_top6
0,0.11239901650860551,0.0,0.05797101449275366,0.25,0.30327320876552033,0.0,0.2901749639428718,0.9599332220367279,1.0,1.3898968970745496,instance,mutual_info_top6
0,0.7475217289170777,0.4,0.7957957957957957,0.20833333333333334,0.8779590150588006,0.0,0.4287650580567872,0.994991652754591,1.0,-0.20298462377866094,instance,mutual_info_top6
0,0.14449541284403666,0.0,0.08490566037735847,0.3333333333333333,0.3040534531968695,0.0,0.35041026809864906,0.9732888146911519,1.0,0.8604744401020785,instance,mutual_info_top6
0,0.7283395365863734,0.8,0.6764705882352942,0.4583333333333333,0.7990180575257645,0.0,0.45890520835970516,0.998330550918197,1.0,-0.12038429874166735,instance,mutual_info_top6
0,0.5201010733672291,0.6,0.7957957957957957,0.20833333333333334,0.8350828389230542,0.0,0.4876534612292376,0.996661101836394,1.0,-0.08566987902192356,instance,mutual_info_top6
0,0.06116207951070329,0.0,0.05797101449275366,0.25,0.3062988070256666,0.0,0.30838510062366153,0.9499165275459098,1.0,1.207620378386282,instance,mutual_info_top6
0,0.7475217289170777,0.8,0.9636363636363636,0.3333333333333333,0.8940034210211578,0.0,0.42576334137086225,0.998330550918197,1.0,-0.4641828871770904,instance,mutual_info_top6
0,0.8562293729372937,1.0,0.9636363636363636,0.3333333333333333,0.9097943163079596,1.0,0.7717849540491784,1.0,0.8333333333333334,-1.9998244978075266,instance,mutual_info_top6
0,0.3608575244100004,0.0,0.05797101449275366,0.25,0.4633158797980289,0.0,0.23053106420934855,0.988313856427379,1.0,0.5476224824987638,instance,mutual_info_top6
0,0.5383937562940584,0.6,0.3076923076923077,0.2916666666666667,0.9020106540320452,1.0,0.5482192273439348,1.0,1.0,-0.6955410483662375,instance,mutual_info_top6
0,0.4303019688544448,0.4,0.1578947368421053,0.2916666666666667,0.6033997233260586,0.0,0.4525873391141185,0.998330550918197,1.0,0.09265880518859022,instance,mutual_info_top6
0,0.7729711382647921,1.0,0.7957957957957957,0.5833333333333334,0.9009732645936378,1.0,0.6667042511048391,1.0,1.0,-0.691190068684701,instance,mutual_info_top6
0,0.6255149684152705,0.6,0.6764705882352942,0.375,0.8837437508535562,0.5,0.5417036883034945,1.0,1.0,-0.4354253211071965,instance,mutual_info_top6
0,0.06116207951070329,0.0,0.8452380952380952,0.4583333333333333,0.31893020767051095,0.0,0.3271754175209226,0.9732888146911519,1.0,1.0945377966911423,instance,mutual_info_top6
0,0.3608575244100004,0.2,0.1578947368421053,0.2916666666666667,0.42902266167508996,0.25,0.45913978899401464,0.996661101836394,1.0,0.46991528877052874,instance,mutual_info_top6
0,0.8123440915520124,1.0,0.7957957957957957,0.9166666666666666,0.9081099936528041,1.0,0.6793319340983887,1.0,1.0,-1.495506353395194,instance,mutual_info_top6
0,0.14449541284403666,0.0,0.7045454545454546,0.375,0.3139364898389507,0.0,0.33839401255378765,0.989983305509182,1.0,0.717316637722027,instance,mutual_info_top6
0,0.569959412859715,0.6,0.6764705882352942,0.4166666666666667,0.7009834145078572,1.0,0.5361554506999202,1.0,1.0,0.16217522910471094,instance,mutual_info_top6
0,0.5956732254587735,1.0,0.1578947368421053,0.2916666666666667,0.7821231062613544,1.0,0.5597535451917509,1.0,1.0,-0.21186320099545625,instance,mutual_info_top6
0,0.40519703498258297,0.0,0.05797101449275366,0.25,0.550565775914675,0.0,0.39459815937840936,0.9799666110183639,1.0,0.557893256591271,instance,mutual_info_top6
0,0.8218840579710145,0.6,0.6764705882352942,0.375,0.9055772980713467,1.0,0.5483792088483825,1.0,1.0,-1.0270975731290468,instance,mutual_info_top6
0,0.6255149684152705,0.6,0.6764705882352942,0.375,0.8746389952598564,0.0,0.4536286854045265,0.998330550918197,1.0,-0.43693545617573915,instance,mutual_info_top6
0,0.8139880952380952,1.0,0.7957957957957957,0.5833333333333334,0.897635124374037,1.0,0.5675002005264003,1.0,1.0,-0.7350983433464774,instance,mutual_info_top6
0,0.3191908577433339,0.0,0.17647058823529416,0.4166666666666667,0.41674521736041537,0.0,0.3266640950422173,0.9699499165275459,1.0,0.5855425034603688,instance,mutual_info_top6
0,0.49672708962739176,0.8,0.9764705882352941,0.2916666666666667,0.8716202242823476,0.0,0.44321529840170515,0.998330550918197,1.0,-0.5259842743911977,instance,mutual_info_top6
0,0.3191908577433339,0.0,0.05797101449275366,0.25,0.3326918798117324,0.0,0.3853928660391708,0.9782971619365609,1.0,0.7969865235446869,instance,mutual_info_top6
0,0.8782109743122055,1.0,0.7957957957957957,0.375,0.9076589012771556,1.0,0.6336198353956165,1.0,1.0,-1.3651452536370454,instance,mutual_info_top6
0,0.414428952981429,0.2,0.6470588235294117,0.3333333333333333,0.3668661727417736,0.5,0.44605187689995873,0.998330550918197,1.0,0.37794857104324436,instance,mutual_info_top6
0,0.9552652851263962,0.8,0.9636363636363636,0.375,0.9038150012996296,1.0,0.5466546232461484,1.0,1.0,-0.7300038669683474,instance,mutual_info_top6
0,0.8020671834625323,1.0,0.7957957957957957,0.625,0.8979197765761586,1.0,0.58389214212498,1.0,1.0,-0.4072990585697098,instance,mutual_info_top6
0,0.14449541284403666,0.4,0.419047619047619,0.25,0.31452476408875835,0.3333333333333333,0.39990157638818613,0.996661101836394,1.0,0.6028725657418299,instance,mutual_info_top6
0,0.14449541284403666,0.0,0.08490566037735847,0.3333333333333333,0.30659199609786836,0.0,0.3534565928272376,0.9782971619365609,1.0,1.0456093384821281,instance,mutual_info_top6
0,0.5900256692335899,1.0,0.7957957957957957,0.375,0.9076876285977127,1.0,0.696647434528447,1.0,1.0,-1.8028244563923377,instance,mutual_info_top6
0,0.14449541284403666,0.4,0.419047619047619,0.25,0.32239363623002293,0.0,0.3221962579225707,0.996661101836394,1.0,0.5295431944401936,instance,mutual_info_top6
0,0.11239901650860551,0.0,0.08490566037735847,0.3333333333333333,0.30277254679862686,0.0,0.3543845822171908,0.9799666110183639,1.0,1.4708619132430951,instance,mutual_info_top6
0,0.40519703498258297,0.0,0.7045454545454546,0.375,0.7275471212762098,0.0,0.3528078746812975,0.989983305509182,1.0,0.09471122245409563,instance,mutual_info_top6
0,0.0,0.2,0.7957957957957957,0.4583333333333333,0.9104681797780436,0.0,0.4676081291115639,0.998330550918197,1.0,-3.9105752858521474,instance,mutual_info_top6
0,0.7283395365863734,0.4,0.6764705882352942,0.375,0.7813744438540718,0.5,0.4675672586913189,0.998330550918197,1.0,0.046568676754728394,instance,mutual_info_top6
0,0.3608575244100004,0.2,0.1578947368421053,0.2916666666666667,0.4829192727393711,0.25,0.3239081900377707,0.993322203672788,1.0,0.45154969554482083,instance,mutual_info_top6
0,0.48853036831591623,0.4,0.3076923076923077,0.3333333333333333,0.6416510928585051,0.0,0.4679902104886223,0.998330550918197,1.0,0.4489634083178438,instance,mutual_info_top6
0,0.37172708962739176,0.0,0.3076923076923077,0.2916666666666667,0.861903067250447,0.0,0.3323455207786973,0.991652754590985,1.0,-0.11076601415751709,instance,mutual_info_top6
0,0.37172708962739176,0.2,0.3076923076923077,0.2916666666666667,0.7769873000713698,1.0,0.5419110847248085,1.0,1.0,0.26562387467927046,instance,mutual_info_top6
0,0.07306684141546516,0.0,0.08490566037735847,0.3333333333333333,0.3035437332040315,0.0,0.27973259192094035,0.9398998330550918,1.0,1.4973382039535517,instance,mutual_info_top6
0,0.37172708962739176,0.2,0.3076923076923077,0.2916666666666667,0.8489490502756327,0.5,0.5556405610959101,1.0,1.0,-0.03874823451447856,instance,mutual_info_top6
0,0.37050572166851237,0.2,0.08490566037735847,0.3333333333333333,0.35376233542750934,0.0,0.46198542650492,0.996661101836394,1.0,0.47884469927396645,instance,mutual_info_top6
0,0.7802723116676605,1.0,0.7957957957957957,0.5,0.9061449121329481,1.0,0.5946809438497711,1.0,1.0,-0.9944513220594965,instance,mutual_info_top6
0,0.37172708962739176,0.4,0.7957957957957957,0.5,0.8866110925221579,0.0,0.4907189093921771,0.998330550918197,1.0,-0.24306549249225434,instance,mutual_info_top6
0,0.8159865973819462,0.6,0.7957957957957957,0.75,0.905861506600449,0.5,0.5566400741957214,1.0,1.0,-1.2575632958484926,instance,mutual_info_top6
0,0.0,0.0,0.08490566037735847,0.2916666666666667,0.3027278197282275,0.0,0.2929179652478586,0.9749582637729549,0.5,2.684055164826474,instance,mutual_info_top6
0,0.6212915495577054,0.6,0.3076923076923077,0.2916666666666667,0.8922586800360067,0.0,0.47629968242747134,0.998330550918197,1.0,-0.38140024006915124,instance,mutual_info_top6
0,0.14449541284403666,0.4,0.08490566037735847,0.4166666666666667,0.30783725630740477,0.5,0.43659419025099844,0.996661101836394,1.0,0.7389756238180291,instance,mutual_info_top6
0,0.7451010733672292,0.8,0.7957957957957957,0.2916666666666667,0.9001818430558398,0.5,0.5358911841057976,1.0,1.0,-0.8475393920938309,instance,mutual_info_top6
0,0.06116207951070329,0.0,0.08490566037735847,0.3333333333333333,0.3229228475691128,0.0,0.297238374620757,0.9549248747913188,1.0,0.9676510566627032,instance,mutual_info_top6
0,0.6078811369509045,0.8,0.7957957957957957,0.375,0.9069685251504025,1.0,0.505944589857227,1.0,1.0,-1.4356809550555798,instance,mutual_info_top6
0,0.7918316000784368,0.8,0.6764705882352942,0.4166666666666667,0.8464390087326081,0.5,0.45642137236159774,0.998330550918197,1.0,-0.3279540224848961,instance,mutual_info_top6
0,0.07306684141546516,0.0,0.08490566037735847,0.3333333333333333,0.3028669859383578,0.0,0.1765057883908301,0.9782971619365609,1.0,1.3951552826176126,instance,mutual_info_top6
0,0.3191908577433339,0.2,0.1578947368421053,0.2916666666666667,0.4121078359890717,0.3333333333333333,0.3898992806511262,0.996661101836394,1.0,0.4913089707273247,instance,mutual_info_top6
0,0.4828382007385029,0.0,0.3076923076923077,0.3333333333333333,0.9001700313781352,0.0,0.33136748844577046,0.989983305509182,1.0,-0.5418214347779805,instance,mutual_info_top6
0,0.14449541284403666,0.0,0.05797101449275366,0.25,0.3090280221357661,0.0,0.31212642119524625,0.9649415692821369,1.0,1.054785896804847,instance,mutual_info_top6
0,0.14449541284403666,0.0,0.05797101449275366,0.25,0.30467162633871403,0.0,0.3046619946399959,0.9799666110183639,1.0,1.1878369871820624,instance,mutual_info_top6
0,0.7283395365863734,0.6,0.6764705882352942,0.4166666666666667,0.8084380226313508,0.6666666666666666,0.5676384324192826,1.0,1.0,-0.13282237500946173,instance,mutual_info_top6
0,0.7921420713499921,0.8,0.7957957957957957,0.9166666666666666,0.9042291835892686,1.0,0.5537421114318952,1.0,1.0,-1.6595696097829735,instance,mutual_info_top6
0,0.6078811369509045,0.6,0.7957957957957957,0.4166666666666667,0.9049437143767628,0.5,0.46603165739588015,0.998330550918197,1.0,-0.8007565608206673,instance,mutual_info_top6
0,0.5383937562940584,0.2,0.3076923076923077,0.3333333333333333,0.8876935764767209,1.0,0.5314497532520019,1.0,1.0,-0.31048239441879605,instance,mutual_info_top6
0,0.48853036831591623,0.4,0.3076923076923077,0.2916666666666667,0.8342743075313113,1.0,0.5039077588264784,1.0,1.0,-0.012973730473206133,instance,mutual_info_top6
0,0.6867677400338958,1.0,0.7957957957957957,0.20833333333333334,0.878194575177973,1.0,0.6470820754281021,1.0,1.0,-0.3812998455441804,instance,mutual_info_top6
0,0.40519703498258297,0.2,0.8452380952380952,0.2916666666666667,0.8983928212760688,1.0,0.5011723857307823,1.0,1.0,-0.46427452240061096,instance,mutual_info_top6
0,0.14449541284403666,0.2,0.6470588235294117,0.25,0.32679223586881123,1.0,0.5008712862315354,1.0,1.0,0.6584535546051099,instance,mutual_info_top6
0,0.8787437216440237,1.0,0.9636363636363636,0.5,0.8946007369603248,1.0,0.8154140751403783,1.0,1.0,-0.8386886656744239,instance,mutual_info_top6
0,0.06116207951070329,0.0,0.05797101449275366,0.25,0.33378257959468105,0.0,0.3325959997905781,0.9599332220367279,1.0,0.8534770058354663,instance,mutual_info_top6
0,0.7284344067005624,0.4,0.7045454545454546,0.375,0.8419296313934244,0.5,0.4583823923945707,0.996661101836394,1.0,-0.201456340245945,instance,mutual_info_top6
0,0.07306684141546516,0.0,0.08490566037735847,0.3333333333333333,0.30300942953016075,0.0,0.2511600961039834,0.9282136894824707,1.0,1.2357012035483166,instance,mutual_info_top6
0,0.5383937562940584,0.4,0.7957957957957957,0.4583333333333333,0.9065698126926307,0.5,0.5543363828740826,1.0,1.0,-0.7513545174196578,instance,mutual_info_top6
0,0.40519703498258297,0.2,0.1578947368421053,0.2916666666666667,0.7268826851296329,0.3333333333333333,0.39816795799858595,0.996661101836394,1.0,0.01331467326564786,instance,mutual_info_top6
0,0.0,0.0,0.08490566037735847,0.3333333333333333,0.3027296913167503,0.0,0.10974224427883417,0.9716193656093489,0.6666666666666666,2.2461008365326003,instance,mutual_info_top6
0,0.7467700258397933,0.8,0.7957957957957957,0.4166666666666667,0.9022075037752042,1.0,0.5560393075667658,1.0,1.0,-0.8788774614446087,instance,mutual_info_top6
0,0.11239901650860551,0.0,0.08490566037735847,0.3333333333333333,0.30275912941294403,0.0,0.21998723324857028,0.9549248747913188,1.0,1.867551619003186,instance,mutual_info_top6
0,0.8718840579710145,1.0,0.9636363636363636,0.375,0.9022145477591458,1.0,0.6541341216635415,1.0,1.0,-0.9929706033868287,instance,mutual_info_top6
0,0.07306684141546516,0.0,0.08490566037735847,0.3333333333333333,0.3077238661308236,0.0,0.222843455251983,0.9465776293823038,1.0,0.9652969102289299,instance,mutual_info_top6
0,0.7802723116676605,1.0,0.7957957957957957,0.625,0.8997423419268264,1.0,0.615601104158563,1.0,1.0,-0.7653564130075884,instance,mutual_info_top6
0,0.11239901650860551,0.0,0.08490566037735847,0.3333333333333333,0.30292439560853823,0.0,0.24050207734763307,0.9616026711185309,1.0,1.3928465366892087,instance,mutual_info_top6
0,0.6212915495577054,0.8,0.3076923076923077,0.2916666666666667,0.8913089347820933,0.0,0.4610551894345617,0.998330550918197,1.0,-0.508237468495184,instance,mutual_info_top6
0,0.07306684141546516,0.0,0.08490566037735847,0.3333333333333333,0.30453748576013384,0.0,0.30140290507186973,0.9732888146911519,1.0,1.2449617297569036,instance,mutual_info_top6
0,0.7895315709269197,0.8,0.7957957957957957,0.4166666666666667,0.9076946785167966,0.0,0.4713205081419032,0.998330550918197,1.0,-1.1001091530926772,instance,mutual_info_top6
0,0.06116207951070329,0.0,0.17647058823529416,0.4583333333333333,0.31275776642221437,0.0,0.2335605071038409,0.9632721202003339,1.0,0.9894503843092859,instance,mutual_info_top6
0,0.06116207951070329,0.0,0.05797101449275366,0.25,0.3312579143916422,0.0,0.33649531003698885,0.9432387312186978,1.0,0.9199340823795761,instance,mutual_info_top6
0,0.7423935237888726,0.4,0.7957957957957957,0.75,0.9055112253469931,1.0,0.5159853038598226,1.0,1.0,-0.9253962389049905,instance,mutual_info_top6
0,0.40519703498258297,0.4,0.7045454545454546,0.5,0.5653110944713974,1.0,0.5499509541964926,1.0,1.0,0.08388665274240859,instance,mutual_info_top6
0,0.11998560892246812,0.2,0.05797101449275366,0.25,0.3517138039427009,0.0,0.4274498119238721,0.993322203672788,1.0,0.9428151005919863,instance,mutual_info_top6
0,0.37172708962739176,0.0,0.3076923076923077,0.3333333333333333,0.6229335923200946,0.0,0.4315841329565284,0.988313856427379,1.0,0.5952365713521993,instance,mutual_info_top6
0,0.774547803617571,0.6,0.7957957957957957,1.0,0.9034945002505016,1.0,0.581333682011151,1.0,1.0,-0.8771506989857999,instance,mutual_info_top6
0,0.49672708962739176,0.6,0.7957957957957957,0.5416666666666666,0.8888111426448166,0.75,0.571437870635425,1.0,1.0,-0.4184750901253601,instance,mutual_info_top6
0,0.0,0.0,0.08490566037735847,0.3333333333333333,0.30272954307164923,0.0,0.2541843957441856,0.9632721202003339,0.8333333333333334,2.23475555311551,instance,mutual_info_top6
0,0.07306684141546516,0.0,0.08490566037735847,0.3333333333333333,0.30925065827632847,0.25,0.2620315134953528,0.9616026711185309,1.0,0.9637040506005563,instance,mutual_info_top6
0,0.7451010733672292,0.8,0.7957957957957957,0.4166666666666667,0.8991354373201409,1.0,0.724832256751563,1.0,1.0,-0.6877393534967515,instance,mutual_info_top6
0,0.5201010733672291,0.4,0.1578947368421053,0.2916666666666667,0.7723836988535083,0.5,0.48326322358404195,0.996661101836394,1.0,0.14760681100579567,instance,mutual_info_top6
0,0.48853036831591623,0.4,0.17647058823529416,0.4583333333333333,0.5770476116866309,0.5,0.45709479747345616,0.998330550918197,1.0,0.39962142939914946,instance,mutual_info_top6
0,0.6255149684152705,0.6,0.6764705882352942,0.375,0.8620971870844989,0.5,0.4675055275976253,0.998330550918197,1.0,-0.28778028599314115,instance,mutual_info_top6
0,0.07306684141546516,0.0,0.05797101449275366,0.25,0.3030647214815366,0.0,0.23031827022099916,0.9298831385642738,1.0,1.434798422914538,instance,mutual_info_top6
0,0.11239901650860551,0.0,0.08490566037735847,0.3333333333333333,0.3027947847826288,0.0,0.2269632984443628,0.9649415692821369,1.0,1.7765463555177041,instance,mutual_info_top6
0,0.06116207951070329,0.2,0.08490566037735847,0.3333333333333333,0.3130518497991104,0.5,0.5017381341686733,1.0,1.0,0.7366710238509407,instance,mutual_info_top6
0,0.06116207951070329,0.0,0.05797101449275366,0.25,0.31147716964907823,0.0,0.22493342247609027,0.9482470784641068,1.0,1.061167787317015,instance,mutual_info_top6
0,0.7802723116676605,1.0,0.7957957957957957,0.5,0.9075935918747042,1.0,0.6216065738545209,1.0,1.0,-1.364547145620837,instance,mutual_info_top6
0,0.06116207951070329,0.0,0.08490566037735847,0.3333333333333333,0.3118269437539283,0.0,0.33325316196630717,0.9616026711185309,1.0,1.0040469492943138,instance,mutual_info_top6
0,0.0,1.0,0.7957957957957957,0.20833333333333334,0.9104681797780436,1.0,0.572178325315839,1.0,0.6666666666666666,-4.994850287155931,instance,mutual_info_top6
0,0.5201010733672291,0.0,0.1578947368421053,0.2916666666666667,0.7743408766972029,0.0,0.39936938664686317,0.988313856427379,1.0,0.13758741091507248,instance,mutual_info_top6
0,0.6078811369509045,0.4,0.7957957957957957,0.4166666666666667,0.9026742691156862,1.0,0.5717450331016931,1.0,1.0,-0.8503226974281859,instance,mutual_info_top6
0,0.14449541284403666,0.0,0.05797101449275366,0.25,0.30520402408978586,0.0,0.28791501386467766,0.9749582637729549,1.0,0.8643801757915401,instance,mutual_info_top6
0,0.7521490603958971,0.4,0.6764705882352942,0.5416666666666666,0.7178046420892411,1.0,0.5425297849616747,1.0,1.0,0.07326035813963544,instance,mutual_info_top6
0,0.5096670482195242,0.6,0.9602272727272727,0.375,0.5304767621297933,0.5,0.593566493572553,1.0,1.0,0.05504465114735019,instance,mutual_info_top6
0,0.07306684141546516,0.0,0.08490566037735847,0.3333333333333333,0.30296824286410534,0.0,0.19833047647388458,0.9766277128547579,1.0,1.252938669863158,instance,mutual_info_top6
0,0.6867677400338958,0.4,0.7957957957957957,0.20833333333333334,0.876097964943169,0.5,0.5463377201078712,1.0,1.0,-0.08993447623717425,instance,mutual_info_top6
0,0.9344319517930629,1.0,0.9636363636363636,0.5833333333333334,0.9033671734028523,1.0,0.7260049339462655,1.0,1.0,-0.9701492631949941,instance,mutual_info_top6
0,0.0,0.0,0.08490566037735847,0.3333333333333333,0.3027284711492654,0.0,0.11045152872517372,0.9682804674457429,0.8333333333333334,2.515987244559491,instance,mutual_info_top6
0,0.3608575244100004,0.0,0.05797101449275366,0.25,0.44641689931396256,0.0,0.29364511982379704,0.9849749582637729,1.0,0.4955191238687624,instance,mutual_info_top6
0,0.5881278963747332,0.4,0.6764705882352942,0.5833333333333334,0.730992534904344,1.0,0.5760809169718079,1.0,1.0,-0.28018536625790347,instance,mutual_info_top6
0,0.8123440915520124,0.8,0.7957957957957957,0.8333333333333334,0.9067019679557231,0.6666666666666666,0.6781169375386784,1.0,1.0,-1.318208599672755,instance,mutual_info_top6
0,0.3111620795107033,0.4,0.08490566037735847,0.4166666666666667,0.33219315127020455,1.0,0.5137022254266792,1.0,1.0,0.4210691095589537,instance,mutual_info_top6
0,0.7475217289170777,0.6,0.7957957957957957,0.4166666666666667,0.8909465168024507,0.5,0.6686300875040153,1.0,1.0,-0.4108374134262834,instance,mutual_info_top6
0,0.14449541284403666,0.0,0.419047619047619,0.25,0.3103423923389788,0.3333333333333333,0.3518589238327966,0.991652754590985,1.0,0.6638489299575034,instance,mutual_info_top6
0,0.4303019688544448,0.2,0.1578947368421053,0.2916666666666667,0.5144650955423161,0.0,0.41462411951713785,0.993322203672788,1.0,0.4874863340822861,instance,mutual_info_top6
0,0.8215071507150715,1.0,0.9636363636363636,0.25,0.908980365505664,1.0,0.6309092971962733,1.0,1.0,-1.9617102689325785,instance,mutual_info_top6
0,0.4303019688544448,0.6,0.6764705882352942,0.5833333333333334,0.5531109344542384,0.3333333333333333,0.558523720405713,1.0,1.0,0.07324564419657761,instance,mutual_info_top6
0,0.06116207951070329,0.0,0.05797101449275366,0.25,0.3367364267732409,0.0,0.321873339524552,0.9749582637729549,1.0,0.6674548753555201,instance,mutual_info_top6
0,0.414428952981429,0.2,0.1578947368421053,0.2916666666666667,0.4513839335649108,0.0,0.45011085110081883,0.998330550918197,1.0,0.33921804332936967,instance,mutual_info_top6
0,0.48853036831591623,0.6,0.8452380952380952,0.2916666666666667,0.8333489541441018,1.0,0.5276175298470662,1.0,1.0,-0.08902520191950579,instance,mutual_info_top6
0,0.6078811369509045,0.4,0.7957957957957957,1.0,0.9060667761625726,0.3333333333333333,0.533663197396525,1.0,1.0,-0.9480906338935883,instance,mutual_info_top6
0,0.07306684141546516,0.0,0.08490566037735847,0.3333333333333333,0.3032330065917387,0.0,0.24318808783875223,0.9599332220367279,1.0,1.0609594984005706,instance,mutual_info_top6
0,0.48853036831591623,0.6,0.7045454545454546,0.375,0.779512182360999,0.5,0.5211612643749346,1.0,1.0,0.011977205758092245,instance,mutual_info_top6
0,0.07306684141546516,0.0,0.05797101449275366,0.25,0.30450225064138314,0.0,0.266154020986347,0.9515859766277128,1.0,1.1933679024315904,instance,mutual_info_top6
0,0.11239901650860551,0.0,0.08490566037735847,0.3333333333333333,0.3029035121729736,0.0,0.21500360966690257,0.9465776293823038,1.0,1.6430595257050837,instance,mutual_info_top6
0,0.774547803617571,0.8,0.7957957957957957,1.0,0.9032929570003401,1.0,0.5061556113995329,1.0,1.0,-0.9356329669279548,instance,mutual_info_top6
0,0.8020671834625323,0.2,0.7957957957957957,0.20833333333333334,0.8575650784257306,0.5,0.48108800197415724,0.998330550918197,1.0,-0.25930347225788736,instance,mutual_info_top6
0,0.5794436586515794,1.0,0.7957957957957957,0.20833333333333334,0.909973806687808,1.0,0.7538539039743549,1.0,0.5,-3.0691378203252673,instance,mutual_info_top6
0,0.8199198491277699,1.0,0.9636363636363636,0.4166666666666667,0.9095195826485565,1.0,0.6650810456457653,1.0,1.0,-1.9992943595719024,instance,mutual_info_top6
0,0.06116207951070329,0.2,0.08490566037735847,0.3333333333333333,0.3146250528550262,0.0,0.3648637091325644,0.994991652754591,1.0,0.8321764708691813,instance,mutual_info_top6
0,0.5383937562940584,0.6,0.3076923076923077,0.2916666666666667,0.8486125675420966,1.0,0.57969772128678,1.0,1.0,-0.1174889665043681,instance,mutual_info_top6
0,0.06116207951070329,0.2,0.17647058823529416,0.4583333333333333,0.31579781811678664,0.3333333333333333,0.43704646658688484,0.994991652754591,1.0,1.1237054759623821,instance,mutual_info_top6
0,0.40519703498258297,0.2,0.17647058823529416,0.5,0.5902147300082611,0.3333333333333333,0.4027146071635854,0.996661101836394,1.0,0.15348696988973196,instance,mutual_info_top6
0,0.3191908577433339,0.2,0.7045454545454546,0.5,0.38379314099003103,0.0,0.4708785460672106,0.994991652754591,1.0,0.45001257553036456,instance,mutual_info_top6
0,0.37050572166851237,0.0,0.05797101449275366,0.25,0.3579890760702429,0.0,0.3308140735307341,0.9766277128547579,1.0,0.5060321893985912,instance,mutual_info_top6
0,0.0,0.0,0.08490566037735847,0.3333333333333333,0.302728161534643,0.0,0.1047716514897642,0.9682804674457429,0.8333333333333334,2.4778779282127066,instance,mutual_info_top6
0,0.6255149684152705,0.6,0.6764705882352942,0.375,0.8713226958598853,0.5,0.45530557099534763,0.998330550918197,1.0,-0.3118117786861578,instance,mutual_info_top6
0,0.07306684141546516,0.4,0.08490566037735847,0.3333333333333333,0.3052134761591945,0.0,0.48129218919545536,0.996661101836394,1.0,0.9752853478061095,instance,mutual_info_top6
0,0.0,0.0,0.08490566037735847,0.3333333333333333,0.3027350504705468,0.0,0.15941813477435962,0.9515859766277128,1.0,1.8595842545426298,instance,mutual_info_top6
0,0.8218840579710145,0.8,0.7957957957957957,0.3333333333333333,0.9028750049231838,1.0,0.5679155236304534,1.0,1.0,-0.9456348053021724,instance,mutual_info_top6
0,0.8199198491277699,1.0,0.7957957957957957,0.4166666666666667,0.905027642966836,1.0,0.7236566992127739,1.0,1.0,-1.2739336919809476,instance,mutual_info_top6
0,0.8007489160425699,0.8,0.7957957957957957,0.4166666666666667,0.8994903081457275,1.0,0.6110139201173546,1.0,1.0,-0.699753867261628,instance,mutual_info_top6
0,0.14449541284403666,0.0,0.08490566037735847,0.2916666666666667,0.3069405438082492,0.0,0.2996839642944845,0.991652754590985,1.0,0.6747502261377349,instance,mutual_info_top6
0,0.5201010733672291,0.4,0.6764705882352942,0.375,0.8361719176419866,0.5,0.43186412096603,0.998330550918197,1.0,-0.013548226604498267,instance,mutual_info_top6
0,0.40519703498258297,0.4,0.1578947368421053,0.2916666666666667,0.5495661719381707,0.0,0.4690383678099228,0.996661101836394,1.0,0.14634130726011418,instance,mutual_info_top6
0,0.8724580837794386,0.6,0.9636363636363636,0.4583333333333333,0.8117976297316398,1.0,0.5102369700468483,1.0,1.0,-0.09565201899842724,instance,mutual_info_top6
0,0.6383937562940585,0.4,0.3076923076923077,0.3333333333333333,0.8792795560640971,1.0,0.5548868540952371,1.0,1.0,-0.3488580885766042,instance,mutual_info_top6
0,0.5705057216685123,0.6,0.08490566037735847,0.2916666666666667,0.3366133984374985,0.5,0.4888920797884403,0.998330550918197,1.0,0.315404162840603,instance,mutual_info_top6
0,0.14449541284403666,0.0,0.08490566037735847,0.3333333333333333,0.3062072640146455,0.0,0.3868823268658633,0.9816360601001669,1.0,0.9907998175710006,instance,mutual_info_top6
0,0.8235776318244686,0.8,0.6764705882352942,0.375,0.858002659305752,1.0,0.5539221327713231,1.0,1.0,-0.2841338115889691,instance,mutual_info_top6
0,0.7283395365863734,0.4,0.6764705882352942,0.375,0.7857825767175931,0.5,0.4498483224744705,0.998330550918197,1.0,0.0010324817729309049,instance,mutual_info_top6
0,0.5705057216685123,0.4,0.08490566037735847,0.2916666666666667,0.3330096621517179,0.0,0.3979412523161934,0.998330550918197,1.0,0.4315099649024282,instance,mutual_info_top6
0,0.06116207951070329,0.0,0.05797101449275366,0.25,0.32563903078792755,0.0,0.29295869425086873,0.9782971619365609,1.0,0.5914819162158871,instance,mutual_info_top6
0,0.49672708962739176,0.6,0.3076923076923077,0.2916666666666667,0.8836109088675936,0.0,0.4775735315911279,0.998330550918197,1.0,-0.40674784122904767,instance,mutual_info_top6
0,0.14449541284403666,0.0,0.05797101449275366,0.25,0.30484183250425245,0.0,0.29134227495800136,0.9465776293823038,1.0,1.3263398719559047,instance,mutual_info_top6
0,0.14449541284403666,0.0,0.08490566037735847,0.4166666666666667,0.30419452274839853,0.0,0.4237154446199959,0.989983305509182,1.0,1.022632060612166,instance,mutual_info_top6
0,0.7284344067005624,0.6,0.3076923076923077,0.2916666666666667,0.853847545808226,0.0,0.4714328444951075,0.998330550918197,1.0,-0.033626371232693235,instance,mutual_info_top6
0,0.6078811369509045,0.8,0.7957957957957957,0.8333333333333334,0.9062988904974449,1.0,0.6554944449274585,1.0,1.0,-1.098404967181909,instance,mutual_info_top6
0,0.7451010733672292,1.0,0.3076923076923077,0.2916666666666667,0.8676453285219107,1.0,0.5815978691884631,1.0,1.0,-0.29181307066655005,instance,mutual_info_top6
0,0.6212915495577054,0.6,0.3076923076923077,0.2916666666666667,0.8696485620637529,0.6666666666666666,0.5001642352448211,1.0,1.0,-0.11844700166670427,instance,mutual_info_top6
0,0.7423935237888726,0.6,0.7957957957957957,0.4166666666666667,0.9043629204999869,0.0,0.47916507190553403,0.996661101836394,1.0,-0.9556117666908229,instance,mutual_info_top6
0,0.11239901650860551,0.2,0.08490566037735847,0.3333333333333333,0.30274457270657396,0.3333333333333333,0.47268366873288015,0.998330550918197,1.0,1.33791207747469,instance,mutual_info_top6
0,0.8285266938203477,1.0,0.7957957957957957,0.4166666666666667,0.9038346049053366,1.0,0.6117936275922491,1.0,1.0,-0.8440609875613769,instance,mutual_info_top6
0,0.6867677400338958,0.8,0.7957957957957957,0.2916666666666667,0.8895622990906411,0.6666666666666666,0.5078849554890089,1.0,1.0,-0.5679230907731347,instance,mutual_info_top6
0,0.14449541284403666,0.2,0.08490566037735847,0.4166666666666667,0.30576638321169414,0.3333333333333333,0.3492621424493594,0.994991652754591,1.0,0.8484032103717902,instance,mutual_info_top6
0,0.0,0.0,0.05797101449275366,0.2916666666666667,0.30272989952867974,0.0,0.2693496585734646,0.9649415692821369,0.6666666666666666,2.427066258613591,instance,mutual_info_top6
1,0.1421188630490956,0.2,0.20420420420420415,0.7916666666666666,0.09425719938345312,0.0,0.46437188965207976,0.997855611150822,1.0,1.0064189350166215,instance,mutual_info_top6
1,0.2548989266327708,0.4,0.20420420420420415,0.2916666666666667,0.10881539811740915,0.5,0.4925757410803284,0.9992852037169406,1.0,0.66194364650032,instance,mutual_info_top6
1,0.19793281653746764,0.0,0.32352941176470584,0.3333333333333333,0.10583798017340618,0.0,0.40126535015320175,0.995711222301644,1.0,0.4507896125231149,instance,mutual_info_top6
1,0.2524782710829222,0.6,0.20420420420420415,0.5833333333333334,0.10411559100464546,1.0,0.5010057826170287,1.0,1.0,0.5243012612283231,instance,mutual_info_top6
1,0.09976413844278376,0.0,0.02352941176470591,0.25,0.15153104328847444,0.0,0.23196774509327656,0.9792709077912795,1.0,0.41445561454199126,instance,mutual_info_top6
1,0.12811594202898557,0.2,0.036363636363636376,0.3333333333333333,0.09802465720340958,0.25,0.4657634629618196,0.9992852037169406,1.0,1.1311728021460918,instance,mutual_info_top6
1,0.26146963168408366,0.2,0.02352941176470591,0.25,0.1507342984288531,0.0,0.40149245032378467,0.997855611150822,1.0,0.44685473972117884,instance,mutual_info_top6
1,0.09561525271495064,0.0,0.036363636363636376,0.4583333333333333,0.13804298675005056,0.0,0.3462499010308928,0.9678341672623303,1.0,0.7618821650193558,instance,mutual_info_top6
1,0.20781836491806283,0.2,0.03977272727272729,0.3333333333333333,0.15117291780345532,0.0,0.40956477761381804,0.997855611150822,1.0,0.679558012379757,instance,mutual_info_top6
1,0.21972768833233947,0.2,0.20420420420420415,0.5416666666666666,0.0952301250246787,0.0,0.4500840916320038,0.9992852037169406,1.0,1.01531333078895,instance,mutual_info_top6
1,0.2576064762111274,0.4,0.20420420420420415,0.6666666666666666,0.09496779214427942,0.5,0.5889372769332579,1.0,1.0,0.8279364148559861,instance,mutual_info_top6
1,0.14163029552906437,0.2,0.20420420420420415,0.375,0.09166075295960441,0.0,0.39977346864655783,0.9971408148677627,1.0,1.361689754054214,instance,mutual_info_top6
1,0.11737547447517238,0.2,0.036363636363636376,0.3333333333333333,0.1191144954220848,0.0,0.4535728550190202,0.9971408148677627,1.0,0.939073478665448,instance,mutual_info_top6
1,0.09561525271495064,0.0,0.036363636363636376,0.3333333333333333,0.10041169337268852,0.0,0.3497028184967368,0.9849892780557541,1.0,1.4056162106235492,instance,mutual_info_top6
1,0.02390138154027044,0.0,0.036363636363636376,0.3333333333333333,0.09251715106674502,0.0,0.2858173580087884,0.9685489635453896,1.0,1.345970205983435,instance,mutual_info_top6
1,0.02390138154027044,0.0,0.036363636363636376,0.3333333333333333,0.10425795513017677,0.0,0.35110350086727526,0.9792709077912795,1.0,0.7820411800372761,instance,mutual_info_top6
1,0.022222222222222143,0.2,0.03977272727272729,0.4166666666666667,0.0921297387656212,0.0,0.446651733256747,0.997855611150822,1.0,1.0987093873494427,instance,mutual_info_top6
1,0.022222222222222143,0.0,0.15476190476190477,0.375,0.09129240377067155,0.0,0.3996363524725073,0.9885632594710507,1.0,1.452045058208677,instance,mutual_info_top6
1,0.018115942028985477,0.0,0.036363636363636376,0.4583333333333333,0.09060825537092221,0.0,0.2991916254633564,0.9871336669049321,0.8333333333333334,1.992345416112021,instance,mutual_info_top6
1,0.007440476190476275,0.0,0.036363636363636376,0.4583333333333333,0.16686766586414892,0.0,0.1835715574415493,0.9256611865618298,1.0,1.0757080928091274,instance,mutual_info_top6
1,0.022222222222222143,0.0,0.15476190476190477,0.375,0.09425881110855172,0.0,0.38732493158128756,0.9885632594710507,1.0,1.0951159697052002,instance,mutual_info_top6
1,0.21972768833233947,0.4,0.20420420420420415,0.375,0.09268117681872912,0.3333333333333333,0.35614875458249284,0.9985704074338814,1.0,1.3177878520933235,instance,mutual_info_top6
1,0.09561525271495064,0.2,0.036363636363636376,0.3333333333333333,0.13646374908376746,0.0,0.467695878118901,0.997855611150822,1.0,1.4847503287504722,instance,mutual_info_top6
1,0.044782608695652204,0.2,0.036363636363636376,0.5,0.10204814502500698,0.0,0.3003939547551687,0.9971408148677627,1.0,0.8980881281295858,instance,mutual_info_top6
1,0.12125627835597619,0.2,0.036363636363636376,0.3333333333333333,0.10759039740304599,0.0,0.41807677758061235,0.9971408148677627,1.0,0.908076861850991,instance,mutual_info_top6
1,0.323182707889054,0.2,0.20420420420420415,0.625,0.10304056368419062,0.5,0.604680763567254,1.0,1.0,0.7485426487589798,instance,mutual_info_top6
1,0.1507088078085057,0.2,0.036363636363636376,0.3333333333333333,0.12990359034498528,0.0,0.4750922686524447,0.9985704074338814,1.0,1.0314612039693698,instance,mutual_info_top6
1,0.022222222222222143,0.2,0.15476190476190477,0.375,0.08956294134234105,0.0,0.42149945206805783,0.9971408148677627,1.0,1.7530321935609876,instance,mutual_info_top6
1,0.09976413844278376,0.0,0.02352941176470591,0.25,0.33030834755027005,0.0,0.17137551869577894,0.9678341672623303,1.0,0.326992608645566,instance,mutual_info_top6
1,0.007440476190476275,0.0,0.036363636363636376,0.5416666666666666,0.09683742329416878,0.0,0.18027040932044824,0.9835596854896355,1.0,1.164825235436942,instance,mutual_info_top6
1,0.3388379204892966,0.4,0.15476190476190477,0.375,0.4892376590996509,0.5,0.5173875427299695,1.0,1.0,0.698648399400043,instance,mutual_info_top6
1,0.019345238095238138,0.2,0.036363636363636376,0.3333333333333333,0.09315989997825047,0.0,0.4298060453365943,0.9971408148677627,1.0,1.0481955917022827,instance,mutual_info_top6
1,0.12754191622056144,0.2,0.036363636363636376,0.3333333333333333,0.16519971872426703,0.5,0.4346022143752375,0.9971408148677627,1.0,0.40133312778230834,instance,mutual_info_top6
1,0.21972768833233947,0.4,0.20420420420420415,0.375,0.0913266124247647,1.0,0.5136800634250114,1.0,1.0,1.4948710372635925,instance,mutual_info_top6
1,0.007440476190476275,0.0,0.036363636363636376,0.3333333333333333,0.09134083610175397,0.0,0.3920532306045882,0.995711222301644,1.0,1.4548636796914567,instance,mutual_info_top6
1,0.26146963168408366,0.0,0.02352941176470591,0.25,0.24341675028536408,0.0,0.36754895588481384,0.9949964260185847,1.0,0.2787556544452754,instance,mutual_info_top6
1,0.04473471487360381,0.0,0.036363636363636376,0.3333333333333333,0.10120155611255205,0.0,0.2464626049687878,0.9842744817726948,1.0,0.7798145036197082,instance,mutual_info_top6
1,0.08478260869565213,0.0,0.03977272727272729,0.3333333333333333,0.09081387478598113,0.0,0.37500588520321576,0.9949964260185847,1.0,1.3250512522351385,instance,mutual_info_top6
1,0.022222222222222143,0.0,0.02352941176470591,0.25,0.13047046642729704,0.0,0.36470990115685664,0.9928520371694067,1.0,1.1415044263418317,instance,mutual_info_top6
1,0.022222222222222143,0.0,0.02352941176470591,0.25,0.09613657298348499,0.0,0.31257442647235156,0.9828448892065761,1.0,1.1410710411700407,instance,mutual_info_top6
1,0.19793281653746764,0.2,0.20420420420420415,0.3333333333333333,0.09639465643515865,0.0,0.48556119619579463,0.9985704074338814,1.0,0.7700275864013391,instance,mutual_info_top6
1,0.18959528843249773,0.2,0.036363636363636376,0.4583333333333333,0.5418440391199056,0.0,0.33140623047649187,0.9971408148677627,1.0,0.712432740674187,instance,mutual_info_top6
1,0.18959528843249773,0.0,0.036363636363636376,0.3333333333333333,0.3885735008504906,0.0,0.3592156057556116,0.9857040743388135,1.0,0.9595902113095236,instance,mutual_info_top6
1,0.007440476190476275,0.0,0.036363636363636376,0.5416666666666666,0.09608299484312999,0.0,0.40399610451167833,0.9907076483202287,1.0,1.303691337228854,instance,mutual_info_top6
1,0.17642236817553136,0.2,0.03977272727272729,0.3333333333333333,0.15361221979281814,0.5,0.4888463923481021,0.9992852037169406,1.0,0.4287375915980009,instance,mutual_info_top6
1,0.007440476190476275,0.0,0.036363636363636376,0.4583333333333333,0.140249772258911,0.0,0.3064092144872871,0.9149392423159399,1.0,0.9059060923346162,instance,mutual_info_top6
1,0.2081683999215631,0.2,0.03977272727272729,0.3333333333333333,0.16461780568622125,0.3333333333333333,0.4787355617010507,0.9985704074338814,1.0,0.46578845681245373,instance,mutual_info_top6
1,0.26146963168408366,0.4,0.15476190476190477,0.375,0.1378396544220522,0.5,0.5114521933271345,1.0,1.0,0.5526601452570337,instance,mutual_info_top6
1,0.09561525271495064,0.0,0.036363636363636376,0.3333333333333333,0.11276304846646062,0.0,0.2956891072127632,0.9914224446032881,1.0,1.2810797545935073,instance,mutual_info_top6
1,0.15133116279979264,0.2,0.036363636363636376,0.3333333333333333,0.4499305076528407,0.0,0.39326551940094345,0.9971408148677627,1.0,0.8179780954103874,instance,mutual_info_top6
1,0.1517165005537099,0.0,0.02352941176470591,0.25,0.5739953413483502,0.0,0.33547068352312936,0.9857040743388135,1.0,0.16167526152202702,instance,mutual_info_top6
1,0.019345238095238138,0.0,0.036363636363636376,0.3333333333333333,0.09172315244258644,0.0,0.39003260854142174,0.9949964260185847,1.0,1.4296590339288637,instance,mutual_info_top6
1,0.14738318606183132,0.0,0.036363636363636376,0.3333333333333333,0.2632692071832633,0.5,0.4034459255112921,0.9928520371694067,1.0,0.664283915898725,instance,mutual_info_top6
1,0.12754191622056144,0.0,0.02352941176470591,0.25,0.15235471361073583,0.0,0.1937748870236191,0.9885632594710507,1.0,0.500213805944734,instance,mutual_info_top6
1,0.044782608695652204,0.2,0.036363636363636376,0.5,0.09385801748412098,0.0,0.4449122329050573,0.9971408148677627,1.0,1.1440395328445767,instance,mutual_info_top6
1,0.0940112479100167,0.0,0.20420420420420415,0.375,0.09194084967301014,0.0,0.3822440977348256,0.9935668334524661,1.0,1.428644773368415,instance,mutual_info_top6
1,0.12125627835597619,0.0,0.036363636363636376,0.4583333333333333,0.11428850866265189,0.0,0.3022433619503655,0.9921372408863474,1.0,0.8052772001925378,instance,mutual_info_top6
1,0.0,0.0,0.15476190476190477,0.375,0.08953182022195644,0.0,0.3480387334289816,0.9899928520371694,0.8333333333333334,4.699651087240952,instance,mutual_info_top6
1,0.2359461776993409,0.0,0.036363636363636376,0.3333333333333333,0.10770881623567663,0.0,0.4327637066739337,0.995711222301644,1.0,0.7667260619139726,instance,mutual_info_top6
1,0.40432677454122645,0.2,0.02352941176470591,0.25,0.2167872463976006,1.0,0.5722704406927173,1.0,1.0,0.3745987355952364,instance,mutual_info_top6
1,0.044782608695652204,0.0,0.036363636363636376,0.4583333333333333,0.09209985432754159,0.0,0.4070444141025341,0.9964260185847034,1.0,1.4710659141979878,instance,mutual_info_top6
1,0.007440476190476275,0.0,0.036363636363636376,0.5416666666666666,0.09490859036423716,0.0,0.20031705312186643,0.9864188706218727,1.0,1.2991874686600697,instance,mutual_info_top6
1,0.09976413844278376,0.0,0.036363636363636376,0.3333333333333333,0.13120130912106648,0.0,0.23726425642145788,0.9692637598284489,1.0,0.7498882982440416,instance,mutual_info_top6
1,0.0940112479100167,0.0,0.20420420420420415,0.375,0.09144978757579647,0.0,0.2936391818544847,0.995711222301644,1.0,1.763828750641164,instance,mutual_info_top6
1,0.40432677454122645,0.4,0.2954545454545454,0.375,0.19887570873504706,0.5,0.5126423400279511,1.0,1.0,0.27722370433558946,instance,mutual_info_top6
1,0.09561525271495064,0.0,0.036363636363636376,0.3333333333333333,0.1079809631406311,0.0,0.21761974157807318,0.9799857040743388,1.0,1.1866089106936983,instance,mutual_info_top6
1,0.09561525271495064,0.0,0.036363636363636376,0.3333333333333333,0.11403855055319756,0.0,0.2992992815162214,0.9442458899213724,1.0,1.254429952481591,instance,mutual_info_top6
1,0.18823225996610427,0.0,0.036363636363636376,0.3333333333333333,0.1210584833113657,0.0,0.42307630510867356,0.9878484631879915,1.0,0.5526270097507002,instance,mutual_info_top6
1,0.3787084504422946,0.8,0.6923076923076923,0.25,0.12482473202171057,0.6666666666666666,0.40886919179908776,0.9992852037169406,1.0,0.22544970356107497,instance,mutual_info_top6
1,0.0,0.0,0.03977272727272729,0.3333333333333333,0.08953186262257917,0.0,0.35809842424187077,0.9935668334524661,1.0,2.7490869063613443,instance,mutual_info_top6
1,0.2576064762111274,0.4,0.20420420420420415,0.4166666666666667,0.09377761838621657,0.0,0.45335397913077435,0.9985704074338814,1.0,0.9218909912556238,instance,mutual_info_top6
1,0.022222222222222143,1.0,0.15476190476190477,0.375,0.08953390162446245,1.0,0.5346189390599944,1.0,1.0,2.262397758951233,instance,mutual_info_top6
1,0.1312661498708011,0.0,0.036363636363636376,0.3333333333333333,0.09976828178354474,0.0,0.4169006473808332,0.995711222301644,1.0,0.769737640793093,instance,mutual_info_top6
1,0.02390138154027044,0.0,0.036363636363636376,0.3333333333333333,0.09383754951655826,0.0,0.3182209418262514,0.9899928520371694,1.0,1.2538047860339745,instance,mutual_info_top6
1,0.22702886173520787,0.4,0.20420420420420415,0.625,0.10226732408632877,0.5,0.5426850119587716,1.0,1.0,0.5008261884528977,instance,mutual_info_top6
1,0.2715655932994375,0.2,0.32352941176470584,0.375,0.1896756438983182,0.0,0.48478419689237284,0.9992852037169406,1.0,0.18065369856708427,instance,mutual_info_top6
1,0.018115942028985477,0.4,0.03977272727272729,0.3333333333333333,0.09649324456721964,0.5,0.5621323122249251,1.0,1.0,1.319222179387011,instance,mutual_info_top6
1,0.09976413844278376,0.2,0.02352941176470591,0.25,0.25687959435603513,0.0,0.4016850484458202,0.9985704074338814,1.0,0.4855050904869282,instance,mutual_info_top6
1,0.019345238095238138,0.0,0.036363636363636376,0.375,0.09378385265564404,0.0,0.3956906449056382,0.9942816297355254,1.0,0.9877103444383619,instance,mutual_info_top6
1,0.007440476190476275,0.0,0.036363636363636376,0.3333333333333333,0.09166982046317951,0.0,0.33481048519637113,0.9899928520371694,1.0,1.4386693026746966,instance,mutual_info_top6
1,0.18823225996610427,0.0,0.036363636363636376,0.3333333333333333,0.10470827660150528,0.0,0.2720398648160074,0.9864188706218727,1.0,0.6872873084091766,instance,mutual_info_top6
1,0.17147330617965217,0.0,0.20420420420420415,0.5416666666666666,0.09542300546551707,0.0,0.35031897791980426,0.9885632594710507,1.0,1.0617076574384123,instance,mutual_info_top6
1,0.1217890256877946,0.0,0.20420420420420415,0.375,0.09120182576688135,0.0,0.370388662258738,0.9885632594710507,1.0,1.5434273776688676,instance,mutual_info_top6
1,0.2179978294664594,0.2,0.02352941176470591,0.25,0.4737983532735709,0.0,0.36520036017161095,0.997855611150822,1.0,0.41666387113021797,instance,mutual_info_top6
1,0.018115942028985477,0.0,0.03977272727272729,0.3333333333333333,0.08980819554944952,0.0,0.2508542832386377,0.9942816297355254,1.0,1.6750493954122099,instance,mutual_info_top6
1,0.044782608695652204,0.0,0.036363636363636376,0.3333333333333333,0.09294766463942367,0.0,0.32720118162079326,0.9907076483202287,1.0,1.3634578627294913,instance,mutual_info_top6
1,0.2359461776993409,0.0,0.03977272727272729,0.3333333333333333,0.09975475400770312,0.0,0.41972461576128406,0.9928520371694067,1.0,1.0065793409206594,instance,mutual_info_top6
1,0.007440476190476275,0.0,0.02352941176470591,0.25,0.254448205628261,0.0,0.09729856934406655,0.9349535382416011,1.0,0.40169006925032313,instance,mutual_info_top6
1,0.007440476190476275,0.0,0.036363636363636376,0.5833333333333334,0.09902238140952713,0.0,0.19180014292515601,0.9792709077912795,1.0,1.0427437655270682,instance,mutual_info_top6
1,0.09976413844278376,0.0,0.02352941176470591,0.25,0.261945546767254,0.0,0.3130844125032133,0.9857040743388135,1.0,0.2985002626085453,instance,mutual_info_top6
1,0.09561525271495064,0.0,0.036363636363636376,0.3333333333333333,0.10994132307107007,0.0,0.2905493414449688,0.9899928520371694,1.0,1.3282714435187781,instance,mutual_info_top6
1,0.2715655932994375,0.4,0.02352941176470591,0.25,0.14878073087172938,0.0,0.35472622495161066,0.997855611150822,1.0,0.38255095701768904,instance,mutual_info_top6
1,0.04473471487360381,0.2,0.036363636363636376,0.3333333333333333,0.09866486339728259,0.5,0.5195466479492648,1.0,1.0,0.6314523557126271,instance,mutual_info_top6
1,0.09561525271495064,0.0,0.036363636363636376,0.3333333333333333,0.1128315960323597,0.0,0.3446300408960695,0.9821300929235168,1.0,1.3195714929905746,instance,mutual_info_top6
1,0.3060374882080308,0.2,0.03977272727272729,0.3333333333333333,0.6390411214652968,0.0,0.4670146583659218,0.9971408148677627,1.0,0.7802468438774871,instance,mutual_info_top6
1,0.0940112479100167,0.0,0.20420420420420415,0.375,0.09238239394305009,0.0,0.42053062610823966,0.9964260185847034,1.0,1.413460850182428,instance,mutual_info_top6
1,0.022222222222222143,0.0,0.15476190476190477,0.375,0.0947797134304551,0.0,0.398818414728927,0.9907076483202287,1.0,1.1506616955119962,instance,mutual_info_top6
1,0.019345238095238138,0.0,0.036363636363636376,0.3333333333333333,0.09182907405887919,0.0,0.31430940204318514,0.9842744817726948,1.0,1.3677034202012683,instance,mutual_info_top6
1,0.0,0.0,0.03977272727272729,0.3333333333333333,0.08953182645250413,0.0,0.36529675070342404,0.9949964260185847,1.0,2.764944608421126,instance,mutual_info_top6
1,0.007440476190476275,0.0,0.036363636363636376,0.3333333333333333,0.09034902035358972,0.0,0.2588747671034868,0.9678341672623303,1.0,1.966540107426023,instance,mutual_info_top6
1,0.09976413844278376,0.0,0.036363636363636376,0.4583333333333333,0.13274178319709645,0.0,0.25118360774889337,0.9735525375268048,1.0,0.714407549262149,instance,mutual_info_top6
1,0.09976413844278376,0.0,0.036363636363636376,0.3333333333333333,0.12813047751353562,0.0,0.212363542409578,0.9335239456754825,1.0,1.0201550524459135,instance,mutual_info_top6
1,0.18823225996610427,0.0,0.036363636363636376,0.3333333333333333,0.11862989239220989,0.0,0.33725707127960136,0.9907076483202287,1.0,0.4468746728133024,instance,mutual_info_top6
1,0.18959528843249773,0.0,0.036363636363636376,0.3333333333333333,0.36482243171013395,0.0,0.2480071890333796,0.9692637598284489,1.0,0.7321762547058788,instance,mutual_info_top6
1,0.007440476190476275,0.0,0.036363636363636376,0.3333333333333333,0.09963194268836245,0.0,0.24626807100674053,0.9399571122230165,1.0,1.5186837536464124,instance,mutual_info_top6
1,0.022222222222222143,0.0,0.03977272727272729,0.375,0.12875956242610564,0.0,0.45150151971234975,0.9942816297355254,1.0,0.9311765429799338,instance,mutual_info_top6
1,0.16499452209421994,0.2,0.32352941176470584,0.375,0.17000268012944597,0.25,0.5248464498406967,1.0,1.0,0.7457045366415908,instance,mutual_info_top6
1,0.14956680346557227,0.4,0.20420420420420415,0.375,0.09132677049357951,0.5,0.6076871010651138,1.0,1.0,1.646550905240313,instance,mutual_info_top6
1,0.07777777777777783,0.4,0.15476190476190477,0.375,0.17104918273496877,0.5,0.5764435345246228,1.0,1.0,0.5273029085652585,instance,mutual_info_top6
1,0.09976413844278376,0.0,0.02352941176470591,0.25,0.11951480975622353,0.0,0.3495139564860267,0.9878484631879915,1.0,0.5224479004812793,instance,mutual_info_top6
1,0.17293103003072785,0.2,0.03977272727272729,0.3333333333333333,0.18627786537877344,0.0,0.40761940163884725,0.997855611150822,1.0,0.6876231980693104,instance,mutual_info_top6
1,0.13491933412429524,0.0,0.036363636363636376,0.3333333333333333,0.13512516636493194,0.0,0.42552213963023144,0.9964260185847034,1.0,0.7457919681850343,instance,mutual_info_top6
1,0.2081683999215631,0.0,0.036363636363636376,0.3333333333333333,0.13815087487428135,0.0,0.387848488841151,0.9864188706218727,1.0,0.6408610502070375,instance,mutual_info_top6
1,0.007440476190476275,0.0,0.036363636363636376,0.3333333333333333,0.09716065601406648,0.0,0.26149128872077954,0.9664045746962115,1.0,1.3796319138364714,instance,mutual_info_top6
1,0.10555555555555551,0.2,0.15476190476190477,0.4166666666666667,0.08959377452277095,0.0,0.4433685052881884,0.9971408148677627,1.0,1.1064929116492679,instance,mutual_info_top6
1,0.02390138154027044,0.0,0.036363636363636376,0.3333333333333333,0.10354682734970982,0.0,0.2984507775070021,0.9821300929235168,1.0,0.7803672080859293,instance,mutual_info_top6
1,0.04473471487360381,0.0,0.036363636363636376,0.3333333333333333,0.09829068183867262,0.0,0.31397500561760106,0.9949964260185847,1.0,0.6890939061017431,instance,mutual_info_top6
1,0.5032729103726081,0.6,0.6923076923076923,0.25,0.10560497838415389,1.0,0.5599808293955356,1.0,1.0,0.5422392934556418,instance,mutual_info_top6
1,0.19925108395743008,0.2,0.20420420420420415,0.2916666666666667,0.10358620377949757,0.3333333333333333,0.5092310648958726,1.0,1.0,0.739778405231755,instance,mutual_info_top6
1,0.21972768833233947,0.2,0.20420420420420415,0.375,0.09153313250322848,0.0,0.46471653146326597,0.9992852037169406,1.0,1.4807762911648585,instance,mutual_info_top6
1,0.19299782946645927,0.6,0.03977272727272729,0.4166666666666667,0.2657513808859603,1.0,0.5051092256091534,1.0,1.0,0.43423579176196636,instance,mutual_info_top6
1,0.19299782946645927,0.4,0.03977272727272729,0.3333333333333333,0.2085937961597401,1.0,0.5514772544348957,1.0,1.0,0.7472971065946046,instance,mutual_info_top6
1,0.007440476190476275,0.0,0.036363636363636376,0.3333333333333333,0.10090832198727906,0.0,0.2530200352339895,0.9842744817726948,1.0,1.0863715519108235,instance,mutual_info_top6
1,0.018115942028985477,0.0,0.03977272727272729,0.3333333333333333,0.09175238474603359,0.0,0.2669844503950032,0.9921372408863474,1.0,1.4336302844769084,instance,mutual_info_top6
1,0.07777777777777783,0.0,0.15476190476190477,0.375,0.12059871473930012,0.0,0.3822702804898197,0.995711222301644,1.0,0.884086271358474,instance,mutual_info_top6
1,0.17642236817553136,0.0,0.036363636363636376,0.3333333333333333,0.10776143785465575,0.0,0.29925818041407637,0.9571122230164403,1.0,0.8689652564568046,instance,mutual_info_top6
1,0.18008015087223006,0.0,0.036363636363636376,0.375,0.09395620757525608,0.0,0.3640928302931926,0.9949964260185847,1.0,1.4502052943541852,instance,mutual_info_top6
1,0.022222222222222143,0.2,0.03977272727272729,0.375,0.355139070078372,0.0,0.42439793003658943,0.997855611150822,1.0,0.7618674530874844,instance,mutual_info_top6
1,0.15133116279979264,0.4,0.03977272727272729,0.375,0.2267700276912198,1.0,0.5153025841282495,1.0,1.0,0.5999357806527388,instance,mutual_info_top6
1,0.044782608695652204,0.2,0.036363636363636376,0.3333333333333333,0.09461805757934932,0.0,0.4089142835735101,0.9971408148677627,1.0,1.2885876865446733,instance,mutual_info_top6
1,0.057234714873603765,0.0,0.036363636363636376,0.3333333333333333,0.09510901877236533,0.0,0.4036607333122135,0.9935668334524661,1.0,1.1345007846910997,instance,mutual_info_top6
1,0.019345238095238138,0.0,0.036363636363636376,0.3333333333333333,0.09390620489716073,0.0,0.2547683904158292,0.9921372408863474,1.0,1.0939345128315918,instance,mutual_info_top6
1,0.22848658558628354,0.2,0.32352941176470584,0.4583333333333333,0.13134734747994992,0.5,0.5203686973809949,1.0,1.0,0.7871183248163083,instance,mutual_info_top6
1,0.15261284436600764,0.0,0.036363636363636376,0.3333333333333333,0.11802406736907878,0.0,0.3226079735743247,0.9492494639027877,1.0,1.142580579558821,instance,mutual_info_top6
1,0.1517165005537099,0.0,0.9420289855072463,0.20833333333333334,0.28163430645640686,0.0,0.23130178812905122,0.9442458899213724,1.0,0.11709670220984869,instance,mutual_info_top6
1,0.0,0.0,0.03977272727272729,0.3333333333333333,0.08953182022200407,0.0,0.3753092135844823,0.9899928520371694,1.0,3.638481483042305,instance,mutual_info_top6
1,0.007440476190476275,0.0,0.036363636363636376,0.3333333333333333,0.10493090272374117,0.0,0.35551917358221274,0.9778413152251608,1.0,1.040142050613029,instance,mutual_info_top6
1,0.007440476190476275,0.0,0.036363636363636376,0.3333333333333333,0.09268250997086314,0.0,0.2632409391248435,0.9535382416011436,1.0,1.8124316104100118,instance,mutual_info_top6
1,0.1421188630490956,0.0,0.20420420420420415,0.9166666666666666,0.09322373026831621,0.0,0.3691772346349904,0.9935668334524661,1.0,1.197412965241376,instance,mutual_info_top6
1,0.21046842907308028,0.4,0.036363636363636376,0.4583333333333333,0.09163532429141608,0.0,0.45932272664063745,0.9992852037169406,1.0,1.2519397857281298,instance,mutual_info_top6
1,0.11737547447517238,0.2,0.03977272727272729,0.3333333333333333,0.135899376403815,0.0,0.46851727676298716,0.9985704074338814,1.0,1.136546131406895,instance,mutual_info_top6
1,0.15133116279979264,0.2,0.03977272727272729,0.375,0.427292399130485,1.0,0.5086231738597276,1.0,1.0,0.8290378212160678,instance,mutual_info_top6
1,0.17806102166567284,0.0,0.036363636363636376,0.3333333333333333,0.09317642121362696,0.0,0.416894402598994,0.9878484631879915,1.0,1.1615238162839876,instance,mutual_info_top6
1,0.1254051640838093,0.2,0.036363636363636376,0.3333333333333333,0.21625249294688115,0.5,0.48186076616239004,0.9992852037169406,1.0,0.7200619772704759,instance,mutual_info_top6
1,0.07777777777777783,0.0,0.02352941176470591,0.25,0.09560279396233329,0.0,0.29455121847785415,0.9949964260185847,1.0,0.65070416406506,instance,mutual_info_top6
1,0.21972768833233947,0.2,0.20420420420420415,0.6666666666666666,0.09305949806378155,0.0,0.3596668880672763,0.997855611150822,1.0,1.0747520586287644,instance,mutual_info_top6
1,0.3388379204892966,0.6,0.15476190476190477,0.375,0.3965920354227658,0.0,0.4995001344919948,0.9992852037169406,1.0,0.7073981825733963,instance,mutual_info_top6
1,0.21972768833233947,0.0,0.20420420420420415,0.375,0.09170193294740275,0.0,0.40561716237540624,0.995711222301644,1.0,1.6378115254469552,instance,mutual_info_top6
1,0.13491933412429524,0.0,0.03977272727272729,0.3333333333333333,0.12281088954598507,0.0,0.40956233415256726,0.9928520371694067,1.0,0.7229254952426204,instance,mutual_info_top6
1,0.11737547447517238,0.0,0.03977272727272729,0.3333333333333333,0.16058439117802886,0.0,0.42297202934757205,0.9964260185847034,1.0,0.9296621588713554,instance,mutual_info_top6
1,0.22545219638242886,0.4,0.20420420420420415,1.0,0.09473961126030572,1.0,0.5594362898373382,1.0,1.0,0.9018064575700532,instance,mutual_info_top6
1,0.21972768833233947,0.4,0.20420420420420415,0.375,0.09234625919871242,0.0,0.35147340780061154,0.9992852037169406,1.0,1.335208328028608,instance,mutual_info_top6
1,0.09561525271495064,0.0,0.036363636363636376,0.3333333333333333,0.14307008115072345,0.0,0.19138222262509952,0.958541815582559,1.0,1.1441809278565447,instance,mutual_info_top6
1,0.1507088078085057,0.2,0.036363636363636376,0.3333333333333333,0.12336458500515446,0.0,0.4946808136131,0.9992852037169406,1.0,1.0985948359181892,instance,mutual_info_top6
1,0.09976413844278376,0.0,0.036363636363636376,0.3333333333333333,0.13413033852759654,0.0,0.28002098012389753,0.9892780557541101,1.0,0.45572158481603364,instance,mutual_info_top6
1,0.022222222222222143,0.0,0.03977272727272729,0.4166666666666667,0.09019707438456503,0.0,0.45697839992807243,0.9942816297355254,1.0,1.6808254473405153,instance,mutual_info_top6
1,0.18601190476190477,0.4,0.6923076923076923,0.25,0.10750408427797142,0.0,0.4075256670527775,0.997855611150822,1.0,0.47791045248621383,instance,mutual_info_top6
1,0.15133116279979264,0.4,0.32352941176470584,0.4166666666666667,0.421462428672039,0.3333333333333333,0.6344446136578821,1.0,1.0,0.5777146511302744,instance,mutual_info_top6
1,0.1507088078085057,0.2,0.036363636363636376,0.3333333333333333,0.15555330392818945,0.0,0.39136264849612834,0.9971408148677627,1.0,1.068652300133791,instance,mutual_info_top6
1,0.2119372234058533,0.4,0.32352941176470584,0.375,0.2981331057442532,0.3333333333333333,0.5751080112895854,1.0,1.0,0.4389957739081954,instance,mutual_info_top6
1,0.09561525271495064,0.0,0.036363636363636376,0.3333333333333333,0.10043008756472521,0.0,0.3304114972816732,0.9735525375268048,1.0,1.3293812388477737,instance,mutual_info_top6
1,0.26146963168408366,0.0,0.2954545454545454,0.4583333333333333,0.5099881116042844,0.0,0.3743503059653922,0.9964260185847034,1.0,0.20126122388368564,instance,mutual_info_top6
1,0.007440476190476275,0.0,0.036363636363636376,0.3333333333333333,0.09679738823108258,0.0,0.19340898778290672,0.9463902787705504,1.0,1.5732055835703207,instance,mutual_info_top6
1,0.323182707889054,0.4,0.20420420420420415,0.5833333333333334,0.10575500152392225,0.5,0.5665227536003601,1.0,1.0,0.5345256341228105,instance,mutual_info_top6
1,0.007440476190476275,0.0,0.6923076923076923,0.2916666666666667,0.15356234355575626,0.0,0.32639199029913957,0.9764117226590422,1.0,0.2891780100451647,instance,mutual_info_top6
1,0.022222222222222143,0.0,0.036363636363636376,0.3333333333333333,0.08957509486011661,0.0,0.3519379301097486,0.9764117226590422,1.0,2.160924463605505,instance,mutual_info_top6
1,0.28466449613312605,0.0,0.03977272727272729,0.375,0.28846858275600773,0.0,0.395841497599998,0.9964260185847034,1.0,0.41319250952941006,instance,mutual_info_top6
1,0.019345238095238138,0.0,0.036363636363636376,0.3333333333333333,0.09550014823011344,0.0,0.41368958450640925,0.9942816297355254,1.0,0.8440032235861843,instance,mutual_info_top6
1,0.044782608695652204,0.0,0.036363636363636376,0.3333333333333333,0.1025438896052151,0.0,0.3484740184866717,0.9849892780557541,1.0,1.2562464884758442,instance,mutual_info_top6
1,0.15133116279979264,0.2,0.036363636363636376,0.3333333333333333,0.41020921874646754,0.0,0.4175099800440675,0.9985704074338814,1.0,0.7413951338547912,instance,mutual_info_top6
1,0.09976413844278376,0.0,0.036363636363636376,0.3333333333333333,0.15852037682114178,0.0,0.3366275972822642,0.9606862044317369,1.0,0.852668085886776,instance,mutual_info_top6
1,0.022222222222222143,0.0,0.02352941176470591,0.25,0.09288753364225105,0.0,0.409129994601356,0.9878484631879915,1.0,1.1531030061783252,instance,mutual_info_top6
1,0.007440476190476275,0.0,0.036363636363636376,0.4583333333333333,0.19276286637322115,0.0,0.18897568769614792,0.9471050750536097,1.0,1.0159594087530042,instance,mutual_info_top6
1,0.1781159420289855,0.4,0.03977272727272729,0.3333333333333333,0.09551985971143917,0.3333333333333333,0.47238986735689437,0.9992852037169406,1.0,1.0290688424057362,instance,mutual_info_top6
1,0.09976413844278376,0.0,0.02352941176470591,0.25,0.2850840461151473,0.0,0.38917295669208607,0.9949964260185847,1.0,0.31009164964531055,instance,mutual_info_top6
1,0.2081683999215631,0.0,0.03977272727272729,0.3333333333333333,0.15220702201202752,0.0,0.27757942949183745,0.9842744817726948,1.0,0.6286788501776659,instance,mutual_info_top6
1,0.06043729372937301,0.0,0.036363636363636376,0.3333333333333333,0.09026931014600742,0.0,0.3368813778822627,0.9964260185847034,1.0,2.2525079879897194,instance,mutual_info_top6
1,0.09561525271495064,0.0,0.036363636363636376,0.3333333333333333,0.12105746093386494,0.0,0.29172828147431995,0.9728377412437456,1.0,0.8400646858030903,instance,mutual_info_top6
1,0.1436955284018745,0.0,0.036363636363636376,0.3333333333333333,0.09307920476818704,0.0,0.35213283588632904,0.9928520371694067,1.0,0.9623451340198957,instance,mutual_info_top6
1,0.007440476190476275,0.0,0.036363636363636376,0.3333333333333333,0.1046488171107543,0.0,0.2466080570646938,0.9857040743388135,1.0,0.8593493232818569,instance,mutual_info_top6
1,0.022222222222222143,0.0,0.03977272727272729,0.4583333333333333,0.0993654034526914,0.0,0.43961585624408683,0.9949964260185847,1.0,1.2232368905501245,instance,mutual_info_top6
1,0.37448503158472946,0.2,0.03977272727272729,0.3333333333333333,0.11118997832709265,0.0,0.48123749653667014,0.9992852037169406,1.0,0.4954870586241087,instance,mutual_info_top6
1,0.007440476190476275,0.0,0.036363636363636376,0.5416666666666666,0.10226634194202494,0.0,0.36526767082450495,0.995711222301644,1.0,0.9732194584812426,instance,mutual_info_top6
1,0.08478260869565213,0.0,0.03977272727272729,0.3333333333333333,0.09076347002006024,0.0,0.4018879799444224,0.9942816297355254,1.0,1.747557252922118,instance,mutual_info_top6
1,0.019345238095238138,0.0,0.20420420420420415,0.5416666666666666,0.0933479784366506,0.0,0.2717187449427827,0.9907076483202287,1.0,1.144116571304734,instance,mutual_info_top6
1,0.15133116279979264,0.2,0.03977272727272729,0.4166666666666667,0.23360634766941846,0.0,0.3642471530026431,0.997855611150822,1.0,0.7491397361662465,instance,mutual_info_top6
1,0.1517165005537099,0.0,0.02352941176470591,0.25,0.37192342932196587,0.0,0.27037691246006,0.9471050750536097,1.0,0.09045255669773826,instance,mutual_info_top6
1,0.12754191622056144,0.0,0.036363636363636376,0.3333333333333333,0.16428928761695344,0.0,0.30607854300339943,0.9807005003573981,1.0,0.6020712406647982,instance,mutual_info_top6
1,0.007440476190476275,0.0,0.036363636363636376,0.3333333333333333,0.11022839328224615,0.0,0.21258188947679646,0.9635453895639743,1.0,1.3696295274911594,instance,mutual_info_top6
1,0.007440476190476275,0.0,0.036363636363636376,0.3333333333333333,0.09109810920453404,0.0,0.38301818105088337,0.9828448892065761,1.0,1.6451777073269056,instance,mutual_info_top6
1,0.02390138154027044,0.0,0.036363636363636376,0.3333333333333333,0.09563996300884103,0.0,0.23736703556656435,0.9642601858470335,1.0,1.0897249181628614,instance,mutual_info_top6
1,0.15133116279979264,0.4,0.036363636363636376,0.3333333333333333,0.3746065343960817,0.0,0.39384387791387443,0.9985704074338814,1.0,0.8676189708924097,instance,mutual_info_top6
1,0.1517165005537099,0.0,0.02352941176470591,0.25,0.5511792513803588,0.0,0.3241290232760511,0.9807005003573981,1.0,0.27780270564706394,instance,mutual_info_top6
1,0.11737547447517238,0.2,0.03977272727272729,0.3333333333333333,0.1267696244489761,0.0,0.3787136383714551,0.9971408148677627,1.0,0.9153353268291936,instance,mutual_info_top6
1,0.007440476190476275,0.0,0.036363636363636376,0.4583333333333333,0.1764328298224767,0.0,0.17974732422742112,0.9399571122230165,1.0,1.0538601822886469,instance,mutual_info_top6
1,0.06043729372937301,0.0,0.20420420420420415,0.375,0.09074216941325047,0.0,0.3043310004247375,0.9899928520371694,1.0,1.7583810753203004,instance,mutual_info_top6
1,0.13491933412429524,0.0,0.036363636363636376,0.3333333333333333,0.13896471411584332,0.0,0.33349642199450413,0.9907076483202287,1.0,0.7537974333603689,instance,mutual_info_top6
1,0.14163029552906437,0.4,0.20420420420420415,0.7916666666666666,0.09187628824387001,0.0,0.4623747921660796,0.9985704074338814,1.0,1.3947799717791598,instance,mutual_info_top6
1,0.09976413844278376,0.0,0.036363636363636376,0.3333333333333333,0.16676401860778733,0.0,0.3756052793540915,0.9814152966404575,1.0,0.7185379076403589,instance,mutual_info_top6
1,0.007440476190476275,0.0,0.036363636363636376,0.5416666666666666,0.09093735583310503,0.0,0.3156572204901381,0.9614010007147963,1.0,1.9035204770855128,instance,mutual_info_top6
1,0.09976413844278376,0.0,0.036363636363636376,0.3333333333333333,0.14681680653103663,0.0,0.29126552528877303,0.954253037884203,1.0,0.5726975581381023,instance,mutual_info_top6
1,0.15133116279979264,0.0,0.15476190476190477,0.5,0.49323511259391184,0.0,0.3428440182591933,0.995711222301644,1.0,0.4950685920394253,instance,mutual_info_top6
1,0.007440476190476275,0.0,0.036363636363636376,0.3333333333333333,0.09109704967485843,0.0,0.21211483467170222,0.9649749821300929,1.0,1.7443093328377512,instance,mutual_info_top6
1,0.044782608695652204,0.0,0.03977272727272729,0.3333333333333333,0.09658148202458638,0.0,0.40507615993912316,0.9885632594710507,1.0,1.3556176635347155,instance,mutual_info_top6
1,0.2715655932994375,0.6,0.6923076923076923,0.3333333333333333,0.13481102718704052,1.0,0.7280741827432302,1.0,1.0,0.19702665328491356,instance,mutual_info_top6
1,0.18959528843249773,0.2,0.036363636363636376,0.4583333333333333,0.5153508282073952,0.25,0.5410410404909021,1.0,1.0,0.8990921609507954,instance,mutual_info_top6
1,0.09976413844278376,0.0,0.02352941176470591,0.25,0.23324273696115966,0.0,0.3314920500563764,0.9899928520371694,1.0,0.46324813957370725,instance,mutual_info_top6
1,0.022222222222222143,0.0,0.03977272727272729,0.3333333333333333,0.10040913742413204,0.0,0.36867719591670056,0.9921372408863474,1.0,1.33625381976926,instance,mutual_info_top6
1,0.018115942028985477,0.0,0.20420420420420415,0.375,0.09224493406633466,0.0,0.261938471667551,0.9921372408863474,0.8333333333333334,1.5038429800816062,instance,mutual_info_top6
1,0.09976413844278376,0.0,0.036363636363636376,0.3333333333333333,0.2142593548294226,0.0,0.38257283208794324,0.9814152966404575,1.0,0.7261587015614769,instance,mutual_info_top6
1,0.0,0.0,0.15476190476190477,0.375,0.08953182022195644,0.0,0.32231035246232975,0.9892780557541101,0.8333333333333334,10.79874863334203,instance,mutual_info_top6
1,0.02390138154027044,0.0,0.036363636363636376,0.3333333333333333,0.09341063276001271,0.0,0.3529780749151248,0.9942816297355254,1.0,1.205615633865269,instance,mutual_info_top6
1,0.15261284436600764,0.0,0.03977272727272729,0.4166666666666667,0.12388817229528115,0.0,0.4289316752468646,0.9907076483202287,1.0,0.8407919208734193,instance,mutual_info_top6
1,0.2576064762111274,0.4,0.20420420420420415,0.6666666666666666,0.09478265752265652,0.5,0.5199193935157259,1.0,1.0,0.9720683548132647,instance,mutual_info_top6
1,0.17849284928492848,0.2,0.036363636363636376,0.375,0.09079846533203373,0.5,0.5277361875452644,1.0,1.0,1.799948848825736,instance,mutual_info_top6
1,0.007440476190476275,0.0,0.02352941176470591,0.25,0.148339310802731,0.0,0.17724962580355585,0.947819871336669,1.0,0.6886649639341158,instance,mutual_info_top6
1,0.022222222222222143,0.4,0.03977272727272729,0.4166666666666667,0.09046806256283252,1.0,0.5112389700240485,1.0,1.0,1.074877070803703,instance,mutual_info_top6
1,0.20781836491806283,0.2,0.03977272727272729,0.3333333333333333,0.11970767793075254,0.0,0.4806026921246761,0.997855611150822,1.0,0.7633754834759784,instance,mutual_info_top6
1,0.007440476190476275,0.0,0.036363636363636376,0.5416666666666666,0.09382172281705109,0.0,0.28651511957029463,0.954253037884203,1.0,1.5692218901726933,instance,mutual_info_top6
1,0.09976413844278376,0.0,0.02352941176470591,0.25,0.2317740928442556,0.0,0.4404869541345584,0.9892780557541101,1.0,0.28550390665987224,instance,mutual_info_top6
1,0.21972768833233947,0.2,0.20420420420420415,0.5416666666666666,0.09425098332768689,0.0,0.4220425834246804,0.997855611150822,1.0,0.9931077860034854,instance,mutual_info_top6
1,0.526985317758011,0.2,0.2954545454545454,0.4583333333333333,0.6398163097023306,0.3333333333333333,0.4329906274444708,0.9985704074338814,1.0,0.1194733966306308,instance,mutual_info_top6
1,0.6800143910775319,0.0,0.15476190476190477,0.5,0.453098682605645,0.0,0.3233003345407649,0.995711222301644,1.0,0.44979875360427174,instance,mutual_info_top6
1,0.2576064762111274,0.0,0.20420420420420415,0.9583333333333334,0.09470541803407617,0.0,0.40537700872121385,0.9964260185847034,1.0,0.9507145863690262,instance,mutual_info_top6
1,0.044782608695652204,0.2,0.03977272727272729,0.3333333333333333,0.10292303316153928,0.0,0.26430736258289733,0.997855611150822,1.0,1.3081545573395177,instance,mutual_info_top6
1,0.019345238095238138,0.0,0.036363636363636376,0.3333333333333333,0.09203878330368498,0.0,0.2108450112378104,0.9771265189421015,1.0,1.3173311409712338,instance,mutual_info_top6
1,0.022222222222222143,0.0,0.02352941176470591,0.25,0.08981514971060378,0.0,0.23915925698580354,0.9942816297355254,1.0,1.6101766954318624,instance,mutual_info_top6
1,0.007440476190476275,0.0,0.036363636363636376,0.3333333333333333,0.09059980723981059,0.0,0.1551765329270831,0.9721229449606862,1.0,1.8827762162064825,instance,mutual_info_top6
1,0.022222222222222143,0.0,0.15476190476190477,0.375,0.09021850892813149,0.0,0.3010036540537714,0.9807005003573981,1.0,1.3122415965739629,instance,mutual_info_top6
1,0.24785093960410276,0.2,0.03977272727272729,0.3333333333333333,0.19220112552616664,0.5,0.5134389774676797,1.0,1.0,0.3634979682173474,instance,mutual_info_top6
1,0.1363943549990062,0.2,0.036363636363636376,0.4583333333333333,0.09116118749869173,0.2,0.44528786266645437,0.9985704074338814,1.0,1.5005060962323564,instance,mutual_info_top6
1,0.09561525271495064,0.0,0.036363636363636376,0.3333333333333333,0.1343484836774057,0.0,0.41574187941805507,0.9949964260185847,1.0,1.3505179608019766,instance,mutual_info_top6
1,0.13491933412429524,0.0,0.32352941176470584,0.375,0.16678123100893977,0.0,0.2592945679691484,0.9892780557541101,1.0,0.6289224410986572,instance,mutual_info_top6
1,0.12125627835597619,0.0,0.036363636363636376,0.3333333333333333,0.10691165219066623,0.0,0.3684861035748044,0.9871336669049321,1.0,0.9521277166995569,instance,mutual_info_top6
1,0.12125627835597619,0.2,0.036363636363636376,0.3333333333333333,0.1069807531733753,0.3333333333333333,0.47623772799537223,0.9992852037169406,1.0,0.755678375053396,instance,mutual_info_top6
1,0.19299782946645927,0.0,0.03977272727272729,0.3333333333333333,0.1774740573930344,0.0,0.37274939382546857,0.9878484631879915,1.0,0.7638102974392472,instance,mutual_info_top6
1,0.15261284436600764,0.0,0.036363636363636376,0.3333333333333333,0.095594102106285,0.0,0.41362695409003236,0.9935668334524661,1.0,1.1543088908471415,instance,mutual_info_top6
1,0.019345238095238138,0.0,0.036363636363636376,0.3333333333333333,0.0970591247341207,0.0,0.37858980748201154,0.9914224446032881,1.0,0.8840545143717919,instance,mutual_info_top6
1,0.1507088078085057,0.0,0.036363636363636376,0.5,0.15764702855888685,0.0,0.35997945032791934,0.9928520371694067,1.0,0.8139692399512596,instance,mutual_info_top6
1,0.19933554817275745,0.2,0.02352941176470591,0.25,0.6739609326661213,0.3333333333333333,0.4942102528481911,0.9992852037169406,1.0,0.39961217589212494,instance,mutual_info_top6
1,0.044782608695652204,0.0,0.03977272727272729,0.3333333333333333,0.10577385518192406,0.0,0.38685688581063127,0.9828448892065761,1.0,1.0331863005497584,instance,mutual_info_top6
1,0.19925108395743008,0.4,0.20420420420420415,0.3333333333333333,0.10069868606191462,0.25,0.4583646671361695,0.9992852037169406,1.0,0.7691223412139836,instance,mutual_info_top6
1,0.09561525271495064,0.0,0.036363636363636376,0.3333333333333333,0.10654422717080159,0.0,0.2722712431671591,0.9535382416011436,1.0,1.2203555480637758,instance,mutual_info_top6
1,0.21972768833233947,0.2,0.20420420420420415,0.375,0.09370929165661712,0.0,0.4341644392428604,0.9992852037169406,1.0,1.0544935728334393,instance,mutual_info_top6
1,0.26146963168408366,0.0,0.02352941176470591,0.25,0.2616501668345136,0.0,0.3923014489106813,0.995711222301644,1.0,0.3155882587283098,instance,mutual_info_top6
1,0.3007063995436088,0.2,0.036363636363636376,0.3333333333333333,0.4009127988779704,0.0,0.3217484279008582,0.9985704074338814,1.0,0.774540051068341,instance,mutual_info_top6
1,0.007440476190476275,0.0,0.036363636363636376,0.3333333333333333,0.13174616810806244,0.0,0.370888136245188,0.9749821300929236,1.0,0.7212228335159117,instance,mutual_info_top6
1,0.007440476190476275,0.0,0.036363636363636376,0.3333333333333333,0.0938919937088995,0.0,0.2662048638903063,0.9678341672623303,1.0,1.5422659314137819,instance,mutual_info_top6
1,0.17849284928492848,0.2,0.036363636363636376,0.375,0.09065307689821483,0.0,0.46654524511688844,0.9985704074338814,1.0,2.0622044015584917,instance,mutual_info_top6
1,0.044782608695652204,0.0,0.036363636363636376,0.4583333333333333,0.09943316206456887,0.0,0.3711534180693622,0.9792709077912795,1.0,1.3644545895520659,instance,mutual_info_top6
1,0.1517165005537099,0.0,0.02352941176470591,0.25,0.4995600905354236,0.0,0.38468708249726724,0.9792709077912795,1.0,0.0810619838080279,instance,mutual_info_top6
1,0.022222222222222143,0.0,0.02352941176470591,0.25,0.09165391654683808,0.0,0.38661082731291585,0.995711222301644,1.0,1.6299455951146642,instance,mutual_info_top6
1,0.018115942028985477,0.2,0.03977272727272729,0.3333333333333333,0.09725427018740673,0.3333333333333333,0.47871110416618967,0.9992852037169406,1.0,1.2527226670593965,instance,mutual_info_top6
1,0.15133116279979264,0.0,0.03977272727272729,0.3333333333333333,0.3076055799329419,0.0,0.3908883273773087,0.9964260185847034,1.0,0.7127965655546312,instance,mutual_info_top6
1,0.007440476190476275,0.0,0.036363636363636376,0.375,0.09234845495794852,0.0,0.42535651835324406,0.995711222301644,1.0,1.2328586015322942,instance,mutual_info_top6
1,0.07777777777777783,0.0,0.15476190476190477,0.375,0.105814442122238,0.0,0.3582489265448472,0.9864188706218727,1.0,0.7668799371870877,instance,mutual_info_top6
1,0.2081683999215631,0.0,0.036363636363636376,0.3333333333333333,0.11989492722757161,0.0,0.3532648996257727,0.9885632594710507,1.0,0.7350506417604323,instance,mutual_info_top6
1,0.007440476190476275,0.0,0.036363636363636376,0.5416666666666666,0.09242261473137986,0.0,0.29236435602662914,0.9606862044317369,1.0,1.326167040131508,instance,mutual_info_top6
1,0.007440476190476275,0.0,0.036363636363636376,0.3333333333333333,0.09191713643267974,0.0,0.3293788759766414,0.9899928520371694,1.0,1.301473850142731,instance,mutual_info_top6
1,0.06043729372937301,0.0,0.20420420420420415,0.375,0.09090778075607586,0.0,0.3595413105054762,0.995711222301644,1.0,1.6866013389447216,instance,mutual_info_top6
1,0.09561525271495064,0.0,0.036363636363636376,0.3333333333333333,0.10944401779208912,0.0,0.3539970546469401,0.9592566118656183,1.0,1.202648455298729,instance,mutual_info_top6
1,0.0,0.2,0.15476190476190477,0.375,0.08953182858377257,0.0,0.42027301078698,0.9971408148677627,1.0,1.7479938227526224,instance,mutual_info_top6
1,0.32165114107658566,0.4,0.32352941176470584,0.375,0.5998384148325914,1.0,0.5672572464485719,1.0,1.0,0.42702370316016613,instance,mutual_info_top6
1,0.26146963168408366,0.0,0.02352941176470591,0.25,0.14430879180072048,0.0,0.37907461477805326,0.995711222301644,1.0,0.7550136861713257,instance,mutual_info_top6
1,0.12754191622056144,0.2,0.036363636363636376,0.3333333333333333,0.19109191481813947,0.0,0.4753085278808148,0.9971408148677627,1.0,0.3216228148082938,instance,mutual_info_top6
1,0.2715655932994375,0.4,0.036363636363636376,0.3333333333333333,0.11567386565989013,0.5,0.46904169549955466,0.9992852037169406,1.0,0.35474314985550437,instance,mutual_info_top6
1,0.15261284436600764,0.0,0.036363636363636376,0.3333333333333333,0.09399444600499285,0.0,0.3532596717784696,0.9621157969978557,1.0,1.4449682015380119,instance,mutual_info_top6
1,0.09976413844278376,0.0,0.02352941176470591,0.25,0.2318631815534813,0.0,0.30090942274877097,0.9228020014295926,1.0,0.692806525247386,instance,mutual_info_top6
1,0.21972768833233947,0.4,0.20420420420420415,0.6666666666666666,0.09589005827222274,0.25,0.4833989532610239,0.997855611150822,1.0,0.9020119550212683,instance,mutual_info_top6
1,0.41714859931914194,0.4,0.03977272727272729,0.3333333333333333,0.2438164451616472,1.0,0.5682553043746386,1.0,1.0,1.1088043931466192,instance,mutual_info_top6
1,0.09674681753889669,0.2,0.036363636363636376,0.375,0.09080480818388853,0.0,0.4435643611095137,0.997855611150822,1.0,1.8872411541735736,instance,mutual_info_top6
1,0.1363943549990062,0.0,0.20420420420420415,0.375,0.09134652574521596,0.0,0.41457257085466837,0.9949964260185847,1.0,1.507432887845141,instance,mutual_info_top6
1,0.018115942028985477,0.0,0.03977272727272729,0.3333333333333333,0.08997229842229404,0.0,0.3653354460131718,0.995711222301644,1.0,1.4193107140553134,instance,mutual_info_top6
1,0.007440476190476275,0.0,0.036363636363636376,0.4583333333333333,0.11163425860093196,0.0,0.2851577161687485,0.9249463902787706,1.0,1.3582391892503525,instance,mutual_info_top6
1,0.15133116279979264,0.2,0.03977272727272729,0.4166666666666667,0.25400820543435465,0.0,0.3840244784415944,0.9985704074338814,1.0,0.7837578847081523,instance,mutual_info_top6
1,0.09561525271495064,0.0,0.036363636363636376,0.3333333333333333,0.12554462804985989,0.0,0.2138715184719866,0.9599714081486777,1.0,0.9638655884692029,instance,mutual_info_top6
1,0.018115942028985477,0.0,0.03977272727272729,0.3333333333333333,0.08961139762750292,0.0,0.30261062404496897,0.9799857040743388,1.0,1.9519232279673198,instance,mutual_info_top6
1,0.022222222222222143,0.0,0.03977272727272729,0.375,0.08958021754827261,0.0,0.3565240581904374,0.9864188706218727,1.0,1.7780746485183074,instance,mutual_info_top6
1,0.12125627835597619,0.2,0.036363636363636376,0.3333333333333333,0.10388575539805517,0.0,0.38586404249366,0.9971408148677627,1.0,0.9423546951482193,instance,mutual_info_top6
1,0.2105400299654745,0.0,0.02352941176470591,0.25,0.49225385076159334,0.0,0.290111693714298,0.9935668334524661,1.0,0.7187770211482868,instance,mutual_info_top6
1,0.19299782946645927,0.2,0.03977272727272729,0.3333333333333333,0.1718511175733794,0.0,0.4892430396994505,0.9992852037169406,1.0,0.535202943530415,instance,mutual_info_top6
1,0.0,0.0,0.15476190476190477,0.375,0.08953182022196471,0.0,0.3392115883351362,0.9928520371694067,1.0,2.997176763105005,instance,mutual_info_top6
1,0.15133116279979264,0.0,0.036363636363636376,0.3333333333333333,0.49882166116687,0.0,0.3412162232085353,0.9928520371694067,1.0,0.711577212491132,instance,mutual_info_top6
1,0.044782608695652204,0.0,0.03977272727272729,0.3333333333333333,0.09743952296788405,0.0,0.3341233266219974,0.9871336669049321,1.0,1.2684570533046071,instance,mutual_info_top6
1,0.0940112479100167,0.2,0.20420420420420415,0.375,0.09094628874908517,0.0,0.2831554406174358,0.9971408148677627,0.8333333333333334,1.8749205264025932,instance,mutual_info_top6
1,0.12811594202898557,0.4,0.036363636363636376,0.3333333333333333,0.09645638615301672,0.3333333333333333,0.5632194738257205,1.0,1.0,1.0168204933943756,instance,mutual_info_top6
1,0.25322997416020676,0.4,0.20420420420420415,0.4166666666666667,0.09712910902679184,0.5,0.5821562833875109,1.0,1.0,1.039571412367107,instance,mutual_info_top6
1,0.4603186510913443,0.6,0.2954545454545454,0.4583333333333333,0.6903901561701687,0.5,0.5729800221385744,1.0,1.0,0.1729328279646792,instance,mutual_info_top6
1,0.06043729372937301,0.0,0.036363636363636376,0.4583333333333333,0.0907323993159066,0.0,0.40326552533050075,0.995711222301644,1.0,1.7529091952107345,instance,mutual_info_top6
1,0.2715655932994375,0.2,0.036363636363636376,0.3333333333333333,0.12191879743257583,1.0,0.5645913479924991,1.0,1.0,0.4389232851806463,instance,mutual_info_top6
1,0.2715655932994375,0.2,0.03977272727272729,0.4166666666666667,0.14110038864541286,0.25,0.49164287668611606,0.9992852037169406,1.0,0.4109137103254219,instance,mutual_info_top6
1,0.07664099743307673,0.0,0.20420420420420415,0.4166666666666667,0.09146377881286788,0.0,0.3857459244228266,0.9942816297355254,0.8333333333333334,1.8782282535673627,instance,mutual_info_top6
1,0.018115942028985477,0.0,0.03977272727272729,0.3333333333333333,0.09411299594367567,0.0,0.35430754140782106,0.9892780557541101,1.0,1.2307527264155242,instance,mutual_info_top6
1,0.13491933412429524,0.0,0.03977272727272729,0.3333333333333333,0.1613411599214426,0.0,0.3273681421892365,0.9878484631879915,1.0,0.6421660907519158,instance,mutual_info_top6
1,0.15133116279979264,0.6,0.15476190476190477,0.5,0.5507706339918521,1.0,0.549955449345241,1.0,1.0,0.5458812427247026,instance,mutual_info_top6
1,0.2081683999215631,0.0,0.036363636363636376,0.3333333333333333,0.11530146826827758,0.0,0.37510914479586355,0.9914224446032881,1.0,0.9099519021815459,instance,mutual_info_top6
1,0.15261284436600764,0.0,0.03977272727272729,0.375,0.10213056185406744,0.0,0.4098035999557025,0.9949964260185847,1.0,0.7649966366033566,instance,mutual_info_top6
1,0.15261284436600764,0.0,0.036363636363636376,0.3333333333333333,0.11085621031439274,0.0,0.3383638290858436,0.9892780557541101,1.0,0.9158803729098144,instance,mutual_info_top6
1,0.15261284436600764,0.0,0.03977272727272729,0.3333333333333333,0.10700729122843305,0.0,0.4202988038477128,0.9942816297355254,1.0,1.0494499905874666,instance,mutual_info_top6
1,0.044782608695652204,0.0,0.036363636363636376,0.3333333333333333,0.09335861178047145,0.0,0.31709188323092874,0.9342387419585418,1.0,1.6215397934535232,instance,mutual_info_top6
1,0.007440476190476275,0.0,0.036363636363636376,0.3333333333333333,0.09186640923097494,0.0,0.31260435207264725,0.9828448892065761,1.0,1.3627991886818627,instance,mutual_info_top6
1,0.19933554817275745,0.8,0.02352941176470591,0.25,0.6012372895906684,0.3333333333333333,0.5627814165406716,1.0,1.0,0.7051661506304302,instance,mutual_info_top6
1,0.018115942028985477,0.0,0.03977272727272729,0.3333333333333333,0.09066113933470588,0.0,0.23047507243301668,0.9949964260185847,1.0,1.847268767642502,instance,mutual_info_top6
1,0.022222222222222143,0.0,0.15476190476190477,0.375,0.08976574505434465,0.0,0.21666738918213846,0.9885632594710507,1.0,1.6659049638664154,instance,mutual_info_top6
1,0.17806102166567284,0.2,0.036363636363636376,0.3333333333333333,0.09295335679650929,0.0,0.3584888038089351,0.9985704074338814,1.0,1.1955309104934109,instance,mutual_info_top6
1,0.3787084504422946,0.4,0.6923076923076923,0.25,0.11375900133069672,0.3333333333333333,0.44442188498664703,0.9992852037169406,1.0,0.3101405606426585,instance,mutual_info_top6
1,0.044782608695652204,0.0,0.036363636363636376,0.3333333333333333,0.09308024672353182,0.0,0.3134582761078962,0.9506790564689064,1.0,1.5111006237358393,instance,mutual_info_top6
1,0.15261284436600764,0.0,0.20420420420420415,0.2916666666666667,0.10141103896321813,0.0,0.3574897140839658,0.995711222301644,1.0,0.9256988886343599,instance,mutual_info_top6
1,0.37270415487469755,0.0,0.03977272727272729,0.3333333333333333,0.44590495628180127,0.0,0.28058638387292767,0.9928520371694067,1.0,0.7394529895959274,instance,mutual_info_top6
1,0.07777777777777783,0.2,0.15476190476190477,0.375,0.45904233143636497,0.0,0.40496600946245886,0.9985704074338814,1.0,0.6484094251790548,instance,mutual_info_top6
1,0.07777777777777783,0.8,0.15476190476190477,0.4583333333333333,0.10162074901204532,1.0,0.6718719268962807,1.0,1.0,0.11224699714638157,instance,mutual_info_top6
1,0.22545219638242886,0.6,0.20420420420420415,0.9583333333333334,0.09591055603776627,0.5,0.5311095337972991,1.0,1.0,0.9988877363143204,instance,mutual_info_top6
1,0.02390138154027044,0.0,0.036363636363636376,0.3333333333333333,0.09298508674415445,0.0,0.3335731880551538,0.9792709077912795,1.0,1.2483082553074152,instance,mutual_info_top6
1,0.09976413844278376,0.0,0.02352941176470591,0.25,0.38310520689656125,0.0,0.17867954328263358,0.9778413152251608,1.0,0.25951222711056254,instance,mutual_info_top6
1,0.1436955284018745,0.0,0.036363636363636376,0.375,0.09262062301350565,0.0,0.2340954938455927,0.9907076483202287,1.0,1.0256110294334757,instance,mutual_info_top6
1,0.1517165005537099,0.0,0.02352941176470591,0.25,0.1852504383296208,0.0,0.24622219897328657,0.9628305932809149,1.0,0.38156277544168843,instance,mutual_info_top6
1,0.13491933412429524,0.0,0.036363636363636376,0.3333333333333333,0.13550980444735716,0.0,0.40208193881589005,0.9949964260185847,1.0,0.7679311849775168,instance,mutual_info_top6
1,0.007440476190476275,0.0,0.036363636363636376,0.3333333333333333,0.09430840801829582,0.0,0.25486733458334654,0.9706933523945676,1.0,1.522543863408509,instance,mutual_info_top6
1,0.044782608695652204,0.0,0.036363636363636376,0.3333333333333333,0.0967637682308351,0.0,0.32125375798756606,0.9964260185847034,1.0,1.3131776959759394,instance,mutual_info_top6
1,0.11737547447517238,0.0,0.03977272727272729,0.3333333333333333,0.13904441833328318,0.0,0.3505945898143109,0.9935668334524661,1.0,1.0634193486242138,instance,mutual_info_top6
1,0.15261284436600764,0.0,0.03977272727272729,0.3333333333333333,0.13814766775820164,0.0,0.36076736666270526,0.9756969263759828,1.0,0.8953912261783395,instance,mutual_info_top6
1,0.1217890256877946,0.2,0.20420420420420415,0.5,0.09154746396940044,0.5,0.4748703234412722,0.997855611150822,1.0,1.4259428497398319,instance,mutual_info_top6
1,0.007440476190476275,0.0,0.02352941176470591,0.25,0.2144300244804328,0.0,0.10015568446039036,0.9385275196568977,1.0,0.44174608863765435,instance,mutual_info_top6
1,0.022222222222222143,0.4,0.02352941176470591,0.25,0.08954630298427046,0.0,0.4941358908894318,0.9992852037169406,1.0,2.0753176658996364,instance,mutual_info_top6
1,0.007440476190476275,0.0,0.6923076923076923,0.25,0.12055840385235655,0.0,0.3419164248368962,0.9864188706218727,1.0,0.48115464063282665,instance,mutual_info_top6
1,0.5171617992614972,1.0,0.6923076923076923,0.375,0.09323962490211957,1.0,0.6632684734565164,1.0,1.0,0.7382442200728476,instance,mutual_info_top6
1,0.007440476190476275,0.0,0.036363636363636376,0.3333333333333333,0.10772771725675051,0.0,0.23823369650119286,0.9807005003573981,1.0,1.2070400083497272,instance,mutual_info_top6
1,0.018115942028985477,0.0,0.03977272727272729,0.3333333333333333,0.09133069527384252,0.0,0.21666621487376114,0.9871336669049321,1.0,1.7997911685871357,instance,mutual_info_top6
1,0.007440476190476275,0.0,0.036363636363636376,0.3333333333333333,0.09876039311351936,0.0,0.22648113791942892,0.9621157969978557,1.0,1.4103270486657025,instance,mutual_info_top6
1,0.41714859931914194,0.2,0.32352941176470584,0.4166666666666667,0.27103852195878986,1.0,0.5458299444290651,1.0,1.0,1.226157602968481,instance,mutual_info_top6
1,0.022222222222222143,0.0,0.03977272727272729,0.4166666666666667,0.08954138224846864,0.0,0.398369049170733,0.995711222301644,1.0,1.9813336169872888,instance,mutual_info_top6
1,0.019345238095238138,0.0,0.036363636363636376,0.375,0.09305828324312948,0.0,0.37508320372429005,0.9907076483202287,1.0,1.1787036335359815,instance,mutual_info_top6
1,0.044782608695652204,0.2,0.036363636363636376,0.3333333333333333,0.09225507139688238,0.0,0.4339776964299117,0.997855611150822,1.0,1.4293965038581509,instance,mutual_info_top6
1,0.007440476190476275,0.0,0.036363636363636376,0.3333333333333333,0.09229429512168297,0.0,0.35067284367218055,0.9892780557541101,1.0,1.3689817522264445,instance,mutual_info_top6
1,0.022222222222222143,0.4,0.15476190476190477,0.375,0.0896022169311439,0.0,0.34079821017027645,0.9992852037169406,1.0,1.2111751258339007,instance,mutual_info_top6
1,0.3104466592838686,0.2,0.03977272727272729,0.3333333333333333,0.11225974207486111,0.0,0.46828060264758087,0.997855611150822,1.0,1.6922460325286022,instance,mutual_info_top6
1,0.0,0.0,0.15476190476190477,0.375,0.08953182022195644,0.0,0.20556379678865655,0.9857040743388135,0.8333333333333334,6.969238202651239,instance,mutual_info_top6
1,0.007440476190476275,0.0,0.036363636363636376,0.3333333333333333,0.09827355781481772,0.0,0.3717779765002892,0.9914224446032881,1.0,0.7897471326395084,instance,mutual_info_top6
1,0.007440476190476275,0.0,0.02352941176470591,0.25,0.11545819242948718,0.0,0.2925711435224161,0.9628305932809149,1.0,0.8478507972304549,instance,mutual_info_top6
1,0.09976413844278376,0.0,0.036363636363636376,0.3333333333333333,0.15254970791031186,0.0,0.1932942582130659,0.90421729807005,1.0,0.875959305113229,instance,mutual_info_top6
1,0.2179978294664594,0.2,0.02352941176470591,0.25,0.5689270738029096,0.0,0.47271806114968407,0.997855611150822,1.0,0.2901455355227448,instance,mutual_info_top6
1,0.09976413844278376,0.0,0.036363636363636376,0.3333333333333333,0.19441203510207777,0.0,0.19826891475343467,0.9685489635453896,1.0,0.7534177542408699,instance,mutual_info_top6
1,0.007440476190476275,0.0,0.036363636363636376,0.3333333333333333,0.10802332297298217,0.0,0.31745956947732623,0.9649749821300929,1.0,1.0433324466971134,instance,mutual_info_top6
1,0.22526929700314124,0.0,0.036363636363636376,0.3333333333333333,0.1406168045826489,0.0,0.38915073175988835,0.9907076483202287,1.0,0.4721843159456109,instance,mutual_info_top6
1,0.17293103003072785,0.0,0.03977272727272729,0.3333333333333333,0.15713347534638322,0.0,0.32311379049309363,0.9935668334524661,1.0,0.7475485483618957,instance,mutual_info_top6
1,0.022222222222222143,0.2,0.15476190476190477,0.375,0.09099487300412673,0.0,0.38821389516742744,0.9971408148677627,1.0,1.0611510086110767,instance,mutual_info_top6
1,0.26146963168408366,0.0,0.15476190476190477,0.375,0.19139306259236788,0.0,0.3066106216535829,0.9928520371694067,1.0,0.6402883210922563,instance,mutual_info_top6
1,0.2715655932994375,0.2,0.02352941176470591,0.25,0.1679950463261234,0.0,0.4548563390092203,0.9985704074338814,1.0,0.10809139007521457,instance,mutual_info_top6
1,0.06556804820693707,0.0,0.036363636363636376,0.3333333333333333,0.09790751392246133,0.0,0.345665539148298,0.9949964260185847,1.0,1.08828266150744,instance,mutual_info_top6
1,0.26146963168408366,0.0,0.02352941176470591,0.25,0.25112767266068714,0.0,0.33582291191019364,0.9849892780557541,1.0,0.3882759661871471,instance,mutual_info_top6
1,0.09561525271495064,0.0,0.036363636363636376,0.3333333333333333,0.1080402174057834,0.0,0.3794921899775323,0.9864188706218727,1.0,1.0790573654043991,instance,mutual_info_top6
1,0.2179978294664594,0.0,0.03977272727272729,0.375,0.4778577548192049,0.0,0.3439398832041841,0.995711222301644,1.0,0.3836408766833326,instance,mutual_info_top6
1,0.3388379204892966,0.4,0.15476190476190477,0.375,0.6537403634638748,0.0,0.3847271086099947,0.9985704074338814,1.0,0.3882691747027644,instance,mutual_info_top6
1,0.09561525271495064,0.0,0.036363636363636376,0.3333333333333333,0.11697139310663118,0.0,0.25369201224712157,0.9742673338098642,1.0,1.0107181437835366,instance,mutual_info_top6
1,0.323182707889054,0.4,0.20420420420420415,0.9583333333333334,0.09828728883275567,0.3333333333333333,0.5968540492103029,1.0,1.0,0.7531129695109671,instance,mutual_info_top6
1,0.08478260869565213,0.2,0.03977272727272729,0.3333333333333333,0.09001593786021289,0.0,0.439544085330284,0.9992852037169406,1.0,1.575591091669444,instance,mutual_info_top6
1,0.26146963168408366,0.0,0.15476190476190477,0.5,0.40848377486683096,0.0,0.3862460093964959,0.9949964260185847,1.0,0.19054483216345838,instance,mutual_info_top6
1,0.13265228975198762,0.4,0.32352941176470584,0.5416666666666666,0.20409175195267337,0.5,0.45324152427402054,0.9992852037169406,1.0,0.7828398885232514,instance,mutual_info_top6
1,0.09976413844278376,0.0,0.036363636363636376,0.3333333333333333,0.1479819784031341,0.0,0.19393214381781454,0.9714081486776269,1.0,0.8950278488232539,instance,mutual_info_top6
1,0.2105400299654745,0.0,0.02352941176470591,0.25,0.4128622545442636,0.0,0.2578398745789341,0.9706933523945676,1.0,0.6162404591880829,instance,mutual_info_top6
1,0.21972768833233947,0.4,0.20420420420420415,0.375,0.09233501153489387,0.25,0.5089285033922162,1.0,1.0,1.327707380338173,instance,mutual_info_top6
1,0.15261284436600764,0.0,0.036363636363636376,0.3333333333333333,0.1415693490646529,0.0,0.4064143592018481,0.9842744817726948,1.0,0.8495550792712653,instance,mutual_info_top6
1,0.02390138154027044,0.0,0.036363636363636376,0.3333333333333333,0.09468103775031661,0.0,0.3456303548289169,0.9878484631879915,1.0,1.1640092004400633,instance,mutual_info_top6
1,0.007440476190476275,0.0,0.036363636363636376,0.3333333333333333,0.09072465242414535,0.0,0.2804807142181349,0.9664045746962115,1.0,1.624735382572287,instance,mutual_info_top6
1,0.2548989266327708,0.2,0.036363636363636376,0.3333333333333333,0.10089765296068742,0.5,0.5528384262158106,1.0,1.0,0.6916968636806019,instance,mutual_info_top6
1,0.09976413844278376,0.0,0.02352941176470591,0.25,0.2892830818566585,0.0,0.35038522728235133,0.9949964260185847,1.0,0.2238924609521015,instance,mutual_info_top6
1,0.09561525271495064,0.0,0.036363636363636376,0.4583333333333333,0.16455995489325803,0.0,0.18104334779278208,0.9421015010721945,1.0,0.7901201268984132,instance,mutual_info_top6
1,0.022222222222222143,0.0,0.02352941176470591,0.25,0.2695973776464201,0.0,0.37491608049499203,0.9949964260185847,1.0,1.1826307094788364,instance,mutual_info_top6
1,0.11737547447517238,0.0,0.03977272727272729,0.3333333333333333,0.11644620986247745,0.0,0.3755816487004995,0.9964260185847034,1.0,1.1856860238226898,instance,mutual_info_top6
1,0.1436955284018745,0.0,0.036363636363636376,0.375,0.09423445740623781,0.0,0.43011890670793074,0.995711222301644,1.0,0.8744455725991735,instance,mutual_info_top6
1,0.11737547447517238,0.2,0.03977272727272729,0.3333333333333333,0.10566589920762326,0.0,0.47404147164833876,0.997855611150822,1.0,1.5744905669065878,instance,mutual_info_top6
1,0.15261284436600764,0.0,0.03977272727272729,0.4166666666666667,0.10014960202768519,0.0,0.40606207431300034,0.9942816297355254,1.0,1.0313189215121878,instance,mutual_info_top6
1,0.40432677454122645,0.4,0.2954545454545454,0.4583333333333333,0.24981837604545876,0.3333333333333333,0.4357172955492912,0.997855611150822,1.0,0.12859248789841352,instance,mutual_info_top6
1,0.019345238095238138,0.0,0.036363636363636376,0.3333333333333333,0.0930428636085785,0.0,0.4492500810278255,0.995711222301644,1.0,1.08999036792434,instance,mutual_info_top6
1,0.21046842907308028,0.4,0.20420420420420415,0.375,0.09124880928888868,0.0,0.3640926659192347,0.997855611150822,1.0,1.4183496943493377,instance,mutual_info_top6
1,0.2359461776993409,0.0,0.036363636363636376,0.3333333333333333,0.10264516862494111,0.0,0.3727902273738323,0.9942816297355254,1.0,0.99296276585398,instance,mutual_info_top6
1,0.3060374882080308,0.2,0.03977272727272729,0.3333333333333333,0.4463959665366617,0.0,0.372745523545683,0.9971408148677627,1.0,0.9706502401885692,instance,mutual_info_top6
1,0.1421188630490956,0.2,0.20420420420420415,0.4166666666666667,0.09548028730737601,0.0,0.42050395210100566,0.9971408148677627,1.0,1.132312414754957,instance,mutual_info_top6
1,0.24369552840187447,0.2,0.036363636363636376,0.3333333333333333,0.09542190390877392,0.5,0.45742727431203256,0.9992852037169406,1.0,0.9277626679621712,instance,mutual_info_top6
1,0.0,0.0,0.15476190476190477,0.375,0.08953182022195644,0.0,0.3700621847039133,0.9942816297355254,0.8333333333333334,5.1419549304897965,instance,mutual_info_top6
1,0.15133116279979264,0.0,0.03977272727272729,0.4166666666666667,0.3380080197625519,0.0,0.39592727934572125,0.9935668334524661,1.0,0.6442664639124359,instance,mutual_info_top6
1,0.37448503158472946,0.0,0.03977272727272729,0.3333333333333333,0.14675260104556814,0.0,0.3966049887633336,0.9928520371694067,1.0,0.5818292999666917,instance,mutual_info_top6
1,0.018115942028985477,0.2,0.03977272727272729,0.3333333333333333,0.0961698235932773,0.0,0.34897739141548834,0.997855611150822,1.0,1.3743295114345695,instance,mutual_info_top6
1,0.14738318606183132,0.0,0.036363636363636376,0.4583333333333333,0.29667959571944413,0.0,0.3342808433540284,0.9899928520371694,1.0,0.644816222952189,instance,mutual_info_top6
1,0.2524782710829222,0.0,0.20420420420420415,0.6666666666666666,0.10813018154389431,0.0,0.35202789666368395,0.9949964260185847,1.0,0.613146514564439,instance,mutual_info_top6
1,0.007440476190476275,0.0,0.036363636363636376,0.375,0.09075325457168748,0.0,0.32371138051299075,0.9721229449606862,1.0,1.9469741085440488,instance,mutual_info_top6
1,0.007440476190476275,0.0,0.036363636363636376,0.3333333333333333,0.09038867638880543,0.0,0.28450622128728975,0.9628305932809149,1.0,1.9862065549086152,instance,mutual_info_top6
1,0.07777777777777783,0.0,0.02352941176470591,0.25,0.09026023538473255,0.0,0.39907571765385497,0.9942816297355254,1.0,1.0648595078343983,instance,mutual_info_top6
1,0.28466449613312605,0.0,0.02352941176470591,0.25,0.33617502442938096,0.0,0.4439181354358307,0.9942816297355254,1.0,0.3712057639681882,instance,mutual_info_top6
1,0.12754191622056144,0.0,0.036363636363636376,0.3333333333333333,0.11596667056361765,0.0,0.3906731841786052,0.9735525375268048,1.0,0.7712504368427086,instance,mutual_info_top6
1,0.18959528843249773,0.0,0.036363636363636376,0.3333333333333333,0.19109982111978907,0.0,0.4377890019102747,0.995711222301644,1.0,1.3999086990664378,instance,mutual_info_top6
1,0.02390138154027044,0.0,0.036363636363636376,0.3333333333333333,0.1005800674506726,0.0,0.2507234281928086,0.9821300929235168,1.0,0.9005711588714701,instance,mutual_info_top6
1,0.18959528843249773,0.2,0.036363636363636376,0.3333333333333333,0.4852792108577742,0.0,0.471935615712063,0.9985704074338814,1.0,0.9764771329158931,instance,mutual_info_top6
1,0.018115942028985477,0.0,0.03977272727272729,0.3333333333333333,0.0935881161341291,0.0,0.37257930748,0.9899928520371694,1.0,1.9421841795504358,instance,mutual_info_top6
1,0.2105400299654745,0.2,0.9420289855072463,0.20833333333333334,0.5951304633744734,0.0,0.41674266409569005,0.9971408148677627,1.0,0.21675239595588824,instance,mutual_info_top6
1,0.6800143910775319,0.4,0.15476190476190477,0.5,0.4747700188088413,0.0,0.42347494771925753,0.997855611150822,1.0,0.20822087189828292,instance,mutual_info_top6
1,0.19299782946645927,0.4,0.03977272727272729,0.3333333333333333,0.1370911914945211,0.0,0.49153114041815826,0.9992852037169406,1.0,1.179091490098176,instance,mutual_info_top6
1,0.007440476190476275,0.0,0.02352941176470591,0.25,0.14742197115963673,0.0,0.2956884896591664,0.9714081486776269,1.0,0.490224038296267,instance,mutual_info_top6
1,0.37720669663214124,0.4,0.02352941176470591,0.25,0.6064198190555551,0.5,0.5160328145067801,1.0,1.0,0.6216914241656213,instance,mutual_info_top6
1,0.1517165005537099,0.0,0.02352941176470591,0.25,0.1900541318429504,0.0,0.297689363747765,0.9778413152251608,1.0,0.27425653883159284,instance,mutual_info_top6
1,0.09561525271495064,0.0,0.036363636363636376,0.4583333333333333,0.11401668615882404,0.0,0.2560912942540168,0.9828448892065761,1.0,0.7871809231041362,instance,mutual_info_top6
1,0.17806102166567284,0.0,0.036363636363636376,0.3333333333333333,0.09318839035743665,0.0,0.35934243234464125,0.9964260185847034,1.0,1.1893067493251224,instance,mutual_info_top6
1,0.018115942028985477,0.0,0.03977272727272729,0.3333333333333333,0.09400098520794076,0.0,0.24209898103184824,0.9949964260185847,1.0,1.6657627868408256,instance,mutual_info_top6
1,0.09976413844278376,0.0,0.036363636363636376,0.3333333333333333,0.14160039615452102,0.0,0.28935068759666505,0.9699785561115082,1.0,0.5898833839433433,instance,mutual_info_top6
1,0.2715655932994375,0.8,0.03977272727272729,0.375,0.15630213502319712,0.5,0.49514304221258176,0.9992852037169406,1.0,0.1349300206391531,instance,mutual_info_top6
1,0.24369552840187447,0.2,0.20420420420420415,0.625,0.09761729759202142,0.25,0.41654399759012006,0.9985704074338814,1.0,0.7271666475033364,instance,mutual_info_top6
1,0.2716604634136265,0.2,0.03977272727272729,0.3333333333333333,0.13906975431013757,0.0,0.3347784035942958,0.9971408148677627,1.0,0.25278407911757017,instance,mutual_info_top6
1,0.14377062706270627,0.2,0.20420420420420415,0.4166666666666667,0.0904867741023282,0.0,0.3374688473280859,0.997855611150822,1.0,1.7533925058331492,instance,mutual_info_top6
1,0.19793281653746764,0.2,0.20420420420420415,0.625,0.11069741345015832,1.0,0.6098713535184053,1.0,1.0,0.555244719467384,instance,mutual_info_top6
1,0.007440476190476275,0.0,0.036363636363636376,0.3333333333333333,0.09074625434586442,0.0,0.18085484310360744,0.9814152966404575,1.0,1.73848918839004,instance,mutual_info_top6
1,0.06043729372937301,0.0,0.20420420420420415,0.7916666666666666,0.09109333487852195,0.0,0.2964364812960021,0.9871336669049321,1.0,1.6271792145946427,instance,mutual_info_top6
1,0.2548989266327708,0.2,0.20420420420420415,0.2916666666666667,0.11613121826695283,0.3333333333333333,0.5028349019711958,1.0,1.0,0.6216283583044258,instance,mutual_info_top6
1,0.022222222222222143,0.2,0.03977272727272729,0.3333333333333333,0.08958477891992944,0.0,0.46792997793818203,0.9985704074338814,1.0,1.9670298258516015,instance,mutual_info_top6
1,0.15261284436600764,0.2,0.03977272727272729,0.3333333333333333,0.10767939039848701,0.5,0.5223850134869397,1.0,1.0,0.7416330188877878,instance,mutual_info_top6
1,0.018115942028985477,0.0,0.20420420420420415,0.375,0.09106639258673183,0.0,0.33311593744096235,0.9928520371694067,0.8333333333333334,1.7325402412569608,instance,mutual_info_top6
1,0.1517165005537099,0.0,0.02352941176470591,0.25,0.23854176589617487,0.0,0.2712944533366216,0.9799857040743388,1.0,0.9206073905648786,instance,mutual_info_top6
1,0.26146963168408366,0.4,0.15476190476190477,0.5,0.37235604963428137,0.0,0.3885999277667158,0.997855611150822,1.0,0.2601017413467372,instance,mutual_info_top6
1,0.02390138154027044,0.0,0.036363636363636376,0.3333333333333333,0.0941651202622415,0.0,0.25971531393835423,0.9771265189421015,1.0,1.2060154428878975,instance,mutual_info_top6
1,0.2119372234058533,0.2,0.03977272727272729,0.3333333333333333,0.32985635925420664,0.3333333333333333,0.5082264445163285,1.0,1.0,0.5284156822518682,instance,mutual_info_top6
1,0.044782608695652204,0.0,0.20420420420420415,0.5416666666666666,0.10045359360647022,0.0,0.26817319795861716,0.9942816297355254,1.0,1.0063704001028233,instance,mutual_info_top6
1,0.1312661498708011,0.2,0.036363636363636376,0.3333333333333333,0.09594691219528839,0.0,0.32077243395801025,0.9971408148677627,1.0,1.116804747870837,instance,mutual_info_top6
1,0.11737547447517238,0.4,0.03977272727272729,0.3333333333333333,0.11915054936090674,0.0,0.46900633084988685,0.9992852037169406,1.0,1.0233766976060035,instance,mutual_info_top6
1,0.019345238095238138,0.0,0.036363636363636376,0.375,0.0998857790549012,0.0,0.3331199933278973,0.9907076483202287,1.0,0.6154917142287961,instance,mutual_info_top6
1,0.14956680346557227,0.2,0.20420420420420415,0.375,0.09062868514060296,0.5,0.3626400755624848,0.9992852037169406,1.0,1.8164374537157972,instance,mutual_info_top6
1,0.4727041548746974,0.4,0.03977272727272729,0.3333333333333333,0.5921996106560231,0.0,0.43854793354653165,0.997855611150822,1.0,0.8917842477861401,instance,mutual_info_top6
1,0.22526929700314124,0.2,0.02352941176470591,0.25,0.16530825836677515,0.5,0.5037987153022268,1.0,1.0,0.28218894547837986,instance,mutual_info_top6
1,0.1517165005537099,0.0,0.02352941176470591,0.25,0.2863715855851273,0.0,0.25884252952451525,0.9714081486776269,1.0,0.9012121832044738,instance,mutual_info_top6
1,0.018115942028985477,0.0,0.03977272727272729,0.3333333333333333,0.09913193727136077,0.0,0.2843417081982298,0.9907076483202287,1.0,1.1634167939945037,instance,mutual_info_top6
1,0.018115942028985477,0.0,0.03977272727272729,0.3333333333333333,0.09126865972593423,0.0,0.4048209733225372,0.9835596854896355,0.8333333333333334,2.085852559554255,instance,mutual_info_top6
1,0.18401340261805377,0.4,0.20420420420420415,0.6666666666666666,0.0960769148296392,0.0,0.4782207496484415,0.9985704074338814,1.0,1.1634236453722484,instance,mutual_info_top6
1,0.11737547447517238,0.2,0.03977272727272729,0.3333333333333333,0.13211793988873383,0.0,0.3867901387481253,0.9985704074338814,1.0,0.7171344553223056,instance,mutual_info_top6
1,0.18959528843249773,0.2,0.036363636363636376,0.3333333333333333,0.4724191535544229,0.0,0.39867907205939646,0.9992852037169406,1.0,1.1892630916916342,instance,mutual_info_top6
1,0.044782608695652204,0.0,0.32352941176470584,0.3333333333333333,0.10087167944979758,0.0,0.3893610781977165,0.9928520371694067,1.0,1.1432824800467376,instance,mutual_info_top6
1,0.2633739204736183,0.2,0.03977272727272729,0.3333333333333333,0.1866471049977826,0.0,0.46283901761095714,0.9971408148677627,1.0,0.42755407394230044,instance,mutual_info_top6
1,0.21972768833233947,0.2,0.20420420420420415,0.375,0.09289441142235166,0.0,0.45369751576416806,0.9985704074338814,1.0,1.3573087887689446,instance,mutual_info_top6
1,0.022222222222222143,0.0,0.15476190476190477,0.375,0.09151629603175121,0.0,0.3840383236790983,0.9942816297355254,1.0,1.0611489336516786,instance,mutual_info_top6
1,0.17293103003072785,0.6,0.03977272727272729,0.3333333333333333,0.33881326086229435,0.5,0.5527511107124214,1.0,1.0,0.5534255727734972,instance,mutual_info_top6
1,0.09976413844278376,0.0,0.036363636363636376,0.3333333333333333,0.14900668320996663,0.0,0.4119329389031493,0.9864188706218727,1.0,0.7259094159028651,instance,mutual_info_top6
1,0.09976413844278376,0.0,0.02352941176470591,0.25,0.17134352823369908,0.0,0.47523983687018967,0.9949964260185847,1.0,0.28590893414391344,instance,mutual_info_top6
1,0.3388379204892966,0.2,0.15476190476190477,0.375,0.22677676556372955,0.0,0.4385845521769358,0.997855611150822,1.0,0.6712955953010692,instance,mutual_info_top6
1,0.06556804820693707,0.2,0.036363636363636376,0.3333333333333333,0.09650913787890641,0.0,0.41535462487908814,0.997855611150822,1.0,1.023159593774298,instance,mutual_info_top6
1,0.04473471487360381,0.0,0.036363636363636376,0.3333333333333333,0.10431957266242853,0.0,0.229376893130113,0.9814152966404575,1.0,0.6637993344332234,instance,mutual_info_top6
1,0.1507088078085057,0.0,0.036363636363636376,0.3333333333333333,0.10895066929374853,0.0,0.3744407131901508,0.9935668334524661,1.0,1.2386440775885315,instance,mutual_info_top6
1,0.09674681753889669,0.2,0.20420420420420415,0.9166666666666666,0.09666117525909013,0.0,0.4349320209724077,0.9971408148677627,1.0,1.2867041842665028,instance,mutual_info_top6
1,0.18823225996610427,0.2,0.036363636363636376,0.3333333333333333,0.11616772428895883,0.0,0.3200916647248716,0.997855611150822,1.0,0.5656611896084619,instance,mutual_info_top6
1,0.044782608695652204,0.0,0.036363636363636376,0.3333333333333333,0.09485644094643558,0.0,0.30381849816267825,0.9685489635453896,1.0,1.5487320104421163,instance,mutual_info_top6
1,0.018115942028985477,0.0,0.20420420420420415,0.3333333333333333,0.09446088251212992,0.0,0.41059703298322947,0.9921372408863474,1.0,1.6622560199165552,instance,mutual_info_top6
1,0.044782608695652204,0.0,0.036363636363636376,0.3333333333333333,0.09632359170441918,0.0,0.36713249403886317,0.9921372408863474,1.0,1.325156867861889,instance,mutual_info_top6
1,0.0,0.0,0.15476190476190477,0.375,0.08953195530654501,0.0,0.3602696019650139,0.9849892780557541,1.0,2.0030935409186252,instance,mutual_info_top6
1,0.15261284436600764,0.2,0.03977272727272729,0.3333333333333333,0.10559339553963143,0.0,0.4924581806615358,0.9985704074338814,1.0,1.3449574163250628,instance,mutual_info_top6
1,0.07777777777777783,0.0,0.02352941176470591,0.25,0.09004353953284899,0.0,0.28928909613471954,0.9907076483202287,1.0,1.1694800526401627,instance,mutual_info_top6
1,0.007440476190476275,0.0,0.02352941176470591,0.25,0.18496457117520987,0.0,0.1798578422117878,0.9421015010721945,1.0,0.5856696206186122,instance,mutual_info_top6
1,0.4616062437059415,0.4,0.02352941176470591,0.25,0.1672130786852603,1.0,0.5310343945279533,1.0,1.0,0.1733925430415941,instance,mutual_info_top6
1,0.007440476190476275,0.0,0.036363636363636376,0.3333333333333333,0.09065357189153878,0.0,0.27497276568417706,0.9635453895639743,1.0,1.86031006620275,instance,mutual_info_top6
1,0.09976413844278376,0.0,0.036363636363636376,0.4583333333333333,0.14242955749683583,0.0,0.2462265392015477,0.9664045746962115,1.0,0.69808424242063,instance,mutual_info_top6
1,0.17806102166567284,0.2,0.20420420420420415,0.5416666666666666,0.09310016360499429,0.3333333333333333,0.3633178242223638,0.9985704074338814,1.0,1.161148444143517,instance,mutual_info_top6
1,0.018115942028985477,0.0,0.03977272727272729,0.3333333333333333,0.09681636903799778,0.0,0.3283169042965868,0.9742673338098642,1.0,1.443472978710357,instance,mutual_info_top6
1,0.17642236817553136,0.0,0.036363636363636376,0.3333333333333333,0.13340170854026562,0.0,0.3669841496425149,0.9742673338098642,1.0,0.8071014639012053,instance,mutual_info_top6
1,0.02390138154027044,0.0,0.036363636363636376,0.3333333333333333,0.10572356885908746,0.0,0.3485907321532188,0.9864188706218727,1.0,0.8322548641570402,instance,mutual_info_top6
1,0.06556804820693707,0.0,0.036363636363636376,0.3333333333333333,0.09390668802272673,0.0,0.31465778587844995,0.9835596854896355,1.0,1.1920059428562824,instance,mutual_info_top6
1,0.07777777777777783,0.8,0.15476190476190477,0.375,0.1364305839341992,1.0,0.5062793985658733,1.0,1.0,0.6524022673039042,instance,mutual_info_top6
1,0.13265228975198762,0.2,0.036363636363636376,0.4583333333333333,0.13750809490708615,0.0,0.39002943321083505,0.997855611150822,1.0,1.085424927875296,instance,mutual_info_top6
1,0.19299782946645927,0.2,0.03977272727272729,0.3333333333333333,0.14676123300392302,0.0,0.44726687045082203,0.9992852037169406,1.0,1.19962476962503,instance,mutual_info_top6
1,0.09976413844278376,0.0,0.02352941176470591,0.25,0.3887792527166868,0.0,0.26809405068340963,0.9778413152251608,1.0,0.09356070106176731,instance,mutual_info_top6
1,0.02390138154027044,0.0,0.036363636363636376,0.3333333333333333,0.10179869365830968,0.0,0.24652575984507885,0.9756969263759828,1.0,0.8458818030550312,instance,mutual_info_top6
1,0.24369552840187447,0.4,0.20420420420420415,0.9166666666666666,0.09429849347300967,0.5,0.5014693833825044,1.0,1.0,1.0357914633075922,instance,mutual_info_top6
1,0.044782608695652204,0.0,0.20420420420420415,0.375,0.09496910351513266,0.0,0.43637743949145336,0.9964260185847034,1.0,1.5230113819561943,instance,mutual_info_top6
1,0.09976413844278376,0.0,0.036363636363636376,0.3333333333333333,0.14642441969697728,0.0,0.27693236049978265,0.956397426733381,1.0,0.7772197612582115,instance,mutual_info_top6
1,0.007440476190476275,0.0,0.036363636363636376,0.3333333333333333,0.10516374515006327,0.0,0.2570884112398524,0.9907076483202287,1.0,0.7126392403043317,instance,mutual_info_top6
1,0.15133116279979264,0.4,0.03977272727272729,0.375,0.3516842010025526,1.0,0.528465541885231,1.0,1.0,0.5176676714568138,instance,mutual_info_top6
1,0.018115942028985477,0.0,0.03977272727272729,0.3333333333333333,0.10255645892253673,0.0,0.3402057049755637,0.9864188706218727,1.0,1.2783638430692978,instance,mutual_info_top6
1,0.31323225996610427,0.4,0.20420420420420415,0.3333333333333333,0.11643380475035292,0.25,0.4420750057477093,0.9985704074338814,1.0,0.39197901318398654,instance,mutual_info_top6
1,0.022222222222222143,0.0,0.02352941176470591,0.25,0.09095466584613188,0.0,0.36816479283354575,0.9921372408863474,1.0,1.556631626810016,instance,mutual_info_top6
1,0.1363943549990062,0.2,0.20420420420420415,0.375,0.09113945245987731,0.0,0.3680272135633239,0.997855611150822,1.0,1.5354774153921535,instance,mutual_info_top6
1,0.0940112479100167,0.2,0.20420420420420415,0.375,0.09233157278436371,0.3333333333333333,0.5564849599660059,1.0,1.0,1.5134075966604663,instance,mutual_info_top6
1,0.044782608695652204,0.0,0.036363636363636376,0.3333333333333333,0.09450080328196642,0.0,0.30625858366025605,0.9628305932809149,1.0,1.545631970273686,instance,mutual_info_top6
1,0.15261284436600764,0.0,0.036363636363636376,0.3333333333333333,0.11962857104411712,0.0,0.41418204044680884,0.9964260185847034,1.0,0.6893525909757251,instance,mutual_info_top6
1,0.1312661498708011,0.0,0.036363636363636376,0.3333333333333333,0.09998969835144234,0.0,0.34663732656607826,0.9878484631879915,1.0,0.8260125513886286,instance,mutual_info_top6
1,0.36160624370594163,0.6,0.20420420420420415,0.3333333333333333,0.10962616262792285,1.0,0.5470519264440913,1.0,1.0,0.48783641970440766,instance,mutual_info_top6
1,0.13491933412429524,0.0,0.03977272727272729,0.3333333333333333,0.16094901596997008,0.0,0.34279689885364084,0.9935668334524661,1.0,0.6845521400564542,instance,mutual_info_top6
1,0.018115942028985477,0.0,0.03977272727272729,0.3333333333333333,0.09447876934791155,0.0,0.3028845607809403,0.9949964260185847,1.0,1.4122407125599297,instance,mutual_info_top6
1,0.18823225996610427,0.0,0.036363636363636376,0.3333333333333333,0.11963559219530628,0.0,0.4195847777568795,0.9928520371694067,1.0,0.4820938558423729,instance,mutual_info_top6
1,0.022222222222222143,0.0,0.15476190476190477,0.375,0.1484312607515642,0.0,0.4726752120790171,0.995711222301644,1.0,0.8027238960470314,instance,mutual_info_top6
1,0.057234714873603765,0.2,0.036363636363636376,0.3333333333333333,0.09537754342523785,0.3333333333333333,0.552185951912697,1.0,1.0,0.8652778613443254,instance,mutual_info_top6
1,0.007440476190476275,0.0,0.036363636363636376,0.3333333333333333,0.09704665875407459,0.0,0.2173985840899043,0.9463902787705504,1.0,1.485730923318493,instance,mutual_info_top6
1,0.1421188630490956,0.0,0.036363636363636376,0.3333333333333333,0.0951966994380481,0.0,0.35336463094130455,0.9892780557541101,1.0,0.6468072259400235,instance,mutual_info_top6
1,0.15261284436600764,0.0,0.03977272727272729,0.3333333333333333,0.10800964091733523,0.0,0.3690766244710997,0.9871336669049321,1.0,0.9883471335824245,instance,mutual_info_top6
1,0.11737547447517238,0.0,0.036363636363636376,0.3333333333333333,0.18719339590918577,0.0,0.30595519392864956,0.9849892780557541,1.0,1.0199808453444432,instance,mutual_info_top6
1,0.018115942028985477,0.0,0.03977272727272729,0.3333333333333333,0.11171927663058723,0.0,0.3822674891237803,0.9949964260185847,1.0,0.9342609355358201,instance,mutual_info_top6
1,0.15261284436600764,0.0,0.036363636363636376,0.3333333333333333,0.10459638361856494,0.0,0.35875122719505237,0.9835596854896355,1.0,0.8787824364366975,instance,mutual_info_top6
1,0.018115942028985477,0.0,0.03977272727272729,0.3333333333333333,0.08960925552793653,0.0,0.2700706558122693,0.9921372408863474,1.0,1.7634951101908463,instance,mutual_info_top6
1,0.044782608695652204,0.2,0.20420420420420415,0.375,0.09290491802180323,0.0,0.44558742512226535,0.997855611150822,1.0,1.3212805274323463,instance,mutual_info_top6
1,0.26146963168408366,0.2,0.2954545454545454,0.4583333333333333,0.43657608697760786,0.0,0.42775143634939705,0.997855611150822,1.0,0.2358112131429176,instance,mutual_info_top6
1,0.19299782946645927,0.0,0.03977272727272729,0.3333333333333333,0.13902436963391113,0.0,0.2903288671009564,0.9942816297355254,1.0,0.7732199179134475,instance,mutual_info_top6
1,0.2105400299654745,0.0,0.02352941176470591,0.25,0.39642496500293845,0.0,0.31342055127252155,0.9914224446032881,1.0,0.7348436271689649,instance,mutual_info_top6
1,0.007440476190476275,0.0,0.036363636363636376,0.3333333333333333,0.0929042474683684,0.0,0.23913982450974436,0.9778413152251608,1.0,1.6477308819601253,instance,mutual_info_top6
1,0.18959528843249773,0.0,0.036363636363636376,0.3333333333333333,0.2776129922594862,0.0,0.22766624091635024,0.9299499642601858,1.0,0.7393340683419377,instance,mutual_info_top6
1,0.15261284436600764,0.2,0.03977272727272729,0.3333333333333333,0.09817296277465337,0.0,0.4708939643847111,0.997855611150822,1.0,1.097163228731507,instance,mutual_info_top6
1,0.1254051640838093,0.0,0.036363636363636376,0.3333333333333333,0.1670568129229893,0.0,0.33099749799038847,0.9907076483202287,1.0,0.6826047535009564,instance,mutual_info_top6
1,0.018115942028985477,0.0,0.036363636363636376,0.3333333333333333,0.0913810749477798,0.0,0.3207762216026022,0.9756969263759828,1.0,1.747622053683711,instance,mutual_info_top6
1,0.21972768833233947,0.4,0.036363636363636376,0.4583333333333333,0.09621020769256255,0.5,0.48396517938938177,0.9992852037169406,1.0,0.9661238588365462,instance,mutual_info_top6
1,0.18823225996610427,0.0,0.036363636363636376,0.3333333333333333,0.11464680182831,0.0,0.3123235107447886,0.9828448892065761,1.0,0.44920302691394154,instance,mutual_info_top6
1,0.12426004505212429,0.4,0.20420420420420415,0.375,0.09143075796994032,0.0,0.24894498946603238,0.9985704074338814,1.0,1.6524693003442483,instance,mutual_info_top6
1,0.19933554817275745,0.4,0.02352941176470591,0.25,0.6794701464481212,1.0,0.5109132187403046,1.0,1.0,0.480048231615803,instance,mutual_info_top6
1,0.018115942028985477,0.0,0.03977272727272729,0.3333333333333333,0.13816677793564025,0.0,0.30753193619002794,0.9928520371694067,1.0,1.5124421864356588,instance,mutual_info_top6
1,0.022222222222222143,0.2,0.15476190476190477,0.375,0.09033646925001787,0.0,0.450675815244751,0.9992852037169406,1.0,1.0456949631820789,instance,mutual_info_top6
1,0.022222222222222143,0.0,0.03977272727272729,0.375,0.08980650596977474,0.0,0.3803359024915033,0.9885632594710507,1.0,1.5882723085149113,instance,mutual_info_top6
1,0.09561525271495064,0.0,0.036363636363636376,0.3333333333333333,0.12370328455493773,0.0,0.2395621757741151,0.956397426733381,1.0,0.8464907211809052,instance,mutual_info_top6
1,0.1312661498708011,0.0,0.036363636363636376,0.3333333333333333,0.10009621897393861,0.0,0.311178820257644,0.9778413152251608,1.0,0.7548239723915069,instance,mutual_info_top6
1,0.19925108395743008,0.2,0.20420420420420415,0.3333333333333333,0.10259002834437886,0.0,0.41478662684784195,0.9992852037169406,1.0,0.7043282990878506,instance,mutual_info_top6
1,0.19933554817275745,0.4,0.036363636363636376,0.3333333333333333,0.643993747628863,0.0,0.4740853107256968,0.9992852037169406,1.0,1.0028688219340538,instance,mutual_info_top6
1,0.019345238095238138,0.0,0.036363636363636376,0.375,0.09678478311586713,0.0,0.368932867019667,0.9935668334524661,1.0,0.7457470355106963,instance,mutual_info_top6
1,0.007440476190476275,0.0,0.036363636363636376,0.4583333333333333,0.10268783875788856,0.0,0.21380808102418525,0.9871336669049321,1.0,1.126580827053448,instance,mutual_info_top6
1,0.11737547447517238,0.2,0.03977272727272729,0.3333333333333333,0.17604643635385553,0.0,0.4967424694333308,0.9992852037169406,1.0,0.9521232707242308,instance,mutual_info_top6
1,0.2715655932994375,0.2,0.036363636363636376,0.3333333333333333,0.11526494518911046,0.3333333333333333,0.534233569311803,1.0,1.0,0.5063220364471982,instance,mutual_info_top6
1,0.022222222222222143,0.0,0.15476190476190477,0.375,0.13628550186608052,0.0,0.42314690235520236,0.9871336669049321,1.0,0.9465384311816692,instance,mutual_info_top6
1,0.018115942028985477,0.2,0.20420420420420415,0.375,0.0901809916706856,0.0,0.4579939974195857,0.997855611150822,0.8333333333333334,2.246851072865874,instance,mutual_info_top6
1,0.022222222222222143,0.2,0.03977272727272729,0.375,0.08957280405011331,0.0,0.45143512597983204,0.997855611150822,1.0,1.6319345875180045,instance,mutual_info_top6
1,0.1254051640838093,0.0,0.036363636363636376,0.4583333333333333,0.19960786505202455,0.0,0.33379042313963336,0.9928520371694067,1.0,0.5747907200645076,instance,mutual_info_top6
1,0.37448503158472946,0.2,0.03977272727272729,0.3333333333333333,0.11934826543796667,0.5,0.5160051853967971,1.0,1.0,0.7781063391943367,instance,mutual_info_top6
1,0.007440476190476275,0.0,0.036363636363636376,0.5416666666666666,0.09117538379437823,0.0,0.19138397709400456,0.9535382416011436,1.0,1.7856279122898027,instance,mutual_info_top6
1,0.06043729372937301,0.0,0.20420420420420415,0.375,0.09058562252500002,0.0,0.3358430444744037,0.9907076483202287,1.0,1.7423022105724348,instance,mutual_info_top6
1,0.1363943549990062,0.0,0.036363636363636376,0.3333333333333333,0.09073865146508042,0.0,0.37300556760885994,0.9778413152251608,1.0,1.8326535340974508,instance,mutual_info_top6
1,0.018115942028985477,0.4,0.03977272727272729,0.3333333333333333,0.17195284395721233,0.0,0.4571442872490118,0.997855611150822,1.0,1.344437131495163,instance,mutual_info_top6
1,0.022222222222222143,0.0,0.03977272727272729,0.3333333333333333,0.12998586481969976,0.0,0.3608122642806325,0.9964260185847034,1.0,1.270764355268598,instance,mutual_info_top6
1,0.15261284436600764,0.0,0.32352941176470584,0.375,0.18130056967878028,0.0,0.21257443802751552,0.9857040743388135,1.0,0.46685641077720746,instance,mutual_info_top6
1,0.2548989266327708,0.2,0.20420420420420415,0.2916666666666667,0.1153648898916032,0.0,0.41472179998207936,0.9971408148677627,1.0,0.6842876897330112,instance,mutual_info_top6
1,0.24369552840187447,0.4,0.036363636363636376,0.3333333333333333,0.09685224858849473,0.5,0.6006365276566468,1.0,1.0,0.6702708354936113,instance,mutual_info_top6
1,0.36160624370594163,0.6,0.02352941176470591,0.25,0.12859921582177075,0.0,0.4696617872259402,0.9992852037169406,1.0,0.38284573722342924,instance,mutual_info_top6
1,0.26146963168408366,0.2,0.2954545454545454,0.4583333333333333,0.35248747077533693,0.25,0.5177905231823776,1.0,1.0,0.1874794285025718,instance,mutual_info_top6
1,0.2105400299654745,0.0,0.3529411764705882,0.4166666666666667,0.4274694662990905,0.0,0.4270975597840806,0.9928520371694067,1.0,0.42832727519917113,instance,mutual_info_top6
1,0.09561525271495064,0.0,0.036363636363636376,0.4583333333333333,0.12324351527438387,0.0,0.304835506339744,0.9485346676197284,1.0,1.1380194723129258,instance,mutual_info_top6
1,0.15261284436600764,0.0,0.03977272727272729,0.3333333333333333,0.09284378353883066,0.0,0.2757523567155876,0.9885632594710507,1.0,1.3638524773845124,instance,mutual_info_top6
1,0.48369185390630587,0.4,0.15476190476190477,0.5,0.3694686070149441,1.0,0.5281945291451786,1.0,1.0,-0.0014749794136648747,instance,mutual_info_top6
1,0.2524782710829222,0.2,0.20420420420420415,0.4583333333333333,0.10540872931842549,1.0,0.5382007532954465,1.0,1.0,0.6145396802637159,instance,mutual_info_top6
1,0.26146963168408366,0.4,0.02352941176470591,0.25,0.21220424553095812,0.0,0.3899848588395176,0.9992852037169406,1.0,0.3491777776172292,instance,mutual_info_top6
1,0.0,0.0,0.03977272727272729,0.3333333333333333,0.08953182022195644,0.0,0.2552724679643743,0.9835596854896355,0.8333333333333334,5.336098019992476,instance,mutual_info_top6
1,0.0940112479100167,0.0,0.20420420420420415,0.375,0.09142787453305407,0.0,0.4503852460083254,0.9949964260185847,1.0,1.5093018265791223,instance,mutual_info_top6
1,0.18959528843249773,0.0,0.036363636363636376,0.3333333333333333,0.40835954506352823,0.0,0.235094957277305,0.9728377412437456,1.0,0.7586974960829241,instance,mutual_info_top6
1,0.018115942028985477,0.0,0.03977272727272729,0.3333333333333333,0.10334004514479656,0.0,0.3768623828543406,0.9949964260185847,1.0,0.9364398907750187,instance,mutual_info_top6
1,0.21972768833233947,0.4,0.20420420420420415,0.6666666666666666,0.09393270722424601,0.3333333333333333,0.34638297971610454,0.9985704074338814,1.0,0.9625856738175225,instance,mutual_info_top6
1,0.1517165005537099,0.0,0.02352941176470591,0.25,0.439999230815879,0.0,0.36383431364808116,0.9785561115082202,1.0,0.3782837943927648,instance,mutual_info_top6
1,0.02390138154027044,0.0,0.036363636363636376,0.3333333333333333,0.0961780549834268,0.0,0.245628194990402,0.9621157969978557,1.0,1.1055673123015264,instance,mutual_info_top6
1,0.26146963168408366,0.0,0.02352941176470591,0.25,0.3671840463984626,0.0,0.35136511515610036,0.9942816297355254,1.0,0.06585364449358215,instance,mutual_info_top6
1,0.09976413844278376,0.0,0.02352941176470591,0.25,0.3494955731155641,0.0,0.2918844070736545,0.9871336669049321,1.0,0.2871323526315581,instance,mutual_info_top6
1,0.1781159420289855,0.4,0.32352941176470584,0.3333333333333333,0.09798226570874419,0.5,0.492169242810121,0.9992852037169406,1.0,1.0011070008679206,instance,mutual_info_top6
1,0.22526929700314124,0.2,0.036363636363636376,0.3333333333333333,0.13862861679816957,0.5,0.4256521473602315,0.9971408148677627,1.0,0.3852122256251894,instance,mutual_info_top6
1,0.007440476190476275,0.0,0.036363636363636376,0.3333333333333333,0.10222750534770358,0.0,0.2670553681900967,0.9392423159399571,1.0,1.4656900924758596,instance,mutual_info_top6
1,0.018115942028985477,0.2,0.32352941176470584,0.375,0.15139888249460975,0.5,0.3962644593732223,0.9992852037169406,1.0,1.221455908815217,instance,mutual_info_top6
1,0.3787084504422946,0.2,0.036363636363636376,0.3333333333333333,0.10197115961373726,0.0,0.45164851068935863,0.9971408148677627,1.0,0.8471230242140391,instance,mutual_info_top6
1,0.13265228975198762,0.2,0.036363636363636376,0.5,0.17518664589929933,0.25,0.4928697295877894,0.9992852037169406,1.0,0.9211183037688215,instance,mutual_info_top6
1,0.20627062706270627,0.2,0.20420420420420415,0.4166666666666667,0.09217102545809885,0.0,0.3611439467304606,0.9971408148677627,1.0,2.045203710157976,instance,mutual_info_top6
1,0.15261284436600764,0.2,0.03977272727272729,0.3333333333333333,0.11430601089705544,0.0,0.334031394203144,0.997855611150822,1.0,0.8985380611806881,instance,mutual_info_top6
1,0.22545219638242886,0.2,0.20420420420420415,0.3333333333333333,0.09216925349749483,0.0,0.46499123329926084,0.997855611150822,1.0,1.497500156316866,instance,mutual_info_top6
1,0.022222222222222143,0.0,0.15476190476190477,0.375,0.10032148397831436,0.0,0.3403175000508445,0.9942816297355254,1.0,0.766290552761925,instance,mutual_info_top6
1,0.2715655932994375,0.0,0.036363636363636376,0.3333333333333333,0.11555870675507335,0.0,0.3780330792328567,0.9885632594710507,1.0,0.6861460515509854,instance,mutual_info_top6
1,0.0495424071812961,0.0,0.036363636363636376,0.3333333333333333,0.09306373510318172,0.0,0.3346151611028886,0.9849892780557541,1.0,1.3375264679907162,instance,mutual_info_top6
1,0.044782608695652204,0.0,0.036363636363636376,0.3333333333333333,0.09467671841070463,0.0,0.3639416909112182,0.9821300929235168,1.0,1.7586447112204358,instance,mutual_info_top6
1,0.04473471487360381,0.0,0.036363636363636376,0.3333333333333333,0.09620556236085925,0.0,0.30847023463835477,0.9942816297355254,1.0,0.8813967338962085,instance,mutual_info_top6
1,0.044782608695652204,0.2,0.036363636363636376,0.3333333333333333,0.10144447825303582,0.0,0.366105544328167,0.9971408148677627,1.0,1.0230482266338794,instance,mutual_info_top6
1,0.09976413844278376,0.0,0.036363636363636376,0.3333333333333333,0.22656302522827537,0.0,0.3539958943463649,0.9871336669049321,1.0,0.3811162887017162,instance,mutual_info_top6
1,0.21972768833233947,0.0,0.20420420420420415,0.3333333333333333,0.09228515992353792,0.0,0.41157446626999583,0.9928520371694067,1.0,1.3876015118501088,instance,mutual_info_top6
1,0.2715655932994375,0.2,0.02352941176470591,0.25,0.133960458087727,0.0,0.43333614238661977,0.9971408148677627,1.0,0.4725488734257618,instance,mutual_info_top6
1,0.15133116279979264,0.0,0.036363636363636376,0.3333333333333333,0.23147926597969715,0.0,0.32684679787484183,0.9907076483202287,1.0,0.9804052597717687,instance,mutual_info_top6
1,0.21383116279979264,0.0,0.03977272727272729,0.3333333333333333,0.26088648582873086,0.0,0.3721890260028208,0.9907076483202287,1.0,0.5924356770796432,instance,mutual_info_top6
1,0.22526929700314124,0.0,0.036363636363636376,0.3333333333333333,0.13982079895234512,0.0,0.3146416662905246,0.9871336669049321,1.0,0.6154015700930949,instance,mutual_info_top6
1,0.018115942028985477,0.0,0.03977272727272729,0.3333333333333333,0.09016407720581432,0.0,0.30128055205869086,0.9864188706218727,1.0,1.6056357170028766,instance,mutual_info_top6
1,0.007440476190476275,0.0,0.6923076923076923,0.2916666666666667,0.11054144173452152,0.0,0.36537297175806704,0.9899928520371694,1.0,0.5459352567096846,instance,mutual_info_top6
1,0.022222222222222143,0.0,0.15476190476190477,0.375,0.08995837886259667,0.0,0.37278536297158393,0.9907076483202287,1.0,1.2671070185028164,instance,mutual_info_top6
1,0.2081683999215631,0.0,0.03977272727272729,0.3333333333333333,0.12698106558547917,0.0,0.42352219658987467,0.9949964260185847,1.0,0.7103330247931801,instance,mutual_info_top6
1,0.4727041548746974,0.6,0.03977272727272729,0.3333333333333333,0.6395826461504382,0.0,0.33041960985973773,0.9985704074338814,1.0,0.9834225817352843,instance,mutual_info_top6
1,0.019345238095238138,0.0,0.036363636363636376,0.3333333333333333,0.09235138608772059,0.0,0.41524700752819543,0.9928520371694067,1.0,1.4884103802652195,instance,mutual_info_top6
1,0.09976413844278376,0.0,0.036363636363636376,0.3333333333333333,0.15200894018679328,0.0,0.3128238816538945,0.9549678341672623,1.0,0.8746174584442614,instance,mutual_info_top6
1,0.0,0.0,0.03977272727272729,0.375,0.0895319524384145,0.0,0.31425873927068027,0.9828448892065761,1.0,2.5776096471104903,instance,mutual_info_top6
1,0.022222222222222143,0.2,0.03977272727272729,0.4583333333333333,0.22760758830265526,0.0,0.3899882821591123,0.9971408148677627,1.0,0.9134927726338614,instance,mutual_info_top6
1,0.27222222222222214,0.8,0.15476190476190477,0.4166666666666667,0.09522790579707713,1.0,0.5921568485576598,1.0,0.8333333333333334,0.808847820898453,instance,mutual_info_top6
1,0.0,0.0,0.03977272727272729,0.3333333333333333,0.08953182022195644,0.0,0.1935346366709585,0.9899928520371694,0.8333333333333334,6.142408498294872,instance,mutual_info_top6
1,0.0,0.0,0.15476190476190477,0.375,0.08953182022195644,0.0,0.19650111170908158,0.9878484631879915,0.8333333333333334,6.610119650474156,instance,mutual_info_top6
1,0.022222222222222143,0.0,0.03977272727272729,0.3333333333333333,0.08953387246537625,0.0,0.35015367390524,0.9864188706218727,1.0,2.2787865565259167,instance,mutual_info_top6
1,0.019345238095238138,0.2,0.036363636363636376,0.3333333333333333,0.10010147433587291,0.0,0.38985486761180854,0.9971408148677627,1.0,0.6474727149755645,instance,mutual_info_top6
1,0.17147330617965217,0.0,0.20420420420420415,0.7916666666666666,0.09557543044619293,0.0,0.33691270089765035,0.9835596854896355,1.0,1.077897763543286,instance,mutual_info_top6
1,0.007440476190476275,0.0,0.036363636363636376,0.3333333333333333,0.09208064792252146,0.0,0.36504749550464166,0.9885632594710507,1.0,1.4979023222196968,instance,mutual_info_top6
1,0.022222222222222143,0.0,0.15476190476190477,0.375,0.09033314696274619,0.0,0.3543678973700195,0.9914224446032881,1.0,1.2321896680532067,instance,mutual_info_top6
1,0.4616062437059415,0.6,0.02352941176470591,0.25,0.21022197377305296,1.0,0.5304082402744104,1.0,1.0,-0.06602468112573533,instance,mutual_info_top6
1,0.12754191622056144,0.0,0.036363636363636376,0.3333333333333333,0.13688807621119314,0.0,0.20179410707240364,0.9899928520371694,1.0,0.5824817193139165,instance,mutual_info_top6
1,0.15261284436600764,0.0,0.03977272727272729,0.3333333333333333,0.09741415057508213,0.0,0.3033028844337077,0.9885632594710507,1.0,1.1893557363439609,instance,mutual_info_top6
1,0.1517165005537099,0.0,0.02352941176470591,0.25,0.2454892550309281,0.0,0.2770397376957774,0.9649749821300929,1.0,0.25923476208058177,instance,mutual_info_top6
1,0.3725807427951948,0.8,0.15476190476190477,0.5,0.2699209571595548,1.0,0.5245911892831859,1.0,1.0,0.14925936608173765,instance,mutual_info_top6
1,0.007440476190476275,0.0,0.036363636363636376,0.5416666666666666,0.09109091096756611,0.0,0.3318554771970459,0.9549678341672623,1.0,1.7270613384064923,instance,mutual_info_top6
1,0.09561525271495064,0.0,0.036363636363636376,0.3333333333333333,0.13395544558878092,0.0,0.3033958389837482,0.9907076483202287,1.0,0.7226893887504365,instance,mutual_info_top6
1,0.15133116279979264,0.2,0.03977272727272729,0.4166666666666667,0.26122054164104086,0.0,0.45760357889515746,0.9992852037169406,1.0,0.9114564783945722,instance,mutual_info_top6
1,0.044782608695652204,0.0,0.036363636363636376,0.5416666666666666,0.0924768048122745,0.0,0.3413024598365646,0.9871336669049321,1.0,1.2746769822638353,instance,mutual_info_top6
1,0.1312661498708011,0.0,0.20420420420420415,0.6666666666666666,0.10082662561459677,0.0,0.32563006878020895,0.9899928520371694,1.0,0.7955790503374942,instance,mutual_info_top6
1,0.044782608695652204,0.0,0.036363636363636376,0.3333333333333333,0.1013056620176514,0.0,0.3512429546368293,0.9964260185847034,1.0,1.0578227035338665,instance,mutual_info_top6
1,0.007440476190476275,0.0,0.036363636363636376,0.5833333333333334,0.11195349670119448,0.0,0.29028811092730034,0.9842744817726948,1.0,0.8468033804828935,instance,mutual_info_top6
1,0.09976413844278376,0.0,0.036363636363636376,0.3333333333333333,0.1153075323609783,0.0,0.3166746972579607,0.9771265189421015,1.0,0.6116097046888676,instance,mutual_info_top6
1,0.26146963168408366,0.0,0.15476190476190477,0.5,0.22987557911810724,0.0,0.381694244788054,0.9964260185847034,1.0,0.525511799487384,instance,mutual_info_top6
1,0.0,0.0,0.03977272727272729,0.3333333333333333,0.08953182022195644,0.0,0.18719784092390357,0.9885632594710507,0.8333333333333334,5.869395753146817,instance,mutual_info_top6
1,0.09561525271495064,0.0,0.11111111111111116,0.20833333333333334,0.09814926982086514,0.0,0.2520853711367288,0.9442458899213724,1.0,1.2452817983549573,instance,mutual_info_top6
1,0.09976413844278376,0.0,0.3529411764705882,0.3333333333333333,0.2560831055944786,0.0,0.24518721990639325,0.9192280200142959,1.0,0.36412096495815754,instance,mutual_info_top6
1,0.0,0.0,0.15476190476190477,0.375,0.08953183099327255,0.0,0.3896026929922358,0.9892780557541101,1.0,2.057793761282527,instance,mutual_info_top6
1,0.007440476190476275,0.0,0.036363636363636376,0.3333333333333333,0.11305430806758415,0.0,0.30449778701075314,0.9735525375268048,1.0,0.7223100368364472,instance,mutual_info_top6
1,0.007440476190476275,0.0,0.02352941176470591,0.25,0.15810487707032872,0.0,0.17645672585383299,0.9220872051465332,1.0,0.6502026213934503,instance,mutual_info_top6
1,0.15261284436600764,0.0,0.03977272727272729,0.3333333333333333,0.10431552769383623,0.0,0.3972040660852256,0.9949964260185847,1.0,1.0694392445882104,instance,mutual_info_top6
1,0.1363943549990062,0.0,0.036363636363636376,0.3333333333333333,0.09100990185310076,0.0,0.3523095308027351,0.9949964260185847,1.0,1.5277999507554525,instance,mutual_info_top6
1,0.1217890256877946,0.0,0.20420420420420415,0.7916666666666666,0.09156742346776853,0.0,0.39094468316481545,0.9935668334524661,1.0,1.5537053768395352,instance,mutual_info_top6
1,0.14377062706270627,0.2,0.036363636363636376,0.4583333333333333,0.09009797605098113,0.0,0.48361827231504895,0.9992852037169406,0.8333333333333334,2.0739654106519314,instance,mutual_info_top6
1,0.21972768833233947,0.0,0.20420420420420415,0.375,0.09122237884141848,0.0,0.421584485968273,0.9921372408863474,1.0,1.7046124881394826,instance,mutual_info_top6
1,0.1217890256877946,0.0,0.20420420420420415,0.375,0.0914381204926964,0.0,0.28883119511102695,0.9964260185847034,1.0,1.4101586245873592,instance,mutual_info_top6
1,0.057234714873603765,0.0,0.036363636363636376,0.3333333333333333,0.09374251931561739,0.0,0.30583656946206383,0.9807005003573981,1.0,1.1712743355417703,instance,mutual_info_top6
1,0.0,0.0,0.15476190476190477,0.375,0.08953182022195644,0.0,0.4017046343117746,0.9935668334524661,0.8333333333333334,3.3860718384062323,instance,mutual_info_top6
1,0.007440476190476275,0.0,0.036363636363636376,0.3333333333333333,0.11469862842321726,0.0,0.25177291612132313,0.9735525375268048,1.0,1.0661563512420271,instance,mutual_info_top6
1,0.007440476190476275,0.0,0.036363636363636376,0.5833333333333334,0.11267312459932688,0.0,0.338220400207337,0.9871336669049321,1.0,0.4764254066035408,instance,mutual_info_top6
1,0.018115942028985477,0.0,0.03977272727272729,0.3333333333333333,0.154540318256928,0.0,0.31988643664188177,0.9871336669049321,1.0,0.9553608130854141,instance,mutual_info_top6
1,0.02390138154027044,0.0,0.036363636363636376,0.3333333333333333,0.09550290470459022,0.0,0.22882526298489636,0.9571122230164403,1.0,1.0861029490026919,instance,mutual_info_top6
1,0.018115942028985477,0.0,0.03977272727272729,0.3333333333333333,0.10263419234267596,0.0,0.3713753958056053,0.9857040743388135,1.0,1.6912546705912535,instance,mutual_info_top6
1,0.3104466592838686,0.4,0.036363636363636376,0.3333333333333333,0.5238617084786099,0.5,0.4349467124606582,0.9992852037169406,1.0,1.0226073432436158,instance,mutual_info_top6
1,0.007440476190476275,0.0,0.036363636363636376,0.3333333333333333,0.09241521383270201,0.0,0.2580184391706074,0.9621157969978557,1.0,1.612670139630237,instance,mutual_info_top6
1,0.15261284436600764,0.0,0.32352941176470584,0.3333333333333333,0.1877734920438292,0.0,0.2167594764656644,0.9871336669049321,1.0,0.5137765155575486,instance,mutual_info_top6
1,0.007440476190476275,0.0,0.036363636363636376,0.3333333333333333,0.09980638062016844,0.0,0.32795497507311644,0.9728377412437456,1.0,1.4463096626457987,instance,mutual_info_top6
1,0.022222222222222143,0.0,0.02352941176470591,0.25,0.11729628570647688,0.0,0.4461249022639998,0.995711222301644,1.0,1.4650540198787048,instance,mutual_info_top6
1,0.10555555555555551,0.6,0.15476190476190477,0.375,0.08973048057011068,1.0,0.501380258573199,1.0,1.0,1.0863191874980374,instance,mutual_info_top6
1,0.0,0.0,0.03977272727272729,0.4166666666666667,0.0895320708932642,0.0,0.37588438630424825,0.9899928520371694,1.0,2.498799778399142,instance,mutual_info_top6
1,0.15261284436600764,0.0,0.03977272727272729,0.3333333333333333,0.11629686663093042,0.0,0.37674231562695004,0.9928520371694067,1.0,0.8773146413915189,instance,mutual_info_top6
1,0.09976413844278376,0.0,0.036363636363636376,0.3333333333333333,0.14611357594701857,0.0,0.33647084005852845,0.9792709077912795,1.0,0.7587056831671992,instance,mutual_info_top6
1,0.37270415487469755,0.0,0.03977272727272729,0.3333333333333333,0.49529160982250897,0.0,0.3900209525967142,0.9964260185847034,1.0,0.5431776995366948,instance,mutual_info_top6
1,0.09561525271495064,0.0,0.036363636363636376,0.3333333333333333,0.10766706153171385,0.0,0.26796479984293553,0.9785561115082202,1.0,1.0220961609729655,instance,mutual_info_top6
1,0.1507088078085057,0.0,0.036363636363636376,0.3333333333333333,0.11388927397982468,0.0,0.2385506162011347,0.9849892780557541,1.0,1.0408231290097698,instance,mutual_info_top6
1,0.09561525271495064,0.0,0.036363636363636376,0.3333333333333333,0.09695719976960665,0.0,0.36041721831118845,0.9821300929235168,1.0,1.2882085411382556,instance,mutual_info_top6
1,0.09561525271495064,0.0,0.036363636363636376,0.3333333333333333,0.16602438406375564,0.0,0.30145663057244876,0.9449606862044317,1.0,0.8290084260150969,instance,mutual_info_top6
1,0.2105400299654745,0.0,0.036363636363636376,0.3333333333333333,0.44774510700572817,0.0,0.350336797866431,0.9807005003573981,1.0,0.7294882234544201,instance,mutual_info_top6
1,0.15133116279979264,0.0,0.03977272727272729,0.375,0.6235940522536291,0.0,0.44146579814504816,0.995711222301644,1.0,0.6097506575449669,instance,mutual_info_top6
1,0.018115942028985477,0.0,0.03977272727272729,0.3333333333333333,0.08953588224924552,0.0,0.4242197267833149,0.9964260185847034,1.0,1.9656728952591582,instance,mutual_info_top6
1,0.007440476190476275,0.0,0.036363636363636376,0.3333333333333333,0.10542366562753508,0.0,0.3681862585353557,0.9899928520371694,1.0,0.8771493295194044,instance,mutual_info_top6
1,0.14738318606183132,0.2,0.036363636363636376,0.3333333333333333,0.3514996278963918,0.0,0.4102939491376957,0.9971408148677627,1.0,0.48234535559491637,instance,mutual_info_top6
1,0.15133116279979264,0.2,0.15476190476190477,0.5,0.38719962132381613,0.5,0.4988567686249521,0.9992852037169406,1.0,0.7499098575387189,instance,mutual_info_top6
1,0.2548989266327708,0.2,0.20420420420420415,0.2916666666666667,0.10196941597960468,0.0,0.3935080985251398,0.9971408148677627,1.0,0.877582123197812,instance,mutual_info_top6
1,0.1517165005537099,0.4,0.02352941176470591,0.25,0.6755921946139336,0.0,0.49211435817180293,0.9985704074338814,1.0,-0.12174343388430756,instance,mutual_info_top6
1,0.06043729372937301,0.4,0.036363636363636376,0.375,0.09027797684375755,0.3333333333333333,0.42341960022924874,0.9985704074338814,1.0,2.1621678586119533,instance,mutual_info_top6
1,0.18823225996610427,0.0,0.036363636363636376,0.3333333333333333,0.11511931563578859,0.0,0.3820361229757343,0.9907076483202287,1.0,0.6216264608731454,instance,mutual_info_top6
1,0.09976413844278376,0.0,0.036363636363636376,0.3333333333333333,0.11316287345902876,0.0,0.37729452910128936,0.9871336669049321,1.0,0.8132309013316711,instance,mutual_info_top6
1,0.2715655932994375,0.6,0.02352941176470591,0.25,0.20320387647548943,0.6666666666666666,0.5196834018482737,1.0,1.0,0.1342735070543673,instance,mutual_info_top6
1,0.1254051640838093,0.0,0.036363636363636376,0.3333333333333333,0.17877110215452363,0.0,0.36308551549340473,0.9928520371694067,1.0,0.5477734501029624,instance,mutual_info_top6
1,0.15133116279979264,0.0,0.036363636363636376,0.3333333333333333,0.20926264348500584,0.0,0.4186154027042832,0.9964260185847034,1.0,1.0595887695610184,instance,mutual_info_top6
1,0.018115942028985477,0.0,0.036363636363636376,0.3333333333333333,0.09062176829192514,0.0,0.27132408285907206,0.9885632594710507,0.8333333333333334,1.7948173700601586,instance,mutual_info_top6
1,0.0,0.0,0.02352941176470591,0.25,0.08953182022195644,0.0,0.36329565195181346,0.9771265189421015,1.0,3.161493192758844,instance,mutual_info_top6
1,0.0,0.0,0.15476190476190477,0.375,0.08953182034040241,0.0,0.2761620619199967,0.9785561115082202,1.0,2.93446215864457,instance,mutual_info_top6
1,0.0,0.0,0.15476190476190477,0.375,0.08953182352150135,0.0,0.34679995926608465,0.9821300929235168,1.0,2.346487710580458,instance,mutual_info_top6
1,0.15133116279979264,0.2,0.03977272727272729,0.3333333333333333,0.43698390333896553,0.0,0.4116639061780798,0.9971408148677627,1.0,0.6370553823102462,instance,mutual_info_top6
1,0.15261284436600764,0.2,0.03977272727272729,0.4166666666666667,0.16006890074692126,1.0,0.5127289157010235,1.0,1.0,0.6599359012808833,instance,mutual_info_top6
1,0.044782608695652204,0.0,0.036363636363636376,0.3333333333333333,0.099209508300235,0.0,0.35196902498431315,0.9942816297355254,1.0,1.393975110827868,instance,mutual_info_top6
1,0.09976413844278376,0.0,0.02352941176470591,0.25,0.2370350415798308,0.0,0.25721130575982654,0.9449606862044317,1.0,0.4530503833646766,instance,mutual_info_top6
1,0.007440476190476275,0.0,0.036363636363636376,0.5833333333333334,0.09941589398503681,0.0,0.3689046249355633,0.9949964260185847,1.0,1.1571080518338885,instance,mutual_info_top6
1,0.04473471487360381,0.0,0.036363636363636376,0.3333333333333333,0.10570068739226562,0.0,0.3814801964024789,0.9849892780557541,1.0,0.5177677387142369,instance,mutual_info_top6
1,0.15261284436600764,0.2,0.02352941176470591,0.25,0.2930333423015027,0.0,0.46255320090047614,0.9985704074338814,1.0,0.4051058585049526,instance,mutual_info_top6
1,0.1517165005537099,0.0,0.02352941176470591,0.25,0.3814927553187334,0.0,0.3392269710061707,0.9728377412437456,1.0,0.405073272624186,instance,mutual_info_top6
1,0.022222222222222143,0.0,0.03977272727272729,0.375,0.16775640682240206,0.0,0.4227243188158011,0.995711222301644,1.0,1.0201596279997787,instance,mutual_info_top6
1,0.018115942028985477,0.0,0.20420420420420415,0.375,0.09044440157406913,0.0,0.2568622506363728,0.9878484631879915,0.8333333333333334,2.2050926015062053,instance,mutual_info_top6
1,0.17642236817553136,0.0,0.036363636363636376,0.3333333333333333,0.10699787449507259,0.0,0.3112743138560957,0.9706933523945676,1.0,0.9016095904382928,instance,mutual_info_top6
1,0.15133116279979264,0.0,0.03977272727272729,0.3333333333333333,0.3549043710205284,0.0,0.4470783410452285,0.9942816297355254,1.0,0.7975380048278669,instance,mutual_info_top6
1,0.018115942028985477,0.0,0.03977272727272729,0.3333333333333333,0.15698919903587327,0.0,0.39040628312709214,0.9892780557541101,1.0,0.8521239247246587,instance,mutual_info_top6
1,0.15261284436600764,0.0,0.20420420420420415,0.3333333333333333,0.10438993251862444,0.0,0.4321049752482643,0.9964260185847034,1.0,1.0672340870088277,instance,mutual_info_top6
1,0.15261284436600764,0.2,0.03977272727272729,0.3333333333333333,0.20811787239990698,0.3333333333333333,0.5175738681127765,1.0,1.0,0.4831152910734871,instance,mutual_info_top6
1,0.018115942028985477,0.0,0.036363636363636376,0.5416666666666666,0.09107556663181515,0.0,0.32866674826324904,0.9928520371694067,0.8333333333333334,1.6773019169698788,instance,mutual_info_top6
1,0.09561525271495064,0.0,0.036363636363636376,0.3333333333333333,0.11616323134481737,0.0,0.31565830244369475,0.9849892780557541,1.0,0.8665912578574533,instance,mutual_info_top6
1,0.007440476190476275,0.0,0.036363636363636376,0.3333333333333333,0.14481497514745545,0.0,0.16943724659633252,0.9328091493924231,1.0,1.1570902502855231,instance,mutual_info_top6
1,0.17147330617965217,0.2,0.20420420420420415,0.375,0.0965704305259768,0.0,0.4259877732552947,0.9985704074338814,1.0,0.8915132764596756,instance,mutual_info_top6
1,0.25144927536231876,0.4,0.03977272727272729,0.3333333333333333,0.08994066717876098,1.0,0.6182781900649459,1.0,1.0,1.4190093180312342,instance,mutual_info_top6
1,0.09561525271495064,0.0,0.036363636363636376,0.3333333333333333,0.09724734734243706,0.0,0.3717137675950204,0.9878484631879915,1.0,1.3891611223330562,instance,mutual_info_top6
1,0.0,0.4,0.15476190476190477,0.375,0.08953182022195644,0.0,0.4698038253555291,0.9985704074338814,1.0,2.959099724048132,instance,mutual_info_top6
1,0.26146963168408366,0.4,0.2954545454545454,0.4583333333333333,0.48804333703212277,0.0,0.4318927050389072,0.9985704074338814,1.0,0.35163779619699737,instance,mutual_info_top6
1,0.17293103003072785,0.2,0.03977272727272729,0.3333333333333333,0.2715492252731074,0.0,0.4604258292901091,0.9985704074338814,1.0,0.515473852689815,instance,mutual_info_top6
1,0.4616062437059415,0.8,0.036363636363636376,0.3333333333333333,0.10191890178759105,1.0,0.5424602605656536,1.0,1.0,0.5411263512961394,instance,mutual_info_top6
1,0.11737547447517238,0.0,0.03977272727272729,0.3333333333333333,0.19594742207996252,0.0,0.43552188627257205,0.995711222301644,1.0,0.9140484221533361,instance,mutual_info_top6
1,0.2105400299654745,0.0,0.02352941176470591,0.25,0.37207279206312105,0.0,0.2419912515523922,0.9635453895639743,1.0,0.6479592902187208,instance,mutual_info_top6
1,0.11737547447517238,0.0,0.03977272727272729,0.3333333333333333,0.15191432432958496,0.0,0.3402268353262814,0.9914224446032881,1.0,1.1490719278346266,instance,mutual_info_top6
1,0.044782608695652204,0.0,0.036363636363636376,0.3333333333333333,0.10053780747026375,0.0,0.3694235807697135,0.9764117226590422,1.0,1.2917711310172528,instance,mutual_info_top6
1,0.1363943549990062,0.2,0.20420420420420415,0.375,0.09120598273831193,0.3333333333333333,0.43018154823003407,0.9985704074338814,1.0,1.549637632748842,instance,mutual_info_top6
1,0.21383116279979264,0.0,0.32352941176470584,0.375,0.23489002378862833,0.0,0.34127179419829246,0.9842744817726948,1.0,0.613489571474624,instance,mutual_info_top6
1,0.09561525271495064,0.0,0.036363636363636376,0.3333333333333333,0.10979595395821518,0.0,0.2592868248111514,0.9735525375268048,1.0,1.0078178562777442,instance,mutual_info_top6
1,0.14377062706270627,0.2,0.20420420420420415,0.375,0.09020021637057318,0.5,0.5086130469108925,1.0,0.8333333333333334,1.9888962906201029,instance,mutual_info_top6
1,0.22526929700314124,0.0,0.036363636363636376,0.3333333333333333,0.12387656836651634,0.0,0.40178684513484586,0.9921372408863474,1.0,0.5893373023155808,instance,mutual_info_top6
1,0.2105400299654745,0.0,0.02352941176470591,0.25,0.41711445587259954,0.0,0.32400843318737815,0.9814152966404575,1.0,0.5190445291999481,instance,mutual_info_top6
1,0.28466449613312605,0.4,0.02352941176470591,0.25,0.3301153187746544,0.5,0.4448952113745307,0.9992852037169406,1.0,0.20765025852210953,instance,mutual_info_top6
1,0.1517165005537099,0.0,0.02352941176470591,0.25,0.44680188493646567,0.0,0.24653083796812825,0.9742673338098642,1.0,-0.10134625097070975,instance,mutual_info_top6
1,0.18959528843249773,0.0,0.036363636363636376,0.3333333333333333,0.32800229677446746,0.0,0.3897837586308558,0.9914224446032881,1.0,1.0511467552734233,instance,mutual_info_top6
1,0.11737547447517238,0.0,0.03977272727272729,0.3333333333333333,0.10917994868703973,0.0,0.34339998671014593,0.9892780557541101,1.0,1.1287789645766801,instance,mutual_info_top6
1,0.09976413844278376,0.0,0.036363636363636376,0.3333333333333333,0.1359017659041445,0.0,0.24210911135454372,0.9756969263759828,1.0,0.7493243151608889,instance,mutual_info_top6
1,0.32165114107658566,0.2,0.3529411764705882,0.375,0.5893856412362024,1.0,0.500041363806351,1.0,1.0,0.23699634508870748,instance,mutual_info_top6
1,0.007440476190476275,0.0,0.036363636363636376,0.3333333333333333,0.0916470739791162,0.0,0.2551918072456052,0.9363831308077198,1.0,2.127972975037592,instance,mutual_info_top6
1,0.044782608695652204,0.2,0.036363636363636376,0.3333333333333333,0.09205832712754791,0.0,0.3848993746189411,0.9971408148677627,1.0,1.433888614338367,instance,mutual_info_top6
1,0.11737547447517238,0.0,0.03977272727272729,0.3333333333333333,0.14668608596711685,0.0,0.4205925436869593,0.9942816297355254,1.0,0.9297294330008492,instance,mutual_info_top6
1,0.1507088078085057,0.2,0.036363636363636376,0.3333333333333333,0.1304940255018291,0.5,0.5397285661713698,1.0,1.0,1.1372673232352324,instance,mutual_info_top6
1,0.09561525271495064,0.0,0.036363636363636376,0.3333333333333333,0.09840034486274407,0.0,0.31265793557745025,0.9442458899213724,1.0,1.3127066922478083,instance,mutual_info_top6
1,0.11737547447517238,0.0,0.03977272727272729,0.3333333333333333,0.12332621770836422,0.0,0.3189050222744082,0.995711222301644,1.0,1.0305243921403386,instance,mutual_info_top6
1,0.09976413844278376,0.0,0.036363636363636376,0.3333333333333333,0.13305232639574938,0.0,0.3111494392729143,0.9649749821300929,1.0,0.5305828738583434,instance,mutual_info_top6
1,0.0495424071812961,0.0,0.036363636363636376,0.3333333333333333,0.09272992506527533,0.0,0.352935181475149,0.9907076483202287,1.0,1.4153802294792175,instance,mutual_info_top6
1,0.12426004505212429,0.4,0.20420420420420415,0.4166666666666667,0.0915816252299329,0.3333333333333333,0.3117830801571616,0.9992852037169406,1.0,1.6035249481301836,instance,mutual_info_top6
1,0.15261284436600764,0.0,0.036363636363636376,0.3333333333333333,0.11004875240282141,0.0,0.361915290380295,0.9721229449606862,1.0,1.2075884585547845,instance,mutual_info_top6
1,0.1507088078085057,0.0,0.036363636363636376,0.4583333333333333,0.10601969494140101,0.0,0.3337320171984156,0.9828448892065761,1.0,1.0372717936692515,instance,mutual_info_top6
