y,Hostility,kDN,DCP,TD_U,CLD,N1,N2,LSC,F1,F2,F3,F4,L1,level,subset
0,0.18583333333333332,0.2306666666666667,0.243911040771631,0.5553921568627451,0.3985615525956534,0.1809133597883598,0.45820781460085774,0.9933208229079789,0.98975,0.6618543260770778,0.8603709274059362,0.9871043313718866,0.23332222615200776,class,complexity_kDN_top20
1,0.06444444444444444,0.12655555555555556,0.16260736051442065,0.6541176470588236,0.2637972315514025,0.1116139770723104,0.44032521227942173,0.9915008337965537,0.9925833333333334,0.6679506937772788,0.8640331760473323,0.9877443194080694,0.3809209541973785,class,complexity_kDN_top20
dataset,0.113,0.1682,0.19512883261730476,0.6146274509803922,0.31770295996910286,0.13933373015873016,0.44747825320799606,0.9922288294411237,0.9914500000000002,0.6655121466971984,0.862568276590774,0.9874883241935962,0.3218814629792302,class,complexity_kDN_top20
0,0.7121621621621621,0.4,0.1123595505617978,0.5882352941176471,0.21893939348308677,0.0,0.49680968998454134,0.9991659716430359,1.0,0.6693310249361218,0.8774327500078059,0.9907277397621607,0.5395421928313956,instance,complexity_kDN_top20
0,0.4920634920634921,0.4,0.25619834710743805,0.7647058823529411,0.3830020190412014,0.0,0.42653604284192737,0.9983319432860718,1.0,0.6697491967687971,0.8851851239439178,0.9850403937237171,-0.026274093280079396,instance,complexity_kDN_top20
0,0.026315789473684292,0.2,0.14814814814814814,0.5882352941176471,0.20928388250640734,0.0,0.45507044875658886,0.9974979149291076,1.0,0.6697987917949813,0.862325538953353,0.9866442318122322,0.43130944714590874,instance,complexity_kDN_top20
0,0.0,0.0,0.2777777777777778,0.7058823529411765,0.20304813033224056,0.0,0.4247314708057106,0.969140950792327,0.9,0.2616780749745116,0.8219898867268057,0.9877734670801845,3.251368521655637,instance,complexity_kDN_top20
0,0.07352941176470584,0.0,0.05128205128205132,0.5882352941176471,0.20540886699547312,0.0,0.4231880557181529,0.9808173477898249,1.0,0.6678992152166365,0.8618376781911788,0.9801144154747491,0.12618002288157043,instance,complexity_kDN_top20
0,0.0,0.0,0.14814814814814814,0.5882352941176471,0.20646312450498405,0.0,0.44410924846480293,0.9949958298582152,1.0,0.6706492994294453,0.8376076774255166,0.9859981595641828,0.4861462385805559,instance,complexity_kDN_top20
0,0.01388888888888884,0.4,0.40625,0.35294117647058826,0.3300101405970309,0.3333333333333333,0.5311341800600548,1.0,1.0,0.6688546200298227,0.8551927505594008,0.9906394315058606,-0.10336554703755466,instance,complexity_kDN_top20
0,0.2698412698412699,0.2,0.15217391304347827,0.6470588235294118,0.20304828192659563,0.3333333333333333,0.4615521687775286,0.9983319432860718,1.0,0.6698436702755826,0.8881696854144643,0.998053119533897,0.21044490431889243,instance,complexity_kDN_top20
0,0.5198412698412699,0.8,0.8245614035087719,0.5294117647058824,0.5789394940557059,0.3333333333333333,0.5037310113501972,1.0,1.0,0.6729232698852627,0.8828332349868256,0.9995752597444436,-0.11870241232031488,instance,complexity_kDN_top20
0,0.8270223752151463,0.4,0.14814814814814814,0.5882352941176471,0.5238144259354611,0.0,0.49939953658526937,0.9991659716430359,1.0,0.674661855044105,0.8590451809561749,0.9783261825439654,-0.17615873106550414,instance,complexity_kDN_top20
0,0.07352941176470584,0.0,0.05128205128205132,0.5882352941176471,0.7712290391751894,0.0,0.4110743464790625,0.9841534612176814,1.0,0.6701640604876189,0.8490689392749058,0.9924566781412334,0.3293456157031294,instance,complexity_kDN_top20
0,0.023809523809523836,0.0,0.03240740740740744,0.4117647058823529,0.2034131060438401,0.0,0.4508779829405001,0.9933277731442869,0.95,0.6605879344857452,0.8220561187224454,0.9722022879188248,0.397348544879886,instance,complexity_kDN_top20
0,0.6198412698412699,0.4,0.3571428571428571,0.5882352941176471,0.40537741221562595,0.0,0.46168296631710826,0.9991659716430359,1.0,0.6716645411401603,0.8852963644844138,0.9846442052637474,-0.10090767891123137,instance,complexity_kDN_top20
0,0.03947368421052633,0.2,0.05128205128205132,0.5882352941176471,0.23128761323885377,0.0,0.46927919847844,0.9966638865721434,1.0,0.6712767588537791,0.8959209256271243,0.9995428617358694,0.24419203649044885,instance,complexity_kDN_top20
0,0.09774436090225569,0.4,0.15217391304347827,0.6470588235294118,0.3062726974901562,0.3333333333333333,0.44562530917543863,0.9991659716430359,1.0,0.6698471765994496,0.8609141928682205,0.9773630575891743,0.17147979593887744,instance,complexity_kDN_top20
0,0.07631578947368423,0.0,0.8181818181818181,0.5294117647058824,0.24352065109332932,0.0,0.4481362200132304,0.9924937447873228,1.0,0.6707794538678679,0.8699029010089866,0.9836030670981923,0.33780165269193796,instance,complexity_kDN_top20
0,0.536036036036036,1.0,0.9075144508670521,0.8235294117647058,0.7901870712137998,1.0,0.5450228388876919,1.0,1.0,0.6705830538266232,0.9063818755535384,0.9924736025380118,-0.1965228431424662,instance,complexity_kDN_top20
0,0.3615384615384616,0.8,0.9358974358974359,0.6470588235294118,0.8574770591485665,0.0,0.46174147368499896,0.9991659716430359,1.0,0.6726123947282521,0.8544949333785533,0.9809000511583624,-0.3453256977184667,instance,complexity_kDN_top20
0,0.023809523809523836,0.0,0.05128205128205132,0.7058823529411765,0.23801535104733523,0.0,0.44433622745298185,0.987489574645538,0.95,0.6623037921044419,0.863737061071238,0.9953371222977246,0.5283063552663279,instance,complexity_kDN_top20
0,0.6807017543859649,0.8,0.2777777777777778,0.7058823529411765,0.4929559998120906,0.0,0.4712716242948156,0.9991659716430359,1.0,0.6780550331668803,0.8633925822666942,0.9640321483291755,0.17877527765802392,instance,complexity_kDN_top20
0,0.5121621621621621,0.6,0.4347826086956522,0.8235294117647058,0.5684530921888054,0.0,0.4546305790807975,0.9983319432860718,1.0,0.6723147136099977,0.8965004768214344,0.9998570778529803,0.1846450061433294,instance,complexity_kDN_top20
0,0.026315789473684292,0.0,0.1123595505617978,0.5294117647058824,0.20304813036893565,0.0,0.4425820068452664,0.9924937447873228,1.0,0.6704091762774956,0.841996425043477,0.9883747502467877,0.683847699739251,instance,complexity_kDN_top20
0,0.24583333333333335,0.0,0.12121212121212122,0.35294117647058826,0.20333276319831323,0.0,0.4224582025175414,0.9916597164303587,1.0,0.6687979684133893,0.82243228670303,0.9664331140114477,0.3829649702600034,instance,complexity_kDN_top20
0,0.44887955182072836,0.6,0.25619834710743805,0.7058823529411765,0.6653832302274121,0.0,0.48984703803670393,0.9983319432860718,1.0,0.6710137235175083,0.8827085188257457,0.9955277934283067,0.06542606252281914,instance,complexity_kDN_top20
0,0.44887955182072836,0.4,0.2777777777777778,0.5882352941176471,0.591282427773785,0.0,0.47594929030293864,0.9974979149291076,1.0,0.6729055610587764,0.8771562999246543,0.9702598099313274,0.18216441380911788,instance,complexity_kDN_top20
0,0.46984126984126984,0.4,0.9,0.35294117647058826,0.20304813033224056,0.5,0.44317201809920126,0.9991659716430359,1.0,0.6721785005282259,0.888363593304911,0.9994674879246778,0.04244298403306065,instance,complexity_kDN_top20
0,0.20270270270270263,0.4,0.7241379310344828,0.5294117647058824,0.25514379879702787,0.0,0.4587198757544504,0.9974979149291076,1.0,0.6715347852336541,0.8772078661722228,0.9924137415346385,0.5315887459042626,instance,complexity_kDN_top20
0,0.009433962264150941,0.2,0.03240740740740744,0.47058823529411764,0.20558082407259615,1.0,0.5221837088637182,1.0,1.0,0.6686892165117664,0.8675629156333011,0.9983464503156935,0.03771980988435051,instance,complexity_kDN_top20
0,0.026315789473684292,0.0,0.1123595505617978,0.5882352941176471,0.2363501172283825,0.0,0.4369830338433588,0.9958298582151793,1.0,0.6697132153542444,0.876925578321071,0.9965301686325131,0.6876090903669184,instance,complexity_kDN_top20
0,0.19444444444444442,0.2,0.15217391304347827,0.6470588235294118,0.20304813033224056,0.5,0.4415741310069521,0.9991659716430359,0.95,0.6480532361262696,0.848998373161929,0.9830707328265931,0.8498208302003107,instance,complexity_kDN_top20
0,0.009433962264150941,0.4,0.03240740740740744,0.4117647058823529,0.20380563473557906,0.0,0.4835857283130077,0.9991659716430359,1.0,0.6715756297023847,0.8743646501475848,0.9931916323637335,0.16758842295413787,instance,complexity_kDN_top20
0,0.21511627906976738,0.4,0.09999999999999998,0.6470588235294118,0.23494399510399988,0.0,0.49123424631956714,0.9991659716430359,1.0,0.6732874359165583,0.8614480824877313,0.9649972911179878,0.7506324797590097,instance,complexity_kDN_top20
0,0.2698412698412699,0.0,0.15217391304347827,0.6470588235294118,0.41468132904650457,0.5,0.4698603156099025,0.9958298582151793,1.0,0.6685676536374436,0.8842286408824576,0.9981681187700264,0.04226353346042113,instance,complexity_kDN_top20
0,0.7186813186813187,0.4,0.9465408805031447,0.7647058823529411,0.8341861199446408,0.4,0.4897593182584409,0.9991659716430359,1.0,0.6719617299150583,0.888461255245978,0.9830723260385904,-0.028804996797402904,instance,complexity_kDN_top20
0,0.009433962264150941,0.0,0.03240740740740744,0.4117647058823529,0.203089718762539,0.0,0.44676734064795354,0.9866555462885738,0.95,0.6341907580395084,0.8530309289965448,0.9739428915268321,0.7010309695251127,instance,complexity_kDN_top20
0,0.13602941176470584,0.4,0.9358974358974359,0.5294117647058824,0.870661696530925,0.0,0.429826523189051,0.9991659716430359,1.0,0.6672379674851767,0.864539901023462,0.9975937203281589,0.23009256795047012,instance,complexity_kDN_top20
0,0.2527027027027027,0.2,0.05128205128205132,0.7058823529411765,0.519668882204298,0.5,0.5594377578793247,1.0,1.0,0.6728152727859669,0.8852568445941819,0.9991962120321596,-0.0789762259712711,instance,complexity_kDN_top20
0,0.0,0.0,0.03240740740740744,0.4117647058823529,0.20304885676351297,0.0,0.35885461242153904,0.9791492910758965,1.0,0.6716914833887196,0.8410155262452303,0.9601794239985113,0.8361461251868783,instance,complexity_kDN_top20
0,0.4198412698412699,0.2,0.25619834710743805,0.7647058823529411,0.23137525431087436,0.0,0.4708517300871279,0.9983319432860718,1.0,0.6718277296431155,0.8602184276247188,0.9820267767687509,0.5304046683088912,instance,complexity_kDN_top20
0,0.42391304347826086,0.6,0.765625,0.6470588235294118,0.25009366696082136,1.0,0.5806522918385881,1.0,1.0,0.6714421715141441,0.8312088615115798,0.9703358854349396,-0.2968415552333098,instance,complexity_kDN_top20
0,0.575487012987013,0.6,0.05128205128205132,0.7058823529411765,0.5153380352543813,0.3333333333333333,0.5370258278426906,1.0,1.0,0.6694680892529631,0.8904295102812011,0.9854810040481842,0.25595479975615626,instance,complexity_kDN_top20
0,0.16666666666666674,0.0,0.25619834710743805,0.7647058823529411,0.20510363704405654,0.0,0.4009341005858116,0.9908256880733946,1.0,0.6699543544317625,0.8421390873770671,0.9914785638724471,0.538665012100885,instance,complexity_kDN_top20
0,0.42307692307692313,0.0,0.08247422680412375,0.47058823529411764,0.3684787473194229,0.0,0.44429344198045895,0.9933277731442869,1.0,0.672678482132148,0.8558668959756982,0.9963489566436703,0.2832742747308756,instance,complexity_kDN_top20
0,0.026315789473684292,0.0,0.1123595505617978,0.4117647058823529,0.2030500514784418,0.0,0.3975660591599961,0.969140950792327,1.0,0.6695688104003875,0.8493747543165135,0.9794202354941355,0.17911863550721038,instance,complexity_kDN_top20
0,0.0,0.0,0.25619834710743805,0.7647058823529411,0.20805978637928868,0.0,0.44410599226359004,0.9891576313594662,1.0,0.6740499662139132,0.8561460832448361,0.9986900505812736,0.4961572517424799,instance,complexity_kDN_top20
0,0.02777777777777779,0.2,0.08247422680412375,0.47058823529411764,0.20753345826991643,0.0,0.45722204625034824,0.9974979149291076,1.0,0.669103387995625,0.8425721511572632,0.9679433184063342,0.6023120213798809,instance,complexity_kDN_top20
0,0.7387295081967213,0.4,0.9075144508670521,0.8235294117647058,0.813120394102532,0.0,0.3898138819812681,0.9974979149291076,1.0,0.6716449440189668,0.9050642434356252,0.9975406392724612,-0.15288195329596935,instance,complexity_kDN_top20
0,0.0,0.2,0.25619834710743805,0.5294117647058824,0.8238207641072226,0.0,0.4910145846266072,0.9983319432860718,0.95,0.6666666666666666,0.81215553777556,0.9945970458280723,0.6991814460699652,instance,complexity_kDN_top20
0,0.01388888888888884,0.0,0.08247422680412375,0.47058823529411764,0.21332842223112164,0.0,0.45656839170144814,0.9933277731442869,1.0,0.6692433811921666,0.8551908199805378,0.9935241347467018,0.17467276807515256,instance,complexity_kDN_top20
0,0.6048850574712643,0.4,0.08247422680412375,0.5882352941176471,0.6329992456259513,0.0,0.44644929464046756,0.9974979149291076,1.0,0.6720264178262804,0.9008391091626257,0.9953884697776509,0.22310555983880334,instance,complexity_kDN_top20
0,0.08881578947368429,0.2,0.09999999999999998,0.6470588235294118,0.25667006106199486,0.0,0.4821494806282959,0.9974979149291076,1.0,0.670274541670167,0.8786847242957938,0.9774057433260865,0.32548436103409156,instance,complexity_kDN_top20
0,0.03191489361702127,0.0,0.1123595505617978,0.5882352941176471,0.25326886108244784,0.0,0.4367699169365248,0.9858215179316097,1.0,0.6695588225386545,0.8213985105431236,0.9346522900613919,0.33913124077022105,instance,complexity_kDN_top20
0,0.3615384615384616,0.4,0.2195121951219512,0.5882352941176471,0.6782744305771314,0.0,0.3939871886115687,0.9983319432860718,1.0,0.6698040460824124,0.8785815301560069,0.9923813302285075,-0.08789737817508421,instance,complexity_kDN_top20
0,0.702020202020202,0.6,0.9358974358974359,0.5294117647058824,0.6509385031032418,0.0,0.49462781520704,0.9991659716430359,1.0,0.669760146596937,0.847442533933864,0.9970751682004698,-0.26535748770124407,instance,complexity_kDN_top20
0,0.0,0.2,0.1123595505617978,0.4117647058823529,0.20315886148315326,0.0,0.4838965906686403,0.9983319432860718,1.0,0.6675825850635259,0.8359352832115219,0.9839718610639986,0.1120222733711561,instance,complexity_kDN_top20
0,0.009433962264150941,0.4,0.9358974358974359,0.7058823529411765,0.8402183364113087,1.0,0.503608477480993,1.0,1.0,0.672021993715839,0.8681454319151225,0.9999737574889359,-0.5833758319587041,instance,complexity_kDN_top20
0,0.3695054945054945,0.0,0.25619834710743805,0.7647058823529411,0.21664801815458684,0.0,0.4288044571016518,0.9924937447873228,1.0,0.6699576792133203,0.8679604639750436,0.9959169158691888,0.345109483695466,instance,complexity_kDN_top20
0,0.16666666666666674,0.2,0.25619834710743805,0.5294117647058824,0.20305926772322014,0.0,0.4643125531155442,0.9983319432860718,1.0,0.6739455896565374,0.8242121790655869,0.9971170573456912,-0.021345904125619028,instance,complexity_kDN_top20
0,0.009433962264150941,0.0,0.03240740740740744,0.4117647058823529,0.20304813033224056,0.0,0.3892133482979375,0.9424520433694745,1.0,0.6718334321349082,0.855450143047736,0.9920963555940648,1.066995830057894,instance,complexity_kDN_top20
0,0.0,0.0,0.1123595505617978,0.4117647058823529,0.2695331131889196,0.0,0.4350615195703742,0.994161801501251,1.0,0.680331787477481,0.8445660203546217,0.9938008239885044,-0.06870030529075549,instance,complexity_kDN_top20
0,0.0,0.2,0.1123595505617978,0.4117647058823529,0.21528405732661948,0.0,0.47160065776376436,0.9966638865721434,1.0,0.6678392265291512,0.8725125106618181,0.9999582614442359,0.11333852961659599,instance,complexity_kDN_top20
0,0.06944444444444442,0.2,0.05128205128205132,0.7058823529411765,0.5633101096420404,0.5,0.4916813621765377,0.9983319432860718,1.0,0.6743064529158405,0.8987626911632495,0.9828651735790471,0.015108518953899815,instance,complexity_kDN_top20
0,0.0,0.0,0.1123595505617978,0.5882352941176471,0.20304854297741703,0.0,0.39957943931672146,0.8915763135946622,1.0,0.6696371640790254,0.8294831300297606,0.9909923573598142,0.950650097096283,instance,complexity_kDN_top20
0,0.0,0.0,0.1123595505617978,0.4117647058823529,0.21407878854449253,0.0,0.4250475321503181,0.9958298582151793,1.0,0.6698229208957132,0.8516706844732317,0.9823626444253069,-0.10282423818035583,instance,complexity_kDN_top20
0,0.08191489361702131,0.0,0.15217391304347827,0.6470588235294118,0.2349214220884509,0.0,0.4585777340969748,0.9958298582151793,1.0,0.6687702308332415,0.8594073643936329,0.9905212263724381,0.0169120923118785,instance,complexity_kDN_top20
0,0.5897727272727272,0.6,0.9075144508670521,0.8235294117647058,0.8022961412472016,0.5714285714285714,0.48207508796567566,0.9983319432860718,1.0,0.6698578374523153,0.899203950916727,0.9956078147735772,-0.01867014798407852,instance,complexity_kDN_top20
0,0.009433962264150941,0.0,0.03240740740740744,0.4117647058823529,0.20304836010682392,0.0,0.4456396651943496,0.9958298582151793,0.95,0.6545597717753905,0.8582715126230462,0.9961557838635778,0.22230029718508182,instance,complexity_kDN_top20
0,0.7387295081967213,0.2,0.05128205128205132,0.5882352941176471,0.7776621289194907,0.0,0.4947348035045226,0.9991659716430359,1.0,0.6727443507142096,0.8768370739992288,0.9957581909960012,-0.00841031059676323,instance,complexity_kDN_top20
0,0.16666666666666674,0.2,0.25619834710743805,0.7647058823529411,0.20304813033224056,0.0,0.4228047397596473,0.9983319432860718,1.0,0.671134838737264,0.8567375314664677,0.9832530553051982,1.0012252205405427,instance,complexity_kDN_top20
0,0.6774509803921569,0.2,0.8245614035087719,0.5294117647058824,0.653070894958504,0.0,0.4606430017755013,0.9974979149291076,1.0,0.6730864080104817,0.8834458219717719,0.9862054803991263,-0.23023735222868727,instance,complexity_kDN_top20
0,0.29844961240310075,0.2,0.08247422680412375,0.47058823529411764,0.4295306640430355,0.0,0.44403771719544727,0.9974979149291076,1.0,0.6697183099615276,0.8668877520506699,0.9968594426277729,0.017052180072612257,instance,complexity_kDN_top20
0,0.2897727272727273,0.0,0.3571428571428571,0.5882352941176471,0.7876134373554542,0.0,0.4443761446782293,0.994161801501251,1.0,0.6714075619573455,0.8595858953247528,0.9999679208729241,0.37864670369436676,instance,complexity_kDN_top20
0,0.1291208791208791,0.2,0.05128205128205132,0.7058823529411765,0.48214742132340377,0.0,0.4815326697155342,0.9983319432860718,1.0,0.6704618078752103,0.8915427853680329,0.9830615799183349,0.16639282244108827,instance,complexity_kDN_top20
0,0.023809523809523836,0.0,0.05128205128205132,0.7058823529411765,0.2037332536239908,0.0,0.4003521179808607,0.9858215179316097,0.95,0.6666666666666666,0.8302278663238389,0.938197387906007,0.658953588309562,instance,complexity_kDN_top20
0,0.3990825688073394,0.2,0.4347826086956522,0.6470588235294118,0.8677664304153168,0.0,0.4515010046618092,0.9966638865721434,1.0,0.6720019232713375,0.8727421516200913,0.9989504141036659,0.2645828818161992,instance,complexity_kDN_top20
0,0.6557017543859649,0.6,0.8877551020408163,0.5294117647058824,0.5710275130916396,1.0,0.5058613943139847,1.0,1.0,0.6706399187864358,0.8582695905739843,0.9599424163723365,-0.058334195556272096,instance,complexity_kDN_top20
0,0.026315789473684292,0.0,0.1123595505617978,0.4117647058823529,0.2030491287273971,0.0,0.41011154868085986,0.9557964970809008,0.9,0.6088351277393628,0.8358641211491401,0.9943448151021873,0.8865851223913774,instance,complexity_kDN_top20
0,0.0,0.2,0.12121212121212122,0.35294117647058826,0.20569143767679776,0.0,0.46891023158582246,0.9983319432860718,1.0,0.6688695595971679,0.8247522829864764,0.9588655734075695,0.3971265315863368,instance,complexity_kDN_top20
0,0.026315789473684292,0.0,0.03240740740740744,0.4117647058823529,0.2797139063679571,0.0,0.489449222121628,0.994161801501251,1.0,0.669255865531029,0.8690265076944262,0.982047979562404,0.6063765321254649,instance,complexity_kDN_top20
0,0.0,0.2,0.40625,0.35294117647058826,0.20304825427244416,0.0,0.43772104703636705,0.9983319432860718,0.8,0.5962173158578523,0.8044447664757547,0.9612638801015108,0.32165157113112236,instance,complexity_kDN_top20
0,0.45463812436289497,0.2,0.08247422680412375,0.47058823529411764,0.8682782978230273,0.0,0.43767131275958093,0.9983319432860718,1.0,0.6725226463762439,0.8785747799735162,0.9681425309969528,-0.14694806584051173,instance,complexity_kDN_top20
0,0.026315789473684292,0.0,0.25619834710743805,0.7647058823529411,0.20304813033224756,0.0,0.39290644730591273,0.9849874895746455,1.0,0.6687026292695746,0.8432772204911213,0.9955215206930917,0.7898282167374293,instance,complexity_kDN_top20
0,0.0,0.0,0.1123595505617978,0.4117647058823529,0.20304813033224056,0.0,0.34344707586835677,0.9708090075062552,0.9,0.5830618160191285,0.8118559938026293,0.9770045035897637,1.7538144667110487,instance,complexity_kDN_top20
0,0.17352941176470593,0.0,0.03703703703703709,0.6470588235294118,0.21341100320208456,0.0,0.43079650112134626,0.9916597164303587,0.9,0.6641909687910864,0.8543565794345781,0.9965307625632578,-0.07113745817908151,instance,complexity_kDN_top20
0,0.0,0.0,0.12121212121212122,0.35294117647058826,0.2049794805791681,0.0,0.4692504296841953,0.9949958298582152,1.0,0.6691452732519713,0.8395017483274712,0.9933875463890525,-0.1152655852291766,instance,complexity_kDN_top20
0,0.026315789473684292,0.0,0.03240740740740744,0.4117647058823529,0.20308171027030097,0.0,0.42404274373022344,0.9708090075062552,1.0,0.6682185231271086,0.8339429574509097,0.996988658655383,1.1365312158306098,instance,complexity_kDN_top20
0,0.01388888888888884,0.0,0.1123595505617978,0.4117647058823529,0.2185274273165791,0.0,0.4563636434428797,0.994161801501251,1.0,0.6673090373152277,0.8304569626860305,0.9905683702774579,0.7559294278636632,instance,complexity_kDN_top20
0,0.8611111111111112,0.8,0.8888888888888888,0.5294117647058824,0.8625158944747897,1.0,0.5373496609771007,1.0,1.0,0.671289360350449,0.8600172670147657,0.9922552900016323,-0.12993806168479408,instance,complexity_kDN_top20
0,0.08191489361702131,0.2,0.7241379310344828,0.5882352941176471,0.24188076418621934,0.0,0.3852036467036133,0.9974979149291076,1.0,0.6714812547184823,0.8880870593931078,0.990337895496778,0.6733620504058582,instance,complexity_kDN_top20
0,0.009433962264150941,0.2,0.15217391304347827,0.7058823529411765,0.3414292614906661,0.0,0.47775094859428835,0.9983319432860718,1.0,0.6698716451296509,0.8714005710351154,0.9994818752256968,-0.1359262545775264,instance,complexity_kDN_top20
0,0.02777777777777779,0.2,0.5555555555555556,0.5294117647058824,0.20304813033224056,0.0,0.4989994843112914,0.9991659716430359,0.9,0.3641036741869357,0.8017044987074213,0.9824892138506258,2.4029970737992654,instance,complexity_kDN_top20
0,0.0,0.0,0.25619834710743805,0.7647058823529411,0.20304813033224056,0.0,0.4583486373812108,0.9916597164303587,0.85,0.3702043162222975,0.8235695799332475,0.9766447175357783,1.8016409876863329,instance,complexity_kDN_top20
0,0.03191489361702127,0.0,0.25619834710743805,0.7647058823529411,0.24016716265415278,0.0,0.41327716115169255,0.9883236030025021,1.0,0.668362576939308,0.8464807377674841,0.9661450848585004,0.5644781519343449,instance,complexity_kDN_top20
0,0.0,0.0,0.1123595505617978,0.4117647058823529,0.20321815049670622,0.0,0.40179041499033064,0.9866555462885738,0.95,0.6434663552546664,0.8187757660500097,0.9999360725692525,0.20604848905030937,instance,complexity_kDN_top20
0,0.07631578947368423,0.0,0.09999999999999998,0.6470588235294118,0.20321653315913046,0.0,0.4109250244199264,0.9891576313594662,1.0,0.669896137894175,0.8610359350247998,0.9763141332303586,0.305042227909362,instance,complexity_kDN_top20
0,0.3635912698412699,0.4,0.7796610169491526,0.8235294117647058,0.575291952888334,0.6666666666666666,0.5146189864733275,1.0,1.0,0.6699283432866671,0.892517236862914,0.9747638355157482,-0.0689409036121224,instance,complexity_kDN_top20
0,0.026315789473684292,0.2,0.08247422680412375,0.47058823529411764,0.21680440859054917,1.0,0.5219674671553158,1.0,1.0,0.6672663244019351,0.8232612049100816,0.9858166503386737,0.43753784940228435,instance,complexity_kDN_top20
0,0.31666666666666665,0.0,0.03240740740740744,0.4117647058823529,0.49494584305591294,0.0,0.4286719764260888,0.994161801501251,1.0,0.6713523876081793,0.8450005663903288,0.9854202692432591,0.38182543751390424,instance,complexity_kDN_top20
0,0.45463812436289497,0.4,0.05128205128205132,0.7058823529411765,0.8445227097619887,0.0,0.48507893707408234,0.9983319432860718,1.0,0.6731326547212345,0.9079030839897809,0.9933016144179444,0.04033646305021346,instance,complexity_kDN_top20
0,0.08881578947368429,0.0,0.9465408805031447,0.5882352941176471,0.244076916576228,0.0,0.4362195102099852,0.9933277731442869,1.0,0.6693564654270122,0.8710713930954033,0.9893906692209463,0.1427916211087321,instance,complexity_kDN_top20
0,0.4920634920634921,0.8,0.7796610169491526,0.7058823529411765,0.41618389745842577,1.0,0.5231357066112612,1.0,1.0,0.6718821122960742,0.9062319553237798,0.9946541119343273,0.05039137472026643,instance,complexity_kDN_top20
0,0.2698412698412699,0.2,0.15217391304347827,0.6470588235294118,0.20304863611665624,0.0,0.47056681885937746,0.9974979149291076,1.0,0.6714561382488807,0.8514971279606225,0.9974102220443679,0.0994716182996408,instance,complexity_kDN_top20
0,0.49686520376175547,0.4,0.05128205128205132,0.5882352941176471,0.7516370244625192,0.6666666666666666,0.5426081432896566,1.0,1.0,0.6718209843505291,0.8955851157323058,0.9929621741963129,-0.06139487777193451,instance,complexity_kDN_top20
0,0.0,0.0,0.09999999999999998,0.6470588235294118,0.20304813033224056,0.0,0.46526607962773203,0.9949958298582152,0.9,0.1977757388017759,0.813271773759978,0.9773643169396931,4.679471620192001,instance,complexity_kDN_top20
0,0.6079545454545454,0.2,0.3571428571428571,0.5882352941176471,0.6691413980074414,1.0,0.502505539589025,1.0,1.0,0.6724407546524177,0.9069662881328927,0.9958171111768879,-0.12313793767643426,instance,complexity_kDN_top20
0,0.6590909090909091,0.2,0.03240740740740744,0.47058823529411764,0.20930893541534162,0.5,0.4955594533092015,0.9991659716430359,1.0,0.668975093442972,0.8487530498029556,0.9914373426768796,0.35708067542986505,instance,complexity_kDN_top20
0,0.17352941176470593,0.2,0.7796610169491526,0.9411764705882353,0.8162956141486912,0.0,0.4993490690745248,0.9983319432860718,1.0,0.6696220707676379,0.8915608232292961,0.9969497297735601,-0.08320564351067995,instance,complexity_kDN_top20
0,0.06944444444444442,0.0,0.08247422680412375,0.47058823529411764,0.3086950461925748,0.0,0.4368361734285513,0.994161801501251,1.0,0.6723014510335414,0.9011390460156669,0.9978985355231212,0.4189788776206292,instance,complexity_kDN_top20
0,0.5151162790697674,0.6,0.3939393939393939,0.7058823529411765,0.7528800065240625,0.0,0.459676459731589,0.9983319432860718,1.0,0.6725294127570004,0.8919111984182224,0.9990919832951286,-0.3472229124808687,instance,complexity_kDN_top20
0,0.23809523809523814,0.0,0.08247422680412375,0.47058823529411764,0.8321035852370468,0.0,0.44294631830662934,0.9933277731442869,1.0,0.6729023003035518,0.8615680627763045,0.9871843250188517,0.042419009034405986,instance,complexity_kDN_top20
0,0.0,0.2,0.25619834710743805,0.6470588235294118,0.2030895006112462,0.0,0.4725136997818927,0.9966638865721434,1.0,0.6674454259815727,0.8186709063985702,0.9879521454099538,0.7203857907315272,instance,complexity_kDN_top20
0,0.0,0.0,0.03240740740740744,0.4117647058823529,0.20656516927218238,0.0,0.4320863961172067,0.9908256880733946,1.0,0.6727507429465142,0.8433587024971121,0.9695860764640969,0.5562859656632853,instance,complexity_kDN_top20
0,0.5365448504983389,0.4,0.09999999999999998,0.6470588235294118,0.25701985471693334,0.0,0.49944002773721885,0.9991659716430359,1.0,0.6714881388294383,0.8693233588609806,0.9841354205579528,-0.07534111901085631,instance,complexity_kDN_top20
0,0.0,0.0,0.03240740740740744,0.4117647058823529,0.20305515376894012,0.0,0.4885188154225909,0.9958298582151793,0.95,0.5832731198525425,0.8139556966945831,0.9939069501979488,0.6795869617988425,instance,complexity_kDN_top20
0,0.7480769230769231,0.6,0.03703703703703709,0.6470588235294118,0.47505558047239727,0.5,0.5163757555422475,1.0,1.0,0.6680651016712961,0.8693665112989539,0.9998519156609141,0.1353057816978707,instance,complexity_kDN_top20
0,0.06498951781970652,0.4,0.2777777777777778,0.7058823529411765,0.2974734448943336,0.3333333333333333,0.5091762158763997,1.0,1.0,0.6793515963603292,0.8979827582378542,0.9953232293270166,-0.17011567249771126,instance,complexity_kDN_top20
0,0.2897727272727273,0.4,0.2195121951219512,0.5882352941176471,0.8630440448493291,0.0,0.42242785211980816,0.9974979149291076,1.0,0.6704184717538296,0.8785102805319538,0.9884609239078557,-0.3370698902328941,instance,complexity_kDN_top20
0,0.5121621621621621,0.2,0.03240740740740744,0.4117647058823529,0.20679012342103498,0.0,0.4807647319835092,0.9991659716430359,1.0,0.6781500252378792,0.8630965269640256,0.9943920210039395,0.2784204492856759,instance,complexity_kDN_top20
0,0.05769230769230771,0.0,0.05128205128205132,0.5882352941176471,0.20599370945747442,0.0,0.4517403778969957,0.9949958298582152,0.9,0.6557626855229439,0.8153640098344844,0.9665125913191555,0.2028743827005383,instance,complexity_kDN_top20
0,0.03947368421052633,0.0,0.03240740740740744,0.4117647058823529,0.21775540456841636,0.0,0.43687440772056996,0.9949958298582152,1.0,0.6726291514209022,0.8617195879181698,0.9955574945704497,0.07171805930283268,instance,complexity_kDN_top20
0,0.0,0.0,0.1123595505617978,0.4117647058823529,0.20334288424344982,0.0,0.3805157219790102,0.9799833194328608,1.0,0.6699383193315488,0.8525920770487352,0.9737571338569999,0.5594235825517357,instance,complexity_kDN_top20
0,0.2875,0.6,0.12121212121212122,0.35294117647058826,0.47617672433638025,1.0,0.5060350080469387,1.0,1.0,0.671382879484695,0.8479555025429152,0.9941700350880857,-0.03221073316651656,instance,complexity_kDN_top20
0,0.1291208791208791,0.4,0.765625,0.6470588235294118,0.700780491586695,0.0,0.44990861707175,0.9983319432860718,1.0,0.6735256603749126,0.8666824848103543,0.987720346234909,0.14671638965952488,instance,complexity_kDN_top20
0,0.10964912280701755,0.2,0.09999999999999998,0.6470588235294118,0.20568861940704003,0.3333333333333333,0.5252053404622328,1.0,1.0,0.6681276381099667,0.8619380143035027,0.9977609914650772,0.4158728993366132,instance,complexity_kDN_top20
0,0.5646929824561404,1.0,0.9358974358974359,0.6470588235294118,0.8502713502844825,1.0,0.5694247352560797,1.0,1.0,0.6693150466473087,0.8603692698581711,0.9803381356669121,-0.34814846190742293,instance,complexity_kDN_top20
0,0.05769230769230771,0.0,0.05128205128205132,0.5882352941176471,0.24911107037317615,0.0,0.46498410030721216,0.9958298582151793,1.0,0.6686072791257903,0.8320045290104267,0.9976519561508825,-0.1903891108817985,instance,complexity_kDN_top20
0,0.28409090909090906,0.2,0.9358974358974359,0.7647058823529411,0.5890595111280197,0.5,0.47889169818671284,0.9983319432860718,1.0,0.6726174360530243,0.8779529261889666,0.9942741851242867,-0.008873869398592952,instance,complexity_kDN_top20
0,0.07352941176470584,0.0,0.05128205128205132,0.5882352941176471,0.3234584299094019,0.0,0.41077772476847196,0.9933277731442869,1.0,0.6670944737683014,0.8534384126802689,0.987260862426039,0.34473483787667675,instance,complexity_kDN_top20
0,0.0,0.0,0.1123595505617978,0.4117647058823529,0.2030847374124628,0.0,0.433890757807907,0.9891576313594662,1.0,0.6687197860159027,0.8465698375550978,0.9866296962768202,0.6626039795378109,instance,complexity_kDN_top20
0,0.2807017543859649,0.2,0.14814814814814814,0.5882352941176471,0.2995952051128081,0.0,0.47912461276391194,0.9974979149291076,1.0,0.6731506537130224,0.8647768605643062,0.996399252697301,0.1308294919850147,instance,complexity_kDN_top20
0,0.2875,0.4,0.09999999999999998,0.6470588235294118,0.21767202120289558,0.3333333333333333,0.49617265350365514,0.9983319432860718,1.0,0.6708602869130286,0.848523178224341,0.9994762165318356,0.32245258555571976,instance,complexity_kDN_top20
0,0.5024509803921569,0.0,0.08247422680412375,0.47058823529411764,0.44864994745096043,0.0,0.46840789674812144,0.9949958298582152,1.0,0.6708540224487921,0.9020315259595171,0.9997893026290964,0.07100479451401709,instance,complexity_kDN_top20
0,0.0,0.2,0.03703703703703709,0.6470588235294118,0.317822934190064,0.0,0.39958492178555216,0.9966638865721434,1.0,0.6687347979176977,0.8512581587373097,0.9755863072749297,0.09076001721047684,instance,complexity_kDN_top20
0,0.03191489361702127,0.0,0.25619834710743805,0.7647058823529411,0.20336430240414904,0.0,0.38804725413306906,0.957464553794829,1.0,0.6691566317142261,0.825801016396532,0.9653780535936116,0.8121769480503226,instance,complexity_kDN_top20
0,0.16666666666666674,0.0,0.25619834710743805,0.7647058823529411,0.2054029350894539,0.0,0.36949756640391007,0.9908256880733946,1.0,0.6732042226141186,0.8236064262391931,0.9811544650559715,0.2319786100181422,instance,complexity_kDN_top20
0,0.49686520376175547,0.8,0.05128205128205132,0.5882352941176471,0.4337174416453067,0.3333333333333333,0.5747882557533113,1.0,1.0,0.6723199184167,0.8826590796374676,0.9922870884171511,0.029405716709431668,instance,complexity_kDN_top20
0,0.0,0.2,0.9545454545454546,0.4117647058823529,0.2063058785704846,0.0,0.47802554850551837,0.9974979149291076,1.0,0.6692403532056164,0.8444057281886769,0.9921918003770529,0.46467377127018855,instance,complexity_kDN_top20
0,0.10964912280701755,0.4,0.9358974358974359,0.6470588235294118,0.44048918100754975,0.0,0.47875926973292515,0.9983319432860718,1.0,0.6692838576531499,0.875985109238392,0.99952895845372,-0.310392441176482,instance,complexity_kDN_top20
0,0.21153846153846156,0.0,0.05128205128205132,0.5882352941176471,0.20304875109854886,0.0,0.4525098414679881,0.994161801501251,1.0,0.6685568966085615,0.8535157712151366,0.9887492762580227,0.4628063958697058,instance,complexity_kDN_top20
0,0.22413793103448276,0.2,0.5555555555555556,0.5294117647058824,0.6298665528425866,0.5,0.49745943374771906,0.9991659716430359,1.0,0.673155841067946,0.8614662790062161,0.9983659612990206,0.11721702394854194,instance,complexity_kDN_top20
0,0.0,0.4,0.08247422680412375,0.47058823529411764,0.8643565959266496,0.0,0.48102660867756997,0.9974979149291076,1.0,0.6719140003407204,0.8206658198841194,0.9969341247514287,-0.0012775489272777722,instance,complexity_kDN_top20
0,0.08630952380952384,0.2,0.05128205128205132,0.5882352941176471,0.8584539659394395,0.0,0.47123032519721564,0.9983319432860718,1.0,0.6714572910315791,0.8732681692168132,0.9936595919101209,-0.3095967356888945,instance,complexity_kDN_top20
0,0.08630952380952384,0.2,0.05128205128205132,0.5882352941176471,0.8718953049813902,0.0,0.48985185892686656,0.9983319432860718,1.0,0.672400100713732,0.8662019042114917,0.9999322493244386,-0.5397870600182129,instance,complexity_kDN_top20
0,0.49686520376175547,0.4,0.3571428571428571,0.7647058823529411,0.8514117454335435,0.0,0.49878172903477025,0.9991659716430359,1.0,0.6728684117858827,0.8595136433231982,0.9886798780836635,-0.16100469961418426,instance,complexity_kDN_top20
0,0.34913793103448276,0.2,0.25619834710743805,0.7647058823529411,0.20335901503521325,1.0,0.54413865201562,1.0,1.0,0.6695197545557714,0.879238700034359,0.9899556707689576,0.18137113116957593,instance,complexity_kDN_top20
0,0.0,0.0,0.1123595505617978,0.4117647058823529,0.20309430983276744,0.0,0.4256213153005258,0.9849874895746455,1.0,0.6687384159480347,0.8296570487772517,0.9528425005000629,0.24956955607113096,instance,complexity_kDN_top20
0,0.20270270270270263,0.0,0.08247422680412375,0.5882352941176471,0.6005777080112278,0.0,0.4449626431274065,0.9908256880733946,1.0,0.6752689792303336,0.8485962508932252,0.9838176055693535,0.005268313194328852,instance,complexity_kDN_top20
0,0.18367346938775508,0.2,0.4347826086956522,0.8235294117647058,0.3849447223014043,0.0,0.4718065388998892,0.9974979149291076,1.0,0.6691233307305227,0.8652239457342892,0.9491291188597404,0.193166106314461,instance,complexity_kDN_top20
0,0.21153846153846156,0.0,0.2777777777777778,0.7058823529411765,0.2293673260015165,0.0,0.4181743276720554,0.9924937447873228,1.0,0.6716652359948759,0.8700675413807076,0.9904940302813099,-0.21208057313707845,instance,complexity_kDN_top20
0,0.10964912280701755,0.4,0.03703703703703709,0.6470588235294118,0.22106769629457784,1.0,0.5183900030456934,1.0,1.0,0.6695402171764342,0.8622429955092195,0.9953601121626783,0.5229150701834739,instance,complexity_kDN_top20
0,0.023809523809523836,0.0,0.1333333333333333,0.5882352941176471,0.3454403068297095,0.0,0.4757369529486004,0.994161801501251,1.0,0.6718538920802919,0.8753238612660725,0.9934510732428747,-0.1742167103588538,instance,complexity_kDN_top20
0,0.5837912087912088,0.6,0.6615384615384615,0.7647058823529411,0.421536780830858,1.0,0.5386893930863428,1.0,1.0,0.6707203819243184,0.9002581205376842,0.9939617639963901,-0.14545039765920648,instance,complexity_kDN_top20
0,0.023809523809523836,0.0,0.03240740740740744,0.4117647058823529,0.20405097575390252,0.0,0.44693588660081685,0.994161801501251,1.0,0.6746062398748461,0.8478444888594909,0.9938491301378317,0.0944036271564366,instance,complexity_kDN_top20
0,0.03191489361702127,0.0,0.25619834710743805,0.7647058823529411,0.23636095918679134,0.0,0.44797996520523775,0.9949958298582152,1.0,0.6691227658922703,0.8815731372848236,0.9859410896904561,0.5234196303845572,instance,complexity_kDN_top20
0,0.11388888888888893,0.2,0.1123595505617978,0.4117647058823529,0.24293032644346946,0.0,0.4547695716362702,0.9983319432860718,1.0,0.6682391786424452,0.8370305686295142,0.987923205731449,-0.3044939911195993,instance,complexity_kDN_top20
0,0.46474358974358976,0.4,0.05128205128205132,0.5882352941176471,0.3554020420577567,0.0,0.4679271842890974,0.9983319432860718,1.0,0.6691823913256559,0.8748596317363466,0.9886887219579552,-0.37805412856442744,instance,complexity_kDN_top20
0,0.06944444444444442,0.8,0.3939393939393939,0.7058823529411765,0.7181389465327266,0.0,0.49237169753410337,0.9991659716430359,1.0,0.6742012085408031,0.9030848888734502,0.996896800322234,0.09762827811056825,instance,complexity_kDN_top20
0,0.41511627906976745,0.4,0.09999999999999998,0.6470588235294118,0.21026770919003995,0.3333333333333333,0.32535027167525266,0.9983319432860718,1.0,0.6699553031389629,0.8492731621734482,0.998791890143792,0.1070036450677769,instance,complexity_kDN_top20
0,0.0,0.2,0.1123595505617978,0.5294117647058824,0.2030917662008747,0.0,0.44033692475418684,0.9991659716430359,1.0,0.6697703954479631,0.8185342607144218,0.9868233899404592,1.0121498340396735,instance,complexity_kDN_top20
0,0.6695906432748538,0.8,0.765625,0.5882352941176471,0.3299711653537948,1.0,0.5568172592025763,1.0,1.0,0.6733132865451376,0.87682078240463,0.9941916903517829,0.005724137261238796,instance,complexity_kDN_top20
0,0.11224489795918369,0.0,0.1123595505617978,0.5294117647058824,0.22126059426445271,0.0,0.44627916140627555,0.9949958298582152,1.0,0.6709060657241146,0.8815138970669469,0.9935785152809997,0.41904351544246154,instance,complexity_kDN_top20
0,0.8157492354740061,0.6,0.9465408805031447,0.5882352941176471,0.787254362241594,0.0,0.48626583535155066,0.9991659716430359,1.0,0.6735557014729108,0.8727947193326469,0.9936167076491834,-0.3458921712884866,instance,complexity_kDN_top20
0,0.5029239766081871,0.8,0.08247422680412375,0.47058823529411764,0.2671264495082397,0.0,0.4825157131843356,0.9991659716430359,1.0,0.6689174231373165,0.8793362578446418,0.9856092602344741,0.2457060054241613,instance,complexity_kDN_top20
0,0.16666666666666674,0.0,0.05128205128205132,0.5882352941176471,0.20304813033224933,0.0,0.4408888613261872,0.9933277731442869,1.0,0.66951053969407,0.8626005048739946,0.9925822984904706,0.27858655309295566,instance,complexity_kDN_top20
0,0.5646929824561404,0.4,0.2195121951219512,0.5882352941176471,0.4747934538566526,0.5,0.40442536977597365,0.9991659716430359,1.0,0.6702655023100287,0.8826926361015494,0.9990828656484566,-0.18634203401127386,instance,complexity_kDN_top20
0,0.06944444444444442,0.2,0.1333333333333333,0.5882352941176471,0.6244596300502198,0.0,0.4532329832837311,0.9966638865721434,1.0,0.6712678719574428,0.9043338972094765,0.9958157124114217,-0.25257619873677467,instance,complexity_kDN_top20
0,0.09774436090225569,0.2,0.9358974358974359,0.35294117647058826,0.2044103617692573,0.0,0.443991479119653,0.9983319432860718,1.0,0.6669381455703931,0.8218522715514668,0.9749777702327871,0.31582765339682184,instance,complexity_kDN_top20
0,0.03947368421052633,0.4,0.03240740740740744,0.4117647058823529,0.38752730018608517,0.0,0.4732484825354415,0.9991659716430359,1.0,0.6778842395186593,0.8740266513150828,0.9907061614765634,0.21640176338764264,instance,complexity_kDN_top20
0,0.6048850574712643,0.6,0.08247422680412375,0.5882352941176471,0.5103922825904824,1.0,0.5250858306244792,1.0,1.0,0.6743345805063038,0.9071469644673785,0.9975485516860069,0.07233588770474722,instance,complexity_kDN_top20
0,0.28409090909090906,0.0,0.6666666666666667,0.29411764705882354,0.611047872030387,0.0,0.44028615434145724,0.9949958298582152,1.0,0.6714105016149214,0.859189228495237,0.9917508554186137,-0.1709666427967965,instance,complexity_kDN_top20
0,0.4769230769230769,0.4,0.9333333333333333,0.4117647058823529,0.8153443304152822,0.0,0.45039380866096024,0.9983319432860718,1.0,0.6894576179024205,0.8538077642340143,0.9685477006586521,-0.16927894272910035,instance,complexity_kDN_top20
0,0.009433962264150941,0.0,0.03240740740740744,0.4117647058823529,0.20304813099181507,0.0,0.4053045894957157,0.9808173477898249,0.95,0.6461473432734022,0.8354672971243902,0.99739092375842,0.8978447832012605,instance,complexity_kDN_top20
0,0.5480769230769231,0.6,0.7796610169491526,0.8235294117647058,0.5847007022761117,0.6666666666666666,0.5455385989913175,1.0,1.0,0.6724191492707026,0.9164670871118521,0.9973071656587528,0.06582949429591953,instance,complexity_kDN_top20
0,0.6412337662337663,0.0,0.12121212121212122,0.35294117647058826,0.2240308331594878,0.0,0.41867587865474043,0.9891576313594662,1.0,0.6716809956772504,0.8031658374832606,0.9314493916949608,-0.035347181818093966,instance,complexity_kDN_top20
0,0.48977272727272725,0.4,0.08247422680412375,0.47058823529411764,0.7889254190638223,0.0,0.4630461489182819,0.9983319432860718,1.0,0.6725083740335287,0.8905103773660162,0.9914957230428324,0.16917904254182486,instance,complexity_kDN_top20
0,0.0,0.0,0.03240740740740744,0.4117647058823529,0.20304813033224056,0.0,0.4038211298604949,0.9716430358632193,0.9,0.32452615304445676,0.8006334540445345,0.9791167105401711,2.950379699730982,instance,complexity_kDN_top20
0,0.286036036036036,0.2,0.8245614035087719,0.5294117647058824,0.8336563381452498,0.0,0.457104712293412,0.9966638865721434,1.0,0.672278835538558,0.8749404935423662,0.9935758657217141,-0.4269715590277591,instance,complexity_kDN_top20
0,0.6763791763791763,0.6,0.4347826086956522,0.8235294117647058,0.4566796414712063,0.3333333333333333,0.5272557729215386,1.0,1.0,0.6715442523479678,0.8899855955573267,0.9995061796233974,0.13742517282913033,instance,complexity_kDN_top20
0,0.026315789473684292,0.0,0.03240740740740744,0.4117647058823529,0.20850127947154162,0.0,0.4382176905577293,0.9949958298582152,1.0,0.6702746955141078,0.8545100829786992,0.9754923194388418,0.6649736700539954,instance,complexity_kDN_top20
0,0.0,0.0,0.1123595505617978,0.4117647058823529,0.21280113728014366,0.0,0.4140437149266548,0.97581317764804,1.0,0.6693049873064556,0.8566231119951487,0.986621245288163,0.13120983969007693,instance,complexity_kDN_top20
0,0.6314102564102564,0.6,0.6615384615384615,0.7058823529411765,0.2294909397135162,0.75,0.4931972363217312,0.9991659716430359,1.0,0.6710046409209953,0.9033472511513347,0.9917414133364278,0.09832753063172742,instance,complexity_kDN_top20
0,0.31511627906976747,0.2,0.14814814814814814,0.5882352941176471,0.3592958977381734,0.0,0.4803811379743489,0.9966638865721434,1.0,0.6730422828876835,0.8726135350840047,0.99837031723039,-0.00901699776344607,instance,complexity_kDN_top20
0,0.3635912698412699,0.2,0.15217391304347827,0.7058823529411765,0.4139559207064225,0.0,0.4527902034664635,0.9966638865721434,1.0,0.674434766593428,0.871476285866656,0.998892638959388,-0.3496703074291935,instance,complexity_kDN_top20
0,0.06498951781970652,0.6,0.5555555555555556,0.5882352941176471,0.5708295698743086,1.0,0.5861301401024355,1.0,1.0,0.6973702458457376,0.8725967203059077,0.988382695526767,-0.13049634363846457,instance,complexity_kDN_top20
0,0.026315789473684292,0.0,0.03240740740740744,0.4117647058823529,0.20311290125736736,0.0,0.4225747962773513,0.987489574645538,0.95,0.6575796210256398,0.7931216296841631,0.9754390199028243,0.7049195562460359,instance,complexity_kDN_top20
0,0.6271929824561404,0.6,0.1123595505617978,0.5294117647058824,0.20873886831088917,0.5,0.49787355266339517,0.9991659716430359,1.0,0.669044544355377,0.8440699399539572,0.9916354060825371,0.014498642204582616,instance,complexity_kDN_top20
0,0.07352941176470584,0.2,0.5555555555555556,0.5294117647058824,0.847932813649589,0.0,0.4824700020041677,0.9966638865721434,1.0,0.6674720357030793,0.8397179788520702,0.9981832532176521,0.0044631841491501395,instance,complexity_kDN_top20
0,0.452020202020202,0.6,0.4347826086956522,0.6470588235294118,0.8427291070234431,0.0,0.4849454744551067,0.9991659716430359,1.0,0.6690983887656492,0.8689153308520938,0.9928155953790729,-0.24677452320606746,instance,complexity_kDN_top20
0,0.6774509803921569,0.6,0.2195121951219512,0.5882352941176471,0.8839857247458185,1.0,0.5319029462263413,1.0,1.0,0.6788716555120677,0.8577557832596435,0.994685751940488,-0.9006977318431746,instance,complexity_kDN_top20
0,0.6552287581699346,0.4,0.2777777777777778,0.7058823529411765,0.5529574073086051,0.6666666666666666,0.5365582887832587,1.0,1.0,0.6746492164567378,0.8934632645990727,0.9885177594191554,-0.042264079464497596,instance,complexity_kDN_top20
0,0.0,0.0,0.03240740740740744,0.4117647058823529,0.2030512743889643,0.0,0.4202745937701282,0.9791492910758965,1.0,0.6879347489738628,0.8313231333713663,0.9932698887978896,0.7967526041455828,instance,complexity_kDN_top20
0,0.19444444444444442,0.0,0.0,0.29411764705882354,0.20304813033224056,0.0,0.34529905257114435,0.9791492910758965,0.85,0.47555856300572336,0.8251431802678513,0.9725613601372814,1.4581072775305153,instance,complexity_kDN_top20
0,0.01388888888888884,0.0,0.08247422680412375,0.47058823529411764,0.3444937125705002,0.0,0.40820170331250893,0.9866555462885738,1.0,0.6706850186745473,0.8401405565624641,0.9957215650952611,0.2297141503225397,instance,complexity_kDN_top20
0,0.0,0.0,0.03240740740740744,0.47058823529411764,0.2030484698285887,0.0,0.43887445564425853,0.9891576313594662,0.8,0.6362506788158165,0.7897717856479585,0.9890849134836692,0.6282273853599436,instance,complexity_kDN_top20
0,0.48977272727272725,0.4,0.08247422680412375,0.47058823529411764,0.696254985496012,0.0,0.48396934220084775,0.9983319432860718,1.0,0.671048366856637,0.861904789189674,0.9885405823601751,0.34838154732284005,instance,complexity_kDN_top20
0,0.026315789473684292,0.0,0.03240740740740744,0.4117647058823529,0.20305573880708427,0.0,0.41011233375730516,0.9616346955796498,1.0,0.6705567232646429,0.827147051922654,0.9871701488487371,0.9987850542630501,instance,complexity_kDN_top20
0,0.4605263157894737,0.6,0.9358974358974359,0.7058823529411765,0.36851218044066136,1.0,0.5199286532194423,1.0,1.0,0.6711144147152405,0.8476821741199364,0.9709330816366226,0.19741953934496823,instance,complexity_kDN_top20
0,0.22413793103448276,0.0,0.05128205128205132,0.5882352941176471,0.20304813033224056,0.0,0.3960095752086049,0.9908256880733946,1.0,0.6708771559477399,0.8322944165661801,0.9843786234150148,0.5238829565970288,instance,complexity_kDN_top20
0,0.21511627906976738,0.8,0.8245614035087719,0.5294117647058824,0.7644181026756429,1.0,0.5111175137923999,1.0,1.0,0.670633082723574,0.8834714079232138,0.9947884700537524,0.04834263280595681,instance,complexity_kDN_top20
0,0.4198412698412699,0.2,0.03240740740740744,0.4117647058823529,0.22402698541458532,0.0,0.41487792208836216,0.9966638865721434,1.0,0.669485376026847,0.8964098227596212,0.9942136567839834,0.3368195227271405,instance,complexity_kDN_top20
0,0.023809523809523836,0.0,0.03240740740740744,0.4117647058823529,0.20490309383059235,0.0,0.39079584853098404,0.9774812343619683,1.0,0.6741596478102989,0.8554072093302143,0.9830255952636862,0.7453181873312107,instance,complexity_kDN_top20
0,0.026315789473684292,0.2,0.1123595505617978,0.5294117647058824,0.20322730484470158,0.0,0.4548893303191833,0.9974979149291076,1.0,0.6696415728675952,0.8468878882867287,0.9910108691907111,0.4368568194317639,instance,complexity_kDN_top20
0,0.6448412698412699,0.6,0.15217391304347827,0.6470588235294118,0.2341043643633559,0.5,0.515797521595492,1.0,1.0,0.6689584481666473,0.8527042784215781,0.99368526943378,-0.24918870084858463,instance,complexity_kDN_top20
0,0.03191489361702127,0.0,0.25619834710743805,0.7647058823529411,0.20413989678390004,0.0,0.44458871641037756,0.987489574645538,1.0,0.6713134601959531,0.8639512602198938,0.9778843390100707,0.3237904011657394,instance,complexity_kDN_top20
0,0.026315789473684292,0.2,0.03240740740740744,0.4117647058823529,0.2031480655314244,0.0,0.4829339447297669,0.9991659716430359,0.95,0.6627925631595213,0.8213604992038082,0.9926671145083152,0.48993183534891577,instance,complexity_kDN_top20
0,0.009433962264150941,0.0,0.03240740740740744,0.4117647058823529,0.2030920816474221,0.0,0.40186733914757733,0.9699749791492911,1.0,0.6687663887818452,0.8544770107260791,0.99613903262574,0.5709632719063992,instance,complexity_kDN_top20
0,0.0,0.0,0.03240740740740744,0.4117647058823529,0.20304813033224056,0.0,0.45265269680492715,0.987489574645538,0.8,0.2562069556443679,0.8031401741600899,0.9910359734909852,3.278480726623573,instance,complexity_kDN_top20
0,0.0,0.0,0.12121212121212122,0.35294117647058826,0.20304813034960212,0.0,0.44891423223184457,0.9933277731442869,1.0,0.668518523468768,0.8353467391839062,0.9803405098211431,-0.5850745607589201,instance,complexity_kDN_top20
0,0.21153846153846156,0.0,0.09999999999999998,0.6470588235294118,0.20310222480881374,0.0,0.4141401432183872,0.9916597164303587,0.95,0.6642977729544342,0.8511063412516121,0.9897637280462802,0.724531606167862,instance,complexity_kDN_top20
0,0.6048850574712643,0.4,0.08247422680412375,0.47058823529411764,0.7065810812272187,0.5,0.5202947783281192,1.0,1.0,0.671310681571835,0.9171019718649255,0.9967564039528701,0.2188516840157296,instance,complexity_kDN_top20
0,0.03947368421052633,0.0,0.03240740740740744,0.4117647058823529,0.20444148763439995,0.0,0.3963042810301314,0.9749791492910759,1.0,0.6714384357927214,0.8565858744659595,0.9929020878552983,0.9197380939538046,instance,complexity_kDN_top20
0,0.0,0.2,0.2777777777777778,0.7058823529411765,0.20393724055584,0.0,0.48671243666492214,0.9966638865721434,1.0,0.6705834497203988,0.8589029831370245,0.9812033958354971,0.5106010312583755,instance,complexity_kDN_top20
0,0.41216216216216217,1.0,0.08247422680412375,0.5882352941176471,0.698218298824949,1.0,0.5252165426348876,1.0,1.0,0.6731977321014452,0.8802305836617889,0.9729950729394833,-0.018283872320996125,instance,complexity_kDN_top20
0,0.009433962264150941,0.0,0.03240740740740744,0.4117647058823529,0.20304980228146446,0.0,0.41339061727116566,0.9841534612176814,0.95,0.5654583642994827,0.8413635157713937,0.9872402527084434,0.5885050344342093,instance,complexity_kDN_top20
0,0.0,0.0,0.0,0.29411764705882354,0.4046607561593133,0.0,0.45896028193659455,0.9924937447873228,1.0,0.6682396694505878,0.8408981591497404,0.9790375309793057,0.436860402450939,instance,complexity_kDN_top20
0,0.11388888888888893,0.4,0.1123595505617978,0.5294117647058824,0.23994666054533026,0.3333333333333333,0.5275177849564148,1.0,1.0,0.6672867260665102,0.8539922768298271,0.9912528720144965,-0.26702214628575494,instance,complexity_kDN_top20
0,0.22413793103448276,0.0,0.03240740740740744,0.4117647058823529,0.4014213884794887,0.0,0.43251083407229196,0.9949958298582152,1.0,0.6717791243068291,0.860371537209196,0.9781508278013399,0.5057844829095157,instance,complexity_kDN_top20
0,0.03947368421052633,0.0,0.03240740740740744,0.4117647058823529,0.23771209085187417,0.0,0.4444596947305208,0.9924937447873228,1.0,0.6728696189964101,0.8533524052644215,0.9876939848909151,0.4203764058564415,instance,complexity_kDN_top20
0,0.06944444444444442,0.2,0.08247422680412375,0.5882352941176471,0.530401022513714,0.3333333333333333,0.4634170515775742,0.9974979149291076,1.0,0.6759512937918123,0.8858344298833007,0.9906845255898417,-0.04769004897604259,instance,complexity_kDN_top20
0,0.3635912698412699,0.8,0.15217391304347827,0.6470588235294118,0.8028144735159116,0.6666666666666666,0.5181808939232784,1.0,1.0,0.6855381819050054,0.8896192535700607,0.9928252732309015,-0.2846361590714589,instance,complexity_kDN_top20
0,0.47413793103448276,0.8,0.05128205128205132,0.5882352941176471,0.4054599157472776,1.0,0.5429848318757521,1.0,1.0,0.6721468183682321,0.8632840536931743,0.9709608130418855,-0.30014092618358584,instance,complexity_kDN_top20
0,0.5833333333333334,0.2,0.40625,0.35294117647058826,0.20605451152642323,0.5,0.4737356958824035,0.9974979149291076,0.9,0.6647881695404658,0.7832374154054277,0.9786815945462073,-0.34080737164291364,instance,complexity_kDN_top20
0,0.2897727272727273,0.4,0.05128205128205132,0.5882352941176471,0.843741592655083,0.0,0.4751770272419925,0.9983319432860718,1.0,0.6724459085103938,0.889600027961254,0.9795911317131273,-0.1941410710308205,instance,complexity_kDN_top20
0,0.0,0.0,0.0,0.29411764705882354,0.20304813033224056,0.0,0.4187639343364573,0.9891576313594662,0.85,0.39083454642484866,0.8389140149357159,0.993903840568358,1.7621222888414676,instance,complexity_kDN_top20
0,0.8,0.6,0.15217391304347827,0.6470588235294118,0.490103873388969,1.0,0.5009503992086186,1.0,1.0,0.6765526823173659,0.8710665597561855,0.9914909942836235,-0.1812177064073579,instance,complexity_kDN_top20
0,0.02777777777777779,0.0,0.05128205128205132,0.5882352941176471,0.20304813033224056,0.0,0.3311071092074057,0.9766472060050042,0.9,0.40998896398802054,0.8539855061897139,0.9897921333718684,2.1337958461709676,instance,complexity_kDN_top20
0,0.2527027027027027,0.4,0.3939393939393939,0.7058823529411765,0.3218101597332156,0.0,0.4214795414020204,0.9974979149291076,1.0,0.6760612824767455,0.8622333354969506,0.9871493690099855,-0.6217596798642002,instance,complexity_kDN_top20
0,0.08191489361702131,0.0,0.09999999999999998,0.6470588235294118,0.21671526703314947,0.0,0.42395440612096535,0.9849874895746455,1.0,0.670291862412796,0.8862546385998289,0.9995473555943725,0.2730303558117252,instance,complexity_kDN_top20
0,0.9322368421052631,1.0,0.9358974358974359,0.7058823529411765,0.8849420221156392,1.0,0.631036249364988,1.0,1.0,0.6705883161755554,0.8641302228183714,0.9924166468335271,-0.7827339532373802,instance,complexity_kDN_top20
0,0.5121621621621621,0.2,0.2777777777777778,0.7058823529411765,0.6191679707076098,0.0,0.49193425102764843,0.9991659716430359,1.0,0.67263738969891,0.8827308877606368,0.9635874285244945,0.004153452502651066,instance,complexity_kDN_top20
0,0.31511627906976747,0.2,0.03240740740740744,0.4117647058823529,0.2039481680739143,0.0,0.48916940590647184,0.9974979149291076,1.0,0.6748007481821466,0.8318964374145565,0.9930090426883708,-0.3601146922192776,instance,complexity_kDN_top20
0,0.6590909090909091,0.4,0.12121212121212122,0.35294117647058826,0.21073765706689962,0.0,0.49477126368178304,0.9991659716430359,1.0,0.6691864132262098,0.8313791802521356,0.978643193860207,-0.042879682680156725,instance,complexity_kDN_top20
0,0.0,0.0,0.03240740740740744,0.4117647058823529,0.2085042631119265,0.0,0.4022932792942042,0.9933277731442869,1.0,0.6711997169895827,0.844762952210754,0.9697256137036667,0.32901084785135115,instance,complexity_kDN_top20
0,0.13602941176470584,0.4,0.05128205128205132,0.5882352941176471,0.5978671915521697,0.0,0.47961918966074524,0.9983319432860718,1.0,0.6691101337389916,0.8909101527964985,0.9915888321556968,0.07871522899371562,instance,complexity_kDN_top20
0,0.02777777777777779,0.0,0.03240740740740744,0.4117647058823529,0.20304813033224056,0.0,0.3749155768122041,0.9799833194328608,0.9,0.557473879545559,0.8484893361743625,0.995826288827245,1.4535003658177432,instance,complexity_kDN_top20
0,0.09774436090225569,0.2,0.1123595505617978,0.4117647058823529,0.20836731866102565,0.14285714285714285,0.46255772468105705,0.9974979149291076,1.0,0.6689061043423411,0.8378060516156074,0.9614628381324081,0.4534529404783855,instance,complexity_kDN_top20
0,0.5490384615384616,0.4,0.2195121951219512,0.5882352941176471,0.5572731961611684,0.0,0.48175972502607145,0.9991659716430359,1.0,0.6723479125527937,0.8639608771670222,0.9858751090204385,-0.09115606746114666,instance,complexity_kDN_top20
0,0.21511627906976738,0.2,0.03240740740740744,0.4117647058823529,0.2080163330954634,0.0,0.44520030503995933,0.9974979149291076,1.0,0.6724793305175558,0.8605767589753468,0.9997238131294519,0.6537335743730117,instance,complexity_kDN_top20
0,0.0,0.2,0.03240740740740744,0.35294117647058826,0.203131748610398,0.0,0.45755484199780727,0.9974979149291076,0.85,0.6084242329937772,0.7766651227294347,0.9434461721356604,-0.5225832428354842,instance,complexity_kDN_top20
0,0.0,0.0,0.1123595505617978,0.4117647058823529,0.20310903919830087,0.0,0.45896152836572357,0.9899916597164303,0.95,0.661520425804195,0.8588322660235903,0.997133387718831,0.7652436350120385,instance,complexity_kDN_top20
0,0.36868686868686873,0.4,0.08247422680412375,0.47058823529411764,0.5803754997261746,0.0,0.46928300379259025,0.9991659716430359,1.0,0.6700215536351646,0.9004885498756078,0.9931679014716825,0.11883344986927837,instance,complexity_kDN_top20
0,0.026315789473684292,0.4,0.40625,0.35294117647058826,0.23609464302672611,1.0,0.505805679893742,1.0,1.0,0.673021922827774,0.8622006014787755,0.9972440750549222,0.17876371484909429,instance,complexity_kDN_top20
0,0.21511627906976738,0.0,0.08247422680412375,0.5882352941176471,0.5664367837179161,0.0,0.4707376676817756,0.9958298582151793,1.0,0.6742502959383029,0.901154639266682,0.994598846161654,0.02107485828305564,instance,complexity_kDN_top20
0,0.08881578947368429,0.2,0.09999999999999998,0.6470588235294118,0.21630618394530127,0.2,0.4169467942129359,0.9966638865721434,1.0,0.6695379007674919,0.878336397100726,0.9924247439851357,0.21700969837807174,instance,complexity_kDN_top20
0,0.10964912280701755,0.0,0.12121212121212122,0.35294117647058826,0.23114666526664918,0.0,0.46048445441013397,0.9908256880733946,1.0,0.668907847462188,0.8400388091180984,0.9180953748648887,0.10226977590440962,instance,complexity_kDN_top20
0,0.18367346938775508,0.2,0.1123595505617978,0.5294117647058824,0.3558826812932363,0.0,0.4667197608804837,0.9974979149291076,1.0,0.6703492057006396,0.8806979045675793,0.9819368728692489,0.22732029633886766,instance,complexity_kDN_top20
0,0.023809523809523836,0.0,0.03240740740740744,0.4117647058823529,0.20358677762564054,0.0,0.4132983664066713,0.9908256880733946,1.0,0.671160134362544,0.858832711064722,0.9884814704952541,0.5897398456281902,instance,complexity_kDN_top20
0,0.475,0.8,0.12121212121212122,0.35294117647058826,0.6359834221577692,1.0,0.5012753085722315,1.0,1.0,0.6785075240669228,0.8192322287464904,0.9517193672648091,-0.6571337621007822,instance,complexity_kDN_top20
0,0.21511627906976738,0.4,0.09999999999999998,0.6470588235294118,0.22973834521140513,0.0,0.45030950881173326,0.9991659716430359,1.0,0.6703358822832788,0.8652260598062469,0.9992376672203602,0.19297682989951423,instance,complexity_kDN_top20
0,0.17352941176470593,0.4,0.9465408805031447,0.8235294117647058,0.843048439449826,0.5,0.5422443922531022,1.0,1.0,0.6686473050487838,0.8666269883420824,0.9698615937975092,-0.27711471907095264,instance,complexity_kDN_top20
0,0.20270270270270263,0.2,0.25619834710743805,0.7647058823529411,0.22076616497446533,0.0,0.4561182431103399,0.9983319432860718,1.0,0.6715518261170447,0.8549599010415468,0.9749300843494801,0.1776133195791419,instance,complexity_kDN_top20
0,0.452020202020202,0.4,0.14814814814814814,0.5882352941176471,0.4621812475246635,0.0,0.4653623555561025,0.9983319432860718,1.0,0.6783625956954799,0.8729179894748265,0.9911949659913827,0.21491311720833728,instance,complexity_kDN_top20
0,0.0,0.0,0.1123595505617978,0.35294117647058826,0.20304813033224056,0.0,0.4296625487077108,0.9808173477898249,1.0,0.6706833901465078,0.8671673328558333,0.989467594472659,0.8070210767127866,instance,complexity_kDN_top20
0,0.6884615384615385,0.4,0.15217391304347827,0.6470588235294118,0.8383623930352558,0.0,0.44980192871397595,0.9974979149291076,1.0,0.6719697014565439,0.857113831637433,0.9821739033601588,0.10345633039608507,instance,complexity_kDN_top20
0,0.21511627906976738,0.0,0.03240740740740744,0.29411764705882354,0.20933333842178714,0.0,0.3888774406875042,0.9674728940783986,1.0,0.6776339091371776,0.8426048656516155,0.9873751082861638,0.8340764461167925,instance,complexity_kDN_top20
0,0.46474358974358976,0.8,0.05128205128205132,0.5882352941176471,0.45382633575905673,0.3333333333333333,0.4734967433729883,0.9991659716430359,1.0,0.6694071674939919,0.9018226332792809,0.9933530950916125,0.12363010675992699,instance,complexity_kDN_top20
0,0.0,0.2,0.25619834710743805,0.7647058823529411,0.22088633800576263,0.0,0.47882883425764566,0.9974979149291076,1.0,0.6759010988392602,0.8707102513551661,0.9978149227322077,0.2304972275276103,instance,complexity_kDN_top20
0,0.45463812436289497,0.2,0.08247422680412375,0.6470588235294118,0.8565850923824394,0.0,0.4577895005154309,0.9966638865721434,1.0,0.6745252163536406,0.8949912777273413,0.9933797391784371,-0.43707658288966894,instance,complexity_kDN_top20
0,0.17391304347826086,0.2,0.03240740740740744,0.4117647058823529,0.40507542506620364,0.0,0.480787316881383,0.9966638865721434,1.0,0.6824462684167196,0.8560452929131843,0.9965548958701407,0.6041625205239344,instance,complexity_kDN_top20
0,0.20270270270270263,0.0,0.08247422680412375,0.47058823529411764,0.5477250242456816,0.0,0.4661634455174998,0.9949958298582152,1.0,0.6724061190726052,0.8432326342020829,0.9473111870684034,-0.04410151485443776,instance,complexity_kDN_top20
0,0.31666666666666665,0.4,0.25619834710743805,0.8823529411764706,0.877300801334484,0.25,0.49658746730194914,0.9983319432860718,1.0,0.6705909937374168,0.8774828527117631,0.9942663005789456,0.12099674312020596,instance,complexity_kDN_top20
0,0.7733333333333333,0.2,0.0,0.4117647058823529,0.8847842783650377,0.5,0.5071107769400593,1.0,1.0,0.6808837154989356,0.876892649644381,0.9948762117245027,-0.3892701335331221,instance,complexity_kDN_top20
0,0.44887955182072836,0.2,0.03240740740740744,0.4117647058823529,0.5619586585485997,0.0,0.4644557639635476,0.9966638865721434,1.0,0.6717593701698845,0.8934647182856115,0.9957343090282113,0.11413873234158387,instance,complexity_kDN_top20
0,0.29807692307692313,0.0,0.05128205128205132,0.7058823529411765,0.422878564736741,0.0,0.4314840078279918,0.9908256880733946,1.0,0.6740127393245808,0.8754610441865289,0.985128114780279,0.3357091885845959,instance,complexity_kDN_top20
0,0.21511627906976738,0.4,0.03240740740740744,0.4117647058823529,0.2049919721742014,0.0,0.45688217637630446,0.9974979149291076,1.0,0.6724142783315743,0.8402610286035335,0.9951812247907025,0.23469986257207884,instance,complexity_kDN_top20
0,0.48977272727272725,0.6,0.9075144508670521,0.8235294117647058,0.8752999869530633,0.6666666666666666,0.507530633543505,1.0,1.0,0.6719021584566766,0.880133757082989,0.9975954949816033,0.13902092662341417,instance,complexity_kDN_top20
0,0.6920821114369502,0.6,0.25619834710743805,0.5882352941176471,0.8425217405971817,0.0,0.4765824604478709,0.9991659716430359,1.0,0.6798784292770383,0.8405821767401711,0.9998578461805263,-0.6389749348720087,instance,complexity_kDN_top20
0,0.20270270270270263,0.2,0.08247422680412375,0.47058823529411764,0.45191450071406003,0.0,0.4586319964890695,0.9974979149291076,1.0,0.6730626151116941,0.8565754005493172,0.988592871841585,0.04349587839233544,instance,complexity_kDN_top20
0,0.08191489361702131,0.2,0.7796610169491526,0.8823529411764706,0.726752478926886,1.0,0.5122512318018786,1.0,1.0,0.6699688730035177,0.884258988296868,0.9949539496928856,-0.14726741303226698,instance,complexity_kDN_top20
0,0.0,0.2,0.3939393939393939,0.7058823529411765,0.873312062699128,0.0,0.46015091415766385,0.9983319432860718,1.0,0.6778146584269711,0.8663592998111665,0.9963884673803453,0.005831890699403003,instance,complexity_kDN_top20
0,0.3695054945054945,0.0,0.08247422680412375,0.47058823529411764,0.23963377227023724,0.0,0.4761163596498249,0.9958298582151793,1.0,0.669395621579919,0.8572333413043575,0.9871965876076662,0.29165560774106747,instance,complexity_kDN_top20
0,0.01388888888888884,0.2,0.0,0.29411764705882354,0.21321979141559655,0.0,0.49807514176726464,0.9991659716430359,1.0,0.6692250244933554,0.8106367422126614,0.959137781789149,0.09686436674616727,instance,complexity_kDN_top20
0,0.2897727272727273,0.0,0.9465408805031447,0.7058823529411765,0.8504512704011596,0.0,0.45504417033598865,0.9949958298582152,1.0,0.6705798225600599,0.906084761475778,0.9987491038004362,-0.08096092496328368,instance,complexity_kDN_top20
0,0.5115440115440115,0.2,0.08247422680412375,0.6470588235294118,0.6399316865843482,0.0,0.4891601431457161,0.9974979149291076,1.0,0.6783562875198386,0.8818129597732411,0.9976934803157238,-0.024435374710808814,instance,complexity_kDN_top20
0,0.3695054945054945,0.4,0.08247422680412375,0.47058823529411764,0.25685063815971565,0.5,0.5214721716589945,1.0,1.0,0.6708738468651646,0.8946034071175923,0.9937494031606051,0.33028305384410056,instance,complexity_kDN_top20
0,0.4769230769230769,0.0,0.9333333333333333,0.47058823529411764,0.7860720101147396,0.0,0.44904265360657336,0.9924937447873228,1.0,0.68445930374532,0.8714270701759149,0.996796211553072,0.29828403792845115,instance,complexity_kDN_top20
0,0.20270270270270263,0.0,0.05128205128205132,0.7058823529411765,0.47711947117203424,0.0,0.42293689727976025,0.9933277731442869,1.0,0.671453553703148,0.8743855392170946,0.9681073871123301,0.49225204324445915,instance,complexity_kDN_top20
0,0.29807692307692313,0.4,0.05128205128205132,0.5882352941176471,0.5851415055035943,1.0,0.5028194087811659,1.0,1.0,0.6708329170990033,0.877169554245856,0.9977655203615445,0.27384397087151796,instance,complexity_kDN_top20
0,0.893006993006993,0.4,0.9075144508670521,0.5882352941176471,0.768633752315946,1.0,0.52618788591804,1.0,1.0,0.6716272789961139,0.8760057354971457,0.9800339732348359,-0.45188064523148996,instance,complexity_kDN_top20
0,0.2897727272727273,0.0,0.6666666666666667,0.7058823529411765,0.8464734152234192,0.0,0.40362145721070797,0.9958298582151793,1.0,0.6705782659427918,0.8945256729646024,0.9954974703815546,-0.40602061805372325,instance,complexity_kDN_top20
0,0.5029239766081871,0.6,0.6615384615384615,0.7058823529411765,0.25149290062532187,0.5,0.5272054630538958,1.0,1.0,0.6693905907090908,0.8834722827462235,0.9682456657975212,0.11913574620607872,instance,complexity_kDN_top20
0,0.17391304347826086,0.0,0.3571428571428571,0.5882352941176471,0.4460929144877891,0.0,0.41037452769413185,0.9949958298582152,1.0,0.6707071703286586,0.8494553731502166,0.979848324656455,0.15106567481877298,instance,complexity_kDN_top20
0,0.0,0.0,0.05128205128205132,0.5882352941176471,0.6403027703641929,0.0,0.4327205144742169,0.9808173477898249,1.0,0.6735723409267728,0.8206353621876528,0.975008553607103,-0.20748585890540375,instance,complexity_kDN_top20
0,0.48977272727272725,0.0,0.08247422680412375,0.47058823529411764,0.839538030296501,0.0,0.45599326785648875,0.994161801501251,1.0,0.6712615927319663,0.8877015281667203,0.9856013446529667,0.3372843821734664,instance,complexity_kDN_top20
0,0.24583333333333335,0.2,0.6666666666666667,0.29411764705882354,0.2607202885478007,0.5,0.47667689583111617,0.9991659716430359,1.0,0.6713349366179028,0.847404371105702,0.9932477022757389,-6.755260171403315e-05,instance,complexity_kDN_top20
0,0.4920634920634921,0.0,0.5555555555555556,0.5882352941176471,0.2037194536983175,0.0,0.4313757051759405,0.9916597164303587,1.0,0.6719341516554502,0.8797849105938413,0.9898599510782224,0.061603197187502165,instance,complexity_kDN_top20
0,0.026315789473684292,0.0,0.09999999999999998,0.6470588235294118,0.21196223868782094,0.0,0.4678025449694886,0.9958298582151793,0.95,0.6597295717260838,0.876410463276207,0.9992529185070573,0.32010167987193183,instance,complexity_kDN_top20
0,0.2698412698412699,0.0,0.15217391304347827,0.6470588235294118,0.33438855123070643,0.0,0.37562066833466645,0.9841534612176814,1.0,0.6688538563584261,0.8466843724699208,0.9850808727506157,0.34801206271634233,instance,complexity_kDN_top20
0,0.6920821114369502,0.6,0.2195121951219512,0.5882352941176471,0.8685551413386254,1.0,0.5193580106433825,1.0,1.0,0.6720368008131342,0.8694394580521203,0.9917844425850895,-0.3456940466364654,instance,complexity_kDN_top20
0,0.16249999999999998,0.0,0.0,0.29411764705882354,0.20460360716621218,0.0,0.3193066644616318,0.9858215179316097,1.0,0.6727793718209714,0.8111710667997398,0.9752413810037719,0.12340765929130068,instance,complexity_kDN_top20
0,0.8107843137254902,0.2,0.0,0.4117647058823529,0.817410594038385,0.5,0.4674216807817534,0.9966638865721434,1.0,0.6786164683312709,0.87206348648693,0.9790084610297576,-0.34010189246250955,instance,complexity_kDN_top20
0,0.6616379310344828,0.6,0.25619834710743805,0.7647058823529411,0.37534805219855966,0.3333333333333333,0.49158829313341124,0.9991659716430359,1.0,0.6713227236436417,0.8973741209317719,0.995305141956692,0.006114367344216223,instance,complexity_kDN_top20
0,0.2897727272727273,0.4,0.05128205128205132,0.5882352941176471,0.8768051817269368,1.0,0.5250033900882073,1.0,1.0,0.6706197920140303,0.8668181865565534,0.9990741912709754,-0.37642521704851856,instance,complexity_kDN_top20
0,0.0,0.0,0.40625,0.35294117647058826,0.20304813033224056,0.0,0.4403755002991021,0.9841534612176814,0.95,0.6463468127142334,0.8194944988376681,0.9922979470365386,0.6281493088257845,instance,complexity_kDN_top20
0,0.023809523809523836,0.0,0.05128205128205132,0.5882352941176471,0.39089409993928315,0.0,0.4065400555080486,0.9933277731442869,1.0,0.6720018491731368,0.8579929728988015,0.9933786168737498,-0.3182646755918066,instance,complexity_kDN_top20
0,0.11224489795918369,0.0,0.1123595505617978,0.5882352941176471,0.20530361899144733,0.0,0.41110612515450207,0.9949958298582152,1.0,0.6703513822088861,0.8518782777101823,0.9952468743396408,0.034166039639592846,instance,complexity_kDN_top20
0,0.07352941176470584,0.0,0.05128205128205132,0.5882352941176471,0.22985702087608945,0.0,0.4427627189047594,0.9949958298582152,1.0,0.6705356794940445,0.8836060844392073,0.9891025870653875,0.1408855832478662,instance,complexity_kDN_top20
0,0.026315789473684292,0.0,0.03240740740740744,0.4117647058823529,0.20304813789844994,0.0,0.4081983872693249,0.9658048373644704,1.0,0.6679942692898413,0.8291233962662155,0.9954522336825348,1.1196325703878705,instance,complexity_kDN_top20
0,0.02777777777777779,0.0,0.03240740740740744,0.4117647058823529,0.20304813033224056,0.0,0.4252562805775999,0.9866555462885738,0.9,0.45375264688263817,0.8120746527507146,0.9742860578163898,1.5821402684311754,instance,complexity_kDN_top20
0,0.20270270270270263,0.0,0.6666666666666667,0.6470588235294118,0.5827610262153667,0.0,0.44225275864096336,0.9908256880733946,1.0,0.6736960547472228,0.863784986417856,0.9952577574360854,0.18935721987509882,instance,complexity_kDN_top20
0,0.0,0.6,0.2195121951219512,0.5882352941176471,0.8022978946376471,0.0,0.4879576634096364,0.9991659716430359,1.0,0.6696315485869897,0.8692907791616846,0.9856671099763196,-0.6702473009496294,instance,complexity_kDN_top20
0,0.0,0.0,0.03240740740740744,0.47058823529411764,0.20541275630999484,0.0,0.40453064708265307,0.9808173477898249,0.9,0.6666666666666666,0.7975265387796645,0.9804960512136763,0.11174333267918851,instance,complexity_kDN_top20
0,0.3521303258145364,0.4,0.08247422680412375,0.5882352941176471,0.22133442608206844,0.0,0.4791973494769294,0.9983319432860718,1.0,0.6715901835528355,0.8566323880751433,0.9832402944175386,0.4603799264553431,instance,complexity_kDN_top20
0,0.02777777777777779,0.0,0.03703703703703709,0.6470588235294118,0.20304813033224056,0.0,0.3885608579984733,0.9624687239366139,1.0,0.6700443895982781,0.871228465949752,0.9970626201048859,1.2531133409337072,instance,complexity_kDN_top20
0,0.7879714576962283,0.4,0.9465408805031447,0.7058823529411765,0.8382279619471273,0.6666666666666666,0.5464730629551584,1.0,1.0,0.67094136796933,0.9176653861410667,0.999126164083562,-0.40859269773040596,instance,complexity_kDN_top20
0,0.22413793103448276,0.2,0.05128205128205132,0.7058823529411765,0.6425045723647,1.0,0.5036980010781238,1.0,1.0,0.67000625070696,0.870141573809412,0.9906118033126006,-0.12085065713807443,instance,complexity_kDN_top20
0,0.5897727272727272,0.6,0.9075144508670521,0.8235294117647058,0.7339896330717438,1.0,0.5067454985031705,1.0,1.0,0.6717274935008787,0.9094256503283006,0.993317019887641,-0.08427468989190884,instance,complexity_kDN_top20
0,0.286036036036036,0.2,0.08247422680412375,0.5882352941176471,0.7576039290437196,0.0,0.49704622782940955,0.9974979149291076,1.0,0.6778834893292645,0.8683980302461969,0.9842401819005617,0.10015891126026337,instance,complexity_kDN_top20
0,0.0,0.2,0.0,0.35294117647058826,0.20317307061652012,0.0,0.4411931603456296,0.9966638865721434,0.9,0.5805320642139373,0.83460789260825,0.9902602222706556,-0.0967427022875651,instance,complexity_kDN_top20
0,0.20270270270270263,0.4,0.25619834710743805,0.7647058823529411,0.7632496820109033,0.5,0.5049199960844836,1.0,1.0,0.6708931986454302,0.8883428999649434,0.9972120205061632,-0.32069578910416335,instance,complexity_kDN_top20
0,0.0,0.2,0.12121212121212122,0.35294117647058826,0.33355848228150686,0.0,0.35145956360305153,0.9983319432860718,1.0,0.6711825168547253,0.8392218782278853,0.9945889852841561,0.021893337020399452,instance,complexity_kDN_top20
0,0.2698412698412699,0.0,0.15217391304347827,0.6470588235294118,0.20368263614158888,0.0,0.4289813074447827,0.9749791492910759,1.0,0.677194104818416,0.8525479959523332,0.9813706767873158,0.04132679027505922,instance,complexity_kDN_top20
0,0.0,0.0,0.1123595505617978,0.4117647058823529,0.20305240036669797,0.0,0.3919333645670724,0.987489574645538,0.95,0.6663882301274144,0.8393910124015864,0.9925855043213517,0.5482426065587942,instance,complexity_kDN_top20
0,0.47413793103448276,0.6,0.3571428571428571,0.8235294117647058,0.6725708932156643,1.0,0.5122806421544556,1.0,1.0,0.671438008734745,0.8743082803373061,0.9796088691489532,-0.839563008889289,instance,complexity_kDN_top20
0,0.0,0.0,0.03240740740740744,0.4117647058823529,0.20759232392028704,0.0,0.4856356181570093,0.9958298582151793,1.0,0.6710169256423143,0.8466378604011935,0.9692215594055112,0.6584254768416024,instance,complexity_kDN_top20
0,0.0,0.0,0.03240740740740744,0.47058823529411764,0.20305288519829284,0.0,0.3123037488721394,0.9641367806505421,0.9,0.6132088486762239,0.792137395196668,0.9758042496123723,0.5433306736810966,instance,complexity_kDN_top20
0,0.16249999999999998,0.0,0.1123595505617978,0.5294117647058824,0.20591652641237956,0.0,0.4698601757546842,0.9933277731442869,1.0,0.6694684641362035,0.8594316291036984,0.9987171194981526,0.3713165117996961,instance,complexity_kDN_top20
0,0.33333333333333337,0.4,0.05128205128205132,0.5882352941176471,0.7021742117287902,1.0,0.5214287710488944,1.0,1.0,0.6711584140916511,0.8898890370326816,0.9956436096336666,0.05503803837972505,instance,complexity_kDN_top20
0,0.03191489361702127,0.0,0.25619834710743805,0.7647058823529411,0.3448031983069132,0.0,0.43948987864268785,0.9958298582151793,1.0,0.6700621853619529,0.8602680855252316,0.9736278843466201,0.5345103654416788,instance,complexity_kDN_top20
0,0.17391304347826086,0.2,0.0,0.29411764705882354,0.8634486747233314,0.0,0.39117200823256026,0.9974979149291076,1.0,0.6692693249268639,0.8412630758617852,0.9867324978257193,-0.254449404704596,instance,complexity_kDN_top20
0,0.21511627906976738,0.0,0.3939393939393939,0.7058823529411765,0.366524914985607,0.0,0.4493700776236845,0.9949958298582152,1.0,0.673969019213698,0.8830242704172815,0.9890294391683268,0.36625761628360226,instance,complexity_kDN_top20
0,0.5837606837606837,0.4,0.7796610169491526,0.9411764705882353,0.8723938132752574,0.0,0.4647974506361381,0.9991659716430359,1.0,0.6720382466592949,0.8821889087166094,0.9978056654042052,-0.08687939304592211,instance,complexity_kDN_top20
0,0.8928571428571429,0.4,0.03240740740740744,0.29411764705882354,0.8801317178648691,0.0,0.4851275823769272,0.9991659716430359,1.0,0.6799610366720819,0.8370207154786179,0.9648071828914438,-0.08402404941314762,instance,complexity_kDN_top20
0,0.37310606060606055,0.8,0.9075144508670521,0.5882352941176471,0.8407446034914168,1.0,0.5671382182244529,1.0,1.0,0.6716697438440812,0.88158332506412,0.9944668197963155,0.09905095283258598,instance,complexity_kDN_top20
0,0.3635912698412699,0.0,0.09999999999999998,0.6470588235294118,0.21574846397614517,0.0,0.4181344148489118,0.987489574645538,1.0,0.6710094930135284,0.8837290482567063,0.9827512765652107,0.053388486203095754,instance,complexity_kDN_top20
0,0.0,0.0,0.1123595505617978,0.4117647058823529,0.2030498641604912,0.0,0.38679945453558917,0.9699749791492911,0.9,0.6392764108039855,0.8285290683951452,0.9976454414929168,0.45156072163091826,instance,complexity_kDN_top20
0,0.21153846153846156,0.0,0.09999999999999998,0.6470588235294118,0.2031987551522218,0.0,0.46251883168982033,0.9933277731442869,0.95,0.6456416037197518,0.8288963143663546,0.9816648124122415,0.9310512786075871,instance,complexity_kDN_top20
0,0.2372448979591837,0.0,0.08247422680412375,0.47058823529411764,0.21502292941255752,0.0,0.4614023034541074,0.9849874895746455,1.0,0.667421646196273,0.8596673152859744,0.9958522060531002,0.22657521003440081,instance,complexity_kDN_top20
0,0.0,0.2,0.2195121951219512,0.5882352941176471,0.8489649777206981,0.0,0.4751892402609025,0.9966638865721434,0.95,0.6666666666666666,0.8437363951258646,0.9758268656375324,-0.6351711053439564,instance,complexity_kDN_top20
0,0.11224489795918369,0.0,0.1123595505617978,0.4117647058823529,0.20495126752335285,0.25,0.45317823565232407,0.9933277731442869,1.0,0.6706796411587298,0.854932699459311,0.9734843568072076,0.5586063692722921,instance,complexity_kDN_top20
0,0.41511627906976745,0.6,0.09999999999999998,0.6470588235294118,0.2149417446381845,0.0,0.32209060499602227,0.9983319432860718,1.0,0.6687270659795721,0.8533210582317796,0.9886467712580175,0.14358965863070566,instance,complexity_kDN_top20
0,0.36936936936936937,0.4,0.05128205128205132,0.5882352941176471,0.8275621936786255,0.5,0.5119469009206112,1.0,1.0,0.671041618373178,0.8723947846704458,0.9895074656493865,-0.22782456066693046,instance,complexity_kDN_top20
0,0.5151162790697674,0.2,0.08247422680412375,0.47058823529411764,0.24382324130342337,0.0,0.48247166540067576,0.9966638865721434,1.0,0.6746700853057132,0.8481713196803942,0.973242886207739,0.14332384059362552,instance,complexity_kDN_top20
0,0.009433962264150941,0.4,0.03240740740740744,0.4117647058823529,0.23698635579968041,0.0,0.47765993134031537,0.9991659716430359,1.0,0.6736317041113243,0.8661416173956399,0.9997427543711642,-0.20370369451004958,instance,complexity_kDN_top20
0,0.30747126436781613,0.4,0.25619834710743805,0.5882352941176471,0.45629191748533515,0.5,0.5056196380032236,1.0,1.0,0.6716316994864628,0.8714310741032735,0.9968229276944134,0.03835780351523862,instance,complexity_kDN_top20
0,0.6763791763791763,1.0,0.7796610169491526,0.8235294117647058,0.654190124071747,0.8571428571428571,0.6068224694261353,1.0,1.0,0.6712219962981052,0.908297554193541,0.9786048247905008,-0.05656774549068287,instance,complexity_kDN_top20
0,0.1291208791208791,0.8,0.05128205128205132,0.5882352941176471,0.38065116719953773,0.25,0.5351517410023598,1.0,1.0,0.6699951973030545,0.8966417401707621,0.9989098711683375,0.09732073203255699,instance,complexity_kDN_top20
0,0.33333333333333337,0.4,0.765625,0.6470588235294118,0.8590462069478126,1.0,0.5456445392870496,1.0,1.0,0.6802456706931065,0.8715158302815388,0.9946832797297893,-0.19083998859342854,instance,complexity_kDN_top20
0,0.44736842105263164,0.2,0.14814814814814814,0.5882352941176471,0.2147603848335241,0.3333333333333333,0.4984608113910872,0.9991659716430359,1.0,0.670560360463026,0.8589051184153261,0.997561591576195,0.47533592192977875,instance,complexity_kDN_top20
0,0.4769230769230769,0.0,0.25619834710743805,0.7647058823529411,0.20304813033240732,0.0,0.4173268562388759,0.9916597164303587,1.0,0.6711968122667306,0.8690461365487205,0.9946890599013356,0.6445849281444211,instance,complexity_kDN_top20
0,0.28409090909090906,0.2,0.33333333333333337,0.4117647058823529,0.26859495248754095,0.5,0.5020893350062716,1.0,1.0,0.6712714243419765,0.867829564589466,0.9999360368118189,-0.0009692886995990273,instance,complexity_kDN_top20
0,0.17352941176470593,0.2,0.05128205128205132,0.7647058823529411,0.20304813035384023,0.0,0.4342738162958124,0.9991659716430359,1.0,0.668562833114644,0.877306914886808,0.9801388335380817,0.654429487658362,instance,complexity_kDN_top20
0,0.03947368421052633,0.4,0.03240740740740744,0.4117647058823529,0.775661533048833,0.0,0.48066097362988136,0.9991659716430359,1.0,0.6715173085806818,0.8716951614124945,0.9995671554763398,0.3581029212521367,instance,complexity_kDN_top20
0,0.13602941176470584,0.0,0.05128205128205132,0.5882352941176471,0.38850181880658163,0.0,0.3733887892847898,0.9824854045037531,1.0,0.6682739792843222,0.8679567455239139,0.9778254180093645,0.01934074584161226,instance,complexity_kDN_top20
0,0.21153846153846156,0.0,0.03240740740740744,0.4117647058823529,0.20505238428489908,0.0,0.4736589676946231,0.9933277731442869,1.0,0.6716561050389517,0.8454750065390764,0.9717305623592489,0.76547615480333,instance,complexity_kDN_top20
0,0.6884615384615385,0.4,0.15217391304347827,0.6470588235294118,0.871061510468232,0.75,0.5259074018252584,1.0,1.0,0.6707628105963821,0.8785394952346242,0.9899117148569647,-0.46503137454395266,instance,complexity_kDN_top20
0,0.0,0.0,0.1123595505617978,0.4117647058823529,0.20305143300195105,0.0,0.42246900627876893,0.9524603836530442,1.0,0.6690137142176069,0.8278298571673046,0.9909433636747155,0.908362193434563,instance,complexity_kDN_top20
0,0.4605263157894737,0.4,0.1123595505617978,0.5294117647058824,0.2476484473657657,0.3333333333333333,0.5362882839699825,1.0,1.0,0.6698961328281162,0.8327576691590552,0.9575815054210826,0.024735796981217396,instance,complexity_kDN_top20
0,0.02777777777777779,0.0,0.03703703703703709,0.6470588235294118,0.20304813033224056,0.0,0.40084576972495267,0.9849874895746455,0.9,0.5150696537908069,0.8535550914109822,0.9976575112879379,1.4053458330533255,instance,complexity_kDN_top20
0,0.6552197802197802,0.6,0.6615384615384615,0.6470588235294118,0.539463353388425,0.3333333333333333,0.5019977287143,1.0,1.0,0.6706402763671696,0.8865785633707359,0.995781837804025,0.18918174315078096,instance,complexity_kDN_top20
0,0.03191489361702127,0.0,0.15217391304347827,0.6470588235294118,0.20304813033224056,0.0,0.41532646078338675,0.9866555462885738,1.0,0.673497204468061,0.8873797433972918,0.9993752593913254,0.0795684069784956,instance,complexity_kDN_top20
0,0.0,0.0,0.1123595505617978,0.5294117647058824,0.23308561115944304,0.0,0.4479698931549444,0.9933277731442869,1.0,0.6784349897531211,0.8421818574654564,0.9847763072909224,-0.019050369288213777,instance,complexity_kDN_top20
0,0.6480769230769231,0.4,0.6615384615384615,0.7647058823529411,0.578521395315712,0.0,0.4659179714258358,0.9991659716430359,1.0,0.6731888381776064,0.9059763318679085,0.9993340644835791,-0.26120318068099063,instance,complexity_kDN_top20
0,0.475,0.8,0.1123595505617978,0.4117647058823529,0.23015529590817646,0.6666666666666666,0.5510833010055745,1.0,1.0,0.6706446508577262,0.8434173260835058,0.9894192432330012,-0.10746604363780836,instance,complexity_kDN_top20
0,0.21511627906976738,0.0,0.05128205128205132,0.5882352941176471,0.23585414744195787,0.3333333333333333,0.43528286914161074,0.9958298582151793,1.0,0.6743321308229764,0.8699956702298426,0.998906271644325,0.23525992682874297,instance,complexity_kDN_top20
0,0.1291208791208791,0.2,0.40625,0.35294117647058826,0.2202426454140678,0.0,0.4639101080379876,0.9991659716430359,1.0,0.6681033811142867,0.8106208385496145,0.9825187403021273,-0.06017326217514471,instance,complexity_kDN_top20
0,0.3635912698412699,0.2,0.6615384615384615,0.8235294117647058,0.3069930244382171,0.14285714285714285,0.4268613302301283,0.9966638865721434,1.0,0.6697346330840804,0.8996419347375844,0.9880878260555719,0.07166718924224251,instance,complexity_kDN_top20
0,0.01388888888888884,0.2,0.1123595505617978,0.4117647058823529,0.2063928746430796,0.0,0.4746248360922858,0.9974979149291076,1.0,0.668714718206265,0.845527490712155,0.993206238618369,0.42205008800726795,instance,complexity_kDN_top20
0,0.5072463768115942,0.6,0.8877551020408163,0.7058823529411765,0.20830972839179146,0.5,0.5188229159511382,1.0,1.0,0.6708358882324005,0.896574601648091,0.9932879377267195,0.036828224312449497,instance,complexity_kDN_top20
0,0.026315789473684292,0.0,0.03240740740740744,0.4117647058823529,0.20459954030803884,0.0,0.3834727108457592,0.9557964970809008,1.0,0.669495527185646,0.856361973043142,0.9985424687242367,1.045597166871423,instance,complexity_kDN_top20
0,0.16249999999999998,0.0,0.40625,0.35294117647058826,0.20326363440944795,0.0,0.4144999702430735,0.9924937447873228,0.9,0.6518326699458871,0.8178235471840338,0.9990500335584729,0.048695512418113145,instance,complexity_kDN_top20
0,0.08191489361702131,0.0,0.08247422680412375,0.5882352941176471,0.4774770889168498,0.0,0.42981754677525263,0.9924937447873228,1.0,0.6743300084632703,0.8901757777462687,0.9990853129115331,0.41419074676967815,instance,complexity_kDN_top20
0,0.0,0.0,0.12121212121212122,0.35294117647058826,0.39997497717582975,0.0,0.3773516300680697,0.9899916597164303,1.0,0.6708015890130604,0.858948358632276,0.9997929636395577,-0.12196132231672907,instance,complexity_kDN_top20
0,0.21511627906976738,0.6,0.05128205128205132,0.5882352941176471,0.3779003676746734,1.0,0.5098555251094711,1.0,1.0,0.6713696859018792,0.9013636146595756,0.9994441913263726,0.1505615552603696,instance,complexity_kDN_top20
0,0.8616666666666667,1.0,0.8245614035087719,0.5882352941176471,0.8651080192040902,1.0,0.5520574745329677,1.0,1.0,0.6708023421940734,0.8600123831877367,0.993817651150733,-0.23268114805199092,instance,complexity_kDN_top20
0,0.10964912280701755,0.2,0.12121212121212122,0.35294117647058826,0.24106905251920946,0.5,0.5036597433205405,1.0,1.0,0.6687225396708933,0.8532651733010785,0.9832796129592928,0.17709034852048916,instance,complexity_kDN_top20
0,0.2698412698412699,0.0,0.03240740740740744,0.4117647058823529,0.21873755044331167,0.0,0.4582028758163039,0.9899916597164303,1.0,0.6790054418768388,0.8543392360212876,0.9682105837717291,0.4920764772235848,instance,complexity_kDN_top20
0,0.0,0.2,0.1123595505617978,0.4117647058823529,0.20479335651638142,0.0,0.48215404572143183,0.9983319432860718,1.0,0.6687834295878609,0.8659490325021928,0.9996653794774664,0.4116007282257032,instance,complexity_kDN_top20
0,0.29807692307692313,0.8,0.4347826086956522,0.8823529411764706,0.7467307078634237,0.5,0.5185722548880181,1.0,1.0,0.6719204116002107,0.9142462574287717,0.991879738515496,-0.07513768176037067,instance,complexity_kDN_top20
0,0.0,0.4,0.1123595505617978,0.4117647058823529,0.20418771677021513,0.0,0.4426009483397375,0.9983319432860718,1.0,0.667536229023481,0.8507608820681061,0.9999401644269027,0.17834907755891452,instance,complexity_kDN_top20
0,0.7917637917637917,1.0,0.9465408805031447,0.7647058823529411,0.8247619323779155,1.0,0.5799507984148897,1.0,1.0,0.6702353722762528,0.8646132520712111,0.9942163404201946,-0.3345995910444064,instance,complexity_kDN_top20
0,0.5646929824561404,0.4,0.9358974358974359,0.6470588235294118,0.8660795883309983,1.0,0.5380251025363092,1.0,1.0,0.6708540739984177,0.8731400885743387,0.998288583312895,-0.24608628830737306,instance,complexity_kDN_top20
0,0.0,0.0,0.1123595505617978,0.4117647058823529,0.20313039408864725,0.0,0.3668117725416481,0.9733110925771477,0.9,0.6152339959601172,0.8500163503245943,0.9752053262724121,0.08487690133499602,instance,complexity_kDN_top20
0,0.0,0.2,0.40625,0.35294117647058826,0.2048054813966324,0.0,0.4305313484172384,0.9966638865721434,0.9,0.6541226828047103,0.7950801080120752,0.9988664787030576,-0.414799556340727,instance,complexity_kDN_top20
0,0.023809523809523836,0.2,0.1333333333333333,0.5882352941176471,0.44593804681768956,0.5,0.48352804652147574,0.9991659716430359,1.0,0.6711085084714995,0.879149807959083,0.983675790684264,-0.10561044766368226,instance,complexity_kDN_top20
0,0.0,0.0,0.09999999999999998,0.6470588235294118,0.20332371197759974,0.0,0.42047109695248264,0.9866555462885738,1.0,0.6679696662368169,0.8393113119900028,0.9924753061182249,0.6968587550985118,instance,complexity_kDN_top20
0,0.3615384615384616,0.2,0.2195121951219512,0.5882352941176471,0.762570276068848,0.0,0.4234145404481122,0.9974979149291076,1.0,0.6703816854323992,0.8833029843217339,0.982325332603946,-0.18755624438592186,instance,complexity_kDN_top20
0,0.0,0.0,0.15217391304347827,0.6470588235294118,0.20304813033224056,0.0,0.3743910273855432,0.9783152627189324,0.85,0.31011366933224976,0.8518200188583945,0.993013932142185,2.5144987855613343,instance,complexity_kDN_top20
0,0.07631578947368423,0.0,0.03240740740740744,0.4117647058823529,0.20552606590100436,0.0,0.4191038076253134,0.9891576313594662,1.0,0.6686703363387058,0.8647070019976788,0.9722736090152545,0.3663950341702284,instance,complexity_kDN_top20
0,0.3635912698412699,0.4,0.9358974358974359,0.6470588235294118,0.8316049938527845,0.3333333333333333,0.4700412448745952,0.9991659716430359,1.0,0.6703447260095751,0.8908697783625803,0.9814838387937372,-0.30044661832007935,instance,complexity_kDN_top20
0,0.5121621621621621,0.0,0.1123595505617978,0.5882352941176471,0.5857303012607994,0.0,0.47114781350395796,0.9949958298582152,1.0,0.6803913500517269,0.8697435685671554,0.9855174550406334,0.14009819144429234,instance,complexity_kDN_top20
0,0.0,0.0,0.1123595505617978,0.4117647058823529,0.20304842434133386,0.0,0.3858831306395366,0.9724770642201834,0.95,0.6666406928428524,0.8312814268128965,0.9851571099146599,0.1565145353393332,instance,complexity_kDN_top20
0,0.023809523809523836,0.0,0.08247422680412375,0.47058823529411764,0.22446534618449748,0.0,0.4103556795026594,0.9808173477898249,1.0,0.6730452261699842,0.8474707524262838,0.9978409085677382,0.04423789543965633,instance,complexity_kDN_top20
0,0.29844961240310075,0.2,0.1333333333333333,0.5882352941176471,0.47546409033421977,0.0,0.44307673561287675,0.9966638865721434,1.0,0.6713873616986064,0.88030066106909,0.9643833055489912,0.009369755914188153,instance,complexity_kDN_top20
0,0.6590909090909091,0.2,0.09999999999999998,0.6470588235294118,0.22067777199898841,0.5,0.49071368649513136,0.9991659716430359,1.0,0.6692548655813828,0.8534483120829044,0.9689840689901078,0.24007254932502353,instance,complexity_kDN_top20
0,0.31666666666666665,0.4,0.25619834710743805,0.7647058823529411,0.8104922848163051,0.0,0.4986901140187576,0.9991659716430359,1.0,0.6751654114643213,0.8526686922206907,0.980389595488211,0.24382443308684779,instance,complexity_kDN_top20
0,0.18233082706766912,0.2,0.03240740740740744,0.4117647058823529,0.2053033103961231,0.0,0.4745778507788456,0.9974979149291076,1.0,0.6711613417051332,0.8507642872834399,0.9962277956214545,0.37817204865670806,instance,complexity_kDN_top20
0,0.5121621621621621,0.2,0.03240740740740744,0.4117647058823529,0.24326620627573947,0.0,0.46228663116899393,0.9983319432860718,1.0,0.6706651094502648,0.8956293930633612,0.9926112415150531,0.11977084331090031,instance,complexity_kDN_top20
0,0.16666666666666674,0.4,0.25619834710743805,0.7647058823529411,0.20318878501284304,0.0,0.4129894687209298,0.9983319432860718,1.0,0.6703484420640343,0.8504165736755027,0.9926885738368062,0.637160204574449,instance,complexity_kDN_top20
0,0.026315789473684292,0.0,0.09999999999999998,0.6470588235294118,0.2032846022996625,0.0,0.440875986844651,0.987489574645538,1.0,0.6690484005218792,0.8393837499862485,0.9829653501677295,0.5762950804498582,instance,complexity_kDN_top20
0,0.5072463768115942,0.4,0.25619834710743805,0.7647058823529411,0.6270836937415064,0.0,0.4697034873299486,0.9991659716430359,1.0,0.6705844089230898,0.849783180413926,0.9945536979158371,0.17125540992380595,instance,complexity_kDN_top20
0,0.0,0.2,0.05128205128205132,0.5882352941176471,0.3389797710051524,0.0,0.38561433371443654,0.9966638865721434,1.0,0.6690911866819064,0.8658167482382989,0.9924804700077221,0.059884427614492704,instance,complexity_kDN_top20
0,0.08191489361702131,0.2,0.03703703703703709,0.6470588235294118,0.3698915484040527,0.0,0.4539001387557954,0.9991659716430359,1.0,0.6706927064689183,0.8746662991626133,0.9988903607232662,0.047228613359819614,instance,complexity_kDN_top20
0,0.009433962264150941,0.4,0.03240740740740744,0.4117647058823529,0.22684568883299738,0.0,0.4545447570698291,0.9983319432860718,1.0,0.6714735443048865,0.8738419111080724,0.9960071591015637,-0.04718630008615768,instance,complexity_kDN_top20
0,0.01388888888888884,0.2,0.1123595505617978,0.4117647058823529,0.22630987571768324,0.0,0.41202784990105557,0.9974979149291076,1.0,0.6775403864842839,0.8356993835055612,0.9873941237100798,0.4752880756081883,instance,complexity_kDN_top20
0,0.30747126436781613,0.2,0.05128205128205132,0.5882352941176471,0.7091200855549885,1.0,0.5128913530398828,1.0,1.0,0.6723472620646422,0.8857894132809555,0.9956778465526124,-0.2930545780828583,instance,complexity_kDN_top20
0,0.21511627906976738,0.4,0.09999999999999998,0.6470588235294118,0.20304933005988557,0.0,0.41506447951041714,0.9983319432860718,1.0,0.6712584897471532,0.8536472373303303,0.9670382185999609,-0.08072551371794964,instance,complexity_kDN_top20
0,0.0,0.0,0.1123595505617978,0.4117647058823529,0.20339505649612322,0.0,0.3860855690622981,0.9899916597164303,1.0,0.6683894170967292,0.8274407512006677,0.9747365345610223,-0.19327488613705557,instance,complexity_kDN_top20
0,0.03191489361702127,0.2,0.25619834710743805,0.7647058823529411,0.6979922401508062,0.0,0.472968558481744,0.9983319432860718,1.0,0.6696407436971051,0.8314279559524878,0.9925557876422588,0.21581119961006306,instance,complexity_kDN_top20
0,0.46474358974358976,0.6,0.03703703703703709,0.6470588235294118,0.2681627215334797,0.0,0.497892537224668,0.9991659716430359,1.0,0.6701764581477142,0.8897912192547921,0.990046109850995,0.21136851112323438,instance,complexity_kDN_top20
0,0.02777777777777779,0.0,0.05128205128205132,0.5882352941176471,0.20304813033224056,0.0,0.41971982730849333,0.9908256880733946,0.9,0.3681930936510995,0.8289522596382077,0.9939816207522862,2.1427694335447334,instance,complexity_kDN_top20
0,0.009433962264150941,0.0,0.03240740740740744,0.4117647058823529,0.2032237906854112,0.0,0.45659948870048905,0.9958298582151793,0.9,0.5745876336078514,0.8343121007697809,0.9945408212004573,0.3172335957758146,instance,complexity_kDN_top20
0,0.1291208791208791,0.2,0.05128205128205132,0.5882352941176471,0.3591891797430913,0.0,0.44151941396287775,0.9983319432860718,1.0,0.6689815910871746,0.8732592578349656,0.989255774151149,0.45109640272555956,instance,complexity_kDN_top20
0,0.28409090909090906,0.4,0.33333333333333337,0.4117647058823529,0.4943618990004005,0.3333333333333333,0.48070003614076573,0.9974979149291076,1.0,0.6693693839039911,0.8603704449459089,0.996866562016955,-0.1652065110874402,instance,complexity_kDN_top20
0,0.0,0.0,0.1123595505617978,0.5294117647058824,0.20315774366730732,0.0,0.4159164028054637,0.9933277731442869,0.9,0.6184319071956526,0.8531199523655595,0.9923465788315303,0.2710493309365154,instance,complexity_kDN_top20
0,0.01388888888888884,0.0,0.1123595505617978,0.4117647058823529,0.20328497763001352,0.0,0.45968400638528817,0.9958298582151793,0.9,0.6493648204150296,0.8563389937310729,0.9908659465710299,0.18755446708781925,instance,complexity_kDN_top20
0,0.4739130434782608,0.4,0.05128205128205132,0.5882352941176471,0.4243982337386475,0.5,0.4881483007407297,0.9991659716430359,1.0,0.6693436302736343,0.8641488106122155,0.9959417676887931,0.23068233595166526,instance,complexity_kDN_top20
0,0.3635912698412699,0.6,0.15217391304347827,0.6470588235294118,0.8136700361620584,0.0,0.4855559212491306,0.9991659716430359,1.0,0.6705778321602176,0.8923199801791812,0.9873834554867397,-0.4100729932676135,instance,complexity_kDN_top20
0,0.08191489361702131,0.0,0.5555555555555556,0.5294117647058824,0.24978676964739588,0.0,0.46077240388470286,0.9958298582151793,1.0,0.6692894317901343,0.8663918514566504,0.9846026746893166,0.42594587251406124,instance,complexity_kDN_top20
0,0.03191489361702127,0.0,0.25619834710743805,0.7647058823529411,0.21219582133888798,0.0,0.4071660237166139,0.9724770642201834,1.0,0.6692383791053959,0.8689431153625267,0.9942919353642425,0.2833524248777008,instance,complexity_kDN_top20
0,0.03947368421052633,0.0,0.03240740740740744,0.4117647058823529,0.21196872063201633,0.0,0.42025608704597395,0.9774812343619683,1.0,0.6714236090532926,0.8630522809025518,0.998374777992285,0.809433276577328,instance,complexity_kDN_top20
0,0.18367346938775508,0.2,0.1123595505617978,0.5882352941176471,0.3676025343126993,0.0,0.45455502600162456,0.9974979149291076,1.0,0.6701463020564349,0.8825712610345674,0.9902376669811078,0.16040214600033928,instance,complexity_kDN_top20
0,0.0,0.2,0.03240740740740744,0.4117647058823529,0.20304813033224056,0.0,0.4571142785397774,0.9983319432860718,0.85,0.5533494040031396,0.7734581379278925,0.9371152167433905,0.7113782058800939,instance,complexity_kDN_top20
0,0.4198412698412699,0.2,0.25619834710743805,0.7647058823529411,0.25938567326675566,0.0,0.4601725237217147,0.9974979149291076,1.0,0.6728081264075298,0.8940540419579769,0.9823991314885218,0.26163524716930137,instance,complexity_kDN_top20
0,0.3635912698412699,0.2,0.05128205128205132,0.5882352941176471,0.6261087569989868,0.0,0.45432096901533947,0.9966638865721434,1.0,0.6698136376203713,0.8841729229877198,0.9988269448253235,-0.38730913373395404,instance,complexity_kDN_top20
0,0.4769230769230769,0.2,0.25619834710743805,0.7647058823529411,0.3703753307384755,0.2222222222222222,0.43164244018896225,0.9991659716430359,1.0,0.6756437462733436,0.8821368047163981,0.9923025438148857,0.09138961060387628,instance,complexity_kDN_top20
0,0.13602941176470584,0.2,0.05128205128205132,0.5882352941176471,0.8640340036534095,0.0,0.45161431792666207,0.9966638865721434,1.0,0.6683333066874996,0.8857745801931323,0.998711902059313,0.04380858803522327,instance,complexity_kDN_top20
0,0.9134199134199135,0.8,0.9358974358974359,0.7647058823529411,0.6538669744643935,0.5,0.5049030817220601,1.0,1.0,0.6699857027365634,0.8405725125166421,0.9415483020732511,0.16162063489742234,instance,complexity_kDN_top20
0,0.03191489361702127,0.0,0.25619834710743805,0.7647058823529411,0.20304813059963955,0.0,0.3717053185424557,0.9666388657214345,1.0,0.6688658038420464,0.8175162583134428,0.934480442529154,0.7287243467703,instance,complexity_kDN_top20
0,0.5837912087912088,0.0,0.14814814814814814,0.5882352941176471,0.698620234090134,0.0,0.4582846894573466,0.9949958298582152,1.0,0.6708972672634753,0.8690850188858334,0.9795835487896758,0.027877618665781746,instance,complexity_kDN_top20
0,0.2807017543859649,0.0,0.08247422680412375,0.47058823529411764,0.24142776876375838,0.0,0.4363112621412861,0.9958298582151793,1.0,0.6714095291773325,0.8663903353090869,0.99549122656088,0.14203427792912693,instance,complexity_kDN_top20
0,0.023809523809523836,0.0,0.05128205128205132,0.5882352941176471,0.8792586212705296,0.0,0.45695830270750937,0.994161801501251,1.0,0.670482351958418,0.8629708541011428,0.9956868812204376,-0.01621464883697232,instance,complexity_kDN_top20
0,0.9188311688311688,0.8,0.9358974358974359,0.7058823529411765,0.8730623367982192,1.0,0.5445191585757265,1.0,1.0,0.6726540378025072,0.8636478820521123,0.9870133454069958,-0.3539066486607337,instance,complexity_kDN_top20
0,0.023809523809523836,0.6,0.05128205128205132,0.7058823529411765,0.8799159187294815,0.5,0.4616231838151498,0.9983319432860718,1.0,0.6729253854492049,0.8503368930367508,0.994113133375582,-0.16751345223791886,instance,complexity_kDN_top20
0,0.0,0.0,0.1123595505617978,0.4117647058823529,0.20305179258938727,0.0,0.39027456834217356,0.9641367806505421,1.0,0.6674702518018184,0.8226421936531398,0.9931017969996888,0.7196628227519647,instance,complexity_kDN_top20
0,0.11524822695035453,0.0,0.4347826086956522,0.8235294117647058,0.23476229862523967,0.0,0.37201622208901775,0.987489574645538,1.0,0.6677223971220861,0.8898932108983757,0.9918025769712929,0.32650092737973296,instance,complexity_kDN_top20
0,0.026315789473684292,0.0,0.03240740740740744,0.4117647058823529,0.2131625618039814,0.0,0.4443257500182526,0.987489574645538,1.0,0.6695046281508508,0.8687378145831858,0.9941967783890572,0.4233527850285592,instance,complexity_kDN_top20
0,0.03947368421052633,0.4,0.08247422680412375,0.47058823529411764,0.5996486128779828,0.3333333333333333,0.520993983291594,1.0,1.0,0.672889617589285,0.8943663292065113,0.9927581581709445,0.031236117712027466,instance,complexity_kDN_top20
0,0.23809523809523814,0.0,0.08247422680412375,0.47058823529411764,0.8065616134629455,0.0,0.4362372113442545,0.9949958298582152,1.0,0.6715676099453709,0.8772021707316796,0.9970642643679971,0.6746832257380957,instance,complexity_kDN_top20
0,0.4769230769230769,0.0,0.03240740740740744,0.4117647058823529,0.3598607460013,0.0,0.4523914156207347,0.9949958298582152,1.0,0.6767591788753057,0.8657691083762522,0.9990096369200278,0.08715445242832245,instance,complexity_kDN_top20
0,0.17352941176470593,0.6,0.9465408805031447,0.8823529411764706,0.7789264916547721,0.0,0.4966373538049622,0.9991659716430359,1.0,0.6705993221256348,0.8856672237842236,0.9796560038938221,0.08684561725749387,instance,complexity_kDN_top20
0,0.7733333333333333,0.2,0.2777777777777778,0.7058823529411765,0.8826606296103785,0.0,0.44260271630217607,0.9966638865721434,1.0,0.6827259895376161,0.8590400096894536,0.9827424019081188,-0.06400166535260945,instance,complexity_kDN_top20
0,0.009433962264150941,0.0,0.03240740740740744,0.47058823529411764,0.20305427850758867,0.0,0.4412757193132839,0.9958298582151793,0.9,0.5525110228335914,0.8177867619281749,0.9992176009272087,0.22991974152229316,instance,complexity_kDN_top20
0,0.5121621621621621,0.4,0.03240740740740744,0.4117647058823529,0.33434477816998476,1.0,0.5391149946038812,1.0,1.0,0.6730314762826265,0.88249267636982,0.9973249392909244,0.11295167282095077,instance,complexity_kDN_top20
0,0.11524822695035453,0.0,0.03703703703703709,0.6470588235294118,0.25505426347556737,0.0,0.4582581829606709,0.9949958298582152,1.0,0.6679049378681134,0.8699220722669017,0.9832008808857965,0.48536232129799683,instance,complexity_kDN_top20
0,0.0,0.2,0.03240740740740744,0.4117647058823529,0.20307616448860627,0.0,0.4956282552516982,0.9991659716430359,0.95,0.6097940295655064,0.8184694915842907,0.9991304063279041,0.251641754821543,instance,complexity_kDN_top20
0,0.7480769230769231,0.8,0.25619834710743805,0.7647058823529411,0.2919494463579291,1.0,0.5017498219731986,1.0,1.0,0.6719373225627999,0.8643730848282305,0.9882738078170481,0.1536301219490034,instance,complexity_kDN_top20
0,0.31666666666666665,0.6,0.25619834710743805,0.7647058823529411,0.8331498489799336,0.3333333333333333,0.49767810794555367,0.9991659716430359,1.0,0.6722591644805821,0.828252644243417,0.9505878534476828,-0.31177434695422007,instance,complexity_kDN_top20
0,0.009433962264150941,0.2,0.03240740740740744,0.4117647058823529,0.20429187580982683,0.0,0.45809131721897567,0.9966638865721434,0.95,0.6519859313458103,0.8590384823490058,0.9911408013177004,0.0549771597180016,instance,complexity_kDN_top20
0,0.18367346938775508,0.4,0.2195121951219512,0.5882352941176471,0.5234944414809739,1.0,0.5003354284375595,1.0,1.0,0.669929352143091,0.8885240673848227,0.9977733675978565,0.01805694554248314,instance,complexity_kDN_top20
0,0.023809523809523836,0.0,0.03240740740740744,0.4117647058823529,0.20415966140130593,0.0,0.3575855994597039,0.981651376146789,1.0,0.671694659733534,0.8579927207024903,0.9990493868312407,0.6998590008238744,instance,complexity_kDN_top20
0,0.5837912087912088,0.2,0.33333333333333337,0.4117647058823529,0.43564504989077923,0.0,0.4648267819380487,0.9983319432860718,1.0,0.6699174289236836,0.8753454971068679,0.9973091280024357,0.25712793868568784,instance,complexity_kDN_top20
0,0.08881578947368429,0.0,0.05128205128205132,0.5882352941176471,0.20375058089779347,0.0,0.42764364989598025,0.9858215179316097,1.0,0.6702878831984375,0.8761061324908985,0.9971794971018808,0.15984165160293712,instance,complexity_kDN_top20
0,0.23809523809523814,0.2,0.25619834710743805,0.8823529411764706,0.8715366830303994,0.0,0.4850878635847349,0.9974979149291076,1.0,0.6716542149004383,0.8588159223321264,0.9836575444466067,0.13037731466301847,instance,complexity_kDN_top20
0,0.49686520376175547,0.6,0.3571428571428571,0.7647058823529411,0.6267176133882834,0.6666666666666666,0.5587793377684123,1.0,1.0,0.6720041063634385,0.8903529592347574,0.9984672514106234,-0.18276555297809619,instance,complexity_kDN_top20
0,0.0,0.0,0.1123595505617978,0.4117647058823529,0.21195127688249943,0.0,0.3751680002584332,0.9783152627189324,1.0,0.6690684787187561,0.8594968921918517,0.9885636445012908,0.11248459183905248,instance,complexity_kDN_top20
0,0.0,0.2,0.25619834710743805,0.7647058823529411,0.20304813033224056,1.0,0.518979640995003,1.0,0.95,0.6518516611663031,0.8035989272925897,0.9568399909178827,0.4095162368625124,instance,complexity_kDN_top20
0,0.23809523809523814,0.2,0.08247422680412375,0.47058823529411764,0.8635082164944334,0.0,0.4185534364418654,0.9991659716430359,1.0,0.6707236003917412,0.873897804819786,0.9907807561394865,0.015879732394768656,instance,complexity_kDN_top20
0,0.5027027027027027,0.6,0.5555555555555556,0.5294117647058824,0.2841056138710193,0.6666666666666666,0.5232698693165678,1.0,1.0,0.6710854817004323,0.8485311025715152,0.9503156287769992,-0.3253964750459442,instance,complexity_kDN_top20
0,0.08191489361702131,0.0,0.08247422680412375,0.5882352941176471,0.5389925450378704,0.0,0.4746433843511074,0.9949958298582152,1.0,0.6743456744912061,0.8707102915931142,0.9783936588316543,0.3503944258990859,instance,complexity_kDN_top20
0,0.6079545454545454,0.2,0.08247422680412375,0.5882352941176471,0.7232406117547102,0.5,0.5205762594066283,1.0,1.0,0.6787275934105526,0.8978670322266076,0.9994702961001376,-0.11943985139746593,instance,complexity_kDN_top20
0,0.023809523809523836,0.2,0.765625,0.6470588235294118,0.5050241385769614,0.0,0.46487791042145366,0.9983319432860718,1.0,0.6766034041867688,0.8506224145974702,0.9990247284445523,-0.18460750583626762,instance,complexity_kDN_top20
0,0.20270270270270263,0.0,0.25619834710743805,0.5882352941176471,0.855342559881229,0.0,0.4115560889413309,0.9933277731442869,1.0,0.673748868388723,0.8345635574568236,0.9672646386435847,0.6252839111309753,instance,complexity_kDN_top20
0,0.0,0.8,0.2777777777777778,0.7058823529411765,0.8493203933939772,1.0,0.5169311707920485,1.0,1.0,0.6776552156228272,0.8536141651058635,0.9837766824781459,-0.27917706552322985,instance,complexity_kDN_top20
0,0.0,0.0,0.40625,0.35294117647058826,0.20304987121591084,0.0,0.40276851125944324,0.994161801501251,0.75,0.602157568792686,0.8085982019231578,0.9989789580194746,0.04300905128625605,instance,complexity_kDN_top20
0,0.026315789473684292,0.0,0.03703703703703709,0.6470588235294118,0.2340132528467495,0.0,0.40054153279108584,0.9866555462885738,1.0,0.6701208951422832,0.8722544326889679,0.9879945993059307,0.5429788939021355,instance,complexity_kDN_top20
0,0.21153846153846156,0.2,0.2777777777777778,0.7058823529411765,0.20603039006594154,0.0,0.47208810911306887,0.9974979149291076,1.0,0.6707007798885628,0.8477983083191672,0.9749672320275541,0.2947387613960343,instance,complexity_kDN_top20
0,0.0,0.0,0.4347826086956522,0.6470588235294118,0.20547186999344003,0.0,0.45953522413441783,0.9933277731442869,0.95,0.6664608597138824,0.8560639319129315,0.9902141583833338,0.007539217721021423,instance,complexity_kDN_top20
0,0.009433962264150941,0.2,0.03240740740740744,0.4117647058823529,0.20304813035882763,0.5,0.49728891801396125,0.9991659716430359,1.0,0.6710487940005222,0.870884334363186,0.9846614353129113,0.47909922016222156,instance,complexity_kDN_top20
0,0.2875,0.2,0.03240740740740744,0.4117647058823529,0.20362270152532214,0.0,0.4527705113683581,0.9991659716430359,1.0,0.6707599640080766,0.8497611895794674,0.985225484343586,0.5957166855125303,instance,complexity_kDN_top20
0,0.6048850574712643,0.6,0.08247422680412375,0.47058823529411764,0.5720728434998611,0.0,0.4490194339899065,0.9991659716430359,1.0,0.6698826592186424,0.8848339157274768,0.9757532947146462,0.20071696378999557,instance,complexity_kDN_top20
0,0.44318181818181823,0.6,0.9358974358974359,0.5294117647058824,0.8174289579815164,0.5,0.538072755256477,1.0,1.0,0.6693344758306394,0.856882241885175,0.9831499569235158,-0.33472151217295715,instance,complexity_kDN_top20
0,0.6763791763791763,0.4,0.14814814814814814,0.5882352941176471,0.6969103559491034,0.25,0.5264629610447301,1.0,1.0,0.6702209633138356,0.8934812303662822,0.992039190202168,-0.02644452921949842,instance,complexity_kDN_top20
0,0.0,0.2,0.1123595505617978,0.4117647058823529,0.20542581852545283,0.0,0.4734060095454614,0.9983319432860718,1.0,0.6692311361535787,0.8553606494293182,0.9927467100609247,0.03508554182883603,instance,complexity_kDN_top20
0,0.5,0.6,0.25619834710743805,0.8823529411764706,0.261824059745173,0.6666666666666666,0.5872541771091497,1.0,1.0,0.669262408849487,0.8681014473455205,0.9972771757782182,0.22940086966684878,instance,complexity_kDN_top20
0,0.03947368421052633,0.0,0.03240740740740744,0.4117647058823529,0.7199651124012597,0.0,0.4752819844879601,0.9933277731442869,1.0,0.6719188269391245,0.8798751630096214,0.9996820343935608,-0.03474767547441885,instance,complexity_kDN_top20
0,0.6066666666666667,0.4,0.0,0.4117647058823529,0.2030481970991901,1.0,0.5110040582686723,1.0,0.9,0.6409864772272399,0.8272988580337415,0.996139415513278,-0.6607604378928772,instance,complexity_kDN_top20
0,0.7879714576962283,0.8,0.9075144508670521,0.8235294117647058,0.8696193056623737,0.8,0.5085550489879662,1.0,1.0,0.6755320640449666,0.9145020033232907,0.9961885381453743,-0.43429736270833086,instance,complexity_kDN_top20
0,0.08630952380952384,0.0,0.8877551020408163,0.7058823529411765,0.8689998287583456,0.0,0.4075768075020024,0.9924937447873228,1.0,0.6702400376382829,0.873020257797257,0.9859093475179669,-0.31558749928687174,instance,complexity_kDN_top20
0,0.37310606060606055,0.6,0.2195121951219512,0.5882352941176471,0.8195317838640699,1.0,0.5477242488897811,1.0,1.0,0.6692610206201186,0.8706580189547779,0.994431801373272,-0.19324208973243523,instance,complexity_kDN_top20
0,0.5027027027027027,0.4,0.05128205128205132,0.7058823529411765,0.20304813033224056,1.0,0.5122920709462244,1.0,0.95,0.6446666766545446,0.871829448806141,0.9962248896080332,0.006898118058391347,instance,complexity_kDN_top20
0,0.009433962264150941,0.0,0.03240740740740744,0.4117647058823529,0.20304813033224056,0.0,0.42212071097989323,0.9791492910758965,1.0,0.6685149285515665,0.8695849539968592,0.9922520826920925,0.8124716164723111,instance,complexity_kDN_top20
0,0.3990825688073394,0.2,0.25619834710743805,0.5882352941176471,0.5778410521629777,0.0,0.46087895321253736,0.9966638865721434,1.0,0.6801400153970021,0.8537878088475891,0.9868645143088893,0.36341796799662357,instance,complexity_kDN_top20
0,0.0,0.0,0.1123595505617978,0.4117647058823529,0.20304830507638005,0.0,0.38766704998925117,0.9658048373644704,0.8,0.6053595492277294,0.8183595205951718,0.9668804069007767,0.12645878712383118,instance,complexity_kDN_top20
0,0.3635912698412699,0.0,0.765625,0.5882352941176471,0.2690107952290678,0.0,0.43090211371517384,0.9949958298582152,1.0,0.6719227896619082,0.8716144684347439,0.9885771285854285,-0.10265134691848903,instance,complexity_kDN_top20
0,0.009433962264150941,0.2,0.12121212121212122,0.35294117647058826,0.4804172130633707,0.3333333333333333,0.5080334260625843,1.0,1.0,0.674098689820418,0.8584382047241543,0.9972888797107778,-0.29850463018433887,instance,complexity_kDN_top20
0,0.16666666666666674,0.2,0.25619834710743805,0.7058823529411765,0.3030307623270212,0.0,0.4517448768216785,0.9966638865721434,1.0,0.6715670172634823,0.8331526305473436,0.9770888049454343,0.14348022116400647,instance,complexity_kDN_top20
0,0.0,0.0,0.1123595505617978,0.5294117647058824,0.20347769848144004,0.0,0.4237008463156531,0.9616346955796498,0.95,0.6666666666666666,0.8217992369567225,0.9673680034246002,0.8099288742929092,instance,complexity_kDN_top20
0,0.2372448979591837,0.0,0.1123595505617978,0.4117647058823529,0.22923074938072868,0.0,0.41950800123490495,0.9958298582151793,1.0,0.669208923988911,0.8572139013950064,0.983546848842443,0.18499365062133508,instance,complexity_kDN_top20
0,0.01388888888888884,0.0,0.1123595505617978,0.5294117647058824,0.21324726620970413,0.0,0.4822505013336982,0.9958298582151793,1.0,0.6709000152318405,0.8560267000951922,0.982146075669169,0.1284819632007298,instance,complexity_kDN_top20
0,0.06498951781970652,0.4,0.03240740740740744,0.4117647058823529,0.24523936954111358,0.0,0.4643169020512625,0.9991659716430359,1.0,0.6734842319715731,0.8712135613799414,0.9977640216017792,-0.06081429331995958,instance,complexity_kDN_top20
0,0.30747126436781613,0.6,0.05128205128205132,0.7058823529411765,0.6394250043522135,1.0,0.531343567918974,1.0,1.0,0.6716605078746248,0.8804971391031515,0.9741297658933546,-0.10877445457582716,instance,complexity_kDN_top20
0,0.5365448504983389,0.4,0.25619834710743805,0.7058823529411765,0.423962099177955,1.0,0.53398872785657,1.0,1.0,0.6762455677157843,0.8483581564934033,0.9490170293209359,-0.3254738612759025,instance,complexity_kDN_top20
0,0.0,0.0,0.03703703703703709,0.6470588235294118,0.20304813033224056,0.0,0.3697778483375077,0.9666388657214345,1.0,0.6684302445446687,0.8493083826250032,0.9793461449379667,1.3414038478686823,instance,complexity_kDN_top20
0,0.28409090909090906,0.4,0.12121212121212122,0.35294117647058826,0.20916324747467713,0.0,0.4487107042010807,0.9983319432860718,1.0,0.6689898072986544,0.8204446434434525,0.9528546585783056,0.18016259615136734,instance,complexity_kDN_top20
0,0.17391304347826086,0.0,0.15217391304347827,0.6470588235294118,0.3213030902798898,0.0,0.44366722963494076,0.9899916597164303,1.0,0.6694425732090109,0.8486944414882155,0.9899843082264455,0.20063318778959494,instance,complexity_kDN_top20
0,0.44887955182072836,0.4,0.7241379310344828,0.5294117647058824,0.4231054642572274,1.0,0.5224470060452344,1.0,1.0,0.6730597710174591,0.8766800225249772,0.9993269113075942,0.20323633945731365,instance,complexity_kDN_top20
0,0.17352941176470593,0.4,0.05128205128205132,0.5882352941176471,0.2790137312364183,0.25,0.473947470776093,0.9983319432860718,1.0,0.6686087778170242,0.8710692183877258,0.9701608768983746,0.22369457100182644,instance,complexity_kDN_top20
0,0.42307692307692313,0.0,0.08247422680412375,0.47058823529411764,0.21851001720675622,0.0,0.46282798521482715,0.9958298582151793,1.0,0.6715939297327145,0.8516779311114618,0.99797886841274,-0.11157221472625709,instance,complexity_kDN_top20
0,0.14880952380952384,0.0,0.03240740740740744,0.4117647058823529,0.2030481303747823,0.0,0.4715032653113542,0.994161801501251,1.0,0.670554446106798,0.8203059258562593,0.994788799496486,0.8556002009586804,instance,complexity_kDN_top20
0,0.16666666666666674,0.0,0.15217391304347827,0.6470588235294118,0.20315347209069606,0.0,0.44960076669852955,0.9916597164303587,1.0,0.6696100357656511,0.8623495545802493,0.9942480653232033,-0.291893583125818,instance,complexity_kDN_top20
0,0.0,0.0,0.05128205128205132,0.5882352941176471,0.23335319711818803,0.0,0.4226459735651351,0.9833194328607172,1.0,0.670245513445525,0.8545006037830516,0.994767390922805,0.12320864075524879,instance,complexity_kDN_top20
0,0.11224489795918369,0.0,0.4347826086956522,0.8235294117647058,0.42164735024459266,0.0,0.4734689709702513,0.9958298582151793,1.0,0.6700999061273439,0.8457277249420863,0.9934852180620586,-0.38278124869351243,instance,complexity_kDN_top20
0,0.22413793103448276,0.0,0.2777777777777778,0.7058823529411765,0.20304813033224056,0.0,0.45050571022084185,0.9958298582151793,1.0,0.6710849615766694,0.8476953002349189,0.9732797757941359,0.12209635223686541,instance,complexity_kDN_top20
0,0.026315789473684292,0.0,0.7241379310344828,0.5294117647058824,0.20762912277640444,0.0,0.46258753622347615,0.9891576313594662,1.0,0.6686973707951558,0.8562836850855609,0.9920708708251926,0.46112214971615156,instance,complexity_kDN_top20
0,0.2372448979591837,0.2,0.1123595505617978,0.4117647058823529,0.21094250930195918,0.0,0.427183740759305,0.9991659716430359,1.0,0.6680792162926921,0.8652146229713686,0.9939870606944498,0.2370129280259153,instance,complexity_kDN_top20
0,0.0,0.0,0.15217391304347827,0.6470588235294118,0.21197112098076565,0.0,0.41591584136215687,0.97581317764804,1.0,0.671868979667637,0.8791476807788625,0.9967930220375184,0.22936274474507315,instance,complexity_kDN_top20
0,0.02777777777777779,0.0,0.5555555555555556,0.5294117647058824,0.20304813033224056,0.0,0.39545082799537357,0.9924937447873228,0.8,0.44242464852706326,0.8331982479623852,0.9831758868104207,1.7856017089856175,instance,complexity_kDN_top20
0,0.0,0.0,0.03240740740740744,0.47058823529411764,0.20391590321651865,0.0,0.40973492777428167,0.9924937447873228,0.95,0.6666666666666666,0.824490829341598,0.9932248301006701,0.5283752476455542,instance,complexity_kDN_top20
0,0.08881578947368429,0.0,0.09999999999999998,0.6470588235294118,0.20482192341903305,0.0,0.42312980940257605,0.9899916597164303,1.0,0.6685405074303472,0.8746846929198681,0.9975767093603999,-0.030362145134893166,instance,complexity_kDN_top20
0,0.2698412698412699,0.0,0.05128205128205132,0.5882352941176471,0.20304813033224056,0.0,0.43371123174597637,0.9766472060050042,1.0,0.6702166290896363,0.867782515192993,0.9957352364857008,0.9594987023276631,instance,complexity_kDN_top20
0,0.009433962264150941,0.0,0.03240740740740744,0.4117647058823529,0.20304813033224056,0.0,0.39215890031827905,0.97581317764804,1.0,0.6676750613040651,0.8462821250696294,0.9904446407506742,1.1185718678048522,instance,complexity_kDN_top20
0,0.0,0.0,0.1123595505617978,0.4117647058823529,0.21647818640587435,0.0,0.4506758714530221,0.9958298582151793,1.0,0.6685021858555261,0.8568222236868428,0.9998891232438312,0.31945042382542826,instance,complexity_kDN_top20
0,0.009433962264150941,0.2,0.12121212121212122,0.35294117647058826,0.20952861983923654,0.0,0.4583350468816675,0.9991659716430359,0.95,0.6640454567891941,0.8471761257335715,0.9873525623690542,0.0903769226963405,instance,complexity_kDN_top20
0,0.33333333333333337,0.6,0.2195121951219512,0.5882352941176471,0.47762763465305913,0.0,0.3999345901564959,0.9991659716430359,1.0,0.6745616452839218,0.887662499488106,0.9875392649435788,-0.38893166193797546,instance,complexity_kDN_top20
0,0.009433962264150941,0.0,0.03240740740740744,0.4117647058823529,0.20344012305545223,0.0,0.4520966748191032,0.9883236030025021,1.0,0.6710344935592557,0.8809734162201938,0.9943991943387389,0.1605490815700478,instance,complexity_kDN_top20
0,0.03191489361702127,0.0,0.15217391304347827,0.6470588235294118,0.20304827959024785,0.0,0.40133739381100875,0.9649708090075062,1.0,0.6699331626354601,0.8639812119084602,0.9930408789410777,-0.0207275115116841,instance,complexity_kDN_top20
0,0.0,0.0,0.1123595505617978,0.4117647058823529,0.2030519154321656,0.0,0.43464271740510896,0.9858215179316097,0.9,0.6424459856069142,0.7985309104056479,0.9801191052549442,0.4072411016293154,instance,complexity_kDN_top20
0,0.026315789473684292,0.0,0.03240740740740744,0.4117647058823529,0.2032378481812816,0.0,0.36528139714892816,0.9582985821517932,1.0,0.6701199807622422,0.8539238409470034,0.989790401658499,0.9497697077765568,instance,complexity_kDN_top20
0,0.48977272727272725,0.0,0.08247422680412375,0.5882352941176471,0.7901162821965019,0.0,0.44522558649364374,0.9958298582151793,1.0,0.6780020915109625,0.8435872121634874,0.976578491775109,0.33248006251789797,instance,complexity_kDN_top20
0,0.11224489795918369,0.0,0.15217391304347827,0.6470588235294118,0.32727279504741824,0.0,0.4022245117409504,0.9958298582151793,1.0,0.6680552232411373,0.875503286068889,0.9989694247443964,-0.15648811536794582,instance,complexity_kDN_top20
0,0.5865384615384616,0.4,0.09999999999999998,0.6470588235294118,0.20517904254585007,0.2,0.4873768556276489,0.9983319432860718,1.0,0.6694971128340159,0.85152012703574,0.9429935711974587,0.39365844144233153,instance,complexity_kDN_top20
0,0.4920634920634921,0.2,0.15217391304347827,0.6470588235294118,0.3052488839885208,0.0,0.45610900084169326,0.9974979149291076,1.0,0.6708317791025055,0.878737713651665,0.9951301856164535,-0.19346724432432064,instance,complexity_kDN_top20
0,0.4769230769230769,0.2,0.25619834710743805,0.7647058823529411,0.20470091828478854,0.0,0.47913636508115043,0.9991659716430359,1.0,0.6812480920240997,0.8393687644923524,0.9916649150199118,-0.13861815505486125,instance,complexity_kDN_top20
0,0.11224489795918369,0.2,0.08247422680412375,0.47058823529411764,0.21753307648602443,0.16666666666666666,0.46947332194699987,0.9974979149291076,1.0,0.670490573750283,0.8759056985325537,0.9983240880279195,0.5104487165572761,instance,complexity_kDN_top20
0,0.6552197802197802,0.4,0.25619834710743805,0.7647058823529411,0.5291821963002921,0.6666666666666666,0.49490911097560397,0.9991659716430359,1.0,0.6709587665354079,0.8852483804496863,0.9939036434541119,0.016860654902261497,instance,complexity_kDN_top20
0,0.6552287581699346,0.4,0.2777777777777778,0.7058823529411765,0.3915764709382614,0.6666666666666666,0.4942323812222329,0.9983319432860718,1.0,0.674711321224248,0.8932905117908891,0.9999966199239031,0.137525981103048,instance,complexity_kDN_top20
0,0.36868686868686873,0.0,0.08247422680412375,0.47058823529411764,0.2704529116568211,0.0,0.4422397333071548,0.9908256880733946,1.0,0.6704623946207644,0.8839061887622147,0.997946952760037,0.41211190718124424,instance,complexity_kDN_top20
0,0.28409090909090906,0.0,0.12121212121212122,0.35294117647058826,0.2393477729580546,0.0,0.4431148902154688,0.9883236030025021,1.0,0.6728520849597079,0.8642750638635995,0.9771519007702903,0.37354601843689667,instance,complexity_kDN_top20
0,0.08191489361702131,0.0,0.03240740740740744,0.4117647058823529,0.2314548425438353,0.0,0.3533148965039288,0.9933277731442869,1.0,0.6712232309619912,0.8830429746704341,0.9888682054961009,0.5369936745675041,instance,complexity_kDN_top20
0,0.5115440115440115,0.4,0.25619834710743805,0.5882352941176471,0.5864368474858411,0.0,0.4971067510601571,0.9983319432860718,1.0,0.6707432177349252,0.8589684490846811,0.9991136752096704,0.21358705611874126,instance,complexity_kDN_top20
0,0.01388888888888884,0.2,0.1123595505617978,0.5294117647058824,0.5512610362507999,0.0,0.43734135009434294,0.9974979149291076,1.0,0.671552296268058,0.8487883269873219,0.962701735139809,0.24394268463910326,instance,complexity_kDN_top20
0,0.023809523809523836,0.2,0.05128205128205132,0.5882352941176471,0.276427544714156,1.0,0.5292031130498382,1.0,1.0,0.6699805480480487,0.8890720958483065,0.9961459516787974,-0.04122896575328362,instance,complexity_kDN_top20
0,0.07631578947368423,0.2,0.33333333333333337,0.4117647058823529,0.2042820330705472,0.0,0.44208196951080336,0.9966638865721434,1.0,0.6699009967200512,0.8637828831508061,0.9856405624032961,0.4117345961577872,instance,complexity_kDN_top20
0,0.10964912280701755,0.2,0.03703703703703709,0.6470588235294118,0.21376507782589427,0.0,0.44348551680524406,0.9966638865721434,1.0,0.6680271450093306,0.8717178707915268,0.9876334873489268,0.3537420420084285,instance,complexity_kDN_top20
0,0.42622950819672134,0.2,0.05128205128205132,0.5882352941176471,0.8311588121214604,0.0,0.4879103551209121,0.9966638865721434,1.0,0.6732212377992947,0.8713609290743518,0.9760391557366748,0.08019360335219873,instance,complexity_kDN_top20
0,0.29807692307692313,0.2,0.05128205128205132,0.5882352941176471,0.5384786606788264,0.5,0.5085414471957226,1.0,1.0,0.6704003787489057,0.9055900581694474,0.9831374407475545,0.08774812127051174,instance,complexity_kDN_top20
0,0.0,0.0,0.03240740740740744,0.4117647058823529,0.20306724108581758,0.0,0.4056957342417443,0.9858215179316097,0.9,0.6433384700774151,0.8279491591854405,0.9672177504125253,0.7637047136341065,instance,complexity_kDN_top20
0,0.02777777777777779,0.0,0.03703703703703709,0.6470588235294118,0.20304813033224056,0.0,0.33583843311289674,0.9799833194328608,0.9,0.5038934454918382,0.8619880830771726,0.9861861633823303,1.5899516973054117,instance,complexity_kDN_top20
0,0.16666666666666674,0.4,0.05128205128205132,0.5882352941176471,0.2033901879944363,0.0,0.47233729647773837,0.9974979149291076,1.0,0.6709936627369113,0.8692496359596278,0.9962692344219656,-0.17595932763375266,instance,complexity_kDN_top20
0,0.0,0.0,0.1123595505617978,0.5294117647058824,0.2030622479566535,0.0,0.3724007316219581,0.9566305254378649,1.0,0.6673395605609531,0.81125880626659,0.9845375216957868,-0.0789526649323864,instance,complexity_kDN_top20
0,0.009433962264150941,0.0,0.25619834710743805,0.7647058823529411,0.20304813033224056,0.0,0.43276072176209535,0.9883236030025021,1.0,0.6710302801667706,0.8673618906403175,0.9986897124940123,0.755837793873233,instance,complexity_kDN_top20
0,0.026315789473684292,0.2,0.03240740740740744,0.4117647058823529,0.20305570960354424,0.3333333333333333,0.5220559765063126,1.0,1.0,0.6699017192769737,0.8501615844190298,0.9770175991224219,0.4170840625044641,instance,complexity_kDN_top20
0,0.02777777777777779,0.0,0.03240740740740744,0.4117647058823529,0.20304813033224056,0.0,0.4555129350433714,0.9908256880733946,0.9,0.6257486831992201,0.8386032147681839,0.9985545249590252,1.162845057781325,instance,complexity_kDN_top20
0,0.2698412698412699,0.0,0.15217391304347827,0.6470588235294118,0.6012575982721949,0.0,0.45993200464086625,0.9949958298582152,1.0,0.6697091686872111,0.8695690435848873,0.9763170210489285,0.06048304360222816,instance,complexity_kDN_top20
0,0.026315789473684292,0.0,0.0,0.29411764705882354,0.20313750653543305,0.0,0.45896073344771826,0.994161801501251,1.0,0.6691321519769883,0.8514759320988293,0.9836527802121154,0.2062307293580057,instance,complexity_kDN_top20
0,0.026315789473684292,0.0,0.1123595505617978,0.5294117647058824,0.20323172561024794,0.0,0.40547270566090565,0.9924937447873228,1.0,0.6689944942453121,0.8413550658446356,0.98919749937019,0.3722006291014857,instance,complexity_kDN_top20
0,0.536036036036036,0.2,0.25619834710743805,0.7647058823529411,0.21645733051256116,0.5,0.48139795901418925,0.9991659716430359,1.0,0.6701340642505265,0.873018769878837,0.9983388697454898,0.4063075248226821,instance,complexity_kDN_top20
0,0.0,0.2,0.0,0.29411764705882354,0.20463636033900878,0.0,0.419691214231356,0.9974979149291076,0.95,0.6404003968055565,0.8351519191872979,0.9847929509283299,0.219889368454326,instance,complexity_kDN_top20
0,0.8270223752151463,0.4,0.08247422680412375,0.6470588235294118,0.8312600962077862,0.5,0.5009007450331868,1.0,1.0,0.6735611902523176,0.9038471578083154,0.992603908527831,-0.19253121459315642,instance,complexity_kDN_top20
0,0.8587684069611781,0.4,0.4347826086956522,0.8235294117647058,0.6458448289622444,0.0,0.4725195857267471,0.9991659716430359,1.0,0.6732292421894212,0.8888723087713636,0.9962893153512563,0.1327372972370432,instance,complexity_kDN_top20
0,0.08630952380952384,0.0,0.2195121951219512,0.5882352941176471,0.8702562204087568,0.0,0.4594151679360904,0.9949958298582152,1.0,0.6707141889998565,0.8857051209183535,0.9985223724756419,-0.39702068399166096,instance,complexity_kDN_top20
0,0.1576923076923077,0.2,0.1123595505617978,0.5294117647058824,0.20553900067833875,0.0,0.4374429113228323,0.9974979149291076,1.0,0.6695544403383376,0.8360610060871883,0.9893140496492904,0.14324634299176547,instance,complexity_kDN_top20
0,0.1576923076923077,0.4,0.6615384615384615,0.8823529411764706,0.22492072854377493,0.0,0.45611076883933654,0.9974979149291076,1.0,0.6690135647158495,0.8599187048732627,0.9860237191691963,0.030325106663790485,instance,complexity_kDN_top20
0,0.2897727272727273,0.0,0.05128205128205132,0.5882352941176471,0.7481799801648651,0.0,0.3934666288933125,0.9924937447873228,1.0,0.6698773403631293,0.8357892469059112,0.9882691121012975,0.46701429426840335,instance,complexity_kDN_top20
0,0.023809523809523836,0.2,0.05128205128205132,0.5882352941176471,0.8667452426863005,0.25,0.46803708354373097,0.9966638865721434,1.0,0.6707079932617708,0.8810825605326716,0.9965493473700591,-0.08906476375658812,instance,complexity_kDN_top20
0,0.3622448979591837,0.2,0.0,0.35294117647058826,0.24988348549974398,0.0,0.49268087719658726,0.9991659716430359,1.0,0.6706536458683516,0.8352272189276638,0.979808382045958,0.0007256643497100756,instance,complexity_kDN_top20
0,0.22413793103448276,0.2,0.03240740740740744,0.4117647058823529,0.7298897734871758,0.0,0.4314747279251798,0.9974979149291076,1.0,0.6725562466457252,0.8550731056853984,0.9865570117284781,0.6769571592682314,instance,complexity_kDN_top20
0,0.3990825688073394,0.4,0.08247422680412375,0.5882352941176471,0.8831231623027334,0.0,0.469799667727275,0.9974979149291076,1.0,0.67497950856205,0.8581139728617174,0.9930824992873013,-0.10451483235613955,instance,complexity_kDN_top20
0,0.5837606837606837,1.0,0.9465408805031447,0.7058823529411765,0.6752129677912057,1.0,0.5735675860006748,1.0,1.0,0.6701165515318043,0.8941026115305482,0.9914159549602819,-0.255758242018304,instance,complexity_kDN_top20
0,0.023809523809523836,0.0,0.03240740740740744,0.4117647058823529,0.20415518528186605,0.0,0.39743042214662727,0.9824854045037531,1.0,0.6741707779921285,0.85034426499318,0.958534808630651,0.451464407291366,instance,complexity_kDN_top20
0,0.11224489795918369,0.2,0.1123595505617978,0.4117647058823529,0.20356032592909928,0.0,0.4410211292110203,0.9983319432860718,1.0,0.6676321592412633,0.85052728898976,0.9862820352557468,0.3012011269222089,instance,complexity_kDN_top20
0,0.16249999999999998,0.0,0.1123595505617978,0.4117647058823529,0.20403500969246607,0.0,0.4604327486163803,0.9924937447873228,1.0,0.6688014568746875,0.8528465666012292,0.9808989300903295,0.6742477908572694,instance,complexity_kDN_top20
0,0.03947368421052633,0.0,0.03240740740740744,0.4117647058823529,0.20422488719151455,0.0,0.39630368925384163,0.994161801501251,0.95,0.655393621854869,0.8412422063129972,0.9631490267979715,0.39320134287199443,instance,complexity_kDN_top20
0,0.05769230769230771,0.2,0.1123595505617978,0.4117647058823529,0.2134888907365008,0.0,0.45433344776496876,0.9966638865721434,1.0,0.669014321575752,0.8610565087909443,0.9962520404827651,0.35821821808984167,instance,complexity_kDN_top20
0,0.2527027027027027,0.0,0.08247422680412375,0.47058823529411764,0.44948998591012235,0.0,0.420478901834915,0.9933277731442869,1.0,0.6742372421994443,0.8896359821223664,0.9970636028998509,-0.2671673358542161,instance,complexity_kDN_top20
0,0.01388888888888884,0.0,0.1123595505617978,0.4117647058823529,0.20315029327522283,0.0,0.4210631077472782,0.9899916597164303,0.9,0.6258515639576825,0.829410010805802,0.9928058338702779,0.8577115132422454,instance,complexity_kDN_top20
0,0.28409090909090906,0.6,0.33333333333333337,0.47058823529411764,0.2852794443658002,0.5,0.5050815723163595,1.0,1.0,0.671368885543585,0.8577930156707323,0.9980506350476884,-0.10974449876057459,instance,complexity_kDN_top20
0,0.16666666666666674,0.0,0.03240740740740744,0.4117647058823529,0.2160599752266691,0.0,0.41489378341594085,0.994161801501251,1.0,0.6744255738912738,0.8162138246120817,0.9690743917860997,0.3321576882452623,instance,complexity_kDN_top20
0,0.009433962264150941,0.0,0.03240740740740744,0.4117647058823529,0.2090063745360955,0.0,0.44804126281543066,0.9916597164303587,1.0,0.673683450698877,0.8762101088157653,0.9913843141327021,0.17184485147519643,instance,complexity_kDN_top20
0,0.7595628415300546,1.0,0.3939393939393939,0.7058823529411765,0.3639024792683184,1.0,0.5619996013807141,1.0,1.0,0.6794221393691781,0.8887594031293664,0.9859870879425529,-0.1062085252159764,instance,complexity_kDN_top20
0,0.0,0.0,0.1123595505617978,0.4117647058823529,0.2030481303324142,0.0,0.3492633007723698,0.9274395329441201,0.9,0.592328134266165,0.8230890080312628,0.9925213113293322,0.5663246442070794,instance,complexity_kDN_top20
0,0.0,0.0,0.1123595505617978,0.4117647058823529,0.21999669857613663,0.0,0.41294333639161673,0.9799833194328608,1.0,0.6689152349260046,0.8240535313802179,0.9541372898466867,0.449090585176257,instance,complexity_kDN_top20
0,0.5151162790697674,0.0,0.33333333333333337,0.4117647058823529,0.6743228491622933,0.0,0.41945694187291227,0.9958298582151793,1.0,0.6718719455961788,0.8639188091627567,0.9834737285944919,-0.33189936843074885,instance,complexity_kDN_top20
0,0.0,0.0,0.1123595505617978,0.4117647058823529,0.20308479779356292,0.0,0.4415247115738109,0.9933277731442869,1.0,0.6676312585740941,0.8348098217409475,0.9989926626237323,0.375175589592744,instance,complexity_kDN_top20
0,0.026315789473684292,0.0,0.1123595505617978,0.4117647058823529,0.20483859563611329,0.0,0.40151926463485255,0.9933277731442869,1.0,0.6686628594800528,0.8453194210500514,0.9997472194377409,0.3476772853596379,instance,complexity_kDN_top20
0,0.0,0.0,0.0,0.29411764705882354,0.20304896662338173,0.0,0.3654788757213441,0.9883236030025021,0.95,0.6326957550291513,0.796771651204075,0.9334293602491072,0.453056060925748,instance,complexity_kDN_top20
0,0.42307692307692313,0.0,0.6666666666666667,0.6470588235294118,0.7497569934772302,0.0,0.4713715818025641,0.9949958298582152,1.0,0.6719707777421627,0.8645942795758778,0.9922395686392481,0.48706762748505344,instance,complexity_kDN_top20
0,0.3635912698412699,0.4,0.4347826086956522,0.8235294117647058,0.4757823950020955,0.6666666666666666,0.458279103206792,0.9991659716430359,1.0,0.67097310275781,0.8944751267596912,0.985933493107329,0.008632504902804452,instance,complexity_kDN_top20
0,0.11224489795918369,0.2,0.08247422680412375,0.47058823529411764,0.2240895507771115,0.0,0.48830587521044777,0.9983319432860718,1.0,0.6723021807483011,0.8729351375392612,0.9989733844442124,0.3364550944567286,instance,complexity_kDN_top20
0,0.30747126436781613,0.0,0.2777777777777778,0.7058823529411765,0.6682227098543372,0.0,0.4511420511660169,0.9933277731442869,1.0,0.6778040673206996,0.8682304095983794,0.9916646193436768,0.13408073759194197,instance,complexity_kDN_top20
0,0.16249999999999998,0.0,0.12121212121212122,0.35294117647058826,0.20692730655160263,0.0,0.4001879955605415,0.9866555462885738,1.0,0.6681166954927884,0.8351749381992658,0.9984060355686434,-0.0415532477943374,instance,complexity_kDN_top20
0,0.21511627906976738,0.2,0.08247422680412375,0.47058823529411764,0.4251107059934305,0.0,0.46443537943378144,0.9974979149291076,1.0,0.6713237095153913,0.8825840995893698,0.9992696611359975,0.15805993268874619,instance,complexity_kDN_top20
0,0.6198412698412699,0.8,0.05128205128205132,0.7647058823529411,0.31688532626845556,1.0,0.5611985201189974,1.0,1.0,0.671352798621419,0.8789596778973039,0.9938670058676997,0.4244792363554713,instance,complexity_kDN_top20
0,0.5121621621621621,0.2,0.4347826086956522,0.6470588235294118,0.24904861906781905,0.2,0.5061819748698566,1.0,1.0,0.6721235206079079,0.8785105110254967,0.9690338976341615,0.2503391415153685,instance,complexity_kDN_top20
0,0.0,0.0,0.08247422680412375,0.47058823529411764,0.5331698091549669,0.0,0.4077778873046001,0.9916597164303587,1.0,0.6721628497530243,0.859049929059877,0.9745400032850029,0.7004345423833311,instance,complexity_kDN_top20
0,0.5024509803921569,0.0,0.14814814814814814,0.5882352941176471,0.3048419590612778,0.0,0.4520645270081852,0.9933277731442869,1.0,0.6712108449105297,0.887559989532777,0.9947031757179755,0.21418601143728322,instance,complexity_kDN_top20
0,0.0,0.2,0.6615384615384615,0.6470588235294118,0.2256064213849026,0.0,0.4698664563192848,0.9991659716430359,0.95,0.6658123412045048,0.8615101277777232,0.9656084811991587,-0.1910099059652286,instance,complexity_kDN_top20
0,0.34913793103448276,0.0,0.3571428571428571,0.5882352941176471,0.20304816004595982,0.0,0.43490923152420946,0.9949958298582152,1.0,0.6707305726386625,0.884783334327459,0.9957515717531438,0.5171970639627164,instance,complexity_kDN_top20
0,0.6920821114369502,0.8,0.3939393939393939,0.7058823529411765,0.8805702218153909,0.5,0.518631967134175,1.0,1.0,0.6728243302577593,0.8577516107338103,0.9730056993065287,-0.3885583813123569,instance,complexity_kDN_top20
0,0.22413793103448276,0.0,0.2777777777777778,0.7058823529411765,0.5073356101246934,0.0,0.47749725551258027,0.9958298582151793,1.0,0.6749963576510901,0.8690045208980081,0.9735490608517089,-0.17193248655695634,instance,complexity_kDN_top20
0,0.0,0.0,0.1123595505617978,0.4117647058823529,0.20333823473882362,0.0,0.3753025644018305,0.9949958298582152,1.0,0.6695155317198263,0.8264990580432142,0.9893033204666642,-0.2549714741114599,instance,complexity_kDN_top20
0,0.0,0.0,0.1123595505617978,0.4117647058823529,0.29931751114861116,0.0,0.44194267056818015,0.9949958298582152,1.0,0.6689861981542956,0.8554173010475503,0.9720720163373042,0.17242766565061815,instance,complexity_kDN_top20
0,0.03191489361702127,0.0,0.25619834710743805,0.7647058823529411,0.21028606812221973,0.0,0.35517833571590074,0.9491242702251876,1.0,0.6677962976806995,0.8412766338269984,0.9950998606092732,0.2917761706082173,instance,complexity_kDN_top20
0,0.5198412698412699,0.8,0.8245614035087719,0.5294117647058824,0.6218656378042363,0.75,0.5135887558161896,1.0,1.0,0.6721641990140427,0.8999162605741435,0.9953947839257556,-0.22526950722947195,instance,complexity_kDN_top20
0,0.05769230769230771,0.2,0.6615384615384615,0.8235294117647058,0.2036757281154274,0.0,0.4181858082712355,0.9966638865721434,0.95,0.66666458518363,0.838052765988583,0.9706228665508474,0.4177759463112435,instance,complexity_kDN_top20
0,0.026315789473684292,0.0,0.03240740740740744,0.4117647058823529,0.2060597012231411,0.0,0.4277354988189105,0.9916597164303587,0.95,0.6514255127176917,0.8576718935810101,0.9771914289548487,0.7110489442897714,instance,complexity_kDN_top20
0,0.026315789473684292,0.0,0.03240740740740744,0.4117647058823529,0.205237692218731,0.0,0.4002410561066643,0.9933277731442869,1.0,0.6689558353872571,0.8561993876555192,0.9812882172385092,0.6811823626807509,instance,complexity_kDN_top20
0,0.2698412698412699,0.2,0.03240740740740744,0.4117647058823529,0.4074417512596519,0.0,0.4400144861312283,0.9974979149291076,1.0,0.6920622743022994,0.8363736186643486,0.9984389559131783,0.2760570015047259,instance,complexity_kDN_top20
0,0.11224489795918369,0.0,0.9358974358974359,0.35294117647058826,0.5638289440447899,0.0,0.3840495231086357,0.9949958298582152,1.0,0.6683390878363429,0.8670862927154251,0.9868860639246633,-0.21069382659314073,instance,complexity_kDN_top20
0,0.3666666666666667,0.4,0.3571428571428571,0.7647058823529411,0.4117034172187213,0.0,0.4849899968157998,0.9991659716430359,1.0,0.6781707408276226,0.847729894500706,0.9871153529528239,0.12311056989573883,instance,complexity_kDN_top20
0,0.0,0.0,0.03240740740740744,0.4117647058823529,0.21868175338130152,0.0,0.31933183323764747,0.9891576313594662,1.0,0.6803685007485553,0.871106469043861,0.9859481146137451,0.3526864209255735,instance,complexity_kDN_top20
0,0.4920634920634921,0.0,0.03240740740740744,0.4117647058823529,0.26433442274231855,0.0,0.44492154178177223,0.994161801501251,1.0,0.6710839257474734,0.8883488619197519,0.9979878086571062,0.08458458119764446,instance,complexity_kDN_top20
0,0.08191489361702131,0.4,0.7241379310344828,0.5294117647058824,0.21322464951299241,0.0,0.4736739454669434,0.9991659716430359,1.0,0.6701249888946006,0.8652064088282053,0.980535970440667,0.5587524105873665,instance,complexity_kDN_top20
0,0.45463812436289497,0.2,0.9358974358974359,0.6470588235294118,0.8717386650430958,0.0,0.4506822472170864,0.9991659716430359,1.0,0.6743675700934731,0.8723366667249884,0.979797000750483,-0.8928601817148349,instance,complexity_kDN_top20
0,0.026315789473684292,0.0,0.1123595505617978,0.5294117647058824,0.2079021412165475,0.0,0.4187585062150925,0.9708090075062552,1.0,0.6704586439874646,0.884914522274582,0.9915502448209897,0.5454593412604363,instance,complexity_kDN_top20
0,0.08191489361702131,0.0,0.03240740740740744,0.4117647058823529,0.30484950317921167,0.0,0.41951012996463266,0.9916597164303587,1.0,0.6725631507325804,0.878927034190658,0.9977422985419442,0.4038734048491211,instance,complexity_kDN_top20
0,0.5490384615384616,0.6,0.2195121951219512,0.5882352941176471,0.877608990021266,0.0,0.4780136767253942,0.9991659716430359,1.0,0.672616217368313,0.8408209469239221,0.9749375882918022,-0.569688680563936,instance,complexity_kDN_top20
0,0.06944444444444442,0.4,0.3939393939393939,0.7058823529411765,0.7306215408794632,0.2,0.48975093696180716,0.9983319432860718,1.0,0.6737776349179967,0.8906099488064492,0.9860212998266794,-0.34494731474463153,instance,complexity_kDN_top20
0,0.08630952380952384,0.2,0.05128205128205132,0.5882352941176471,0.8474395854058898,0.25,0.46151178005697635,0.9983319432860718,1.0,0.6708422295204769,0.8958431839069723,0.9871705924716092,-0.3702214631135527,instance,complexity_kDN_top20
0,0.45463812436289497,0.2,0.9075144508670521,0.8823529411764706,0.8588750922395282,0.0,0.4696083077540729,0.9974979149291076,1.0,0.6721894953200203,0.9016058284362028,0.9957935546836112,-0.40690167052270737,instance,complexity_kDN_top20
0,0.286036036036036,0.2,0.7241379310344828,0.5294117647058824,0.4445997208028708,0.5,0.49662334826971766,0.9983319432860718,1.0,0.6719778446508714,0.8754565315118338,0.9903245530039672,-0.3237534360740216,instance,complexity_kDN_top20
0,0.03947368421052633,0.2,0.05128205128205132,0.7058823529411765,0.20485768615296907,0.0,0.45153079220952397,0.9966638865721434,1.0,0.671689419194055,0.8690197641498688,0.9905801293373874,0.6050863371195151,instance,complexity_kDN_top20
0,0.4198412698412699,0.2,0.03240740740740744,0.4117647058823529,0.2184469225143036,0.25,0.4650585224794168,0.9974979149291076,1.0,0.6689187274423932,0.885360867928634,0.979433675976225,0.29323763330686364,instance,complexity_kDN_top20
0,0.0,0.0,0.1123595505617978,0.4117647058823529,0.20307353852275184,0.0,0.42852461404263364,0.9808173477898249,0.9,0.6631089060894537,0.8396022815484525,0.994717877806742,0.21712376573754338,instance,complexity_kDN_top20
0,0.0,0.0,0.03240740740740744,0.4117647058823529,0.20304813033226188,0.0,0.37686732780234333,0.9833194328607172,1.0,0.6711520877045457,0.8375410432593334,0.9825387421763985,1.0310589708363627,instance,complexity_kDN_top20
0,0.0,0.0,0.1123595505617978,0.4117647058823529,0.20304961919848286,0.0,0.4125247255275646,0.9741451209341118,0.95,0.6539275286277093,0.8307761132553214,0.9819998292056084,1.0813004665758816,instance,complexity_kDN_top20
0,0.1291208791208791,0.0,0.1123595505617978,0.5294117647058824,0.20565246839127355,0.0,0.3986915137738237,0.9916597164303587,1.0,0.6702777144254184,0.8234385966997826,0.9528333739376977,-0.05041269061630962,instance,complexity_kDN_top20
0,0.023809523809523836,0.0,0.03240740740740744,0.4117647058823529,0.21560117077134444,0.0,0.4451888143615236,0.9908256880733946,1.0,0.6723690695766757,0.848823627126402,0.9667133255939333,0.4284318549464611,instance,complexity_kDN_top20
0,0.5646929824561404,1.0,0.40625,0.35294117647058826,0.43674348433460813,1.0,0.5313711367960257,1.0,1.0,0.6691053757250444,0.8316981654571418,0.9792726433801313,-0.5250415189378166,instance,complexity_kDN_top20
0,0.8431818181818181,0.6,0.1123595505617978,0.5294117647058824,0.8848738107015978,1.0,0.5138826601274635,1.0,1.0,0.681125450765832,0.8555601321724623,0.9928845228828184,-0.5470088386639732,instance,complexity_kDN_top20
0,0.009433962264150941,0.0,0.03240740740740744,0.4117647058823529,0.20304813033224056,0.0,0.411480936403805,0.9924937447873228,0.9,0.6344810959312581,0.8526088864214696,0.9841665036051628,0.4691957021003805,instance,complexity_kDN_top20
0,0.0,0.4,0.2195121951219512,0.5882352941176471,0.823322853678019,1.0,0.5177790196294769,1.0,1.0,0.66933575504775,0.851034207213085,0.9936434753555894,-0.2607149114146069,instance,complexity_kDN_top20
0,0.0,0.4,0.9465408805031447,0.5294117647058824,0.8850133422109259,0.5,0.5162317295136819,1.0,1.0,0.6813256112849471,0.8565339289883601,0.9756262671161958,-0.626956266306591,instance,complexity_kDN_top20
0,0.18233082706766912,0.2,0.3571428571428571,0.7647058823529411,0.256321290733612,0.0,0.4625555254552046,0.9974979149291076,1.0,0.670583411470182,0.8827309042202375,0.9994565089906955,0.11895903971689774,instance,complexity_kDN_top20
0,0.44736842105263164,0.0,0.08247422680412375,0.47058823529411764,0.21173392722756174,0.0,0.4505916062996985,0.9958298582151793,1.0,0.6700739366150705,0.8593272227091685,0.9607622166487425,0.677316246479945,instance,complexity_kDN_top20
0,0.4769230769230769,0.2,0.25619834710743805,0.7647058823529411,0.2332475411124586,0.0,0.3808887419568061,0.9983319432860718,1.0,0.6716475428099035,0.8783198563606481,0.9941794405656615,0.24638873143586462,instance,complexity_kDN_top20
0,0.16666666666666674,0.0,0.25619834710743805,0.7647058823529411,0.20304813033224056,0.0,0.45025434334622216,0.9899916597164303,1.0,0.6698022334962114,0.8269415651920967,0.9858590420649543,1.2613201150790823,instance,complexity_kDN_top20
0,0.5029239766081871,0.4,0.08247422680412375,0.47058823529411764,0.2074646077584768,0.0,0.45743511043940466,0.9991659716430359,1.0,0.6678979830284509,0.8712053564184321,0.974423862549617,0.3332695122445836,instance,complexity_kDN_top20
0,0.0,0.0,0.1123595505617978,0.4117647058823529,0.21825966489607673,0.0,0.39569484149465095,0.9766472060050042,1.0,0.6695717655664488,0.8563509706657311,0.9957114430136739,0.33947563919956747,instance,complexity_kDN_top20
0,0.4605263157894737,0.8,0.4347826086956522,0.8235294117647058,0.36348551075169866,0.3333333333333333,0.5445911309114904,1.0,1.0,0.6689340085155117,0.8531823739931268,0.9841971962388102,-0.06337629170942385,instance,complexity_kDN_top20
0,0.17391304347826086,0.2,0.5555555555555556,0.5294117647058824,0.8160776516231101,0.0,0.4739741628069628,0.9974979149291076,0.9,0.6666666666666666,0.8287551403669717,0.9848218083583822,-0.06328535059860992,instance,complexity_kDN_top20
0,0.31666666666666665,0.6,0.8245614035087719,0.5294117647058824,0.59066207201315,1.0,0.5319057230590938,1.0,1.0,0.674678377084027,0.8628416828350538,0.9907782877394017,0.024629933303185938,instance,complexity_kDN_top20
0,0.026315789473684292,0.0,0.03240740740740744,0.4117647058823529,0.20304813033224056,0.0,0.379286623954902,0.9591326105087573,0.9,0.6142485891390652,0.8311425861360536,0.9558839841773309,1.0686478903860905,instance,complexity_kDN_top20
0,0.8160919540229885,1.0,0.9358974358974359,0.7647058823529411,0.8850133423172587,1.0,0.5678544899998286,1.0,1.0,0.6768953948953573,0.8356831916350232,0.9959636407328086,-0.9941203850401569,instance,complexity_kDN_top20
0,0.36868686868686873,0.8,0.7796610169491526,0.9411764705882353,0.6779253534105928,0.75,0.49241948492041543,0.9991659716430359,1.0,0.6702175106562196,0.9003639072146938,0.9873921218273011,0.049437731540385915,instance,complexity_kDN_top20
0,0.16249999999999998,0.0,0.9358974358974359,0.5294117647058824,0.2040519869964002,0.0,0.4515150263168939,0.9933277731442869,1.0,0.6696399778094251,0.8325063830912061,0.9626122239285257,0.38800194007249633,instance,complexity_kDN_top20
0,0.5897727272727272,0.2,0.9075144508670521,0.8235294117647058,0.8644432614383579,0.0,0.4401051841053166,0.9966638865721434,1.0,0.6709780083801516,0.8866794658818664,0.9942164052590892,-0.1189281438148638,instance,complexity_kDN_top20
0,0.02777777777777779,0.2,0.8877551020408163,0.5294117647058824,0.2133763683685726,0.0,0.4408849374880025,0.9966638865721434,1.0,0.6713525677060076,0.8584594526906508,0.9965069482798544,0.2855238640938037,instance,complexity_kDN_top20
0,0.0,0.0,0.1123595505617978,0.4117647058823529,0.20562843729398678,0.0,0.4262072255989007,0.9933277731442869,1.0,0.6694829914322108,0.8591186447362007,0.9898130934277962,-0.05050667246937344,instance,complexity_kDN_top20
0,0.13602941176470584,0.0,0.03703703703703709,0.6470588235294118,0.2565185204463035,0.0,0.448373778717967,0.9908256880733946,1.0,0.6681176266791503,0.853620031163905,0.9974872670406719,0.2578385529561249,instance,complexity_kDN_top20
0,0.21511627906976738,0.0,0.8245614035087719,0.5294117647058824,0.5813199677885963,0.0,0.4542504948150402,0.994161801501251,1.0,0.6727076146750217,0.8517806604773954,0.9984044151638332,-0.26857483525806053,instance,complexity_kDN_top20
0,0.6314102564102564,0.8,0.6615384615384615,0.8235294117647058,0.23373950521672704,1.0,0.5336407409936905,1.0,1.0,0.6703147591379865,0.8768505131566527,0.9638984510019802,0.2896757357423244,instance,complexity_kDN_top20
0,0.10964912280701755,0.0,0.0,0.29411764705882354,0.21097562015796478,0.0,0.4304970935844391,0.9916597164303587,1.0,0.6689030701210158,0.8330265695794491,0.9846819997402083,0.2909312187785643,instance,complexity_kDN_top20
0,0.21511627906976738,0.0,0.08247422680412375,0.47058823529411764,0.3542115021750222,0.0,0.38050414959188106,0.9891576313594662,1.0,0.6746033431322427,0.8622907778444153,0.9939729570395838,0.4740337488568254,instance,complexity_kDN_top20
0,0.18233082706766912,0.4,0.03240740740740744,0.4117647058823529,0.3355044839161967,0.0,0.47078089728145445,0.9974979149291076,1.0,0.6704102434518111,0.8818347996599529,0.9910308018903344,0.25659056467424785,instance,complexity_kDN_top20
0,0.5024509803921569,0.6,0.09999999999999998,0.6470588235294118,0.3935246854633835,0.25,0.45514962220843314,0.9991659716430359,1.0,0.6711479834274795,0.9030049447249592,0.9888745505418229,0.04841623561045001,instance,complexity_kDN_top20
0,0.44557823129251706,0.6,0.2195121951219512,0.5882352941176471,0.6497451321290012,0.0,0.4583095028544749,0.9991659716430359,1.0,0.6778245639957733,0.8675261759299013,0.9985662645251538,-0.3934692688992356,instance,complexity_kDN_top20
0,0.0,0.0,0.1123595505617978,0.4117647058823529,0.20313873449149134,0.0,0.38692227510113253,0.9424520433694745,1.0,0.667824554667863,0.8293798382885653,0.9706856403494707,1.055457444461001,instance,complexity_kDN_top20
0,0.286036036036036,0.4,0.25619834710743805,0.8823529411764706,0.3851049205512088,1.0,0.5267314837378281,1.0,1.0,0.671345055210348,0.8519924052793091,0.9859228706010731,0.07117308026170957,instance,complexity_kDN_top20
0,0.44318181818181823,0.0,0.9358974358974359,0.35294117647058826,0.783940177253813,0.0,0.44544433407565265,0.9933277731442869,1.0,0.6704196378835915,0.8660308144116243,0.9842211278708878,-0.7560101687425584,instance,complexity_kDN_top20
0,0.6448412698412699,0.2,0.15217391304347827,0.6470588235294118,0.20620095133976035,0.0,0.4827520901616845,0.9983319432860718,1.0,0.6690776746841479,0.8634836889313314,0.9967134942358635,0.2515652446471506,instance,complexity_kDN_top20
0,0.0,0.0,0.0,0.29411764705882354,0.20335678920933276,0.0,0.414738817231765,0.9774812343619683,1.0,0.6838885884890079,0.8155174025369039,0.9747145621595469,-0.39105880946862653,instance,complexity_kDN_top20
0,0.009433962264150941,0.0,0.03240740740740744,0.4117647058823529,0.20304813033481006,0.0,0.37665408041050374,0.9774812343619683,1.0,0.6719021029916102,0.8707571271919534,0.9995396191736057,0.5555924421587563,instance,complexity_kDN_top20
0,0.48070175438596496,0.4,0.2777777777777778,0.7058823529411765,0.2156776758292982,1.0,0.5221696842617302,1.0,1.0,0.6749527573339223,0.8567521798273556,0.9777153813089187,0.5395087820613756,instance,complexity_kDN_top20
0,0.03191489361702127,0.2,0.1123595505617978,0.5294117647058824,0.3109066212220292,0.5,0.41329666223961437,0.9966638865721434,1.0,0.6736360269012488,0.8684381251199348,0.9895460302063795,0.11528533511856542,instance,complexity_kDN_top20
0,0.07631578947368423,0.0,0.03703703703703709,0.6470588235294118,0.21158502854735123,0.0,0.4533454376009871,0.9908256880733946,1.0,0.6704727115399457,0.8873727930252917,0.9913788455780019,0.2713790414977125,instance,complexity_kDN_top20
0,0.31666666666666665,0.4,0.08247422680412375,0.47058823529411764,0.8773433918525702,0.6666666666666666,0.5084430414080547,1.0,1.0,0.6718172887755542,0.8650747507076588,0.9876971952948785,-0.21638046994528626,instance,complexity_kDN_top20
0,0.1291208791208791,0.2,0.05128205128205132,0.5882352941176471,0.703370227857337,0.0,0.4445727954597555,0.9966638865721434,1.0,0.6713580803308323,0.9015614764497768,0.9911062488318421,-0.09912073118925394,instance,complexity_kDN_top20
0,0.29807692307692313,0.0,0.05128205128205132,0.7058823529411765,0.41166626682543594,0.0,0.4582909352870683,0.994161801501251,1.0,0.6728346187353305,0.8963507718103292,0.9895733306660555,0.2865503174693101,instance,complexity_kDN_top20
0,0.026315789473684292,0.0,0.03240740740740744,0.4117647058823529,0.21430520176413304,0.0,0.3665429396205878,0.9774812343619683,1.0,0.669121941248528,0.8442844863188173,0.9498524740910341,0.862345495553693,instance,complexity_kDN_top20
0,0.11224489795918369,0.2,0.14814814814814814,0.6470588235294118,0.21847459690623255,0.0,0.4931480086964073,0.9974979149291076,1.0,0.6698679813857825,0.8505298403425844,0.9657664120982428,0.24001112580175052,instance,complexity_kDN_top20
0,0.29844961240310075,0.4,0.08247422680412375,0.47058823529411764,0.4095620897722779,0.0,0.49389840289083276,0.9983319432860718,1.0,0.6727227291927763,0.8947742630329149,0.9941207505115043,0.0447076288240855,instance,complexity_kDN_top20
0,0.009433962264150941,0.0,0.03240740740740744,0.4117647058823529,0.20555983529960986,0.0,0.44577978173671595,0.9949958298582152,0.95,0.6328649463383472,0.8733916862313438,0.9985787710570166,0.24454724640242842,instance,complexity_kDN_top20
0,0.4769230769230769,0.0,0.03240740740740744,0.4117647058823529,0.22156839798602884,0.0,0.43406047072079756,0.9924937447873228,1.0,0.6826483749050466,0.856371404872062,0.9819727863103204,0.18037963914780403,instance,complexity_kDN_top20
0,0.026315789473684292,0.4,0.0,0.29411764705882354,0.2382776356349049,0.3333333333333333,0.48102904930687584,0.9983319432860718,1.0,0.6703619164728888,0.8669687685468327,0.9938223625686202,-0.027417899216696913,instance,complexity_kDN_top20
0,0.536036036036036,0.6,0.9358974358974359,0.7647058823529411,0.6919369520654335,1.0,0.5117069502185281,1.0,1.0,0.6719144739057914,0.8727701120427802,0.9915470444981593,0.14939998926688083,instance,complexity_kDN_top20
0,0.4068627450980392,0.2,0.1123595505617978,0.5294117647058824,0.33206828049778536,0.0,0.4920283842353048,0.9991659716430359,1.0,0.6695970287736163,0.8469236611704432,0.9711335817813791,0.7293940460585238,instance,complexity_kDN_top20
0,0.1291208791208791,0.6,0.1123595505617978,0.4117647058823529,0.2305395976068309,0.5,0.5488053348251061,1.0,1.0,0.6688921513512469,0.8610999283284408,0.9878103196470803,0.18882596326256276,instance,complexity_kDN_top20
0,0.01388888888888884,0.0,0.4347826086956522,0.8235294117647058,0.50334089305449,0.0,0.44142949515549945,0.994161801501251,1.0,0.6709225338823975,0.863626302527589,0.9779396262162299,0.2693504783894148,instance,complexity_kDN_top20
0,0.009433962264150941,0.0,0.03240740740740744,0.4117647058823529,0.20304813054208842,0.0,0.42060885397197434,0.9749791492910759,0.9,0.6433559299303034,0.8540884689522652,0.9978779421297533,0.9326487425696679,instance,complexity_kDN_top20
0,0.02777777777777779,0.2,0.765625,0.6470588235294118,0.2154184946066537,0.0,0.4644295153235053,0.9974979149291076,1.0,0.6720411792961712,0.8614148378878191,0.9772377393446746,-0.06637112625443203,instance,complexity_kDN_top20
0,0.8232323232323232,0.6,0.9358974358974359,0.7647058823529411,0.8624149991568757,0.0,0.4284679069322287,0.9991659716430359,1.0,0.6705614169059819,0.8916217212870613,0.9819510192256982,-0.42944620328630856,instance,complexity_kDN_top20
0,0.746551724137931,0.2,0.33333333333333337,0.5294117647058824,0.6896204235769322,0.0,0.48603635403613044,0.9983319432860718,1.0,0.670602570685146,0.8694941127135978,0.9997231567277209,-0.0034889612382197305,instance,complexity_kDN_top20
0,0.452020202020202,0.8,0.14814814814814814,0.5882352941176471,0.6861487181127224,0.6666666666666666,0.5233646255257731,1.0,1.0,0.6762859113895859,0.8860195032777988,0.9725275432048343,0.015329506602832726,instance,complexity_kDN_top20
0,0.026315789473684292,0.2,0.40625,0.35294117647058826,0.21395412630506694,0.3333333333333333,0.49268036328462406,0.9966638865721434,1.0,0.6701324520311115,0.8596909520181072,0.981991172851909,0.38160502066367075,instance,complexity_kDN_top20
0,0.9073795180722891,0.8,0.9075144508670521,0.8823529411764706,0.8123038198841042,0.8,0.5156459136667451,1.0,1.0,0.6764687645570842,0.8933190045138802,0.9959900991539415,-0.18364616078392396,instance,complexity_kDN_top20
0,0.21153846153846156,0.0,0.2777777777777778,0.7058823529411765,0.20404066400530824,0.0,0.41673581900326406,0.9808173477898249,1.0,0.6706270748508363,0.837136145801684,0.9691392300023702,0.7679959787550575,instance,complexity_kDN_top20
0,0.21511627906976738,0.6,0.12121212121212122,0.35294117647058826,0.20571559614776253,0.5,0.4374719343194018,0.9991659716430359,1.0,0.6719954738939591,0.8462199840531502,0.9702966637493631,-0.15310092533524294,instance,complexity_kDN_top20
0,0.03191489361702127,0.0,0.1123595505617978,0.5882352941176471,0.30756471571013166,0.0,0.4244058802414534,0.9858215179316097,1.0,0.6738159750778661,0.8715211323456382,0.987090030253241,0.22428415572630958,instance,complexity_kDN_top20
0,0.286036036036036,0.2,0.25619834710743805,0.7647058823529411,0.44041990622478266,0.0,0.48241836628606427,0.9966638865721434,1.0,0.6721548444484151,0.8670693591191793,0.9792147211564008,-0.16273260505562198,instance,complexity_kDN_top20
0,0.7833723653395784,0.4,0.3939393939393939,0.7058823529411765,0.8709619711601799,0.3333333333333333,0.4981766359543387,0.9991659716430359,1.0,0.6792324470471657,0.8956777629114887,0.9981430458905728,-0.39976484614189234,instance,complexity_kDN_top20
0,0.01388888888888884,0.0,0.14814814814814814,0.5882352941176471,0.401334758791537,0.0,0.3850964124477426,0.9933277731442869,0.95,0.6666666666666666,0.8176422179095348,0.9889657249438201,0.0865196595386753,instance,complexity_kDN_top20
0,0.4198412698412699,0.4,0.25619834710743805,0.5882352941176471,0.20319313942625694,0.0,0.45534840417660294,0.9974979149291076,1.0,0.6711246934930668,0.8792560868871622,0.9983061408123255,0.6621798868195317,instance,complexity_kDN_top20
0,0.0,0.0,0.03240740740740744,0.4117647058823529,0.20304813035614372,0.0,0.35130600233446274,0.8849040867389492,1.0,0.6682192046152828,0.8275024204295285,0.9981049164843804,0.654926582603645,instance,complexity_kDN_top20
0,0.07631578947368423,0.0,0.03240740740740744,0.4117647058823529,0.21831432934866207,0.0,0.45258939018359035,0.9958298582151793,1.0,0.6687721226194079,0.8706480185185791,0.9995564934488052,0.254423769996062,instance,complexity_kDN_top20
0,0.89,0.6,0.03240740740740744,0.47058823529411764,0.79592229864837,0.0,0.4692554281344744,0.9991659716430359,1.0,0.6736879723576654,0.8532901212536311,0.9853404022202394,-0.19481629872753994,instance,complexity_kDN_top20
0,0.5115440115440115,0.6,0.4347826086956522,0.6470588235294118,0.6196711798310186,0.8,0.5053775866559538,1.0,1.0,0.6714959017394103,0.90865415245086,0.9979570489400463,0.014078022715671093,instance,complexity_kDN_top20
0,0.009433962264150941,0.2,0.03240740740740744,0.4117647058823529,0.20369280062443657,0.0,0.496625878470937,0.9991659716430359,1.0,0.6796638720278102,0.8405238244510507,0.9919294126003523,0.4178952023903823,instance,complexity_kDN_top20
0,0.7121621621621621,0.4,0.08247422680412375,0.47058823529411764,0.2503749652533509,0.0,0.4763748737114164,0.9974979149291076,1.0,0.6682273177346018,0.8852644515505428,0.9974246734400989,0.14718832489467368,instance,complexity_kDN_top20
0,0.29844961240310075,0.2,0.1333333333333333,0.5882352941176471,0.541388898357205,0.16666666666666666,0.4875337237931108,0.9974979149291076,1.0,0.6710176187742822,0.9034110372684309,0.9824400249644689,-0.22105986555217355,instance,complexity_kDN_top20
0,0.11224489795918369,0.2,0.1123595505617978,0.5882352941176471,0.22342763921469488,0.0,0.4847562259844871,0.9974979149291076,1.0,0.6694257576210036,0.8693447515650339,0.9977723866838196,0.408115075892786,instance,complexity_kDN_top20
0,0.21153846153846156,0.0,0.2777777777777778,0.7058823529411765,0.23182764573090375,0.0,0.4540044199974447,0.9958298582151793,1.0,0.6821813097402595,0.8419254171361314,0.9681801674556142,0.7633680994481014,instance,complexity_kDN_top20
0,0.475,0.4,0.6666666666666667,0.29411764705882354,0.21857230578912523,1.0,0.5074323770227489,1.0,1.0,0.6721988593100551,0.8362485869854025,0.9961966986316314,-0.21543306690928865,instance,complexity_kDN_top20
0,0.009433962264150941,0.0,0.03240740740740744,0.4117647058823529,0.20304813033224056,0.0,0.4333979346607969,0.9899916597164303,0.95,0.6384954817433599,0.8749690189477619,0.9910951237398994,0.5522246961587232,instance,complexity_kDN_top20
0,0.026315789473684292,0.0,0.05128205128205132,0.7647058823529411,0.23286975872574256,0.0,0.40840611898740375,0.9908256880733946,1.0,0.6710285016389178,0.8843615988975018,0.9915463831475957,0.5436918304350095,instance,complexity_kDN_top20
0,0.023809523809523836,0.0,0.05128205128205132,0.5882352941176471,0.7126762252900565,0.0,0.43531883553957906,0.9949958298582152,1.0,0.6695793469736991,0.8760523443913261,0.9893001357265566,-0.10227991864858095,instance,complexity_kDN_top20
0,0.6079545454545454,0.8,0.9075144508670521,0.8235294117647058,0.7270408414093813,0.8,0.5532546890889872,1.0,1.0,0.6735819504729617,0.920947374587348,0.9990749144881893,-0.1339903862134317,instance,complexity_kDN_top20
0,0.24583333333333335,0.4,0.09999999999999998,0.6470588235294118,0.20432982858297277,0.0,0.3919069079187335,0.9974979149291076,1.0,0.6709225329126292,0.8528948580088382,0.9880925792028815,0.22332286344032845,instance,complexity_kDN_top20
0,0.28409090909090906,0.4,0.33333333333333337,0.47058823529411764,0.3087883467562761,0.0,0.49039664867630994,0.9983319432860718,1.0,0.6692710128833788,0.8534430602082728,0.9842363192164685,-0.0974897703351332,instance,complexity_kDN_top20
0,0.03947368421052633,0.0,0.25619834710743805,0.6470588235294118,0.26401881933821547,0.0,0.46283374723157755,0.9916597164303587,1.0,0.6695824147904871,0.8693028697621121,0.9905888966085321,0.4703947103373154,instance,complexity_kDN_top20
0,0.17391304347826086,0.0,0.03240740740740744,0.4117647058823529,0.20625620584610127,0.0,0.4347900000208984,0.9891576313594662,1.0,0.6711444008705523,0.8198310393205055,0.9484627871629977,0.629923678738041,instance,complexity_kDN_top20
0,0.16666666666666674,0.4,0.25619834710743805,0.7647058823529411,0.20305473097711235,0.0,0.4870476733049056,0.9974979149291076,1.0,0.6718101949407034,0.8354982813986735,0.9866361748839699,0.19796307840475516,instance,complexity_kDN_top20
0,0.8675213675213675,0.6,0.03240740740740744,0.4117647058823529,0.32500234758738494,1.0,0.533040596012622,1.0,1.0,0.6695412585163747,0.8877423469601469,0.9925170699652592,0.06824673632424856,instance,complexity_kDN_top20
0,0.0,0.0,0.03240740740740744,0.4117647058823529,0.20304909992085346,0.0,0.3963820570563288,0.9891576313594662,0.95,0.5966999263960976,0.8016582082223765,0.9940810895045677,0.6519307835817784,instance,complexity_kDN_top20
0,0.02777777777777779,0.0,0.03240740740740744,0.4117647058823529,0.20304813033224056,0.0,0.3918305848232655,0.97581317764804,0.85,0.556677839793958,0.8138415896129496,0.9823974955742797,2.16405735619817,instance,complexity_kDN_top20
0,0.0,0.0,0.1123595505617978,0.4117647058823529,0.20304813033224056,0.0,0.3492568668455682,0.9582985821517932,0.8,0.439346242900958,0.8174850136444418,0.9908994748994686,2.0444285530586273,instance,complexity_kDN_top20
0,0.08881578947368429,0.2,0.8877551020408163,0.5294117647058824,0.21914713589732032,0.0,0.48270920065913103,0.9974979149291076,1.0,0.6683754719707082,0.8560118485266681,0.9836647891561134,-0.1202758829798204,instance,complexity_kDN_top20
0,0.7740825688073394,0.8,0.9358974358974359,0.6470588235294118,0.8798775634285757,1.0,0.5543533495250048,1.0,1.0,0.6731186541131412,0.8435299530759378,0.9920033595981816,-0.9181027647956805,instance,complexity_kDN_top20
0,0.01388888888888884,0.0,0.1123595505617978,0.4117647058823529,0.20379561055797668,0.0,0.43090648695452294,0.9866555462885738,0.95,0.6606441295449003,0.8374004324142819,0.9937546195949516,0.712701323163026,instance,complexity_kDN_top20
0,0.4769230769230769,0.2,0.03240740740740744,0.4117647058823529,0.20740113339425742,1.0,0.5327136086934161,1.0,1.0,0.6744454017638492,0.8479971629430503,0.9977977473059928,-0.17431263504903716,instance,complexity_kDN_top20
0,0.026315789473684292,0.0,0.1123595505617978,0.5294117647058824,0.20460808066199176,0.0,0.3701215789552468,0.9774812343619683,1.0,0.6695572949458174,0.8705780903567089,0.9939350151860769,0.6499337084373569,instance,complexity_kDN_top20
0,0.46474358974358976,0.2,0.03703703703703709,0.6470588235294118,0.21431941274500904,0.0,0.4884491564352621,0.9991659716430359,1.0,0.6688727365534627,0.8573773648552894,0.9942789790282024,0.16203461762888313,instance,complexity_kDN_top20
0,0.0,0.0,0.40625,0.35294117647058826,0.20473321579758724,0.0,0.4361100032673836,0.9858215179316097,1.0,0.6692092083167661,0.8219240286674807,0.9752426810666429,0.20252764086753522,instance,complexity_kDN_top20
0,0.2527027027027027,0.2,0.3939393939393939,0.7058823529411765,0.6719278770622242,0.25,0.5004391606146017,1.0,1.0,0.6746816965986996,0.8903162000730493,0.9876244229984179,-0.5072954632088373,instance,complexity_kDN_top20
0,0.6048850574712643,0.6,0.6615384615384615,0.8235294117647058,0.6161920195489078,0.4,0.5332080282812446,1.0,1.0,0.670663687038721,0.8937354068953434,0.9857837739516183,0.07502389737081926,instance,complexity_kDN_top20
0,0.6884615384615385,0.4,0.0,0.29411764705882354,0.6716532909494122,1.0,0.5497925912178634,1.0,1.0,0.6704258619514631,0.8789025182173601,0.9856935004147828,-0.5057653334400983,instance,complexity_kDN_top20
0,0.08191489361702131,0.6,0.15217391304347827,0.6470588235294118,0.39342988860442407,0.25,0.5520310222240179,1.0,1.0,0.6697993146190694,0.8987469363468016,0.9917133250815164,-0.1099318887121367,instance,complexity_kDN_top20
0,0.026315789473684292,0.0,0.03240740740740744,0.4117647058823529,0.20335204961561,0.0,0.3780836798632844,0.9599666388657214,1.0,0.6687080745947787,0.838087253868577,0.9925106251662387,0.725609348464858,instance,complexity_kDN_top20
0,0.02777777777777779,0.0,0.765625,0.6470588235294118,0.20304813033224056,0.0,0.4522140706568928,0.9916597164303587,0.9,0.5048544584372462,0.8660688986760097,0.999562446345025,1.4410450418534329,instance,complexity_kDN_top20
0,0.0,0.0,0.05128205128205132,0.5882352941176471,0.8400275809268845,0.0,0.4168484154699643,0.9908256880733946,1.0,0.6684799319389332,0.8565586082308005,0.9953682590395443,0.4249973542288819,instance,complexity_kDN_top20
0,0.36868686868686873,0.4,0.2195121951219512,0.5882352941176471,0.6399910525976059,0.5,0.49588970393029197,0.9991659716430359,1.0,0.6689103551402039,0.8805023348255201,0.98677781988803,0.01842824264101969,instance,complexity_kDN_top20
0,0.29807692307692313,0.2,0.05128205128205132,0.5882352941176471,0.2530787296089603,0.0,0.4503110594117027,0.9991659716430359,1.0,0.670770885822551,0.8877068158787347,0.9952561304461947,0.33765261289312337,instance,complexity_kDN_top20
0,0.009433962264150941,0.2,0.03240740740740744,0.4117647058823529,0.2063820988750647,0.25,0.5464622804243069,1.0,1.0,0.6719250120941329,0.8667443869935887,0.9865510469186184,0.2734510223575703,instance,complexity_kDN_top20
0,0.11524822695035453,0.0,0.03240740740740744,0.4117647058823529,0.2280623826315749,0.0,0.38339974145649847,0.97581317764804,1.0,0.6673773512233694,0.8550319916948087,0.994147588204224,0.6963646176034984,instance,complexity_kDN_top20
0,0.6412337662337663,0.4,0.8877551020408163,0.7058823529411765,0.3532050938977334,0.6,0.5355408360165655,1.0,1.0,0.6717298502538758,0.852507411577166,0.9854513513262082,0.06152455226946647,instance,complexity_kDN_top20
0,0.8107843137254902,0.2,0.1333333333333333,0.5882352941176471,0.8285517248848672,0.0,0.41277567179944696,0.9974979149291076,1.0,0.6713761724522915,0.9093202923899485,0.9976298762491619,-0.32238224297847545,instance,complexity_kDN_top20
0,0.18233082706766912,0.0,0.03240740740740744,0.4117647058823529,0.225683928182439,0.0,0.4072230213461402,0.9849874895746455,1.0,0.6708058970025744,0.8814962364010231,0.9920054564711125,0.5955492742831849,instance,complexity_kDN_top20
0,0.286036036036036,0.2,0.25619834710743805,0.7647058823529411,0.22916914553728968,0.0,0.3991670222152084,0.9966638865721434,1.0,0.673599903423172,0.8651631041315684,0.9989999474322622,0.07661638508034083,instance,complexity_kDN_top20
0,0.07631578947368423,0.0,0.03240740740740744,0.4117647058823529,0.2672560327279978,0.0,0.45860423712972387,0.9891576313594662,1.0,0.6702064075863832,0.8527293843009411,0.9475444441017069,0.4393181168927325,instance,complexity_kDN_top20
0,0.46984126984126984,0.4,0.8245614035087719,0.5294117647058824,0.20304813033290098,0.0,0.4606131002173809,0.9983319432860718,1.0,0.6703777866249343,0.8935190496708003,0.9959470877909539,0.11255118019946093,instance,complexity_kDN_top20
0,0.16666666666666674,0.0,0.15217391304347827,0.6470588235294118,0.20304813033224056,0.0,0.4230736944133998,0.994161801501251,1.0,0.6701198281115989,0.843979580585664,0.9946866406462548,0.7923442697103759,instance,complexity_kDN_top20
0,0.6763791763791763,0.6,0.3939393939393939,0.6470588235294118,0.7084566240145146,1.0,0.5084628407316281,1.0,1.0,0.671868298286966,0.8763072244616739,0.9997755551673165,-0.17946630395428545,instance,complexity_kDN_top20
0,0.6920821114369502,0.4,0.25619834710743805,0.5294117647058824,0.8342103097269691,0.0,0.47273424431608513,0.9974979149291076,1.0,0.6714031525700677,0.8776478623718196,0.9992857341615091,-0.35394145268041066,instance,complexity_kDN_top20
0,0.09774436090225569,0.0,0.25619834710743805,0.7647058823529411,0.20394591145703217,0.0,0.39604974395433123,0.9908256880733946,1.0,0.6680369222611757,0.8310103148001806,0.9804637547682636,0.32256832086490544,instance,complexity_kDN_top20
0,0.0,0.0,0.03240740740740744,0.4117647058823529,0.20304813033224056,0.0,0.34202362409553033,0.9599666388657214,1.0,0.6666895358924028,0.827937773463917,0.9760899490829279,1.4018941176868533,instance,complexity_kDN_top20
0,0.0,0.0,0.1123595505617978,0.4117647058823529,0.2074768951880137,0.0,0.41356794648544304,0.9949958298582152,0.95,0.6265887714876747,0.8484221231964886,0.9990297605961599,-0.3350199315632533,instance,complexity_kDN_top20
0,0.24583333333333335,0.4,0.12121212121212122,0.35294117647058826,0.23194891075362228,1.0,0.5314176295855388,1.0,1.0,0.6710050994033506,0.8565407638569538,0.9890226706893933,0.0330959017525341,instance,complexity_kDN_top20
0,0.21153846153846156,0.0,0.2777777777777778,0.7058823529411765,0.20309516684059714,0.0,0.43972458719818286,0.9933277731442869,1.0,0.6704875379079716,0.8051018825695258,0.9403410924495684,0.5029532201347948,instance,complexity_kDN_top20
0,0.42307692307692313,0.0,0.05128205128205132,0.5882352941176471,0.3906323313427872,0.0,0.44951373128741534,0.9949958298582152,1.0,0.6717227404107236,0.8515053678109966,0.9904916772538196,-0.2820288181501691,instance,complexity_kDN_top20
0,0.6314102564102564,0.6,0.6615384615384615,0.8823529411764706,0.2958209469339249,0.6666666666666666,0.5458190151408175,1.0,1.0,0.6703806603882417,0.8920838157699309,0.9723161202680289,0.259892187436808,instance,complexity_kDN_top20
0,0.22413793103448276,0.0,0.03240740740740744,0.4117647058823529,0.27993129000565575,0.0,0.41856875548989847,0.9849874895746455,1.0,0.67146066232434,0.863955809929171,0.9950167989295892,0.5892075170859775,instance,complexity_kDN_top20
0,0.746551724137931,1.0,0.8877551020408163,0.5294117647058824,0.8648966704028755,0.6666666666666666,0.569094595820103,1.0,1.0,0.6707290344066579,0.897519932456769,0.9997178293687667,-0.24030682667874514,instance,complexity_kDN_top20
0,0.0,0.0,0.1123595505617978,0.4117647058823529,0.2045488459008632,0.0,0.3678122700840788,0.9866555462885738,1.0,0.6676684269989127,0.8516118808115619,0.9980741413253247,0.7087488564759068,instance,complexity_kDN_top20
0,0.28409090909090906,0.0,0.03240740740740744,0.4117647058823529,0.22820345125096103,0.0,0.4455707095488466,0.9924937447873228,1.0,0.6706985573634217,0.8788483285222493,0.9910946559264276,0.3899562344920817,instance,complexity_kDN_top20
0,0.37310606060606055,0.6,0.2195121951219512,0.5882352941176471,0.8193112388078297,0.5,0.5135897488490089,1.0,1.0,0.6696022183193864,0.8831549168664206,0.9916386537345834,0.1047018164825116,instance,complexity_kDN_top20
0,0.5198412698412699,0.8,0.9358974358974359,0.6470588235294118,0.8676334142602922,1.0,0.5066680855397663,1.0,1.0,0.6725227429100548,0.8870892731508289,0.9982997946029186,-0.45764194978020817,instance,complexity_kDN_top20
0,0.0,0.0,0.4347826086956522,0.8235294117647058,0.2930372640412563,0.0,0.43648035722222744,0.9924937447873228,1.0,0.6720771669446992,0.8835203413191712,0.9755117805411517,0.1402819899349868,instance,complexity_kDN_top20
0,0.22413793103448276,0.0,0.05128205128205132,0.5882352941176471,0.5993790268375472,0.0,0.3883857796740383,0.994161801501251,1.0,0.6731477859288293,0.8908306838201598,0.9985569828015882,-0.21739074343120016,instance,complexity_kDN_top20
0,0.08191489361702131,0.0,0.03703703703703709,0.6470588235294118,0.21179409754686268,0.0,0.4261600329557762,0.9916597164303587,1.0,0.669990080432022,0.8790371839529179,0.994109687691732,0.5015670704898489,instance,complexity_kDN_top20
0,0.702020202020202,0.0,0.9358974358974359,0.5882352941176471,0.24197003912745263,0.0,0.43959156052873605,0.994161801501251,1.0,0.671610963601333,0.8640572954220722,0.9971029497966128,0.29640754293441485,instance,complexity_kDN_top20
0,0.5121621621621621,0.4,0.4347826086956522,0.8823529411764706,0.40468156196363314,0.6,0.5474047260306948,1.0,1.0,0.6750285231331106,0.8912845526203181,0.9834227942914837,0.08521987978652822,instance,complexity_kDN_top20
0,0.026315789473684292,0.0,0.03703703703703709,0.6470588235294118,0.24824056683782653,0.25,0.4152512052117765,0.9908256880733946,1.0,0.6702958813922265,0.8659228707731398,0.9782604027914423,0.5339555112742403,instance,complexity_kDN_top20
0,0.7733333333333333,0.8,0.3939393939393939,0.7058823529411765,0.7674933572489252,1.0,0.5046802558728523,1.0,1.0,0.6818018335978874,0.8604343712263182,0.9911597007695827,-0.569176062711788,instance,complexity_kDN_top20
0,0.03191489361702127,0.0,0.25619834710743805,0.7647058823529411,0.24083934577108457,0.0,0.4583450574907232,0.9933277731442869,1.0,0.6701930409919252,0.865044925415139,0.9838248750293613,-0.3615758428420018,instance,complexity_kDN_top20
0,0.44557823129251706,0.8,0.1123595505617978,0.5294117647058824,0.2555926272762329,0.6666666666666666,0.5050645522935859,1.0,1.0,0.6693440742138301,0.8925370577215016,0.9997073863108721,0.1283629928184615,instance,complexity_kDN_top20
0,0.22413793103448276,0.2,0.09999999999999998,0.6470588235294118,0.46653368025268815,0.3333333333333333,0.47873369449126746,0.9966638865721434,1.0,0.6710819020260079,0.8993292979417615,0.9966703565206967,-0.05513847712366409,instance,complexity_kDN_top20
0,0.6314102564102564,0.2,0.5555555555555556,0.5882352941176471,0.20304813672468086,0.0,0.47149216674861627,0.9974979149291076,1.0,0.6689918529911024,0.8821737134188524,0.9975398923801847,0.3319000204859258,instance,complexity_kDN_top20
0,0.0,0.4,0.03240740740740744,0.35294117647058826,0.36277152254918565,1.0,0.5025520623384789,1.0,1.0,0.681525715424424,0.7609798200628423,0.9653034895097528,0.4664485416435077,instance,complexity_kDN_top20
0,0.1394736842105263,0.0,0.03240740740740744,0.4117647058823529,0.24241952056622817,0.0,0.4364712953666703,0.9958298582151793,1.0,0.673869344163984,0.8711684944596767,0.9969287789747996,-0.041562690900914946,instance,complexity_kDN_top20
0,0.20270270270270263,0.0,0.08247422680412375,0.47058823529411764,0.793130042212661,0.0,0.44861306268222645,0.994161801501251,1.0,0.6738248404286209,0.8602771118687089,0.9738909055921771,0.03730713516943261,instance,complexity_kDN_top20
0,0.48070175438596496,0.8,0.1123595505617978,0.5882352941176471,0.2276683549173799,1.0,0.5262388466762624,1.0,1.0,0.6764113448444197,0.8448413933057155,0.9795849517532897,0.28087335550985226,instance,complexity_kDN_top20
0,0.44318181818181823,0.4,0.9358974358974359,0.5294117647058824,0.605062161539872,0.0,0.47902325070715823,0.9974979149291076,0.95,0.6666666666666666,0.8519984044644697,0.9629443109680115,-0.698647997800994,instance,complexity_kDN_top20
0,0.2527027027027027,0.4,0.08247422680412375,0.47058823529411764,0.7129676097184348,0.0,0.46298907046952353,0.9974979149291076,1.0,0.6727375737700795,0.8838282848343753,0.9904223898166187,-0.38082288605457276,instance,complexity_kDN_top20
0,0.3615384615384616,0.8,0.2195121951219512,0.5882352941176471,0.8226210944879596,0.0,0.49861935477147445,0.9991659716430359,1.0,0.6731945333153984,0.8639188297270236,0.9901362782239805,-0.5165766117235794,instance,complexity_kDN_top20
0,0.01388888888888884,0.0,0.1123595505617978,0.4117647058823529,0.20360834033272968,0.0,0.3865091101002829,0.9824854045037531,1.0,0.6690629937274748,0.8374108918223705,0.9778772675295538,0.6627195645590445,instance,complexity_kDN_top20
0,0.0,0.0,0.1123595505617978,0.4117647058823529,0.20499811321190192,0.0,0.37872919996720356,0.9499582985821518,1.0,0.667742292481238,0.8263674535914308,0.9696145197976057,0.9162582455169127,instance,complexity_kDN_top20
0,0.10964912280701755,0.0,0.6615384615384615,0.8235294117647058,0.21744201617296227,0.0,0.46690819558447705,0.9958298582151793,1.0,0.6683710725008741,0.8794347183169627,0.9976998627593902,0.2701510231470065,instance,complexity_kDN_top20
0,0.6695906432748538,0.6,0.6615384615384615,0.8235294117647058,0.4124725955183943,0.75,0.5134774834522919,1.0,1.0,0.6719482415470983,0.8712018884604869,0.9918002281123736,-0.04638471087133704,instance,complexity_kDN_top20
0,0.03947368421052633,0.0,0.03240740740740744,0.4117647058823529,0.20369786976865945,0.0,0.4212787023938367,0.9849874895746455,1.0,0.6713072243219574,0.8784010799361811,0.9940194081189023,0.6802309018592693,instance,complexity_kDN_top20
0,0.6048850574712643,0.6,0.4347826086956522,0.8235294117647058,0.8452482359442054,1.0,0.502596608615299,1.0,1.0,0.6722359731336063,0.8990107335375479,0.9875431065806916,-0.14042848455084259,instance,complexity_kDN_top20
0,0.21153846153846156,0.0,0.09999999999999998,0.6470588235294118,0.20304813033228325,0.0,0.3955402409093923,0.9924937447873228,1.0,0.6692858518109249,0.8383097389538501,0.9668269722384396,0.9605883041459751,instance,complexity_kDN_top20
0,0.2807017543859649,0.2,0.12121212121212122,0.35294117647058826,0.3102284385609426,0.0,0.4246155727232356,0.9974979149291076,1.0,0.6733642950515966,0.8412579549079972,0.9834961960368592,0.018292996130054497,instance,complexity_kDN_top20
0,0.08630952380952384,0.2,0.2195121951219512,0.5882352941176471,0.8425566897064067,0.0,0.4184737750476152,0.9983319432860718,1.0,0.6708984823102084,0.8924508592535332,0.9996679258206786,-0.3087919613322974,instance,complexity_kDN_top20
0,0.01388888888888884,0.0,0.1123595505617978,0.4117647058823529,0.20847975405200636,0.0,0.41982361256858824,0.9883236030025021,1.0,0.6691931299709171,0.8380552845927787,0.9965308138611121,0.5473688834073697,instance,complexity_kDN_top20
0,0.575487012987013,0.4,0.3571428571428571,0.5882352941176471,0.42551197011398567,0.0,0.4897800119943351,0.9974979149291076,1.0,0.6706353447832832,0.8882494501201755,0.984598719189447,-0.005107826242281344,instance,complexity_kDN_top20
0,0.01388888888888884,0.0,0.1123595505617978,0.4117647058823529,0.20305040320966433,0.0,0.39592307377925184,0.9841534612176814,0.9,0.6107702900146663,0.8222205413135562,0.9899649692759795,0.5227895035818036,instance,complexity_kDN_top20
0,0.06944444444444442,0.4,0.765625,0.6470588235294118,0.7274094943294497,0.0,0.47073729973596423,0.9983319432860718,1.0,0.6782209901441609,0.8998509386768356,0.9957516494236701,0.06665064114757657,instance,complexity_kDN_top20
0,0.11224489795918369,0.0,0.9358974358974359,0.35294117647058826,0.2862845104414422,0.0,0.456741992236535,0.9958298582151793,1.0,0.6671530178365235,0.8771695491268707,0.9866005552857001,-0.31681588978109204,instance,complexity_kDN_top20
0,0.45463812436289497,0.8,0.2195121951219512,0.5882352941176471,0.8793030467169125,1.0,0.5160617372387739,1.0,1.0,0.6790453984758462,0.8737083629933549,0.9854860741716732,-0.7894408006304554,instance,complexity_kDN_top20
0,0.3521303258145364,0.0,0.08247422680412375,0.47058823529411764,0.20414360225394296,0.0,0.42313494955147835,0.9908256880733946,1.0,0.6689910280421675,0.83566870133013,0.986131745520553,0.46663345088976876,instance,complexity_kDN_top20
0,0.0,0.0,0.1123595505617978,0.5294117647058824,0.20353652827628732,0.0,0.4670994418449239,0.994161801501251,1.0,0.6683049398877355,0.8417612113523333,0.9622767921528471,0.5341951782934549,instance,complexity_kDN_top20
0,0.03191489361702127,0.0,0.14814814814814814,0.5882352941176471,0.21949687563143966,0.0,0.4102807052827133,0.9824854045037531,1.0,0.6767865291823576,0.8388469290635048,0.9824197557988241,-0.08894465292217725,instance,complexity_kDN_top20
0,0.08881578947368429,0.0,0.2777777777777778,0.7058823529411765,0.35404324146472677,0.0,0.42648807511537223,0.9933277731442869,1.0,0.671419057148318,0.8668175622875542,0.9720943729666761,0.11236624639915524,instance,complexity_kDN_top20
0,0.29807692307692313,0.0,0.05128205128205132,0.5882352941176471,0.23273365312414074,0.0,0.43709382905612504,0.9916597164303587,1.0,0.6722060271732327,0.8892338689993469,0.9937993367487911,0.41920066917750676,instance,complexity_kDN_top20
0,0.16666666666666674,0.0,0.05128205128205132,0.5882352941176471,0.20304813033224056,0.0,0.39085900671167173,0.994161801501251,1.0,0.6703455656856192,0.8460474418904538,0.9974635024900517,0.5726540580690669,instance,complexity_kDN_top20
0,0.05769230769230771,0.2,0.6615384615384615,0.6470588235294118,0.31438666826466066,1.0,0.5580820893721583,1.0,1.0,0.6695072713814205,0.8371592671163931,0.9774323774278504,0.05363558819935926,instance,complexity_kDN_top20
0,0.009433962264150941,0.0,0.03240740740740744,0.47058823529411764,0.2034625362589798,0.0,0.4189541262638036,0.9924937447873228,1.0,0.6730672133160663,0.8457279440857783,0.984850755527728,0.01699424429338224,instance,complexity_kDN_top20
0,0.31511627906976747,0.0,0.25619834710743805,0.7647058823529411,0.5123523439044854,0.0,0.36642234612676017,0.9949958298582152,1.0,0.6748476266078564,0.8913401024067612,0.9993405911266939,0.042482065871862366,instance,complexity_kDN_top20
0,0.07352941176470584,0.0,0.9358974358974359,0.5294117647058824,0.8143309798866992,0.0,0.39589573369878217,0.9883236030025021,1.0,0.6700632368458665,0.840248093372878,0.9800540189283051,-0.21347749656256876,instance,complexity_kDN_top20
0,0.0,0.0,0.1123595505617978,0.4117647058823529,0.20315833752301293,0.0,0.3758813230186061,0.9908256880733946,1.0,0.6682549894668072,0.8481448583432052,0.9797560077164762,0.5404050481930662,instance,complexity_kDN_top20
0,0.026315789473684292,0.0,0.08247422680412375,0.47058823529411764,0.20305185600628634,0.0,0.3978296228877912,0.9833194328607172,0.9,0.6404940438357583,0.827056980103045,0.9978893305139903,0.8237501986582139,instance,complexity_kDN_top20
0,0.06498951781970652,0.0,0.03240740740740744,0.4117647058823529,0.208934087124864,0.0,0.42047569352979663,0.994161801501251,1.0,0.6766201268210426,0.8703671206043232,0.9882889878856895,0.22369358439599044,instance,complexity_kDN_top20
0,0.3521303258145364,0.4,0.6615384615384615,0.7058823529411765,0.23662199928490768,0.5,0.47774224580251934,0.9991659716430359,1.0,0.6705836908786522,0.8749668184893169,0.9745147542826901,0.17807028732483135,instance,complexity_kDN_top20
0,0.5115440115440115,0.2,0.08247422680412375,0.47058823529411764,0.498164369070793,0.0,0.48124400457184047,0.9966638865721434,1.0,0.6698214697287765,0.8880439169534009,0.9981608119386703,-0.02929334860980512,instance,complexity_kDN_top20
0,0.4920634920634921,0.4,0.25619834710743805,0.7647058823529411,0.6239719581157995,0.0,0.4929637419138503,0.9983319432860718,1.0,0.6710323242164847,0.8630100616497357,0.9897730866210893,-0.07905712769443296,instance,complexity_kDN_top20
0,0.0,0.0,0.03240740740740744,0.4117647058823529,0.20304813033224056,0.0,0.40872034511104016,0.9958298582151793,0.9,0.4943689469578751,0.7997287254802992,0.9865848641577365,1.7697192111931808,instance,complexity_kDN_top20
0,0.0,0.0,0.15217391304347827,0.6470588235294118,0.23971207333235695,0.0,0.43378416155940513,0.9883236030025021,1.0,0.6793527660664936,0.8532977598706086,0.9619325551849445,0.005213159771954671,instance,complexity_kDN_top20
0,0.009433962264150941,0.0,0.03240740740740744,0.4117647058823529,0.20305511950190996,0.0,0.39799834077690455,0.994161801501251,0.95,0.6175125325712933,0.8397058964455804,0.9989745236105544,0.5222993480607725,instance,complexity_kDN_top20
0,0.0,0.0,0.03240740740740744,0.4117647058823529,0.2034312823853866,0.0,0.41989392879376397,0.9783152627189324,1.0,0.6729180789192943,0.8552145658800192,0.9812856967161027,0.7528518363147088,instance,complexity_kDN_top20
0,0.4198412698412699,0.4,0.05128205128205132,0.7058823529411765,0.3782388954696382,0.5,0.5048768902317458,1.0,1.0,0.6701561940076213,0.8805884478178087,0.9834255965913533,0.40770407830811184,instance,complexity_kDN_top20
0,0.07352941176470584,0.0,0.05128205128205132,0.5882352941176471,0.3751550585671406,0.0,0.44471029435109144,0.9883236030025021,1.0,0.6682897834803999,0.8446865451171085,0.9768807777898345,0.36977185227369924,instance,complexity_kDN_top20
0,0.0,0.0,0.25619834710743805,0.7647058823529411,0.20304813033224056,0.0,0.4260563206200204,0.987489574645538,0.85,0.14981224057355236,0.7814085092855072,0.9930324626947945,5.9995850323150055,instance,complexity_kDN_top20
0,0.5897727272727272,0.8,0.4347826086956522,0.8235294117647058,0.7627938431954275,0.5,0.5389824197255156,1.0,1.0,0.6708076049767936,0.8977150208451528,0.9985779250377596,0.08496563748179951,instance,complexity_kDN_top20
0,0.2698412698412699,0.0,0.5555555555555556,0.5294117647058824,0.299539786291127,0.0,0.4122006433880617,0.9891576313594662,1.0,0.6698245436282063,0.860387595241653,0.9891542840426634,0.5627706562819171,instance,complexity_kDN_top20
0,0.07352941176470584,0.0,0.05128205128205132,0.5882352941176471,0.21352234884492682,0.0,0.40182673014932857,0.9808173477898249,1.0,0.6683706154884294,0.8615762118255885,0.9957576416124847,0.33181300892489846,instance,complexity_kDN_top20
0,0.01388888888888884,0.4,0.1123595505617978,0.4117647058823529,0.7137507540190579,0.0,0.43365851136772426,0.9983319432860718,1.0,0.6704838550847071,0.8323944545019792,0.9526245768941128,0.31756878582503095,instance,complexity_kDN_top20
0,0.29807692307692313,0.0,0.05128205128205132,0.5882352941176471,0.5722822314502065,0.0,0.4043348392463917,0.994161801501251,1.0,0.6721969436207338,0.884159167421824,0.9710828550472382,0.09878586375358513,instance,complexity_kDN_top20
0,0.4840909090909091,0.6,0.4347826086956522,0.6470588235294118,0.46747709274521776,1.0,0.506526303515775,1.0,1.0,0.6715561508279498,0.8733252883712895,0.9987243641548823,0.022386217715086816,instance,complexity_kDN_top20
0,0.4920634920634921,0.2,0.7796610169491526,0.7058823529411765,0.6346224492989022,0.3333333333333333,0.5002515159400078,1.0,1.0,0.6705792405524396,0.8765254518820773,0.9920631365915293,-0.079105361721521,instance,complexity_kDN_top20
0,0.026315789473684292,0.0,0.03240740740740744,0.4117647058823529,0.20304830242969601,0.0,0.38581109808418046,0.9491242702251876,0.9,0.6375842819497148,0.8121910485386831,0.9616336904696495,1.2875095034552655,instance,complexity_kDN_top20
0,0.286036036036036,0.4,0.25619834710743805,0.7647058823529411,0.6333096350995742,0.3333333333333333,0.4436125822712471,0.9974979149291076,1.0,0.6721062752501541,0.8784567088557242,0.9902373469955881,-0.2678500696066883,instance,complexity_kDN_top20
0,0.20270270270270263,0.0,0.08247422680412375,0.47058823529411764,0.36944855628614903,0.0,0.4574345544388224,0.9949958298582152,1.0,0.670877818383789,0.8758829705971319,0.9996330675125931,0.12510168203565383,instance,complexity_kDN_top20
0,0.5029239766081871,0.6,0.09999999999999998,0.6470588235294118,0.23671442561865924,0.0,0.4777419048900583,0.9991659716430359,1.0,0.6697925298911515,0.875976813484707,0.9750331332049443,-0.015299724286741166,instance,complexity_kDN_top20
0,0.21153846153846156,0.0,0.2777777777777778,0.7058823529411765,0.21607226694531262,0.0,0.41098459568892587,0.9933277731442869,1.0,0.6768997617589038,0.8453506145025843,0.9823370813228899,0.24627834789269368,instance,complexity_kDN_top20
0,0.16249999999999998,0.0,0.6666666666666667,0.29411764705882354,0.20549678622874734,0.0,0.33562972416182146,0.987489574645538,1.0,0.669063363854911,0.8112796205699286,0.9714910480451939,0.14911296214188413,instance,complexity_kDN_top20
0,0.8616666666666667,1.0,0.9358974358974359,0.6470588235294118,0.8723448411395797,1.0,0.540783167301542,1.0,1.0,0.6711731124192041,0.8855204745018718,0.9976603182945251,-0.11333771372960752,instance,complexity_kDN_top20
0,0.16666666666666674,0.0,0.05128205128205132,0.5882352941176471,0.20304813033224056,0.0,0.4814370612921999,0.9949958298582152,1.0,0.6694356845528935,0.850118085973955,0.9935128375433212,0.8440179080202929,instance,complexity_kDN_top20
0,0.1291208791208791,0.4,0.2195121951219512,0.5882352941176471,0.3753688137617738,0.0,0.48772558787224873,0.9991659716430359,1.0,0.6701096228353018,0.8670228253659026,0.9951575173083695,-0.21567932490214076,instance,complexity_kDN_top20
0,0.0,0.0,0.1123595505617978,0.4117647058823529,0.20306831560048655,0.0,0.39330085632370737,0.987489574645538,1.0,0.6681801947492498,0.8248841777680008,0.9972590769364331,1.0881014454074056,instance,complexity_kDN_top20
0,0.0,0.0,0.1123595505617978,0.4117647058823529,0.2052257177985624,0.0,0.37820629835746444,0.9808173477898249,1.0,0.6673134007305087,0.8507588740626881,0.9896330225492053,0.17147353562797335,instance,complexity_kDN_top20
0,0.7595628415300546,0.6,0.9358974358974359,0.7647058823529411,0.5011940813237431,0.0,0.48464227497143,0.9991659716430359,1.0,0.6774082315493076,0.8726909603767744,0.9886050472723217,0.04548927818025135,instance,complexity_kDN_top20
0,0.026315789473684292,0.0,0.03240740740740744,0.4117647058823529,0.2033610265368262,0.0,0.38900996141725186,0.97581317764804,1.0,0.6703203577632149,0.8688963157621169,0.9995130647062115,0.9776227349118765,instance,complexity_kDN_top20
0,0.2875,0.4,0.40625,0.35294117647058826,0.20529827925809246,0.5,0.48853524241693647,0.9991659716430359,1.0,0.6707034281250469,0.844023734887377,0.9856772481215463,0.34318875606348115,instance,complexity_kDN_top20
0,0.02777777777777779,0.0,0.03240740740740744,0.4117647058823529,0.20304813033224056,0.0,0.3963434348184487,0.9374478732276897,0.85,0.45794540534811223,0.8295998598487089,0.9995259806178819,1.954638305097264,instance,complexity_kDN_top20
0,0.11224489795918369,0.2,0.1123595505617978,0.5294117647058824,0.2040244081445547,0.0,0.4527285515341506,0.9974979149291076,1.0,0.6777759721961575,0.8112128114885845,0.9719742498544146,0.2795897006014949,instance,complexity_kDN_top20
0,0.1394736842105263,0.2,0.03240740740740744,0.4117647058823529,0.21805372425344388,0.0,0.44586272405689464,0.9974979149291076,0.95,0.6550531945656799,0.8683626545509446,0.9886610487093005,-0.011637118207869434,instance,complexity_kDN_top20
0,0.0,0.0,0.05128205128205132,0.5882352941176471,0.8609017415961201,0.0,0.41507225421316263,0.981651376146789,0.95,0.6666666666666666,0.8344215841662737,0.989450633847955,0.5127197347478573,instance,complexity_kDN_top20
0,0.7901098901098901,0.6,0.1123595505617978,0.4117647058823529,0.7269024801369834,1.0,0.5115275059624602,1.0,1.0,0.6685064317129463,0.8494845451306036,0.9656926032644231,-0.2992476091048868,instance,complexity_kDN_top20
0,0.5490384615384616,0.6,0.2195121951219512,0.5882352941176471,0.8559535082338628,0.14285714285714285,0.5480113590289837,1.0,1.0,0.6698098120060229,0.8629689174551739,0.969504961809896,-0.290132915728349,instance,complexity_kDN_top20
0,0.8384615384615385,0.6,0.9358974358974359,0.5882352941176471,0.8779160080437766,1.0,0.5506688632046147,1.0,1.0,0.6701146159365381,0.855133037358204,0.9824721107806265,-0.2829134443856619,instance,complexity_kDN_top20
0,0.36868686868686873,0.2,0.25619834710743805,0.7647058823529411,0.25921915616839886,0.0,0.4914572028932135,0.9991659716430359,1.0,0.6708269906976699,0.8738911836693044,0.996555345027987,0.33904133644757334,instance,complexity_kDN_top20
0,0.21511627906976738,0.0,0.08247422680412375,0.47058823529411764,0.4490315989564355,0.0,0.4677823427607748,0.9958298582151793,1.0,0.6715372174912295,0.8614556558842205,0.976767565024202,0.1131773894327694,instance,complexity_kDN_top20
0,0.30747126436781613,0.0,0.05128205128205132,0.5882352941176471,0.2159453489499435,0.0,0.4355042412907225,0.9949958298582152,1.0,0.6700154921863352,0.8553148721911474,0.9929373420305825,0.15766620151193886,instance,complexity_kDN_top20
0,0.5837912087912088,0.4,0.6615384615384615,0.6470588235294118,0.6927803382214783,0.0,0.4972559761053964,0.9983319432860718,1.0,0.6691547354979196,0.8530054089223416,0.9900041255724957,-0.2832350758550079,instance,complexity_kDN_top20
0,0.23809523809523814,0.0,0.25619834710743805,0.8823529411764706,0.8086280837471916,0.0,0.4446357475528807,0.9958298582151793,1.0,0.6723460439938049,0.8381946617063347,0.9837276655390045,0.2260435147265048,instance,complexity_kDN_top20
0,0.05769230769230771,0.2,0.1123595505617978,0.4117647058823529,0.21472349476905073,0.0,0.4626436487822422,0.9974979149291076,1.0,0.6678500128190049,0.8720170321023624,0.9887170085491731,-0.11902327072578135,instance,complexity_kDN_top20
0,0.0,0.4,0.14814814814814814,0.5882352941176471,0.7971830314794208,0.0,0.4626139581232114,0.9983319432860718,1.0,0.6762859574543905,0.8361881662617439,0.9918096802131628,-0.006549011998986372,instance,complexity_kDN_top20
0,0.3521303258145364,0.4,0.12121212121212122,0.35294117647058826,0.22061053525426216,0.0,0.44276069032303733,0.9983319432860718,1.0,0.6701591415195504,0.8125630890215503,0.981566491744437,0.18385989469855232,instance,complexity_kDN_top20
0,0.7324159021406728,0.6,0.08247422680412375,0.5882352941176471,0.8754502305308662,1.0,0.5262248960736957,1.0,1.0,0.6791796589852805,0.8749481596836312,0.9919297465575333,0.004036068060262922,instance,complexity_kDN_top20
0,0.6198412698412699,0.8,0.9259259259259259,0.5882352941176471,0.6562776477475515,0.5,0.5325486131906829,1.0,1.0,0.6713888686156357,0.8882259667948631,0.996475806829015,-0.10986167418675787,instance,complexity_kDN_top20
0,0.29807692307692313,0.0,0.05128205128205132,0.5882352941176471,0.6423660363465503,0.0,0.4539063971586661,0.9958298582151793,1.0,0.6727767934465168,0.8903785973299689,0.9963341621324692,0.2955817574264032,instance,complexity_kDN_top20
0,0.0,0.0,0.03703703703703709,0.6470588235294118,0.20324461794945686,0.0,0.41082020088201066,0.9883236030025021,1.0,0.6689872113430885,0.8615703302134399,0.9977800646978687,0.1480927871207496,instance,complexity_kDN_top20
0,0.0,0.2,0.03240740740740744,0.29411764705882354,0.8850133423172587,0.0,0.4976722727901667,0.9991659716430359,0.9,0.6666666666666666,0.7908945737504964,0.9830210347205259,-0.5271358883328436,instance,complexity_kDN_top20
0,0.9107142857142857,0.8,0.5555555555555556,0.6470588235294118,0.8060518080612469,0.0,0.45409884715569526,0.9991659716430359,1.0,0.6722015684129445,0.8545302169073746,0.9843444789800156,-0.37215285699399503,instance,complexity_kDN_top20
0,0.0,0.0,0.14814814814814814,0.5882352941176471,0.2691015874053419,0.0,0.4308147044338989,0.9891576313594662,1.0,0.6716415289615059,0.8405952092584703,0.9734821548479026,0.4128011918629154,instance,complexity_kDN_top20
0,0.0,0.0,0.1123595505617978,0.4117647058823529,0.2034599833378658,0.0,0.47574651475545704,0.9933277731442869,0.9,0.6385749711428127,0.806864502250568,0.9787811850415907,0.28789247456426714,instance,complexity_kDN_top20
0,0.03947368421052633,0.0,0.03240740740740744,0.4117647058823529,0.5956557641962494,0.0,0.4368616584227254,0.9958298582151793,1.0,0.6702773600133243,0.8465107263123748,0.9750308023991517,0.08435488444313768,instance,complexity_kDN_top20
0,0.2698412698412699,0.2,0.03240740740740744,0.4117647058823529,0.21482158997233458,0.0,0.4768071977028526,0.9974979149291076,1.0,0.6739404754957579,0.8773972311857197,0.9973957754840059,0.28844183843341076,instance,complexity_kDN_top20
0,0.14880952380952384,0.0,0.03240740740740744,0.4117647058823529,0.20304813033233893,0.0,0.44715688453153,0.9933277731442869,1.0,0.6732495576656607,0.8575104094611685,0.9959292654959403,0.4607107878884426,instance,complexity_kDN_top20
0,0.7524509803921569,0.4,0.6615384615384615,0.6470588235294118,0.801231056231156,0.0,0.48858066756454244,0.9983319432860718,1.0,0.6721472672147987,0.8817754734979001,0.9985504537968083,0.06910127367006332,instance,complexity_kDN_top20
0,0.03947368421052633,0.2,0.03240740740740744,0.4117647058823529,0.25120752723709516,0.0,0.4743351294875554,0.9966638865721434,1.0,0.6713226523944836,0.8753902570229292,0.9966096309910032,0.4345317933240625,instance,complexity_kDN_top20
0,0.6763791763791763,0.4,0.9358974358974359,0.7647058823529411,0.7631780762251374,0.0,0.4673368197001426,0.9983319432860718,1.0,0.6677125757504591,0.8717132057741027,0.9878977888426487,0.1313196715752428,instance,complexity_kDN_top20
0,0.2527027027027027,0.0,0.25619834710743805,0.7647058823529411,0.4710127974007575,0.0,0.3450502515258844,0.9949958298582152,1.0,0.6777472217973445,0.8869197456631179,0.991280996457595,-0.1392416434355547,instance,complexity_kDN_top20
0,0.6271929824561404,0.6,0.1123595505617978,0.4117647058823529,0.3020736189054023,0.0,0.4898810003101224,0.9983319432860718,1.0,0.6684329005615426,0.844854148496279,0.9899810405009525,0.06974177863614657,instance,complexity_kDN_top20
0,0.5837606837606837,1.0,0.05128205128205132,0.5882352941176471,0.3989445864320883,0.75,0.5632773095641586,1.0,1.0,0.671162139639156,0.9014692461235059,0.9739712448974136,0.2646375747678189,instance,complexity_kDN_top20
0,0.0,0.8,0.03240740740740744,0.4117647058823529,0.21263119753159376,1.0,0.5203058355117687,1.0,1.0,0.6749446220954285,0.806356682822153,0.9967691839666682,-0.4114655335346084,instance,complexity_kDN_top20
0,0.009433962264150941,0.6,0.09999999999999998,0.6470588235294118,0.20866475860573075,0.3333333333333333,0.4774613907847083,0.9983319432860718,1.0,0.6718600780190015,0.8555067185875449,0.9860309069722666,0.4813492261955996,instance,complexity_kDN_top20
0,0.07631578947368423,0.0,0.03240740740740744,0.4117647058823529,0.20304848360409594,0.0,0.4390987946949001,0.9783152627189324,1.0,0.6704377495319139,0.8530058139355722,0.9941118453781401,0.823383357225778,instance,complexity_kDN_top20
0,0.0,0.0,0.03240740740740744,0.4117647058823529,0.20312896745880066,0.0,0.4098518950650283,0.9549624687239366,1.0,0.6702733104486787,0.8290405720727628,0.9929084683398791,0.6643882560348701,instance,complexity_kDN_top20
0,0.5897727272727272,0.4,0.9075144508670521,0.8235294117647058,0.8126043831714262,0.0,0.4581878553909857,0.9983319432860718,1.0,0.670278483009544,0.9176983042992248,0.9968779464869313,-0.39746777751166074,instance,complexity_kDN_top20
0,0.009433962264150941,0.0,0.03240740740740744,0.4117647058823529,0.20304814501101226,0.0,0.3930137822488654,0.9599666388657214,0.95,0.6120827773523408,0.8386486286521881,0.9690947144369696,0.7091499729469969,instance,complexity_kDN_top20
0,0.536036036036036,1.0,0.25619834710743805,0.7647058823529411,0.2313212758167208,1.0,0.5866421325923201,1.0,1.0,0.6713420190447529,0.8843819265544143,0.9968894488128193,0.49499271026173897,instance,complexity_kDN_top20
0,0.5837606837606837,0.4,0.4347826086956522,0.8235294117647058,0.7797644384652911,0.0,0.46833163772363984,0.9974979149291076,1.0,0.6721525023639942,0.8874672777986973,0.9970381609560046,-0.04183144130992801,instance,complexity_kDN_top20
0,0.0,0.2,0.14814814814814814,0.5882352941176471,0.20379973329233236,0.0,0.46446125371754154,0.9966638865721434,1.0,0.6687485879142674,0.8618215563990755,0.9978550946698065,0.5274023078790306,instance,complexity_kDN_top20
0,0.22413793103448276,0.4,0.05128205128205132,0.5882352941176471,0.6388177572261321,0.0,0.43415039873843775,0.9974979149291076,1.0,0.6716217918958854,0.8956676111846946,0.9963132424914927,-0.3054223046797169,instance,complexity_kDN_top20
0,0.01388888888888884,0.0,0.1123595505617978,0.5294117647058824,0.47835320686875515,0.0,0.46765401319887057,0.994161801501251,1.0,0.6693747132957985,0.8449423582943559,0.94593291658387,0.4361783373315012,instance,complexity_kDN_top20
0,0.3635912698412699,0.4,0.9358974358974359,0.6470588235294118,0.7977604109883676,0.5,0.5144023410871192,1.0,1.0,0.6713274833951386,0.877665194444942,0.9839176647140927,-0.45420822617957324,instance,complexity_kDN_top20
0,0.11224489795918369,0.2,0.1123595505617978,0.5294117647058824,0.20630658322680973,0.0,0.4398561540588726,0.9983319432860718,1.0,0.6724223963899829,0.8539505940244261,0.9928066586185219,0.5216571821217301,instance,complexity_kDN_top20
0,0.0,0.0,0.03240740740740744,0.4117647058823529,0.20306197461479225,0.0,0.3222867417877453,0.9532944120100083,0.95,0.6479540822467724,0.8161271310041223,0.994899776627363,1.1204351406826243,instance,complexity_kDN_top20
0,0.1394736842105263,0.2,0.03240740740740744,0.4117647058823529,0.855182996170881,0.0,0.48405674718033453,0.9974979149291076,1.0,0.6797622454533675,0.8748658782518784,0.9964131586210289,-0.08925568856473896,instance,complexity_kDN_top20
0,0.0,0.2,0.03240740740740744,0.4117647058823529,0.20304813038499125,1.0,0.5006057494937551,1.0,0.95,0.6486298172201247,0.8265342632607776,0.9998253580337374,0.7464709505741213,instance,complexity_kDN_top20
0,0.20270270270270263,0.2,0.05128205128205132,0.7058823529411765,0.2364093339133183,0.0,0.42755277039953976,0.9974979149291076,1.0,0.6728203612789547,0.8501989935748101,0.9749967739895431,0.3029460812489249,instance,complexity_kDN_top20
0,0.21511627906976738,0.6,0.09999999999999998,0.6470588235294118,0.24659806985827437,0.0,0.4981073546827941,0.9991659716430359,1.0,0.6709307690435757,0.8758352030224386,0.9988681343754265,0.24146790491105824,instance,complexity_kDN_top20
0,0.5865384615384616,0.4,0.7241379310344828,0.5294117647058824,0.23572591782579078,1.0,0.5145850654650554,1.0,1.0,0.6735982902212415,0.8548672543615403,0.995789207250911,0.18463706807898297,instance,complexity_kDN_top20
0,0.22413793103448276,0.6,0.6666666666666667,0.6470588235294118,0.319854887962381,0.4,0.5488876864299015,1.0,1.0,0.6707355475892297,0.8843049883409831,0.9887997139943043,0.06163501439234277,instance,complexity_kDN_top20
0,0.5115440115440115,0.4,0.14814814814814814,0.5882352941176471,0.8454827685948103,0.3333333333333333,0.502087197964102,1.0,1.0,0.6711151542461987,0.8882541549967838,0.9993169229945774,-0.2593331152589921,instance,complexity_kDN_top20
0,0.026315789473684292,0.0,0.5555555555555556,0.5294117647058824,0.20304813033224056,0.0,0.41499962718939754,0.9908256880733946,1.0,0.6693091643288205,0.851495103493788,0.9924114343691179,1.0111930175747965,instance,complexity_kDN_top20
0,0.009433962264150941,0.2,0.12121212121212122,0.35294117647058826,0.20305152714299352,0.0,0.47279942858106405,0.9983319432860718,0.95,0.6034121317074975,0.8425277843911578,0.9890982530919612,0.09955748935292302,instance,complexity_kDN_top20
0,0.0,0.0,0.25619834710743805,0.7647058823529411,0.20306311970999585,0.0,0.3923613208453969,0.9849874895746455,1.0,0.6675187163362845,0.8301841500535634,0.9992502145532627,0.7434486083310141,instance,complexity_kDN_top20
0,0.16249999999999998,0.2,0.1123595505617978,0.5882352941176471,0.20390135913717444,1.0,0.5001797467270768,1.0,1.0,0.6706393389816742,0.8549681592636826,0.9667583683532983,0.5016820017218828,instance,complexity_kDN_top20
0,0.009433962264150941,0.0,0.03240740740740744,0.47058823529411764,0.22016582667617052,0.0,0.4418369752034472,0.9883236030025021,1.0,0.676865682271336,0.8722063321803908,0.9956480852024312,0.10710146678500226,instance,complexity_kDN_top20
0,0.5198412698412699,0.6,0.975,0.5294117647058824,0.21576372573997848,1.0,0.5485910568464363,1.0,1.0,0.6709548961847509,0.8893615417839993,0.9940191513377112,-0.012285877214289883,instance,complexity_kDN_top20
0,0.5837912087912088,0.4,0.05128205128205132,0.5882352941176471,0.33756108632471626,0.0,0.4033142252375651,0.9991659716430359,1.0,0.6691476325857626,0.8773536955542294,0.9983001904820649,0.09128568785690114,instance,complexity_kDN_top20
0,0.5480769230769231,0.2,0.2777777777777778,0.7058823529411765,0.4776947774298511,0.16666666666666666,0.4887099450115686,0.9983319432860718,1.0,0.6763134575118668,0.9020451872006785,0.9982327902749625,0.23247069879003826,instance,complexity_kDN_top20
0,0.5365448504983389,0.6,0.765625,0.5882352941176471,0.28962772739977893,1.0,0.511302426464004,1.0,1.0,0.6726592252370523,0.8684753174907028,0.9984157787754095,-0.31427938482428086,instance,complexity_kDN_top20
0,0.026315789473684292,0.0,0.25619834710743805,0.8823529411764706,0.2054206758205691,0.0,0.3656973513205838,0.9799833194328608,1.0,0.6689290569262415,0.8483948146150336,0.9923646266577351,0.7404183050226746,instance,complexity_kDN_top20
0,0.16249999999999998,0.2,0.6666666666666667,0.29411764705882354,0.2388232110128043,0.0,0.48508318276411866,0.9991659716430359,0.95,0.6666666666666666,0.7904794381464744,0.9458958656481481,-0.23207764791229948,instance,complexity_kDN_top20
0,0.0,0.0,0.15217391304347827,0.6470588235294118,0.20451292421279615,0.0,0.3385956764784208,0.9741451209341118,1.0,0.6736640410358751,0.8407935979537688,0.998579542965608,-0.03142550968730774,instance,complexity_kDN_top20
0,0.026315789473684292,0.0,0.03240740740740744,0.4117647058823529,0.20937954938578984,0.0,0.3668052160742039,0.9791492910758965,1.0,0.6699118458776196,0.8801699356860725,0.9931969786321857,0.577582769040152,instance,complexity_kDN_top20
0,0.5,0.6,0.25619834710743805,0.7647058823529411,0.3211840740618359,0.0,0.47546061257394867,0.9991659716430359,1.0,0.6684620691595287,0.8605862045172881,0.9629883359360343,0.1218962998934245,instance,complexity_kDN_top20
0,0.01388888888888884,0.4,0.0,0.29411764705882354,0.20937589212197028,0.0,0.460531796241208,0.9991659716430359,0.9,0.6627708623472964,0.8127607578046823,0.9433036467346941,0.06998961455073166,instance,complexity_kDN_top20
0,0.02777777777777779,0.0,0.2777777777777778,0.7058823529411765,0.20304813033224056,0.0,0.3690768284032976,0.987489574645538,0.9,0.357475985408027,0.8248917244844203,0.9965965989257117,2.0470736184407237,instance,complexity_kDN_top20
0,0.11388888888888893,0.2,0.1123595505617978,0.4117647058823529,0.20862883230278106,0.0,0.4303282148634564,0.9974979149291076,1.0,0.6674868404467807,0.8471389136316827,0.9840321308644864,0.23884707005395645,instance,complexity_kDN_top20
0,0.37310606060606055,0.4,0.7796610169491526,0.7058823529411765,0.3631750750363092,1.0,0.502025835464013,1.0,1.0,0.6697268784509577,0.8628247031582272,0.9883597586493408,0.3739124114488113,instance,complexity_kDN_top20
0,0.026315789473684292,0.0,0.03703703703703709,0.6470588235294118,0.339535031143977,0.0,0.439652361163984,0.9916597164303587,1.0,0.6707092483452586,0.8813393346118001,0.9956232062939988,0.48362780912663667,instance,complexity_kDN_top20
0,0.06944444444444442,0.2,0.6666666666666667,0.7647058823529411,0.5496212060159029,0.2,0.5414701622120992,1.0,1.0,0.6716122262273428,0.8982870610007815,0.9953293714206355,-0.019291017008375395,instance,complexity_kDN_top20
0,0.2875,0.2,0.12121212121212122,0.35294117647058826,0.20567365870655407,0.0,0.3738074551364008,0.9966638865721434,1.0,0.6702076028292452,0.8435144617092678,0.9825759432833521,0.19154811114589002,instance,complexity_kDN_top20
0,0.11524822695035453,0.0,0.03703703703703709,0.6470588235294118,0.2215278457324784,0.0,0.45052813629201593,0.9899916597164303,1.0,0.66846553672257,0.8606536871592476,0.9981490270409277,0.6059555281081292,instance,complexity_kDN_top20
0,0.0,0.0,0.1123595505617978,0.4117647058823529,0.21245665422964605,0.0,0.36961428053209067,0.9749791492910759,1.0,0.6689494709725142,0.8553288262719114,0.9895262538122096,0.7400451993211373,instance,complexity_kDN_top20
0,0.6884615384615385,0.6,0.8877551020408163,0.7647058823529411,0.7047808910753068,0.0,0.4932636743954134,0.9983319432860718,1.0,0.6702466777745654,0.893586045781281,0.9969110115163328,-0.4194491392394978,instance,complexity_kDN_top20
0,0.023809523809523836,0.0,0.05128205128205132,0.5882352941176471,0.6410349312685825,0.0,0.43698373980132565,0.9841534612176814,1.0,0.668361181443588,0.8662419360070555,0.9820590315195288,-0.22864882652572666,instance,complexity_kDN_top20
0,0.026315789473684292,0.0,0.03240740740740744,0.4117647058823529,0.20320354837781684,0.0,0.4524362447921261,0.9908256880733946,1.0,0.6734032220658335,0.8301526659175058,0.9792319063631346,0.7425531676206376,instance,complexity_kDN_top20
0,0.11224489795918369,0.2,0.4347826086956522,0.6470588235294118,0.2233568534110389,0.0,0.47123533126443307,0.9966638865721434,1.0,0.6718396576495105,0.8545786864373712,0.9832034942259058,0.03741214673401081,instance,complexity_kDN_top20
0,0.2527027027027027,0.4,0.9358974358974359,0.6470588235294118,0.8581610381914293,0.0,0.4887532863230726,0.9991659716430359,1.0,0.6721133896628054,0.8613954801855608,0.994415214739284,-0.8458628691289757,instance,complexity_kDN_top20
0,0.7833723653395784,1.0,0.9075144508670521,0.8235294117647058,0.8790387382812326,1.0,0.519416519549905,1.0,1.0,0.6756565474558921,0.8944153297564039,0.9934110590186778,-0.45775277035022455,instance,complexity_kDN_top20
0,0.7345938375350141,0.6,0.765625,0.5882352941176471,0.5402326597013557,0.6666666666666666,0.46099605834773116,0.9983319432860718,1.0,0.6765172187524424,0.8884894640661513,0.99655551111796,-0.045187800700502156,instance,complexity_kDN_top20
0,0.01388888888888884,0.2,0.1123595505617978,0.5294117647058824,0.35260442778688994,0.0,0.4811118123198632,0.9991659716430359,1.0,0.6699069770511049,0.8481414872512735,0.9683012850395667,0.16531328739473203,instance,complexity_kDN_top20
0,0.11224489795918369,0.2,0.1123595505617978,0.4117647058823529,0.2080531755050607,0.0,0.4444217851943608,0.9983319432860718,1.0,0.6714709139969274,0.8464431032303364,0.9918867895097623,0.25531301632964565,instance,complexity_kDN_top20
0,0.5490384615384616,0.6,0.2195121951219512,0.5882352941176471,0.5053081022230362,0.0,0.48467533462465484,0.9991659716430359,1.0,0.6719209642890769,0.8682311291949985,0.997388318498001,-0.2833614139771747,instance,complexity_kDN_top20
0,0.22413793103448276,0.4,0.05128205128205132,0.5882352941176471,0.3985161060420608,0.5,0.5161028170532853,1.0,1.0,0.6705661401627221,0.8859964512432013,0.9968615778915865,-0.3431601382166255,instance,complexity_kDN_top20
0,0.0,0.0,0.03240740740740744,0.29411764705882354,0.20313733758611363,0.0,0.47449772097739695,0.9958298582151793,0.95,0.6496064076654161,0.7832978325264571,0.939653036028408,0.8548942256487069,instance,complexity_kDN_top20
0,0.11224489795918369,0.0,0.1123595505617978,0.5294117647058824,0.21196845289603206,0.0,0.4279146635401586,0.9958298582151793,1.0,0.6706294491378504,0.8764444543935774,0.9903061844840166,0.3663475759896717,instance,complexity_kDN_top20
0,0.03947368421052633,0.0,0.25619834710743805,0.6470588235294118,0.40472283226032624,0.0,0.45292709987990165,0.9958298582151793,1.0,0.6722152841163085,0.8631196290728219,0.9737590803662314,0.30271477562537824,instance,complexity_kDN_top20
0,0.4605263157894737,0.6,0.4347826086956522,0.8235294117647058,0.4556792153790666,0.0,0.49886796299995584,0.9991659716430359,1.0,0.670801247763558,0.8575270486539294,0.9727745121643874,0.02622608446248329,instance,complexity_kDN_top20
0,0.5029239766081871,0.6,0.12121212121212122,0.35294117647058826,0.602492563447068,0.0,0.4947883590830462,0.9991659716430359,1.0,0.6797714606986465,0.8528687613704928,0.9976930308207241,-0.33326413974009517,instance,complexity_kDN_top20
0,0.7183441558441559,0.6,0.9358974358974359,0.7647058823529411,0.8411332536693216,1.0,0.5185465177536082,1.0,1.0,0.6721863672228031,0.9088951787996068,0.9927426784365508,0.027324921757832594,instance,complexity_kDN_top20
0,0.01388888888888884,0.0,0.1123595505617978,0.5294117647058824,0.20469218287856966,0.0,0.42673941701262985,0.994161801501251,0.9,0.6403599744903132,0.8110824617958166,0.9435334980176712,0.5346643210217904,instance,complexity_kDN_top20
0,0.41511627906976745,0.6,0.25619834710743805,0.6470588235294118,0.21936962837621726,1.0,0.5200723074157787,1.0,1.0,0.6698145195081274,0.8314960764642574,0.9970760038983709,0.08283605821622894,instance,complexity_kDN_top20
0,0.026315789473684292,0.0,0.1123595505617978,0.5294117647058824,0.20305174419319139,0.0,0.3418399969972785,0.9699749791492911,0.95,0.6345846068750122,0.8330585405143891,0.97479933515824,0.6834239413897277,instance,complexity_kDN_top20
0,0.0,0.0,0.1123595505617978,0.4117647058823529,0.271092957132253,0.3333333333333333,0.4352279772941997,0.9958298582151793,1.0,0.6694310013844664,0.8779442903201684,0.9846126726605458,0.25663903848093683,instance,complexity_kDN_top20
0,0.0,0.0,0.1123595505617978,0.4117647058823529,0.20305084035273768,0.0,0.3764073679199026,0.9216013344453712,0.95,0.652003420759406,0.8334683651121247,0.9693563223508751,0.9406110554455511,instance,complexity_kDN_top20
0,0.7345938375350141,0.8,0.9465408805031447,0.8235294117647058,0.8655889302225135,1.0,0.5107804099220563,1.0,1.0,0.6809179564759322,0.884149521742079,0.9879706367761931,-0.35286901934926207,instance,complexity_kDN_top20
0,0.023809523809523836,0.2,0.03240740740740744,0.4117647058823529,0.20886326424159873,0.0,0.4586774713042946,0.9966638865721434,1.0,0.6782466039408168,0.8453914660744841,0.9891284959049483,0.13137446897455837,instance,complexity_kDN_top20
0,0.03191489361702127,0.0,0.3571428571428571,0.5882352941176471,0.20344361419444046,0.0,0.4676642082756778,0.9958298582151793,1.0,0.6715007184660495,0.866582426628432,0.982139802415584,0.01380658477375847,instance,complexity_kDN_top20
0,0.17352941176470593,0.2,0.15217391304347827,0.6470588235294118,0.23434653488090829,0.0,0.4776011841000245,0.9983319432860718,1.0,0.6688908437473404,0.8852135067656229,0.9937632279172356,0.025378398075719354,instance,complexity_kDN_top20
0,0.03947368421052633,0.0,0.03240740740740744,0.4117647058823529,0.2033864869892864,0.0,0.44242002835883976,0.9891576313594662,0.9,0.6283985619112371,0.862116573757102,0.9987097303306807,0.6565099740592769,instance,complexity_kDN_top20
0,0.0,0.0,0.03240740740740744,0.47058823529411764,0.2378543649260551,0.0,0.4264036409616019,0.9949958298582152,1.0,0.6726101714533329,0.8478835517494291,0.9975092974855367,-0.012218139750765697,instance,complexity_kDN_top20
0,0.6884615384615385,0.8,0.25619834710743805,0.7058823529411765,0.8735044622077546,1.0,0.5123716874398635,1.0,1.0,0.6705285016578663,0.8737501288440865,0.9921606978913026,-0.15625015901094008,instance,complexity_kDN_top20
0,0.5480769230769231,0.6,0.08247422680412375,0.5882352941176471,0.5985936953781339,1.0,0.5243817246872601,1.0,1.0,0.6719097174623844,0.918712875513792,0.9995038515102347,0.07929078705571592,instance,complexity_kDN_top20
0,0.44887955182072836,0.2,0.08247422680412375,0.47058823529411764,0.23656689000872466,0.0,0.4821850906438787,0.9983319432860718,1.0,0.6708469583186238,0.869362891614261,0.989816546060041,0.6127408248809428,instance,complexity_kDN_top20
0,0.13602941176470584,0.2,0.05128205128205132,0.5882352941176471,0.33114669219045945,0.0,0.47981852876070996,0.9966638865721434,1.0,0.6704824894870386,0.8694357407572708,0.9718658293890727,0.06133062435878016,instance,complexity_kDN_top20
0,0.3695054945054945,0.0,0.08247422680412375,0.47058823529411764,0.3028243417913591,0.0,0.34975621558923875,0.9949958298582152,1.0,0.6704599901089573,0.8834255617269722,0.9923752301457924,0.06404510425901723,instance,complexity_kDN_top20
0,0.0,0.0,0.40625,0.4117647058823529,0.2056018666108791,0.0,0.4332962173049897,0.9891576313594662,0.95,0.6666666666666666,0.8390168391018038,0.998423893632885,0.3949946739322482,instance,complexity_kDN_top20
0,0.7774509803921569,0.8,0.3939393939393939,0.7058823529411765,0.4590503246052592,0.0,0.49570280502196196,0.9991659716430359,1.0,0.6770369185964885,0.8532567419385882,0.9979261195281703,0.10647068378284465,instance,complexity_kDN_top20
0,0.06498951781970652,0.0,0.03240740740740744,0.4117647058823529,0.22732586434932245,0.0,0.4138544075985088,0.994161801501251,1.0,0.6742986824324088,0.8580537986150667,0.9781917579152832,-0.004763063829278786,instance,complexity_kDN_top20
0,0.22413793103448276,0.2,0.03240740740740744,0.4117647058823529,0.615733221217445,0.0,0.4929186750904049,0.9991659716430359,1.0,0.6710426711148325,0.8817228845224795,0.9918099286098557,0.22222761152934026,instance,complexity_kDN_top20
0,0.286036036036036,0.4,0.25619834710743805,0.7647058823529411,0.2956861962672769,0.3333333333333333,0.4259007823601254,0.9991659716430359,1.0,0.673017255676745,0.8666181192821423,0.9684852656852935,0.2824321852299913,instance,complexity_kDN_top20
0,0.5151162790697674,0.8,0.1333333333333333,0.5882352941176471,0.6370198685464182,0.5,0.513182187177895,1.0,1.0,0.671928914812355,0.8839177566120776,0.9918847835654001,-0.35431104930857393,instance,complexity_kDN_top20
0,0.16249999999999998,0.2,0.1123595505617978,0.5294117647058824,0.20487840947276492,0.0,0.45653285306453395,0.9983319432860718,1.0,0.6693570438033458,0.8482198830071364,0.9881319672197578,0.43527844415994277,instance,complexity_kDN_top20
0,0.03947368421052633,0.0,0.03240740740740744,0.4117647058823529,0.2118278640246286,0.0,0.41698695070419134,0.9858215179316097,1.0,0.6709841836845263,0.8763058488060587,0.9799890650238541,0.4152281561738742,instance,complexity_kDN_top20
0,0.4769230769230769,0.2,0.03240740740740744,0.4117647058823529,0.20549201652607657,0.5,0.46514352788544,0.9974979149291076,1.0,0.6675326373655331,0.8644896061659895,0.9971716884643135,0.7235600123628227,instance,complexity_kDN_top20
0,0.0,0.4,0.765625,0.5882352941176471,0.22983933000245482,0.5,0.4888322904216148,0.9991659716430359,0.95,0.6450801377034507,0.8727715243605662,0.9885894594320339,0.015730304544230703,instance,complexity_kDN_top20
0,0.07352941176470584,0.0,0.03703703703703709,0.6470588235294118,0.22470537826329084,0.0,0.442912512805817,0.987489574645538,1.0,0.6678947984803272,0.8336656736326468,0.9599993319252139,0.3824012929426821,instance,complexity_kDN_top20
0,0.2897727272727273,0.0,0.05128205128205132,0.5882352941176471,0.8105804963255858,0.0,0.40800660422804724,0.9924937447873228,1.0,0.669845301923081,0.8495277518626858,0.9877493880664515,0.31360890603140695,instance,complexity_kDN_top20
0,0.13602941176470584,0.2,0.05128205128205132,0.5882352941176471,0.5524839720086765,0.2,0.45882661690181004,0.9991659716430359,1.0,0.6690387128503869,0.8920637047318858,0.9857605827985364,0.021728320523029844,instance,complexity_kDN_top20
0,0.7324159021406728,0.6,0.08247422680412375,0.5882352941176471,0.8020501085198561,0.5,0.5546488718688628,1.0,1.0,0.6780075079235742,0.862565654056724,0.9881568912701065,0.1716679354186947,instance,complexity_kDN_top20
0,0.09774436090225569,0.0,0.1123595505617978,0.4117647058823529,0.20310588829391235,0.0,0.42618006646202544,0.9924937447873228,1.0,0.6690427854550313,0.8535314094782598,0.9859384052876868,0.46020838036062306,instance,complexity_kDN_top20
0,0.009433962264150941,0.2,0.33333333333333337,0.4117647058823529,0.20304813033224056,0.0,0.4674693501726247,0.9974979149291076,1.0,0.674480661044032,0.8326198666658803,0.9878595177892721,0.4653923366893472,instance,complexity_kDN_top20
0,0.3990825688073394,0.8,0.08247422680412375,0.47058823529411764,0.8511226168923658,0.5,0.5081213061384399,1.0,1.0,0.6715544917100188,0.8996084435451583,0.9944671589000723,0.028896445948248674,instance,complexity_kDN_top20
0,0.0,0.0,0.03240740740740744,0.4117647058823529,0.20318765338330164,0.0,0.3658544265279534,0.9733110925771477,1.0,0.6682177118986291,0.8350508134233403,0.9979086152677124,0.792825691827433,instance,complexity_kDN_top20
0,0.08191489361702131,0.0,0.15217391304347827,0.6470588235294118,0.2030481337665755,0.0,0.4487539129689696,0.994161801501251,1.0,0.6700743244938525,0.8963332968194997,0.9987186978122488,0.11126606236223674,instance,complexity_kDN_top20
0,0.0,0.0,0.03240740740740744,0.4117647058823529,0.20304846367967383,0.0,0.3500120865185822,0.914095079232694,1.0,0.669613692478715,0.8211411402853303,0.991989756398248,0.9813598935444786,instance,complexity_kDN_top20
0,0.31511627906976747,0.4,0.3939393939393939,0.7058823529411765,0.6250360399822151,0.6666666666666666,0.46624889915524603,0.9983319432860718,1.0,0.6747772842529045,0.8801674490374787,0.9952978291630729,-0.20322925340174908,instance,complexity_kDN_top20
0,0.023809523809523836,0.6,0.03240740740740744,0.4117647058823529,0.22982621885843424,0.0,0.4828112172845991,0.9983319432860718,1.0,0.6742892026773047,0.8253703722070445,0.9897174216924479,0.5280731853713014,instance,complexity_kDN_top20
0,0.009433962264150941,0.4,0.09999999999999998,0.6470588235294118,0.2030507924097108,0.0,0.45132950298405417,0.9974979149291076,0.95,0.6594466463810722,0.8527350296441163,0.9861697662085093,0.08100411065234867,instance,complexity_kDN_top20
0,0.2897727272727273,0.2,0.2195121951219512,0.5882352941176471,0.7850629333987759,0.0,0.4405522735651769,0.9974979149291076,1.0,0.6689300322147403,0.8829412108334791,0.9910138444344857,-0.2613565595040384,instance,complexity_kDN_top20
0,0.5837912087912088,0.6,0.8877551020408163,0.7058823529411765,0.47324915217209007,0.2857142857142857,0.4816872482056882,0.9991659716430359,1.0,0.6698750399361207,0.8917525353572577,0.9806067487243321,0.112946197051457,instance,complexity_kDN_top20
0,0.47413793103448276,0.0,0.05128205128205132,0.5882352941176471,0.41040678764148186,0.0,0.42737027789685755,0.9858215179316097,1.0,0.6716419829370825,0.8433808292844744,0.998190248730356,-0.0793523175562641,instance,complexity_kDN_top20
0,0.4198412698412699,0.2,0.03703703703703709,0.6470588235294118,0.20305561942733957,0.0,0.4600427948962523,0.9974979149291076,1.0,0.6706761709562842,0.8836987968083498,0.9952174417289387,0.4469605761808315,instance,complexity_kDN_top20
0,0.0,0.0,0.25619834710743805,0.7647058823529411,0.2035246032862636,0.0,0.4487446622641631,0.9924937447873228,1.0,0.6682498237501566,0.8382148519936485,0.9999502827595752,0.2940192857506719,instance,complexity_kDN_top20
0,0.0,0.0,0.03240740740740744,0.4117647058823529,0.2038004893743623,0.0,0.4256985566355853,0.9783152627189324,0.95,0.6364140490046758,0.8484141101412759,0.9959908429491824,0.5601886121288767,instance,complexity_kDN_top20
0,0.0,0.0,0.1123595505617978,0.5294117647058824,0.20305552561182222,0.0,0.39696086086204097,0.987489574645538,0.9,0.6210613528582185,0.8231233991028784,0.9952960041873571,0.4475981187244426,instance,complexity_kDN_top20
0,0.33333333333333337,0.6,0.765625,0.6470588235294118,0.6218072574684729,0.5,0.4862136399405559,0.9991659716430359,1.0,0.6751600996725975,0.8944968300591375,0.9975338177101314,-0.37516959033382247,instance,complexity_kDN_top20
0,0.0,0.0,0.03240740740740744,0.4117647058823529,0.2031740704041708,0.0,0.41200022731151376,0.9683069224353628,1.0,0.6709963753258178,0.8449444858544052,0.9838580126140267,0.7215311898650096,instance,complexity_kDN_top20
0,0.03947368421052633,0.2,0.03240740740740744,0.4117647058823529,0.20422234662891642,0.0,0.4929808495151403,0.9991659716430359,0.95,0.6574727719373563,0.8506135239887943,0.9812379421512233,0.43105255739530013,instance,complexity_kDN_top20
0,0.6480769230769231,0.6,0.6615384615384615,0.7647058823529411,0.42013767596297136,0.5714285714285714,0.5079527991946293,1.0,1.0,0.6714971803997294,0.9052921995375594,0.9906189171911864,-0.11715111910525072,instance,complexity_kDN_top20
0,0.4782608695652174,1.0,0.2195121951219512,0.5882352941176471,0.8841631302037907,1.0,0.5495344866083147,1.0,1.0,0.6804300781101252,0.8155858777966868,0.9435718477514782,-0.2985320771363373,instance,complexity_kDN_top20
0,0.11224489795918369,0.2,0.1123595505617978,0.5294117647058824,0.21362009584957725,0.0,0.4490658127970151,0.9966638865721434,1.0,0.6718751282865706,0.8753635481904418,0.995168721055067,0.4751394089024815,instance,complexity_kDN_top20
0,0.06944444444444442,0.4,0.6615384615384615,0.8235294117647058,0.5279598123422441,0.0,0.48153898350837654,0.9974979149291076,1.0,0.6713207395787673,0.9043169968951135,0.9978805751587713,0.11071367852808406,instance,complexity_kDN_top20
0,0.28409090909090906,0.6,0.33333333333333337,0.4117647058823529,0.5837905264509491,0.0,0.4935030209163008,0.9991659716430359,1.0,0.6720913067850174,0.8513432283446905,0.9923044053035294,0.12163718499873571,instance,complexity_kDN_top20
0,0.21511627906976738,0.0,0.03240740740740744,0.4117647058823529,0.2165671041725749,0.0,0.4246642200577011,0.9958298582151793,1.0,0.6736334172068802,0.8815279831932358,0.9899924086652304,0.4784357021016056,instance,complexity_kDN_top20
0,0.8157492354740061,0.6,0.9465408805031447,0.5882352941176471,0.8405407605971494,1.0,0.5255381052289905,1.0,1.0,0.6747319524614459,0.8767304438434211,0.9927069515980254,-0.4997913952941342,instance,complexity_kDN_top20
0,0.0,0.2,0.03703703703703709,0.6470588235294118,0.20507388379552155,0.0,0.4856611637307634,0.9983319432860718,1.0,0.6712959040247761,0.8645205235016753,0.9941568851168353,0.5765559743902481,instance,complexity_kDN_top20
0,0.6271929824561404,0.4,0.40625,0.35294117647058826,0.27233271482102006,1.0,0.5544072244795668,1.0,1.0,0.6688358583921654,0.8439439146386458,0.9740895534738198,0.12807497618479813,instance,complexity_kDN_top20
0,0.24583333333333335,0.4,0.1123595505617978,0.5294117647058824,0.20950299606611156,0.0,0.38271867985915775,0.9983319432860718,1.0,0.6710164314181699,0.8453433180582767,0.9919037339601526,0.17489919395768094,instance,complexity_kDN_top20
0,0.20270270270270263,0.0,0.7241379310344828,0.5294117647058824,0.7404632307978641,0.2,0.4730459885635633,0.994161801501251,1.0,0.6706090225079367,0.8809784868910905,0.9808677425008856,0.06962894310460584,instance,complexity_kDN_top20
0,0.11224489795918369,0.2,0.1123595505617978,0.5294117647058824,0.22285404657686325,0.0,0.42781071074189203,0.9974979149291076,1.0,0.6704718127360609,0.8671697072080379,0.9899525147530616,0.31556834884052576,instance,complexity_kDN_top20
0,0.11224489795918369,0.4,0.9465408805031447,0.5882352941176471,0.7510701846215557,0.0,0.4986305028495154,0.9991659716430359,0.95,0.6369294948148253,0.868357284749119,0.9960503948409288,-0.753236464325723,instance,complexity_kDN_top20
0,0.0,0.0,0.33333333333333337,0.4117647058823529,0.20307953151864827,0.0,0.46498457621254985,0.9891576313594662,0.9,0.5737941037534986,0.7992911712511117,0.9351997708538601,0.6219074674091629,instance,complexity_kDN_top20
0,0.08191489361702131,0.2,0.03240740740740744,0.4117647058823529,0.2138844796403036,0.0,0.445850115265256,0.9966638865721434,1.0,0.6716623557191979,0.8695869730151257,0.9982711615784279,0.48503890031414715,instance,complexity_kDN_top20
0,0.6920821114369502,0.0,0.08247422680412375,0.47058823529411764,0.833823826329183,0.0,0.43823772097041735,0.9949958298582152,1.0,0.6731841256093125,0.8586207617608762,0.9924966750762659,-0.45458078155856285,instance,complexity_kDN_top20
0,0.6552287581699346,0.2,0.9333333333333333,0.29411764705882354,0.7092414940738111,0.0,0.48542457078720413,0.9983319432860718,1.0,0.6785569629755709,0.8508092627863016,0.9894307791942918,0.11858345672992729,instance,complexity_kDN_top20
0,0.7387295081967213,0.8,0.9358974358974359,0.7647058823529411,0.8211737133905949,1.0,0.5733102089823086,1.0,1.0,0.6730583385838099,0.8869062389043559,0.9911344047229157,-0.37343158739759075,instance,complexity_kDN_top20
0,0.0,0.0,0.03240740740740744,0.4117647058823529,0.37664432871658426,0.0,0.3148866502881734,0.994161801501251,1.0,0.6808975678956506,0.868973908632675,0.9939157032483736,0.28543393500688047,instance,complexity_kDN_top20
0,0.026315789473684292,0.0,0.1123595505617978,0.5294117647058824,0.20366719109831533,0.0,0.4489345383856851,0.9949958298582152,1.0,0.6728739584303891,0.8580817959901095,0.998243079098226,0.3604124637126361,instance,complexity_kDN_top20
0,0.5365448504983389,0.8,0.09999999999999998,0.6470588235294118,0.2612118346245921,0.6666666666666666,0.5131697181373883,1.0,1.0,0.6707943143161245,0.8850481609264405,0.9919206006762433,0.2864856907403238,instance,complexity_kDN_top20
0,0.4920634920634921,0.0,0.15217391304347827,0.6470588235294118,0.3900949383358886,0.0,0.4632419727796495,0.9958298582151793,1.0,0.6696845160273603,0.886611911229777,0.9889785853550684,-0.118384986336454,instance,complexity_kDN_top20
0,0.0,0.0,0.1123595505617978,0.4117647058823529,0.203061623215417,0.0,0.38515765676077474,0.9783152627189324,1.0,0.6770450396571027,0.8178572742289354,0.9901851893599564,0.029548111616838908,instance,complexity_kDN_top20
0,0.026315789473684292,0.0,0.14814814814814814,0.5882352941176471,0.21485176131901002,0.0,0.4447801242854291,0.987489574645538,1.0,0.6681417848074078,0.8187569695332387,0.9810608632501444,0.33605332625756723,instance,complexity_kDN_top20
0,0.0,0.0,0.1123595505617978,0.4117647058823529,0.20304813033607189,0.0,0.36589795409482617,0.9666388657214345,1.0,0.6706087848109442,0.8546872710299246,0.9994663117085613,0.4493882189946377,instance,complexity_kDN_top20
0,0.009433962264150941,0.2,0.03240740740740744,0.4117647058823529,0.20304813033231212,0.0,0.4381516043104047,0.9983319432860718,1.0,0.6713959730988295,0.8662356769032351,0.9844031640021903,0.45413194717923083,instance,complexity_kDN_top20
0,0.31511627906976747,0.4,0.03240740740740744,0.4117647058823529,0.3400799499963957,0.5,0.5069844696297281,1.0,1.0,0.6751708260120047,0.8765510558978258,0.99170298104867,-0.11347190929394833,instance,complexity_kDN_top20
0,0.4840909090909091,0.6,0.9358974358974359,0.7647058823529411,0.8504092376176582,0.0,0.49727437402181174,0.9983319432860718,1.0,0.671524554668826,0.8850323851609883,0.9997521958583732,-0.3056011757888723,instance,complexity_kDN_top20
0,0.5024509803921569,0.2,0.09999999999999998,0.6470588235294118,0.27660389757360704,0.0,0.4495057183368901,0.9974979149291076,1.0,0.6722769264634502,0.8573212562169663,0.9846391213228186,-0.08409524466911251,instance,complexity_kDN_top20
0,0.1291208791208791,0.4,0.1123595505617978,0.4117647058823529,0.29074383719128294,0.0,0.4335212359860755,0.9974979149291076,1.0,0.6716120764247372,0.8695707437497653,0.9949037371843378,0.31118839165221845,instance,complexity_kDN_top20
0,0.07352941176470584,0.0,0.9465408805031447,0.6470588235294118,0.8831103576188563,0.0,0.45701914372678465,0.9933277731442869,1.0,0.6670968883392989,0.8578527072309694,0.9958033160552547,0.186682901062322,instance,complexity_kDN_top20
0,0.23809523809523814,0.6,0.9075144508670521,0.8235294117647058,0.8369256925656835,0.4,0.43528328702765606,0.9991659716430359,1.0,0.6709681667310408,0.8871545954049898,0.9898412639958543,-0.18442036518132646,instance,complexity_kDN_top20
0,0.5490384615384616,0.2,0.05128205128205132,0.5882352941176471,0.7183259662763749,0.0,0.48571160516191314,0.9991659716430359,1.0,0.6698156593595043,0.8610266683158256,0.9896796233642832,0.1267155520796186,instance,complexity_kDN_top20
0,0.4920634920634921,0.8,0.9358974358974359,0.7058823529411765,0.7988813113488082,1.0,0.5434836613755012,1.0,1.0,0.6705889854590144,0.8867871251420263,0.9888485662053339,-0.41088296781347866,instance,complexity_kDN_top20
0,0.3521303258145364,0.0,0.33333333333333337,0.4117647058823529,0.2139437389412721,0.0,0.4057343936409714,0.9916597164303587,1.0,0.6693269246682543,0.8434304251970184,0.967296379694394,0.25513782091450926,instance,complexity_kDN_top20
0,0.0,0.0,0.03240740740740744,0.4117647058823529,0.20394483436341948,0.0,0.320549427545045,0.9241034195162635,1.0,0.6728780471259177,0.8233218209393354,0.9583897959476388,0.9846392654321199,instance,complexity_kDN_top20
0,0.023809523809523836,0.0,0.03240740740740744,0.4117647058823529,0.2304965112474262,0.0,0.3933082273841614,0.9908256880733946,1.0,0.6715348406130446,0.8694799200019236,0.9974771748571912,0.6129940167873577,instance,complexity_kDN_top20
0,0.026315789473684292,0.0,0.1123595505617978,0.4117647058823529,0.20344635251780513,0.0,0.40973948679362493,0.9674728940783986,1.0,0.6703480799336249,0.8281205789603419,0.94936559950219,0.2514979989010906,instance,complexity_kDN_top20
0,0.023809523809523836,0.0,0.05128205128205132,0.5882352941176471,0.87868649719914,0.0,0.4515973746514913,0.9958298582151793,1.0,0.672090767489646,0.8854163092022059,0.989555421063451,0.07959347820856574,instance,complexity_kDN_top20
0,0.2527027027027027,0.2,0.3939393939393939,0.7058823529411765,0.6929642228959855,0.0,0.4556765726200105,0.9966638865721434,1.0,0.674538925927546,0.8740938914417994,0.9929459244405143,-0.30562738395641076,instance,complexity_kDN_top20
0,0.2897727272727273,0.6,0.05128205128205132,0.5882352941176471,0.8394055056684815,1.0,0.5153110420003167,1.0,0.95,0.6666666666666666,0.8767873786935574,0.9950048512686159,0.6215725102785031,instance,complexity_kDN_top20
0,0.29844961240310075,0.4,0.1333333333333333,0.5882352941176471,0.2965006938529392,0.0,0.4604742613368834,0.9974979149291076,1.0,0.6710298503469652,0.8814709102973616,0.9806112811887827,0.25700619165150207,instance,complexity_kDN_top20
0,0.44557823129251706,0.8,0.0,0.35294117647058826,0.2743260690184607,0.0,0.451079152189509,0.9991659716430359,1.0,0.667932401464219,0.8632649101530608,0.9916118363148958,0.025662522582654675,instance,complexity_kDN_top20
0,0.21511627906976738,0.0,0.08247422680412375,0.5882352941176471,0.22570805832841762,0.0,0.4697500718210127,0.9924937447873228,1.0,0.6729466624323884,0.8724070100478334,0.9978293901893254,0.5634083273283377,instance,complexity_kDN_top20
0,0.06498951781970652,0.0,0.03240740740740744,0.4117647058823529,0.26053039578916043,0.0,0.4407626935589809,0.9916597164303587,1.0,0.6780896697451665,0.8762739129522836,0.9934164736053518,0.22395418248559312,instance,complexity_kDN_top20
0,0.0,0.0,0.03240740740740744,0.4117647058823529,0.20304813033224056,0.0,0.4365231194338717,0.9716430358632193,0.8,0.03852521832426001,0.7855779756553309,0.9945583748016003,24.28185044346596,instance,complexity_kDN_top20
0,0.03191489361702127,0.0,0.03240740740740744,0.4117647058823529,0.2030481303328694,0.0,0.42925839798488385,0.9749791492910759,1.0,0.6696887418058942,0.8554609409779668,0.9877835671665668,0.2591583221208043,instance,complexity_kDN_top20
0,0.6271929824561404,0.4,0.1123595505617978,0.4117647058823529,0.20807745189507004,0.25,0.48302786301879874,0.9991659716430359,1.0,0.668586493760587,0.8433282929216016,0.9910687809786989,-0.014477327438638365,instance,complexity_kDN_top20
0,0.6480769230769231,0.4,0.3939393939393939,0.7058823529411765,0.43056576998027285,0.5,0.4698282225516702,0.9983319432860718,1.0,0.6736330088369146,0.8869305739438114,0.9887463154839125,0.14851978396372628,instance,complexity_kDN_top20
0,0.2807017543859649,0.0,0.08247422680412375,0.47058823529411764,0.21872023080290726,0.0,0.47230591065322824,0.9924937447873228,1.0,0.6721178775736932,0.8827708237648133,0.993127371564891,0.5548037371978194,instance,complexity_kDN_top20
0,0.3521303258145364,0.0,0.12121212121212122,0.35294117647058826,0.20367353235199187,0.0,0.4588281450698446,0.9924937447873228,1.0,0.6701397174914394,0.8145830522511875,0.9584699368132048,0.3840371930928954,instance,complexity_kDN_top20
0,0.0,0.2,0.1123595505617978,0.5294117647058824,0.20320118361194722,0.0,0.491982751922184,0.9991659716430359,1.0,0.6685389200439429,0.8622970775162531,0.9887781328106359,0.5860182668564172,instance,complexity_kDN_top20
0,0.0,0.0,0.15217391304347827,0.6470588235294118,0.5092532159376651,0.0,0.39987442706454746,0.9924937447873228,1.0,0.6743490084487037,0.8477336145999169,0.9933055467062085,-0.2729535587163341,instance,complexity_kDN_top20
0,0.06498951781970652,0.2,0.03240740740740744,0.4117647058823529,0.2692450973162644,0.3333333333333333,0.48866056233943456,0.9991659716430359,1.0,0.6809507503721256,0.8828565051521714,0.998301540140093,0.06032672138953137,instance,complexity_kDN_top20
0,0.11524822695035453,0.0,0.4347826086956522,0.6470588235294118,0.20991772234617734,0.0,0.34757657384510554,0.9783152627189324,1.0,0.667387348445169,0.8661174642777694,0.9868429338547738,0.5324864375583465,instance,complexity_kDN_top20
0,0.6884615384615385,0.4,0.5555555555555556,0.6470588235294118,0.43107750718328697,1.0,0.5289516781443592,1.0,1.0,0.6691181843710725,0.8581742677707818,0.9811761516215589,0.20343747090108635,instance,complexity_kDN_top20
0,0.0,0.0,0.03240740740740744,0.4117647058823529,0.20315462917472782,0.0,0.44498382787975244,0.9933277731442869,1.0,0.6685783837135232,0.8322471758115603,0.9996300706740737,0.574478778812034,instance,complexity_kDN_top20
0,0.0,0.0,0.1123595505617978,0.4117647058823529,0.2030481303598014,0.0,0.3858497339370277,0.963302752293578,1.0,0.6686368941797175,0.8464589445010864,0.9973612661350297,0.6879470487868672,instance,complexity_kDN_top20
0,0.3615384615384616,0.0,0.2195121951219512,0.5882352941176471,0.765283316464971,0.0,0.4558685446618772,0.9958298582151793,1.0,0.6712126173082988,0.8902343071897858,0.9846687131227969,-0.3728584513460023,instance,complexity_kDN_top20
0,0.06944444444444442,0.0,0.05128205128205132,0.7058823529411765,0.37465532487388853,0.0,0.39134254671252466,0.9899916597164303,1.0,0.6724761873854311,0.891926301480586,0.9774694337212834,-0.10404530075869135,instance,complexity_kDN_top20
0,0.28409090909090906,0.0,0.12121212121212122,0.35294117647058826,0.5139534088306311,0.0,0.451366473221932,0.9949958298582152,1.0,0.6710586104561712,0.8700177168656762,0.9829822486513771,0.1948448185509898,instance,complexity_kDN_top20
0,0.746551724137931,0.4,0.9358974358974359,0.5294117647058824,0.8359839302832709,0.5,0.5266568309165042,1.0,1.0,0.669092303851587,0.8570899293062961,0.9936966913229017,-0.4108781096414423,instance,complexity_kDN_top20
0,0.026315789473684292,0.0,0.03240740740740744,0.4117647058823529,0.2032225575486427,0.0,0.41887582338304297,0.9833194328607172,1.0,0.6678356121936803,0.8532690572048856,0.9712275581488009,0.7492246605960787,instance,complexity_kDN_top20
0,0.02777777777777779,0.0,0.1333333333333333,0.5882352941176471,0.2752622197518137,0.0,0.4320099666816152,0.9933277731442869,1.0,0.6722864750563233,0.8366753488762635,0.9925157209424598,-0.6247623314655064,instance,complexity_kDN_top20
0,0.6066666666666667,0.6,0.25619834710743805,0.7647058823529411,0.3159019507387377,0.3333333333333333,0.5028478627299053,1.0,1.0,0.6811598809581024,0.8399540152922587,0.9880072950354808,0.005139403029148388,instance,complexity_kDN_top20
0,0.023809523809523836,0.2,0.03240740740740744,0.4117647058823529,0.2324660146458955,0.0,0.4504736196836907,0.9966638865721434,1.0,0.6785917330354866,0.8426200333148808,0.9630739231244466,-0.027766927640368373,instance,complexity_kDN_top20
0,0.2698412698412699,0.0,0.15217391304347827,0.6470588235294118,0.2034347167537645,0.0,0.46405474453378726,0.994161801501251,1.0,0.6696672255739169,0.8657209773988299,0.9943186146319697,0.20074429609713793,instance,complexity_kDN_top20
0,0.20270270270270263,0.0,0.25619834710743805,0.7647058823529411,0.5436554574978122,0.0,0.4361896921077133,0.9933277731442869,1.0,0.673141167351322,0.8504996788547701,0.9592166827441504,0.0708580787814518,instance,complexity_kDN_top20
0,0.009433962264150941,0.0,0.3571428571428571,0.5882352941176471,0.20434280216752726,0.0,0.4443377594747048,0.994161801501251,1.0,0.6716803918264139,0.8935487964284473,0.9917336572191562,0.02380819657003323,instance,complexity_kDN_top20
0,0.5837606837606837,0.4,0.1123595505617978,0.5882352941176471,0.3421323295702948,0.0,0.4968052544242082,0.9991659716430359,1.0,0.6708568628229588,0.8774414545270964,0.9991439121385003,0.5269564254131995,instance,complexity_kDN_top20
0,0.0,0.2,0.1123595505617978,0.4117647058823529,0.20304957200563523,0.0,0.4638924597554587,0.9966638865721434,0.85,0.6240928432892263,0.8213942234605188,0.9980114144012245,0.5207831024341781,instance,complexity_kDN_top20
0,0.11388888888888893,0.2,0.1123595505617978,0.4117647058823529,0.23689705007748246,0.0,0.4231182314268842,0.9991659716430359,1.0,0.6680478283145541,0.8229070253560169,0.9883415344597996,0.04185739880777718,instance,complexity_kDN_top20
0,0.6079545454545454,0.0,0.25619834710743805,0.7647058823529411,0.2101815232951384,0.0,0.4589925634546784,0.9958298582151793,1.0,0.6742867863487515,0.8778719696260924,0.9877690796459176,-0.15152042431532126,instance,complexity_kDN_top20
0,0.21153846153846156,0.0,0.09999999999999998,0.6470588235294118,0.203339992292019,0.0,0.421211062569781,0.9958298582151793,1.0,0.6704863519213458,0.8610525553878281,0.971852072809795,0.28718248321815276,instance,complexity_kDN_top20
0,0.0,0.0,0.03240740740740744,0.4117647058823529,0.20334203716438637,0.0,0.35414895856227346,0.9549624687239366,1.0,0.6691680596072981,0.8117597547101315,0.9863686395495375,0.33440849891713403,instance,complexity_kDN_top20
0,0.02777777777777779,0.2,0.2777777777777778,0.7058823529411765,0.20304813033224056,0.0,0.4048864148643402,0.9966638865721434,0.9,0.45956079063711214,0.818841913692359,0.9480864055973732,1.3289885212233803,instance,complexity_kDN_top20
0,0.2698412698412699,0.0,0.5555555555555556,0.5294117647058824,0.27883462899022415,0.0,0.43328659606635944,0.981651376146789,1.0,0.6700214209877129,0.863360252329295,0.9993233119353016,0.5498573446500147,instance,complexity_kDN_top20
0,0.0,0.2,0.03240740740740744,0.47058823529411764,0.33258531117327506,0.25,0.4017258668674525,0.9974979149291076,1.0,0.6714573125117105,0.8591041807301758,0.9949168277549805,-0.03956321769561613,instance,complexity_kDN_top20
0,0.09774436090225569,0.0,0.1123595505617978,0.4117647058823529,0.21353489940228265,0.0,0.4213606629614429,0.9858215179316097,1.0,0.6684051168965109,0.8533124682830229,0.9945334454489191,0.24523030136911622,instance,complexity_kDN_top20
0,0.07352941176470584,0.0,0.05128205128205132,0.5882352941176471,0.8285325076926271,0.0,0.4774710429466532,0.9949958298582152,1.0,0.6704551935634179,0.8533922218402266,0.9797892836689416,0.3257142917011087,instance,complexity_kDN_top20
0,0.8598484848484849,0.8,0.9358974358974359,0.5294117647058824,0.8354043918653989,1.0,0.5243898900341042,1.0,1.0,0.6703226495062131,0.8476966617664097,0.9791167267522708,-0.28673044729516756,instance,complexity_kDN_top20
0,0.2527027027027027,0.0,0.1333333333333333,0.5882352941176471,0.2721117910790901,0.0,0.4202540903706683,0.9933277731442869,1.0,0.6749523015519777,0.8475774270475813,0.9845404983493197,-0.354491815846639,instance,complexity_kDN_top20
0,0.1291208791208791,0.0,0.1123595505617978,0.5294117647058824,0.28311760397833485,0.0,0.4417700784719939,0.994161801501251,1.0,0.6693649359171335,0.8549521221104118,0.9818431274405653,0.02777047083081947,instance,complexity_kDN_top20
0,0.31511627906976747,0.2,0.03240740740740744,0.4117647058823529,0.20575520898245436,0.0,0.48646018849084904,0.9983319432860718,1.0,0.6732540795817152,0.8509746384784815,0.985532986852513,0.3279682393199236,instance,complexity_kDN_top20
0,0.2698412698412699,0.0,0.15217391304347827,0.6470588235294118,0.24472870631270466,0.0,0.4482898383566555,0.9933277731442869,1.0,0.6700190173200634,0.8526863642890989,0.9942973724599802,-0.23393772069483337,instance,complexity_kDN_top20
0,0.0,0.0,0.2195121951219512,0.5882352941176471,0.5176957032007975,0.0,0.40996267313918644,0.9933277731442869,1.0,0.6689118367521317,0.8644304427110334,0.9900637325001591,-0.050018898799744485,instance,complexity_kDN_top20
0,0.0,0.0,0.1123595505617978,0.4117647058823529,0.20445774590735039,0.0,0.38384732444179115,0.981651376146789,1.0,0.6687698087604813,0.8424674593037145,0.9916667785016544,0.35253897833000114,instance,complexity_kDN_top20
0,0.01388888888888884,0.2,0.1123595505617978,0.5294117647058824,0.47383169276646775,0.3333333333333333,0.46946953210388886,0.9991659716430359,1.0,0.6702105981838433,0.8554555505484915,0.9960928994895636,0.2749262906506296,instance,complexity_kDN_top20
0,0.3666666666666667,0.4,0.3571428571428571,0.7647058823529411,0.29072522038406134,0.5,0.514801089155104,1.0,1.0,0.6722112655029111,0.8424961781171616,0.9923554489263546,-0.07271077251222573,instance,complexity_kDN_top20
0,0.16249999999999998,0.0,0.1123595505617978,0.4117647058823529,0.20363808344744372,0.0,0.38110285365967145,0.9799833194328608,1.0,0.6684885853311501,0.8356404144810565,0.9845920526170923,0.4478372815854419,instance,complexity_kDN_top20
0,0.009433962264150941,0.0,0.03240740740740744,0.4117647058823529,0.20307500551599988,0.0,0.4380758235689596,0.9833194328607172,0.95,0.6236939130849378,0.8413144036409606,0.9913205901259121,0.5189800986859928,instance,complexity_kDN_top20
0,0.7524509803921569,0.6,0.3939393939393939,0.7058823529411765,0.7889335628557552,0.3333333333333333,0.5172123000043651,1.0,1.0,0.6743758493605911,0.8898877455472795,0.9972186195177379,-0.10604323293515212,instance,complexity_kDN_top20
0,0.0,0.6,0.9358974358974359,0.5294117647058824,0.882641399599128,0.0,0.47965636533913314,0.9983319432860718,1.0,0.6695952034122611,0.8407913703322739,0.987321312836058,-0.8723506876538588,instance,complexity_kDN_top20
0,0.6314102564102564,0.4,0.08247422680412375,0.47058823529411764,0.3001423856685541,0.5,0.49207672882499265,0.9991659716430359,1.0,0.67034967227061,0.8794116439064033,0.9824589581846136,0.2691196055301124,instance,complexity_kDN_top20
0,0.48977272727272725,0.6,0.08247422680412375,0.47058823529411764,0.7520791697966303,0.0,0.47003120954820854,0.9983319432860718,1.0,0.6715617026472145,0.9032930044110439,0.9974393350673411,0.2637734589613177,instance,complexity_kDN_top20
0,0.07352941176470584,0.0,0.05128205128205132,0.5882352941176471,0.5674552332434791,0.0,0.45036656915004813,0.9883236030025021,1.0,0.6700891054951044,0.848493776721863,0.9904743039723635,0.7718594951048962,instance,complexity_kDN_top20
0,0.2897727272727273,0.4,0.8181818181818181,0.5294117647058824,0.8633784255516902,0.0,0.3766056103713614,0.9974979149291076,1.0,0.6714369153861564,0.8893060217840286,0.9983227522395728,-0.4995006113600942,instance,complexity_kDN_top20
0,0.1576923076923077,0.4,0.6615384615384615,0.6470588235294118,0.2344433521669625,0.5,0.46883608223936646,0.9991659716430359,1.0,0.6701154419396784,0.8609430095933035,0.9925861739631618,0.2240022424397987,instance,complexity_kDN_top20
0,0.5198412698412699,0.6,0.14814814814814814,0.5882352941176471,0.6382990785401178,0.0,0.43999841818184326,0.9983319432860718,1.0,0.6705073571001355,0.8813650792883514,0.994882360699294,-0.2717007950676666,instance,complexity_kDN_top20
0,0.01388888888888884,0.0,0.1123595505617978,0.4117647058823529,0.21069471006524543,0.0,0.4880437841500994,0.994161801501251,1.0,0.6700206858481417,0.8386711752116319,0.9976988247746731,0.016343469385357676,instance,complexity_kDN_top20
0,0.21511627906976738,0.2,0.2777777777777778,0.7058823529411765,0.32171666740800575,0.0,0.46103176774818244,0.9974979149291076,1.0,0.6738946688103481,0.8479165890197086,0.9589523422061497,-0.029112317136602974,instance,complexity_kDN_top20
0,0.03947368421052633,0.0,0.03240740740740744,0.4117647058823529,0.20313709034602,0.0,0.44155232664904953,0.9899916597164303,0.95,0.6416072384249494,0.8306225474973641,0.9607591129196822,0.7593408143257067,instance,complexity_kDN_top20
0,0.4840909090909091,0.6,0.12121212121212122,0.35294117647058826,0.866805147260147,0.0,0.47012155830964897,0.9983319432860718,1.0,0.679196202707928,0.8546284098606176,0.9899386987300044,-0.44890724996932924,instance,complexity_kDN_top20
0,0.01388888888888884,0.4,0.1123595505617978,0.4117647058823529,0.5788352742693297,0.5,0.4946259164039324,0.9991659716430359,0.95,0.6666666666666666,0.8482282550406426,0.9913181008430073,-0.19288491259204593,instance,complexity_kDN_top20
0,0.20270270270270263,0.6,0.25619834710743805,0.7647058823529411,0.30529597567571853,0.0,0.4611619542702601,0.9983319432860718,1.0,0.6708772683137179,0.8774285556041033,0.9970144553852476,0.07688123521585699,instance,complexity_kDN_top20
0,0.0,0.2,0.03240740740740744,0.47058823529411764,0.2066178877515799,1.0,0.506096295329459,1.0,0.95,0.6640702527023894,0.8639535712864646,0.992714750702433,0.2585121892078131,instance,complexity_kDN_top20
0,0.842896174863388,0.4,0.3939393939393939,0.7058823529411765,0.7873367567558041,0.5,0.5266525357122993,1.0,1.0,0.6735459479370318,0.8997867517397606,0.9923899458761881,-0.24336445122833236,instance,complexity_kDN_top20
0,0.34913793103448276,0.6,0.1333333333333333,0.5882352941176471,0.2530198744513421,1.0,0.5012553018743039,1.0,1.0,0.6699830624440408,0.8404168419730439,0.976798023856766,0.49363358314425426,instance,complexity_kDN_top20
0,0.17391304347826086,0.4,0.5555555555555556,0.5294117647058824,0.8653811386748078,0.0,0.44339598362546884,0.9991659716430359,1.0,0.6868316428575051,0.8417446908301587,0.977229535879506,0.05970687505881233,instance,complexity_kDN_top20
0,0.3666666666666667,0.4,0.3571428571428571,0.7647058823529411,0.8670875341377453,0.5,0.5248238132722574,1.0,1.0,0.6727635696813375,0.8542096731213411,0.9713390753983374,-0.1639273160762373,instance,complexity_kDN_top20
0,0.0,0.0,0.1123595505617978,0.5294117647058824,0.22115802888888486,0.0,0.44679921549424884,0.9899916597164303,1.0,0.6818381636414688,0.8365189602669016,0.9857369365023035,-0.06412834723160633,instance,complexity_kDN_top20
0,0.37310606060606055,0.8,0.05128205128205132,0.5882352941176471,0.6816425394547586,1.0,0.5222293098825554,1.0,1.0,0.6691697206899448,0.8871609494619837,0.9984168816692445,-0.13510523820866882,instance,complexity_kDN_top20
0,0.452020202020202,0.4,0.08247422680412375,0.47058823529411764,0.7153106360316013,0.0,0.46057511903645665,0.9974979149291076,1.0,0.6729326277570025,0.8850018239452456,0.9932209098762863,0.07691073848475055,instance,complexity_kDN_top20
0,0.575487012987013,0.4,0.05128205128205132,0.5882352941176471,0.8521103901400928,0.25,0.5057276160879178,1.0,1.0,0.6711083453697346,0.8900919292189802,0.9972954486846548,0.12429446145981812,instance,complexity_kDN_top20
0,0.17352941176470593,0.2,0.05128205128205132,0.5882352941176471,0.4640618936065172,0.0,0.45755387696111016,0.9983319432860718,1.0,0.6682287441858726,0.8605503400153498,0.9734776003223337,0.14383149982419952,instance,complexity_kDN_top20
0,0.0,0.4,0.03240740740740744,0.4117647058823529,0.20443969888861763,0.5,0.5082740040537294,1.0,1.0,0.6704902393925504,0.8525026373397079,0.9947962831064442,0.6134355104166161,instance,complexity_kDN_top20
0,0.3695054945054945,0.8,0.14814814814814814,0.5882352941176471,0.45022546813742526,1.0,0.5187010196636674,1.0,1.0,0.6711097916243497,0.9054004533001088,0.997466866731338,-0.1418843419819628,instance,complexity_kDN_top20
0,0.01388888888888884,0.2,0.2195121951219512,0.5882352941176471,0.7695286836388784,0.0,0.4652708728335426,0.9983319432860718,1.0,0.6695757289932359,0.8549382365256735,0.9747727326276242,-0.29706465811496396,instance,complexity_kDN_top20
0,0.16249999999999998,0.0,0.1123595505617978,0.4117647058823529,0.20395877384978556,0.0,0.45761299317567383,0.9949958298582152,1.0,0.6694142658946786,0.844058636411158,0.9873786035382418,0.3771451520524803,instance,complexity_kDN_top20
0,0.06944444444444442,0.4,0.3939393939393939,0.7058823529411765,0.5456742056051032,0.0,0.4198303932213956,0.9983319432860718,1.0,0.6746461739890883,0.8883314670506428,0.9878564673277009,-0.2028321463951787,instance,complexity_kDN_top20
0,0.45463812436289497,0.2,0.08247422680412375,0.47058823529411764,0.875620974680849,0.3333333333333333,0.4877651964050227,0.9991659716430359,1.0,0.6736878004562231,0.8753166592273013,0.9958816075287764,-0.34479355535322165,instance,complexity_kDN_top20
0,0.2897727272727273,0.0,0.05128205128205132,0.5882352941176471,0.8482402675586814,0.0,0.44751062125975594,0.9949958298582152,1.0,0.670779641316703,0.894943980837432,0.9910137347483507,0.11302928178960207,instance,complexity_kDN_top20
0,0.7740825688073394,1.0,0.9358974358974359,0.5294117647058824,0.8804835806678422,1.0,0.6190138774161451,1.0,1.0,0.6718545899070607,0.8791780876543032,0.9954810855606684,-0.5912355505496732,instance,complexity_kDN_top20
0,0.03947368421052633,0.4,0.03240740740740744,0.4117647058823529,0.284327116561892,0.0,0.38531323803216,0.9974979149291076,1.0,0.6713516985563556,0.8736530658879131,0.9922836589937052,0.1976557074989646,instance,complexity_kDN_top20
0,0.03191489361702127,0.0,0.25619834710743805,0.7647058823529411,0.20357348759055988,0.0,0.3454904579444592,0.9649708090075062,1.0,0.668227405188754,0.8182872041063322,0.9517886395484318,0.6490269659045784,instance,complexity_kDN_top20
0,0.21511627906976738,0.2,0.25619834710743805,0.7647058823529411,0.2352676172354572,0.0,0.47549167120746527,0.9974979149291076,1.0,0.6743018839196421,0.8563913623588985,0.9920121274292508,0.03492914767597658,instance,complexity_kDN_top20
0,0.5024509803921569,0.6,0.03240740740740744,0.4117647058823529,0.2579235747593768,0.5,0.5200807494907915,1.0,1.0,0.6726151467433904,0.8911288129008866,0.9848430924260576,0.09813681066134466,instance,complexity_kDN_top20
0,0.026315789473684292,0.0,0.03240740740740744,0.4117647058823529,0.20306749149153447,0.0,0.3933374191956659,0.9699749791492911,1.0,0.6716051613787725,0.8384722654447451,0.9867397092132791,0.8877017108600437,instance,complexity_kDN_top20
0,0.11224489795918369,0.0,0.0,0.35294117647058826,0.2128524601387939,0.0,0.48296588743735247,0.9949958298582152,1.0,0.6693225572846919,0.8573362117898581,0.9910818085581552,-0.18086158581672535,instance,complexity_kDN_top20
0,0.5024509803921569,0.2,0.09999999999999998,0.6470588235294118,0.4248973761883884,0.0,0.4504045516528721,0.9974979149291076,1.0,0.6707907302150176,0.9017135059177107,0.9926089080071029,-0.24043103674870783,instance,complexity_kDN_top20
0,0.08191489361702131,0.2,0.1123595505617978,0.4117647058823529,0.20308633457832675,0.0,0.4725571885602612,0.9966638865721434,1.0,0.6674367519074587,0.8478841528309127,0.9941281237563305,0.1335276017208058,instance,complexity_kDN_top20
0,0.21511627906976738,0.4,0.1333333333333333,0.5882352941176471,0.4801797413113733,0.0,0.4781094921051159,0.9983319432860718,1.0,0.670431313728901,0.89069525550902,0.9972728614349678,-0.06323291027478206,instance,complexity_kDN_top20
0,0.36936936936936937,0.6,0.9465408805031447,0.5882352941176471,0.8702816586004173,0.0,0.46581490795508373,0.9983319432860718,1.0,0.6735711045522617,0.8414704804532376,0.9678292300868669,-0.3471185241753884,instance,complexity_kDN_top20
0,0.18367346938775508,0.0,0.1123595505617978,0.4117647058823529,0.2661990722961526,0.2,0.4364948598826195,0.9958298582151793,1.0,0.6683645045942903,0.8780860935725551,0.9820012674264376,0.23121201090678212,instance,complexity_kDN_top20
0,0.7281746031746033,1.0,0.3571428571428571,0.5882352941176471,0.7350910551709697,1.0,0.5304969321436643,1.0,1.0,0.6712354662368863,0.8971352418632552,0.9965174874728192,-0.3861869500768845,instance,complexity_kDN_top20
0,0.16666666666666674,0.0,0.05128205128205132,0.5882352941176471,0.20900461545286636,0.0,0.426971014761816,0.9891576313594662,1.0,0.669893404989912,0.8608396502676415,0.9698636762039502,0.09259999788994727,instance,complexity_kDN_top20
0,0.5365448504983389,0.2,0.09999999999999998,0.6470588235294118,0.27822737495719735,0.25,0.5064074838113417,1.0,1.0,0.6717394060434934,0.8779799941109703,0.9961761639850247,0.2449706870118453,instance,complexity_kDN_top20
0,0.8251231527093597,0.6,0.0,0.4117647058823529,0.596055790443341,1.0,0.5162628054972116,1.0,1.0,0.6693334350216112,0.8883447815099096,0.9986789488336083,-0.3511939823530876,instance,complexity_kDN_top20
0,0.01388888888888884,0.0,0.2195121951219512,0.5882352941176471,0.6242896692764152,0.0,0.405943186150986,0.9949958298582152,1.0,0.6702782054572862,0.865260145422966,0.9844393662723423,-0.125210847954424,instance,complexity_kDN_top20
0,0.3622448979591837,1.0,0.40625,0.35294117647058826,0.3228671406948247,0.6666666666666666,0.5695680033001373,1.0,1.0,0.6700434964578039,0.8604357036891033,0.9995917522574822,-0.1268828103535391,instance,complexity_kDN_top20
0,0.026315789473684292,0.2,0.03240740740740744,0.4117647058823529,0.20312573530341071,0.0,0.44767784430200686,0.9983319432860718,1.0,0.6705009475497898,0.8419434339763356,0.9817023580174741,0.9067297030689889,instance,complexity_kDN_top20
0,0.49686520376175547,0.0,0.05128205128205132,0.5882352941176471,0.20773332643461406,0.0,0.48603498071971385,0.9949958298582152,1.0,0.6702814250622868,0.8862117015576227,0.9975415490339516,0.1523661839455865,instance,complexity_kDN_top20
0,0.21511627906976738,0.0,0.25619834710743805,0.7647058823529411,0.20381336607643935,0.0,0.43175071756826966,0.9958298582151793,1.0,0.6722611947345611,0.8480682671223218,0.9811212397270505,-0.04205233467549468,instance,complexity_kDN_top20
0,0.6027027027027027,0.4,0.08247422680412375,0.47058823529411764,0.8421925742466154,1.0,0.5143531053490831,1.0,1.0,0.6701638348314691,0.8512930475468764,0.9722553884710992,-0.33752849966953125,instance,complexity_kDN_top20
0,0.026315789473684292,0.2,0.1123595505617978,0.4117647058823529,0.20364971891608208,0.0,0.4970156224017307,0.9991659716430359,1.0,0.6798999434472529,0.8565748898897697,0.9971003779827321,0.4857930588843207,instance,complexity_kDN_top20
0,0.46984126984126984,0.6,0.03240740740740744,0.47058823529411764,0.20389549378457783,0.6666666666666666,0.5112799631624796,1.0,1.0,0.6720391109718494,0.8633085326369898,0.9921616482273937,0.06313144070095003,instance,complexity_kDN_top20
0,0.01388888888888884,0.6,0.8888888888888888,0.5294117647058824,0.8683404025156404,0.0,0.49886516141342585,0.9991659716430359,1.0,0.6680580335687241,0.8473769672428668,0.9868661312698231,-0.09837633195223994,instance,complexity_kDN_top20
0,0.22413793103448276,0.0,0.03240740740740744,0.4117647058823529,0.8042185315799864,0.0,0.3947380748220166,0.9858215179316097,1.0,0.6725200292823021,0.8571783556901307,0.9977259583490257,0.6893527170655978,instance,complexity_kDN_top20
0,0.4739130434782608,0.4,0.765625,0.6470588235294118,0.8288503203188715,1.0,0.5102901423775629,1.0,1.0,0.6749391771538442,0.8675206996766999,0.9804297485982448,0.21657237377256286,instance,complexity_kDN_top20
0,0.17391304347826086,0.0,0.15217391304347827,0.6470588235294118,0.20304813033224056,0.0,0.4070990804660406,0.9799833194328608,1.0,0.6693746892494551,0.8657207335629253,0.9960721364931124,0.4541056068821768,instance,complexity_kDN_top20
0,0.14880952380952384,0.2,0.03240740740740744,0.4117647058823529,0.20304813424226786,0.0,0.4537245981472393,0.9966638865721434,1.0,0.6696868542461314,0.851949469873403,0.9830792421141717,0.6735980970681406,instance,complexity_kDN_top20
0,0.6048850574712643,0.2,0.08247422680412375,0.47058823529411764,0.23868222496440872,0.0,0.4803558157791247,0.9974979149291076,1.0,0.6694277368030511,0.8786782775703621,0.998521453565449,0.631385615114595,instance,complexity_kDN_top20
0,0.11224489795918369,0.2,0.08247422680412375,0.47058823529411764,0.20785998838036102,0.0,0.42601324670588736,0.9966638865721434,1.0,0.6702587302640323,0.8731023001831746,0.9877142580921882,0.7715260175308053,instance,complexity_kDN_top20
0,0.2875,0.0,0.12121212121212122,0.35294117647058826,0.22100047131040945,0.0,0.3828871205612827,0.9916597164303587,1.0,0.6698320203938165,0.8482215185411185,0.9795013693735128,0.14692204186657154,instance,complexity_kDN_top20
0,0.0,0.4,0.2195121951219512,0.5882352941176471,0.7330959503370985,0.0,0.49090987031226974,0.9974979149291076,1.0,0.679244229943895,0.8467153701361061,0.9925539030799815,-0.3213414907825529,instance,complexity_kDN_top20
0,0.6552287581699346,0.6,0.4347826086956522,0.6470588235294118,0.5890534648798519,0.0,0.48195125426019036,0.9991659716430359,1.0,0.6786952485600279,0.8526277482163817,0.9810020155170401,0.012916900394873348,instance,complexity_kDN_top20
0,0.21511627906976738,0.4,0.1333333333333333,0.5882352941176471,0.2095464075370166,0.0,0.4699849848679253,0.9983319432860718,1.0,0.6721073064154897,0.8492730408161927,0.963136248572016,0.19978064758247582,instance,complexity_kDN_top20
0,0.1394736842105263,0.0,0.03240740740740744,0.4117647058823529,0.20517618387393444,0.0,0.3927036654554331,0.9916597164303587,1.0,0.6675957683485516,0.8543480712325554,0.9965074896457425,0.20559968450233318,instance,complexity_kDN_top20
0,0.08191489361702131,0.2,0.15217391304347827,0.6470588235294118,0.308106153247366,0.0,0.49874897137840335,0.9983319432860718,1.0,0.6695319265519466,0.8776876061326947,0.9900405364775394,-0.1264646572235422,instance,complexity_kDN_top20
0,0.42307692307692313,0.0,0.6666666666666667,0.6470588235294118,0.5484544604801065,0.0,0.46843459181306313,0.9949958298582152,1.0,0.6714668472275623,0.8534691797713183,0.9924007671848086,0.2855280206668034,instance,complexity_kDN_top20
0,0.026315789473684292,0.6,0.25619834710743805,0.7647058823529411,0.23149321349869317,0.0,0.48598425754069885,0.9983319432860718,0.95,0.6645184912720966,0.8648933237018621,0.9946891146529322,0.3325617127483437,instance,complexity_kDN_top20
0,0.31511627906976747,0.4,0.2777777777777778,0.7058823529411765,0.311927960759776,0.0,0.4955149767511374,0.9991659716430359,1.0,0.6766221060482253,0.872165267391132,0.9962537107196416,0.10224829176233446,instance,complexity_kDN_top20
0,0.026315789473684292,0.0,0.1123595505617978,0.5294117647058824,0.20318779472104076,0.0,0.3631105690385127,0.9824854045037531,1.0,0.6711450237641364,0.8394010469291711,0.9987182845266619,0.5478064925626172,instance,complexity_kDN_top20
0,0.7186813186813187,0.8,0.7796610169491526,0.9411764705882353,0.8769509380385143,0.0,0.49993109485997955,0.9991659716430359,1.0,0.6719888800963272,0.8956525366518406,0.9918445741701292,-0.1410913811267688,instance,complexity_kDN_top20
0,0.31511627906976747,0.4,0.8877551020408163,0.7058823529411765,0.29993567616057926,1.0,0.5129163476011741,1.0,1.0,0.6702195781996236,0.8736435224992685,0.9985766550369573,-0.08928817738048145,instance,complexity_kDN_top20
0,0.286036036036036,0.4,0.03240740740740744,0.4117647058823529,0.24991532554717416,1.0,0.5033341308969118,1.0,1.0,0.6719182806766186,0.8532075622835811,0.9980610233323023,-0.5386977330698279,instance,complexity_kDN_top20
0,0.5646929824561404,0.6,0.7796610169491526,0.9411764705882353,0.8278593723665975,0.5,0.5632280351113437,1.0,1.0,0.6714274730558567,0.8911005711013462,0.9680502966698398,-0.2893013792753341,instance,complexity_kDN_top20
0,0.023809523809523836,0.0,0.03240740740740744,0.4117647058823529,0.20305755747471554,0.0,0.42712971999381755,0.9949958298582152,0.95,0.6022821167651028,0.8115112682086687,0.9725819163625247,0.43752738424094995,instance,complexity_kDN_top20
0,0.023809523809523836,0.2,0.03240740740740744,0.4117647058823529,0.2508512084540685,0.0,0.49371252994976855,0.9991659716430359,1.0,0.6722996672103896,0.8734176600408631,0.9968704525450313,0.01041753883549987,instance,complexity_kDN_top20
0,0.8496621621621622,0.8,0.4347826086956522,0.8235294117647058,0.24625405656705635,1.0,0.52710942814774,1.0,1.0,0.6722864519863047,0.8573813171051172,0.993906007372367,-0.18720377702688312,instance,complexity_kDN_top20
0,0.44887955182072836,0.2,0.25619834710743805,0.7058823529411765,0.6175497502468448,1.0,0.5129038295333628,1.0,1.0,0.6714542124549969,0.8625417914717868,0.99084254516338,0.08075419498587096,instance,complexity_kDN_top20
0,0.10964912280701755,0.0,0.1123595505617978,0.4117647058823529,0.20349146567925658,0.0,0.44676325343593504,0.9924937447873228,1.0,0.6685191373116603,0.8289353554562953,0.9990930416439816,0.4603914368317594,instance,complexity_kDN_top20
0,0.0,0.0,0.25619834710743805,0.5882352941176471,0.20304813033224056,0.0,0.4395150682466076,0.9799833194328608,0.9,0.2366756051333631,0.8162988725300508,0.9968433931389924,3.6866315579151228,instance,complexity_kDN_top20
0,0.286036036036036,0.2,0.08247422680412375,0.47058823529411764,0.5648377752288588,0.0,0.45621529072215405,0.9983319432860718,1.0,0.6719010674849257,0.8743696093930475,0.9950975798043299,-0.4925617992353842,instance,complexity_kDN_top20
0,0.0,0.2,0.33333333333333337,0.4117647058823529,0.33513751859560137,0.0,0.4810320131503639,0.9966638865721434,1.0,0.671567977731497,0.8574547806348137,0.9866458254898085,0.637386854356576,instance,complexity_kDN_top20
0,0.6111111111111112,1.0,0.9259259259259259,0.5882352941176471,0.8431186035618653,1.0,0.5285119711168896,1.0,1.0,0.6717684489151804,0.8667970057642412,0.9982334383802739,-0.2871772540615331,instance,complexity_kDN_top20
0,0.17391304347826086,0.0,0.15217391304347827,0.6470588235294118,0.2696880227092462,0.0,0.48367558694849033,0.9958298582151793,1.0,0.6779119930014949,0.8433734677898691,0.9959064679385025,-0.1833034128035257,instance,complexity_kDN_top20
0,0.4920634920634921,0.4,0.9075144508670521,0.8235294117647058,0.6237515370688089,0.14285714285714285,0.47009394595542675,0.9991659716430359,1.0,0.6723981207963807,0.9006822820844611,0.9948730495464151,-0.2032603230449792,instance,complexity_kDN_top20
0,0.0,0.0,0.40625,0.29411764705882354,0.20596725170778862,0.0,0.40263162666565866,0.9666388657214345,0.95,0.6588463229430171,0.8251022572334991,0.9637241765083923,-0.33876933931971553,instance,complexity_kDN_top20
0,0.05769230769230771,0.2,0.1123595505617978,0.5294117647058824,0.2034310409980815,0.0,0.4783139208763696,0.9991659716430359,1.0,0.6704913209986387,0.829111705755216,0.9898212682769008,0.5382383049618271,instance,complexity_kDN_top20
0,0.01388888888888884,0.0,0.1123595505617978,0.5294117647058824,0.2447380839513999,0.0,0.3910178014833664,0.9958298582151793,1.0,0.6700154613635163,0.849944325178918,0.9902092095103397,0.3073817604108387,instance,complexity_kDN_top20
0,0.07352941176470584,0.0,0.05128205128205132,0.5882352941176471,0.22398102114705942,0.0,0.45056501295303275,0.994161801501251,1.0,0.6708584205566704,0.8610036974333587,0.9588860095345705,0.186515340602718,instance,complexity_kDN_top20
0,0.21153846153846156,0.0,0.09999999999999998,0.6470588235294118,0.20304813033224056,0.0,0.4704651672465733,0.9958298582151793,1.0,0.6704559652603457,0.8509082242877402,0.9948961069365125,0.8614068186183798,instance,complexity_kDN_top20
0,0.18233082706766912,0.6,0.03240740740740744,0.4117647058823529,0.2524657465354613,1.0,0.5257472705764714,1.0,1.0,0.6700744304126619,0.8772408962999474,0.9993318977979551,0.17845061410296154,instance,complexity_kDN_top20
0,0.023809523809523836,0.0,0.03240740740740744,0.4117647058823529,0.20304814068249788,0.0,0.4192572856262733,0.9908256880733946,1.0,0.6725951722169968,0.8441939110067855,0.9953445440333394,0.7612381140531262,instance,complexity_kDN_top20
0,0.023809523809523836,0.0,0.05128205128205132,0.5882352941176471,0.41785333388503715,0.0,0.45334417177103203,0.9949958298582152,1.0,0.6713937998564362,0.8737931550585604,0.9970483224940094,-0.3546065889323896,instance,complexity_kDN_top20
0,0.17391304347826086,0.2,0.3571428571428571,0.5882352941176471,0.8585478666259625,0.0,0.4564001667561468,0.9974979149291076,1.0,0.6720125839963836,0.8766271641848273,0.9845831900576538,-0.08919773043547814,instance,complexity_kDN_top20
0,0.5897727272727272,0.4,0.9465408805031447,0.5882352941176471,0.6341926660075353,0.0,0.4505195409797865,0.9991659716430359,1.0,0.6685412968529307,0.8988538792412969,0.9998601457058187,-0.21628943633013015,instance,complexity_kDN_top20
0,0.6973684210526316,0.4,0.1123595505617978,0.5882352941176471,0.3065880345403035,0.5,0.4718669487068905,0.9991659716430359,1.0,0.6727839633824656,0.873044732617878,0.9815746024112932,0.47316450539506616,instance,complexity_kDN_top20
0,0.3635912698412699,0.8,0.3571428571428571,0.5882352941176471,0.8339491908947958,0.5,0.5125472784862188,1.0,1.0,0.6711602828699333,0.8713836486290308,0.957878977158097,-0.3579127213225282,instance,complexity_kDN_top20
0,0.026315789473684292,0.0,0.03240740740740744,0.4117647058823529,0.20322709083079177,0.0,0.4541327128413284,0.9924937447873228,1.0,0.6678207286073896,0.8565824337556212,0.9955345411957038,0.6898592638849212,instance,complexity_kDN_top20
0,0.16666666666666674,0.0,0.25619834710743805,0.5882352941176471,0.33009689984771456,0.0,0.4180756572556543,0.9958298582151793,1.0,0.6726608677610335,0.8285432288304033,0.9898361879532332,-0.03287995586242509,instance,complexity_kDN_top20
0,0.4769230769230769,0.0,0.25619834710743805,0.7647058823529411,0.4247823618294694,0.0,0.4230697470744609,0.994161801501251,1.0,0.6749755295902665,0.873024643937744,0.9882160857777845,0.06342012505419103,instance,complexity_kDN_top20
0,0.0,0.0,0.08247422680412375,0.5882352941176471,0.20332722438175888,0.0,0.41593154199681903,0.9899916597164303,1.0,0.6756273649713967,0.8426091826824986,0.9965281698248605,0.6968526443769992,instance,complexity_kDN_top20
0,0.06498951781970652,0.0,0.03240740740740744,0.4117647058823529,0.20801047002548073,0.0,0.4553395439095258,0.9949958298582152,0.95,0.6631075393993288,0.8797203536424899,0.998336525014806,0.39146959989795127,instance,complexity_kDN_top20
0,0.8365825688073394,0.8,0.9465408805031447,0.7058823529411765,0.8761657135026745,0.5,0.5179780427418826,1.0,1.0,0.6753861998621883,0.8918076256505539,0.9929178562863005,-0.6679623734356049,instance,complexity_kDN_top20
0,0.11224489795918369,0.0,0.2195121951219512,0.5882352941176471,0.24352892953155114,0.0,0.44221788134585316,0.9933277731442869,1.0,0.6725073053137048,0.8385629551350787,0.9627700438368472,-0.50844583915344,instance,complexity_kDN_top20
0,0.02777777777777779,0.0,0.08247422680412375,0.47058823529411764,0.2283258388842206,0.0,0.4440906855332104,0.994161801501251,1.0,0.6718009762498149,0.8739270567580217,0.992329423385414,0.37450246755158323,instance,complexity_kDN_top20
0,0.026315789473684292,0.0,0.03240740740740744,0.4117647058823529,0.20580229220309,0.0,0.4117667133945224,0.9858215179316097,1.0,0.6802707749341362,0.8569465041737034,0.99930168399777,0.8006271115840523,instance,complexity_kDN_top20
0,0.536036036036036,0.8,0.08247422680412375,0.47058823529411764,0.7103598488083586,0.75,0.528368236661232,1.0,1.0,0.6701865776238293,0.8918734317628493,0.9777387793878627,0.01249860679192505,instance,complexity_kDN_top20
0,0.7917637917637917,0.8,0.9358974358974359,0.7647058823529411,0.7818245643907615,0.75,0.5070914915563256,1.0,1.0,0.6698545846926584,0.9004730164413308,0.9951804849313902,-0.18068968304569957,instance,complexity_kDN_top20
0,0.3695054945054945,0.0,0.08247422680412375,0.47058823529411764,0.2900603286135973,0.0,0.35297447164860674,0.994161801501251,1.0,0.6705805896838134,0.8898455628752965,0.9924622929914775,0.09829428456877251,instance,complexity_kDN_top20
0,0.16249999999999998,0.0,0.1123595505617978,0.4117647058823529,0.20325031527424076,0.0,0.3958883851865672,0.9924937447873228,1.0,0.6682106220456804,0.8349272441672992,0.9873334728524138,0.22881982308187704,instance,complexity_kDN_top20
0,0.03947368421052633,0.0,0.03240740740740744,0.4117647058823529,0.2859880243349323,0.0,0.4714671943327414,0.994161801501251,1.0,0.6703276081912058,0.9000945631748329,0.9927186419374245,0.417113475470225,instance,complexity_kDN_top20
0,0.08630952380952384,0.2,0.05128205128205132,0.7058823529411765,0.8188894042525832,0.0,0.4753111772650348,0.9983319432860718,1.0,0.6715619063022754,0.8620464045650094,0.9866105795714907,-0.3444844612607746,instance,complexity_kDN_top20
0,0.41216216216216217,0.4,0.05128205128205132,0.7058823529411765,0.6709173400722716,0.0,0.4977708179656798,0.9991659716430359,1.0,0.6703390973415789,0.9040266320610517,0.9977766239769724,0.11548335197228811,instance,complexity_kDN_top20
0,0.8587684069611781,0.6,0.7796610169491526,1.0,0.509023933292478,0.5,0.5208862992178244,1.0,1.0,0.6716321906606748,0.9017525970442062,0.996233327095333,0.06035363572787051,instance,complexity_kDN_top20
0,0.6314102564102564,0.2,0.03703703703703709,0.6470588235294118,0.20316774198899556,0.3333333333333333,0.532436805986858,1.0,1.0,0.668463195631047,0.8669258496530924,0.9811588282602982,0.4233621677289478,instance,complexity_kDN_top20
0,0.31666666666666665,0.0,0.25619834710743805,0.7647058823529411,0.20502733384292193,0.0,0.4294522252978632,0.9949958298582152,1.0,0.6704448709075109,0.846706171125249,0.9803014208944913,0.33656008601800536,instance,complexity_kDN_top20
0,0.3622448979591837,0.4,0.9358974358974359,0.7647058823529411,0.7641360584553603,1.0,0.5297112957744317,1.0,1.0,0.6692282366670449,0.8393408911309471,0.9979101280628492,-0.14150052711755268,instance,complexity_kDN_top20
0,0.009433962264150941,0.0,0.8571428571428572,0.5882352941176471,0.20335191194752428,0.0,0.4409694844491735,0.9891576313594662,0.95,0.6417832199886363,0.8546070216270998,0.988966178801706,0.1868118388689445,instance,complexity_kDN_top20
0,0.02777777777777779,0.0,0.8245614035087719,0.5294117647058824,0.344770933921978,0.0,0.44593262335366757,0.9908256880733946,1.0,0.6703240069618773,0.8427237503548042,0.9535572205390654,-0.2913260168697596,instance,complexity_kDN_top20
0,0.03191489361702127,0.2,0.14814814814814814,0.5882352941176471,0.27922942901993386,0.0,0.4923532662132135,0.9991659716430359,1.0,0.6705012030961427,0.8566092001236891,0.9974519076037722,0.6193300395070824,instance,complexity_kDN_top20
0,0.0,0.0,0.40625,0.29411764705882354,0.20308208514630133,0.0,0.4360204196621307,0.994161801501251,1.0,0.6671200922251768,0.8266506802066133,0.9962385721907867,-0.03855759613540706,instance,complexity_kDN_top20
0,0.03947368421052633,0.0,0.03240740740740744,0.4117647058823529,0.2126845766525718,0.0,0.38257702134163185,0.9891576313594662,1.0,0.6715140536763736,0.8710945199064563,0.9902052722691949,0.29274242541711276,instance,complexity_kDN_top20
0,0.01388888888888884,0.0,0.08247422680412375,0.47058823529411764,0.3735497609228854,0.0,0.4836974624327678,0.994161801501251,1.0,0.6703679881767888,0.8724193075392186,0.9858663875212776,0.23848191143177877,instance,complexity_kDN_top20
0,0.6314102564102564,0.6,0.05128205128205132,0.5882352941176471,0.20688615658968962,1.0,0.5200387910536677,1.0,1.0,0.6685966601240938,0.8745886732560724,0.9911106237602754,0.26425803273341203,instance,complexity_kDN_top20
0,0.3990825688073394,0.2,0.08247422680412375,0.47058823529411764,0.8416729844419771,0.0,0.4812250401657272,0.9991659716430359,1.0,0.6733136935637668,0.8879557967468944,0.9970716498057547,0.1410456187719232,instance,complexity_kDN_top20
0,0.03947368421052633,0.0,0.03240740740740744,0.4117647058823529,0.20427939468460254,0.0,0.3899027215806098,0.969140950792327,1.0,0.6705433114195771,0.8522278804823593,0.9928874877840578,0.9038314082979063,instance,complexity_kDN_top20
0,0.03191489361702127,0.0,0.08247422680412375,0.47058823529411764,0.3869612118634153,0.0,0.4542557496539974,0.9958298582151793,1.0,0.6703725943578125,0.8502145966047994,0.9806001358080988,0.13690401899771137,instance,complexity_kDN_top20
0,0.10964912280701755,0.0,0.03703703703703709,0.6470588235294118,0.20635923839691728,0.0,0.45883523913571256,0.9891576313594662,1.0,0.6669457517845306,0.8561598722464536,0.9764901707836932,0.5434729367678521,instance,complexity_kDN_top20
0,0.45463812436289497,0.6,0.3939393939393939,0.7058823529411765,0.8807163321367334,0.3333333333333333,0.5056456581053277,1.0,1.0,0.6763197531987399,0.8859481686584051,0.9852250370321942,-0.5339750792747544,instance,complexity_kDN_top20
0,0.08191489361702131,0.0,0.765625,0.6470588235294118,0.2109902479584515,0.0,0.47694138193465696,0.9933277731442869,1.0,0.6711421925266483,0.8796712227603993,0.9936393509196875,0.07883225172137191,instance,complexity_kDN_top20
0,0.1576923076923077,0.4,0.1123595505617978,0.5882352941176471,0.21849458296729612,0.3333333333333333,0.5103751150134626,1.0,1.0,0.6708500919025087,0.8503151971123625,0.9655136130902415,0.10417651626818128,instance,complexity_kDN_top20
0,0.48070175438596496,0.0,0.1123595505617978,0.4117647058823529,0.20330976259228856,0.0,0.4139945643267915,0.9808173477898249,1.0,0.6693296448154318,0.8452266661380088,0.9955892426865839,0.602342439600466,instance,complexity_kDN_top20
0,0.0,0.0,0.03240740740740744,0.4117647058823529,0.20304813033224056,0.0,0.3570487288105836,0.9908256880733946,0.8,0.2498858562195655,0.7963775395829126,0.9989081288830123,3.5959644881620187,instance,complexity_kDN_top20
0,0.452020202020202,0.2,0.14814814814814814,0.5882352941176471,0.4368315730320751,0.0,0.4908769247960568,0.9983319432860718,1.0,0.6704896378956772,0.8850597378501194,0.9950799726643824,0.19129679525954602,instance,complexity_kDN_top20
0,0.0,0.0,0.03240740740740744,0.4117647058823529,0.20406406878154082,0.0,0.43497827932395894,0.9808173477898249,1.0,0.6861782105457442,0.828790159133467,0.9789001937417949,0.3057800397519042,instance,complexity_kDN_top20
0,0.3635912698412699,0.2,0.6615384615384615,0.7058823529411765,0.6118072494072244,0.0,0.49248721539564355,0.9983319432860718,1.0,0.6712440217446941,0.8869654535444191,0.9752100568660483,-0.29264880504867025,instance,complexity_kDN_top20
0,0.0,0.0,0.12121212121212122,0.35294117647058826,0.2044832758039063,0.0,0.38318897517477823,0.9824854045037531,1.0,0.6705814045035947,0.8008407510606592,0.9822474010549634,0.41738506547713683,instance,complexity_kDN_top20
0,0.023809523809523836,0.0,0.03240740740740744,0.4117647058823529,0.20588537336568075,0.0,0.434615694692261,0.9849874895746455,1.0,0.6720161466924371,0.8444965355658016,0.9836980535263637,0.444792828402983,instance,complexity_kDN_top20
0,0.01388888888888884,0.0,0.1123595505617978,0.4117647058823529,0.20424892646421738,0.0,0.43166006239877475,0.9916597164303587,1.0,0.6672185053631596,0.8546441720721747,0.9945656304589656,0.3811039817989646,instance,complexity_kDN_top20
0,0.7972582972582972,0.8,0.9358974358974359,0.5294117647058824,0.4557490076424263,1.0,0.5411993587279134,1.0,1.0,0.6700844324062822,0.8472586845960114,0.9348906102433246,-0.220306053193961,instance,complexity_kDN_top20
0,0.0,0.0,0.40625,0.35294117647058826,0.20305174185629976,0.0,0.4165612519590406,0.9783152627189324,0.85,0.6571867708070794,0.811000140656011,0.9922189035689382,0.5600668322663077,instance,complexity_kDN_top20
0,0.03947368421052633,0.0,0.03240740740740744,0.4117647058823529,0.2065626568156353,0.0,0.375389412391825,0.9924937447873228,1.0,0.6696292766856348,0.8788406675429611,0.9959668262659527,0.580457414150658,instance,complexity_kDN_top20
0,0.4605263157894737,0.0,0.0,0.29411764705882354,0.20349424694266577,0.0,0.4485252634340058,0.9924937447873228,1.0,0.6702725129866831,0.8309770871801841,0.9887981045603844,0.4494517758180172,instance,complexity_kDN_top20
0,0.03947368421052633,0.0,0.03240740740740744,0.4117647058823529,0.22414170515158316,0.0,0.4416372354386653,0.9916597164303587,1.0,0.670671774941658,0.8889499168084338,0.990436521672633,0.5255931671479522,instance,complexity_kDN_top20
0,0.771551724137931,1.0,0.8877551020408163,0.8823529411764706,0.5279809235100649,1.0,0.5171155379245733,1.0,1.0,0.6691862370603765,0.879331568648209,0.9716742546194477,-0.20596813099341985,instance,complexity_kDN_top20
0,0.07631578947368423,0.0,0.0,0.29411764705882354,0.20304813033224056,0.0,0.40643275685010616,0.9774812343619683,1.0,0.6687092759490176,0.8523647570243373,0.9796898085100979,0.6012508604533552,instance,complexity_kDN_top20
0,0.18367346938775508,0.0,0.1123595505617978,0.4117647058823529,0.24092679907997344,0.0,0.4201597270122217,0.9958298582151793,1.0,0.6687780006293487,0.8570830084492582,0.9972307770722799,0.3572655428191407,instance,complexity_kDN_top20
0,0.009433962264150941,0.0,0.33333333333333337,0.4117647058823529,0.21480136781394654,0.0,0.4320485209630037,0.9883236030025021,0.95,0.6419219046464566,0.8582913192613784,0.998157765061445,0.08221785464586065,instance,complexity_kDN_top20
0,0.1291208791208791,0.0,0.1123595505617978,0.4117647058823529,0.2047461342533073,0.0,0.44256679233599183,0.994161801501251,1.0,0.6681047944501897,0.8411117852415068,0.9966580150628932,-0.12597956845329134,instance,complexity_kDN_top20
0,0.009433962264150941,0.0,0.0,0.29411764705882354,0.2323555437228197,0.0,0.46930207408741376,0.9958298582151793,1.0,0.6756466201392617,0.8441710066730062,0.9791446266052125,-0.033679577868453325,instance,complexity_kDN_top20
0,0.0,0.0,0.03240740740740744,0.4117647058823529,0.20304817948787368,0.0,0.3437364347915485,0.8807339449541285,0.95,0.6665549128886071,0.8083549055407669,0.9748524275871813,0.9409127100155876,instance,complexity_kDN_top20
1,0.3192982456140351,0.0,0.22033898305084743,0.6470588235294118,0.30830792700326565,0.0,0.4372872685438546,0.9938854919399667,1.0,0.6797566691947845,0.8709001167022514,0.9933891698451922,-0.27476827895776157,instance,complexity_kDN_top20
1,0.1384615384615384,0.0,0.0641025641025641,0.6470588235294118,0.12047139783934657,0.0,0.40544019086499083,0.9833240689271817,1.0,0.679856298662883,0.8521604209060836,0.9697543847447939,0.5032035112854057,instance,complexity_kDN_top20
1,0.15681818181818175,0.0,0.053459119496855334,0.8235294117647058,0.12366904435296977,0.0,0.3873540628719664,0.9972206781545303,1.0,0.6712117268644141,0.8572719727619829,0.9869054800297854,0.3617245826228829,instance,complexity_kDN_top20
1,0.2848837209302326,0.0,0.27586206896551724,0.5882352941176471,0.36187836464741563,0.0,0.38931680896965026,0.9955530850472485,1.0,0.6706766392332988,0.8743255515588901,0.950750093441343,0.30301950396700694,instance,complexity_kDN_top20
1,0.0052631578947368585,0.0,0.0641025641025641,0.6470588235294118,0.11498666207447528,0.0,0.4077793208386722,0.9794330183435241,0.95,0.6647053846634666,0.8226085999782604,0.9955236364761124,0.7172116826913245,instance,complexity_kDN_top20
1,0.13131313131313127,0.4,0.0641025641025641,0.7647058823529411,0.19791463980200474,0.16666666666666666,0.4449979218614575,0.9988882712618121,1.0,0.6721184863554788,0.884248154018139,0.9940539505895886,0.3044671805420108,instance,complexity_kDN_top20
1,0.06000000000000005,0.0,0.0641025641025641,0.6470588235294118,0.11847944129962179,0.0,0.38049286704966845,0.9816564758198999,1.0,0.6780251553047554,0.8332131471851886,0.9547942473085536,0.6740717831953256,instance,complexity_kDN_top20
1,0.30263157894736836,0.4,0.5652173913043479,0.8823529411764706,0.36179062696026154,0.0,0.4385712865686524,0.9983324068927182,1.0,0.6719091193379971,0.8943511599280585,0.9920154141406491,0.0987285024623396,instance,complexity_kDN_top20
1,0.013333333333333308,0.0,0.0641025641025641,0.5882352941176471,0.1281898129768163,0.0,0.4543088272121333,0.9961089494163424,0.95,0.6408044386685898,0.832806223413374,0.9915291592788685,0.6800591118066817,instance,complexity_kDN_top20
1,0.1384615384615384,0.0,0.0641025641025641,0.6470588235294118,0.11503088224698305,0.0,0.4218979893649851,0.9944413563090606,1.0,0.6801980837659772,0.855750889515449,0.9985825188065224,0.722962834718222,instance,complexity_kDN_top20
1,0.07377049180327866,0.0,0.09248554913294793,0.8235294117647058,0.1150539285007165,0.0,0.45121073683209856,0.9933296275708727,1.0,0.6806897910303996,0.8862562298554215,0.9988130257533785,0.5061155811268759,instance,complexity_kDN_top20
1,0.021739130434782594,0.0,0.234375,0.5882352941176471,0.1277816604910465,0.0,0.43292689578393995,0.9949972206781545,1.0,0.6797816909764128,0.8719624701357036,0.9767060912631792,0.23639061635367903,instance,complexity_kDN_top20
1,0.2102272727272727,0.0,0.053459119496855334,0.8235294117647058,0.12377064915469393,0.0,0.4356417924171596,0.9938854919399667,1.0,0.6719899553120017,0.8823880927105616,0.9889495685806318,0.2975399144181143,instance,complexity_kDN_top20
1,0.06000000000000005,0.4,0.234375,0.5882352941176471,0.3194999574047479,0.5,0.46460494000974717,0.9983324068927182,1.0,0.6822991797712338,0.8595749881437771,0.9753615996888861,0.41020842830950505,instance,complexity_kDN_top20
1,0.0,0.0,0.743801652892562,0.5294117647058824,0.29466558149471345,0.0,0.4526173094402879,0.9955530850472485,1.0,0.6737646611054301,0.8673469283955543,0.9867253950228929,-0.1297005199401656,instance,complexity_kDN_top20
1,0.2848837209302326,0.0,0.743801652892562,0.6470588235294118,0.7428320880292041,0.0,0.47870098687398066,0.9966648137854364,1.0,0.6703526379444613,0.8501768394177281,0.9780614393629421,-0.005645628314388068,instance,complexity_kDN_top20
1,0.06153846153846154,0.2,0.0641025641025641,0.6470588235294118,0.1281337460263237,0.0,0.4644709248222424,0.9983324068927182,1.0,0.668649903450782,0.8406551347780915,0.9649865333247531,0.24552049563538833,instance,complexity_kDN_top20
1,0.0,0.0,0.0641025641025641,0.6470588235294118,0.11535620229955201,0.0,0.39982188910428784,0.990550305725403,0.95,0.6405174770687838,0.845200932636174,0.9963409996416811,0.3078474957480002,instance,complexity_kDN_top20
1,0.7015503875968992,0.6,0.3384615384615385,0.8235294117647058,0.2449711463808414,1.0,0.5039414260757467,1.0,1.0,0.6719998227621905,0.893388746914501,0.9970230391824514,0.26467873092808786,instance,complexity_kDN_top20
1,0.0,0.0,0.0641025641025641,0.6470588235294118,0.1149866576827413,0.0,0.4111055808270936,0.9566425792106726,0.9,0.3821272693917084,0.7830805907206032,0.9628020383626863,2.501565052581114,instance,complexity_kDN_top20
1,0.22254901960784312,0.0,0.11224489795918369,0.7058823529411765,0.1677775256502878,0.0,0.40120460589778684,0.9972206781545303,1.0,0.6754314499428041,0.8464958756167039,0.989297619111134,0.27865200897295306,instance,complexity_kDN_top20
1,0.05681818181818188,0.2,0.0,0.4117647058823529,0.12207024781867959,0.0,0.4438023441060577,0.9977765425236242,1.0,0.6690133016232848,0.8478299649109367,0.9975524117861783,0.0239260668820113,instance,complexity_kDN_top20
1,0.015151515151515138,0.0,0.0641025641025641,0.5882352941176471,0.11500611679688533,0.0,0.40577635938526835,0.9844357976653697,0.9,0.6131125450474987,0.8424442818865566,0.986454206213087,0.5892221335308748,instance,complexity_kDN_top20
1,0.10091743119266061,0.0,0.0641025641025641,0.6470588235294118,0.11500935394721923,0.0,0.47465104719524864,0.9955530850472485,1.0,0.6798150094833411,0.854286849329372,0.9804763116006212,0.3998463861610327,instance,complexity_kDN_top20
1,0.08783783783783783,0.2,0.053459119496855334,0.7647058823529411,0.22373741848557172,0.0,0.44968493282370725,0.9983324068927182,1.0,0.6707020829396979,0.9037286506127081,0.9986072821749066,0.24862108401720434,instance,complexity_kDN_top20
1,0.28846153846153844,0.2,0.22033898305084743,0.9411764705882353,0.7189029068829319,0.0,0.44539180387723554,0.9983324068927182,1.0,0.6718708270079753,0.8505290373661347,0.9702798708435998,-0.3025545485322229,instance,complexity_kDN_top20
1,0.41346153846153844,0.2,0.1428571428571429,0.5882352941176471,0.7792536092090769,0.0,0.49918556956980575,0.9988882712618121,1.0,0.6705528185278633,0.8618121267492811,0.9667276303596108,-0.27199091914403173,instance,complexity_kDN_top20
1,0.31153846153846154,0.2,0.0641025641025641,0.7058823529411765,0.11767595129025044,0.25,0.5271391868791775,1.0,1.0,0.6699258182303778,0.8772060452759997,0.9957319197912569,0.5322271532918914,instance,complexity_kDN_top20
1,0.06153846153846154,0.0,0.11224489795918369,0.7058823529411765,0.6991048376912321,0.0,0.46256478234629206,0.9966648137854364,1.0,0.6726371329758513,0.854786177792584,0.9871799445195734,-0.0853677580069038,instance,complexity_kDN_top20
1,0.030120481927710774,0.0,0.053459119496855334,0.8235294117647058,0.5081682998124485,0.0,0.47297480292635186,0.9972206781545303,1.0,0.6706008385247108,0.8636095048887293,0.9964497134760002,0.25590668704685315,instance,complexity_kDN_top20
1,0.39729729729729724,0.0,0.17543859649122806,0.5294117647058824,0.3091186914693588,0.0,0.4771688121708546,0.9961089494163424,1.0,0.6683282710668087,0.8641355531097024,0.9874588621280402,-0.14189947473867912,instance,complexity_kDN_top20
1,0.10999999999999999,0.0,0.0641025641025641,0.6470588235294118,0.11985395701262364,0.0,0.4514527992385686,0.9938854919399667,1.0,0.6774381734049458,0.8628533337588096,0.9684461067892045,0.5870092249785327,instance,complexity_kDN_top20
1,0.013333333333333308,0.0,0.0641025641025641,0.6470588235294118,0.11555169482879346,0.0,0.4427666384938739,0.9972206781545303,1.0,0.6708233387955563,0.8723889263521679,0.9965301040091619,0.4705736957321313,instance,complexity_kDN_top20
1,0.1384615384615384,0.0,0.0641025641025641,0.6470588235294118,0.11925531173354076,0.0,0.33915229244473166,0.9588660366870484,1.0,0.6790414208688651,0.841279890595481,0.9833284068156013,0.6111411413877327,instance,complexity_kDN_top20
1,0.10699300699300696,0.2,0.9175257731958762,0.47058823529411764,0.2962384194812445,0.0,0.4328199871659425,0.9977765425236242,1.0,0.6711587557666813,0.8674483719353084,0.9649514548710758,-0.13601147935264066,instance,complexity_kDN_top20
1,0.08783783783783783,0.2,0.09248554913294793,0.7647058823529411,0.14910316401793378,0.0,0.46618440081074963,0.9977765425236242,1.0,0.6804409555708995,0.8856589181162795,0.9972132874368745,0.047190458562465606,instance,complexity_kDN_top20
1,0.9350104821802935,1.0,0.9675925925925926,0.47058823529411764,0.7143889669165109,1.0,0.5867067872102123,1.0,1.0,0.6801487148969529,0.8711417886593589,0.9958304877521553,0.026570806668072218,instance,complexity_kDN_top20
1,0.12254901960784315,0.0,0.0641025641025641,0.5882352941176471,0.11872302931634537,0.0,0.39803200539172967,0.9949972206781545,1.0,0.6717066438970554,0.8852233343318481,0.9922198839640568,0.4196979947567027,instance,complexity_kDN_top20
1,0.09999999999999998,0.2,0.4444444444444444,0.5882352941176471,0.46901152194025286,0.3333333333333333,0.5156615191125207,1.0,1.0,0.67143780291781,0.8693506495156275,0.9980725805531652,0.24063627398770895,instance,complexity_kDN_top20
1,0.20192307692307687,0.0,0.053459119496855334,0.7058823529411765,0.1242308433824606,0.0,0.4111954077393929,0.9738743746525848,1.0,0.6724665460142111,0.8902741943637222,0.9920784863531381,0.7590304768784031,instance,complexity_kDN_top20
1,0.2102272727272727,0.2,0.234375,0.5882352941176471,0.1322404093647646,0.0,0.48353037441551816,0.9988882712618121,1.0,0.6807085282389931,0.896089875001179,0.9991920957726907,-0.032502854142875105,instance,complexity_kDN_top20
1,0.08783783783783783,0.0,0.053459119496855334,0.8235294117647058,0.3622422161758245,0.0,0.44510343977376654,0.9961089494163424,1.0,0.680157880144259,0.8379078607425028,0.9845511142620563,0.007989011736782452,instance,complexity_kDN_top20
1,0.12280701754385959,0.4,0.11111111111111116,0.47058823529411764,0.13321975086728355,0.0,0.47052979684154683,0.9983324068927182,1.0,0.6696666318757597,0.829636989338305,0.9936774691997213,0.3591534757293192,instance,complexity_kDN_top20
1,0.01724137931034475,0.0,0.053459119496855334,0.7058823529411765,0.11670916115278607,0.0,0.38757318890902537,0.9644246803779878,0.95,0.6367029787821035,0.8454491025142701,0.9965444790186803,0.7659639159564019,instance,complexity_kDN_top20
1,0.01388888888888884,0.0,0.0641025641025641,0.6470588235294118,0.11541558140962138,0.0,0.40304219601273195,0.9688715953307393,1.0,0.671225535466888,0.8724882904833586,0.9976188397633948,0.563727275902027,instance,complexity_kDN_top20
1,0.13131313131313127,0.2,0.053459119496855334,0.7058823529411765,0.1251120234049884,0.0,0.4744122234353839,0.9988882712618121,1.0,0.6711558656080352,0.8475151414643827,0.9764477064477326,0.589350844971037,instance,complexity_kDN_top20
1,0.21662763466042156,0.0,0.053459119496855334,0.8235294117647058,0.11498665768862987,0.0,0.4436471607941942,0.9944413563090606,1.0,0.6816561671658011,0.8682649762491105,0.9873533056900422,0.801711358183039,instance,complexity_kDN_top20
1,0.0,0.2,0.0641025641025641,0.5882352941176471,0.11555947250945264,0.0,0.47899486451454876,0.9977765425236242,1.0,0.6704570991787981,0.8592792383378498,0.9670429611221032,0.3580938341324857,instance,complexity_kDN_top20
1,0.0,0.2,0.0641025641025641,0.6470588235294118,0.11590604570538066,0.0,0.4432564703574301,0.9994441356309061,1.0,0.671817490785332,0.8619417559485429,0.9990544712963385,0.7570262627618927,instance,complexity_kDN_top20
1,0.017857142857142794,0.0,0.053459119496855334,0.8235294117647058,0.11498666679739511,0.0,0.3318660227787711,0.9610894941634242,1.0,0.6808492589520826,0.838938721087537,0.983759532611025,1.1141175941023136,instance,complexity_kDN_top20
1,0.12280701754385959,0.0,0.0641025641025641,0.5882352941176471,0.38491095279291543,0.0,0.4277530687319915,0.9955530850472485,1.0,0.6700931924548287,0.8531646666581766,0.963594141488797,0.042346556763381976,instance,complexity_kDN_top20
1,0.0052631578947368585,0.0,0.0641025641025641,0.6470588235294118,0.11498725360077644,0.0,0.35293107255338074,0.9777654252362423,0.95,0.6172720807302586,0.8522266112106897,0.998220498027667,0.9629602212886623,instance,complexity_kDN_top20
1,0.06153846153846154,0.2,0.053459119496855334,0.8235294117647058,0.16704780706517425,1.0,0.5434053679868551,1.0,1.0,0.6698474246795737,0.8780126844942521,0.987247423795699,0.2652950430459425,instance,complexity_kDN_top20
1,0.12280701754385959,0.0,0.59375,0.29411764705882354,0.11502637700840995,0.0,0.435677936620094,0.9783212896053363,1.0,0.6671476916467934,0.7968935579257888,0.9894412475659917,0.5131720491462587,instance,complexity_kDN_top20
1,0.0052631578947368585,0.0,0.0641025641025641,0.6470588235294118,0.11500683530726119,0.0,0.3528986362780837,0.981100611450806,1.0,0.6745602335800421,0.8610947250165056,0.992193795868847,0.6628823785097194,instance,complexity_kDN_top20
1,0.08783783783783783,0.0,0.053459119496855334,0.7058823529411765,0.5484809659201678,0.0,0.4607804859444843,0.9972206781545303,1.0,0.6724246873580336,0.8871402332267083,0.9993472453335338,0.2104482648920505,instance,complexity_kDN_top20
1,0.12254901960784315,0.4,0.06666666666666665,0.4117647058823529,0.5048528066145828,0.0,0.467360362004863,0.9988882712618121,1.0,0.6841188346872048,0.8511076835021575,0.9938797018556279,0.06643579938094966,instance,complexity_kDN_top20
1,0.06153846153846154,0.2,0.4444444444444444,0.6470588235294118,0.13454394992462443,0.0,0.44455189723437516,0.9977765425236242,1.0,0.6699308230492678,0.8450645021408192,0.9793692840233496,0.2547744505859991,instance,complexity_kDN_top20
1,0.0052631578947368585,0.0,0.0641025641025641,0.6470588235294118,0.11554649194670763,0.0,0.40779529909575796,0.9438576987215119,1.0,0.6733707455241743,0.8453685386573827,0.9651769027551589,0.7599404820339948,instance,complexity_kDN_top20
1,0.23015873015873023,0.4,0.07407407407407407,0.5882352941176471,0.1410932091312468,0.0,0.45675995610236464,0.9988882712618121,1.0,0.6731423233280158,0.8774561318676334,0.9883986372634999,0.4200854291952148,instance,complexity_kDN_top20
1,0.0892857142857143,0.0,0.053459119496855334,0.8235294117647058,0.1154045163671692,0.0,0.3169140661663016,0.991106170094497,1.0,0.6744455688248511,0.8562964577250176,0.9712286574427943,0.4479354128721533,instance,complexity_kDN_top20
1,0.030120481927710774,0.0,0.053459119496855334,0.7058823529411765,0.21004941151689316,0.0,0.4350090185802895,0.9955530850472485,1.0,0.6742520692251457,0.872465666474904,0.9920679366936083,0.5118089348425616,instance,complexity_kDN_top20
1,0.41022727272727266,0.4,0.17543859649122806,0.5294117647058824,0.23783233885175364,0.0,0.47838185948939904,0.9994441356309061,1.0,0.6687414532371793,0.8965218726272397,0.9994556110205798,0.052566094684066395,instance,complexity_kDN_top20
1,0.27182539682539686,0.0,0.025000000000000022,0.47058823529411764,0.7299338983410357,0.0,0.42788736947955386,0.9944413563090606,1.0,0.6730217910368667,0.8718244953653788,0.997489110193902,0.013108522771230468,instance,complexity_kDN_top20
1,0.015151515151515138,0.0,0.0641025641025641,0.6470588235294118,0.11807675334481316,0.0,0.3565657816628758,0.9938854919399667,1.0,0.6729840492180372,0.8760791271790133,0.9871062827375718,0.4926234242220915,instance,complexity_kDN_top20
1,0.06153846153846154,0.0,0.4444444444444444,0.5882352941176471,0.17892613769005372,0.0,0.4591745019407698,0.9961089494163424,1.0,0.6680478653651235,0.8440979198107676,0.9993265551945881,0.25950330314208964,instance,complexity_kDN_top20
1,0.45192307692307687,0.2,0.3384615384615385,0.8823529411764706,0.4088404296602276,0.5,0.49344522727262996,0.9994441356309061,1.0,0.6722660000653968,0.9156434587279062,0.9961914049297573,-0.06756533907364512,instance,complexity_kDN_top20
1,0.07377049180327866,0.0,0.0641025641025641,0.7058823529411765,0.12435947370518358,0.0,0.4165242047940846,0.9972206781545303,1.0,0.673700450939327,0.8639052856462864,0.9942115982905152,0.06059470150181517,instance,complexity_kDN_top20
1,0.013333333333333308,0.0,0.0641025641025641,0.6470588235294118,0.11499396907176873,0.0,0.41324719697313395,0.9783212896053363,1.0,0.6680568944266931,0.8486366224295745,0.9967269618511666,0.9849508762515787,instance,complexity_kDN_top20
1,0.21202854230377166,0.4,0.053459119496855334,0.7058823529411765,0.19529312253406916,0.5,0.5367521982196888,1.0,1.0,0.6729528712558683,0.9144778645032835,0.985873619217723,0.24953197539182834,instance,complexity_kDN_top20
1,0.21202854230377166,0.0,0.234375,0.5882352941176471,0.16825062179672262,0.0,0.4526026900807997,0.9961089494163424,1.0,0.6724866561590536,0.9185504978391685,0.9891884463874902,0.30653186560730616,instance,complexity_kDN_top20
1,0.33040935672514626,0.2,0.11224489795918369,0.7058823529411765,0.7202786849278401,0.5,0.4684983227977514,0.9994441356309061,1.0,0.6723183088977418,0.8652749326380613,0.9961223907261633,0.12443826101562332,instance,complexity_kDN_top20
1,0.253448275862069,0.0,0.0641025641025641,0.5882352941176471,0.11757827070042903,0.0,0.4454204204253003,0.9955530850472485,1.0,0.6739747126899746,0.8707033698779091,0.9833269612281386,0.37305796399272295,instance,complexity_kDN_top20
1,0.013333333333333308,0.0,0.0641025641025641,0.6470588235294118,0.11503602670998914,0.0,0.4069444790363792,0.9844357976653697,1.0,0.6706930756444267,0.8357203650884852,0.9885392171284585,0.7107970224484988,instance,complexity_kDN_top20
1,0.10091743119266061,0.0,0.22033898305084743,0.6470588235294118,0.1196580358948855,0.0,0.4187432245020458,0.9938854919399667,1.0,0.6700568647742912,0.8627984605352633,0.9864683601476668,0.2712100619141386,instance,complexity_kDN_top20
1,0.08064516129032251,0.0,0.06666666666666665,0.4117647058823529,0.1149866576827413,0.0,0.4203529667086845,0.980544747081712,1.0,0.6865677133424269,0.8527263169946,0.9841923838265102,0.8532974373199829,instance,complexity_kDN_top20
1,0.23015873015873023,0.0,0.06666666666666665,0.4117647058823529,0.20798420696799508,0.0,0.4250121026981649,0.9966648137854364,1.0,0.6834749245925633,0.8640470769605464,0.9929060439944496,0.3621181396150957,instance,complexity_kDN_top20
1,0.0357142857142857,0.0,0.0641025641025641,0.7058823529411765,0.11527368877205652,0.0,0.4149139759368081,0.9788771539744302,0.95,0.6584699736794277,0.8558884487149465,0.981225027220138,0.7167828185634315,instance,complexity_kDN_top20
1,0.0,0.0,0.06666666666666665,0.4117647058823529,0.11783123150286995,0.0,0.3226573137977299,0.9888827126181212,1.0,0.6786730327931967,0.8586477746755807,0.9846607352112487,0.4544938967584345,instance,complexity_kDN_top20
1,0.424512987012987,0.4,0.22033898305084743,0.9411764705882353,0.18050219484833419,0.0,0.48118659158016186,0.9988882712618121,1.0,0.6700376511655189,0.8996180809966031,0.9927086934904318,0.020320197529784704,instance,complexity_kDN_top20
1,0.547979797979798,0.2,0.0641025641025641,0.7058823529411765,0.21036742995770086,0.4,0.4564386155000013,0.9983324068927182,1.0,0.6708896894913696,0.8798874709261358,0.9625627152102153,0.11215612263240093,instance,complexity_kDN_top20
1,0.0,0.0,0.0641025641025641,0.6470588235294118,0.11499300364388293,0.0,0.35061360000245345,0.9533073929961089,1.0,0.6792747115293278,0.8438812477724996,0.9928032250125662,0.7717920665958141,instance,complexity_kDN_top20
1,0.2102272727272727,0.0,0.11224489795918369,0.6470588235294118,0.11603271189299458,0.0,0.40493536058446133,0.9738743746525848,1.0,0.6790958654514494,0.8380140939739812,0.9499754434428699,0.4383874376121046,instance,complexity_kDN_top20
1,0.05681818181818188,0.0,0.0641025641025641,0.6470588235294118,0.11879414021820228,0.0,0.3339701393628336,0.9922178988326849,1.0,0.6717502364538347,0.8415772774625296,0.9992003656814478,0.427717353030885,instance,complexity_kDN_top20
1,0.0,0.2,0.0641025641025641,0.7647058823529411,0.12512910216509926,0.0,0.43931801714417407,0.9977765425236242,1.0,0.6781998858909862,0.8771649702333276,0.9865703293506096,0.39166608569396427,instance,complexity_kDN_top20
1,0.0,0.0,0.0641025641025641,0.6470588235294118,0.11498717580776402,0.0,0.37722805876730603,0.9816564758198999,0.9,0.5745928071783369,0.8334015827016021,0.9958997645117139,0.650877839864313,instance,complexity_kDN_top20
1,0.17297762478485368,0.6,0.17543859649122806,0.5294117647058824,0.1901275972587292,1.0,0.5048400694502244,1.0,1.0,0.6704316651490535,0.883242215792861,0.9978800812410252,0.2758478315669419,instance,complexity_kDN_top20
1,0.2102272727272727,0.0,0.234375,0.5882352941176471,0.12628264428887093,0.0,0.46421073445059335,0.9961089494163424,1.0,0.6721134415465069,0.8743166806928928,0.9992997350465036,0.37239593131515863,instance,complexity_kDN_top20
1,0.27182539682539686,0.4,0.025000000000000022,0.47058823529411764,0.7074936772601812,1.0,0.5149800281461945,1.0,1.0,0.6742214732923799,0.8812577279387744,0.9874967819083081,0.05842566949421201,instance,complexity_kDN_top20
1,0.015151515151515138,0.2,0.0641025641025641,0.5882352941176471,0.1391775190147076,0.0,0.40175592966536244,0.9988882712618121,1.0,0.6699337049826853,0.8462932468052224,0.9944958933640404,0.27887601696825,instance,complexity_kDN_top20
1,0.0,0.0,0.0641025641025641,0.6470588235294118,0.11508453223085935,0.0,0.34708395577205686,0.9722067815453029,1.0,0.6737639378236939,0.8185358220414665,0.9703289834943286,0.6402556710887457,instance,complexity_kDN_top20
1,0.01724137931034475,0.0,0.0641025641025641,0.5882352941176471,0.11585360996599448,0.0,0.4302234472417461,0.9949972206781545,1.0,0.6722784204187172,0.8512559464255984,0.9904643149788183,0.38576313968254156,instance,complexity_kDN_top20
1,0.12280701754385959,0.4,0.0641025641025641,0.47058823529411764,0.24050278971686112,0.5,0.4745500424383692,0.9994441356309061,1.0,0.6691630947422478,0.8583314433322429,0.9798235863572476,0.5400463326596265,instance,complexity_kDN_top20
1,0.0,0.0,0.0641025641025641,0.6470588235294118,0.11532669656130778,0.0,0.45990597770698594,0.9944413563090606,1.0,0.6719330035510508,0.8548885779629692,0.9923719843975803,0.24365415332158027,instance,complexity_kDN_top20
1,0.0,0.0,0.0641025641025641,0.5882352941176471,0.1150096639478354,0.0,0.3464591617569459,0.9822123401889938,0.95,0.5898012997939572,0.8482829206896106,0.9882846036950403,0.9906113746655881,instance,complexity_kDN_top20
1,0.1892156862745098,0.0,0.09248554913294793,0.8235294117647058,0.23698976895910107,0.0,0.42596625805314936,0.9949972206781545,1.0,0.6773695371072267,0.8878360844047102,0.9853603283843545,0.3936812760686315,instance,complexity_kDN_top20
1,0.0,0.0,0.0641025641025641,0.6470588235294118,0.11498665777485167,0.0,0.4393277800292912,0.9822123401889938,0.95,0.6330662421814357,0.8352122775333342,0.9942083235498211,1.2146014981233035,instance,complexity_kDN_top20
1,0.2848837209302326,0.0,0.27586206896551724,0.5882352941176471,0.6543670087104583,0.0,0.4698216741994643,0.9972206781545303,1.0,0.6714456663881074,0.9008127266925186,0.9994332476014469,-0.1620757607356151,instance,complexity_kDN_top20
1,0.0,0.0,0.0641025641025641,0.6470588235294118,0.1149866576827413,0.0,0.4173679499841568,0.9788771539744302,0.85,0.6552075313799638,0.8231797582612902,0.997780358986324,1.5974510035571456,instance,complexity_kDN_top20
1,0.013333333333333308,0.2,0.0641025641025641,0.7058823529411765,0.2006030600044088,0.25,0.4467413299766779,0.9977765425236242,1.0,0.6717507204376043,0.8938889286289344,0.9903749202442877,0.13863529023753085,instance,complexity_kDN_top20
1,0.013333333333333308,0.0,0.0641025641025641,0.5882352941176471,0.11569349055714656,0.0,0.36553151606844014,0.9883268482490273,1.0,0.6789111343147,0.8703166327472228,0.9720515745985131,0.8022773263713786,instance,complexity_kDN_top20
1,0.20823620823620825,0.0,0.053459119496855334,0.7058823529411765,0.22986051835390808,0.0,0.4538424532959564,0.9949972206781545,1.0,0.6726316005084203,0.8797695811400559,0.973754661019495,0.3995237486466093,instance,complexity_kDN_top20
1,0.2848837209302326,0.4,0.3384615384615385,0.8823529411764706,0.7969518696677594,0.0,0.46079408699558366,0.9983324068927182,1.0,0.672577811992219,0.8723864706217309,0.970411773282441,-0.2733225729863501,instance,complexity_kDN_top20
1,0.01388888888888884,0.0,0.11111111111111116,0.47058823529411764,0.11503235482119051,0.0,0.35917864695411295,0.9922178988326849,1.0,0.6698895577262092,0.841410560305154,0.9909310589483541,0.6471445236749943,instance,complexity_kDN_top20
1,0.20274170274170278,0.2,0.0641025641025641,0.7058823529411765,0.15546132383391942,0.0,0.48829050124500817,0.9983324068927182,1.0,0.6718840509124384,0.8837042375771743,0.9949168568931339,0.7043876636760337,instance,complexity_kDN_top20
1,0.5079365079365079,0.4,0.17543859649122806,0.5294117647058824,0.3030968426840629,0.0,0.46504085757172475,0.9983324068927182,1.0,0.6704165666785019,0.9125029415698347,0.9981146306811516,0.13375073048052438,instance,complexity_kDN_top20
1,0.06000000000000005,0.0,0.0641025641025641,0.7647058823529411,0.11614070168427387,0.0,0.36769083179304707,0.9933296275708727,1.0,0.6815855772961643,0.8391873087457771,0.9748121029095068,0.8875203280401205,instance,complexity_kDN_top20
1,0.01388888888888884,0.0,0.0641025641025641,0.7058823529411765,0.1151578728608808,0.0,0.3629536514569093,0.9788771539744302,1.0,0.6689908154408468,0.859327390327716,0.9972960749211409,0.609506022080615,instance,complexity_kDN_top20
1,0.030120481927710774,0.8,0.053459119496855334,0.7647058823529411,0.5760840173818431,1.0,0.5142455191012345,1.0,1.0,0.6697795996405413,0.8592162825677804,0.9705787058088574,0.24344434207390017,instance,complexity_kDN_top20
1,0.1634174311926606,0.0,0.053459119496855334,0.8235294117647058,0.11498666737715668,0.0,0.4253031939335572,0.9949972206781545,1.0,0.6811201789792679,0.8768163304360146,0.9874925874707333,0.6343379315497945,instance,complexity_kDN_top20
1,0.0052631578947368585,0.0,0.0641025641025641,0.7058823529411765,0.1149866592489337,0.0,0.4324206106486401,0.9949972206781545,1.0,0.6775781331542117,0.8272326220322697,0.9988816630665369,0.8569754807209513,instance,complexity_kDN_top20
1,0.2519230769230769,0.0,0.053459119496855334,0.7058823529411765,0.4233483822401366,0.0,0.40634030569590673,0.9922178988326849,1.0,0.6702766308907614,0.8785942407428623,0.9895056203446674,0.1631055685243224,instance,complexity_kDN_top20
1,0.08783783783783783,0.4,0.7804878048780488,0.5294117647058824,0.7388955586844141,0.0,0.4839766663333782,0.9983324068927182,1.0,0.6706233381016715,0.8484084852519826,0.9915589263918112,0.010403624107370387,instance,complexity_kDN_top20
1,0.0,0.0,0.09248554913294793,0.8235294117647058,0.1150217210637468,0.0,0.4012310568870562,0.9838799332962757,0.95,0.6590588250689032,0.8217768731369365,0.9798980748933915,0.8877293918036867,instance,complexity_kDN_top20
1,0.4509615384615384,0.0,0.0641025641025641,0.6470588235294118,0.12242889705629595,0.0,0.4508735123065405,0.9961089494163424,1.0,0.6705002458749904,0.8462330419416526,0.9722996154105803,0.40165652975617266,instance,complexity_kDN_top20
1,0.06000000000000005,0.0,0.0641025641025641,0.5882352941176471,0.1322541769141452,0.0,0.4139569280422192,0.9872151195108394,1.0,0.6754849927381407,0.8260415164046812,0.9610292042786259,0.4881027973275608,instance,complexity_kDN_top20
1,0.6377551020408163,0.2,0.045454545454545414,0.4117647058823529,0.7791852860383122,0.0,0.48495007779986554,0.9988882712618121,1.0,0.6716627518316114,0.8396737468252107,0.9909296149363562,0.06950256232856926,instance,complexity_kDN_top20
1,0.1384615384615384,0.0,0.0641025641025641,0.7647058823529411,0.11499400694241452,0.0,0.38905125826673337,0.9833240689271817,1.0,0.6799265595672017,0.8396079860861828,0.999141374560187,1.1109702897808407,instance,complexity_kDN_top20
1,0.351923076923077,0.4,0.053459119496855334,0.7058823529411765,0.6436086791346314,0.0,0.47745710687203524,0.9983324068927182,1.0,0.6710963031853807,0.9050050661843951,0.9950805018684145,0.0023446753458164714,instance,complexity_kDN_top20
1,0.39729729729729724,0.6,0.0641025641025641,0.6470588235294118,0.1440134063498263,0.3333333333333333,0.50644164016787,1.0,1.0,0.6706982214840612,0.8696441553539531,0.9837661418250174,0.12387307178192158,instance,complexity_kDN_top20
1,0.49754901960784315,0.0,0.3384615384615385,0.8235294117647058,0.46447888921220304,0.0,0.4405109698859382,0.9961089494163424,1.0,0.6713660817790043,0.8820952834221417,0.9799932530979187,0.003998392966236732,instance,complexity_kDN_top20
1,0.0052631578947368585,0.0,0.0641025641025641,0.6470588235294118,0.11500982590544861,0.0,0.4123782616914493,0.9944413563090606,1.0,0.677880416738319,0.8529581511304911,0.9874297524701695,0.9556359710866481,instance,complexity_kDN_top20
1,0.29729729729729726,0.2,0.17543859649122806,0.5294117647058824,0.16312525349212248,0.3333333333333333,0.4577706147964239,0.9994441356309061,1.0,0.6698260785751786,0.8606571625572815,0.9936354034959017,0.3349451361644922,instance,complexity_kDN_top20
1,0.0,0.2,0.0641025641025641,0.6470588235294118,0.12627850619444386,0.0,0.47586294451419786,0.9977765425236242,1.0,0.6714201157804667,0.8841382350279418,0.9991839805359358,0.17341399745880282,instance,complexity_kDN_top20
1,0.030120481927710774,0.4,0.9,0.6470588235294118,0.5086067767098936,1.0,0.5138996425606779,1.0,1.0,0.6715617653821848,0.8977957019567103,0.9996508034172242,0.43202970519320505,instance,complexity_kDN_top20
1,0.1839080459770115,0.2,0.045454545454545414,0.4117647058823529,0.13903776191679074,0.5,0.4782088282427651,0.9994441356309061,1.0,0.6792393872097954,0.828395752636531,0.9914855289736474,0.5151871269192508,instance,complexity_kDN_top20
1,0.26540616246498594,0.4,0.053459119496855334,0.8235294117647058,0.1160870528528436,1.0,0.503069673700082,1.0,1.0,0.6805656483833137,0.8906431243878956,0.9945030682908055,0.23047956432020644,instance,complexity_kDN_top20
1,0.013333333333333308,0.0,0.0641025641025641,0.5882352941176471,0.11518526593840689,0.0,0.39360473724260814,0.9938854919399667,1.0,0.6788284306576331,0.8707174909151639,0.9723472971174228,0.7918582914180028,instance,complexity_kDN_top20
1,0.0,0.0,0.09248554913294793,0.8823529411764706,0.11524931945473738,0.0,0.40139045444159793,0.9816564758198999,1.0,0.6709802688079844,0.8732076830035165,0.9976501531815165,0.673368047831588,instance,complexity_kDN_top20
1,0.0,0.0,0.0641025641025641,0.6470588235294118,0.11499499226659388,0.0,0.36804542784976224,0.9444135630906059,1.0,0.6701428561833382,0.8362883224581136,0.9869153632397278,0.6332725617886354,instance,complexity_kDN_top20
1,0.2102272727272727,0.0,0.0641025641025641,0.7647058823529411,0.11640151118221104,0.0,0.36304100556055474,0.980544747081712,1.0,0.6722335027295734,0.8689199269062795,0.9971075221028933,0.557279953626301,instance,complexity_kDN_top20
1,0.05681818181818188,0.0,0.053459119496855334,0.8235294117647058,0.15426187346875053,0.0,0.4528354363928182,0.9933296275708727,0.95,0.6661602891596399,0.8317025424204667,0.9469087675562576,0.6153802502936067,instance,complexity_kDN_top20
1,0.021739130434782594,0.0,0.0641025641025641,0.6470588235294118,0.11978855856678089,0.0,0.44853184305356153,0.9922178988326849,1.0,0.6720866493603117,0.8653037983906472,0.9922731383676187,0.3941623117001523,instance,complexity_kDN_top20
1,0.0,0.0,0.17543859649122806,0.5882352941176471,0.1383177492661417,0.0,0.3896047174965386,0.991106170094497,1.0,0.6705338506423082,0.8656046347656876,0.9718316442939477,0.09365542937030039,instance,complexity_kDN_top20
1,0.34090909090909083,0.2,0.8787878787878788,0.23529411764705882,0.4488534543780499,0.0,0.3734439621723745,0.9977765425236242,1.0,0.6719531801965306,0.835798909837095,0.9775391536923229,0.11074240380600801,instance,complexity_kDN_top20
1,0.48015873015873023,0.2,0.025000000000000022,0.47058823529411764,0.6595634714717057,0.0,0.4635661551566934,0.9983324068927182,1.0,0.670839796503221,0.8871623063358672,0.9874596536578433,0.08635317184216092,instance,complexity_kDN_top20
1,0.030120481927710774,0.2,0.053459119496855334,0.7058823529411765,0.26877707759370273,0.0,0.4546989599548311,0.9988882712618121,1.0,0.6722510745234301,0.879522898000821,0.9863795704479297,0.40349673641653244,instance,complexity_kDN_top20
1,0.07692307692307687,0.0,0.06666666666666665,0.4117647058823529,0.48731747944660053,0.0,0.433511690076932,0.9966648137854364,1.0,0.6788978711219988,0.8851132024633923,0.9997315563498175,0.2368691887906205,instance,complexity_kDN_top20
1,0.34090909090909083,0.0,0.8876404494382022,0.47058823529411764,0.7922627794933788,0.0,0.3995586578813777,0.9961089494163424,1.0,0.6701709613821728,0.8343059717958001,0.9911503399854177,-0.25899290360652344,instance,complexity_kDN_top20
1,0.08064516129032251,0.0,0.0641025641025641,0.6470588235294118,0.1187543946357622,0.0,0.41497613298229774,0.9933296275708727,1.0,0.6713630614742894,0.8399974400864376,0.9843821527387894,0.5336335434828774,instance,complexity_kDN_top20
1,0.0892857142857143,0.0,0.07407407407407407,0.5294117647058824,0.11657006003232462,0.0,0.4636484536877764,0.9949972206781545,1.0,0.6735335787113985,0.8496352368570357,0.9760163771077393,0.2679875023898423,instance,complexity_kDN_top20
1,0.09262048192771077,0.0,0.0641025641025641,0.4117647058823529,0.1175470820471643,0.0,0.4498715803776576,0.9972206781545303,1.0,0.6795265625398921,0.8705839743706394,0.9718764926274991,0.5477754050686963,instance,complexity_kDN_top20
1,0.13247863247863245,0.6,0.3384615384615385,0.8235294117647058,0.4043710736714451,0.6666666666666666,0.5064815277209318,1.0,1.0,0.6704214420013869,0.8965833801085555,0.9889547202351059,0.1841647452043069,instance,complexity_kDN_top20
1,0.1384615384615384,0.0,0.0641025641025641,0.6470588235294118,0.11499861579449971,0.0,0.45196341736326506,0.991106170094497,1.0,0.6799341431013749,0.8615157446582392,0.9974883884948545,0.4014076010812196,instance,complexity_kDN_top20
1,0.5526315789473685,0.8,0.1428571428571429,0.5882352941176471,0.7861470234431069,0.6666666666666666,0.4908477294094509,0.9994441356309061,1.0,0.6697964105961326,0.84377798333821,0.9973352252059555,-0.2760430269749528,instance,complexity_kDN_top20
1,0.4162087912087913,0.4,0.6666666666666667,0.5294117647058824,0.1771831253309063,0.3333333333333333,0.5371168527120709,1.0,1.0,0.6710948433097145,0.8809962922968293,0.9841716471344303,0.36599771386431756,instance,complexity_kDN_top20
1,0.0,0.0,0.0641025641025641,0.6470588235294118,0.11606954674655778,0.0,0.4510880388467674,0.9949972206781545,1.0,0.6750411910170302,0.8790718697113095,0.9753701787886644,0.548446635155824,instance,complexity_kDN_top20
1,0.07692307692307687,0.0,0.234375,0.5882352941176471,0.12908343328470961,0.0,0.428662081737779,0.9949972206781545,1.0,0.6796981389722527,0.8592285735557141,0.9760832951494672,0.639488829586071,instance,complexity_kDN_top20
1,0.15033783783783783,0.0,0.053459119496855334,0.7058823529411765,0.7493460764117327,0.0,0.46729762745857173,0.9955530850472485,1.0,0.6690028557439942,0.8540585256323137,0.9939544294296193,0.048396655680230105,instance,complexity_kDN_top20
1,0.10344827586206895,0.0,0.0641025641025641,0.5882352941176471,0.11621102593002303,0.0,0.45069199520042,0.9933296275708727,1.0,0.6693879089949031,0.8787154579139269,0.9991043646017159,0.6525407059261373,instance,complexity_kDN_top20
1,0.3225490196078431,0.0,0.6060606060606061,0.7058823529411765,0.12017548610333717,0.0,0.444551799645194,0.9966648137854364,1.0,0.6730635918866784,0.8927024539316551,0.9920139397626441,0.5836883656940163,instance,complexity_kDN_top20
1,0.2848837209302326,0.0,0.27586206896551724,0.5882352941176471,0.5712498453084057,0.0,0.4388392087250944,0.9966648137854364,1.0,0.6716385079184329,0.8989685071330428,0.9971183386447934,0.028984127049082684,instance,complexity_kDN_top20
1,0.2259174311926606,0.0,0.0641025641025641,0.7058823529411765,0.11498666222926374,0.0,0.38889855478226054,0.9838799332962757,1.0,0.6810782076492797,0.8436244100079051,0.976307391800691,0.9195218594008915,instance,complexity_kDN_top20
1,0.013333333333333308,0.0,0.0641025641025641,0.6470588235294118,0.11539442517889115,0.0,0.3302120653537387,0.980544747081712,1.0,0.6734379000976515,0.8536898190975137,0.9746664836858047,0.9422783311245511,instance,complexity_kDN_top20
1,0.06000000000000005,0.2,0.09999999999999998,0.35294117647058826,0.6497383391777088,0.0,0.46851714029096825,0.9977765425236242,1.0,0.672990655475069,0.8338033827543768,0.9883254069987136,0.21311276589781922,instance,complexity_kDN_top20
1,0.01724137931034475,0.0,0.59375,0.29411764705882354,0.1166808519867567,0.0,0.4426693123758554,0.9949972206781545,0.95,0.6566520887689538,0.8004470540457722,0.94869479314344,0.4846680595561424,instance,complexity_kDN_top20
1,0.06153846153846154,0.0,0.11224489795918369,0.8235294117647058,0.1180443843134163,0.0,0.4189150534269339,0.9927737632017788,1.0,0.6689465763120942,0.857661002965985,0.9905110216141034,0.2843058953688941,instance,complexity_kDN_top20
1,0.33836206896551724,0.4,0.234375,0.5882352941176471,0.37601706799945456,0.0,0.4438824892524328,0.9983324068927182,1.0,0.6728591034825939,0.9014771890314629,0.9862870133407114,0.2675072883653181,instance,complexity_kDN_top20
1,0.030120481927710774,0.0,0.053459119496855334,0.7058823529411765,0.1478116793698085,0.0,0.45692061547139606,0.9877709838799333,1.0,0.6759438751027902,0.8824341996666991,0.9982386610755334,0.481404147215607,instance,complexity_kDN_top20
1,0.09999999999999998,0.2,0.07407407407407407,0.5882352941176471,0.19214114995211695,0.0,0.4887269615386022,0.9988882712618121,1.0,0.6941142521610368,0.863218439345735,0.9903698678405386,0.373996385920144,instance,complexity_kDN_top20
1,0.15710382513661203,0.0,0.17543859649122806,0.5294117647058824,0.15914205944966048,0.0,0.42081253577107525,0.9966648137854364,1.0,0.6724128069323234,0.897948681560514,0.996786023294096,0.3249128206263835,instance,complexity_kDN_top20
1,0.12254901960784315,0.0,0.33333333333333337,0.23529411764705882,0.16987864624125731,0.0,0.427496211996762,0.9972206781545303,1.0,0.6724911270365306,0.8619424491442693,0.9909824185606776,0.34243964556155343,instance,complexity_kDN_top20
1,0.29729729729729726,0.0,0.17543859649122806,0.5294117647058824,0.296842410823973,0.0,0.41650351752541803,0.9961089494163424,1.0,0.6712478531570163,0.871410639078246,0.9887977962601203,0.012134732097815126,instance,complexity_kDN_top20
1,0.08783783783783783,0.0,0.053459119496855334,0.7058823529411765,0.6112230676507723,0.0,0.42009702276765415,0.9944413563090606,1.0,0.6697779210350694,0.888178071617778,0.9883829709019076,0.12604692805180984,instance,complexity_kDN_top20
1,0.6833333333333333,0.6,0.09248554913294793,0.7058823529411765,0.13978206604517107,0.0,0.48218503634277354,0.9994441356309061,0.95,0.6666666666666666,0.8446391196024428,0.9841818097370414,-0.24206990750975674,instance,complexity_kDN_top20
1,0.030120481927710774,0.0,0.11224489795918369,0.7058823529411765,0.17439182434910405,0.0,0.4336870778560772,0.9961089494163424,1.0,0.675078497387176,0.8882256316559427,0.9899488219657854,0.22336431652629013,instance,complexity_kDN_top20
1,0.030120481927710774,0.0,0.053459119496855334,0.7058823529411765,0.21434737882794463,0.0,0.47116384308730486,0.9972206781545303,1.0,0.6789552424827912,0.9029928265649237,0.9956737676182956,0.23397460626974315,instance,complexity_kDN_top20
1,0.32362082362082356,0.4,0.09248554913294793,0.7058823529411765,0.31809421442044583,0.5,0.4521748293493705,0.9988882712618121,1.0,0.6712149878272904,0.9144129610364585,0.9995712230224167,0.15624392045845978,instance,complexity_kDN_top20
1,0.1383333333333333,0.2,0.17543859649122806,0.5294117647058824,0.12747983035304183,0.0,0.45604668487294087,0.9988882712618121,1.0,0.6719035214047934,0.8736437179124306,0.9988563309639801,0.44841004022172626,instance,complexity_kDN_top20
1,0.7125,0.8,0.59375,0.29411764705882354,0.7941615958744905,1.0,0.5407931232880281,1.0,1.0,0.6684493556289007,0.8382647072551899,0.9816977526630558,-0.17589299759519944,instance,complexity_kDN_top20
1,0.10091743119266061,0.0,0.22033898305084743,0.9411764705882353,0.11560445022497845,0.0,0.4277676621920681,0.9799888827126181,1.0,0.6758727308122996,0.8712009691751621,0.993087812554865,0.3467793934418929,instance,complexity_kDN_top20
1,0.0,0.0,0.0641025641025641,0.6470588235294118,0.11511100964139276,0.0,0.36466655394518876,0.971650917176209,1.0,0.6722494071840446,0.8706423651685199,0.9920812186872374,0.42490577733001994,instance,complexity_kDN_top20
1,0.34477124183006536,0.6,0.234375,0.5882352941176471,0.4058798407070343,1.0,0.5519516674899649,1.0,1.0,0.6801500921371281,0.880823245915163,0.9971664153820491,-0.14147213522215638,instance,complexity_kDN_top20
1,0.38888888888888895,0.2,0.0641025641025641,0.6470588235294118,0.11681319611998309,0.3333333333333333,0.4741330213370484,0.9988882712618121,1.0,0.6717829846291622,0.8692902350766026,0.9883838428178013,0.2798394250092116,instance,complexity_kDN_top20
1,0.351923076923077,0.2,0.053459119496855334,0.7058823529411765,0.4069178242161785,0.3333333333333333,0.5171751165816738,1.0,1.0,0.6715225235593566,0.9039710138253506,0.9845695975997707,0.12091091529457025,instance,complexity_kDN_top20
1,0.5258620689655172,0.4,0.025000000000000022,0.47058823529411764,0.4118208513657152,0.5,0.514574686713935,1.0,1.0,0.6731404603090914,0.8678947851340585,0.9956864470244433,0.020947611430480607,instance,complexity_kDN_top20
1,0.351923076923077,0.2,0.025000000000000022,0.47058823529411764,0.6923773928771938,1.0,0.5005726888720461,1.0,1.0,0.6738556836593705,0.8914517571378932,0.994383179887573,-0.045558531094572904,instance,complexity_kDN_top20
1,0.09999999999999998,0.2,0.09248554913294793,0.8235294117647058,0.46174614297992733,0.0,0.4899874014162885,0.9983324068927182,1.0,0.6694418444646312,0.8950749379737596,0.9937539130095209,-0.07950662453943767,instance,complexity_kDN_top20
1,0.351923076923077,0.2,0.025000000000000022,0.47058823529411764,0.7928576538248951,0.0,0.46715821500808485,0.9977765425236242,1.0,0.6729948084450458,0.8645278320384178,0.980521664850855,-0.32717064226492504,instance,complexity_kDN_top20
1,0.523076923076923,0.6,0.09248554913294793,0.8235294117647058,0.7044398704282893,1.0,0.5077704271724619,1.0,1.0,0.6760725067256088,0.8554370487387433,0.9994820791496913,-0.08976468379201649,instance,complexity_kDN_top20
1,0.05681818181818188,0.0,0.045454545454545414,0.4117647058823529,0.12213725549350912,0.0,0.42217294544469275,0.991106170094497,1.0,0.6781312745451242,0.8278043616009857,0.9864304435616095,0.5463979687505227,instance,complexity_kDN_top20
1,0.4509615384615384,0.4,0.053459119496855334,0.8235294117647058,0.13146097247746774,0.6666666666666666,0.5230712111950034,1.0,1.0,0.6753082331758212,0.8785478017756736,0.9921193204331887,0.3356912286205126,instance,complexity_kDN_top20
1,0.3447802197802198,0.6,0.3384615384615385,0.8823529411764706,0.7322687101966098,1.0,0.5650048467296884,1.0,1.0,0.6702181919057981,0.8736996239193537,0.9500453606399386,-0.20267641593632307,instance,complexity_kDN_top20
1,0.2102272727272727,0.0,0.053459119496855334,0.7058823529411765,0.12210050472627343,0.0,0.42542705646691936,0.9938854919399667,1.0,0.6713260910808083,0.8868734579007412,0.9862024762614086,0.29878925662495637,instance,complexity_kDN_top20
1,0.3079178885630498,0.0,0.6060606060606061,0.5294117647058824,0.11505304409675615,0.0,0.3547100780164365,0.9955530850472485,1.0,0.6802961615958166,0.8817848695244035,0.9859227580685593,0.7671675551072011,instance,complexity_kDN_top20
1,0.35515873015873023,0.2,0.025000000000000022,0.47058823529411764,0.1875702155263146,0.0,0.4991899640791624,0.9994441356309061,1.0,0.6712437211853257,0.8774348431344006,0.9998485795993034,0.34043860384648206,instance,complexity_kDN_top20
1,0.08116883116883122,0.0,0.0641025641025641,0.6470588235294118,0.11560094633000018,0.0,0.4117495686284314,0.9888827126181212,1.0,0.6713440739707686,0.8730684135573812,0.9972094906775618,0.9111793814531252,instance,complexity_kDN_top20
1,0.0892857142857143,0.0,0.053459119496855334,0.8235294117647058,0.11511657233317246,0.0,0.31524007157501144,0.9949972206781545,1.0,0.6793195369616151,0.859739222201593,0.9962679524527828,0.2782033575356873,instance,complexity_kDN_top20
1,0.5031347962382445,0.2,0.9487179487179487,0.7058823529411765,0.21472144362632228,0.5,0.5452145552744294,1.0,1.0,0.6725117320411833,0.8972447233233911,0.9988137264073542,0.11049978716797959,instance,complexity_kDN_top20
1,0.0,0.0,0.0641025641025641,0.6470588235294118,0.21134677717444122,0.0,0.4198725359722546,0.9972206781545303,1.0,0.6723294442686001,0.8583418881690322,0.9933385640720676,0.2802989752209896,instance,complexity_kDN_top20
1,0.12254901960784315,0.4,0.025000000000000022,0.47058823529411764,0.694860279100127,0.0,0.49895073547179547,0.9988882712618121,1.0,0.6731716017546194,0.8396972451787548,0.9884712963118929,-0.053420084169492205,instance,complexity_kDN_top20
1,0.13888888888888884,0.0,0.09248554913294793,0.8823529411764706,0.11514529865725248,0.0,0.42381097487926056,0.9927737632017788,1.0,0.6706752687070893,0.8614020351318403,0.9788809163743192,0.38249699241093577,instance,complexity_kDN_top20
1,0.5079365079365079,0.4,0.4444444444444444,0.5882352941176471,0.5106181853088001,1.0,0.5251421738709258,1.0,1.0,0.6736131920509607,0.8524413172209913,0.9973502253048884,-0.21046227563661274,instance,complexity_kDN_top20
1,0.10091743119266061,0.0,0.11111111111111116,0.47058823529411764,0.11879219739528024,0.0,0.45014777634119596,0.9938854919399667,1.0,0.6737856892433118,0.8732657634610641,0.9979944091941239,0.6091793316734332,instance,complexity_kDN_top20
1,0.15033783783783783,0.0,0.053459119496855334,0.7058823529411765,0.7557725604642819,0.0,0.4108482980295649,0.9927737632017788,1.0,0.670091760774855,0.8750992302740472,0.9932144789183962,-0.060060818427144905,instance,complexity_kDN_top20
1,0.4970760233918129,0.6,0.27586206896551724,0.5882352941176471,0.7899073046293736,0.0,0.49818799543999936,0.9994441356309061,0.95,0.6666666666666666,0.8663082184090675,0.9979955285523519,-0.3588829141747081,instance,complexity_kDN_top20
1,0.351923076923077,0.2,0.025000000000000022,0.47058823529411764,0.46795835829356836,0.0,0.4972364601460133,0.9994441356309061,1.0,0.672258191759524,0.8951795854330469,0.9977622538911977,0.4139890681891003,instance,complexity_kDN_top20
1,0.14123159303882193,0.4,0.0641025641025641,0.7058823529411765,0.29562521435253275,0.0,0.47212913774440535,0.9988882712618121,1.0,0.6700890489549717,0.892790054848521,0.9721571218824394,-0.16909163093785243,instance,complexity_kDN_top20
1,0.01388888888888884,0.0,0.053459119496855334,0.7058823529411765,0.11511908176729274,0.0,0.4186738536546195,0.9827682045580878,1.0,0.6696785951199997,0.8293158235525295,0.9810154130856719,0.645114595173126,instance,complexity_kDN_top20
1,0.10091743119266061,0.0,0.09248554913294793,0.7647058823529411,0.13783792110653625,0.0,0.45293006423282123,0.9961089494163424,1.0,0.6795427467977014,0.8703070103037671,0.9832368675428299,-0.05154484467982081,instance,complexity_kDN_top20
1,0.10091743119266061,0.0,0.053459119496855334,0.7058823529411765,0.11695872924537987,0.0,0.4287941735847498,0.9922178988326849,1.0,0.679971889161744,0.8881855255511762,0.9612007031058202,0.7980774604988831,instance,complexity_kDN_top20
1,0.0,0.0,0.234375,0.5882352941176471,0.16005741176676824,0.0,0.410065701832672,0.9955530850472485,1.0,0.6836396722614649,0.8662747545632907,0.9819691879340079,0.2617550647900589,instance,complexity_kDN_top20
1,0.06000000000000005,0.0,0.09248554913294793,0.8235294117647058,0.11530026802578391,0.0,0.37336701427115515,0.9933296275708727,1.0,0.6802862368138751,0.8491744406731525,0.9887934787215968,0.8276385684036205,instance,complexity_kDN_top20
1,0.463963963963964,0.6,0.33333333333333337,0.7647058823529411,0.5015395522741709,0.5,0.49694382371883006,0.9994441356309061,1.0,0.6726985773333123,0.8860284659262474,0.9890251969607957,-0.12577747972690503,instance,complexity_kDN_top20
1,0.0052631578947368585,0.0,0.0641025641025641,0.7058823529411765,0.11510436107671362,0.0,0.42493765574668696,0.9916620344635909,1.0,0.670450513666856,0.8298365190370178,0.9672776707053201,0.4531613817495935,instance,complexity_kDN_top20
1,0.05681818181818188,0.0,0.053459119496855334,0.8823529411764706,0.13315244647468943,0.0,0.36149757562999896,0.9844357976653697,1.0,0.6706280982071854,0.8449957113194886,0.9664987714288317,0.48101060387540145,instance,complexity_kDN_top20
1,0.0,0.0,0.053459119496855334,0.8235294117647058,0.11533043880208416,0.0,0.3751044883944771,0.9866592551417455,1.0,0.6791316440086748,0.8547889925582473,0.9970216809505478,0.5739452733440272,instance,complexity_kDN_top20
1,0.015151515151515138,0.0,0.0641025641025641,0.5882352941176471,0.11734959042502335,0.0,0.3777312302970093,0.9966648137854364,0.95,0.6660731918753504,0.842348849606628,0.9784385085342953,0.37675190126321,instance,complexity_kDN_top20
1,0.10344827586206895,0.0,0.0641025641025641,0.6470588235294118,0.11594893705227366,0.0,0.3377863700548237,0.991106170094497,1.0,0.6727284516765636,0.8661660278686322,0.9985123935753257,0.43017415741976756,instance,complexity_kDN_top20
1,0.10091743119266061,0.0,0.0641025641025641,0.6470588235294118,0.11720692053893522,0.0,0.45151649297318086,0.9866592551417455,1.0,0.6746604340817044,0.8655534745724637,0.9927348255958659,0.5338175652491131,instance,complexity_kDN_top20
1,0.0,0.0,0.0641025641025641,0.6470588235294118,0.11500364895973281,0.0,0.4018523593551848,0.9755419677598666,1.0,0.6677008532086802,0.831341055221321,0.9473879477433111,0.5146294769583551,instance,complexity_kDN_top20
1,0.41346153846153844,0.2,0.3384615384615385,0.8235294117647058,0.7754152366339475,0.0,0.44642128302793005,0.9977765425236242,1.0,0.6699896715189104,0.8540079216837064,0.9883360744453313,-0.550834869135904,instance,complexity_kDN_top20
1,0.10091743119266061,0.0,0.0641025641025641,0.6470588235294118,0.11578837371692247,0.0,0.46964636452953124,0.9961089494163424,1.0,0.671735107720837,0.8737013907854466,0.9909530416219844,0.3806233279344148,instance,complexity_kDN_top20
1,0.8903508771929824,0.6,0.0641025641025641,0.7058823529411765,0.6770297927880305,1.0,0.5055107331927509,1.0,1.0,0.6679111834007027,0.8679081453934089,0.9874818372742256,-0.18111637512808645,instance,complexity_kDN_top20
1,0.49275362318840576,0.8,0.33333333333333337,0.7647058823529411,0.2537168782168676,1.0,0.5308041355782741,1.0,0.95,0.6118064406886937,0.8577715255725099,0.9881259897639103,-0.29983809051430405,instance,complexity_kDN_top20
1,0.41346153846153844,0.8,0.3384615384615385,0.8235294117647058,0.7951620600384315,1.0,0.5414061526460823,1.0,1.0,0.6701220323470223,0.856446376479681,0.9565266787746622,-0.4839148572932906,instance,complexity_kDN_top20
1,0.030120481927710774,0.0,0.0641025641025641,0.6470588235294118,0.18623338998292566,0.0,0.44624036322136773,0.9833240689271817,1.0,0.6730075915268747,0.8661113085124577,0.9912514604970796,0.33408867250323826,instance,complexity_kDN_top20
1,0.021739130434782594,0.0,0.0641025641025641,0.6470588235294118,0.1149885565517304,0.0,0.40871198522000163,0.9822123401889938,1.0,0.6804792838478692,0.8443490099940648,0.9730719323503806,0.4922829681065324,instance,complexity_kDN_top20
1,0.34090909090909083,0.2,0.11224489795918369,0.7058823529411765,0.3853018326393659,0.25,0.4895288695935093,0.9988882712618121,1.0,0.6705893282264012,0.8643060771763096,0.9975363870395505,0.17858516399626417,instance,complexity_kDN_top20
1,0.5031347962382445,0.2,0.025000000000000022,0.47058823529411764,0.48756686545209804,0.0,0.4654147637827085,0.9988882712618121,1.0,0.6732666374669748,0.8821841194738222,0.9852766359319353,0.24778192066704297,instance,complexity_kDN_top20
1,0.030120481927710774,0.6,0.8876404494382022,0.35294117647058826,0.7501960041123106,1.0,0.5314365473970897,1.0,1.0,0.6730822316888101,0.8532703259568619,0.9775648496633045,-0.2516337551137959,instance,complexity_kDN_top20
1,0.0,0.0,0.0641025641025641,0.6470588235294118,0.1149867215032972,0.0,0.4178773092201392,0.9755419677598666,0.95,0.614465774721899,0.8335775556389032,0.9962166880978002,0.8491679669983021,instance,complexity_kDN_top20
1,0.0,0.2,0.0641025641025641,0.47058823529411764,0.11519901766658852,0.0,0.3608832427975407,0.9983324068927182,1.0,0.6698320657940221,0.8003276447306232,0.9961889197371002,0.7798939868832968,instance,complexity_kDN_top20
1,0.3442982456140351,0.2,0.3384615384615385,0.8823529411764706,0.7341364995967475,0.0,0.39690109137762275,0.9983324068927182,1.0,0.6703529074690066,0.8740883865331469,0.9960527338219769,-0.20705670132776932,instance,complexity_kDN_top20
1,0.0,0.0,0.053459119496855334,0.7058823529411765,0.11779285242291626,0.0,0.4338951496211495,0.9888827126181212,1.0,0.6783577422288936,0.8580152013468831,0.9996054483454108,0.5013834860219916,instance,complexity_kDN_top20
1,0.3375,0.0,0.1428571428571429,0.5882352941176471,0.7941487307676628,0.0,0.4729873970673355,0.9966648137854364,0.9,0.6545270734173503,0.8129383068997724,0.9616448759285033,-0.24949675023148518,instance,complexity_kDN_top20
1,0.06000000000000005,0.2,0.6060606060606061,0.5294117647058824,0.1149866576827413,0.0,0.4938454228799073,0.9988882712618121,1.0,0.6800066098875509,0.8481765916203706,0.9699886578900588,0.7326961448744951,instance,complexity_kDN_top20
1,0.07377049180327866,0.0,0.053459119496855334,0.8235294117647058,0.1520097253501156,0.0,0.443517837683316,0.9938854919399667,1.0,0.6776947284149518,0.8643289002146007,0.9795114029687133,0.5874712643133423,instance,complexity_kDN_top20
1,0.5031347962382445,0.2,0.053459119496855334,0.7058823529411765,0.2691038058046008,0.2,0.4971767174208136,0.9994441356309061,1.0,0.6718838391859099,0.9012581037775629,0.9825740487374037,0.11414185924986862,instance,complexity_kDN_top20
1,0.23015873015873023,0.0,0.33333333333333337,0.7647058823529411,0.6533577087998547,0.0,0.42735576326561975,0.9927737632017788,1.0,0.67011926735592,0.8736869005317992,0.9627198760965366,0.23181192278876636,instance,complexity_kDN_top20
1,0.06000000000000005,0.2,0.8666666666666667,0.5882352941176471,0.7763161439056407,0.0,0.45299148521784016,0.9983324068927182,1.0,0.6735093151161559,0.8633568547403863,0.9957283797667382,0.17175478439908573,instance,complexity_kDN_top20
1,0.12254901960784315,0.0,0.0641025641025641,0.5882352941176471,0.1392202511942805,0.0,0.3898907042325913,0.9955530850472485,1.0,0.6728736681791242,0.8890796816885571,0.9871309135384396,0.3354700036459976,instance,complexity_kDN_top20
1,0.6304945054945055,0.2,0.8518518518518519,0.6470588235294118,0.3573795721536167,0.0,0.4871939404323239,0.9994441356309061,1.0,0.6715605954682182,0.9054637439871875,0.9982131248113528,0.16796403741529217,instance,complexity_kDN_top20
1,0.1071428571428572,0.2,0.0641025641025641,0.5882352941176471,0.11629672607010288,0.5,0.47100681625906793,0.9983324068927182,1.0,0.6760306429064211,0.8496782682430937,0.9974295050288885,0.812278693460511,instance,complexity_kDN_top20
1,0.23015873015873023,0.2,0.07407407407407407,0.5294117647058824,0.11930408074919635,0.0,0.47102682967239373,0.9983324068927182,1.0,0.6728676666428863,0.8716162887367972,0.9923275359521463,0.6102746672396083,instance,complexity_kDN_top20
1,0.2519230769230769,0.2,0.3384615384615385,0.8235294117647058,0.6043659514709147,0.0,0.46768777079610535,0.9977765425236242,1.0,0.6690819672640529,0.8966945398232766,0.994814808588271,0.005298435866722181,instance,complexity_kDN_top20
1,0.32362082362082356,0.4,0.0641025641025641,0.7058823529411765,0.5363672066152239,1.0,0.5104265627676507,1.0,1.0,0.6718194026652909,0.9056320630767714,0.9989449612088446,0.31066139953529676,instance,complexity_kDN_top20
1,0.09999999999999998,0.2,0.4444444444444444,0.5882352941176471,0.11535561929776905,0.0,0.4449409749391352,0.9977765425236242,1.0,0.7009069482801445,0.8568006760288626,0.9989843687551373,0.3423720888097169,instance,complexity_kDN_top20
1,0.06153846153846154,0.0,0.0641025641025641,0.6470588235294118,0.1151189793153794,0.0,0.40627056021053687,0.9749861033907726,1.0,0.6720095127794022,0.8236765152448179,0.9545545175410411,0.5285967444261493,instance,complexity_kDN_top20
1,0.15681818181818175,0.0,0.053459119496855334,0.7058823529411765,0.24940370983696702,0.3333333333333333,0.37888144711017335,0.9838799332962757,1.0,0.6741218398630925,0.8706202441325601,0.9808044521745238,0.15725814163747165,instance,complexity_kDN_top20
1,0.19999999999999996,0.6,0.09248554913294793,0.8235294117647058,0.6042903626151216,0.625,0.4994684055501091,0.9994441356309061,1.0,0.6732873783539626,0.8798384058489003,0.9967283790909574,0.33736266479306015,instance,complexity_kDN_top20
1,0.0357142857142857,0.0,0.0641025641025641,0.5882352941176471,0.12018644059293992,0.0,0.42199228287444246,0.9944413563090606,1.0,0.6721164118510045,0.8552625854828653,0.9943761944355353,0.3750462877330923,instance,complexity_kDN_top20
1,0.38888888888888895,0.2,0.6428571428571428,0.6470588235294118,0.3120307605468021,0.0,0.47877799322352754,0.9983324068927182,1.0,0.6717903016111296,0.8658212409637625,0.9999912538559097,0.22621762041260815,instance,complexity_kDN_top20
1,0.0,0.0,0.0641025641025641,0.6470588235294118,0.11498901287856073,0.0,0.3481481449360061,0.9694274596998332,0.85,0.5879585564547416,0.8019993000502549,0.9882372728872492,0.42189293199865713,instance,complexity_kDN_top20
1,0.26540616246498594,0.2,0.5652173913043479,0.8823529411764706,0.11500542275724007,0.0,0.4710506465758487,0.9988882712618121,1.0,0.6815639607830313,0.8458257543162866,0.9834118850768472,-0.13933386960917682,instance,complexity_kDN_top20
1,0.10999999999999999,0.0,0.17543859649122806,0.5294117647058824,0.4228985162458059,0.0,0.3953599347711908,0.9961089494163424,1.0,0.6738008082390552,0.8518352730305627,0.9963356768309642,0.3477018735097979,instance,complexity_kDN_top20
1,0.554421768707483,0.6,0.0641025641025641,0.6470588235294118,0.3492479505856604,0.5,0.4832076211502899,0.9994441356309061,1.0,0.6691070468308232,0.8688755991464984,0.9996028277841041,0.03591200453515484,instance,complexity_kDN_top20
1,0.2259174311926606,0.0,0.09248554913294793,0.8235294117647058,0.11880467275012963,0.0,0.4626439111158661,0.9955530850472485,1.0,0.6741087299161855,0.8789954557033365,0.9895494975898118,0.6000403585889444,instance,complexity_kDN_top20
1,0.10344827586206895,0.0,0.0641025641025641,0.6470588235294118,0.11562775923258906,0.0,0.4150246714537822,0.9916620344635909,0.95,0.6521872839708902,0.8695857916541108,0.9997065468590385,0.7072625120833479,instance,complexity_kDN_top20
1,0.0052631578947368585,0.0,0.0641025641025641,0.7058823529411765,0.1165967477715556,0.0,0.43790362972971497,0.9949972206781545,1.0,0.670399521764128,0.8554558692988522,0.9786644470461082,0.2988445797279671,instance,complexity_kDN_top20
1,0.01388888888888884,0.0,0.0641025641025641,0.6470588235294118,0.11527274891570427,0.0,0.3810642102577797,0.9705391884380211,1.0,0.6703326992683,0.8620981655408911,0.9982064307440554,0.46176711356548766,instance,complexity_kDN_top20
1,0.45192307692307687,0.0,0.17543859649122806,0.5294117647058824,0.3284812253774423,0.0,0.483734957248353,0.9966648137854364,1.0,0.6726508318889617,0.8941782067809898,0.9975644793937519,-0.13858477468267005,instance,complexity_kDN_top20
1,0.13131313131313127,0.0,0.0641025641025641,0.7647058823529411,0.1285382419633963,0.5,0.4506135916847297,0.9972206781545303,0.95,0.6646169672613857,0.8738449489717801,0.985480365265791,0.3770725549479817,instance,complexity_kDN_top20
1,0.27182539682539686,0.2,0.234375,0.5882352941176471,0.7955598667925056,0.0,0.4528699442707629,0.9977765425236242,1.0,0.67222610053155,0.890685484738978,0.9999349884743644,-0.12295179717384389,instance,complexity_kDN_top20
1,0.21590909090909083,0.0,0.053459119496855334,0.7058823529411765,0.7745067428785679,0.0,0.42267547477587464,0.9944413563090606,1.0,0.6715618936874399,0.8544733217041202,0.9938973556785411,0.00011843141129749285,instance,complexity_kDN_top20
1,0.2519230769230769,0.0,0.053459119496855334,0.8235294117647058,0.4533263141544729,0.0,0.387175761134364,0.990550305725403,1.0,0.6688216020085689,0.8854543625507588,0.9981662418799789,0.11053540160744818,instance,complexity_kDN_top20
1,0.0,0.0,0.0641025641025641,0.6470588235294118,0.11498665951926335,0.0,0.39434729014932424,0.9588660366870484,0.85,0.6359645190395049,0.8126183804312198,0.9979096453565529,1.3730358177649713,instance,complexity_kDN_top20
1,0.27586206896551724,0.6,0.743801652892562,0.6470588235294118,0.796948369977768,0.0,0.4199549426123874,0.9988882712618121,1.0,0.6707764884202325,0.8619886553013052,0.9973022169623005,-0.6725342284433738,instance,complexity_kDN_top20
1,0.017857142857142794,0.0,0.0641025641025641,0.7058823529411765,0.11501628079144888,0.0,0.37991171005171076,0.9933296275708727,1.0,0.670126279927599,0.8554770702534256,0.9921275000072686,0.5474753133306492,instance,complexity_kDN_top20
1,0.8163265306122449,0.6,0.0641025641025641,0.6470588235294118,0.4705459479638222,0.0,0.481598841976677,0.9994441356309061,1.0,0.6686665090298033,0.8707235569743759,0.9912184801163251,0.09945470826995827,instance,complexity_kDN_top20
1,0.14015151515151514,0.4,0.8876404494382022,0.47058823529411764,0.5219210073528427,0.0,0.4900095060712102,0.9983324068927182,1.0,0.6700345115406359,0.862556414005003,0.998067230154415,0.22515898312103838,instance,complexity_kDN_top20
1,0.01724137931034475,0.0,0.8876404494382022,0.47058823529411764,0.6146495125659795,0.0,0.39085506349576027,0.9972206781545303,1.0,0.6700082216457163,0.8523385551918526,0.9869532907928036,0.2671763197783424,instance,complexity_kDN_top20
1,0.14123159303882193,0.4,0.09248554913294793,0.7058823529411765,0.6201335665662043,1.0,0.5069983654700911,1.0,1.0,0.6709751331865272,0.9027553805385272,0.9998917503246322,-0.14608985283695353,instance,complexity_kDN_top20
1,0.4162393162393163,0.4,0.22033898305084743,0.9411764705882353,0.1951205958327516,0.5,0.44410850383590084,0.9994441356309061,1.0,0.674936574052487,0.8966778090527349,0.9967071879281187,-0.07416463392347471,instance,complexity_kDN_top20
1,0.3375,0.2,0.8876404494382022,0.47058823529411764,0.7815866090791275,0.0,0.4618687262590411,0.9983324068927182,1.0,0.6700329187962074,0.8479522881494587,0.9883203037680262,0.08425899396715256,instance,complexity_kDN_top20
1,0.08658008658008653,0.2,0.0641025641025641,0.5882352941176471,0.12527276477868476,0.25,0.523148209272873,1.0,1.0,0.6699956499185121,0.8642939968138432,0.9992309473633029,0.4116573279038498,instance,complexity_kDN_top20
1,0.05681818181818188,0.0,0.0641025641025641,0.4117647058823529,0.13885680325944677,0.0,0.43882998406077234,0.9927737632017788,1.0,0.6711070173490766,0.868197700167946,0.9747406171426451,0.46882959934393575,instance,complexity_kDN_top20
1,0.31153846153846154,0.0,0.22033898305084743,0.6470588235294118,0.11627660520609978,0.0,0.455647823303578,0.9949972206781545,1.0,0.6707324312888429,0.8827161663801031,0.9919497739224858,0.4314764023815358,instance,complexity_kDN_top20
1,0.20192307692307687,0.0,0.053459119496855334,0.7058823529411765,0.3192286175391554,0.0,0.4340942694078277,0.9916620344635909,1.0,0.6715943376533926,0.8787504534567055,0.9747117730675661,0.2301929823630751,instance,complexity_kDN_top20
1,0.017857142857142794,0.0,0.053459119496855334,0.8235294117647058,0.11498710421126629,0.0,0.38329336837270234,0.9766536964980544,0.85,0.6126424904130197,0.8332971112137934,0.9900165649094045,0.6728705940839237,instance,complexity_kDN_top20
1,0.21202854230377166,0.2,0.234375,0.5882352941176471,0.1375295626992884,0.2,0.427209611063595,0.9983324068927182,1.0,0.6775518003395736,0.9155282468307322,0.9882945788444528,0.38472522219735417,instance,complexity_kDN_top20
1,0.021739130434782594,0.0,0.09248554913294793,0.7647058823529411,0.3746022379635977,0.0,0.3648298116548122,0.9894385769872152,1.0,0.6793921097315285,0.8534549378337257,0.9891550538055217,0.165025029340517,instance,complexity_kDN_top20
1,0.0,0.2,0.0641025641025641,0.7647058823529411,0.11811185659101708,0.0,0.4912241715466651,0.9977765425236242,1.0,0.6710494528926698,0.9064774076401576,0.9994724056088758,0.22740025004367947,instance,complexity_kDN_top20
1,0.08064516129032251,0.0,0.0641025641025641,0.6470588235294118,0.11500145604968359,0.0,0.36949195661473233,0.9683157309616454,1.0,0.6726797574900515,0.8303613286976541,0.9866409048079176,0.9302693165574241,instance,complexity_kDN_top20
1,0.4634551495016611,0.4,0.743801652892562,0.7647058823529411,0.49113735526380475,0.0,0.4912134801313265,0.9994441356309061,1.0,0.6707015031411176,0.8749096924409985,0.9465096249306738,0.09523453297015937,instance,complexity_kDN_top20
1,0.1384615384615384,0.0,0.053459119496855334,0.7058823529411765,0.11524545589889446,0.0,0.3641968387867922,0.9844357976653697,1.0,0.6802905055800265,0.855170561127961,0.9978987793397542,0.6620567232359806,instance,complexity_kDN_top20
1,0.030120481927710774,0.2,0.0641025641025641,0.7647058823529411,0.14044884944903496,0.0,0.4847976132175248,0.9983324068927182,1.0,0.670112842644049,0.8916730934711212,0.994614047176279,0.501686165108933,instance,complexity_kDN_top20
1,0.554421768707483,0.6,0.8876404494382022,0.5294117647058824,0.7936422755916435,0.0,0.4789278094173117,0.9988882712618121,1.0,0.6689350510432862,0.8600692808757271,0.995963902322666,-0.34310380019600273,instance,complexity_kDN_top20
1,0.07377049180327866,0.0,0.0641025641025641,0.5882352941176471,0.13314872744304423,0.0,0.45421372542652516,0.9927737632017788,1.0,0.6781456724081378,0.8606654061894785,0.9796966087536474,0.38887665493456625,instance,complexity_kDN_top20
1,0.3920454545454546,0.4,0.22033898305084743,0.9411764705882353,0.1931449106408351,0.5,0.5423646251787546,1.0,1.0,0.6729960010193478,0.919724554047449,0.9985678243455043,0.3193576623389019,instance,complexity_kDN_top20
1,0.4848837209302326,0.4,0.17543859649122806,0.47058823529411764,0.5418029617843692,1.0,0.5167556253430245,1.0,1.0,0.6727237207685958,0.8949150061535874,0.996365588423547,0.09653745999614577,instance,complexity_kDN_top20
1,0.013333333333333308,0.0,0.0641025641025641,0.6470588235294118,0.11799467524816121,0.0,0.44968897868936575,0.9961089494163424,1.0,0.6752383213916591,0.8761739120907304,0.9980816635536904,0.4427992904174955,instance,complexity_kDN_top20
1,0.27182539682539686,0.2,0.025000000000000022,0.47058823529411764,0.17449810907293895,0.25,0.5053601258081222,1.0,1.0,0.671334159845625,0.8905232648504823,0.99766141794017,0.2732803279033506,instance,complexity_kDN_top20
1,0.253448275862069,0.4,0.0641025641025641,0.5882352941176471,0.14180504552037304,0.0,0.47491144313740064,0.9983324068927182,1.0,0.6702539060129672,0.8983251111417818,0.9991049319511979,0.2517110719750582,instance,complexity_kDN_top20
1,0.013333333333333308,0.0,0.0641025641025641,0.6470588235294118,0.11509642643042917,0.0,0.4618544728512891,0.9972206781545303,1.0,0.6707308121458287,0.8432641760449474,0.9992315336593361,0.5115155283200826,instance,complexity_kDN_top20
1,0.10091743119266061,0.0,0.0641025641025641,0.6470588235294118,0.1171146621250051,0.0,0.33956498133341073,0.9927737632017788,1.0,0.6710621884645877,0.8757808696945034,0.9949422673996302,0.40751378612513744,instance,complexity_kDN_top20
1,0.4353070175438596,0.0,0.0641025641025641,0.5882352941176471,0.13037996228910476,0.0,0.4323944535726274,0.9944413563090606,1.0,0.6715787099752665,0.8753831784334478,0.9958635199891994,0.41792432302099847,instance,complexity_kDN_top20
1,0.4634551495016611,0.2,0.07407407407407407,0.5294117647058824,0.4090392501299026,0.0,0.4692773320028726,0.9977765425236242,1.0,0.6735325964196781,0.8921243265993226,0.9953214858731867,0.4325381292888444,instance,complexity_kDN_top20
1,0.0,0.0,0.0641025641025641,0.6470588235294118,0.11499029363281776,0.0,0.3932404249601187,0.9866592551417455,0.95,0.5969463178535721,0.8366453542297734,0.9914228466315927,0.604781766898622,instance,complexity_kDN_top20
1,0.49275362318840576,0.2,0.11111111111111116,0.5294117647058824,0.1657389495948074,0.0,0.4559981535555102,0.9983324068927182,1.0,0.6707958887935689,0.8520496219098137,0.9896642948651805,-0.24694857997271336,instance,complexity_kDN_top20
1,0.06153846153846154,0.0,0.0641025641025641,0.7058823529411765,0.1226228506767102,0.0,0.4393015806197703,0.9827682045580878,1.0,0.6695893247679999,0.8733770677439041,0.9754215879410345,0.37646405540192884,instance,complexity_kDN_top20
1,0.2848837209302326,0.0,0.06666666666666665,0.4117647058823529,0.22750944637540754,0.0,0.47113449572813926,0.9933296275708727,0.95,0.6666666666666666,0.8990294272172731,0.9983839274185864,0.15958512346121262,instance,complexity_kDN_top20
1,0.07377049180327866,0.0,0.0641025641025641,0.7058823529411765,0.17510854431022604,0.0,0.46314292073831265,0.9944413563090606,1.0,0.6737997162649968,0.8699950230217732,0.9856000069738999,0.3537612866678998,instance,complexity_kDN_top20
1,0.0892857142857143,0.2,0.11111111111111116,0.47058823529411764,0.11737925178073377,0.0,0.49150051415312057,0.9983324068927182,1.0,0.6708108231931923,0.8562404421455113,0.9899717233117399,0.24150141724976812,instance,complexity_kDN_top20
1,0.0052631578947368585,0.0,0.0641025641025641,0.6470588235294118,0.11499088620688058,0.0,0.43054420059751164,0.9866592551417455,1.0,0.6778050406189179,0.8186435896082707,0.9889551618326862,0.7604257061384359,instance,complexity_kDN_top20
1,0.4509615384615384,0.4,0.7804878048780488,0.5294117647058824,0.13954853358454583,0.0,0.47999193669737006,0.9988882712618121,1.0,0.6769128091769048,0.8422693408107487,0.9882340051389813,0.22754343997529214,instance,complexity_kDN_top20
1,0.0,0.0,0.234375,0.5882352941176471,0.11500325494907865,0.0,0.4067031994296161,0.9949972206781545,1.0,0.685132631941729,0.8453343011411029,0.9963788837975331,0.7735639153123117,instance,complexity_kDN_top20
1,0.0,0.0,0.0641025641025641,0.6470588235294118,0.11498668516139254,0.0,0.3727311283726631,0.9399666481378544,0.85,0.6067887813627769,0.8046006676779378,0.9555343132563502,1.099166514920278,instance,complexity_kDN_top20
1,0.1384615384615384,0.0,0.22033898305084743,0.9411764705882353,0.12651606430849427,0.0,0.4214951427178597,0.9833240689271817,1.0,0.6788981789348624,0.8414315949386,0.9992041017335476,0.05331978474147448,instance,complexity_kDN_top20
1,0.20823620823620825,0.0,0.0641025641025641,0.5882352941176471,0.14391410551031542,0.0,0.4009784526696305,0.9922178988326849,1.0,0.6710994919162647,0.8913692442218238,0.9984008581561455,0.49966717907842356,instance,complexity_kDN_top20
1,0.0,0.2,0.06666666666666665,0.4117647058823529,0.1149866576827413,0.0,0.4536715542783094,0.9977765425236242,1.0,0.6671600925254365,0.8203565534161447,0.9899930879509935,1.276324873646389,instance,complexity_kDN_top20
1,0.021739130434782594,0.0,0.09248554913294793,0.8235294117647058,0.11532577008239259,0.0,0.38606647442298125,0.9949972206781545,1.0,0.6788409902751932,0.859361624069091,0.9924558428026199,0.39784233966830235,instance,complexity_kDN_top20
1,0.01388888888888884,0.0,0.0641025641025641,0.6470588235294118,0.11532661802358746,0.0,0.39296835786125983,0.9772095608671484,1.0,0.6710915965635512,0.8573171262449077,0.9729413693201092,0.639988483620069,instance,complexity_kDN_top20
1,0.7472972972972973,0.6,0.0641025641025641,0.7647058823529411,0.1585604797563812,1.0,0.5588725571850865,1.0,1.0,0.6728877871618699,0.8956091284431469,0.9962575801387181,0.5302702241850498,instance,complexity_kDN_top20
1,0.07377049180327866,0.0,0.053459119496855334,0.8235294117647058,0.11938191191490244,0.0,0.43453226798122035,0.9966648137854364,1.0,0.6773280761376202,0.8747078463826826,0.989605932566068,0.8377196017282167,instance,complexity_kDN_top20
1,0.0,0.0,0.234375,0.5882352941176471,0.1488968635662884,0.0,0.45856605933055405,0.9949972206781545,1.0,0.6722227082992136,0.8726880360486252,0.9954816336226158,0.14784034342583002,instance,complexity_kDN_top20
1,0.13131313131313127,0.0,0.0641025641025641,0.7058823529411765,0.13061704203519675,0.0,0.3656115890290216,0.9838799332962757,1.0,0.6715708069716234,0.8945698777255151,0.9910428399532899,0.2697006850984991,instance,complexity_kDN_top20
1,0.2102272727272727,0.2,0.11111111111111116,0.47058823529411764,0.11753452149480281,0.0,0.4865396084015975,0.9994441356309061,1.0,0.6734679300921832,0.8727249640716291,0.9947257729032013,0.2817286857538803,instance,complexity_kDN_top20
1,0.0,0.0,0.11224489795918369,0.7058823529411765,0.1154679066795804,0.0,0.4461883097041498,0.9938854919399667,1.0,0.6740496643178965,0.8549597326837965,0.9971587940247381,0.7865953579156888,instance,complexity_kDN_top20
1,0.09999999999999998,0.0,0.053459119496855334,0.7058823529411765,0.256231434097553,0.0,0.46631658449184166,0.9966648137854364,1.0,0.6731139479850865,0.8990101688527478,0.9895604662789518,0.27369363342624464,instance,complexity_kDN_top20
1,0.4634551495016611,0.0,0.743801652892562,0.6470588235294118,0.7747911443949834,0.0,0.4036209668080316,0.9972206781545303,1.0,0.671120205975966,0.8751092185253704,0.9958876359721471,-0.2740927741279297,instance,complexity_kDN_top20
1,0.08783783783783783,0.2,0.053459119496855334,0.7058823529411765,0.39407652240803237,0.0,0.4365174367340887,0.9988882712618121,1.0,0.6726078060626857,0.8925660401470331,0.9960022764068606,0.15823000929907152,instance,complexity_kDN_top20
1,0.4162087912087913,0.0,0.6666666666666667,0.5294117647058824,0.333782743445986,0.0,0.48195721768060573,0.9972206781545303,1.0,0.6698054189140958,0.8606584025721347,0.999923441683238,0.18696457714528847,instance,complexity_kDN_top20
1,0.07377049180327866,0.0,0.09248554913294793,0.8235294117647058,0.11508356103290429,0.0,0.41378263934911585,0.9949972206781545,1.0,0.6805278979709084,0.8639972923400684,0.9994673450916279,0.5927511576616469,instance,complexity_kDN_top20
1,0.5931372549019608,0.2,0.59375,0.29411764705882354,0.43572488186452396,0.0,0.4224247042891488,0.9977765425236242,1.0,0.6680369473610691,0.8062653777128659,0.9317367301574577,-0.005474138115092023,instance,complexity_kDN_top20
1,0.5,0.4,0.33333333333333337,0.7647058823529411,0.6693455723945575,0.4,0.5128833406904638,1.0,1.0,0.669807070334443,0.884149685708117,0.9850461783355161,0.08696030795402385,instance,complexity_kDN_top20
1,0.0,0.0,0.06666666666666665,0.4117647058823529,0.1197585998150944,0.0,0.3982326671456181,0.9877709838799333,1.0,0.6801425591084405,0.8419650872999748,0.968061313570896,0.5212327563703816,instance,complexity_kDN_top20
1,0.1839080459770115,0.4,0.053459119496855334,0.8235294117647058,0.11507936535292346,1.0,0.5123725425826544,1.0,1.0,0.6807396607052835,0.8393026475549906,0.9708174426654096,0.558877440303917,instance,complexity_kDN_top20
1,0.2102272727272727,0.0,0.234375,0.5882352941176471,0.14968371111200052,0.0,0.4245426030988715,0.9955530850472485,1.0,0.672285965324347,0.8828780481456032,0.9857774428553909,0.25870951666345876,instance,complexity_kDN_top20
1,0.0052631578947368585,0.0,0.0641025641025641,0.6470588235294118,0.11502349863879491,0.0,0.36825797407394645,0.9933296275708727,1.0,0.6719289405783736,0.8463262287533203,0.98861342597685,0.548386131162241,instance,complexity_kDN_top20
1,0.06000000000000005,0.0,0.0641025641025641,0.5882352941176471,0.3733940614672332,0.0,0.47310350898970555,0.9949972206781545,1.0,0.6727568476579168,0.8622278949962476,0.9969760527213244,0.4687466902041597,instance,complexity_kDN_top20
1,0.0052631578947368585,0.0,0.0641025641025641,0.6470588235294118,0.11556072039391113,0.0,0.4280182884543856,0.9944413563090606,1.0,0.6717398512280832,0.8643582097523547,0.9991000867534785,0.6499082296167173,instance,complexity_kDN_top20
1,0.17297762478485368,0.2,0.11224489795918369,0.6470588235294118,0.3840992096820506,0.0,0.4697630200140198,0.9977765425236242,1.0,0.6717317806124916,0.8895739952143517,0.996070970012524,0.24475374965249844,instance,complexity_kDN_top20
1,0.08783783783783783,0.0,0.0641025641025641,0.7058823529411765,0.38967941971835496,0.0,0.38360914660898815,0.9927737632017788,1.0,0.6700885547235391,0.855727699937059,0.979344760587674,0.10500398184247782,instance,complexity_kDN_top20
1,0.20823620823620825,0.0,0.5652173913043479,0.8823529411764706,0.1362517804433902,0.0,0.4565530131809754,0.9944413563090606,1.0,0.670660301007519,0.8933810631082281,0.9988101182464343,0.5000078536130204,instance,complexity_kDN_top20
1,0.07377049180327866,0.2,0.0641025641025641,0.7058823529411765,0.11508761149582647,0.0,0.4625415576516245,0.9994441356309061,1.0,0.6706723912607199,0.8603281666886009,0.9969186198460044,0.4730782117884272,instance,complexity_kDN_top20
1,0.27182539682539686,0.2,0.025000000000000022,0.47058823529411764,0.6093612928815192,0.5,0.4844238213499752,0.9994441356309061,1.0,0.6721461632151114,0.8649902598143132,0.9845992388279902,0.06622717806272096,instance,complexity_kDN_top20
1,0.3685897435897436,0.2,0.27586206896551724,0.5294117647058824,0.6331645256830083,0.0,0.4477200738765249,0.9988882712618121,1.0,0.6691612741993664,0.896473581836641,0.9958696288454606,-0.013464625141802468,instance,complexity_kDN_top20
1,0.08064516129032251,0.0,0.0641025641025641,0.6470588235294118,0.12718344748368898,0.0,0.4312248553999881,0.9916620344635909,1.0,0.6735053740126086,0.8158675288060838,0.9266857686360336,0.879642742101558,instance,complexity_kDN_top20
1,0.21662763466042156,0.0,0.0641025641025641,0.6470588235294118,0.11576210583138186,0.25,0.4329554404049757,0.991106170094497,1.0,0.679672489485773,0.8730220019396375,0.9971183355931759,0.5839959764102681,instance,complexity_kDN_top20
1,0.01388888888888884,0.2,0.09248554913294793,0.7058823529411765,0.12068182212987855,0.0,0.44153115014702093,0.9977765425236242,1.0,0.6698951717217214,0.8757520319417214,0.9863153351685624,0.3160940135030012,instance,complexity_kDN_top20
1,0.6364087301587302,0.2,0.22033898305084743,0.9411764705882353,0.40964766624357574,0.3333333333333333,0.46369493635874814,0.9983324068927182,1.0,0.6701269373680758,0.909174822268481,0.9874257212564174,0.05601919941095058,instance,complexity_kDN_top20
1,0.10091743119266061,0.4,0.053459119496855334,0.7058823529411765,0.13517671832363043,0.5,0.5126513363433345,1.0,1.0,0.6696544021623833,0.8521570768771785,0.9700814044648693,0.2243275634966449,instance,complexity_kDN_top20
1,0.15710382513661203,0.2,0.7222222222222222,0.5882352941176471,0.11767706905069486,0.0,0.4783989727235387,0.9977765425236242,1.0,0.6801116306583536,0.8739798818793592,0.9987036643776104,0.8215209987495093,instance,complexity_kDN_top20
1,0.10091743119266061,0.0,0.0641025641025641,0.6470588235294118,0.11526173298762954,0.0,0.40368136707274316,0.9877709838799333,1.0,0.6765573491146369,0.8321940381743103,0.9518022330659722,1.1601851017527987,instance,complexity_kDN_top20
1,0.38888888888888895,0.2,0.8478260869565217,0.5294117647058824,0.2999452943399201,0.0,0.49248702749334516,0.9994441356309061,1.0,0.6698070770350031,0.8575945751264081,0.9876487214023107,0.009361126336877744,instance,complexity_kDN_top20
1,0.0,0.0,0.11224489795918369,0.7058823529411765,0.11532970550336163,0.0,0.3967591108759333,0.9788771539744302,1.0,0.6784450977492558,0.8793557351229634,0.9983189486368084,0.5924463946950321,instance,complexity_kDN_top20
1,0.253448275862069,0.4,0.11224489795918369,0.7058823529411765,0.19858986684582935,0.5,0.4871642780847737,0.9994441356309061,1.0,0.6696602485622377,0.8877760522098168,0.9802637322515863,0.292552122818184,instance,complexity_kDN_top20
1,0.0,0.0,0.0641025641025641,0.6470588235294118,0.11729700119631031,0.0,0.36543883114426545,0.9583101723179545,1.0,0.6708741753873867,0.83441070764493,0.9901521373098557,0.32888270778464085,instance,complexity_kDN_top20
1,0.3685897435897436,0.4,0.3384615384615385,0.8235294117647058,0.6554669243711084,1.0,0.5544403084353637,1.0,1.0,0.6712655781914453,0.9053330674860558,0.9973911434978208,-0.272717005372866,instance,complexity_kDN_top20
1,0.15033783783783783,0.4,0.053459119496855334,0.7058823529411765,0.6396216747767346,0.6666666666666666,0.5102041832229475,1.0,1.0,0.670622827351954,0.8786844034593416,0.9973398707850183,0.11381773184476617,instance,complexity_kDN_top20
1,0.21202854230377166,0.2,0.09248554913294793,0.8235294117647058,0.12455842651626597,0.0,0.45019569227690115,0.9977765425236242,1.0,0.6789613817669361,0.9174841437853031,0.9897969764207851,0.4419888904729746,instance,complexity_kDN_top20
1,0.1767676767676768,0.0,0.33333333333333337,0.7647058823529411,0.11841824003608548,0.0,0.43882556305467213,0.9944413563090606,1.0,0.6714791372184155,0.8852518213860318,0.9986932880108127,0.7067613153567294,instance,complexity_kDN_top20
1,0.17297762478485368,0.0,0.11224489795918369,0.7058823529411765,0.15414110160599942,0.0,0.4605383273817173,0.9927737632017788,1.0,0.6719473495655223,0.8966350557306215,0.99107797137388,0.4596365241650293,instance,complexity_kDN_top20
1,0.21590909090909083,0.0,0.053459119496855334,0.5882352941176471,0.7733246318509943,0.0,0.38289563284513517,0.9927737632017788,1.0,0.670159079116296,0.8325070371053128,0.9999525137625532,-0.07416598484044096,instance,complexity_kDN_top20
1,0.12254901960784315,0.0,0.0641025641025641,0.5882352941176471,0.14564921109181939,0.0,0.4238734969501591,0.9888827126181212,1.0,0.670414371799055,0.8627538066084736,0.9966329790505729,-0.022260461202268735,instance,complexity_kDN_top20
1,0.19999999999999996,0.2,0.6428571428571428,0.7058823529411765,0.5600666913998379,0.0,0.40384305099599205,0.9977765425236242,1.0,0.6751836368672315,0.8395998702520829,0.9991595331471225,0.06563130757754246,instance,complexity_kDN_top20
1,0.06153846153846154,0.0,0.18181818181818177,0.5294117647058824,0.11938874746771216,0.0,0.457231427139544,0.9927737632017788,1.0,0.6701349633434852,0.8941864383465259,0.9949989564262465,0.38782759478104334,instance,complexity_kDN_top20
1,0.0052631578947368585,0.0,0.0641025641025641,0.6470588235294118,0.11498898564624971,0.0,0.3538562808188235,0.9710950528071151,0.95,0.627116961874049,0.8296144389414053,0.9585994533375152,0.7727338598914982,instance,complexity_kDN_top20
1,0.3685897435897436,0.8,0.3384615384615385,0.8823529411764706,0.7819248315106645,0.0,0.46818898882456195,0.9994441356309061,1.0,0.6691142122178448,0.8790644189145406,0.9978480384430335,-0.1594211323737261,instance,complexity_kDN_top20
1,0.09999999999999998,0.0,0.4444444444444444,0.5882352941176471,0.11608292515440954,0.0,0.4614851377279766,0.9899944413563091,0.95,0.6661945749508021,0.8594689971062458,0.9999017122418359,0.1977890844878741,instance,complexity_kDN_top20
1,0.0052631578947368585,0.0,0.0641025641025641,0.6470588235294118,0.1151637720773836,0.0,0.3093991668514817,0.981100611450806,1.0,0.6721433148405573,0.8429394751454945,0.9872556617359671,0.46108856443977364,instance,complexity_kDN_top20
1,0.10699300699300696,0.0,0.0641025641025641,0.6470588235294118,0.11746743330633691,0.0,0.4404204697779823,0.991106170094497,1.0,0.6718907300454002,0.8713163778570909,0.9877223482935243,0.451768582982423,instance,complexity_kDN_top20
1,0.0052631578947368585,0.0,0.0641025641025641,0.5882352941176471,0.11500121461905366,0.0,0.30777363224245413,0.9777654252362423,1.0,0.6798280242054263,0.8770558084692113,0.9972823518831676,0.7698766825290657,instance,complexity_kDN_top20
1,0.0052631578947368585,0.0,0.0641025641025641,0.6470588235294118,0.11537447540416224,0.0,0.4635804275216977,0.9933296275708727,1.0,0.6742111604724106,0.8573062543903589,0.9725559277326543,0.5874788700006224,instance,complexity_kDN_top20
1,0.06153846153846154,0.0,0.053459119496855334,0.7058823529411765,0.11904297159326249,0.0,0.39558712862710477,0.9883268482490273,1.0,0.6708191688595887,0.8760823029034472,0.9955373180946661,0.574408894812623,instance,complexity_kDN_top20
1,0.23015873015873023,0.2,0.07407407407407407,0.5294117647058824,0.7202752232081021,0.0,0.4848531484961327,0.9983324068927182,1.0,0.6750895393808426,0.8562718097362552,0.9991361012115115,0.3813451372403458,instance,complexity_kDN_top20
1,0.4972972972972973,0.2,0.09248554913294793,0.8235294117647058,0.1499993014041462,0.0,0.45060126319493565,0.9988882712618121,1.0,0.6812189843518572,0.8402373063366406,0.9978943921871137,0.36216990091085505,instance,complexity_kDN_top20
1,0.0052631578947368585,0.0,0.0641025641025641,0.6470588235294118,0.11499550679683634,0.0,0.41437626260072724,0.981100611450806,1.0,0.6747037441516371,0.8295112983286568,0.9899366223711807,0.5845144167961955,instance,complexity_kDN_top20
1,0.10091743119266061,0.0,0.053459119496855334,0.7058823529411765,0.11565638020426305,0.0,0.4445083725327612,0.9888827126181212,1.0,0.6792177649552725,0.8633854340723387,0.9865417678129975,0.6543840982948269,instance,complexity_kDN_top20
1,0.05681818181818188,0.0,0.053459119496855334,0.8235294117647058,0.11566650719054855,0.0,0.40720639903105693,0.9888827126181212,1.0,0.6798994899075438,0.8652743179443622,0.9606311246678296,0.5501127689228018,instance,complexity_kDN_top20
1,0.015151515151515138,0.0,0.0641025641025641,0.5882352941176471,0.11588673135827054,0.0,0.3917914704435882,0.9844357976653697,0.95,0.6605083153255985,0.8270781052816835,0.9945879366185685,0.6934547726424053,instance,complexity_kDN_top20
1,0.09262048192771077,0.0,0.053459119496855334,0.7058823529411765,0.1659920957592118,0.0,0.44979631399586284,0.9927737632017788,1.0,0.6759254243947971,0.8708073434201277,0.9863600971120094,0.4097855498229013,instance,complexity_kDN_top20
1,0.013333333333333308,0.0,0.06666666666666665,0.4117647058823529,0.11767082538042833,0.0,0.3957284563574873,0.9949972206781545,1.0,0.6829047994264099,0.8597976325766572,0.994139579476464,0.4165640423317522,instance,complexity_kDN_top20
1,0.013333333333333308,0.0,0.09248554913294793,0.8235294117647058,0.11498665768285227,0.0,0.42538715658640613,0.9683157309616454,1.0,0.6823160701186343,0.8575989674085935,0.9809299184396579,0.9944375652960759,instance,complexity_kDN_top20
1,0.08783783783783783,0.2,0.053459119496855334,0.7058823529411765,0.17494777255043692,0.0,0.45506863641352147,0.9977765425236242,1.0,0.6789901445746005,0.8779922010804085,0.9893730549688915,0.48900589418363855,instance,complexity_kDN_top20
1,0.0,0.0,0.0641025641025641,0.6470588235294118,0.11581975719907595,0.0,0.4396655908875413,0.9922178988326849,1.0,0.668573840277828,0.8367913936257686,0.9875859279335143,0.3293408343723282,instance,complexity_kDN_top20
1,0.13247863247863245,0.0,0.33333333333333337,0.7647058823529411,0.5303151076623513,0.0,0.46540312970425357,0.9966648137854364,1.0,0.667843781417195,0.8911968148989903,0.9937840363058644,0.16401652805984776,instance,complexity_kDN_top20
1,0.2259174311926606,0.2,0.0641025641025641,0.7058823529411765,0.11500785946341813,0.0,0.47003901449329877,0.9988882712618121,1.0,0.6799145851405499,0.8634576969674823,0.9947243288669482,0.8019154868020417,instance,complexity_kDN_top20
1,0.06000000000000005,0.0,0.06666666666666665,0.4117647058823529,0.1155281994698723,0.0,0.4385176473475194,0.9938854919399667,1.0,0.6830113256081395,0.8431170504313392,0.969273736112127,0.4126974567299849,instance,complexity_kDN_top20
1,0.09999999999999998,0.0,0.09248554913294793,0.8235294117647058,0.6557814229434754,0.0,0.411645275406461,0.9883268482490273,1.0,0.6724319362867361,0.8430959237926829,0.9517148271965344,0.5130464470004726,instance,complexity_kDN_top20
1,0.10091743119266061,0.0,0.0641025641025641,0.6470588235294118,0.12135901710884739,0.0,0.36100755813921936,0.9855475264035576,1.0,0.6711433483328905,0.8895207073488312,0.9996280813806803,0.35794074298598155,instance,complexity_kDN_top20
1,0.0052631578947368585,0.0,0.0641025641025641,0.6470588235294118,0.11499732393667494,0.0,0.36958256715341886,0.9594219010561423,0.95,0.6333294161041092,0.8516480591372169,0.9929094657366312,0.9236078197249313,instance,complexity_kDN_top20
1,0.0052631578947368585,0.2,0.0641025641025641,0.6470588235294118,0.11614248123247117,0.0,0.47464399740085583,0.9977765425236242,1.0,0.6739521669026733,0.8326226531779846,0.9660595081868306,0.4575599034504139,instance,complexity_kDN_top20
1,0.01388888888888884,0.0,0.0641025641025641,0.5294117647058824,0.11498672361089712,0.0,0.4507882335059856,0.9877709838799333,0.9,0.6376580420093472,0.8224659699964605,0.9929980782303229,0.9705188628168608,instance,complexity_kDN_top20
1,0.3079178885630498,0.4,0.6060606060606061,0.6470588235294118,0.11625669702971447,0.3333333333333333,0.47866082517431874,0.9988882712618121,1.0,0.6733955558187548,0.8770549352894284,0.9928853669376956,0.45957584966297504,instance,complexity_kDN_top20
1,0.2519230769230769,0.0,0.053459119496855334,0.7058823529411765,0.5458474386507626,0.0,0.46172131909600145,0.9972206781545303,1.0,0.6700582446980583,0.8921353372073717,0.9994790688151579,-0.2137020172262613,instance,complexity_kDN_top20
1,0.07692307692307687,0.2,0.09248554913294793,0.8235294117647058,0.14363605351802278,0.5,0.5076567609674092,1.0,1.0,0.673955730186471,0.9047293976337805,0.9941695654631836,0.39927341682411643,instance,complexity_kDN_top20
1,0.030120481927710774,0.0,0.053459119496855334,0.7058823529411765,0.13685879847185423,0.0,0.4091891331051739,0.9938854919399667,1.0,0.6789598715717392,0.8768715610317448,0.9885312876168778,0.3827382127783535,instance,complexity_kDN_top20
1,0.09999999999999998,0.0,0.025000000000000022,0.47058823529411764,0.12221807144063279,0.0,0.38976489941203396,0.990550305725403,1.0,0.6878391219025581,0.8433858490626676,0.9975677778299229,0.2769880296655778,instance,complexity_kDN_top20
1,0.07377049180327866,0.0,0.06666666666666665,0.4117647058823529,0.11498665768384875,0.0,0.42621195346173624,0.9916620344635909,1.0,0.6817431483919494,0.8775564830375566,0.9964616327707853,0.5190460288623727,instance,complexity_kDN_top20
1,0.07692307692307687,0.0,0.053459119496855334,0.7058823529411765,0.12041446741691486,0.0,0.4230188318589888,0.9927737632017788,1.0,0.6789501133792817,0.8542064625141625,0.9848585108072291,0.5423029835625808,instance,complexity_kDN_top20
1,0.015151515151515138,0.0,0.0641025641025641,0.5882352941176471,0.12152576643291013,0.0,0.4330137271339576,0.9916620344635909,0.95,0.658891136380747,0.8718711625527356,0.9908635423224198,0.43358476770753585,instance,complexity_kDN_top20
1,0.10091743119266061,0.0,0.053459119496855334,0.7058823529411765,0.11600257973278527,0.0,0.370835202205562,0.9894385769872152,1.0,0.6758984142705646,0.8687431943900636,0.9991581846527999,0.49273218109229566,instance,complexity_kDN_top20
1,0.1892156862745098,0.0,0.0641025641025641,0.7058823529411765,0.12747469699169406,0.0,0.4210619039660013,0.9972206781545303,1.0,0.6809601497008138,0.8727224144952554,0.9986503752781272,0.26889729475592417,instance,complexity_kDN_top20
1,0.33040935672514626,0.2,0.743801652892562,0.6470588235294118,0.7784328015509584,0.0,0.4928730760513075,0.9977765425236242,1.0,0.6709926486999193,0.8652411738794994,0.9979201116152794,-0.3460054090491309,instance,complexity_kDN_top20
1,0.0052631578947368585,0.0,0.0641025641025641,0.7058823529411765,0.11541472439326605,0.0,0.32965014114223645,0.9833240689271817,1.0,0.6697750547169709,0.8539374469207015,0.9876946331997853,0.721984592750906,instance,complexity_kDN_top20
1,0.05681818181818188,0.0,0.053459119496855334,0.8235294117647058,0.11498665777128236,0.0,0.46017622628858246,0.9938854919399667,1.0,0.6814511552191936,0.8807653384450799,0.9993759300153224,0.8617822111044916,instance,complexity_kDN_top20
1,0.0,0.0,0.0641025641025641,0.5882352941176471,0.1158961636348449,0.0,0.44096239678444593,0.991106170094497,1.0,0.6760439088987248,0.8817476883489123,0.9909832344961923,0.6203216896816934,instance,complexity_kDN_top20
1,0.0052631578947368585,0.2,0.053459119496855334,0.7058823529411765,0.11546848380884389,0.0,0.43635733382546693,0.9983324068927182,1.0,0.6707905238707662,0.8643403734891184,0.9928741793171095,0.6803370481030949,instance,complexity_kDN_top20
1,0.0,0.2,0.33333333333333337,0.23529411764705882,0.11544452111813425,0.0,0.44882663884264007,0.9983324068927182,0.95,0.63986775906954,0.8152445335818838,0.9776755318834788,0.5674293126560082,instance,complexity_kDN_top20
1,0.017857142857142794,0.0,0.053459119496855334,0.7058823529411765,0.11498951861898599,0.0,0.3759269597119098,0.9483046136742634,1.0,0.6803313476717942,0.8473612858778026,0.9821980403282257,1.052166331550445,instance,complexity_kDN_top20
1,0.22666666666666668,0.0,0.09248554913294793,0.8235294117647058,0.19610144819524794,0.0,0.4562910235981674,0.9944413563090606,1.0,0.6752464737660301,0.8992609279111609,0.9973442477527003,0.37240867379975684,instance,complexity_kDN_top20
1,0.48015873015873023,0.4,0.743801652892562,0.8235294117647058,0.5324914498749423,0.5,0.4933635757100975,0.9994441356309061,1.0,0.6711314501757024,0.9134695787947257,0.9982315151860904,0.007881295294078985,instance,complexity_kDN_top20
1,0.0052631578947368585,0.2,0.0641025641025641,0.7058823529411765,0.11861836343316268,0.0,0.45760928432537984,0.9988882712618121,1.0,0.6726377605263422,0.8337799159589038,0.932959336826861,0.2648342126136733,instance,complexity_kDN_top20
1,0.0,0.2,0.0641025641025641,0.5882352941176471,0.11507077512628916,0.0,0.48927796678878366,0.9988882712618121,0.95,0.6428398490411927,0.8733799960092308,0.9989621912545489,0.7475169307708232,instance,complexity_kDN_top20
1,0.0,0.0,0.0641025641025641,0.6470588235294118,0.11500664082622214,0.0,0.37694422021692586,0.9727626459143969,1.0,0.6732194429819196,0.841707778917676,0.9528354351226874,0.7739582171973566,instance,complexity_kDN_top20
1,0.017857142857142794,0.0,0.053459119496855334,0.8235294117647058,0.11514372185507327,0.0,0.3946521359866214,0.9849916620344636,1.0,0.674183410956193,0.8638786637252671,0.997114405169863,0.8049002190224298,instance,complexity_kDN_top20
1,0.18425076452599387,0.2,0.053459119496855334,0.7058823529411765,0.12411781725318943,0.0,0.47978961883126425,0.9994441356309061,1.0,0.6748601611849463,0.8591963515772658,0.9997500527522408,0.47979607223250353,instance,complexity_kDN_top20
1,0.18425076452599387,0.0,0.053459119496855334,0.7058823529411765,0.12013322689507655,0.0,0.43527061057499106,0.9972206781545303,1.0,0.673643313370796,0.8989362908603289,0.999675464726147,0.5132264304196078,instance,complexity_kDN_top20
1,0.16153846153846152,0.4,0.053459119496855334,0.7058823529411765,0.11891933869233784,0.0,0.4924442632738969,0.9994441356309061,1.0,0.6708683835972443,0.8869691143592314,0.9894243268980326,0.3770917457581976,instance,complexity_kDN_top20
1,0.05681818181818188,0.0,0.11224489795918369,0.7058823529411765,0.1293774336722482,0.0,0.4513686158457263,0.9966648137854364,1.0,0.6748500674138522,0.9093529103583258,0.9951619326763802,0.3497797170894761,instance,complexity_kDN_top20
1,0.41022727272727266,0.4,0.09248554913294793,0.8235294117647058,0.1694024422460919,0.3333333333333333,0.48462777652621014,0.9994441356309061,1.0,0.670613783798564,0.8971703783502498,0.9916378601319924,0.09364486586379013,instance,complexity_kDN_top20
1,0.1383333333333333,0.2,0.0641025641025641,0.6470588235294118,0.12188649196376034,0.0,0.4968006323609052,0.9988882712618121,1.0,0.6713349421270862,0.8724702171867353,0.9911334797953278,0.2887572813989041,instance,complexity_kDN_top20
1,0.09999999999999998,0.0,0.09248554913294793,0.8235294117647058,0.18207311971073226,0.0,0.43707069690933287,0.9949972206781545,1.0,0.6767521932251551,0.867399080362626,0.9962884802796435,0.34959270211960236,instance,complexity_kDN_top20
1,0.39729729729729724,0.0,0.0641025641025641,0.6470588235294118,0.11552374938945797,0.0,0.4383208215052318,0.9972206781545303,1.0,0.6705835015949294,0.83419000593098,0.993862207377,0.37388309122487284,instance,complexity_kDN_top20
1,0.05681818181818188,0.0,0.0641025641025641,0.7058823529411765,0.11499324131236455,0.0,0.4636957871437082,0.991106170094497,1.0,0.6797661778453827,0.8330742721769051,0.9727256104493276,0.7994780852153883,instance,complexity_kDN_top20
1,0.0,0.0,0.0641025641025641,0.6470588235294118,0.11498671880880157,0.0,0.3130846932467274,0.9455252918287937,0.9,0.6352093625552233,0.8154922383734979,0.9671059071838961,1.0304608312665007,instance,complexity_kDN_top20
1,0.6333333333333333,0.6,0.743801652892562,0.7647058823529411,0.1334316954303586,1.0,0.5393291294442563,1.0,1.0,0.6722085823802711,0.8754245859002593,0.9887568954521165,0.1529490572310517,instance,complexity_kDN_top20
1,0.554421768707483,0.4,0.0641025641025641,0.5882352941176471,0.6098862109270874,0.16666666666666666,0.44196679168674047,0.9983324068927182,1.0,0.6694862343080012,0.8637561769223527,0.9988281098329395,0.047065254669347655,instance,complexity_kDN_top20
1,0.3728070175438596,0.2,0.0641025641025641,0.6470588235294118,0.548208589732853,0.25,0.45424718754150617,0.9988882712618121,1.0,0.6689487036423106,0.8591625575569182,0.9982146245241322,0.20985746838412755,instance,complexity_kDN_top20
1,0.06000000000000005,0.0,0.09248554913294793,0.8235294117647058,0.14338447258250903,0.0,0.4202976050309811,0.9938854919399667,1.0,0.6786647627771311,0.8576363559094127,0.9888745947451943,0.6778916970836395,instance,complexity_kDN_top20
1,0.49754901960784315,0.4,0.5652173913043479,0.8823529411764706,0.4684879114953352,0.5,0.5367675296958555,1.0,1.0,0.6715896979661191,0.893044105367637,0.9984779802004171,0.21367962353624484,instance,complexity_kDN_top20
1,0.015151515151515138,0.0,0.0641025641025641,0.5882352941176471,0.11500036930969354,0.0,0.3604823557860989,0.9466370205669816,0.95,0.6461448482788207,0.8596534193983061,0.996560520343408,0.8722440108982544,instance,complexity_kDN_top20
1,0.13131313131313127,0.0,0.0641025641025641,0.7058823529411765,0.12011570299543595,0.0,0.39721628287099275,0.9849916620344636,1.0,0.6719032576976917,0.8764671701016044,0.9738217328661868,0.6086898471259259,instance,complexity_kDN_top20
1,0.12254901960784315,0.0,0.0641025641025641,0.5882352941176471,0.12347270731975113,0.0,0.38204588970752584,0.9872151195108394,1.0,0.6787583075833928,0.8614828090978246,0.9960470526784012,0.7325476688737312,instance,complexity_kDN_top20
1,0.5260869565217392,0.6,0.3384615384615385,0.8235294117647058,0.6117748583325612,0.0,0.48336795744677397,0.9994441356309061,1.0,0.6697209355498522,0.8733055094577586,0.972973142762429,-0.6639607971910577,instance,complexity_kDN_top20
1,0.12280701754385959,0.0,0.33333333333333337,0.29411764705882354,0.11619389655945261,0.0,0.4557019529558112,0.9966648137854364,0.95,0.6611476477520101,0.8279860277902408,0.9836424956733992,0.5755392215216247,instance,complexity_kDN_top20
1,0.19999999999999996,0.2,0.9675925925925926,0.35294117647058826,0.7946279552603727,0.0,0.4206007747874757,0.9983324068927182,1.0,0.6695898249111697,0.8486261772786377,0.9864664791029216,0.3156283320428686,instance,complexity_kDN_top20
1,0.01388888888888884,0.0,0.0641025641025641,0.5882352941176471,0.11501105917744947,0.0,0.34697890793038155,0.9872151195108394,0.95,0.6429977145167058,0.8331134198931048,0.9877675417355404,0.4940099665309178,instance,complexity_kDN_top20
1,0.06000000000000005,0.4,0.234375,0.5882352941176471,0.16202001416323675,0.0,0.4700407765286281,0.9983324068927182,1.0,0.6727703488917716,0.8763439918572444,0.9987482009536715,-0.01960357311016472,instance,complexity_kDN_top20
1,0.030120481927710774,0.0,0.053459119496855334,0.7058823529411765,0.1195487513139753,0.0,0.427767378675847,0.9877709838799333,1.0,0.6713022829625189,0.8897480627004908,0.9974763934988972,0.6879950704548385,instance,complexity_kDN_top20
1,0.424512987012987,0.2,0.22033898305084743,0.9411764705882353,0.2532080727675995,0.0,0.4634465982320368,0.9988882712618121,1.0,0.6682027778214,0.8685195943777595,0.970217829775376,-0.05464417145262846,instance,complexity_kDN_top20
1,0.6364087301587302,0.6,0.8876404494382022,0.35294117647058826,0.5024811526166778,1.0,0.5159174562963319,1.0,1.0,0.6697162411007659,0.8726664717026363,0.9891446734859505,-0.21063944886797234,instance,complexity_kDN_top20
1,0.0052631578947368585,0.0,0.0641025641025641,0.6470588235294118,0.11619863349070891,0.0,0.41015104105654254,0.9938854919399667,1.0,0.671337318345843,0.8668731991646336,0.976592636416954,0.6204189970363393,instance,complexity_kDN_top20
1,0.463963963963964,0.0,0.11224489795918369,0.7058823529411765,0.1770078513590843,0.0,0.4751527435179538,0.9972206781545303,1.0,0.6734060261927174,0.8926311296716622,0.9909024747587367,0.4888437414103363,instance,complexity_kDN_top20
1,0.5801587301587302,1.0,0.743801652892562,0.6470588235294118,0.7784264611175458,1.0,0.5655268511696757,1.0,1.0,0.6688716966437221,0.8724464071853388,0.9946224071210716,-0.5057488013668969,instance,complexity_kDN_top20
1,0.2192982456140351,0.0,0.0641025641025641,0.7058823529411765,0.46973155612623285,0.0,0.3899132238516514,0.9844357976653697,1.0,0.6705533054623087,0.8611652480527233,0.993529394747464,0.06971160418610793,instance,complexity_kDN_top20
1,0.0052631578947368585,0.0,0.0641025641025641,0.6470588235294118,0.11506151334884124,0.0,0.41807962144925637,0.9827682045580878,1.0,0.6715383642542018,0.8426383786843399,0.9735589760271163,0.5133341632126305,instance,complexity_kDN_top20
1,0.22254901960784312,0.2,0.0641025641025641,0.7058823529411765,0.2986843206059889,0.0,0.4693875295071067,0.9988882712618121,0.95,0.6295157157582912,0.8567480825353269,0.9784673727970792,-0.20610179449449015,instance,complexity_kDN_top20
1,0.2102272727272727,0.0,0.053459119496855334,0.8235294117647058,0.12346355970008843,0.0,0.4347259874334636,0.9949972206781545,1.0,0.6707547816354579,0.8685650555564592,0.99587215481996,0.3230309738711172,instance,complexity_kDN_top20
1,0.0052631578947368585,0.0,0.0641025641025641,0.5882352941176471,0.11576837374194904,0.0,0.4736252703138548,0.9955530850472485,1.0,0.6699676424800836,0.8372255728091546,0.9535993352480246,0.5036702476424703,instance,complexity_kDN_top20
1,0.06000000000000005,0.0,0.09999999999999998,0.35294117647058826,0.7969499641999075,0.0,0.39549186377626666,0.9949972206781545,1.0,0.673581399420623,0.8360122239599475,0.969617888772806,-0.020656694150873418,instance,complexity_kDN_top20
1,0.1892156862745098,0.2,0.0641025641025641,0.7647058823529411,0.12796197816460586,0.3333333333333333,0.46166005332441407,0.9988882712618121,1.0,0.6717099384957296,0.8886302860602872,0.9965701405572573,0.31363352018743224,instance,complexity_kDN_top20
1,0.08783783783783783,0.0,0.234375,0.5882352941176471,0.40461103906528884,0.0,0.46656298391846196,0.9972206781545303,1.0,0.6788264239156677,0.9002468712424883,0.9950677274706327,0.03694462251820106,instance,complexity_kDN_top20
1,0.463963963963964,0.2,0.09248554913294793,0.7647058823529411,0.14073219131770787,0.5,0.4786131332762046,0.9994441356309061,1.0,0.6706620395574269,0.8612363823189518,0.9806042316820752,0.3454170458969174,instance,complexity_kDN_top20
1,0.26540616246498594,0.2,0.234375,0.5882352941176471,0.11498670903622321,0.0,0.49907852253866736,0.9994441356309061,1.0,0.6840181966618205,0.8438330069871522,0.9667695793953166,0.037512345744813116,instance,complexity_kDN_top20
1,0.08064516129032251,0.0,0.025000000000000022,0.47058823529411764,0.1255604340552393,0.0,0.43708127044279654,0.9894385769872152,1.0,0.672096821547772,0.8451325351632833,0.9874100277961834,0.6250741244178882,instance,complexity_kDN_top20
1,0.07377049180327866,0.0,0.0641025641025641,0.7647058823529411,0.1151586048289201,0.0,0.41902884125838535,0.9888827126181212,1.0,0.6795787088744405,0.8630343797244047,0.9831989997717324,0.8604374753773186,instance,complexity_kDN_top20
1,0.06776315789473686,0.0,0.0641025641025641,0.6470588235294118,0.11501231145849555,0.0,0.4310072086190926,0.9872151195108394,0.95,0.6568897211589474,0.8440673447272097,0.9874381414781012,0.7593483762537779,instance,complexity_kDN_top20
1,0.1384615384615384,0.2,0.0641025641025641,0.7058823529411765,0.11700213582300495,0.0,0.489025839858638,0.9994441356309061,1.0,0.6789321180568249,0.8478342737458833,0.9901306289768771,0.23241583010279324,instance,complexity_kDN_top20
1,0.33836206896551724,0.6,0.6428571428571428,0.5882352941176471,0.5819263175056971,0.5,0.5308448967565658,1.0,1.0,0.6710175722126385,0.9008567701445329,0.9976710613552632,0.011126076776583841,instance,complexity_kDN_top20
1,0.10344827586206895,0.0,0.0641025641025641,0.35294117647058826,0.1241316481171359,0.0,0.3858403392432953,0.990550305725403,1.0,0.6680247274504053,0.8734939756842589,0.9939847967236745,0.5051268225127544,instance,complexity_kDN_top20
1,0.06153846153846154,0.2,0.053459119496855334,0.8235294117647058,0.1288117816417308,0.0,0.4667816133100837,0.9983324068927182,1.0,0.6732366715176927,0.8648219028521991,0.9763033382595128,0.365869929992463,instance,complexity_kDN_top20
1,0.0,0.2,0.053459119496855334,0.8235294117647058,0.1149866576827413,0.0,0.4672917094701575,0.9977765425236242,0.9,0.46996238332834284,0.8118425158350113,0.9974761453458174,1.7390436074192728,instance,complexity_kDN_top20
1,0.3728070175438596,0.6,0.59375,0.4117647058823529,0.7910058006058461,1.0,0.5237056558307172,1.0,1.0,0.6672243193910996,0.8331048624982003,0.9552370647189202,-0.21935297822747835,instance,complexity_kDN_top20
1,0.06000000000000005,0.0,0.0641025641025641,0.7647058823529411,0.44084331367797636,0.0,0.45670945548387576,0.9933296275708727,1.0,0.6840917121506257,0.8339175616482761,0.9998438272301318,0.2997932133554359,instance,complexity_kDN_top20
1,0.41022727272727266,0.4,0.09248554913294793,0.7647058823529411,0.36100833740915605,0.5,0.49741006856909875,0.9988882712618121,1.0,0.6703500537070383,0.9135215462212074,0.9981151501612344,-0.09531085983495913,instance,complexity_kDN_top20
1,0.35515873015873023,0.6,0.8478260869565217,0.7058823529411765,0.3305679745674359,0.5,0.4477222625249192,0.9994441356309061,1.0,0.669754440643945,0.8620484143358554,0.968073718749298,0.10920344141475935,instance,complexity_kDN_top20
1,0.2813186813186813,0.0,0.0641025641025641,0.5882352941176471,0.11745070297324262,0.0,0.4587797562317375,0.9933296275708727,1.0,0.6776547883978059,0.8913178586077029,0.997869503514623,0.5060518540310734,instance,complexity_kDN_top20
1,0.08783783783783783,0.0,0.053459119496855334,0.7058823529411765,0.3028888020356676,0.0,0.39517886786200496,0.9949972206781545,1.0,0.6780896531481394,0.8780394481741887,0.9801115739783015,0.14034806722193746,instance,complexity_kDN_top20
1,0.0,0.0,0.0641025641025641,0.6470588235294118,0.11498667868696477,0.0,0.32986002399109116,0.9822123401889938,0.95,0.6062976524237388,0.8018856838149739,0.9855539721954311,0.9086744262892187,instance,complexity_kDN_top20
1,0.021739130434782594,0.0,0.053459119496855334,0.7058823529411765,0.11498665768276534,0.0,0.41339557887031286,0.962757087270706,1.0,0.6816479612181913,0.8389572387911606,0.9836879535040446,0.9806072624355369,instance,complexity_kDN_top20
1,0.4970760233918129,0.2,0.22033898305084743,0.9411764705882353,0.7906379412052482,0.0,0.4634530806077537,0.9977765425236242,1.0,0.670880215346422,0.8501068711375266,0.9848595329443487,-0.2788290752656434,instance,complexity_kDN_top20
1,0.0,0.0,0.0641025641025641,0.6470588235294118,0.11509205022170022,0.0,0.4423589261156968,0.9966648137854364,1.0,0.6737350754070273,0.8742090829048668,0.9963674517134078,0.6577595870361334,instance,complexity_kDN_top20
1,0.5352564102564102,0.0,0.11224489795918369,0.7058823529411765,0.5445226114973866,0.0,0.4630359796429434,0.9966648137854364,1.0,0.6700532854977379,0.8957641747592957,0.9781263337809986,0.14215827607470716,instance,complexity_kDN_top20
1,0.41022727272727266,0.0,0.9175257731958762,0.5882352941176471,0.2811663784290369,0.0,0.4465841435728689,0.9972206781545303,1.0,0.6701383272576199,0.8942600405013946,0.9979926765792384,0.007809670900982712,instance,complexity_kDN_top20
1,0.0,0.2,0.0641025641025641,0.7058823529411765,0.7843836732596531,0.0,0.4760010930840869,0.9988882712618121,1.0,0.6686779337902963,0.8441543189155081,0.9968262159140399,0.06420305481091367,instance,complexity_kDN_top20
1,0.0,0.0,0.0641025641025641,0.6470588235294118,0.1196653175991595,0.0,0.4241975869797153,0.9922178988326849,0.95,0.6655879415429583,0.8412987138686827,0.9939156170545562,0.5366467621076603,instance,complexity_kDN_top20
1,0.12254901960784315,0.4,0.6060606060606061,0.5294117647058824,0.12169789368869122,0.3333333333333333,0.48241665997094163,0.9994441356309061,1.0,0.6830429332041847,0.8771466078990748,0.9921251692904287,0.452332740018671,instance,complexity_kDN_top20
1,0.27182539682539686,0.2,0.6428571428571428,0.6470588235294118,0.7959016222220286,0.0,0.445673108490522,0.9977765425236242,1.0,0.6727277773839321,0.8657835108283706,0.9948347646066668,-0.07321664428052026,instance,complexity_kDN_top20
1,0.10091743119266061,0.0,0.11224489795918369,0.7058823529411765,0.11498681054309168,0.0,0.40930003319066455,0.9955530850472485,1.0,0.6816001368800025,0.8674333835968637,0.9897669271442182,0.851910379167993,instance,complexity_kDN_top20
1,0.13888888888888884,0.0,0.8478260869565217,0.5294117647058824,0.11686402854267719,0.0,0.4079663632850751,0.990550305725403,0.95,0.6491227630985998,0.8311846923586407,0.9936404232909961,0.45765342683402505,instance,complexity_kDN_top20
1,0.1384615384615384,0.0,0.22033898305084743,0.6470588235294118,0.11668104260108675,0.0,0.43068076244407016,0.9883268482490273,1.0,0.6798280665485563,0.8595411213939504,0.9744183593493475,0.5537593183208938,instance,complexity_kDN_top20
1,0.017857142857142794,0.0,0.053459119496855334,0.8235294117647058,0.1149992644242464,0.0,0.3938914593915065,0.9888827126181212,1.0,0.6798351563406705,0.8404210064774293,0.9839115732083964,0.9706164074607259,instance,complexity_kDN_top20
1,0.2848837209302326,0.4,0.18181818181818177,0.5294117647058824,0.6701618681110565,0.0,0.4390207238048419,0.9994441356309061,1.0,0.6711828116688596,0.872201799946291,0.9715834987564467,0.1459161817833717,instance,complexity_kDN_top20
1,0.12254901960784315,0.0,0.0641025641025641,0.5882352941176471,0.13085339875724428,0.0,0.4433817364291748,0.9949972206781545,1.0,0.670904559872786,0.8729063850199148,0.9993696639912013,0.05504110625570744,instance,complexity_kDN_top20
1,0.013333333333333308,0.0,0.0641025641025641,0.5882352941176471,0.11522287844453738,0.0,0.3742210531325797,0.9877709838799333,1.0,0.6801996031031534,0.8307267288541385,0.997549786421331,0.8683706153569991,instance,complexity_kDN_top20
1,0.31153846153846154,0.0,0.09248554913294793,0.8235294117647058,0.13051872837189255,0.0,0.4091359949029787,0.9972206781545303,1.0,0.6692849896253398,0.884351136769911,0.9928565243859694,0.3779996900061097,instance,complexity_kDN_top20
1,0.0,0.0,0.0641025641025641,0.5882352941176471,0.11504205742953316,0.0,0.3751247942588407,0.9577543079488605,1.0,0.6883109559012561,0.8395300242517261,0.9898541111862185,0.8076746579037858,instance,complexity_kDN_top20
1,0.8176691729323309,0.4,0.053459119496855334,0.7058823529411765,0.47975091698947214,0.0,0.43443615274523206,0.9994441356309061,1.0,0.6713909375000306,0.8865615169248444,0.9966510792332807,0.33536183586749696,instance,complexity_kDN_top20
1,0.0,0.0,0.053459119496855334,0.8235294117647058,0.1149866576827413,0.0,0.46144731293128405,0.9922178988326849,0.9,0.4831079212264154,0.8439178648675986,0.9960146758447715,1.390835070866939,instance,complexity_kDN_top20
1,0.3920454545454546,0.2,0.743801652892562,0.5294117647058824,0.6510212687770752,0.5,0.4962975841041646,0.9994441356309061,1.0,0.6703078088246704,0.8940437450740355,0.9921962132892078,-0.22548372653661633,instance,complexity_kDN_top20
1,0.01388888888888884,0.0,0.0641025641025641,0.6470588235294118,0.11499503867219568,0.0,0.4127464968600367,0.9838799332962757,1.0,0.6715990465066354,0.8561836972976984,0.9999317429451247,1.0010477929894956,instance,complexity_kDN_top20
1,0.08064516129032251,0.0,0.0641025641025641,0.6470588235294118,0.11517087233953449,0.0,0.38283096748721024,0.9922178988326849,1.0,0.6720352373097216,0.820845718648278,0.956346394334109,0.7447240178624418,instance,complexity_kDN_top20
1,0.22254901960784312,0.2,0.025000000000000022,0.47058823529411764,0.2375198764886326,0.5,0.46862811321560016,0.9994441356309061,1.0,0.6731649540143779,0.8644263662692108,0.9804928009234496,0.12983502429890176,instance,complexity_kDN_top20
1,0.013333333333333308,0.0,0.0641025641025641,0.6470588235294118,0.11537983731515888,0.0,0.4071584597882024,0.9966648137854364,1.0,0.6735723571296031,0.8421406078007074,0.972109572854821,0.6205314735108793,instance,complexity_kDN_top20
1,0.0,0.0,0.0641025641025641,0.6470588235294118,0.1149866576827413,0.0,0.37297503064801263,0.942745969983324,0.85,0.5629101925455978,0.8035546474960192,0.9928737103201277,1.9136177662935396,instance,complexity_kDN_top20
1,0.01388888888888884,0.0,0.0641025641025641,0.6470588235294118,0.11499848539436697,0.0,0.4387310565388012,0.991106170094497,1.0,0.667164847216214,0.8584581249127086,0.9982367308502121,0.7004910244588092,instance,complexity_kDN_top20
1,0.06153846153846154,0.0,0.053459119496855334,0.5882352941176471,0.11514372347429502,0.0,0.4366316106422101,0.9855475264035576,1.0,0.6698884974509283,0.8622307963540781,0.9936843175630358,0.7860681400405274,instance,complexity_kDN_top20
1,0.0,0.0,0.0641025641025641,0.6470588235294118,0.1150003040725272,0.0,0.28720908054389804,0.9444135630906059,1.0,0.6691124592322671,0.8204654188436669,0.9554560081262842,0.8659032354461663,instance,complexity_kDN_top20
1,0.017857142857142794,0.2,0.053459119496855334,0.5882352941176471,0.11684732193623787,0.0,0.47306524883769085,0.9983324068927182,1.0,0.6734192754539882,0.8580352680002099,0.9901430307016486,0.40695107548610393,instance,complexity_kDN_top20
1,0.07692307692307687,0.0,0.09248554913294793,0.8235294117647058,0.14438946817332793,0.0,0.39775554472422003,0.9833240689271817,1.0,0.6786060720549959,0.8763342679195214,0.9975042189978268,0.6200424702992061,instance,complexity_kDN_top20
1,0.0,0.0,0.0641025641025641,0.6470588235294118,0.2778053173923345,0.0,0.3635817622674805,0.9877709838799333,1.0,0.6717535738017526,0.8606277762296191,0.9877311723136026,0.1109697745970928,instance,complexity_kDN_top20
1,0.08783783783783783,0.0,0.053459119496855334,0.7058823529411765,0.26267789086610105,0.0,0.44363110337151446,0.9955530850472485,1.0,0.675160150808555,0.886648620639453,0.9906336906875631,0.18415783662031454,instance,complexity_kDN_top20
1,0.6925287356321839,0.4,0.9487179487179487,0.7058823529411765,0.19541222402132108,0.0,0.47362881833295645,0.9994441356309061,1.0,0.6704130316717737,0.8965006428095255,0.9998664712909916,0.4178208941262159,instance,complexity_kDN_top20
1,0.4162087912087913,0.6,0.3384615384615385,0.8235294117647058,0.5495729106056114,0.5,0.5343370333949757,1.0,1.0,0.6697456076272332,0.8837600258420878,0.99705529294871,-0.015320209237284622,instance,complexity_kDN_top20
1,0.23015873015873023,0.0,0.07407407407407407,0.5294117647058824,0.11889652118012706,0.0,0.45450674277463265,0.9955530850472485,1.0,0.6716082753787169,0.8761168343915943,0.9782893963426138,0.4138715268933995,instance,complexity_kDN_top20
1,0.1384615384615384,0.0,0.0641025641025641,0.6470588235294118,0.11552775622748246,0.0,0.4601779070257851,0.990550305725403,1.0,0.6731708557077068,0.8558747470754178,0.9969670952324893,0.7989385066534254,instance,complexity_kDN_top20
1,0.09999999999999998,0.0,0.09248554913294793,0.8235294117647058,0.7122071842505749,0.0,0.43812652298701205,0.9961089494163424,1.0,0.6717613832513103,0.8623699590925185,0.9959696410037835,-0.06725070990017656,instance,complexity_kDN_top20
1,0.0,0.0,0.09248554913294793,0.8235294117647058,0.11653381815746,0.0,0.3579059848260989,0.991106170094497,1.0,0.6735169360638409,0.8716777926979112,0.9979887270318079,0.559640081428743,instance,complexity_kDN_top20
1,0.13131313131313127,0.0,0.11224489795918369,0.5294117647058824,0.1217290428585514,0.0,0.4822566553612472,0.9972206781545303,0.95,0.6474896193304166,0.8536580140075987,0.9925570543409528,0.18064114746005602,instance,complexity_kDN_top20
1,0.1634174311926606,0.0,0.09248554913294793,0.8235294117647058,0.11498703413087974,0.0,0.3392905191145851,0.9899944413563091,1.0,0.6817346353108715,0.8906359560083841,0.991271475620646,0.6516789201758502,instance,complexity_kDN_top20
1,0.01388888888888884,0.0,0.0641025641025641,0.6470588235294118,0.11499547084766704,0.0,0.4715495556174498,0.9966648137854364,1.0,0.6745715466074326,0.8413268570089641,0.961354906891525,0.9588437636170032,instance,complexity_kDN_top20
1,0.12254901960784315,0.4,0.234375,0.5882352941176471,0.2379988705176781,0.0,0.4680295579379652,0.9983324068927182,1.0,0.6845295719016853,0.8478544687267433,0.9692986111633943,0.5003135540374634,instance,complexity_kDN_top20
1,0.07377049180327866,0.2,0.0641025641025641,0.6470588235294118,0.11569501799878201,1.0,0.5048144722681046,1.0,1.0,0.6791959570166671,0.8776157551793442,0.985184014380276,0.39194855597987516,instance,complexity_kDN_top20
1,0.6508620689655172,0.6,0.4444444444444444,0.5294117647058824,0.7453152713365965,1.0,0.5615546452761553,1.0,1.0,0.6696506110763738,0.8590825877180868,0.9772610181917267,-0.08234009620328571,instance,complexity_kDN_top20
1,0.29729729729729726,0.0,0.17543859649122806,0.5294117647058824,0.1616711317755506,0.0,0.4274175296300726,0.991106170094497,1.0,0.6730138979626314,0.8653194841692148,0.9983724558317308,0.35522981189781094,instance,complexity_kDN_top20
1,0.5079365079365079,0.2,0.5652173913043479,0.8823529411764706,0.28499698860035627,0.0,0.4902976887345867,0.9977765425236242,1.0,0.671940192927471,0.8983094988471679,0.999257444249526,0.06705413878981208,instance,complexity_kDN_top20
1,0.0,0.0,0.0641025641025641,0.7058823529411765,0.13978227792691156,0.0,0.4598846916481323,0.9966648137854364,1.0,0.6696231457438611,0.8640569992566414,0.9972969979687369,0.24657621312755545,instance,complexity_kDN_top20
1,0.01724137931034475,0.2,0.045454545454545414,0.4117647058823529,0.7359745323518466,0.0,0.401034017209667,0.9977765425236242,1.0,0.6712871139312375,0.8448522080021854,0.9904144703650624,0.135685583014025,instance,complexity_kDN_top20
1,0.21590909090909083,0.6,0.0,0.4117647058823529,0.7773600626608772,0.0,0.3672284261142995,0.9994441356309061,1.0,0.6689093073755441,0.8145820420254593,0.990565555400812,-0.4789355171437528,instance,complexity_kDN_top20
1,0.08783783783783783,0.0,0.053459119496855334,0.7058823529411765,0.7040979596248564,0.0,0.4201387911956973,0.9972206781545303,1.0,0.6695059543856827,0.8902027965956562,0.9983314072958921,0.036697705416756134,instance,complexity_kDN_top20
1,0.05681818181818188,0.0,0.053459119496855334,0.7647058823529411,0.1149866576827413,0.0,0.40726972917924265,0.9961089494163424,1.0,0.6698018208226203,0.8772995053344019,0.9875610231612245,1.0789060784202456,instance,complexity_kDN_top20
1,0.07377049180327866,0.0,0.0641025641025641,0.7058823529411765,0.1149866576827413,0.0,0.4053876835404079,0.9955530850472485,1.0,0.6819633627524567,0.8781193708417241,0.9918010056263753,0.9368400367434813,instance,complexity_kDN_top20
1,0.35876623376623373,0.2,0.6666666666666667,0.5294117647058824,0.6850050618077473,0.0,0.44171132142431757,0.9988882712618121,1.0,0.6692140007912154,0.8516688211340716,0.9973118381711301,0.079291814552964,instance,complexity_kDN_top20
1,0.0,0.0,0.22033898305084743,0.6470588235294118,0.11503360301670212,0.0,0.4394253539243663,0.9922178988326849,0.95,0.6030759070926923,0.8343390776386792,0.997481384660924,0.27675957548171815,instance,complexity_kDN_top20
1,0.34090909090909083,0.0,0.33333333333333337,0.23529411764705882,0.19105099096266798,0.0,0.46467107264567886,0.9955530850472485,1.0,0.670986830686088,0.8439413808311498,0.9831149750964694,0.3800195777395676,instance,complexity_kDN_top20
1,0.1892156862745098,0.0,0.0641025641025641,0.7058823529411765,0.12081570208756914,0.0,0.43393847555752785,0.9916620344635909,1.0,0.677997367103881,0.9017930294986529,0.9866963987673661,0.4980118613204671,instance,complexity_kDN_top20
1,0.28846153846153844,0.0,0.6666666666666667,0.5294117647058824,0.7934351969972498,0.0,0.4309243476437127,0.9966648137854364,0.95,0.6666666666666666,0.8225846950419671,0.971971067761781,-0.501749404130037,instance,complexity_kDN_top20
1,0.463963963963964,0.4,0.27586206896551724,0.5882352941176471,0.7383369385708145,1.0,0.501113310782762,1.0,1.0,0.6705114525459765,0.8612452296324997,0.9924814087540691,-0.41809372060278177,instance,complexity_kDN_top20
1,0.4848837209302326,0.6,0.234375,0.5882352941176471,0.5458742235124876,0.0,0.46599433424875203,0.9994441356309061,1.0,0.6746459719460723,0.8600049823553038,0.985503387984258,0.2892987459121461,instance,complexity_kDN_top20
1,0.0,0.0,0.0641025641025641,0.7647058823529411,0.1149866576827413,0.0,0.3974020270120415,0.991106170094497,0.9,0.6313670780372417,0.8248709212688929,0.9647630832045672,1.5721888148365466,instance,complexity_kDN_top20
1,0.10091743119266061,0.4,0.22033898305084743,0.9411764705882353,0.2005169508776884,1.0,0.5364261830199579,1.0,1.0,0.6713797898101114,0.8698858944985985,0.984156009217502,-0.030406927929665734,instance,complexity_kDN_top20
1,0.3225490196078431,0.2,0.0641025641025641,0.5882352941176471,0.12595707045874943,0.0,0.45556032722732953,0.9983324068927182,1.0,0.672462492533728,0.8992006160702379,0.9958972417979232,0.6141245962059129,instance,complexity_kDN_top20
1,0.9022556390977443,0.6,0.8478260869565217,0.47058823529411764,0.3259542758171472,1.0,0.5558762091049965,1.0,1.0,0.6699128127773097,0.8419667950031654,0.9536456572754581,0.02463190703342202,instance,complexity_kDN_top20
1,0.3685897435897436,0.6,0.07407407407407407,0.5294117647058824,0.79693469470517,1.0,0.5135749275420809,1.0,1.0,0.6703788560892511,0.8743252264767181,0.9957496951271113,-0.4953883078920811,instance,complexity_kDN_top20
1,0.013333333333333308,0.2,0.17543859649122806,0.5294117647058824,0.15516475137046626,0.0,0.433083364374949,0.9977765425236242,1.0,0.6705838818815381,0.8922172253862806,0.9993272549729402,0.41849627894377206,instance,complexity_kDN_top20
1,0.0052631578947368585,0.0,0.0641025641025641,0.6470588235294118,0.11498666117596235,0.0,0.35119053517468946,0.9155086158977209,0.95,0.6434320962851636,0.8171225233128304,0.9638180076546732,1.0707307014763925,instance,complexity_kDN_top20
1,0.35876623376623373,0.2,0.1428571428571429,0.5882352941176471,0.384541088867826,1.0,0.5067199019977265,1.0,1.0,0.6710941156829133,0.8527316542444708,0.9756659883188118,0.07345156763732734,instance,complexity_kDN_top20
1,0.9305555555555556,0.8,0.3384615384615385,0.8235294117647058,0.48085777552018294,1.0,0.5448206675218914,1.0,1.0,0.6707633396399377,0.8973541315712584,0.9951724978784252,0.2753090339009095,instance,complexity_kDN_top20
1,0.12280701754385959,0.4,0.8876404494382022,0.5882352941176471,0.7514427040030912,0.5,0.442749423816839,0.9988882712618121,1.0,0.6703410487308192,0.8631945124755122,0.9825385453042628,-0.051712511618597995,instance,complexity_kDN_top20
1,0.09999999999999998,0.0,0.09248554913294793,0.8235294117647058,0.47107314132084144,0.0,0.3841587936474171,0.9733185102834908,1.0,0.6793931197784825,0.8611039657754338,0.9916957849823214,0.4017128572771567,instance,complexity_kDN_top20
1,0.0,0.0,0.053459119496855334,0.8235294117647058,0.1149901072829786,0.0,0.42754100572501386,0.9844357976653697,1.0,0.6765922010036693,0.8347642528089171,0.9840766776292975,0.6329422098209884,instance,complexity_kDN_top20
1,0.06000000000000005,0.2,0.025000000000000022,0.47058823529411764,0.5628960340603728,0.5,0.47481958936734225,0.9994441356309061,1.0,0.6747719840079696,0.8459151240096269,0.9985776360678922,0.8274788676692808,instance,complexity_kDN_top20
1,0.06153846153846154,0.0,0.22033898305084743,0.6470588235294118,0.21533366359629535,0.0,0.41232731993809235,0.9966648137854364,1.0,0.6684858150322137,0.8666311614462915,0.9699403818259943,0.25147242815815585,instance,complexity_kDN_top20
1,0.13131313131313127,0.0,0.0641025641025641,0.7647058823529411,0.1151899928850672,0.0,0.41492854892096886,0.9872151195108394,1.0,0.6722357136771071,0.8856746591299413,0.9984859239991435,0.6224596016914689,instance,complexity_kDN_top20
1,0.05681818181818188,0.0,0.11224489795918369,0.7058823529411765,0.11563698221724028,0.0,0.3784203894244397,0.9872151195108394,1.0,0.6794974229550049,0.8849860611291958,0.997633844311291,0.5834759211906709,instance,complexity_kDN_top20
1,0.253448275862069,0.0,0.0641025641025641,0.7058823529411765,0.13555504235852534,0.0,0.47035940203061444,0.9955530850472485,1.0,0.6709876859762837,0.9218965240711052,0.9981182974571248,0.4418020649547664,instance,complexity_kDN_top20
1,0.07377049180327866,0.0,0.0641025641025641,0.7058823529411765,0.1153530289141429,0.0,0.4196420895001457,0.9916620344635909,1.0,0.680594482076327,0.868097538889649,0.9920428481412265,0.3686792222780016,instance,complexity_kDN_top20
1,0.0,0.2,0.17543859649122806,0.5294117647058824,0.11879930564303504,0.0,0.41787613357485787,0.9988882712618121,1.0,0.6754094886633911,0.8888797432825983,0.9853248796569799,0.4004181754746651,instance,complexity_kDN_top20
1,0.17487684729064035,0.0,0.17543859649122806,0.5294117647058824,0.1251339749470438,0.0,0.47593522866995086,0.9944413563090606,1.0,0.6716000358049646,0.8889173271889966,0.9943787154655171,0.3492994658222721,instance,complexity_kDN_top20
1,0.01724137931034475,0.0,0.045454545454545414,0.4117647058823529,0.733324105836975,0.0,0.46951438265050804,0.9966648137854364,1.0,0.6718960794993815,0.8380532017869694,0.9901152681514687,0.29395320545259634,instance,complexity_kDN_top20
1,0.0052631578947368585,0.0,0.0641025641025641,0.6470588235294118,0.11500336189968552,0.0,0.3563004739751998,0.9766536964980544,1.0,0.6735837768874242,0.8340810287276744,0.9722852656855837,1.0085910621745067,instance,complexity_kDN_top20
1,0.0,0.0,0.0641025641025641,0.6470588235294118,0.11766984827565052,0.0,0.39673836998939105,0.9827682045580878,1.0,0.6704063904565005,0.8430699383230789,0.9957407940843337,0.49972391975480945,instance,complexity_kDN_top20
1,0.2848837209302326,0.2,0.27586206896551724,0.5882352941176471,0.621408340373599,0.0,0.4517993476517519,0.9988882712618121,1.0,0.6708970679699394,0.8964852639086853,0.9864465162654894,0.012360053125531453,instance,complexity_kDN_top20
1,0.013333333333333308,0.0,0.09248554913294793,0.8235294117647058,0.11531336575944329,0.0,0.3940941321298761,0.9849916620344636,1.0,0.6721213654646018,0.8614252801042503,0.9791457222927965,0.7802432930787727,instance,complexity_kDN_top20
1,0.41022727272727266,0.4,0.27586206896551724,0.5882352941176471,0.20927690658569398,0.0,0.46997295186113286,0.9988882712618121,1.0,0.6705826276511625,0.8866612062218241,0.9908723339896779,0.03878184332640844,instance,complexity_kDN_top20
1,0.017857142857142794,0.0,0.053459119496855334,0.7058823529411765,0.11522531113297957,0.0,0.4126585833887839,0.9749861033907726,0.95,0.61002488168162,0.8204267997755185,0.9973759233116857,0.7301370211178247,instance,complexity_kDN_top20
1,0.5079365079365079,0.0,0.09248554913294793,0.8235294117647058,0.241895515413999,0.14285714285714285,0.44619366541632044,0.9972206781545303,1.0,0.6717590477358292,0.9161244290709855,0.9980705962630559,0.2605957409972461,instance,complexity_kDN_top20
1,0.20989010989010992,0.4,0.053459119496855334,0.7058823529411765,0.1572812584011033,0.25,0.47632606644737263,0.9983324068927182,1.0,0.668682979963012,0.8364718913657846,0.9397216100189633,0.3135605339529049,instance,complexity_kDN_top20
1,0.12254901960784315,0.2,0.0641025641025641,0.7058823529411765,0.13057045169813902,0.0,0.38986940611435605,0.9977765425236242,1.0,0.6784429630067721,0.8791190105799467,0.9797841295432217,0.4027368973327239,instance,complexity_kDN_top20
1,0.01388888888888884,0.0,0.0641025641025641,0.6470588235294118,0.11498733739705841,0.0,0.3992689888193067,0.9849916620344636,0.95,0.6579534564097935,0.845000924909536,0.9881322742855561,0.7563753307890656,instance,complexity_kDN_top20
1,0.4162393162393163,0.2,0.053459119496855334,0.8235294117647058,0.14000184313374842,0.25,0.4879397862772056,0.9988882712618121,1.0,0.6730212633092587,0.8722804332452292,0.9939413141934947,0.30229049913381784,instance,complexity_kDN_top20
1,0.1892156862745098,0.0,0.0641025641025641,0.7058823529411765,0.11652317163662534,0.0,0.4045217611551565,0.9883268482490273,1.0,0.6788010751053125,0.8853760312931506,0.9971156894908788,0.3819496247232689,instance,complexity_kDN_top20
1,0.1634174311926606,0.2,0.09248554913294793,0.7647058823529411,0.13750397272840703,0.0,0.46567677987358946,0.9977765425236242,1.0,0.675206778515834,0.8975601371732633,0.998145150741037,0.1516331880344867,instance,complexity_kDN_top20
1,0.08116883116883122,0.0,0.0641025641025641,0.6470588235294118,0.11782961659836577,0.0,0.432265119820361,0.9938854919399667,1.0,0.6711118694311794,0.8556235712010631,0.9873640281913733,0.8551140967687846,instance,complexity_kDN_top20
1,0.34090909090909083,0.0,0.6666666666666667,0.5294117647058824,0.7300638182490217,0.0,0.4064977428078663,0.9961089494163424,1.0,0.6703837636456769,0.8485859657000878,0.9686936368973635,-0.04166915279103444,instance,complexity_kDN_top20
1,0.0,0.2,0.09248554913294793,0.8235294117647058,0.12482254230091583,0.0,0.46842440946943775,0.9983324068927182,1.0,0.6806790928452924,0.8893521644323,0.9973360681652452,0.41140908614601895,instance,complexity_kDN_top20
1,0.0,0.0,0.07407407407407407,0.5294117647058824,0.1150885212445914,0.0,0.40496484378351383,0.9827682045580878,1.0,0.6731273215411006,0.8551596593383778,0.9904863750987078,0.566515037315911,instance,complexity_kDN_top20
1,0.6306306306306306,0.6,0.18181818181818177,0.5294117647058824,0.1728708245674369,1.0,0.5356848310962412,1.0,1.0,0.671628989310481,0.8671711409049176,0.9805993391096373,0.409968454935012,instance,complexity_kDN_top20
1,0.5301587301587302,0.8,0.025000000000000022,0.47058823529411764,0.773215950008856,1.0,0.5064052353890267,1.0,1.0,0.6719136646378753,0.8577586423397582,0.9706917648934185,0.19679821311712914,instance,complexity_kDN_top20
1,0.26540616246498594,0.0,0.053459119496855334,0.8235294117647058,0.11905860745208174,0.0,0.4450232127247422,0.9966648137854364,1.0,0.6788027733750042,0.8835529045071825,0.9923314762151619,0.15337085615922974,instance,complexity_kDN_top20
1,0.1071428571428572,0.2,0.0641025641025641,0.5882352941176471,0.12133116112914905,0.0,0.48227882566156144,0.9977765425236242,1.0,0.6724863731093064,0.8661734402579594,0.9573170976282261,0.3962798466926508,instance,complexity_kDN_top20
1,0.33040935672514626,0.8,0.8876404494382022,0.5882352941176471,0.7493411579493611,1.0,0.55419172829371,1.0,1.0,0.6702871809769907,0.8647623096561199,0.9885632137035475,-0.22059431849646047,instance,complexity_kDN_top20
1,0.030120481927710774,0.0,0.053459119496855334,0.7058823529411765,0.13637871070310037,0.0,0.2987998173094467,0.9888827126181212,1.0,0.6755455389039636,0.8936603765080626,0.9836868970822245,0.6219266779915682,instance,complexity_kDN_top20
1,0.07377049180327866,0.0,0.0641025641025641,0.7058823529411765,0.12307098589905735,0.0,0.4353807292198564,0.9944413563090606,1.0,0.6772935853356908,0.8821449029784946,0.9977615944638337,0.23814744771534152,instance,complexity_kDN_top20
1,0.13131313131313127,0.0,0.053459119496855334,0.7058823529411765,0.1312945371866151,0.0,0.4264357546541213,0.9972206781545303,1.0,0.6706731072437668,0.8816020396599011,0.9970189866700153,0.391321013569919,instance,complexity_kDN_top20
1,0.10344827586206895,0.0,0.0641025641025641,0.6470588235294118,0.11509568811461224,0.0,0.41789698447005974,0.9777654252362423,0.95,0.6628734915780632,0.8791122263666636,0.9947907326131392,0.6027315117121798,instance,complexity_kDN_top20
1,0.23015873015873023,0.0,0.11224489795918369,0.7058823529411765,0.15127870774318897,0.0,0.44630689836120574,0.9938854919399667,1.0,0.6755940693042788,0.8829922127398916,0.9884768840883195,0.30368459457295227,instance,complexity_kDN_top20
1,0.01724137931034475,0.0,0.0641025641025641,0.7058823529411765,0.22296312844691196,0.0,0.4368469410784356,0.9949972206781545,1.0,0.6755442636923137,0.8233934731472787,0.9865888839356718,0.3126926308975012,instance,complexity_kDN_top20
1,0.07377049180327866,0.0,0.0641025641025641,0.6470588235294118,0.1149921548417055,0.0,0.330549183317311,0.9705391884380211,1.0,0.6802711771395269,0.8396679071961761,0.9682199210482854,0.7318240209901973,instance,complexity_kDN_top20
1,0.09999999999999998,0.0,0.053459119496855334,0.5882352941176471,0.4172699409262326,0.0,0.3840241762621144,0.9922178988326849,0.95,0.631825651003555,0.8754080069163976,0.985522487448647,0.023983249209472195,instance,complexity_kDN_top20
1,0.3225490196078431,0.2,0.11224489795918369,0.7058823529411765,0.12563913443777386,0.0,0.47862865506542007,0.9977765425236242,1.0,0.6747892157399151,0.8642056798860857,0.9939102016450997,0.6064960631636716,instance,complexity_kDN_top20
1,0.09999999999999998,0.0,0.053459119496855334,0.7058823529411765,0.40123421136524406,0.0,0.3902562599661433,0.9883268482490273,1.0,0.6715246538065668,0.8782432838411814,0.9825247786720884,0.04631096688185811,instance,complexity_kDN_top20
1,0.2259174311926606,0.2,0.09248554913294793,0.8235294117647058,0.12995204935256777,0.3333333333333333,0.49068959293619097,0.9994441356309061,1.0,0.6784963748383096,0.8741827852678069,0.9876625668573139,0.5864575075504078,instance,complexity_kDN_top20
1,0.0,0.0,0.0641025641025641,0.6470588235294118,0.11500107356355,0.0,0.3963674832059688,0.9944413563090606,1.0,0.6750692699254092,0.8438816422459443,0.9879034717887384,0.932270716216553,instance,complexity_kDN_top20
1,0.030120481927710774,0.0,0.053459119496855334,0.7058823529411765,0.11903369410167114,0.0,0.4563666273650965,0.9944413563090606,1.0,0.6799868381503016,0.8787096021681033,0.978038529211888,0.3737562567747964,instance,complexity_kDN_top20
1,0.5,0.4,0.4444444444444444,0.5882352941176471,0.7823745533300288,0.0,0.47965386186134973,0.9988882712618121,1.0,0.6698722653463404,0.8711464110738245,0.9924617765103095,-0.219973644181193,instance,complexity_kDN_top20
1,0.1384615384615384,0.0,0.0641025641025641,0.6470588235294118,0.115050256067315,0.0,0.4161721276996343,0.971650917176209,1.0,0.6759390625315622,0.8452395192069527,0.9725555690177836,0.8654303525292909,instance,complexity_kDN_top20
1,0.0052631578947368585,0.0,0.0641025641025641,0.6470588235294118,0.11499099759989045,0.0,0.3506443542851019,0.9566425792106726,1.0,0.67792932899571,0.8502842604642098,0.9987641705449387,0.9600580901717257,instance,complexity_kDN_top20
1,0.1071428571428572,0.0,0.0641025641025641,0.7058823529411765,0.12415442534327514,0.0,0.44411192249527265,0.9961089494163424,1.0,0.6774017012322915,0.8546465518456647,0.9820782185813193,0.5373150774774687,instance,complexity_kDN_top20
1,0.5031347962382445,0.2,0.6428571428571428,0.5882352941176471,0.45250523602513415,0.0,0.4930053355358587,0.9988882712618121,1.0,0.6756475379067282,0.8797886144692969,0.9902337510906154,0.37985336403109554,instance,complexity_kDN_top20
1,0.4353070175438596,0.0,0.0641025641025641,0.5882352941176471,0.3963253279252672,0.0,0.4498693891517457,0.9961089494163424,1.0,0.6684594348601264,0.8453204578310419,0.994065283694866,0.20765701511079782,instance,complexity_kDN_top20
1,0.01388888888888884,0.0,0.0641025641025641,0.6470588235294118,0.11502641422281046,0.0,0.36248257037151954,0.991106170094497,1.0,0.6710220969642493,0.8514172952735487,0.9927022461598523,0.8008088025879305,instance,complexity_kDN_top20
1,0.07377049180327866,0.2,0.0641025641025641,0.6470588235294118,0.12251373051434211,0.0,0.46252106564553874,0.9994441356309061,1.0,0.6744929133191023,0.8729698297898171,0.9907977820571866,0.30039514197629186,instance,complexity_kDN_top20
1,0.0,0.0,0.0641025641025641,0.6470588235294118,0.11500567962894087,0.0,0.36306061744327,0.9271817676486938,1.0,0.6785920196283006,0.8480695586029041,0.986055074913841,0.8192830659083864,instance,complexity_kDN_top20
1,0.3079178885630498,0.2,0.6060606060606061,0.6470588235294118,0.11684194706877954,1.0,0.5068802857871925,1.0,1.0,0.6745429429222358,0.8530821783931606,0.991030417311994,0.8037870787373443,instance,complexity_kDN_top20
1,0.29729729729729726,0.2,0.27586206896551724,0.5882352941176471,0.4303665395912649,0.0,0.4506213982277403,0.9983324068927182,1.0,0.678337089632408,0.8506824482758175,0.9911180609648131,0.24659261532059004,instance,complexity_kDN_top20
1,0.0,0.0,0.0641025641025641,0.6470588235294118,0.11501192692509321,0.0,0.33524778314628156,0.9544191217342969,1.0,0.671269865202095,0.8518679168160721,0.9867764018245755,0.39839607009692435,instance,complexity_kDN_top20
1,0.07377049180327866,0.0,0.09248554913294793,0.8235294117647058,0.11498666718212991,0.0,0.3919899967000636,0.9899944413563091,1.0,0.6814767249586037,0.8838732891196044,0.9940103779384408,0.7855098679007502,instance,complexity_kDN_top20
1,0.09999999999999998,0.0,0.053459119496855334,0.5882352941176471,0.5350128919378018,0.0,0.398013256428566,0.9799888827126181,1.0,0.6708225287449121,0.8879124848428723,0.9852565454126149,0.3240374678547507,instance,complexity_kDN_top20
1,0.22844827586206895,0.2,0.22033898305084743,0.6470588235294118,0.16662261647661214,0.0,0.43306069195040564,0.9988882712618121,1.0,0.6712003112399726,0.9068596791656924,0.9991912130464842,0.3211454237329048,instance,complexity_kDN_top20
1,0.23015873015873023,0.0,0.025000000000000022,0.5294117647058824,0.7933709714434903,0.0,0.44050322866857183,0.9961089494163424,1.0,0.6759108914476293,0.872164589908136,0.9803088062536783,-0.2525591429628227,instance,complexity_kDN_top20
1,0.07692307692307687,0.0,0.053459119496855334,0.7058823529411765,0.14366524899097627,0.0,0.42509537993821145,0.9922178988326849,1.0,0.671082150344403,0.8625892191277155,0.9960060956270613,0.46194308757577546,instance,complexity_kDN_top20
1,0.013333333333333308,0.0,0.0641025641025641,0.7058823529411765,0.11556720437105128,0.0,0.42921319124760293,0.9955530850472485,1.0,0.6696948376990702,0.8605529544583993,0.9861236455331744,0.6919194036830506,instance,complexity_kDN_top20
1,0.0,0.0,0.06666666666666665,0.4117647058823529,0.1149866576827413,0.0,0.362400234408381,0.9688715953307393,0.95,0.6442568707331707,0.8503615030185827,0.9945527521944232,0.6748435020407446,instance,complexity_kDN_top20
1,0.1767676767676768,0.4,0.0641025641025641,0.7647058823529411,0.12613113832645728,0.0,0.49842913384421206,0.9994441356309061,1.0,0.6704159675129243,0.9071494398485569,0.9982146962581596,0.4364622001088326,instance,complexity_kDN_top20
1,0.12254901960784315,0.0,0.0641025641025641,0.5882352941176471,0.209420045118405,0.0,0.463017818365161,0.9972206781545303,1.0,0.671763669877514,0.8776092632364024,0.9957057107164488,0.5940170331216756,instance,complexity_kDN_top20
1,0.41022727272727266,0.4,0.7804878048780488,0.5882352941176471,0.1355307468758461,0.5,0.5077632097675304,1.0,1.0,0.6699713894158239,0.8763343632910472,0.9957026051297754,0.1746106601379883,instance,complexity_kDN_top20
1,0.3685897435897436,0.2,0.4444444444444444,0.5882352941176471,0.7621966650487174,0.0,0.46134138405118197,0.9983324068927182,1.0,0.6690205918261453,0.8798518435356764,0.9896152359276352,-0.08127955651472009,instance,complexity_kDN_top20
1,0.0052631578947368585,0.0,0.0641025641025641,0.7058823529411765,0.11507927853503885,0.0,0.3589881791829391,0.9355197331851028,1.0,0.6741042605391315,0.8657816053620768,0.990016374662064,0.7348255078011269,instance,complexity_kDN_top20
1,0.0,0.0,0.0641025641025641,0.6470588235294118,0.2527704880063354,0.0,0.3757952526022085,0.9733185102834908,0.95,0.6537361741672023,0.8072050452638526,0.9866087057101828,0.04345259165061897,instance,complexity_kDN_top20
1,0.17297762478485368,0.4,0.09248554913294793,0.7647058823529411,0.2683885405932771,0.5,0.5100818328447957,1.0,1.0,0.6760824280276116,0.8994308888072116,0.9964406872902298,0.23413169913589266,instance,complexity_kDN_top20
1,0.0,0.0,0.053459119496855334,0.7058823529411765,0.11652279024135165,0.0,0.3977102705694945,0.9788771539744302,1.0,0.672354624206094,0.8711044844252795,0.9882372677196758,0.40050270173904073,instance,complexity_kDN_top20
1,0.6268939393939394,0.6,0.053459119496855334,0.8235294117647058,0.39309784687468063,0.6666666666666666,0.4908133856369151,0.9994441356309061,1.0,0.6709975078603362,0.8846934303901092,0.9949714083438991,-0.10432679535927881,instance,complexity_kDN_top20
1,0.01724137931034475,0.0,0.053459119496855334,0.7058823529411765,0.3663793379123589,0.0,0.43516853028458513,0.9966648137854364,1.0,0.672581540457493,0.8518899104125136,0.9818120481712179,0.4650888271807399,instance,complexity_kDN_top20
1,0.13247863247863245,0.2,0.18181818181818177,0.5294117647058824,0.29787491559503876,0.5,0.49953488559773707,0.9994441356309061,1.0,0.6691121472264381,0.8738857579428538,0.9809108378653991,0.10012051944159657,instance,complexity_kDN_top20
1,0.5258620689655172,0.2,0.6428571428571428,0.5882352941176471,0.48549945198358124,0.0,0.4286345644264461,0.9988882712618121,1.0,0.6738982287744926,0.8593994829863517,0.9955301804877807,0.13295629994260294,instance,complexity_kDN_top20
1,0.0,0.0,0.0641025641025641,0.47058823529411764,0.11499563741391194,0.0,0.3235566514169592,0.990550305725403,0.95,0.6538528795178257,0.7860049905864546,0.9760571200611853,0.972922738415163,instance,complexity_kDN_top20
1,0.030120481927710774,0.4,0.234375,0.5882352941176471,0.18831675668270015,0.3333333333333333,0.5110285146350481,1.0,1.0,0.6711127810422512,0.8874747177368913,0.9931677972584344,0.30196607581230117,instance,complexity_kDN_top20
1,0.09999999999999998,0.2,0.743801652892562,0.6470588235294118,0.7969518696677594,0.0,0.4811614138749508,0.9988882712618121,1.0,0.6770270442376964,0.8196280509730876,0.9666860770457572,-0.6380554563564449,instance,complexity_kDN_top20
1,0.12280701754385959,0.0,0.0641025641025641,0.5882352941176471,0.1157334887495357,0.0,0.43495462664255014,0.9861033907726515,0.95,0.65466424879715,0.844064704249044,0.986346993105299,0.4350828585600945,instance,complexity_kDN_top20
1,0.12280701754385959,0.0,0.59375,0.29411764705882354,0.16485048287068016,0.0,0.4249329758468321,0.9972206781545303,1.0,0.6679262852514609,0.8298405467519621,0.9830280053414041,0.07963257973115978,instance,complexity_kDN_top20
1,0.10344827586206895,0.2,0.0641025641025641,0.7058823529411765,0.15652970735229488,0.0,0.49534542177475405,0.9994441356309061,1.0,0.6689332218867252,0.8435459428615438,0.9887279516891393,0.3238277571810718,instance,complexity_kDN_top20
1,0.0052631578947368585,0.0,0.0641025641025641,0.6470588235294118,0.11498779451297086,0.0,0.44221783633884615,0.9938854919399667,0.95,0.5975557526975644,0.8568945907844062,0.9891886446532244,0.8570633212996542,instance,complexity_kDN_top20
1,0.19999999999999996,0.0,0.06666666666666665,0.4117647058823529,0.29478378235224734,0.0,0.4451032183735074,0.9955530850472485,1.0,0.6800543525120369,0.8663749452031324,0.9822450404681792,0.11310347273781186,instance,complexity_kDN_top20
1,0.0,0.0,0.053459119496855334,0.7058823529411765,0.11845756416758296,0.0,0.3677201675205437,0.9927737632017788,1.0,0.6701707324320996,0.8783206189656623,0.9834235221669203,0.6385864116682846,instance,complexity_kDN_top20
1,0.463963963963964,0.4,0.17543859649122806,0.5294117647058824,0.7753899244230968,1.0,0.5097279890312971,1.0,1.0,0.6726939205339186,0.8655496632152024,0.9933734331532951,-0.3406370004560759,instance,complexity_kDN_top20
1,0.09999999999999998,0.2,0.025000000000000022,0.47058823529411764,0.38595660363836226,0.0,0.47903920707583203,0.9977765425236242,0.95,0.6544776072730887,0.8448809011466498,0.9994992151128518,0.3133873676657739,instance,complexity_kDN_top20
1,0.08783783783783783,0.0,0.053459119496855334,0.7058823529411765,0.5718672699223828,0.0,0.4041895770830438,0.9938854919399667,1.0,0.6720362326389924,0.871180464389219,0.9872202331282443,-0.06662071674091616,instance,complexity_kDN_top20
1,0.0,0.0,0.0641025641025641,0.6470588235294118,0.11500015061119379,0.0,0.3921898995977129,0.9749861033907726,1.0,0.67826039942466,0.8526969606844821,0.9948886540892293,0.7389038541666353,instance,complexity_kDN_top20
1,0.017857142857142794,0.0,0.053459119496855334,0.7058823529411765,0.1153855528099782,0.0,0.4069112499288331,0.9822123401889938,0.95,0.6079406158327675,0.8224862215676282,0.9951341157328633,0.4081084754311843,instance,complexity_kDN_top20
1,0.1384615384615384,0.2,0.0641025641025641,0.7058823529411765,0.31355473229922026,0.0,0.4260811832203577,0.9983324068927182,1.0,0.6706461310117956,0.8811661030748155,0.9878222138509646,-0.07332452643153045,instance,complexity_kDN_top20
1,0.26127049180327866,0.6,0.0641025641025641,0.7647058823529411,0.1251825523547615,0.0,0.47738403642992944,0.9994441356309061,1.0,0.6780208918821277,0.8618487076090456,0.9961501421873301,1.0311443948220076,instance,complexity_kDN_top20
1,0.10091743119266061,0.0,0.053459119496855334,0.8235294117647058,0.1149866576827413,0.0,0.4183690258499997,0.9883268482490273,1.0,0.68245464423122,0.8547654009219261,0.9999874101850224,0.862010717147141,instance,complexity_kDN_top20
1,0.424512987012987,0.0,0.8518518518518519,0.47058823529411764,0.12232196686864105,0.0,0.4502772677877557,0.9944413563090606,1.0,0.6723060683431115,0.8733270380888445,0.9971935534309713,-0.053275319370782476,instance,complexity_kDN_top20
1,0.01388888888888884,0.0,0.0641025641025641,0.6470588235294118,0.11706005581971368,0.0,0.41773859381378564,0.9894385769872152,1.0,0.668389259366172,0.8593523085364991,0.9894981004870168,0.5948736281072733,instance,complexity_kDN_top20
1,0.030120481927710774,0.0,0.22033898305084743,1.0,0.19552857049635175,0.0,0.46719532636595806,0.9966648137854364,1.0,0.6735686884015006,0.8491556729637413,0.9692445365164265,-0.0670590692599771,instance,complexity_kDN_top20
1,0.10699300699300696,0.0,0.0641025641025641,0.6470588235294118,0.11673183813992999,0.0,0.43111674251959986,0.9933296275708727,1.0,0.6699646678039957,0.8616327849707526,0.9964428570593317,0.6381976884284237,instance,complexity_kDN_top20
1,0.12280701754385959,0.2,0.053459119496855334,0.7058823529411765,0.14550548138750047,0.0,0.4410083380856723,0.9977765425236242,1.0,0.6701910500140084,0.8571391366224326,0.9935537679352742,0.4572930006866573,instance,complexity_kDN_top20
1,0.5258620689655172,0.6,0.743801652892562,0.5294117647058824,0.7969518696509358,0.5,0.49965044739913456,0.9994441356309061,1.0,0.6713690235035127,0.8575356859598257,0.9700583811933532,-0.10862162440828853,instance,complexity_kDN_top20
1,0.08783783783783783,0.0,0.053459119496855334,0.7058823529411765,0.7154975463093711,0.0,0.447201129083584,0.991106170094497,1.0,0.6695978650110532,0.884224705193066,0.9991401801417207,-0.01911072089165899,instance,complexity_kDN_top20
1,0.08064516129032251,0.0,0.06666666666666665,0.4117647058823529,0.11571738637900486,0.0,0.4186449023360501,0.9944413563090606,1.0,0.6825024124743648,0.8307327909299034,0.9879079907932956,0.7286945122010277,instance,complexity_kDN_top20
1,0.9111842105263158,0.8,0.5652173913043479,0.8235294117647058,0.7707100296226003,1.0,0.5437757949733657,1.0,1.0,0.6701246240581014,0.8580124188271429,0.9947930684291729,-0.01709904965849056,instance,complexity_kDN_top20
1,0.1384615384615384,0.0,0.053459119496855334,0.7058823529411765,0.11678781206912348,0.0,0.38282368281327983,0.9722067815453029,1.0,0.6793834133139971,0.870852544923858,0.9911347551408156,0.5278345296856276,instance,complexity_kDN_top20
1,0.0052631578947368585,0.0,0.09248554913294793,0.8235294117647058,0.11503950132175272,0.0,0.4327047391000668,0.981100611450806,1.0,0.6733098524683382,0.8502565564369199,0.9808382375296947,0.7790508858699687,instance,complexity_kDN_top20
1,0.10091743119266061,0.0,0.22033898305084743,0.8235294117647058,0.16505734923121967,0.0,0.4589391058778185,0.9972206781545303,1.0,0.6701471253654123,0.8624657316844772,0.9666003380494824,-0.2558021114481788,instance,complexity_kDN_top20
1,0.09999999999999998,0.0,0.09248554913294793,0.8235294117647058,0.31843485478445616,0.0,0.4166365668716492,0.9866592551417455,1.0,0.6711956310234245,0.8503125892656145,0.951640415239466,0.13670044067964626,instance,complexity_kDN_top20
1,0.0,0.0,0.09248554913294793,0.8235294117647058,0.1149866576827413,0.0,0.41395801030592216,0.9933296275708727,0.95,0.6474163947262531,0.8560279767529183,0.9784093434713006,0.6504590991843057,instance,complexity_kDN_top20
1,0.021739130434782594,0.0,0.09248554913294793,0.8235294117647058,0.11498668379767568,0.0,0.4631175993297588,0.9944413563090606,1.0,0.6811261722608188,0.8809487128677956,0.9920066357297352,0.5241753956624955,instance,complexity_kDN_top20
1,0.12280701754385959,0.0,0.33333333333333337,0.23529411764705882,0.3854119881724596,0.0,0.4203612365430508,0.9938854919399667,1.0,0.6697978758917831,0.8296317651300894,0.9931550453860142,0.09319002826758381,instance,complexity_kDN_top20
1,0.030120481927710774,0.0,0.0641025641025641,0.7058823529411765,0.11705514437440218,0.0,0.4378296675998419,0.9938854919399667,1.0,0.6752040396573065,0.8610039327035774,0.9599593079112786,0.7446904639000641,instance,complexity_kDN_top20
1,0.3951149425287356,0.2,0.0641025641025641,0.7058823529411765,0.14603700238090855,0.0,0.4763053920343894,0.9977765425236242,1.0,0.6719386164179713,0.8826508072604332,0.9992623762670633,0.15363392831946843,instance,complexity_kDN_top20
1,0.07377049180327866,0.0,0.09248554913294793,0.7647058823529411,0.11504905225325474,0.0,0.43932320945641057,0.991106170094497,1.0,0.6809164188808382,0.8937057766615814,0.9968857351189047,0.22633961225121108,instance,complexity_kDN_top20
1,0.0,0.0,0.053459119496855334,0.8235294117647058,0.11587853462537467,0.0,0.4168811494848417,0.9899944413563091,1.0,0.6797136779040982,0.8470071488223485,0.9824074466471328,0.17845921014913102,instance,complexity_kDN_top20
1,0.3192982456140351,0.2,0.11224489795918369,0.7058823529411765,0.3535085094886611,0.0,0.44002727997252733,0.9988882712618121,1.0,0.6786386258717965,0.8705105367978886,0.9963459917130462,0.14777888602204062,instance,complexity_kDN_top20
1,0.2102272727272727,0.2,0.17543859649122806,0.5294117647058824,0.29321809272638566,0.0,0.40951141366261123,0.9983324068927182,1.0,0.66978287831165,0.8890141066689978,0.9987006131573346,0.057719667887874,instance,complexity_kDN_top20
1,0.013333333333333308,0.2,0.17543859649122806,0.5294117647058824,0.1194833764942515,0.0,0.46481934017134163,0.9977765425236242,1.0,0.6762117427694475,0.8628679741230052,0.9749030963859531,0.3715754561031709,instance,complexity_kDN_top20
1,0.05681818181818188,0.0,0.053459119496855334,0.8235294117647058,0.11570704238385954,0.0,0.44035778611172527,0.9899944413563091,1.0,0.6799226539249477,0.8641988979487211,0.9904748588341944,0.5435158631965351,instance,complexity_kDN_top20
1,0.0,0.0,0.0641025641025641,0.6470588235294118,0.11498998532964139,0.0,0.4074328979717652,0.9555308504724848,0.95,0.6534915329592724,0.812014375265024,0.9868975859828211,0.5844119955764926,instance,complexity_kDN_top20
1,0.08783783783783783,0.0,0.3384615384615385,0.8235294117647058,0.6211556810189016,0.0,0.4274559482574777,0.9961089494163424,1.0,0.6694181202799209,0.8760763441514257,0.9699888351083281,0.008883221000440845,instance,complexity_kDN_top20
1,0.015151515151515138,0.0,0.0641025641025641,0.5882352941176471,0.11651793989633763,0.0,0.3813528424532532,0.9749861033907726,0.95,0.6540072261063985,0.8277207304618518,0.9978286038268213,0.5207778427927001,instance,complexity_kDN_top20
1,0.030120481927710774,0.0,0.053459119496855334,0.7058823529411765,0.13593993542161992,0.0,0.3917752918381123,0.9894385769872152,1.0,0.6799863934125142,0.8405988756323179,0.9776942057979022,0.7136011830600123,instance,complexity_kDN_top20
1,0.2519230769230769,0.0,0.053459119496855334,0.7058823529411765,0.14449744596133318,0.0,0.4658377123757287,0.9966648137854364,1.0,0.6699590230907527,0.8883813229645096,0.9977282777544579,0.3253273224943871,instance,complexity_kDN_top20
1,0.015151515151515138,0.0,0.0641025641025641,0.5882352941176471,0.11514436105898768,0.0,0.42171074228691063,0.9844357976653697,0.95,0.6096153108857304,0.8553897546406715,0.9921418181207287,0.6497080974451167,instance,complexity_kDN_top20
1,0.253448275862069,0.2,0.0641025641025641,0.6470588235294118,0.12641872597031922,0.5,0.5043083482164807,1.0,1.0,0.6708884964630254,0.8751972586677036,0.9981761898976963,0.39552139886310106,instance,complexity_kDN_top20
1,0.13131313131313127,0.0,0.0641025641025641,0.5882352941176471,0.11757342367038603,0.0,0.4264141168261354,0.9949972206781545,1.0,0.6700914902680346,0.853208033578866,0.9932535219336712,0.31770962380339557,instance,complexity_kDN_top20
1,0.5159090909090909,0.2,0.0641025641025641,0.5882352941176471,0.1584319853845434,0.0,0.44689407712380314,0.9983324068927182,1.0,0.6722616831395094,0.8440573979494607,0.9760827524347665,0.4910932732204182,instance,complexity_kDN_top20
1,0.013333333333333308,0.0,0.0641025641025641,0.6470588235294118,0.11607690448838953,0.0,0.4143510411958754,0.9933296275708727,1.0,0.6720493570647887,0.8821900644987266,0.9741508202406681,0.6406926888330772,instance,complexity_kDN_top20
1,0.0052631578947368585,0.0,0.053459119496855334,0.7058823529411765,0.11502721410323347,0.0,0.3904799824815758,0.9749861033907726,1.0,0.6735335344662238,0.8561856233775658,0.9796774774789765,0.9523399482219665,instance,complexity_kDN_top20
1,0.09999999999999998,0.0,0.053459119496855334,0.7058823529411765,0.7165910441511978,0.0,0.4371212015131374,0.9877709838799333,1.0,0.6708867895752265,0.857552048898574,0.9960802611737117,0.341346583964572,instance,complexity_kDN_top20
1,0.09999999999999998,0.2,0.7222222222222222,0.7058823529411765,0.637201495077388,0.0,0.44336417621746704,0.9983324068927182,1.0,0.6763933554796627,0.8801301066418181,0.9933098132508532,0.22510104633747144,instance,complexity_kDN_top20
1,0.09999999999999998,0.0,0.09248554913294793,0.8235294117647058,0.5306131178103521,0.0,0.4113135130845166,0.9899944413563091,1.0,0.6725215201694175,0.8738392680540417,0.9897490063520068,0.04294379751033246,instance,complexity_kDN_top20
1,0.08064516129032251,0.0,0.0641025641025641,0.6470588235294118,0.12297273315542162,0.0,0.400778764072396,0.991106170094497,1.0,0.6755193727271743,0.8554731913639992,0.9983576462968198,0.5468886035374814,instance,complexity_kDN_top20
1,0.1892156862745098,0.2,0.09248554913294793,0.8235294117647058,0.11498675423351112,0.0,0.427582340630998,0.9988882712618121,1.0,0.6755184582262495,0.8809049407879561,0.9871024751000322,0.5711573126224725,instance,complexity_kDN_top20
1,0.0357142857142857,0.0,0.0641025641025641,0.5882352941176471,0.11972889231735223,0.0,0.3729526718462286,0.9877709838799333,1.0,0.6734373752118018,0.8850827087265591,0.998475226437549,0.6024674416749362,instance,complexity_kDN_top20
1,0.0892857142857143,0.0,0.09248554913294793,0.8235294117647058,0.11561159571541746,0.0,0.4541222722000797,0.9938854919399667,1.0,0.6809305987771107,0.8303115184859655,0.9835887329481655,0.3151769300919932,instance,complexity_kDN_top20
1,0.0,0.0,0.0641025641025641,0.6470588235294118,0.1150314853473452,0.0,0.3254149371655488,0.952751528627015,1.0,0.6674003449513364,0.8568460577770667,0.9907556554834263,0.6241508520568977,instance,complexity_kDN_top20
1,0.34090909090909083,0.4,0.045454545454545414,0.4117647058823529,0.7841778297873209,0.0,0.43369811561599514,0.9994441356309061,1.0,0.6711913757709599,0.8483841879657545,0.9903054975805949,-0.08102100934274105,instance,complexity_kDN_top20
1,0.021739130434782594,0.0,0.0641025641025641,0.6470588235294118,0.11656409989741057,0.0,0.4212129350686571,0.9861033907726515,0.95,0.6597008403327497,0.8484706892852205,0.9985923524965367,0.6074742885242698,instance,complexity_kDN_top20
1,0.021739130434782594,0.0,0.06666666666666665,0.4117647058823529,0.16069163430368183,0.0,0.3816570698647548,0.9894385769872152,1.0,0.6786072066801011,0.8624118559103617,0.9934453885506537,0.15285107047061094,instance,complexity_kDN_top20
1,0.017857142857142794,0.0,0.09248554913294793,0.8235294117647058,0.11512169790463156,0.0,0.36060537972827433,0.9488604780433574,1.0,0.6758911418063703,0.8421043765574996,0.9918095912343454,0.7235395274543298,instance,complexity_kDN_top20
1,0.6833333333333333,0.4,0.743801652892562,0.8235294117647058,0.1745344290707374,0.4,0.46916159716010664,0.9988882712618121,1.0,0.6728628556107082,0.8629569953924829,0.9675040118221369,0.05942163128783687,instance,complexity_kDN_top20
1,0.07377049180327866,0.0,0.0641025641025641,0.7058823529411765,0.1149867813686914,0.0,0.3887500303380127,0.9961089494163424,1.0,0.681361362051657,0.8628612900126406,0.9972445673322887,0.6590066746862507,instance,complexity_kDN_top20
1,0.0,0.0,0.0641025641025641,0.6470588235294118,0.1149866576827413,0.0,0.3377148991604454,0.9382990550305725,1.0,0.6744110771553706,0.8467030372783588,0.9944249882157634,1.6078381922921192,instance,complexity_kDN_top20
1,0.06000000000000005,0.6,0.8666666666666667,0.5882352941176471,0.2972427071364262,0.5,0.5097790583891186,1.0,1.0,0.6729448758335451,0.8731503742799287,0.9949089704165824,0.4512704428635909,instance,complexity_kDN_top20
1,0.4972972972972973,0.6,0.743801652892562,0.8235294117647058,0.5814463053616817,0.75,0.5238003737979745,1.0,1.0,0.6754021453900977,0.8530491646814301,0.994065529539736,0.032163812950509886,instance,complexity_kDN_top20
1,0.030120481927710774,0.0,0.053459119496855334,0.8235294117647058,0.19603126779060914,0.0,0.4804161438942073,0.9966648137854364,1.0,0.6797835672131329,0.850215936073057,0.9843334819256995,0.19690817028212348,instance,complexity_kDN_top20
1,0.4848837209302326,0.2,0.234375,0.5882352941176471,0.17896110389839476,0.0,0.4973152415860388,0.9988882712618121,1.0,0.6793974145551525,0.9107593154122267,0.9882497438189766,0.27270940402138133,instance,complexity_kDN_top20
1,0.10091743119266061,0.4,0.7804878048780488,0.47058823529411764,0.23173080573933252,0.0,0.48542222090448406,0.9994441356309061,1.0,0.6719833873724002,0.8902693996336248,0.9906855663570896,-0.02790781025586891,instance,complexity_kDN_top20
1,0.013333333333333308,0.0,0.0641025641025641,0.6470588235294118,0.11520061538762194,0.0,0.3479044753335011,0.9772095608671484,1.0,0.6724785567919898,0.8345219189217531,0.9944336868836819,0.9693756972143556,instance,complexity_kDN_top20
1,0.23015873015873023,0.0,0.11224489795918369,0.6470588235294118,0.3046617783434926,0.0,0.44280062179383095,0.991106170094497,1.0,0.6715879307779419,0.8787705653391086,0.9796493727755101,0.3702301049833069,instance,complexity_kDN_top20
1,0.07692307692307687,0.0,0.743801652892562,0.5294117647058824,0.7332847352572376,0.0,0.4685985708764232,0.9972206781545303,1.0,0.6733550541609229,0.8612499524523909,0.9977703099680609,-0.24749527838580027,instance,complexity_kDN_top20
1,0.10999999999999999,0.2,0.0641025641025641,0.6470588235294118,0.11613302062082809,0.0,0.4746896894712165,0.9983324068927182,1.0,0.6812508594922608,0.851406052995686,0.9862388786075682,0.763197398008729,instance,complexity_kDN_top20
1,0.0,0.0,0.0641025641025641,0.6470588235294118,0.11498665980382883,0.0,0.38870490422333526,0.9683157309616454,0.85,0.6209155511399402,0.8108895203957858,0.9918613562199836,1.2036056834068654,instance,complexity_kDN_top20
1,0.30263157894736836,0.2,0.0641025641025641,0.7058823529411765,0.36930011493868253,0.3333333333333333,0.4477880740168577,0.9988882712618121,1.0,0.6730987441481925,0.8784845182845246,0.9998399466606497,0.11835713223983813,instance,complexity_kDN_top20
1,0.10344827586206895,0.0,0.0641025641025641,0.5882352941176471,0.11653744398930771,0.0,0.4136928142189701,0.9894385769872152,1.0,0.670470946945529,0.8937900857557961,0.9886971877138035,0.6488963232744915,instance,complexity_kDN_top20
1,0.12280701754385959,0.0,0.053459119496855334,0.8235294117647058,0.19945668102756153,0.0,0.4408972075560944,0.9944413563090606,1.0,0.6692089927895233,0.8695749163192252,0.9965196529068149,0.4270118098425808,instance,complexity_kDN_top20
1,0.26540616246498594,0.4,0.234375,0.5882352941176471,0.17343976360484853,0.5,0.5197485006573769,1.0,1.0,0.6748529326807504,0.886434088310728,0.992810998383221,0.08718102631129541,instance,complexity_kDN_top20
1,0.0,0.0,0.11224489795918369,0.7058823529411765,0.11505877531773157,0.0,0.38922544685608185,0.9566425792106726,1.0,0.6788755385768002,0.8441525913182353,0.9622149317403926,0.6004005158828067,instance,complexity_kDN_top20
1,0.08116883116883122,0.0,0.0641025641025641,0.6470588235294118,0.11536732226611301,0.0,0.4285298785282917,0.9949972206781545,0.95,0.6542912805801866,0.8707525613791927,0.9771575525410018,0.6720805514654419,instance,complexity_kDN_top20
1,0.030120481927710774,0.0,0.053459119496855334,0.7058823529411765,0.4680017877586472,0.0,0.4158908050316029,0.9888827126181212,1.0,0.6710181645879502,0.8757254877969303,0.9987772360910685,0.3205339043072393,instance,complexity_kDN_top20
1,0.4634551495016611,0.0,0.27586206896551724,0.5882352941176471,0.42884675037715636,0.3333333333333333,0.4475811050959211,0.9972206781545303,1.0,0.679318492341883,0.8702500729370264,0.9961363438416282,0.19986682253423899,instance,complexity_kDN_top20
1,0.0,0.0,0.0641025641025641,0.6470588235294118,0.11498708992701145,0.0,0.3545759286663456,0.9838799332962757,0.85,0.6341125079778379,0.8295292253463755,0.9939963419686741,0.5517280493017124,instance,complexity_kDN_top20
1,0.013333333333333308,0.0,0.4444444444444444,0.5882352941176471,0.11827599910745806,0.0,0.4469847872574765,0.9966648137854364,1.0,0.6844080727027243,0.8626049474615624,0.9955978896136238,0.40278412502861033,instance,complexity_kDN_top20
1,0.9180851063829787,0.8,0.4444444444444444,0.5882352941176471,0.5424097181800883,1.0,0.5459458612732966,1.0,1.0,0.6696991449495935,0.8940544991165481,0.9811399251041915,-0.053411566570102535,instance,complexity_kDN_top20
1,0.20192307692307687,0.4,0.11224489795918369,0.7058823529411765,0.7841526643708667,1.0,0.5177202562032894,1.0,1.0,0.6721688163532032,0.8514290876462202,0.9741928378760205,-0.07333565701940493,instance,complexity_kDN_top20
1,0.10999999999999999,0.0,0.0641025641025641,0.5882352941176471,0.1151471282581778,0.0,0.3355588352730918,0.9738743746525848,1.0,0.6837304241807911,0.8470010052739971,0.9527552279011707,0.7982319677749018,instance,complexity_kDN_top20
1,0.0,0.0,0.22033898305084743,0.6470588235294118,0.1170486851811513,0.0,0.41666684546036226,0.991106170094497,1.0,0.6706169833313896,0.8614053970922283,0.9965809362486605,0.31219759026568233,instance,complexity_kDN_top20
1,0.09999999999999998,0.0,0.09248554913294793,0.8235294117647058,0.37531907028952294,0.0,0.42528021640340496,0.9944413563090606,1.0,0.6684608136958391,0.8552799903758126,0.9752608353080974,-0.021794761305715765,instance,complexity_kDN_top20
1,0.1634174311926606,0.2,0.09248554913294793,0.8235294117647058,0.11905601554424905,0.5,0.5315029956751636,1.0,1.0,0.6778715799965584,0.9105194329936974,0.9971013801052264,0.3733153063161717,instance,complexity_kDN_top20
1,0.2102272727272727,0.2,0.234375,0.5882352941176471,0.1169458907148394,0.5,0.42839481817057634,0.9994441356309061,1.0,0.6783689308893551,0.8615968397053715,0.9708726587858614,0.4210930039892396,instance,complexity_kDN_top20
1,0.05681818181818188,0.0,0.0641025641025641,0.6470588235294118,0.11596777628087807,0.0,0.3983920650617522,0.9883268482490273,1.0,0.672255112100442,0.8543492006519976,0.9885822685000099,0.2893431593805535,instance,complexity_kDN_top20
1,0.5801587301587302,0.6,0.27586206896551724,0.5882352941176471,0.6635831548664044,0.0,0.4709332042031855,0.9988882712618121,1.0,0.6713563060864249,0.8790172306333494,0.9950081163763553,-0.27954315211291836,instance,complexity_kDN_top20
1,0.0,0.0,0.0641025641025641,0.6470588235294118,0.11593875461749314,0.0,0.44857141827887104,0.9938854919399667,1.0,0.6716481365963057,0.869283459600261,0.9920856461500713,0.5599781484217841,instance,complexity_kDN_top20
1,0.06000000000000005,0.4,0.17543859649122806,0.5294117647058824,0.4516323373000901,0.5,0.5038530342731078,1.0,1.0,0.6754110850506091,0.8638736376901239,0.9958529484610397,0.6310584137960079,instance,complexity_kDN_top20
1,0.32362082362082356,0.0,0.0641025641025641,0.7058823529411765,0.5486853317766505,0.0,0.4623836115428197,0.9972206781545303,1.0,0.6704438283578522,0.8768923877329206,0.9788412966722295,-0.07769140381515054,instance,complexity_kDN_top20
1,0.06153846153846154,0.0,0.11224489795918369,0.7058823529411765,0.11784819588936735,0.0,0.4054503642441758,0.9933296275708727,1.0,0.6701373122599346,0.8824498916843808,0.9957980548381397,0.5835126905615596,instance,complexity_kDN_top20
1,0.35876623376623373,0.2,0.11224489795918369,0.7058823529411765,0.36722345362245135,1.0,0.5263944926553363,1.0,1.0,0.6720647472761224,0.8491163821947805,0.9860846979108192,0.5076546485088829,instance,complexity_kDN_top20
1,0.05681818181818188,0.0,0.0641025641025641,0.5882352941176471,0.12584766608778014,0.0,0.39651490523915234,0.9894385769872152,1.0,0.6714779267163475,0.8662029595894098,0.9929461834558112,0.5359398179104387,instance,complexity_kDN_top20
1,0.3685897435897436,0.6,0.0,0.4117647058823529,0.7957657874466303,1.0,0.5302585237457405,1.0,1.0,0.6706760613956848,0.8806228808547484,0.9925528573335574,-0.4773399855325758,instance,complexity_kDN_top20
1,0.015151515151515138,0.0,0.0641025641025641,0.6470588235294118,0.11511134190620781,0.0,0.3727228200308511,0.9683157309616454,0.95,0.6524708871248369,0.8072652870770302,0.9946751983994907,0.5399905006669578,instance,complexity_kDN_top20
1,0.021739130434782594,0.0,0.0641025641025641,0.6470588235294118,0.11502059414841559,0.0,0.4068063035148818,0.971650917176209,1.0,0.6796651431835204,0.8426991820809414,0.9845086043081636,0.7549851618248933,instance,complexity_kDN_top20
1,0.08064516129032251,0.0,0.06666666666666665,0.4117647058823529,0.1149875511432698,0.0,0.3485585560281058,0.9655364091161757,1.0,0.679497063468834,0.8337614498305215,0.9819596630408896,1.0310440933428697,instance,complexity_kDN_top20
1,0.3685897435897436,0.2,0.3384615384615385,0.8235294117647058,0.7780677162368443,1.0,0.5042751616255055,1.0,1.0,0.6714171090003453,0.8760050524254135,0.993017932158284,-0.3023260463350472,instance,complexity_kDN_top20
1,0.2192982456140351,0.2,0.0641025641025641,0.7058823529411765,0.7185594386444243,0.3333333333333333,0.4510502389246065,0.9988882712618121,1.0,0.670804235320726,0.8610180215833163,0.9886848436054585,-0.19869636652199052,instance,complexity_kDN_top20
1,0.1384615384615384,0.0,0.234375,0.5882352941176471,0.2907728482533417,0.0,0.4587956149386072,0.9933296275708727,1.0,0.674292500550093,0.8796906292538207,0.9991654385387045,0.12974540553814362,instance,complexity_kDN_top20
1,0.013333333333333308,0.2,0.0641025641025641,0.7058823529411765,0.3524746794448411,0.0,0.47966434292601934,0.9983324068927182,1.0,0.6735028956412548,0.9090819079075956,0.9983773339508509,0.08289079907170699,instance,complexity_kDN_top20
1,0.030120481927710774,0.0,0.0641025641025641,0.47058823529411764,0.1279908172693648,0.0,0.43466812334922267,0.9855475264035576,1.0,0.6796785096196472,0.8715838947320644,0.9819486904763715,0.6936652396634846,instance,complexity_kDN_top20
1,0.08116883116883122,0.0,0.0641025641025641,0.7058823529411765,0.21325736591468053,0.0,0.4358677904774729,0.9949972206781545,1.0,0.6786268078643295,0.8607671598664073,0.9937481651730279,0.5323946010727231,instance,complexity_kDN_top20
1,0.015151515151515138,0.0,0.0641025641025641,0.4117647058823529,0.11692925169073215,0.0,0.41009322256490477,0.9844357976653697,0.95,0.6385805175950597,0.8274723249137523,0.990178034222451,0.5622027080570534,instance,complexity_kDN_top20
1,0.5079365079365079,0.2,0.09248554913294793,0.8823529411764706,0.17951399700323345,0.0,0.4781090899587854,0.9983324068927182,1.0,0.6708659741565549,0.8931061940563165,0.9978241235918448,0.3806191134256172,instance,complexity_kDN_top20
1,0.0,0.0,0.234375,0.5882352941176471,0.11499310868626711,0.0,0.3889093836651716,0.9922178988326849,1.0,0.6827294574764872,0.8897243251229394,0.9968910142247063,0.46119782914418184,instance,complexity_kDN_top20
1,0.013333333333333308,0.0,0.234375,0.5882352941176471,0.11852243159164699,0.0,0.44478206810451026,0.9949972206781545,1.0,0.6749334313294346,0.8651853926637582,0.9995672221534294,0.918665924610067,instance,complexity_kDN_top20
1,0.08783783783783783,0.2,0.053459119496855334,0.7647058823529411,0.5841535848025418,0.0,0.46111936905370476,0.9988882712618121,1.0,0.6708863606532667,0.9012900512817638,0.9888167617673351,0.07710749406331337,instance,complexity_kDN_top20
1,0.06153846153846154,0.0,0.22033898305084743,0.6470588235294118,0.13256489482949407,0.0,0.4238255864716033,0.991106170094497,1.0,0.6718366611587502,0.8811045364902531,0.9891459757864173,0.3236005779706315,instance,complexity_kDN_top20
1,0.22254901960784312,0.0,0.11224489795918369,0.7058823529411765,0.19643629453027056,0.5,0.44516228634903376,0.9972206781545303,1.0,0.6743151713351098,0.8683429603795345,0.9882518387677643,-0.00041589641382445535,instance,complexity_kDN_top20
1,0.07377049180327866,0.0,0.053459119496855334,0.7058823529411765,0.11512673929101325,0.0,0.3840732611839578,0.9822123401889938,1.0,0.6802632157171081,0.8678442809301007,0.9934541528016574,0.8259271585021604,instance,complexity_kDN_top20
1,0.0052631578947368585,0.0,0.053459119496855334,0.7058823529411765,0.11507424201038274,0.0,0.38966795097230866,0.9722067815453029,0.95,0.6182529921759874,0.8291205727479187,0.9414896105756619,0.6972087737290036,instance,complexity_kDN_top20
1,0.10344827586206895,0.0,0.0641025641025641,0.6470588235294118,0.1154691959538684,0.0,0.4029716138670647,0.9733185102834908,0.95,0.6619328948621623,0.8519024853128642,0.9943853992790894,0.6657760326945672,instance,complexity_kDN_top20
1,0.10999999999999999,0.0,0.0641025641025641,0.6470588235294118,0.11567894257347044,0.0,0.41763157019950514,0.9799888827126181,1.0,0.6937573588332256,0.8296264069942257,0.9268297721716962,0.3231332665194498,instance,complexity_kDN_top20
1,0.0,0.0,0.8478260869565217,0.47058823529411764,0.11501280271271835,0.0,0.42415631340681315,0.9849916620344636,1.0,0.6738103429828449,0.8350037882631739,0.9993752013085409,0.8002425906829299,instance,complexity_kDN_top20
1,0.10091743119266061,0.0,0.09248554913294793,0.7647058823529411,0.11554466065935154,0.0,0.4328323219869624,0.9855475264035576,1.0,0.6799421374832845,0.8576319957942085,0.9918041369108601,0.15739088979441343,instance,complexity_kDN_top20
1,0.15033783783783783,0.0,0.09248554913294793,0.7058823529411765,0.5007272251871593,0.0,0.4314302360385721,0.9938854919399667,1.0,0.669032678766009,0.8836541123938219,0.9989522858711969,0.11126249597723084,instance,complexity_kDN_top20
1,0.32362082362082356,0.4,0.22033898305084743,0.9411764705882353,0.3092252145465708,0.42857142857142855,0.5237764231337928,1.0,1.0,0.6703912197592534,0.9340855205482862,0.9996737205440646,0.10568639925350569,instance,complexity_kDN_top20
1,0.1383333333333333,0.0,0.0641025641025641,0.6470588235294118,0.12780109583153176,0.2857142857142857,0.45851945419772855,0.9972206781545303,1.0,0.672030161455452,0.8829510837268304,0.9733382704274762,0.3643483063332223,instance,complexity_kDN_top20
1,0.015151515151515138,0.0,0.0641025641025641,0.5882352941176471,0.11499744736692297,0.0,0.3942889754802883,0.9872151195108394,0.95,0.6073347912501601,0.8510624377443055,0.9919246647427706,0.8493259519009119,instance,complexity_kDN_top20
1,0.10999999999999999,0.0,0.17543859649122806,0.5882352941176471,0.15636886196388772,0.0,0.4222331753576666,0.9955530850472485,1.0,0.67311762267526,0.8513263174601008,0.9573737626361501,0.44331002188696583,instance,complexity_kDN_top20
1,0.07692307692307687,0.0,0.09248554913294793,0.8235294117647058,0.13664567360450192,0.0,0.43131113346642125,0.9933296275708727,1.0,0.6801861525699477,0.8893800907044034,0.9982406515056905,0.45909015883778775,instance,complexity_kDN_top20
1,0.23015873015873023,0.4,0.7222222222222222,0.5882352941176471,0.6107016593789629,0.5,0.5118392655146127,1.0,1.0,0.6747677681487463,0.888421826382799,0.9999395513160961,0.02857684883495136,instance,complexity_kDN_top20
1,0.3685897435897436,0.8,0.4444444444444444,0.5882352941176471,0.7798429203598121,1.0,0.547139058626887,1.0,1.0,0.6683264850865891,0.8846115500833751,0.9961914432705268,-0.28566669573715586,instance,complexity_kDN_top20
1,0.0,0.0,0.0641025641025641,0.6470588235294118,0.11541499868712801,0.0,0.3092774406631893,0.9844357976653697,1.0,0.6781886738929356,0.838201222642895,0.9734788013792873,0.7081767498536238,instance,complexity_kDN_top20
1,0.38015873015873014,0.4,0.07407407407407407,0.5294117647058824,0.29093126295760185,0.3333333333333333,0.5178492027902956,1.0,1.0,0.6713857519937191,0.8832210413671092,0.9954548801473003,-0.004753163451067231,instance,complexity_kDN_top20
1,0.07377049180327866,0.0,0.0641025641025641,0.6470588235294118,0.11516065559553768,0.0,0.40432223496954367,0.9705391884380211,1.0,0.6778742589891795,0.8412729364024155,0.9379313332003834,0.9672589403510952,instance,complexity_kDN_top20
1,0.4162393162393163,0.2,0.7804878048780488,0.5882352941176471,0.12285984641342623,1.0,0.5122364389924805,1.0,1.0,0.6782135089426753,0.8626537461483084,0.9977678015988053,0.2709223002169552,instance,complexity_kDN_top20
1,0.0,0.0,0.0641025641025641,0.6470588235294118,0.11502402300934672,0.0,0.40796006194803824,0.9788771539744302,0.95,0.610085612172426,0.8093215004464399,0.9682428627870447,0.5169027367766316,instance,complexity_kDN_top20
1,0.3685897435897436,0.0,0.3384615384615385,0.8235294117647058,0.38525798940048084,0.0,0.39206137548837294,0.9949972206781545,1.0,0.6722507604874023,0.9043839253728313,0.9851781574242205,0.1210955723013105,instance,complexity_kDN_top20
1,0.13247863247863245,0.2,0.33333333333333337,0.7647058823529411,0.3093464144244701,0.5,0.5086269631287164,1.0,1.0,0.6704872811049357,0.8954937848424457,0.9979440464586524,0.26243928333542005,instance,complexity_kDN_top20
1,0.08116883116883122,0.2,0.0641025641025641,0.4117647058823529,0.11569821680284054,0.0,0.4950748186804752,0.9994441356309061,0.95,0.6462849602733931,0.8486970571599881,0.9895276812984263,0.7764624304603873,instance,complexity_kDN_top20
1,0.0,0.0,0.0641025641025641,0.6470588235294118,0.1149866576827413,0.0,0.38994821462122065,0.9855475264035576,0.8,0.37030045108540893,0.767935640399088,0.9730129586738334,2.2343257426675867,instance,complexity_kDN_top20
1,0.08064516129032251,0.0,0.17543859649122806,0.5294117647058824,0.11626831145263844,0.0,0.4314209472036459,0.9972206781545303,1.0,0.6749437482859878,0.8319671046506535,0.9982866947369345,0.5884960110817378,instance,complexity_kDN_top20
1,0.07377049180327866,0.0,0.06666666666666665,0.4117647058823529,0.1149866594651443,0.0,0.42761656100470125,0.9899944413563091,1.0,0.6814425488133995,0.8780431760209295,0.9926013689131046,0.48424991436802556,instance,complexity_kDN_top20
1,0.0,0.0,0.0641025641025641,0.6470588235294118,0.1149866576827413,0.0,0.43214307886633263,0.9872151195108394,0.9,0.043928388793298995,0.7659032591341809,0.9774865228415655,13.260418027785036,instance,complexity_kDN_top20
1,0.01724137931034475,0.4,0.33333333333333337,0.23529411764705882,0.26819236370376737,0.0,0.3928226588049625,0.9983324068927182,1.0,0.6736524910503489,0.8022881879761726,0.989063043102869,0.24165935479778017,instance,complexity_kDN_top20
1,0.0,0.0,0.0641025641025641,0.6470588235294118,0.11498665774437156,0.0,0.35051604475134146,0.906058921623124,0.85,0.6262895782763112,0.7886618025777636,0.9652275869198379,1.630587644051209,instance,complexity_kDN_top20
1,0.10344827586206895,0.0,0.0641025641025641,0.7058823529411765,0.11651986843305062,0.0,0.3967954930866415,0.9894385769872152,1.0,0.6723141206970373,0.8840011803953247,0.9883144053676596,0.4904246769109341,instance,complexity_kDN_top20
1,0.0052631578947368585,0.0,0.0641025641025641,0.6470588235294118,0.11506763313229762,0.0,0.3916352580341267,0.9760978321289605,1.0,0.6726747108308901,0.86400691403314,0.9986299591311336,0.6022789602742296,instance,complexity_kDN_top20
1,0.0,0.0,0.0641025641025641,0.6470588235294118,0.11498665799880226,0.0,0.3233876674085292,0.9566425792106726,0.95,0.6310831521950324,0.8071045636080372,0.9773404172323161,1.2474526256107925,instance,complexity_kDN_top20
1,0.463963963963964,0.4,0.33333333333333337,0.7647058823529411,0.5380432103353237,0.4,0.3810654599187929,0.9994441356309061,1.0,0.6714753174076624,0.9115991186128956,0.9927408405176218,-0.0584864508220439,instance,complexity_kDN_top20
1,0.0052631578947368585,0.0,0.0641025641025641,0.6470588235294118,0.11498844929873309,0.0,0.3864312076119132,0.9660922734852696,1.0,0.6720256584641041,0.8305014282713612,0.9931266141345175,0.793616703372151,instance,complexity_kDN_top20
1,0.4884559884559885,0.4,0.0641025641025641,0.6470588235294118,0.13506187230170108,0.0,0.4757668040649784,0.9994441356309061,1.0,0.671825043486095,0.8793296987107742,0.999493891285359,0.1295928333173869,instance,complexity_kDN_top20
1,0.10344827586206895,0.0,0.234375,0.5882352941176471,0.12002108919367654,0.0,0.40517350171135125,0.980544747081712,1.0,0.6794467604240069,0.8896456911838808,0.9892038087749908,0.4378919154751749,instance,complexity_kDN_top20
1,0.0,0.0,0.0641025641025641,0.5882352941176471,0.11527648786673522,0.0,0.40101420353405515,0.9733185102834908,1.0,0.6733879221218178,0.8388777936193668,0.9825252447153194,0.7920529215590834,instance,complexity_kDN_top20
1,0.10699300699300696,0.0,0.11224489795918369,0.7058823529411765,0.13184023606725298,0.0,0.416444769835866,0.9933296275708727,1.0,0.6708110605637436,0.8875418862856133,0.9853955267865421,0.24287442018562275,instance,complexity_kDN_top20
1,0.20823620823620825,0.4,0.0641025641025641,0.6470588235294118,0.3195853053884351,0.0,0.422362220096952,0.9988882712618121,1.0,0.6688552828286942,0.8765243984265,0.9807146945489039,0.1421781358909694,instance,complexity_kDN_top20
1,0.09999999999999998,0.4,0.4444444444444444,0.5294117647058824,0.7329000026175984,1.0,0.5281625148940863,1.0,1.0,0.6696577939356329,0.8791896180725647,0.9970076919319731,-0.32012909061787154,instance,complexity_kDN_top20
1,0.10091743119266061,0.0,0.09248554913294793,0.8235294117647058,0.1158229576604442,0.0,0.40357775942276264,0.9849916620344636,1.0,0.6792002021351914,0.8793009373216402,0.9788620957287759,0.41955634266278785,instance,complexity_kDN_top20
1,0.0,0.0,0.0641025641025641,0.6470588235294118,0.1149878500869429,0.0,0.36894752828255484,0.9577543079488605,0.95,0.6637285746526516,0.8236341971324721,0.984248604660075,0.8597007449428461,instance,complexity_kDN_top20
1,0.26758409785932724,0.0,0.0641025641025641,0.6470588235294118,0.11756238834664856,0.0,0.40987198156386806,0.990550305725403,1.0,0.6870501096797503,0.859498331070443,0.9763068859036713,0.18368578226553442,instance,complexity_kDN_top20
1,0.015151515151515138,0.0,0.0641025641025641,0.5882352941176471,0.11525185180820274,0.0,0.3679408700821768,0.9533073929961089,1.0,0.6731338356081052,0.8487575095836373,0.9980616801539551,0.6449764030055523,instance,complexity_kDN_top20
1,0.2519230769230769,0.0,0.053459119496855334,0.5882352941176471,0.42175082316800216,0.0,0.47321816245817416,0.9938854919399667,1.0,0.6714006280470197,0.868191570193817,0.9989606569899018,0.08324423823752579,instance,complexity_kDN_top20
1,0.0,0.0,0.59375,0.29411764705882354,0.11498665768734317,0.0,0.44080185331866295,0.9827682045580878,0.9,0.5791866382750811,0.7707785605424868,0.9956121998584666,1.3893289793904344,instance,complexity_kDN_top20
1,0.13247863247863245,0.0,0.234375,0.5882352941176471,0.27513854976358665,0.0,0.4447094738075551,0.9922178988326849,1.0,0.6701515215954135,0.8883025592298308,0.9993423707684916,0.19670138390993966,instance,complexity_kDN_top20
1,0.1634174311926606,0.2,0.053459119496855334,0.8235294117647058,0.11699662903684943,0.25,0.4795596730558719,0.9977765425236242,1.0,0.6794144921472224,0.9010951934051322,0.9957550268167664,0.40119004082546783,instance,complexity_kDN_top20
1,0.0,0.0,0.0641025641025641,0.6470588235294118,0.1150098235350634,0.0,0.41528423978170714,0.9927737632017788,1.0,0.6714645060245091,0.8687214605584813,0.9961180810144472,0.6067942861898441,instance,complexity_kDN_top20
1,0.2848837209302326,0.2,0.27586206896551724,0.5882352941176471,0.6192102382773091,0.0,0.45851108462903356,0.9977765425236242,1.0,0.6700331396345344,0.9093998688070727,0.9981510471254613,-0.06268003936413694,instance,complexity_kDN_top20
1,0.13247863247863245,0.0,0.053459119496855334,0.7058823529411765,0.262519854979694,0.0,0.46565949853467004,0.9961089494163424,1.0,0.6701760952322807,0.8909756822499642,0.9888747966881987,0.4928114989729086,instance,complexity_kDN_top20
1,0.41022727272727266,0.2,0.053459119496855334,0.8235294117647058,0.13741720331782759,0.0,0.479813362089606,0.9977765425236242,1.0,0.6700854111706664,0.8934132689130809,0.9953516414478493,0.09521096530363102,instance,complexity_kDN_top20
1,0.013333333333333308,0.4,0.17543859649122806,0.5294117647058824,0.2108937304168262,0.25,0.4906691202806793,0.9988882712618121,1.0,0.6720482251239505,0.8693593847210812,0.9921109037155981,0.24365100714613216,instance,complexity_kDN_top20
1,0.0052631578947368585,0.0,0.0641025641025641,0.6470588235294118,0.11503726094928685,0.0,0.42080216646001667,0.9827682045580878,1.0,0.6718306802862268,0.8621105900051849,0.9934160281565327,0.7205878858693696,instance,complexity_kDN_top20
1,0.030120481927710774,0.0,0.053459119496855334,0.7058823529411765,0.1299303767217349,0.0,0.31219019317156094,0.9955530850472485,1.0,0.6754297951654717,0.893200118450606,0.9956256740530302,0.628553717776605,instance,complexity_kDN_top20
1,0.0052631578947368585,0.0,0.0641025641025641,0.6470588235294118,0.11509121415066204,0.0,0.42210169127544905,0.990550305725403,1.0,0.6756105617161566,0.8673555212962365,0.9963184889402693,0.7142659175686992,instance,complexity_kDN_top20
1,0.013333333333333308,0.0,0.0641025641025641,0.6470588235294118,0.13363494915547103,0.0,0.3728080373920494,0.991106170094497,1.0,0.6725451581928388,0.8932922367403077,0.9973271882624977,0.3323362133760396,instance,complexity_kDN_top20
1,0.013333333333333308,0.0,0.0641025641025641,0.7058823529411765,0.1463966231063506,0.0,0.443771210413761,0.9949972206781545,1.0,0.66940855569132,0.8754116480582115,0.9791696034492041,0.3061554369434074,instance,complexity_kDN_top20
1,0.21202854230377166,0.2,0.053459119496855334,0.7058823529411765,0.13566499167462226,0.0,0.4697253179248655,0.9983324068927182,1.0,0.6722626202214085,0.8961075251902297,0.9942402584218839,0.36498086020418996,instance,complexity_kDN_top20
1,0.09262048192771077,0.0,0.053459119496855334,0.7058823529411765,0.3277762618145162,0.0,0.44302476893225795,0.9972206781545303,1.0,0.6787146761108742,0.8753606126518981,0.9870884111614542,0.21869341531464598,instance,complexity_kDN_top20
1,0.0,0.0,0.09248554913294793,0.8235294117647058,0.1149866576827413,0.0,0.45556024400996575,0.9916620344635909,0.9,0.16212671738812726,0.8181136645785851,0.9826799785714975,3.649029697895111,instance,complexity_kDN_top20
1,0.4848837209302326,0.4,0.11224489795918369,0.7058823529411765,0.22119055166493817,0.6666666666666666,0.47927474849637586,0.9994441356309061,1.0,0.6728848030349508,0.8935278934131258,0.9899382755788193,0.2951806794826358,instance,complexity_kDN_top20
1,0.15033783783783783,0.0,0.053459119496855334,0.7058823529411765,0.3473584353042317,0.0,0.4294702448210307,0.9866592551417455,1.0,0.6737743325114837,0.883380085420411,0.998146810286784,0.4325998006800618,instance,complexity_kDN_top20
1,0.0052631578947368585,0.0,0.0641025641025641,0.6470588235294118,0.11542039294704909,0.0,0.385838648542005,0.971650917176209,1.0,0.6781205172437277,0.8616995691006608,0.999398837735528,0.48294345050679216,instance,complexity_kDN_top20
1,0.0,0.0,0.0641025641025641,0.6470588235294118,0.11507230682090386,0.0,0.2708105680049051,0.9566425792106726,1.0,0.6786778390485717,0.840252824794139,0.9937624530099591,0.7485775040356604,instance,complexity_kDN_top20
1,0.0,0.0,0.0641025641025641,0.6470588235294118,0.1149871030401054,0.0,0.4173636690442064,0.9544191217342969,0.9,0.6168974209550759,0.7889818105671471,0.952682084627912,0.9269320294614699,instance,complexity_kDN_top20
1,0.0,0.0,0.0641025641025641,0.6470588235294118,0.1154982327607697,0.0,0.4489326105003524,0.9938854919399667,1.0,0.6792216802225606,0.8530508053170364,0.9939833929201494,0.7998839735924844,instance,complexity_kDN_top20
1,0.09262048192771077,0.2,0.053459119496855334,0.7058823529411765,0.20132858442998758,0.0,0.487991536491876,0.9988882712618121,1.0,0.6789244276281852,0.9005282250915145,0.9946053532171626,0.37801998539824755,instance,complexity_kDN_top20
1,0.22844827586206895,0.0,0.22033898305084743,0.6470588235294118,0.26822560403725915,0.0,0.4349288939158473,0.9955530850472485,1.0,0.6702107769362412,0.8725286733927435,0.9933431853847777,0.2172159433245187,instance,complexity_kDN_top20
1,0.0052631578947368585,0.0,0.0641025641025641,0.6470588235294118,0.11498694113348595,0.0,0.4304673118979998,0.9916620344635909,1.0,0.679984777709697,0.8349284828902537,0.9716811834672237,0.8543056605494768,instance,complexity_kDN_top20
1,0.08064516129032251,0.0,0.09999999999999998,0.35294117647058826,0.2320792353502804,0.0,0.4178556618844773,0.9938854919399667,1.0,0.6730158496116152,0.8160581291818196,0.9466711102616409,0.4517505688944044,instance,complexity_kDN_top20
1,0.10091743119266061,0.0,0.09248554913294793,0.8235294117647058,0.11500986571159855,0.0,0.4159887031172401,0.980544747081712,1.0,0.6799817309413442,0.868840388074766,0.995070368255674,0.6602881554598441,instance,complexity_kDN_top20
1,0.0892857142857143,0.0,0.09248554913294793,0.8235294117647058,0.11514278282486085,0.0,0.4133124524924201,0.9766536964980544,1.0,0.6811156013141474,0.8622152876039847,0.9976860110895315,0.5656004041345589,instance,complexity_kDN_top20
1,0.07692307692307687,0.2,0.06666666666666665,0.4117647058823529,0.18352008603497605,0.0,0.4724587024135587,0.9988882712618121,1.0,0.6790573254927045,0.8987943033522573,0.9986649001723313,0.2669983551878639,instance,complexity_kDN_top20
1,0.2102272727272727,0.2,0.053459119496855334,0.8235294117647058,0.12056211232258046,0.0,0.4446308814463743,0.9994441356309061,1.0,0.6779740511107365,0.8512550204463659,0.9684281208741932,0.29936179444684113,instance,complexity_kDN_top20
1,0.08783783783783783,0.0,0.053459119496855334,0.7058823529411765,0.25318087812366763,0.5,0.3549473456581752,0.9972206781545303,1.0,0.6781914509575914,0.8689649311998107,0.9856965881347962,0.3964272872229828,instance,complexity_kDN_top20
1,0.07692307692307687,0.0,0.053459119496855334,0.7058823529411765,0.14729906191451336,0.0,0.4041820715994737,0.9794330183435241,1.0,0.6698679844570279,0.8817836266753263,0.9935880784111865,0.5603327460592301,instance,complexity_kDN_top20
1,0.0,0.0,0.0641025641025641,0.6470588235294118,0.11513789398888463,0.0,0.39743627035562135,0.9827682045580878,1.0,0.6724156654844681,0.8808989607249428,0.9996470161281178,0.5671682711473366,instance,complexity_kDN_top20
1,0.013333333333333308,0.0,0.09999999999999998,0.35294117647058826,0.13917242474602004,0.0,0.44734858992081283,0.9949972206781545,1.0,0.6722544732150219,0.8331418735497749,0.9950119217380698,0.5423212862756561,instance,complexity_kDN_top20
1,0.08783783783783783,0.0,0.053459119496855334,0.7058823529411765,0.5734534257829755,0.0,0.4186821112705448,0.9949972206781545,1.0,0.6703183443056984,0.9049797960428455,0.9970991499395573,-0.02635422663151287,instance,complexity_kDN_top20
1,0.12280701754385959,0.0,0.0641025641025641,0.7647058823529411,0.4455375645711399,0.0,0.43035340737760774,0.9966648137854364,1.0,0.6699928747820396,0.8429834105564845,0.9477293739828955,0.16118468914621362,instance,complexity_kDN_top20
1,0.0,0.0,0.0641025641025641,0.6470588235294118,0.11504352154533054,0.0,0.4298219111176049,0.991106170094497,1.0,0.671549247103338,0.8622572958953288,0.9951637462042964,0.6183090248475894,instance,complexity_kDN_top20
1,0.23015873015873023,0.0,0.11224489795918369,0.7058823529411765,0.42130861551102283,0.0,0.39735752297360516,0.9872151195108394,1.0,0.6734549248078824,0.8640530662442891,0.9939547191953667,0.25882332233525523,instance,complexity_kDN_top20
1,0.017857142857142794,0.0,0.053459119496855334,0.8235294117647058,0.114986657683463,0.0,0.3558088026173839,0.952751528627015,1.0,0.6758880583679593,0.8380260680138584,0.9755671486169168,0.9858834255250883,instance,complexity_kDN_top20
1,0.09999999999999998,0.0,0.09248554913294793,0.8235294117647058,0.750673025092924,0.0,0.431874279463067,0.9966648137854364,1.0,0.6742407418509729,0.8506872197428412,0.9910516034465962,0.2956953281792824,instance,complexity_kDN_top20
1,0.2848837209302326,0.0,0.17543859649122806,0.47058823529411764,0.3822307075246144,0.5,0.44766969080077446,0.9955530850472485,1.0,0.6709286951176615,0.8932906362313183,0.998748869991475,0.15478995515657185,instance,complexity_kDN_top20
1,0.5848837209302326,0.4,0.17543859649122806,0.47058823529411764,0.7490367281395258,0.5,0.47926464434636684,0.9988882712618121,1.0,0.6705508030831273,0.864862788624176,0.9900899062208844,-0.13057888834473502,instance,complexity_kDN_top20
1,0.14015151515151514,0.0,0.7804878048780488,0.5294117647058824,0.3257145142438362,0.0,0.47054227260228043,0.9972206781545303,1.0,0.6695709079104702,0.8558213951385646,0.995330085057743,0.4168921369279933,instance,complexity_kDN_top20
1,0.3375,0.6,0.3384615384615385,0.8235294117647058,0.7953647252223642,0.5,0.5363039186061029,1.0,1.0,0.6691873693888019,0.8210668127763517,0.9849927977503643,-0.2278470088479416,instance,complexity_kDN_top20
1,0.013333333333333308,0.0,0.0641025641025641,0.7647058823529411,0.12068880239971164,0.0,0.4588761363654018,0.9944413563090606,1.0,0.6737821519043298,0.8851988173397294,0.9893531296257438,0.4945007289087637,instance,complexity_kDN_top20
1,0.18425076452599387,0.0,0.053459119496855334,0.7058823529411765,0.11967879095686146,0.0,0.4041865005641686,0.9888827126181212,1.0,0.6710148678288245,0.8953570312033532,0.999070581064666,0.5957581935453211,instance,complexity_kDN_top20
1,0.24754901960784315,0.0,0.234375,0.5882352941176471,0.13381608181939952,0.0,0.4447045028823794,0.9922178988326849,1.0,0.6816563576668423,0.8971923181455825,0.9969315797139089,0.3222991485046309,instance,complexity_kDN_top20
1,0.0,0.2,0.09248554913294793,0.8235294117647058,0.1149866576827413,0.0,0.4650594024015777,0.9988882712618121,1.0,0.6695241980913097,0.8826882388439398,0.9957066976226245,0.763903194294749,instance,complexity_kDN_top20
1,0.013333333333333308,0.0,0.06666666666666665,0.47058823529411764,0.1238610419560856,0.0,0.42812051940691587,0.9955530850472485,1.0,0.6807980297248573,0.8415086722515491,0.9629816168956883,0.46075915915665155,instance,complexity_kDN_top20
1,0.20823620823620825,0.0,0.053459119496855334,0.5882352941176471,0.5098760953227227,0.0,0.48150255400981457,0.9972206781545303,1.0,0.6695690906468498,0.8856306790657079,0.9977537235970728,0.3538760233382108,instance,complexity_kDN_top20
1,0.12280701754385959,0.2,0.053459119496855334,0.8235294117647058,0.13574251266159604,0.0,0.43816795150940935,0.9983324068927182,1.0,0.6681105461224368,0.8341034960623039,0.9887698004368587,0.3049073297220792,instance,complexity_kDN_top20
1,0.08783783783783783,0.0,0.09248554913294793,0.7647058823529411,0.22594083136646848,0.0,0.4332252606701804,0.9899944413563091,1.0,0.6792496476509711,0.884271838328867,0.9949623139465039,0.21358042013520923,instance,complexity_kDN_top20
1,0.030120481927710774,0.0,0.0641025641025641,0.7058823529411765,0.16068058183549905,0.0,0.44418564407344563,0.990550305725403,1.0,0.6698650512145643,0.8757458551085561,0.9889082125369306,0.26809477528704645,instance,complexity_kDN_top20
1,0.013333333333333308,0.0,0.0641025641025641,0.6470588235294118,0.11540114361946963,0.0,0.43214337638285527,0.9844357976653697,1.0,0.6719485477753996,0.8835123151353403,0.997926237497985,0.6329787575870909,instance,complexity_kDN_top20
1,0.12254901960784315,0.0,0.0641025641025641,0.5882352941176471,0.13254628380004257,0.0,0.41460351880243096,0.9944413563090606,1.0,0.6720718725127087,0.8733658215784585,0.9972549952357774,0.4785883647601071,instance,complexity_kDN_top20
1,0.10699300699300696,0.0,0.11224489795918369,0.7058823529411765,0.13148721073300995,0.0,0.409268197299715,0.9927737632017788,1.0,0.6717104413773821,0.8874449955210787,0.9967753010024292,0.3205283029674119,instance,complexity_kDN_top20
1,0.34477124183006536,0.8,0.053459119496855334,0.7058823529411765,0.5803774899779889,1.0,0.5178056035383478,1.0,1.0,0.6729701489526672,0.8746658722103622,0.9949160907473298,0.23686496540644128,instance,complexity_kDN_top20
1,0.4848837209302326,0.6,0.0641025641025641,0.7647058823529411,0.4741719710905312,1.0,0.5020836189828876,1.0,1.0,0.6723830453337332,0.8576411937013562,0.9921656023655656,0.32857660984789866,instance,complexity_kDN_top20
1,0.013333333333333308,0.0,0.0641025641025641,0.6470588235294118,0.11516307796219472,0.0,0.32468098143626345,0.9794330183435241,1.0,0.6715478991474129,0.8451859121139144,0.9792080363557146,0.7730264305147324,instance,complexity_kDN_top20
1,0.21202854230377166,0.2,0.11224489795918369,0.7058823529411765,0.17293707194224828,0.0,0.4328410584538921,0.9977765425236242,1.0,0.6744391263362968,0.909159953997427,0.9964367023666515,0.2600641228350589,instance,complexity_kDN_top20
1,0.015151515151515138,0.0,0.0641025641025641,0.5882352941176471,0.114994866387221,0.0,0.42476448825253443,0.9894385769872152,0.85,0.5886823313279014,0.8027851667072566,0.991232016305396,0.6435899195840534,instance,complexity_kDN_top20
1,0.0,0.0,0.06666666666666665,0.4117647058823529,0.11499703627365199,0.0,0.43890199815029307,0.9888827126181212,0.9,0.645214277000248,0.8306097766831299,0.9728127127294424,0.5662311168735559,instance,complexity_kDN_top20
1,0.5192982456140351,0.2,0.7222222222222222,0.6470588235294118,0.7449145519845148,0.5,0.5044062187436006,1.0,1.0,0.6714300427377113,0.861573403138215,0.9955188202220789,-0.36918883687889953,instance,complexity_kDN_top20
1,0.0,0.0,0.0641025641025641,0.6470588235294118,0.1149874925733313,0.0,0.36665846299131344,0.9349638688160089,0.95,0.6664034281028165,0.8266771227567601,0.950498939592335,1.169204968410313,instance,complexity_kDN_top20
1,0.525,0.4,0.8876404494382022,0.5882352941176471,0.7953799185705503,0.0,0.48056346459081356,0.9994441356309061,1.0,0.6714735376668642,0.8348307663199266,0.9809602683478298,-0.1246087914172424,instance,complexity_kDN_top20
1,0.0052631578947368585,0.0,0.0641025641025641,0.6470588235294118,0.11503664800634322,0.0,0.38587012782977814,0.9783212896053363,1.0,0.6713285676635806,0.8360207712880264,0.9738279695651287,0.6592417409910999,instance,complexity_kDN_top20
1,0.34477124183006536,0.2,0.053459119496855334,0.8235294117647058,0.11503043972978955,0.0,0.4465254927319662,0.9983324068927182,1.0,0.6810995359018447,0.883520330501864,0.999487990802967,0.5352529577200266,instance,complexity_kDN_top20
1,0.12280701754385959,0.2,0.0641025641025641,0.5882352941176471,0.23062374481022063,0.0,0.44731919874036663,0.9988882712618121,1.0,0.6712235111664429,0.8232520541115456,0.9710749046291013,0.15776366782962978,instance,complexity_kDN_top20
1,0.1384615384615384,0.0,0.0641025641025641,0.6470588235294118,0.11532688026077692,0.0,0.36892544792256665,0.9772095608671484,0.95,0.6503897320128347,0.8067485027963279,0.9720759610200493,0.6062740580874555,instance,complexity_kDN_top20
1,0.1383333333333333,0.0,0.0641025641025641,0.6470588235294118,0.11669005463870735,0.0,0.4490982076081367,0.9949972206781545,1.0,0.6714173412025786,0.8910034391150429,0.9898544611338879,0.3796529158174824,instance,complexity_kDN_top20
1,0.06153846153846154,0.0,0.053459119496855334,0.7058823529411765,0.11899335929311788,0.0,0.4343761796154707,0.9949972206781545,1.0,0.6710764391884768,0.8626612966164744,0.9492962489948867,0.4259755221265245,instance,complexity_kDN_top20
1,0.0,0.0,0.0641025641025641,0.6470588235294118,0.11528225062032238,0.0,0.43027863251762277,0.9872151195108394,1.0,0.6722902127708098,0.8268280593614138,0.9817495060454412,0.6019064538723131,instance,complexity_kDN_top20
1,0.21590909090909083,0.2,0.3384615384615385,0.8235294117647058,0.7365416956341058,0.0,0.47814728203392265,0.9977765425236242,1.0,0.6717848425559904,0.843432889901209,0.9655386839399062,0.04471937774442995,instance,complexity_kDN_top20
1,0.4634551495016611,0.2,0.3384615384615385,0.8235294117647058,0.7606867690526168,0.0,0.4493970604275124,0.9977765425236242,1.0,0.6715074580451522,0.8810694070486109,0.9851008508229049,-0.2439362320228202,instance,complexity_kDN_top20
1,0.06153846153846154,0.2,0.07407407407407407,0.5294117647058824,0.19428710404371813,0.0,0.3855442689538976,0.9977765425236242,1.0,0.6724353431489839,0.8758671891663419,0.9962890573875456,0.24411400015322227,instance,complexity_kDN_top20
1,0.06000000000000005,0.2,0.7222222222222222,0.5882352941176471,0.4223620970022982,0.0,0.4415593177651519,0.9977765425236242,1.0,0.6733963673161265,0.8656790939946323,0.9819664765911978,0.6911356303132213,instance,complexity_kDN_top20
1,0.2519230769230769,0.2,0.11224489795918369,0.8235294117647058,0.5201638547564819,0.5,0.5008595285369682,1.0,1.0,0.6683895785666749,0.8816255813579488,0.9954984757009621,-0.02001779488355928,instance,complexity_kDN_top20
1,0.5760869565217391,0.4,0.06666666666666665,0.4117647058823529,0.11716738041159563,1.0,0.5937489138124928,1.0,1.0,0.6743764713941235,0.8294730102276449,0.966151620190096,-0.008938521848773069,instance,complexity_kDN_top20
1,0.4970760233918129,0.4,0.3384615384615385,0.8235294117647058,0.7114036026344924,1.0,0.5278102095225514,1.0,1.0,0.6689133111018527,0.8981216420323269,0.9860827619541974,-0.2983941790536565,instance,complexity_kDN_top20
1,0.24754901960784315,0.0,0.743801652892562,0.6470588235294118,0.3316479776784026,0.0,0.4410295647784437,0.9961089494163424,1.0,0.6739811920826956,0.8853273327728164,0.999207708152712,-0.0724596684585161,instance,complexity_kDN_top20
1,0.3079178885630498,0.4,0.09248554913294793,0.8235294117647058,0.12018574969882934,0.5,0.493371316681682,0.9994441356309061,1.0,0.6723002109808975,0.8762028218960334,0.9865221572346539,0.5029545305569789,instance,complexity_kDN_top20
1,0.09262048192771077,0.2,0.053459119496855334,0.7058823529411765,0.17419481881218096,0.3333333333333333,0.4897960054729795,0.9994441356309061,1.0,0.6793202859611902,0.8816824977050111,0.9816367459016734,0.3126725592608331,instance,complexity_kDN_top20
1,0.18425076452599387,0.0,0.053459119496855334,0.7058823529411765,0.11528161749153443,0.0,0.41855995491127873,0.9788771539744302,1.0,0.6785878275162921,0.8726541467677718,0.9926468472851814,0.7152442644182114,instance,complexity_kDN_top20
1,0.5102272727272728,0.4,0.09248554913294793,0.7647058823529411,0.16130333443302158,0.0,0.4540276367109112,0.9983324068927182,1.0,0.6739629690845788,0.8921697519658413,0.9951822445741242,0.15614911681013016,instance,complexity_kDN_top20
1,0.10091743119266061,0.0,0.053459119496855334,0.5882352941176471,0.11993086503296213,0.0,0.4349283978666424,0.9927737632017788,1.0,0.678564141955028,0.8352374462533596,0.9523002510392654,1.0495523253732388,instance,complexity_kDN_top20
1,0.013333333333333308,0.2,0.18181818181818177,0.5294117647058824,0.15942401754359625,0.0,0.4637635244629411,0.9983324068927182,1.0,0.6741475996865867,0.8777245993371631,0.9859707008346166,0.3382822266419908,instance,complexity_kDN_top20
1,0.13131313131313127,0.0,0.0641025641025641,0.5882352941176471,0.11603773722974797,0.0,0.4600225611807255,0.9927737632017788,1.0,0.6722601399881588,0.8770467378072265,0.9884510336521423,0.7725058779219618,instance,complexity_kDN_top20
1,0.23015873015873023,0.2,0.11224489795918369,0.6470588235294118,0.7598220692291721,0.0,0.4167342820393428,0.9977765425236242,1.0,0.6728128375769924,0.8732803658725427,0.9995608301558269,-0.04634060769004266,instance,complexity_kDN_top20
1,0.1383333333333333,0.0,0.17543859649122806,0.5294117647058824,0.25840975479440653,0.0,0.4402211099823339,0.990550305725403,1.0,0.6724811761379752,0.8854329130684182,0.9937307398477271,0.2134166790232621,instance,complexity_kDN_top20
1,0.0052631578947368585,0.0,0.0641025641025641,0.6470588235294118,0.114989442752993,0.0,0.3961982576054892,0.9666481378543635,0.95,0.6333121746750576,0.8439492570275082,0.9999183830268544,0.6622647475208143,instance,complexity_kDN_top20
1,0.030120481927710774,0.6,0.11224489795918369,0.8235294117647058,0.6748866164947203,0.0,0.4562773721480071,0.9994441356309061,1.0,0.6727474415160308,0.8623811242496723,0.9777253622929541,-0.09846398801884691,instance,complexity_kDN_top20
1,0.013333333333333308,0.2,0.0641025641025641,0.6470588235294118,0.11509003229645665,0.0,0.47041954861503366,0.9977765425236242,1.0,0.6712229637942491,0.8556049034100018,0.990211229637354,0.8102695501692598,instance,complexity_kDN_top20
1,0.33040935672514626,0.2,0.0,0.4117647058823529,0.7283480996752824,1.0,0.5164458007373542,1.0,1.0,0.6725560900650571,0.8479512624568079,0.9679497718665059,-0.05945612915545363,instance,complexity_kDN_top20
1,0.12280701754385959,0.0,0.0641025641025641,0.7058823529411765,0.2795644422678798,0.0,0.44143269177021205,0.9955530850472485,1.0,0.6711918575967399,0.8695751434068597,0.9833655932836397,0.07752689928096697,instance,complexity_kDN_top20
1,0.05681818181818188,0.2,0.0641025641025641,0.6470588235294118,0.12061615853035301,0.0,0.3567108871029374,0.9977765425236242,1.0,0.6710623800009777,0.8510551584277385,0.9913553182179863,0.41265487749564717,instance,complexity_kDN_top20
1,0.0,0.4,0.06666666666666665,0.4117647058823529,0.11970265503265143,0.0,0.45896863437149815,0.9988882712618121,1.0,0.6865552370842841,0.8371050816140633,0.9957777140796383,0.40247295285744994,instance,complexity_kDN_top20
1,0.30263157894736836,0.4,0.0641025641025641,0.7058823529411765,0.42429579565632924,0.5,0.49114671705644963,0.9994441356309061,1.0,0.6719306821385121,0.8919308504420588,0.9958056171524986,-0.12584089602442103,instance,complexity_kDN_top20
1,0.20989010989010992,0.0,0.053459119496855334,0.8235294117647058,0.12479830835486494,0.0,0.43926752633859456,0.9944413563090606,1.0,0.6744464897920557,0.866999103824547,0.9807773038712482,0.5076148158695428,instance,complexity_kDN_top20
1,0.21590909090909083,0.4,0.025000000000000022,0.47058823529411764,0.7847487848490383,0.0,0.47794594046174754,0.9994441356309061,1.0,0.6713886851299868,0.8632009703699912,0.9893220049633048,-0.06314541753284131,instance,complexity_kDN_top20
1,0.4634551495016611,0.2,0.3384615384615385,0.8235294117647058,0.7366575277874191,0.3333333333333333,0.5094052263822818,1.0,1.0,0.6718228378329895,0.8680390535969709,0.9928707332220466,-0.3719908678398448,instance,complexity_kDN_top20
1,0.2878378378378379,0.4,0.5652173913043479,0.8823529411764706,0.7604294859469571,0.0,0.47911511154184894,0.9988882712618121,1.0,0.6697999136843152,0.8599444204733461,0.979361836600698,-0.24191484211597206,instance,complexity_kDN_top20
1,0.0,0.0,0.0641025641025641,0.6470588235294118,0.11498666806099289,0.0,0.379358944910941,0.9294052251250695,0.85,0.6128894406854106,0.7985185286527159,0.982358483961077,0.9654428505961711,instance,complexity_kDN_top20
1,0.17487684729064035,0.0,0.0641025641025641,0.5882352941176471,0.15764404458693493,0.0,0.44703296514581814,0.9955530850472485,1.0,0.6703389809056955,0.8539408560589903,0.9980026762001476,0.3831902159190457,instance,complexity_kDN_top20
1,0.013333333333333308,0.0,0.0641025641025641,0.6470588235294118,0.11635838306708651,0.0,0.4099509307218331,0.9966648137854364,1.0,0.6721628382134472,0.8626898942024137,0.9672769545164233,0.6759951496618413,instance,complexity_kDN_top20
1,0.424512987012987,0.4,0.9487179487179487,0.7647058823529411,0.3884950812383021,0.6666666666666666,0.5039471883867767,1.0,1.0,0.6707985491614515,0.9000576609284762,0.9990166056813259,-0.1787834725778836,instance,complexity_kDN_top20
1,0.0,0.0,0.0641025641025641,0.6470588235294118,0.12106517384136584,0.0,0.4430816047500562,0.9955530850472485,1.0,0.6703370749040677,0.8397070081459826,0.9754579602417462,0.23544108380775436,instance,complexity_kDN_top20
1,0.27182539682539686,0.2,0.025000000000000022,0.47058823529411764,0.6310083403460317,0.0,0.481844013255614,0.9977765425236242,1.0,0.6748573506062613,0.830270938287424,0.988884384112382,0.37248926678835786,instance,complexity_kDN_top20
1,0.22666666666666668,0.0,0.09248554913294793,0.8235294117647058,0.1149866576827413,0.0,0.4307889885092071,0.9961089494163424,1.0,0.683331024896626,0.8871741054722392,0.9836298780473494,0.6195467775736707,instance,complexity_kDN_top20
1,0.021739130434782594,0.0,0.9675925925925926,0.29411764705882354,0.1323088464428407,0.0,0.4099851847589262,0.9922178988326849,1.0,0.6794202006313208,0.8797634941643905,0.9880324911973286,0.41667082715618964,instance,complexity_kDN_top20
1,0.0,0.0,0.0641025641025641,0.6470588235294118,0.1153969274182795,0.0,0.3917241498763654,0.991106170094497,1.0,0.6720169266972612,0.8392814302711787,0.9876941000663366,0.6858351128738678,instance,complexity_kDN_top20
1,0.09262048192771077,0.0,0.053459119496855334,0.7058823529411765,0.5447232830038568,0.0,0.4337470285593884,0.9944413563090606,1.0,0.6757979861116391,0.8761334109050758,0.9989783652505121,0.21094521217376783,instance,complexity_kDN_top20
1,0.10091743119266061,0.0,0.053459119496855334,0.7058823529411765,0.11767594997492242,0.0,0.3958669936818182,0.9777654252362423,1.0,0.673136957700173,0.8669892352868154,0.9968077261858721,0.5607981260222767,instance,complexity_kDN_top20
1,0.14123159303882193,0.0,0.053459119496855334,0.7058823529411765,0.231946423522575,0.0,0.46054448043976615,0.9961089494163424,1.0,0.6721571835551677,0.9020854059487264,0.9959585014139981,0.052489526190907784,instance,complexity_kDN_top20
1,0.017857142857142794,0.0,0.053459119496855334,0.7058823529411765,0.11506543137843339,0.0,0.4247950875297962,0.9660922734852696,0.95,0.6607660488454603,0.8501970309073329,0.9909107357785044,0.9454939877719707,instance,complexity_kDN_top20
1,0.0,0.0,0.0641025641025641,0.6470588235294118,0.1150434418032219,0.0,0.39848349622149526,0.9727626459143969,1.0,0.6741054206912642,0.8667173284049211,0.9894606751094086,0.7014852573186154,instance,complexity_kDN_top20
1,0.1892156862745098,0.4,0.0641025641025641,0.5882352941176471,0.11564023986550864,1.0,0.5289097860951961,1.0,0.95,0.6475125408350006,0.8545687196251593,0.9941031114926671,0.7922336815386585,instance,complexity_kDN_top20
1,0.6666666666666667,0.6,0.234375,0.6470588235294118,0.2477771095142952,0.5,0.5018829374427365,1.0,1.0,0.6731726376531293,0.884129789916232,0.9979661330060889,-0.03470851681869717,instance,complexity_kDN_top20
1,0.030120481927710774,0.0,0.053459119496855334,0.7058823529411765,0.7639999792306156,0.0,0.4259110848370745,0.9916620344635909,1.0,0.669829423896375,0.8405735420731822,0.9579351420103089,0.20276177519768518,instance,complexity_kDN_top20
1,0.0,0.0,0.0641025641025641,0.6470588235294118,0.11498671987463965,0.0,0.3421669890787079,0.9710950528071151,1.0,0.6802194268684543,0.8404925089115645,0.9918445138143563,0.8281770384602024,instance,complexity_kDN_top20
1,0.38888888888888895,0.2,0.025000000000000022,0.47058823529411764,0.12075050863678793,0.5,0.5200292098650262,1.0,1.0,0.6819555270978856,0.8454706255134624,0.995717490211843,0.29267572009318155,instance,complexity_kDN_top20
1,0.021739130434782594,0.0,0.0641025641025641,0.6470588235294118,0.11498824303915978,0.0,0.41576342807128364,0.9861033907726515,1.0,0.6797170105275658,0.8330892717304417,0.9892587229964124,0.9199436025254817,instance,complexity_kDN_top20
1,0.08783783783783783,0.2,0.053459119496855334,0.7058823529411765,0.11503168332194325,0.0,0.4581951462009388,0.9983324068927182,1.0,0.6818876286980277,0.8460845779241895,0.952704910448405,0.4609950650674447,instance,complexity_kDN_top20
1,0.297979797979798,0.2,0.0641025641025641,0.7058823529411765,0.3097728999956305,0.5,0.5003033395101213,1.0,1.0,0.6707344351201908,0.8673891913897821,0.9972129277577029,0.23484788395738937,instance,complexity_kDN_top20
1,0.10699300699300696,0.0,0.09248554913294793,0.8823529411764706,0.12674448335777527,0.0,0.39428715287126603,0.9933296275708727,1.0,0.671360760452586,0.9075291500686209,0.9968271090332911,0.24048226034736037,instance,complexity_kDN_top20
1,0.12254901960784315,0.0,0.6666666666666667,0.5294117647058824,0.19312279674013932,0.0,0.45257941503331145,0.9933296275708727,1.0,0.6732544881410737,0.8426586048101653,0.9667240887779832,0.7599483835471277,instance,complexity_kDN_top20
1,0.5801587301587302,0.6,0.743801652892562,0.6470588235294118,0.7637206630199529,1.0,0.5399741552825895,1.0,1.0,0.6694289596545109,0.868785823047632,0.9902214013619463,-0.4011221347184232,instance,complexity_kDN_top20
1,0.0,0.0,0.053459119496855334,0.7058823529411765,0.7886953543316718,0.0,0.38836247569408977,0.9899944413563091,1.0,0.6679734380939443,0.8158028548801557,0.9488244140367335,0.014879503280765328,instance,complexity_kDN_top20
1,0.030120481927710774,0.0,0.053459119496855334,0.7058823529411765,0.6571038585503256,0.0,0.3788475814999106,0.9866592551417455,1.0,0.673622323466118,0.8592739279816634,0.995611010355005,0.25381181466890307,instance,complexity_kDN_top20
1,0.0357142857142857,0.0,0.0641025641025641,0.5882352941176471,0.11685978105792216,0.0,0.4108403304044439,0.980544747081712,1.0,0.6726804978853953,0.8547209297737979,0.9909201120851897,0.64649022265749,instance,complexity_kDN_top20
1,0.35876623376623373,0.4,0.11224489795918369,0.8235294117647058,0.6624246565376101,0.5,0.5220108369607479,1.0,1.0,0.6691976607529528,0.856596480357706,0.9937256343068686,0.055508407990093794,instance,complexity_kDN_top20
1,0.05681818181818188,0.2,0.053459119496855334,0.8235294117647058,0.13402920280648745,0.0,0.44676984836229083,0.9983324068927182,1.0,0.6727465533831493,0.9018889198457162,0.998894995866535,0.3644725907826501,instance,complexity_kDN_top20
1,0.13131313131313127,0.4,0.22033898305084743,0.6470588235294118,0.22102941983468571,0.25,0.45037617171254063,0.9988882712618121,1.0,0.672247968195231,0.890215902706446,0.9803718842960589,0.3112924018792623,instance,complexity_kDN_top20
1,0.5,0.4,0.743801652892562,0.5294117647058824,0.6303704717742064,0.0,0.4776285788602749,0.9983324068927182,1.0,0.6699080861758151,0.8295854966346143,0.9697683350621192,-0.08395591113305044,instance,complexity_kDN_top20
1,0.01724137931034475,0.2,0.11224489795918369,0.7058823529411765,0.18369714988417085,0.0,0.4573678023023975,0.9983324068927182,1.0,0.6744051724860141,0.8503811480392749,0.9802530669279806,0.35221733170368913,instance,complexity_kDN_top20
1,0.0,0.0,0.0641025641025641,0.6470588235294118,0.11499190319690994,0.0,0.4627759498486923,0.9922178988326849,0.95,0.5755561353401352,0.8381201192952344,0.9945218838469588,0.7623914026957554,instance,complexity_kDN_top20
1,0.06153846153846154,0.0,0.0641025641025641,0.7058823529411765,0.11905298511001838,0.0,0.4352134153446955,0.9933296275708727,1.0,0.6692597115737281,0.8524265766544206,0.9981377181515345,0.281371442991169,instance,complexity_kDN_top20
1,0.10091743119266061,0.0,0.053459119496855334,0.7058823529411765,0.1163571957603673,0.0,0.43530815220723873,0.9849916620344636,1.0,0.6798301144478095,0.8824797999705618,0.9972250924625476,0.40488781670287244,instance,complexity_kDN_top20
1,0.0052631578947368585,0.0,0.0641025641025641,0.6470588235294118,0.11498794396344308,0.0,0.39754756630387145,0.9788771539744302,0.95,0.6439844980010878,0.843664191393923,0.9895450593256077,0.8957302175784526,instance,complexity_kDN_top20
1,0.3920454545454546,0.8,0.9175257731958762,0.6470588235294118,0.1955135111558568,0.6666666666666666,0.5125792961127758,1.0,1.0,0.6740266869857119,0.9058333960943326,0.990204106672016,0.04977711469062919,instance,complexity_kDN_top20
1,0.030120481927710774,0.0,0.053459119496855334,0.7058823529411765,0.1305198361190244,0.0,0.4296847520775664,0.9961089494163424,1.0,0.6784161112256897,0.8990967318389733,0.9979596323273506,0.49094557819972706,instance,complexity_kDN_top20
1,0.15033783783783783,0.0,0.5652173913043479,0.8823529411764706,0.7429238379031774,0.0,0.4560388126334869,0.9966648137854364,1.0,0.6714326873920309,0.8521634410004346,0.9873724954511917,-0.30603917262179636,instance,complexity_kDN_top20
1,0.06000000000000005,0.0,0.18181818181818177,0.5294117647058824,0.42096276409192923,0.0,0.4204776136142503,0.9944413563090606,1.0,0.6746588947283693,0.8520154066540698,0.9908455344241114,0.3907368149034453,instance,complexity_kDN_top20
1,0.10699300699300696,0.0,0.09248554913294793,0.7647058823529411,0.1213668587790897,0.0,0.39672615305671544,0.9955530850472485,1.0,0.6712441166731762,0.889120045105722,0.9968813768825432,0.4317818732771783,instance,complexity_kDN_top20
1,0.8847517730496454,0.2,0.3384615384615385,0.7647058823529411,0.7768959327255949,0.0,0.47132036921894793,0.9983324068927182,0.9,0.6666666666666666,0.887125548357837,0.9969307291697891,-0.23534181321291514,instance,complexity_kDN_top20
1,0.0,0.0,0.09248554913294793,0.8235294117647058,0.11844146646975318,0.0,0.40724962750376803,0.9799888827126181,1.0,0.6735179230459615,0.8607278826297623,0.99191142711723,0.5899578726071846,instance,complexity_kDN_top20
1,0.13131313131313127,0.4,0.0641025641025641,0.7647058823529411,0.14077706640195525,0.0,0.49501501035435114,0.9994441356309061,1.0,0.6689560400803611,0.88307354577117,0.9786534263562235,0.10691606158850775,instance,complexity_kDN_top20
1,0.07377049180327866,0.0,0.053459119496855334,0.7058823529411765,0.11727550695127903,0.0,0.3619817390295601,0.980544747081712,1.0,0.6789416304160465,0.8594527645521147,0.9982383678410673,0.8966016729782708,instance,complexity_kDN_top20
1,0.07692307692307687,0.0,0.053459119496855334,0.7058823529411765,0.32401522844108516,0.0,0.40855290182295656,0.981100611450806,1.0,0.6708353331977631,0.863492179404685,0.9919147324012836,-0.09988709564911784,instance,complexity_kDN_top20
1,0.07692307692307687,0.4,0.09248554913294793,0.8235294117647058,0.212318952940302,0.0,0.441482176891723,0.9988882712618121,1.0,0.6719867382357269,0.9104059127081626,0.994996969927813,0.21318166005845124,instance,complexity_kDN_top20
1,0.4848837209302326,0.4,0.3384615384615385,0.8235294117647058,0.43717523464028585,0.5,0.5227462526210482,1.0,1.0,0.672432160512375,0.8745693173040087,0.9969148024455455,0.3411106296139287,instance,complexity_kDN_top20
1,0.523076923076923,0.8,0.09248554913294793,0.8235294117647058,0.44273225137799876,1.0,0.5609622452658706,1.0,1.0,0.6796713219606454,0.8747187989956204,0.9994727195518807,0.1359551735761905,instance,complexity_kDN_top20
1,0.525,0.4,0.053459119496855334,0.7058823529411765,0.7054368450955213,1.0,0.5604718243791511,1.0,1.0,0.6686820908309684,0.8277765350669929,0.9777328767929184,0.20546311469276096,instance,complexity_kDN_top20
1,0.253448275862069,0.0,0.0641025641025641,0.7058823529411765,0.1682901234909006,0.0,0.4248029837697619,0.9955530850472485,1.0,0.6727458772906094,0.8934373288457704,0.9843957993210887,0.22256698247215514,instance,complexity_kDN_top20
1,0.3685897435897436,0.4,0.3384615384615385,0.8235294117647058,0.7715887456946631,0.4,0.4985315269724686,0.9994441356309061,1.0,0.6705818168421219,0.8859999561452907,0.9883685751079798,-0.21397079459789617,instance,complexity_kDN_top20
1,0.013333333333333308,0.0,0.0641025641025641,0.6470588235294118,0.11511729689195727,0.0,0.45963315474788813,0.9922178988326849,0.95,0.6568346679380448,0.8665681299330436,0.9998294278214054,0.6639136555842529,instance,complexity_kDN_top20
1,0.06153846153846154,0.2,0.17543859649122806,0.5294117647058824,0.796951818643603,0.0,0.4446102376294164,0.9977765425236242,1.0,0.6722510997250223,0.8579649609313398,0.9971994721132668,0.17319604020010723,instance,complexity_kDN_top20
1,0.07377049180327866,0.0,0.06666666666666665,0.4117647058823529,0.11498665947746167,0.0,0.44313805320744437,0.9927737632017788,1.0,0.6815635975561889,0.8964118248582287,0.9969757866689608,0.31456774351114164,instance,complexity_kDN_top20
1,0.4162087912087913,0.0,0.9487179487179487,0.7058823529411765,0.35858431605582625,0.0,0.4006965650442653,0.9972206781545303,1.0,0.6699551750752941,0.8947260999645671,0.9918819164288102,0.06750075549606847,instance,complexity_kDN_top20
1,0.4972972972972973,0.8,0.07407407407407407,0.5294117647058824,0.7717743237821972,1.0,0.5311368600714002,1.0,1.0,0.6709490574349315,0.8555607574030646,0.9874115524257393,-0.12543190390031275,instance,complexity_kDN_top20
1,0.10091743119266061,0.0,0.053459119496855334,0.7058823529411765,0.11498665780550754,0.0,0.43247843889743465,0.9933296275708727,1.0,0.6707912621770954,0.8765797300278058,0.9830292106785951,0.8327358826518714,instance,complexity_kDN_top20
1,0.12254901960784315,0.0,0.053459119496855334,0.8235294117647058,0.12809889645131733,0.0,0.404871401763241,0.9933296275708727,1.0,0.6784262702676566,0.8729177968258608,0.993468653104346,0.5875290778126214,instance,complexity_kDN_top20
1,0.10699300699300696,0.0,0.27586206896551724,0.5882352941176471,0.1623595238110136,0.0,0.46120658649868096,0.9949972206781545,1.0,0.671323148025301,0.8715152422429124,0.9970331254346414,-0.14757203055648843,instance,complexity_kDN_top20
1,0.0,0.0,0.09248554913294793,0.8235294117647058,0.1549157667987875,0.0,0.40602678996413644,0.9877709838799333,1.0,0.6702607117531659,0.8432269770859477,0.9957780578258849,0.33178366244353247,instance,complexity_kDN_top20
1,0.10091743119266061,0.0,0.053459119496855334,0.7058823529411765,0.11655366344052565,0.0,0.4268524985003199,0.9949972206781545,1.0,0.6731386517111603,0.8834431373086516,0.9909190470024581,0.4371198572205663,instance,complexity_kDN_top20
1,0.0,0.2,0.06666666666666665,0.4117647058823529,0.1149866576827413,0.0,0.47668788971785025,0.9988882712618121,1.0,0.6689528292030142,0.8758864543898657,0.9872419043248734,0.8382533189844645,instance,complexity_kDN_top20
1,0.18425076452599387,0.2,0.053459119496855334,0.7058823529411765,0.12576933165069804,0.25,0.5131572299527973,1.0,1.0,0.6803894365847619,0.8883788783656017,0.986870371540032,0.4841889611402454,instance,complexity_kDN_top20
1,0.08116883116883122,0.0,0.0641025641025641,0.6470588235294118,0.11649327289270739,0.0,0.43607612195264966,0.9933296275708727,1.0,0.6722364300288903,0.8781302632644085,0.9630000096011595,0.5711681775712719,instance,complexity_kDN_top20
1,0.12280701754385959,0.2,0.33333333333333337,0.23529411764705882,0.49811446451530406,0.0,0.48505154030260333,0.9983324068927182,1.0,0.6714646676167111,0.8477732142009625,0.9670445655645429,-0.020119906158302444,instance,complexity_kDN_top20
1,0.0052631578947368585,0.0,0.0641025641025641,0.6470588235294118,0.11501202569691182,0.0,0.42158804273452144,0.9799888827126181,1.0,0.6701945589770745,0.8758263057894299,0.9886731577313342,0.6958868937877901,instance,complexity_kDN_top20
1,0.8423076923076923,0.8,0.8876404494382022,0.47058823529411764,0.7152930507608593,0.75,0.4175916872411801,0.9994441356309061,1.0,0.6712708267016491,0.8519336336239036,0.9827356270944385,0.031194387401227413,instance,complexity_kDN_top20
1,0.05681818181818188,0.0,0.053459119496855334,0.5882352941176471,0.11498666057377604,0.0,0.45124957363950724,0.9972206781545303,1.0,0.6840268629407223,0.8546295108072158,0.9750685875654498,0.8410293006883347,instance,complexity_kDN_top20
1,0.3442982456140351,0.2,0.11224489795918369,0.7058823529411765,0.7181486069646301,0.3333333333333333,0.4081477075078087,0.9983324068927182,1.0,0.6704756845299447,0.8934346418847421,0.9949566553620236,-0.20888215246500758,instance,complexity_kDN_top20
1,0.2404371584699454,0.4,0.053459119496855334,0.7058823529411765,0.11520720848235932,0.0,0.46987355133810793,0.9988882712618121,1.0,0.6807393474141397,0.8917146401946034,0.9973916058631089,0.6499611819180493,instance,complexity_kDN_top20
1,0.1767676767676768,0.0,0.0641025641025641,0.6470588235294118,0.12084279325888925,0.0,0.4461192360288021,0.9872151195108394,1.0,0.6723827948693173,0.8921126975666933,0.9933097809023091,0.5914967663416437,instance,complexity_kDN_top20
1,0.030120481927710774,0.0,0.053459119496855334,0.7058823529411765,0.47259207017995863,0.0,0.38124972962689363,0.990550305725403,1.0,0.6688278871153293,0.868214006750849,0.9891690120431106,0.00013258043788738166,instance,complexity_kDN_top20
1,0.0052631578947368585,0.0,0.0641025641025641,0.6470588235294118,0.11526472311121944,0.0,0.4292446919278764,0.9894385769872152,1.0,0.6709825145374754,0.8727551099255442,0.9871780588401076,0.4839289175341129,instance,complexity_kDN_top20
1,0.0,0.0,0.0641025641025641,0.6470588235294118,0.12276355142459927,0.0,0.4275990079495897,0.9855475264035576,1.0,0.6729207797136121,0.8873357296259707,0.9864356700296015,0.47402589533398376,instance,complexity_kDN_top20
1,0.01724137931034475,0.0,0.11224489795918369,0.7058823529411765,0.13659934452245065,0.0,0.44398724238223797,0.9933296275708727,1.0,0.6725927905188458,0.8633099837324989,0.9986419145831209,0.2953196251958765,instance,complexity_kDN_top20
1,0.17487684729064035,0.2,0.17543859649122806,0.5294117647058824,0.24556114386985461,0.0,0.4890119775484766,0.9977765425236242,1.0,0.6753719781411512,0.8706960297712147,0.9656077736682421,0.0342557927797902,instance,complexity_kDN_top20
1,0.0,0.0,0.053459119496855334,0.7058823529411765,0.11575031142790004,0.0,0.42054757372924056,0.9783212896053363,1.0,0.6814949212681524,0.7961914496057593,0.9352573915172172,0.6872753756093187,instance,complexity_kDN_top20
1,0.38015873015873014,0.2,0.07407407407407407,0.5294117647058824,0.18780730043684146,0.0,0.45651225350260194,0.9977765425236242,1.0,0.6714391538525416,0.8757363485445137,0.9829558980441686,0.37513085457994755,instance,complexity_kDN_top20
1,0.08064516129032251,0.0,0.0641025641025641,0.6470588235294118,0.11513363837476093,0.0,0.4036807798144344,0.9777654252362423,1.0,0.6782094520307972,0.8125817903389463,0.9734823385989443,0.7584672139038553,instance,complexity_kDN_top20
1,0.10999999999999999,0.2,0.06666666666666665,0.4117647058823529,0.11504584218049685,0.0,0.4918669270904048,0.9988882712618121,1.0,0.683402678471297,0.8529783026718964,0.9794405461792611,0.5013588282818238,instance,complexity_kDN_top20
1,0.253448275862069,0.4,0.0641025641025641,0.5882352941176471,0.1376661554640573,0.0,0.4451172432424061,0.9988882712618121,1.0,0.6713637039697155,0.8802395439547273,0.992548184267044,0.29799881660754624,instance,complexity_kDN_top20
1,0.2404371584699454,0.2,0.6060606060606061,0.6470588235294118,0.5047361493826845,0.3333333333333333,0.5034566939886678,1.0,1.0,0.6750018681818162,0.8840976296855034,0.997532345266456,0.3017511408010357,instance,complexity_kDN_top20
1,0.0052631578947368585,0.0,0.0641025641025641,0.4117647058823529,0.11498868994310768,0.0,0.42475663388540374,0.9888827126181212,1.0,0.6695082781653685,0.8278995954845831,0.9938876296483357,1.1069673479480377,instance,complexity_kDN_top20
1,0.013333333333333308,0.0,0.09248554913294793,0.8235294117647058,0.11600317926018666,0.0,0.37531982432537025,0.9827682045580878,1.0,0.6783766840591007,0.8770817061932217,0.9988112442882664,0.6330499412055256,instance,complexity_kDN_top20
1,0.0052631578947368585,0.0,0.045454545454545414,0.4117647058823529,0.12777218777747867,0.0,0.37850690214121563,0.9794330183435241,1.0,0.6741502526579087,0.8231462507625891,0.9504372722936877,0.602628078566352,instance,complexity_kDN_top20
1,0.2519230769230769,0.2,0.11224489795918369,0.7058823529411765,0.7599805491341507,1.0,0.5354888442697504,1.0,1.0,0.670683840420643,0.8574549012280119,0.9905680949386433,-0.24317047959723803,instance,complexity_kDN_top20
1,0.08064516129032251,0.0,0.0641025641025641,0.6470588235294118,0.11511845938162502,0.0,0.39979571341305,0.9783212896053363,1.0,0.6823655366563156,0.8230706953791056,0.9445080465857951,0.8443978138502976,instance,complexity_kDN_top20
1,0.2102272727272727,0.0,0.11224489795918369,0.8235294117647058,0.12939535738636654,0.0,0.44509117806562715,0.9961089494163424,1.0,0.6693280235975708,0.8764574762128585,0.99547470592894,0.2756896515269356,instance,complexity_kDN_top20
1,0.07692307692307687,0.0,0.09248554913294793,0.8235294117647058,0.15763792892521977,0.0,0.38580576110241194,0.9855475264035576,1.0,0.6704724431639003,0.8523804933713368,0.9985624777611241,0.43845408831303884,instance,complexity_kDN_top20
1,0.0,0.2,0.053459119496855334,0.5882352941176471,0.12780967806490917,1.0,0.5124720147154926,1.0,1.0,0.6728043220771944,0.8687932579011095,0.9976096242457932,0.4648931860918464,instance,complexity_kDN_top20
1,0.3951149425287356,0.6,0.3384615384615385,0.8235294117647058,0.331174842833481,0.4,0.521130318412937,1.0,1.0,0.6701517856329527,0.9191781894618659,0.9971833380857643,0.07709061748696287,instance,complexity_kDN_top20
1,0.2102272727272727,0.0,0.053459119496855334,0.8235294117647058,0.13529630647460272,0.0,0.4308634174132139,0.9972206781545303,1.0,0.671976539611472,0.8927599151903045,0.9951279252167937,0.13507220667440914,instance,complexity_kDN_top20
1,0.5031347962382445,0.6,0.6428571428571428,0.8235294117647058,0.28809038647172913,0.8,0.5162543504924442,1.0,1.0,0.671718025633684,0.889872789112021,0.9997266025995895,0.10876153188357221,instance,complexity_kDN_top20
1,0.01388888888888884,0.0,0.22033898305084743,0.6470588235294118,0.1152486424296374,0.0,0.3581023425452272,0.971650917176209,1.0,0.6719931198161218,0.8605048081555073,0.9911017381823245,0.5920880277974032,instance,complexity_kDN_top20
1,0.07377049180327866,0.0,0.0641025641025641,0.7058823529411765,0.11498767891404665,0.0,0.4500400440757665,0.9961089494163424,1.0,0.6808789932050432,0.8672210579584203,0.972897254308808,0.5373151871074427,instance,complexity_kDN_top20
1,0.33836206896551724,0.2,0.33333333333333337,0.7647058823529411,0.523464538238671,0.0,0.45252791427988104,0.9988882712618121,1.0,0.6705352400446505,0.9030759980735086,0.9999927724305943,-0.0022606535694433562,instance,complexity_kDN_top20
1,0.06153846153846154,0.0,0.053459119496855334,0.5882352941176471,0.12405847118223556,0.0,0.32525084356971257,0.9766536964980544,1.0,0.6718279793458862,0.8730239668724401,0.9744720845707726,0.403941710997542,instance,complexity_kDN_top20
1,0.01724137931034475,0.0,0.0641025641025641,0.4117647058823529,0.12791706947313575,0.0,0.42786245503785836,0.9972206781545303,1.0,0.6710953005645387,0.8457011649529111,0.9795058066835388,0.5676440207035347,instance,complexity_kDN_top20
1,0.14123159303882193,0.6,0.053459119496855334,0.7058823529411765,0.42658431779220407,0.3333333333333333,0.48436890802433796,0.9994441356309061,1.0,0.670708072309749,0.9123383709780782,0.9996216128674902,-0.07938345975845289,instance,complexity_kDN_top20
1,0.013333333333333308,0.0,0.0641025641025641,0.6470588235294118,0.11840264753260038,0.0,0.4149194143367345,0.9933296275708727,1.0,0.6748038704810253,0.872837363095152,0.9967133861995225,0.48085302603513824,instance,complexity_kDN_top20
1,0.12280701754385959,0.2,0.0641025641025641,0.4117647058823529,0.12474617015397743,0.0,0.44354760471091925,0.9988882712618121,1.0,0.6689378660953429,0.8407587610357155,0.9988068918497722,0.3593846201163566,instance,complexity_kDN_top20
1,0.24754901960784315,0.2,0.234375,0.5882352941176471,0.12141110455879434,0.5,0.4354074018310772,0.9983324068927182,1.0,0.6783081621791786,0.8908134617881769,0.994963492737353,0.4938640651496747,instance,complexity_kDN_top20
1,0.8176691729323309,0.4,0.025000000000000022,0.47058823529411764,0.6983675518391571,0.5,0.502141916341432,1.0,1.0,0.6711561025797064,0.8691576514233548,0.9825042701917686,0.07955814480416752,instance,complexity_kDN_top20
1,0.3685897435897436,0.4,0.8518518518518519,0.5294117647058824,0.6898648553907325,0.0,0.47739881552211305,0.9983324068927182,1.0,0.6707486163295641,0.8944773571243811,0.9983921137878518,-0.4331796218609481,instance,complexity_kDN_top20
1,0.12254901960784315,0.0,0.0641025641025641,0.7058823529411765,0.1152253068449115,0.0,0.4249182104299192,0.9961089494163424,1.0,0.6830389957868462,0.855632458252623,0.9874827262152087,0.6238970004547206,instance,complexity_kDN_top20
1,0.01388888888888884,0.0,0.0641025641025641,0.7058823529411765,0.11501705760611225,0.0,0.3750723092675805,0.9922178988326849,1.0,0.6700138473121099,0.8614513200318393,0.998952475361773,0.7293478046403,instance,complexity_kDN_top20
1,0.8861111111111111,0.8,0.8876404494382022,0.47058823529411764,0.7672234098246336,1.0,0.5967763129837464,1.0,1.0,0.6697477890091099,0.8379523551573422,0.9982303030812024,-0.018368455335484188,instance,complexity_kDN_top20
1,0.1071428571428572,0.0,0.0641025641025641,0.5882352941176471,0.11501256485203548,0.0,0.44298962863556246,0.9894385769872152,0.95,0.6175219613818321,0.8638314967375977,0.9945907737848152,0.8850248397431165,instance,complexity_kDN_top20
1,0.030120481927710774,0.0,0.0641025641025641,0.6470588235294118,0.11628264492630996,0.0,0.3604035624671468,0.9833240689271817,1.0,0.6787408777236063,0.8612264309260578,0.989919720832769,0.6326158919318952,instance,complexity_kDN_top20
1,0.28846153846153844,0.4,0.17543859649122806,0.47058823529411764,0.7048006764712372,1.0,0.5466640182165255,1.0,1.0,0.6691931151929091,0.8367270155585151,0.9831714291329955,-0.026113489057571507,instance,complexity_kDN_top20
1,0.1384615384615384,0.0,0.0641025641025641,0.6470588235294118,0.11817136575186105,0.0,0.45839039266865966,0.9972206781545303,1.0,0.6787113611623392,0.884468205843304,0.9720773951747987,0.3908433779360336,instance,complexity_kDN_top20
1,0.3192982456140351,0.2,0.045454545454545414,0.4117647058823529,0.11572754473371977,0.5,0.4941116709379543,0.9994441356309061,1.0,0.6812258508035305,0.8332141532098781,0.9706238768730118,-0.04667221845575768,instance,complexity_kDN_top20
1,0.01388888888888884,0.0,0.0641025641025641,0.4117647058823529,0.11508843398423024,0.0,0.44420026368613097,0.9955530850472485,1.0,0.6700513858507615,0.8675819837800762,0.9984554866564764,0.851166236121584,instance,complexity_kDN_top20
1,0.06153846153846154,0.0,0.22033898305084743,0.6470588235294118,0.12325427643896969,0.0,0.4256003600728223,0.9944413563090606,1.0,0.6704221893891459,0.8741307754742781,0.9920428816075479,0.41527116085319293,instance,complexity_kDN_top20
1,0.14015151515151514,0.0,0.053459119496855334,0.7058823529411765,0.32968150980241084,0.0,0.4756202442341678,0.9966648137854364,1.0,0.6726651846910356,0.8318561338698446,0.9793408385404587,0.3774211023296085,instance,complexity_kDN_top20
1,0.17487684729064035,0.0,0.17543859649122806,0.5294117647058824,0.24079742894843648,0.0,0.4534308687409596,0.9949972206781545,1.0,0.6713791293922227,0.895421874845211,0.9893632416713374,0.3014784897611164,instance,complexity_kDN_top20
1,0.05681818181818188,0.0,0.053459119496855334,0.7058823529411765,0.11498666664505902,0.0,0.40824798239979176,0.9894385769872152,1.0,0.6825733517835226,0.853882544763945,0.9664466151732463,0.7300134436724021,instance,complexity_kDN_top20
1,0.0,0.0,0.09248554913294793,0.8235294117647058,0.11504632907967416,0.0,0.38910556864652157,0.9760978321289605,0.9,0.6539111260755606,0.8181472632425255,0.973898686384742,0.492265207217726,instance,complexity_kDN_top20
1,0.0,0.0,0.0641025641025641,0.7058823529411765,0.1149912663243513,0.0,0.40900630803644633,0.9666481378543635,0.95,0.6566566352444697,0.8223016946535713,0.9653275408608916,0.9233948517497822,instance,complexity_kDN_top20
1,0.07692307692307687,0.2,0.09248554913294793,0.8235294117647058,0.3083485118482727,0.0,0.46805846796167994,0.9983324068927182,1.0,0.673411398511251,0.8838219966389766,0.9993052251079387,0.39774396754333174,instance,complexity_kDN_top20
1,0.10091743119266061,0.0,0.0641025641025641,0.6470588235294118,0.11502551730597377,0.0,0.4458349423873553,0.9816564758198999,1.0,0.6730243299264693,0.8587724281921301,0.9853849044630353,0.8931386877203924,instance,complexity_kDN_top20
1,0.17487684729064035,0.0,0.11224489795918369,0.7058823529411765,0.23651385592226976,0.2,0.43750648388573987,0.9972206781545303,1.0,0.671451510080316,0.9103070359608895,0.9991901410550795,0.14775199958714294,instance,complexity_kDN_top20
1,0.06153846153846154,0.0,0.0641025641025641,0.6470588235294118,0.11632758444661961,0.0,0.38263549206829794,0.9799888827126181,1.0,0.6705722758961088,0.8792013019354391,0.9964273607018315,0.5604672212796536,instance,complexity_kDN_top20
1,0.015151515151515138,0.2,0.025000000000000022,0.47058823529411764,0.14707321262959694,0.0,0.4514470422800564,0.9977765425236242,1.0,0.6713552503365331,0.8471565565897163,0.9930102061926865,0.28453250571682215,instance,complexity_kDN_top20
1,0.13131313131313127,0.0,0.0641025641025641,0.7647058823529411,0.11683803191413356,0.0,0.45234799458008956,0.9966648137854364,1.0,0.6682709455608024,0.8752617702474044,0.994119997194321,0.26043780319328796,instance,complexity_kDN_top20
1,0.0,0.0,0.0641025641025641,0.6470588235294118,0.11501320602571402,0.0,0.38815309981430146,0.9616453585325181,1.0,0.6781372151759089,0.8287778701505895,0.98768700112217,0.6044873028080926,instance,complexity_kDN_top20
1,0.030120481927710774,0.2,0.09248554913294793,0.7647058823529411,0.3889559078453363,0.0,0.45407842988607594,0.9977765425236242,1.0,0.6709959103456583,0.8750240089468116,0.9869402707741283,0.295279128557705,instance,complexity_kDN_top20
1,0.525,0.4,0.053459119496855334,0.7058823529411765,0.7686721384054185,0.25,0.49261442454364945,0.9994441356309061,1.0,0.6709985463985935,0.8672233419194434,0.9934119646821603,-0.1577291203015744,instance,complexity_kDN_top20
1,0.20274170274170278,0.0,0.11224489795918369,0.8235294117647058,0.3964048086210151,0.0,0.42473431936018524,0.9972206781545303,1.0,0.6690727923385261,0.8506627963593612,0.9680308920003875,0.35129118301526147,instance,complexity_kDN_top20
1,0.10091743119266061,0.0,0.053459119496855334,0.7058823529411765,0.11542710786078753,0.0,0.34968905396578276,0.9855475264035576,1.0,0.6776036518786094,0.8629282207071878,0.9996760417030971,0.48126595052110055,instance,complexity_kDN_top20
1,0.0,0.0,0.0641025641025641,0.6470588235294118,0.11499103327773053,0.0,0.3476833432297254,0.9349638688160089,0.95,0.645178956161021,0.8283972330968089,0.9886297505520345,0.7154369807953712,instance,complexity_kDN_top20
1,0.06153846153846154,0.2,0.4444444444444444,0.5882352941176471,0.1838224436742677,0.0,0.4940523797325286,0.9994441356309061,1.0,0.6708695384999861,0.8745249646758376,0.9955132497784676,0.05112676693387886,instance,complexity_kDN_top20
1,0.0,0.0,0.0641025641025641,0.6470588235294118,0.11499356493119517,0.0,0.3938171366162373,0.9899944413563091,1.0,0.6782872434914321,0.8600549112273785,0.9840561392830297,0.9297162357766747,instance,complexity_kDN_top20
1,0.10091743119266061,0.2,0.053459119496855334,0.8235294117647058,0.21239195451186355,0.0,0.4737586705430611,0.9994441356309061,1.0,0.6816451973286441,0.8733990661283102,0.9862611798663904,0.19460083275317736,instance,complexity_kDN_top20
1,0.10091743119266061,0.0,0.053459119496855334,0.7058823529411765,0.11515424266656327,0.0,0.3765077242481776,0.9599777654252363,1.0,0.677895127899918,0.8380266701623075,0.9861267357310831,1.1950610966110646,instance,complexity_kDN_top20
1,0.07692307692307687,0.0,0.234375,0.5882352941176471,0.21912313493146351,0.0,0.4032875737181244,0.9916620344635909,1.0,0.6713001726170785,0.8910770080667639,0.9901878096564857,0.2148334826548266,instance,complexity_kDN_top20
1,0.23015873015873023,0.0,0.06666666666666665,0.4117647058823529,0.1351995349258494,0.0,0.4299249643072929,0.9922178988326849,1.0,0.6814938297525573,0.8888043398907159,0.9820572352821214,0.20265240030828094,instance,complexity_kDN_top20
1,0.12280701754385959,0.0,0.0641025641025641,0.5882352941176471,0.11710855366781292,0.0,0.4377352514124594,0.9949972206781545,0.95,0.6452711192764342,0.8414492651241229,0.9984382922211033,0.4320106789831729,instance,complexity_kDN_top20
1,0.017857142857142794,0.0,0.053459119496855334,0.7058823529411765,0.1150080626172601,0.0,0.3718363161926279,0.9655364091161757,1.0,0.6760297906614378,0.8429406488677854,0.982937956043699,0.8928611481869356,instance,complexity_kDN_top20
1,0.0052631578947368585,0.0,0.0641025641025641,0.6470588235294118,0.11506421115416515,0.0,0.2982456305776877,0.971650917176209,1.0,0.6781043551669607,0.8673055293958607,0.9866169882408953,0.6642379359087274,instance,complexity_kDN_top20
1,0.12280701754385959,0.4,0.5652173913043479,0.7647058823529411,0.6701735506128799,1.0,0.5275288837645422,1.0,1.0,0.6672245717627816,0.8693180789127641,0.99959733030504,0.10081248555770823,instance,complexity_kDN_top20
1,0.0,0.0,0.0641025641025641,0.6470588235294118,0.11509557738626958,0.0,0.440199610425972,0.9844357976653697,1.0,0.6789983669766361,0.8492503074694904,0.9799159545781593,0.578770592927887,instance,complexity_kDN_top20
1,0.13247863247863245,0.0,0.3384615384615385,0.8235294117647058,0.6943262839007704,0.0,0.46090106925471686,0.9949972206781545,1.0,0.6688325868971463,0.8987078164015724,0.9984098958130894,-0.09882193368753851,instance,complexity_kDN_top20
1,0.10091743119266061,0.2,0.0641025641025641,0.6470588235294118,0.11864786764454804,0.0,0.48160334893983725,0.9983324068927182,1.0,0.6712443343208557,0.8666203671488946,0.968942542500594,0.215063518073264,instance,complexity_kDN_top20
1,0.0,0.0,0.06666666666666665,0.4117647058823529,0.1340271789378722,0.0,0.399191419634054,0.9861033907726515,1.0,0.6796910257567964,0.8571134087196144,0.9843210034597459,0.07057743458232597,instance,complexity_kDN_top20
1,0.10091743119266061,0.0,0.053459119496855334,0.8235294117647058,0.11546735194644209,0.0,0.3942863353023981,0.9861033907726515,1.0,0.6794976746806906,0.8721387242477192,0.9920232481468019,0.31021452994893645,instance,complexity_kDN_top20
1,0.35515873015873023,0.4,0.025000000000000022,0.5294117647058824,0.7939895815599987,0.3333333333333333,0.4953365739792831,0.9994441356309061,1.0,0.6708456297446137,0.8731158262918701,0.9962009643644929,-0.09745627934758878,instance,complexity_kDN_top20
1,0.14015151515151514,0.4,0.053459119496855334,0.8823529411764706,0.1437574934770775,0.0,0.4686167777596789,0.9988882712618121,1.0,0.6765513963325626,0.856200000968846,0.9953825693481861,0.32905204919048847,instance,complexity_kDN_top20
1,0.1767676767676768,0.0,0.0641025641025641,0.7058823529411765,0.11736479105200076,0.0,0.43530849402241856,0.9838799332962757,1.0,0.6707810032618553,0.8787233324152119,0.9784549162189647,0.6407957160261644,instance,complexity_kDN_top20
1,0.4634551495016611,0.4,0.743801652892562,0.6470588235294118,0.5818604029443598,0.3333333333333333,0.4748455954980544,0.9988882712618121,1.0,0.6719527640936347,0.8847442779333115,0.9862218762386159,0.06084463411468634,instance,complexity_kDN_top20
1,0.6333333333333333,0.6,0.17543859649122806,0.5294117647058824,0.13055498096517437,1.0,0.5416728103454131,1.0,1.0,0.6722755781314852,0.8486536542598561,0.9900132054455351,0.1889301935200274,instance,complexity_kDN_top20
1,0.0052631578947368585,0.0,0.11111111111111116,0.47058823529411764,0.11517628574096955,0.0,0.37539351057282166,0.9794330183435241,1.0,0.6731872694677905,0.8590105226188383,0.9832812942767263,0.6104677107865187,instance,complexity_kDN_top20
1,0.06153846153846154,0.0,0.11224489795918369,0.7058823529411765,0.7969518696677594,0.0,0.4545248787399422,0.9949972206781545,1.0,0.6687185860949096,0.8503857112277494,0.995530488621316,-0.8128448547441282,instance,complexity_kDN_top20
1,0.0,0.0,0.0641025641025641,0.5882352941176471,0.1290760690967031,0.0,0.44425506706589324,0.990550305725403,1.0,0.6718571505338157,0.848160661007787,0.9904995854026566,0.31014353626596713,instance,complexity_kDN_top20
1,0.27182539682539686,0.0,0.025000000000000022,0.47058823529411764,0.24608633266413393,0.0,0.4670129686097044,0.9966648137854364,1.0,0.672480649265232,0.8726033743588533,0.9945984863337617,0.1979366460424519,instance,complexity_kDN_top20
1,0.8605263157894737,0.4,0.09248554913294793,0.8235294117647058,0.15876547809875075,0.0,0.45476549598873306,0.9988882712618121,1.0,0.6804556159587776,0.8758349432545071,0.9902826557374975,0.6217669098577319,instance,complexity_kDN_top20
1,0.0,0.0,0.0641025641025641,0.6470588235294118,0.11835598670622494,0.0,0.4174011805371538,0.9844357976653697,1.0,0.6722544064277286,0.8295186115268185,0.9601220834204701,0.2543423204292596,instance,complexity_kDN_top20
1,0.2519230769230769,0.0,0.11224489795918369,0.7058823529411765,0.6069137232705663,0.0,0.42672882928752365,0.9972206781545303,1.0,0.6708266504562458,0.8942882712968393,0.9946445644788056,0.06948239382230145,instance,complexity_kDN_top20
1,0.07377049180327866,0.0,0.053459119496855334,0.8235294117647058,0.11503319210189672,0.0,0.4476416297318231,0.9922178988326849,1.0,0.682350539907467,0.8337821710560505,0.9486859599664627,1.0925313792197837,instance,complexity_kDN_top20
1,0.12280701754385959,0.2,0.0641025641025641,0.5882352941176471,0.1526602037712136,0.0,0.4995934735056896,0.9994441356309061,1.0,0.6679904471534025,0.8337484403361565,0.9715583583073563,0.09112645731273585,instance,complexity_kDN_top20
1,0.20823620823620825,0.0,0.053459119496855334,0.7058823529411765,0.4627675314223384,0.0,0.4084489363578019,0.9883268482490273,1.0,0.6704425918605782,0.862217621927065,0.967734450692135,0.14951294086410385,instance,complexity_kDN_top20
1,0.0,0.0,0.11224489795918369,0.6470588235294118,0.1746219120334616,0.0,0.46809956190665236,0.9972206781545303,1.0,0.6748740974566405,0.8572341260597651,0.992066040954045,-0.05946294480653799,instance,complexity_kDN_top20
1,0.09999999999999998,0.0,0.053459119496855334,0.7058823529411765,0.39782014252709075,0.0,0.4503380638672946,0.9944413563090606,1.0,0.6695860504075006,0.8847719831259514,0.990033789444453,0.12649558731610416,instance,complexity_kDN_top20
1,0.08783783783783783,0.2,0.0641025641025641,0.47058823529411764,0.35701864805344996,0.0,0.45388284115715194,0.9983324068927182,1.0,0.6704267786985458,0.8386525333861808,0.9996997109235092,0.48574290314286567,instance,complexity_kDN_top20
1,0.27182539682539686,0.0,0.053459119496855334,0.8235294117647058,0.1798643319289246,0.0,0.45107644809612324,0.9938854919399667,1.0,0.6722986102797669,0.8607839205990316,0.9926178217803905,0.29988309308029404,instance,complexity_kDN_top20
1,0.1767676767676768,0.0,0.0641025641025641,0.7058823529411765,0.15186141993220048,0.0,0.4305095224230081,0.9855475264035576,1.0,0.6701642563382414,0.8761466724902782,0.9807445339562567,0.5103975962357562,instance,complexity_kDN_top20
1,0.6833333333333333,0.6,0.743801652892562,0.8235294117647058,0.13925469170991017,1.0,0.5186299290089823,1.0,1.0,0.6721615869645851,0.8261118220945128,0.9276266089124118,-0.13450662336813093,instance,complexity_kDN_top20
1,0.08783783783783783,0.0,0.053459119496855334,0.8235294117647058,0.25544812569128583,0.0,0.3774640052845136,0.9922178988326849,1.0,0.6738332840465887,0.8814960223958135,0.9802208436791493,0.20671462947432667,instance,complexity_kDN_top20
1,0.013333333333333308,0.0,0.0641025641025641,0.6470588235294118,0.11507197466135322,0.0,0.42523243521877385,0.9794330183435241,1.0,0.6753367286451952,0.816351849570766,0.9399879425245051,0.8926933852795232,instance,complexity_kDN_top20
1,0.12254901960784315,0.0,0.09248554913294793,0.8235294117647058,0.1287056250055998,0.0,0.44004662581245035,0.9966648137854364,1.0,0.680560433591146,0.85082678280002,0.9665559953326064,0.4004409289882404,instance,complexity_kDN_top20
1,0.0,0.0,0.09248554913294793,0.8235294117647058,0.11501222221325608,0.0,0.35076303609256787,0.9599777654252363,1.0,0.6792033946594535,0.8732394188344037,0.9995000204761687,0.7100032354600736,instance,complexity_kDN_top20
1,0.08783783783783783,0.2,0.22033898305084743,0.9411764705882353,0.6426920075906533,0.0,0.456621738981122,0.9988882712618121,1.0,0.6763226348759057,0.8424129687046513,0.9866431011621706,-0.19372039130791713,instance,complexity_kDN_top20
1,0.0,0.0,0.11224489795918369,0.7058823529411765,0.11505741702885547,0.0,0.37671049648144606,0.9738743746525848,1.0,0.6674762552600013,0.8489840433686646,0.9973487120350725,0.8213260208504453,instance,complexity_kDN_top20
1,0.33040935672514626,0.4,0.7222222222222222,0.5882352941176471,0.7762812940109369,0.3333333333333333,0.5420956397967076,1.0,1.0,0.6715621366882437,0.8612573412758545,0.9541550286695374,-0.24872508115744188,instance,complexity_kDN_top20
1,0.06000000000000005,0.2,0.025000000000000022,0.5294117647058824,0.7969517574192292,0.0,0.47653035778422204,0.9977765425236242,1.0,0.6724437377697322,0.8459354598957288,0.9873270567057477,0.15049541576435269,instance,complexity_kDN_top20
1,0.015151515151515138,0.0,0.0641025641025641,0.5882352941176471,0.11622049151871428,0.0,0.46151340582998224,0.9966648137854364,1.0,0.6739211637881202,0.8436067619719159,0.9970639081714285,0.6369957296774416,instance,complexity_kDN_top20
1,0.017857142857142794,0.0,0.053459119496855334,0.8235294117647058,0.11521062378675628,0.0,0.4088021556879854,0.9666481378543635,1.0,0.672351375327134,0.8640735200668624,0.995780391374544,0.6927707635545591,instance,complexity_kDN_top20
1,0.18425076452599387,0.2,0.053459119496855334,0.7058823529411765,0.14870257260351138,0.0,0.45872545679897103,0.9977765425236242,1.0,0.670067437968941,0.900670951097517,0.9847868912540744,0.2779273165510452,instance,complexity_kDN_top20
1,0.10344827586206895,0.0,0.0641025641025641,0.6470588235294118,0.14817900235957315,0.0,0.42151183549532933,0.9955530850472485,1.0,0.6689434452811263,0.8821303919977994,0.9952681762329422,0.39305749626357317,instance,complexity_kDN_top20
1,0.01724137931034475,0.4,0.0641025641025641,0.6470588235294118,0.7141097447237076,0.0,0.4703798659065833,0.9988882712618121,1.0,0.6688239372450813,0.860100294113973,0.9927525604634188,0.07085861575936912,instance,complexity_kDN_top20
1,0.1634174311926606,0.0,0.053459119496855334,0.8235294117647058,0.11815375247491211,0.0,0.41759908413699465,0.9938854919399667,1.0,0.6787135222915902,0.8585637545906467,0.959949445569417,0.30582567121005594,instance,complexity_kDN_top20
1,0.08783783783783783,0.0,0.11224489795918369,0.8235294117647058,0.1203513512735025,0.0,0.4347644153056037,0.9894385769872152,1.0,0.6806560939252851,0.8968595818424582,0.9988655179878909,0.37164206301384406,instance,complexity_kDN_top20
1,0.32362082362082356,0.2,0.5652173913043479,0.8823529411764706,0.44684416188877707,0.6,0.48990678301582513,0.9988882712618121,1.0,0.670555643174464,0.8908435877783447,0.9810654575710297,0.26688088554955025,instance,complexity_kDN_top20
1,0.12280701754385959,0.0,0.59375,0.29411764705882354,0.6744312851174866,0.0,0.45347723835504605,0.9972206781545303,1.0,0.6679773789229246,0.8069395400790895,0.9694793799984625,0.18788517595121115,instance,complexity_kDN_top20
1,0.015151515151515138,0.0,0.0641025641025641,0.6470588235294118,0.11597877812424573,0.0,0.4424330063667993,0.9872151195108394,1.0,0.6704562096276727,0.8502530435757738,0.997950616771773,0.34592493009332204,instance,complexity_kDN_top20
1,0.0,0.4,0.06666666666666665,0.4117647058823529,0.13001393923322163,0.0,0.4662811907281622,0.9994441356309061,0.95,0.6666666666666666,0.7856738277872689,0.9755782527420108,0.6286016130782005,instance,complexity_kDN_top20
1,0.2519230769230769,0.0,0.053459119496855334,0.7058823529411765,0.49089180668046556,0.0,0.41196392712654795,0.9972206781545303,0.9,0.6628458870933374,0.8902503999817718,0.9882324997754051,-0.08791519281167895,instance,complexity_kDN_top20
1,0.22666666666666668,0.0,0.06666666666666665,0.4117647058823529,0.11526502587332932,0.0,0.4230922499473432,0.9927737632017788,1.0,0.6845797802659997,0.8465073868078704,0.979227551395929,0.599095160918383,instance,complexity_kDN_top20
1,0.0,0.0,0.09248554913294793,0.7058823529411765,0.11566205568098809,0.0,0.42641413922308546,0.9922178988326849,1.0,0.671454361462182,0.8862218211368106,0.9956254724910928,0.3361953653541514,instance,complexity_kDN_top20
1,0.12254901960784315,0.4,0.0641025641025641,0.7058823529411765,0.1341595334972686,1.0,0.5051452431694761,1.0,1.0,0.6704542174962053,0.8825322859815048,0.984485630793558,0.2301619352056858,instance,complexity_kDN_top20
1,0.297979797979798,0.0,0.0641025641025641,0.4117647058823529,0.1763402035332139,0.0,0.47670793883160256,0.9972206781545303,1.0,0.6690730930241267,0.8547217438092527,0.9905500554219722,0.09403916116919385,instance,complexity_kDN_top20
1,0.09999999999999998,0.0,0.053459119496855334,0.7058823529411765,0.19463218765954277,0.0,0.37240515481361414,0.9899944413563091,0.95,0.6329112365197634,0.8246967816361099,0.9314771095647243,0.23632981109142626,instance,complexity_kDN_top20
1,0.48015873015873023,0.2,0.11224489795918369,0.7058823529411765,0.2731424406334615,0.0,0.45598652080267865,0.9988882712618121,1.0,0.6721801571059011,0.8798582754993862,0.9868004726673557,0.19539321817401775,instance,complexity_kDN_top20
1,0.10091743119266061,0.0,0.0641025641025641,0.6470588235294118,0.12216805199415448,0.0,0.41912216981079553,0.9894385769872152,1.0,0.6702457921021527,0.876123914510843,0.9719512504275075,0.37173740322976495,instance,complexity_kDN_top20
1,0.16153846153846152,0.2,0.025000000000000022,0.47058823529411764,0.12130000114759154,0.0,0.4447820654316742,0.9977765425236242,1.0,0.6720186501841762,0.8518183387357677,0.973351199731095,0.3238765977092221,instance,complexity_kDN_top20
1,0.07692307692307687,0.2,0.09248554913294793,0.8235294117647058,0.11699606084507597,0.0,0.4772506854336601,0.9977765425236242,1.0,0.6799779046347357,0.860789714743218,0.9993662725197439,0.5359082095219578,instance,complexity_kDN_top20
1,0.0,0.0,0.09248554913294793,0.8235294117647058,0.1155345677994341,0.0,0.3966668115077734,0.9949972206781545,1.0,0.6811615992819543,0.8884741914655147,0.995330393800298,0.5602889226433374,instance,complexity_kDN_top20
1,0.2813186813186813,0.4,0.09248554913294793,0.8235294117647058,0.11558115215374842,0.0,0.4959333781545776,0.9994441356309061,1.0,0.6795802976412867,0.8800837598000433,0.9754247194273598,0.6038403152228387,instance,complexity_kDN_top20
1,0.12254901960784315,0.0,0.0641025641025641,0.5882352941176471,0.12878786807757991,0.0,0.39159474915073145,0.9894385769872152,1.0,0.670846558721377,0.8926748893858798,0.9979772145694188,0.36693872638405406,instance,complexity_kDN_top20
1,0.0,0.0,0.0641025641025641,0.6470588235294118,0.11498790068656223,0.0,0.4238263026509371,0.9838799332962757,0.85,0.6229719879314631,0.8232754674962164,0.9761604347810829,0.5773386291841925,instance,complexity_kDN_top20
1,0.0,0.0,0.0641025641025641,0.6470588235294118,0.11516380115092378,0.0,0.3726169371084318,0.9588660366870484,0.95,0.6419257195806972,0.8365344302973842,0.9849705509289659,0.5437122605478399,instance,complexity_kDN_top20
1,0.2102272727272727,0.0,0.053459119496855334,0.7058823529411765,0.1339812874392573,0.16666666666666666,0.44336617298990755,0.9972206781545303,1.0,0.6745988315595248,0.8849354082024247,0.9774948586782606,0.4443233273840417,instance,complexity_kDN_top20
1,0.6666666666666667,0.8,0.09248554913294793,0.8235294117647058,0.13096285911279015,0.6,0.5287289786099764,1.0,1.0,0.6795793583768637,0.9053558571628987,0.9915653281958797,0.40158997978972216,instance,complexity_kDN_top20
1,0.030120481927710774,0.2,0.9,0.6470588235294118,0.6383910696557006,0.3333333333333333,0.5037218929457449,1.0,1.0,0.6703158449416232,0.87987072573309,0.9919965828096676,0.13919382614420187,instance,complexity_kDN_top20
1,0.01388888888888884,0.0,0.0641025641025641,0.6470588235294118,0.11513564914753743,0.0,0.40107318210624276,0.9833240689271817,0.95,0.6630389949434968,0.8765114927016325,0.9830127204529021,0.5510270431710032,instance,complexity_kDN_top20
1,0.01388888888888884,0.0,0.0641025641025641,0.6470588235294118,0.11499071293325697,0.0,0.41634073841957964,0.9861033907726515,0.95,0.6341252650080652,0.8419769271288751,0.9969103962695973,0.6052695543279861,instance,complexity_kDN_top20
1,0.1892156862745098,0.2,0.09248554913294793,0.8235294117647058,0.1981528794119125,0.0,0.4725493827418392,0.9988882712618121,1.0,0.6716629208568206,0.9094256041690889,0.9986219331067576,0.2806451392540937,instance,complexity_kDN_top20
1,0.0052631578947368585,0.0,0.0641025641025641,0.6470588235294118,0.11498816486389046,0.0,0.3390654407675975,0.962757087270706,1.0,0.6751921550142332,0.7830969916963479,0.9720203662760702,0.8192137621369828,instance,complexity_kDN_top20
1,0.22666666666666668,0.0,0.053459119496855334,0.8235294117647058,0.1149866576827413,0.0,0.4446091164324023,0.9961089494163424,1.0,0.6830656163436877,0.8800570890105132,0.9813651329745202,0.9686312469870413,instance,complexity_kDN_top20
1,0.12254901960784315,0.0,0.0641025641025641,0.7058823529411765,0.19500953011840194,0.0,0.47443689915946774,0.9961089494163424,1.0,0.6727335532318667,0.8786998064336535,0.9925029488407299,0.22417516782677102,instance,complexity_kDN_top20
1,0.33040935672514626,0.2,0.053459119496855334,0.7058823529411765,0.767317555523954,0.6666666666666666,0.5313655388625138,1.0,1.0,0.6724149892832089,0.8690699083590279,0.9778135363417931,0.020020294032261767,instance,complexity_kDN_top20
1,0.8903508771929824,0.6,0.22033898305084743,0.9411764705882353,0.745163825780575,0.0,0.48066163206303203,0.9988882712618121,1.0,0.6686863266714681,0.8677801746138364,0.9871928527220168,-0.45560887438966746,instance,complexity_kDN_top20
1,0.08783783783783783,0.0,0.09248554913294793,0.7647058823529411,0.41092758166617344,0.0,0.41379421584583553,0.9966648137854364,1.0,0.6786188952836927,0.8790629023398239,0.9993443717400531,-0.21344383453400353,instance,complexity_kDN_top20
1,0.2404371584699454,0.4,0.053459119496855334,0.7058823529411765,0.2714191490077278,1.0,0.502783778056342,1.0,1.0,0.678423293417704,0.8870404872026555,0.9959356522285249,0.1688614010400054,instance,complexity_kDN_top20
1,0.0052631578947368585,0.2,0.0641025641025641,0.7058823529411765,0.11500463460783727,0.0,0.4697009966320186,0.9988882712618121,1.0,0.679701918411092,0.8561087394827395,0.9979966919067207,1.0392868261443013,instance,complexity_kDN_top20
1,0.24754901960784315,0.4,0.234375,0.5882352941176471,0.43455363635053634,0.0,0.46771631890818754,0.9988882712618121,1.0,0.6743144542674235,0.8635087666731763,0.998472682995863,-0.011081755280338742,instance,complexity_kDN_top20
1,0.021739130434782594,0.0,0.0641025641025641,0.6470588235294118,0.11499317814425047,0.0,0.3843934332343135,0.9566425792106726,1.0,0.6711082737054126,0.8063476442132181,0.9953708427947533,0.6867928331621134,instance,complexity_kDN_top20
1,0.21202854230377166,0.2,0.09248554913294793,0.7647058823529411,0.12350462262046236,0.2857142857142857,0.42160110521068506,0.9988882712618121,1.0,0.6780493558848532,0.9126820808035847,0.9983777847890735,0.3694768449621266,instance,complexity_kDN_top20
1,0.0,0.0,0.0641025641025641,0.6470588235294118,0.11500434540807192,0.0,0.3862872588465964,0.9794330183435241,0.9,0.6514350046999929,0.8041811450378411,0.9671750125795764,0.7308364279536624,instance,complexity_kDN_top20
1,0.12254901960784315,0.0,0.053459119496855334,0.8235294117647058,0.11628232574164732,0.0,0.4240572255528213,0.9899944413563091,1.0,0.6707691585777023,0.876049666175766,0.9924945823039394,0.6348643363493682,instance,complexity_kDN_top20
1,0.09999999999999998,0.4,0.7222222222222222,0.47058823529411764,0.7770425432169734,0.0,0.47448866753698304,0.9988882712618121,1.0,0.6764895029978677,0.8348206781271303,0.9573079910034643,0.19055814947597344,instance,complexity_kDN_top20
1,0.06776315789473686,0.2,0.0641025641025641,0.6470588235294118,0.11501099177058677,0.3333333333333333,0.5034497117152197,1.0,1.0,0.6781920255578142,0.8665185326813356,0.9897920117209847,0.6773502894767591,instance,complexity_kDN_top20
1,0.013333333333333308,0.0,0.0641025641025641,0.7058823529411765,0.1285906272535975,0.0,0.4473491195569901,0.9949972206781545,1.0,0.6689320848020268,0.8445851201676285,0.9739310737124697,0.5447259786827768,instance,complexity_kDN_top20
1,0.08783783783783783,0.2,0.3384615384615385,0.7647058823529411,0.6278259656104426,0.0,0.4902876668937667,0.9988882712618121,1.0,0.6710163426979647,0.8854878713443487,0.9839908453805911,-0.2049303739427875,instance,complexity_kDN_top20
1,0.13131313131313127,0.0,0.0641025641025641,0.7058823529411765,0.22764153380596414,0.2,0.4518042438363866,0.9961089494163424,1.0,0.6713748502679814,0.9065881783252783,0.9976513407712554,0.1956268998450624,instance,complexity_kDN_top20
1,0.10091743119266061,0.0,0.053459119496855334,0.7058823529411765,0.1149866576827413,0.0,0.4390189351650817,0.990550305725403,1.0,0.6824203287454286,0.8666893577359964,0.9969576568391951,0.4775281944940209,instance,complexity_kDN_top20
1,0.0,0.0,0.0641025641025641,0.6470588235294118,0.11525553139325684,0.0,0.436234859763618,0.990550305725403,1.0,0.6700250877726946,0.8593906146927199,0.9922523582320334,0.24238890464398216,instance,complexity_kDN_top20
1,0.2878378378378379,0.0,0.053459119496855334,0.7058823529411765,0.5678503895489672,0.0,0.4587409302012734,0.9933296275708727,1.0,0.6713536279627902,0.8721513670642569,0.995705521603387,0.008133552487886253,instance,complexity_kDN_top20
1,0.0,0.0,0.0641025641025641,0.7058823529411765,0.11498844612213366,0.0,0.36817380545134626,0.9266259032795998,0.95,0.6496991267346518,0.8396763912957235,0.9915623963257686,0.6879672173063773,instance,complexity_kDN_top20
1,0.33836206896551724,0.2,0.09248554913294793,0.7647058823529411,0.455801557812178,0.25,0.4820441057898671,0.9983324068927182,1.0,0.6703712363762873,0.9028748966798776,0.975691446830714,0.18752791769651805,instance,complexity_kDN_top20
1,0.12254901960784315,0.0,0.053459119496855334,0.5882352941176471,0.5574257115511669,0.0,0.49043593037529243,0.9966648137854364,1.0,0.672140735274997,0.8580931143625333,0.9672352045051692,0.16161364091259003,instance,complexity_kDN_top20
1,0.05681818181818188,0.0,0.053459119496855334,0.7058823529411765,0.11622367179340903,0.0,0.46237284733685813,0.9972206781545303,1.0,0.6744444638686965,0.8827339887262321,0.9844042683356038,0.6359118798594177,instance,complexity_kDN_top20
1,0.525,0.4,0.8787878787878788,0.29411764705882354,0.7934651481922963,1.0,0.5004252967014423,1.0,1.0,0.6700619663935333,0.8283793277137905,0.9778699811978189,0.08945677890385136,instance,complexity_kDN_top20
1,0.5102272727272728,0.2,0.09248554913294793,0.8823529411764706,0.19610854591627486,0.0,0.4243797460523694,0.9994441356309061,1.0,0.6703437254814365,0.8870725493388238,0.9887857827626979,0.06303201879108916,instance,complexity_kDN_top20
1,0.18425076452599387,0.0,0.053459119496855334,0.8235294117647058,0.16056384888013797,0.25,0.46290947409238337,0.9972206781545303,1.0,0.6724845118023729,0.9023680545832583,0.9768499894407479,0.40267905309294205,instance,complexity_kDN_top20
1,0.2519230769230769,0.0,0.053459119496855334,0.7058823529411765,0.28323557184145554,0.0,0.47599063842015576,0.9972206781545303,1.0,0.6711120125125382,0.8814401069869987,0.9924438447657558,0.3297106864623225,instance,complexity_kDN_top20
1,0.06153846153846154,0.0,0.11224489795918369,0.7058823529411765,0.42292082646847184,0.0,0.438478790799943,0.9922178988326849,1.0,0.6726549408512061,0.8229404592640375,0.9494227292111274,0.14379102761503643,instance,complexity_kDN_top20
1,0.0052631578947368585,0.0,0.0641025641025641,0.6470588235294118,0.11501793543252203,0.0,0.2777560063883231,0.9544191217342969,1.0,0.6792130783089049,0.8647139435118444,0.9973110148122087,0.7284370547505036,instance,complexity_kDN_top20
1,0.013333333333333308,0.0,0.0641025641025641,0.6470588235294118,0.11500165620674735,0.0,0.3677819611191887,0.9421901056142301,1.0,0.6727937822788821,0.8568471595892788,0.9812900678836683,0.78595458283668,instance,complexity_kDN_top20
1,0.06153846153846154,0.0,0.07407407407407407,0.5294117647058824,0.29355319137348945,0.0,0.42939301966132637,0.9927737632017788,1.0,0.6707909491900047,0.8504436145802897,0.9967616102803575,0.20942400259657312,instance,complexity_kDN_top20
1,0.0,0.0,0.0641025641025641,0.6470588235294118,0.1149866617233431,0.0,0.419933297835796,0.9799888827126181,0.9,0.6389890068262138,0.8133035125617383,0.9948643325632958,1.0731585033820688,instance,complexity_kDN_top20
1,0.10344827586206895,0.0,0.11224489795918369,0.7058823529411765,0.18571991758777295,0.0,0.46673446843230915,0.9966648137854364,1.0,0.6728318141039882,0.8690808809749668,0.9994791259744958,0.1576242593459501,instance,complexity_kDN_top20
1,0.0,0.0,0.11111111111111116,0.47058823529411764,0.13107927538955355,0.0,0.4512005665563441,0.9933296275708727,1.0,0.669866172139717,0.8367981549641493,0.9882283704318527,0.42619225649788933,instance,complexity_kDN_top20
1,0.013333333333333308,0.0,0.17543859649122806,0.5294117647058824,0.1192872233486168,0.0,0.45408963909632927,0.9961089494163424,1.0,0.6779393803349496,0.8755699634767586,0.9944113121818676,0.3953798558853593,instance,complexity_kDN_top20
1,0.0,0.0,0.0641025641025641,0.7058823529411765,0.11508670137689503,0.0,0.42629823313524695,0.9899944413563091,1.0,0.6726199397949374,0.86351808080538,0.9911305857723864,0.8162244457991765,instance,complexity_kDN_top20
1,0.13131313131313127,0.2,0.0641025641025641,0.7647058823529411,0.1604847909356778,0.0,0.4479926247973737,0.9988882712618121,1.0,0.6717071412139635,0.8751017126088335,0.9861344228773637,0.41827178990821556,instance,complexity_kDN_top20
1,0.23015873015873023,0.4,0.11224489795918369,0.6470588235294118,0.7909011118610842,0.0,0.39323184171772485,0.9988882712618121,1.0,0.6729138197010539,0.8535655037090393,0.99950958268457,-0.3142670577829742,instance,complexity_kDN_top20
1,0.3447802197802198,0.2,0.11224489795918369,0.7058823529411765,0.19224667626094377,0.0,0.45609397143768915,0.9977765425236242,1.0,0.6704261393821117,0.9060504710988774,0.9914814075761074,0.3563246605757934,instance,complexity_kDN_top20
1,0.0,0.0,0.0641025641025641,0.6470588235294118,0.11513679334931454,0.0,0.3566129330102783,0.980544747081712,1.0,0.6713896265695511,0.8418204135648658,0.9991572435711554,0.8124715797062559,instance,complexity_kDN_top20
1,0.45192307692307687,0.6,0.9487179487179487,0.7647058823529411,0.5917705933401135,0.0,0.4525104150849182,0.9994441356309061,1.0,0.6710059716408707,0.9034350795195852,0.9941529353003998,-0.33753879344714416,instance,complexity_kDN_top20
1,0.021739130434782594,0.2,0.22033898305084743,0.9411764705882353,0.4946578859830244,0.0,0.48768261899445453,0.9977765425236242,1.0,0.6691576040786557,0.8868602534812238,0.979210672819925,-0.10595466992547686,instance,complexity_kDN_top20
1,0.017857142857142794,0.0,0.053459119496855334,0.7058823529411765,0.11506592875276356,0.0,0.42291647157810586,0.9783212896053363,1.0,0.6808161232837323,0.8498919588244755,0.9795225165587949,0.9236974655123414,instance,complexity_kDN_top20
1,0.0,0.2,0.0641025641025641,0.5882352941176471,0.13493221546241785,0.0,0.4857445792749361,0.9983324068927182,1.0,0.6814338127515016,0.8554831595039467,0.9946973013867547,0.4803662625525693,instance,complexity_kDN_top20
1,0.13131313131313127,0.0,0.0641025641025641,0.7647058823529411,0.12479655782103954,0.0,0.40535319037933304,0.9855475264035576,1.0,0.6723124020301526,0.8893227706082737,0.9874746186852963,0.45908187119088706,instance,complexity_kDN_top20
1,0.48783783783783785,0.4,0.5652173913043479,0.8823529411764706,0.6151353791029307,0.0,0.45850671550768196,0.9988882712618121,1.0,0.6712464021280757,0.8792752703111842,0.9987050487963928,-0.1165168656263079,instance,complexity_kDN_top20
1,0.015151515151515138,0.0,0.0641025641025641,0.5882352941176471,0.11499117466763609,0.0,0.4019232727196813,0.9872151195108394,0.95,0.6080368732539317,0.8533713144399769,0.9939724640817552,0.7303896914341846,instance,complexity_kDN_top20
1,0.0,0.2,0.09248554913294793,0.8235294117647058,0.1155996214561924,0.1111111111111111,0.4970434613343183,0.9994441356309061,1.0,0.6726514910886932,0.8819485968847234,0.9991627419518656,0.6105090405268084,instance,complexity_kDN_top20
1,0.5079365079365079,0.4,0.09248554913294793,0.8823529411764706,0.2827536673680232,1.0,0.5068175511644619,1.0,1.0,0.6799510898230365,0.8775572203614643,0.9928926137331909,0.22753655991671026,instance,complexity_kDN_top20
1,0.1767676767676768,0.0,0.0641025641025641,0.5882352941176471,0.1273537711442792,0.0,0.43890972619832025,0.9944413563090606,1.0,0.671045260026166,0.8698722041441609,0.9927955033128729,0.6139945897174179,instance,complexity_kDN_top20
1,0.35515873015873023,0.2,0.5652173913043479,0.8823529411764706,0.6629984442830861,1.0,0.5066421449715033,1.0,1.0,0.6704726515678099,0.8852014188542965,0.9898857563395598,-0.009680342265361581,instance,complexity_kDN_top20
1,0.01388888888888884,0.2,0.0641025641025641,0.6470588235294118,0.11498693949456495,0.0,0.44825844809890647,0.9983324068927182,0.9,0.656905345756429,0.8424978330049493,0.9984829330589451,0.9805859151680353,instance,complexity_kDN_top20
1,0.2816558441558441,0.0,0.053459119496855334,0.7058823529411765,0.18001491374662998,0.0,0.46065140010941497,0.9916620344635909,1.0,0.6734020885855614,0.8709826014021653,0.962603300663369,0.17110074660690577,instance,complexity_kDN_top20
1,0.20989010989010992,0.0,0.053459119496855334,0.7058823529411765,0.11596780271814977,0.0,0.3826883742417546,0.9783212896053363,1.0,0.6709012011907105,0.8253245359831393,0.975722814043616,0.714596831944638,instance,complexity_kDN_top20
1,0.01388888888888884,0.0,0.0641025641025641,0.6470588235294118,0.11555262067045524,0.0,0.40285265676457493,0.990550305725403,1.0,0.6722238304495392,0.8488170551446055,0.9889149822727827,0.6082453399586695,instance,complexity_kDN_top20
1,0.030120481927710774,0.0,0.11224489795918369,0.8235294117647058,0.1689853331586998,0.0,0.4124947754039705,0.9944413563090606,1.0,0.6744517785288509,0.9006981155197267,0.9967685577052154,0.23653933036433147,instance,complexity_kDN_top20
1,0.33040935672514626,0.4,0.22033898305084743,0.9411764705882353,0.7037057999054301,1.0,0.538857908866478,1.0,1.0,0.6716438338184484,0.8870599077578649,0.9962134195898059,-0.001508786995514537,instance,complexity_kDN_top20
1,0.23015873015873023,0.0,0.025000000000000022,0.47058823529411764,0.2486001484939474,0.0,0.41062894166214925,0.9955530850472485,1.0,0.6707339936000327,0.8850851503879088,0.9905243877020273,0.2622525376181697,instance,complexity_kDN_top20
1,0.12254901960784315,0.2,0.33333333333333337,0.23529411764705882,0.1192853812562179,0.0,0.48219796113713687,0.9977765425236242,0.95,0.6274073348833155,0.8486166131608824,0.9979915758118835,0.342227540864554,instance,complexity_kDN_top20
1,0.0,0.0,0.0641025641025641,0.6470588235294118,0.11503746726482378,0.0,0.3904308253702531,0.9510839355197331,1.0,0.6789850394829625,0.8357565977806365,0.9796896282956833,0.4741868991251946,instance,complexity_kDN_top20
1,0.31153846153846154,0.6,0.22033898305084743,0.9411764705882353,0.1954498211228955,0.5,0.49260019589396276,0.9994441356309061,1.0,0.6707112647990651,0.8894851386868782,0.9964843731317719,0.10095247572381018,instance,complexity_kDN_top20
1,0.7125,0.8,0.0641025641025641,0.7647058823529411,0.6955408280554388,0.75,0.5106399067924077,1.0,1.0,0.6710621588400123,0.8509118127024632,0.9810499767698524,0.022256093835499587,instance,complexity_kDN_top20
1,0.05681818181818188,0.0,0.053459119496855334,0.8235294117647058,0.1149866576827413,0.0,0.3960978443097588,0.9755419677598666,1.0,0.6826848441324788,0.8717632136433806,0.9958639179835068,1.144080108289219,instance,complexity_kDN_top20
1,0.06153846153846154,0.4,0.053459119496855334,0.5882352941176471,0.1357437795118872,0.0,0.46108909231526063,0.9988882712618121,1.0,0.673887090176231,0.8670756073800601,0.9759684505155883,0.4693036254985081,instance,complexity_kDN_top20
1,0.8055555555555556,1.0,0.8478260869565217,0.5882352941176471,0.7969499445480182,1.0,0.5421893817306034,1.0,0.95,0.6666666666666666,0.8500652885010256,0.9868540384561312,-0.2514728320217435,instance,complexity_kDN_top20
1,0.0,0.0,0.0641025641025641,0.6470588235294118,0.11501510690000571,0.0,0.4251205241234002,0.9833240689271817,1.0,0.6779808333393874,0.855663418524218,0.9774395085027882,0.6853651605218614,instance,complexity_kDN_top20
1,0.0,0.0,0.9675925925925926,0.29411764705882354,0.1149866576827413,0.0,0.41299571393107604,0.990550305725403,1.0,0.6818230009448136,0.8586063201080865,0.9617379108621218,0.9200177951860572,instance,complexity_kDN_top20
1,0.0052631578947368585,0.0,0.0641025641025641,0.6470588235294118,0.11527112309750542,0.0,0.4019735122381236,0.9944413563090606,1.0,0.672518899744124,0.861489292993755,0.9980649298987194,0.8083077682569947,instance,complexity_kDN_top20
1,0.14123159303882193,0.2,0.9,0.6470588235294118,0.4618024265578912,0.0,0.47486220383253963,0.9977765425236242,1.0,0.6700978380148416,0.894376747867432,0.9953194035462012,0.0026800128382190227,instance,complexity_kDN_top20
1,0.0,0.0,0.0641025641025641,0.6470588235294118,0.11525832782872009,0.0,0.374615986678297,0.9605336297943302,1.0,0.6729459880890942,0.8464829129363146,0.9994174365573711,0.26534663935133357,instance,complexity_kDN_top20
1,0.2816558441558441,0.0,0.0641025641025641,0.6470588235294118,0.1354604691195645,0.0,0.4206559016974183,0.9961089494163424,1.0,0.6716581217873759,0.8840080203361881,0.9989974974303638,0.09311406448722095,instance,complexity_kDN_top20
1,0.06776315789473686,0.0,0.0641025641025641,0.6470588235294118,0.11498666420441206,0.0,0.42841241321156276,0.9794330183435241,0.9,0.6316638652167968,0.8119584166960501,0.9911855858971999,1.2935893755148895,instance,complexity_kDN_top20
1,0.2816558441558441,0.0,0.0641025641025641,0.7058823529411765,0.13657702844150743,0.0,0.4715934057946679,0.9972206781545303,1.0,0.673245932731415,0.8840822478035871,0.9710641898802573,0.2214528160220171,instance,complexity_kDN_top20
1,0.1384615384615384,0.0,0.0641025641025641,0.6470588235294118,0.11547825241131926,0.0,0.4255696337341477,0.9855475264035576,0.95,0.6302209206902588,0.8558956823831128,0.9845176487920662,0.48280107859523713,instance,complexity_kDN_top20
1,0.23015873015873023,0.0,0.07407407407407407,0.5294117647058824,0.13112956287349997,0.0,0.37936170691823146,0.9961089494163424,1.0,0.6784096794705078,0.8798262692717771,0.9870083398966847,0.3872527879749804,instance,complexity_kDN_top20
1,0.14123159303882193,0.2,0.053459119496855334,0.7058823529411765,0.20768431045366842,0.0,0.486798696163397,0.9983324068927182,1.0,0.6705217792123837,0.8749538664907757,0.9799213616963309,-0.06808330232118115,instance,complexity_kDN_top20
1,0.10699300699300696,0.0,0.0641025641025641,0.6470588235294118,0.1159903248111176,0.0,0.4355211309335608,0.9722067815453029,1.0,0.6708390784647988,0.8741408552895992,0.9859025065607244,0.25000210005926604,instance,complexity_kDN_top20
1,0.08064516129032251,0.0,0.743801652892562,0.6470588235294118,0.14739331643006998,0.0,0.4186754694122178,0.9955530850472485,1.0,0.6741605695725525,0.8561929228693188,0.9797792623202789,0.2504234942550416,instance,complexity_kDN_top20
1,0.0,0.0,0.0641025641025641,0.6470588235294118,0.1150040173866837,0.0,0.3578444878853392,0.9371873262923847,0.95,0.6582561764850453,0.8218933340130621,0.9979802596719727,0.7214956272276856,instance,complexity_kDN_top20
1,0.07692307692307687,0.2,0.09248554913294793,0.8235294117647058,0.1269387916101904,0.2,0.45248637143080095,0.9977765425236242,1.0,0.6788586697675209,0.8922355269511686,0.9989562144187337,0.5179894075133425,instance,complexity_kDN_top20
1,0.1892156862745098,0.2,0.6060606060606061,0.5294117647058824,0.11774991396209733,0.3333333333333333,0.4817346635984463,0.9988882712618121,1.0,0.679932935848114,0.8984301778334632,0.99851616314986,0.5597915128370171,instance,complexity_kDN_top20
1,0.013333333333333308,0.0,0.0641025641025641,0.6470588235294118,0.1152015812896603,0.0,0.38786321411000524,0.9955530850472485,1.0,0.680720886355092,0.8573737542460392,0.9998798631218041,0.6179416120007998,instance,complexity_kDN_top20
1,0.0052631578947368585,0.0,0.0641025641025641,0.6470588235294118,0.11499379943000354,0.0,0.3830143174451205,0.9566425792106726,1.0,0.6749191956915025,0.8257720114534663,0.9966838008401295,0.6782243214129309,instance,complexity_kDN_top20
1,0.5079365079365079,0.0,0.053459119496855334,0.7058823529411765,0.16047365050875995,0.0,0.4365656353812022,0.9972206781545303,1.0,0.6719886954982413,0.9033500551702692,0.9929865479133853,0.3545025866478103,instance,complexity_kDN_top20
1,0.2816558441558441,0.4,0.053459119496855334,0.8235294117647058,0.13451490427734358,0.0,0.4627724379432069,0.9983324068927182,1.0,0.6718038723587552,0.8975255600555988,0.9874367705483098,0.31168548026842174,instance,complexity_kDN_top20
1,0.030120481927710774,0.0,0.053459119496855334,0.7058823529411765,0.4761600330135901,0.5,0.4451239219453079,0.9938854919399667,1.0,0.6718489759605455,0.8712873516671508,0.9812676472519398,0.39524269105898757,instance,complexity_kDN_top20
1,0.07377049180327866,0.0,0.053459119496855334,0.7058823529411765,0.17263882139381792,0.0,0.4376964623531354,0.990550305725403,1.0,0.675660039300647,0.8826946502735991,0.9941805180981497,0.338921432889684,instance,complexity_kDN_top20
1,0.10091743119266061,0.0,0.053459119496855334,0.7058823529411765,0.11822167510664272,0.0,0.40494745318229597,0.990550305725403,1.0,0.6718330615869859,0.8728983240855092,0.9989238244067979,0.18771941491743632,instance,complexity_kDN_top20
1,0.554421768707483,0.4,0.045454545454545414,0.4117647058823529,0.7407855733018005,0.3333333333333333,0.4977459333008626,0.9994441356309061,1.0,0.6697358146399202,0.865734724378257,0.9946529019100663,0.13678347134703428,instance,complexity_kDN_top20
1,0.0,0.0,0.053459119496855334,0.7058823529411765,0.1149866576827413,0.0,0.4415036588922846,0.9877709838799333,1.0,0.6722542282598061,0.837659529896189,0.9466464375236353,1.4728998172495738,instance,complexity_kDN_top20
1,0.6848837209302325,0.8,0.9,0.6470588235294118,0.7170278047720966,1.0,0.5358373172844897,1.0,1.0,0.6712449461867402,0.8776136322901303,0.9782395872980626,-0.2081696571429993,instance,complexity_kDN_top20
1,0.22666666666666668,0.0,0.06666666666666665,0.4117647058823529,0.11686164198412025,0.0,0.45945485788242746,0.9966648137854364,1.0,0.6856820052055758,0.8789278678200576,0.9890274738305376,0.29398699817955887,instance,complexity_kDN_top20
1,0.29729729729729726,0.8,0.743801652892562,0.8823529411764706,0.7969518675959346,1.0,0.5270188046733975,1.0,1.0,0.6723670697312216,0.8285856637386171,0.9974685159412638,-0.32401706840073763,instance,complexity_kDN_top20
1,0.1384615384615384,0.0,0.0641025641025641,0.6470588235294118,0.1149866576827413,0.0,0.41635171351803646,0.9922178988326849,1.0,0.6818143579556343,0.8576221442624654,0.9922283135727348,1.1133461403588765,instance,complexity_kDN_top20
1,0.27182539682539686,0.2,0.07407407407407407,0.5294117647058824,0.3873544251535074,0.0,0.45587050951229646,0.9977765425236242,1.0,0.6717308804826259,0.844622526169599,0.9971212885880526,0.17497444296966916,instance,complexity_kDN_top20
1,0.3447802197802198,0.4,0.09248554913294793,0.7647058823529411,0.2582332315677468,0.3333333333333333,0.47051760001332654,0.9988882712618121,1.0,0.6701479507110002,0.9117007481657036,0.9980788513642405,0.13405012789766077,instance,complexity_kDN_top20
1,0.09999999999999998,0.2,0.234375,0.5882352941176471,0.5044443768414874,0.0,0.4788297360769008,0.9983324068927182,0.95,0.6111745681110339,0.8537558009387396,0.9958038579778917,-0.2652092854116571,instance,complexity_kDN_top20
1,0.31153846153846154,0.2,0.07407407407407407,0.5294117647058824,0.12701775939651172,0.5,0.5036872666977361,1.0,1.0,0.6707667965296819,0.8587428608333338,0.9919399015106176,0.3295345355360379,instance,complexity_kDN_top20
1,0.05681818181818188,0.2,0.053459119496855334,0.7058823529411765,0.12482285214976113,0.0,0.44809081343860635,0.9988882712618121,1.0,0.6711677474836748,0.8685135508203965,0.9899543983932463,0.26934484967847916,instance,complexity_kDN_top20
1,0.23015873015873023,0.2,0.3384615384615385,0.8823529411764706,0.766672964782074,0.0,0.4596579633521658,0.9994441356309061,1.0,0.671133604702158,0.8819179346623811,0.9817148483053166,-0.20147020023026616,instance,complexity_kDN_top20
1,0.12254901960784315,0.4,0.0641025641025641,0.5882352941176471,0.12220470484297702,0.3333333333333333,0.5171747541424545,1.0,1.0,0.6705105533696333,0.866221529364154,0.9716606586514847,0.32139261118790896,instance,complexity_kDN_top20
1,0.0,0.0,0.0641025641025641,0.6470588235294118,0.11506899690521283,0.0,0.40242342984891166,0.981100611450806,1.0,0.6725536547357439,0.8586112474402846,0.9966837820238951,0.5303584974692948,instance,complexity_kDN_top20
1,0.12254901960784315,0.6,0.0641025641025641,0.7058823529411765,0.3334020490600705,1.0,0.5062444083529447,1.0,1.0,0.6738603537556083,0.8739176808570249,0.9813925802300516,0.11363850765303438,instance,complexity_kDN_top20
1,0.7619047619047619,0.6,0.09248554913294793,0.7058823529411765,0.1246735074651052,0.3333333333333333,0.50984807944967,1.0,1.0,0.6711996662907065,0.8993347657575146,0.984343622365057,0.5870712098782433,instance,complexity_kDN_top20
1,0.021739130434782594,0.0,0.09248554913294793,0.8235294117647058,0.11498665768274252,0.0,0.4565687315917395,0.9877709838799333,1.0,0.6817927229048266,0.8682777547459828,0.9794408562837467,0.691866255642511,instance,complexity_kDN_top20
1,0.10344827586206895,0.0,0.09248554913294793,0.8235294117647058,0.11907608905629036,0.0,0.39714118783250896,0.9888827126181212,1.0,0.6694014726866796,0.8943896875955298,0.9931475776274648,0.7220740138425781,instance,complexity_kDN_top20
1,0.030120481927710774,0.0,0.053459119496855334,0.7058823529411765,0.42843701977872906,0.0,0.40551916966366874,0.9933296275708727,1.0,0.670157714627839,0.876954715566144,0.9932444005484535,0.30332175830796587,instance,complexity_kDN_top20
1,0.013333333333333308,0.0,0.0641025641025641,0.5882352941176471,0.11594998491755237,0.0,0.4193976359946542,0.9899944413563091,1.0,0.6713466661474826,0.8752438650591083,0.9858810341764465,0.6149541937140187,instance,complexity_kDN_top20
1,0.013333333333333308,0.2,0.7804878048780488,0.47058823529411764,0.1201055762255539,0.0,0.46690633915560664,0.9988882712618121,1.0,0.6726649992449583,0.8771966323508915,0.994569947639373,0.5238519945313588,instance,complexity_kDN_top20
1,0.030120481927710774,0.0,0.053459119496855334,0.7058823529411765,0.14815063077671697,0.0,0.42957857424439927,0.9922178988326849,1.0,0.6728660021038753,0.8898676558935363,0.9978148267127349,0.6108231595742637,instance,complexity_kDN_top20
1,0.10999999999999999,0.0,0.17543859649122806,0.5294117647058824,0.40657343633780696,0.0,0.40842105039860843,0.991106170094497,1.0,0.6770185471541296,0.8576619276522643,0.9923238825281242,0.2427616631958161,instance,complexity_kDN_top20
1,0.0052631578947368585,0.0,0.0641025641025641,0.6470588235294118,0.1149991440155893,0.0,0.33255154419644695,0.9755419677598666,1.0,0.6782556503158885,0.8562800925217573,0.9880111426842803,0.8141550604886654,instance,complexity_kDN_top20
1,0.29729729729729726,0.0,0.06666666666666665,0.4117647058823529,0.11498767495885315,0.0,0.43595089595487757,0.991106170094497,1.0,0.685413019665754,0.8294157091589496,0.9910187625117006,0.6332496920448727,instance,complexity_kDN_top20
1,0.1767676767676768,0.0,0.0641025641025641,0.7058823529411765,0.38814461639384124,0.0,0.4628762832828863,0.9949972206781545,1.0,0.6707926599435229,0.8962453905630813,0.9992163661334893,0.39945659613056383,instance,complexity_kDN_top20
1,0.015151515151515138,0.0,0.0641025641025641,0.5882352941176471,0.11674847748665806,0.0,0.4309444508321185,0.9877709838799333,1.0,0.6757286220453753,0.8358909522188187,0.958507518374746,0.6113386112530603,instance,complexity_kDN_top20
1,0.013333333333333308,0.2,0.09248554913294793,0.7058823529411765,0.11821198152034962,0.0,0.4576009833037399,0.9983324068927182,1.0,0.6691935414118984,0.8518891130007822,0.9863454263760252,0.5180239135552047,instance,complexity_kDN_top20
1,0.2259174311926606,0.0,0.053459119496855334,0.8235294117647058,0.11500364023958387,0.0,0.46680658364471295,0.9972206781545303,1.0,0.6806531292373885,0.8691170287812703,0.989065693933339,0.6383877934312848,instance,complexity_kDN_top20
1,0.351923076923077,0.4,0.3384615384615385,0.8235294117647058,0.6316102945365124,1.0,0.5091436992327885,1.0,1.0,0.67091539607924,0.8858408372032278,0.9927569680874724,-0.2563361366844468,instance,complexity_kDN_top20
1,0.15681818181818175,0.0,0.053459119496855334,0.8235294117647058,0.11722743552409032,0.0,0.3597787506968312,0.9899944413563091,1.0,0.6786453149734083,0.8631264272862877,0.9873039625980541,0.4206755382060317,instance,complexity_kDN_top20
1,0.0,0.0,0.11111111111111116,0.47058823529411764,0.1299565951798714,0.0,0.42989142626313726,0.990550305725403,1.0,0.6789822400681755,0.8285748410072944,0.9999649297081364,0.16900900241659922,instance,complexity_kDN_top20
1,0.10091743119266061,0.2,0.06666666666666665,0.4117647058823529,0.11686904504650969,0.0,0.4786571326183353,0.9988882712618121,1.0,0.6800379610184084,0.8704780054646761,0.9624689978800988,0.30292553388055715,instance,complexity_kDN_top20
1,0.32362082362082356,0.8,0.22033898305084743,0.9411764705882353,0.23819516848300754,0.6666666666666666,0.5714682221589542,1.0,1.0,0.6711460849613381,0.9040929927900621,0.9894254537368499,0.08768661741771898,instance,complexity_kDN_top20
1,0.0052631578947368585,0.0,0.11224489795918369,0.7058823529411765,0.1149866576827413,0.0,0.4358189207172922,0.9916620344635909,1.0,0.6823544286592464,0.8630822063308908,0.9893389360822914,0.8779050652795456,instance,complexity_kDN_top20
1,0.017857142857142794,0.0,0.0641025641025641,0.4117647058823529,0.11522552261753283,0.0,0.4511903049243138,0.9883268482490273,1.0,0.6702435175341781,0.821642450225534,0.9631032557705356,0.7571218792793657,instance,complexity_kDN_top20
1,0.9180851063829787,0.4,0.09248554913294793,0.8235294117647058,0.5731984754352523,0.0,0.49550437728687236,0.9988882712618121,1.0,0.6726545402787623,0.8853983870914016,0.9965525728334287,-0.15214355798371407,instance,complexity_kDN_top20
1,0.017857142857142794,0.0,0.09248554913294793,0.8235294117647058,0.11501485971748898,0.0,0.3957716271964491,0.9894385769872152,1.0,0.6807863252931488,0.8627435592430432,0.987394206545315,0.5642811552465166,instance,complexity_kDN_top20
1,0.030120481927710774,0.2,0.053459119496855334,0.7058823529411765,0.2189761895809248,0.0,0.45888231013421554,0.9977765425236242,1.0,0.6738247779206802,0.8644962707212199,0.9942048357334842,0.46364997729732155,instance,complexity_kDN_top20
1,0.0052631578947368585,0.0,0.0641025641025641,0.6470588235294118,0.11501958723190475,0.0,0.407061645956341,0.9799888827126181,1.0,0.6756133254683505,0.8105289189068147,0.9959197192323107,0.613626485697146,instance,complexity_kDN_top20
1,0.021739130434782594,0.0,0.0641025641025641,0.7058823529411765,0.2523555684026354,0.0,0.45146601179013657,0.9955530850472485,1.0,0.6722530878958155,0.8978026812538701,0.9929400563929197,0.18003723165657115,instance,complexity_kDN_top20
1,0.23015873015873023,0.0,0.025000000000000022,0.47058823529411764,0.5590751449912436,0.0,0.4148005665080965,0.9938854919399667,1.0,0.6714344584768056,0.880946828456984,0.9863624213374426,0.29818615592002995,instance,complexity_kDN_top20
1,0.3920454545454546,0.4,0.053459119496855334,0.7058823529411765,0.34216558615267756,0.0,0.43750403911051794,0.9988882712618121,1.0,0.6696435684740328,0.9026986463641735,0.9989751358694374,0.027299315709483175,instance,complexity_kDN_top20
1,0.5102272727272728,0.2,0.9175257731958762,0.47058823529411764,0.29453478993271565,0.0,0.45328407923188807,0.9983324068927182,1.0,0.671398166993319,0.8740902107106692,0.9997895906304097,-0.07078070373741001,instance,complexity_kDN_top20
1,0.12254901960784315,0.0,0.3384615384615385,0.8235294117647058,0.2241335748783836,0.0,0.4753505325495998,0.9972206781545303,1.0,0.6723657131862362,0.8941053408839055,0.9932601582882405,0.2317349371445175,instance,complexity_kDN_top20
1,0.4162393162393163,0.4,0.22033898305084743,0.9411764705882353,0.2670957018716775,0.3333333333333333,0.47295052778171986,0.9994441356309061,1.0,0.6736758737676569,0.9034247382067578,0.9984283502560558,0.004771704882535523,instance,complexity_kDN_top20
1,0.20823620823620825,0.0,0.0641025641025641,0.5882352941176471,0.12112526636414012,0.0,0.41132246236107683,0.9888827126181212,1.0,0.6704610943542385,0.888082977070748,0.9984097399139846,0.4418715212280985,instance,complexity_kDN_top20
1,0.06000000000000005,0.0,0.09248554913294793,0.8235294117647058,0.12524921574351655,0.0,0.4333836157504175,0.9894385769872152,1.0,0.6790913969860871,0.8858887503393256,0.9997017952300776,0.7533387154460723,instance,complexity_kDN_top20
1,0.1384615384615384,0.0,0.0641025641025641,0.6470588235294118,0.1149908694765957,0.0,0.3841006288066685,0.962757087270706,1.0,0.6800001295934615,0.8347197626519994,0.9613577448049817,0.710700675559746,instance,complexity_kDN_top20
1,0.0,0.0,0.8518518518518519,0.47058823529411764,0.1487744500435279,0.0,0.3759952044996211,0.9849916620344636,1.0,0.6714716266561145,0.8309536704380518,0.9563768405735589,0.5183638544307632,instance,complexity_kDN_top20
1,0.0,0.0,0.27586206896551724,0.5882352941176471,0.3306531582988107,0.0,0.44997272096134044,0.9966648137854364,1.0,0.6731799991805414,0.860122581742953,0.9866273747317592,-0.033215419372934034,instance,complexity_kDN_top20
1,0.12280701754385959,0.0,0.053459119496855334,0.7058823529411765,0.12388911433815364,0.0,0.4276575580387143,0.990550305725403,0.95,0.666133076134793,0.8654849504373756,0.9983214927282612,0.5743391633835765,instance,complexity_kDN_top20
1,0.06776315789473686,0.0,0.0641025641025641,0.6470588235294118,0.11498666304061206,0.0,0.37205800801574984,0.9655364091161757,1.0,0.6799318729873165,0.8323586148841826,0.9816709432800875,1.1036079419464848,instance,complexity_kDN_top20
1,0.10344827586206895,0.2,0.11224489795918369,0.7058823529411765,0.1176780154980771,0.0,0.4550213662857111,0.9988882712618121,1.0,0.6706656868433308,0.8909587290117591,0.9864197389079449,0.6332945402220369,instance,complexity_kDN_top20
1,0.4634551495016611,0.0,0.17543859649122806,0.5294117647058824,0.42446696314476773,0.0,0.4640042629169012,0.9949972206781545,1.0,0.6723594934604449,0.8902368081248273,0.9723866275604451,0.27833803520457046,instance,complexity_kDN_top20
1,0.2848837209302326,0.4,0.17543859649122806,0.5294117647058824,0.4792216474604668,0.0,0.49916275003063726,0.9994441356309061,0.95,0.6516866907971388,0.834098649956975,0.9964390578914503,0.1503881660573655,instance,complexity_kDN_top20
1,0.41666666666666674,1.0,0.59375,0.29411764705882354,0.793214614063601,1.0,0.5273625304127554,1.0,0.85,0.6247067984272497,0.7790645563326571,0.9834532927537414,0.5884180962437048,instance,complexity_kDN_top20
1,0.030120481927710774,0.0,0.053459119496855334,0.7058823529411765,0.15918386169294108,0.0,0.3832365763608546,0.9844357976653697,1.0,0.6734189586478461,0.870795242944755,0.9984779716133966,0.9005213091895495,instance,complexity_kDN_top20
1,0.08783783783783783,0.0,0.22033898305084743,0.9411764705882353,0.7286372361783854,0.0,0.4372249312224168,0.9972206781545303,1.0,0.669641881853943,0.8929600352517262,0.9974584124602123,-0.0144069770581815,instance,complexity_kDN_top20
1,0.0,0.0,0.0641025641025641,0.7058823529411765,0.1149899018474313,0.0,0.28853950280453156,0.9294052251250695,0.95,0.6596635140050656,0.8338404798641885,0.9847432499978753,0.9731010163448502,instance,complexity_kDN_top20
1,0.35515873015873023,0.0,0.053459119496855334,0.5882352941176471,0.7059539791384193,0.0,0.42780318820927865,0.9961089494163424,1.0,0.6710386775716979,0.8616599280968454,0.9948099541100854,0.11405988324798758,instance,complexity_kDN_top20
1,0.0,0.0,0.09248554913294793,0.8235294117647058,0.11520307095247423,0.0,0.40765185830014694,0.9861033907726515,1.0,0.679120821352166,0.8359735817774563,0.9956585426395437,0.6410752923937747,instance,complexity_kDN_top20
1,0.0,0.0,0.09248554913294793,0.8235294117647058,0.1150186836229713,0.0,0.38563972432229754,0.971650917176209,0.95,0.6641291036025488,0.8594129462283023,0.9950029087666267,0.6523117278986561,instance,complexity_kDN_top20
1,0.0052631578947368585,0.0,0.0641025641025641,0.7058823529411765,0.1152296467615071,0.0,0.4062515982764856,0.9961089494163424,1.0,0.673034085545999,0.8493513907988547,0.979853294658333,0.5919286406423315,instance,complexity_kDN_top20
1,0.13131313131313127,0.2,0.0641025641025641,0.5882352941176471,0.13696471338113214,0.0,0.45331003098345746,0.9988882712618121,1.0,0.6711546166781155,0.8711161908470828,0.9923989893506586,0.24820170858720705,instance,complexity_kDN_top20
1,0.3079178885630498,0.2,0.09248554913294793,0.8235294117647058,0.11802871948448335,0.0,0.4829915419437546,0.9994441356309061,1.0,0.6819116545815254,0.8605649438485596,0.9823035346982073,0.5110351075079305,instance,complexity_kDN_top20
1,0.2848837209302326,0.2,0.27586206896551724,0.5882352941176471,0.7252365668319517,0.0,0.38552143268231154,0.9977765425236242,1.0,0.6778332985464746,0.8631912730622687,0.9943270080980344,-0.0629188657839657,instance,complexity_kDN_top20
1,0.0,0.0,0.6060606060606061,0.5294117647058824,0.11954743967857667,0.0,0.4167827451387991,0.9866592551417455,1.0,0.6767292888913206,0.821299905206702,0.9884687403122548,0.9568730480467835,instance,complexity_kDN_top20
1,0.39729729729729724,0.4,0.0641025641025641,0.6470588235294118,0.15731955967160344,0.5,0.4926097176790998,0.9988882712618121,1.0,0.6699773748609517,0.8462403443846019,0.953130553155246,0.4579986797605503,instance,complexity_kDN_top20
1,0.7627551020408163,0.4,0.8876404494382022,0.35294117647058826,0.7938232049332248,0.0,0.49027169516767677,0.9983324068927182,1.0,0.6675016239893049,0.8741733767599692,0.9962722833326008,-0.6247342945142594,instance,complexity_kDN_top20
1,0.07377049180327866,0.2,0.09248554913294793,0.7647058823529411,0.1149866577051683,0.0,0.49106804080531297,0.9988882712618121,1.0,0.6815412322282949,0.8822352887421546,0.9956421356437215,0.39725776122611145,instance,complexity_kDN_top20
1,0.32362082362082356,0.0,0.0641025641025641,0.7647058823529411,0.12258105108492023,0.0,0.402714419532614,0.9961089494163424,1.0,0.6716741879104513,0.8616705527318509,0.9811462563918508,0.3988090792811519,instance,complexity_kDN_top20
1,0.545361875637105,0.6,0.0641025641025641,0.6470588235294118,0.11707148377836013,0.0,0.47745773074522657,0.9994441356309061,1.0,0.6724868665186555,0.8873577215392772,0.9922315197156701,0.486507964696707,instance,complexity_kDN_top20
1,0.5931372549019608,0.6,0.8876404494382022,0.47058823529411764,0.3218692354455994,0.0,0.4902005074488376,0.9988882712618121,1.0,0.6687733830142241,0.8541125262988982,0.982730078189096,-0.18630903931973683,instance,complexity_kDN_top20
1,0.0,0.0,0.11224489795918369,0.8235294117647058,0.1149866576827413,0.0,0.40995980192835035,0.9872151195108394,1.0,0.6820185617816725,0.8684932463213251,0.9966274994719929,0.8243831457931774,instance,complexity_kDN_top20
1,0.3951149425287356,0.4,0.234375,0.5882352941176471,0.33048475347100925,0.3333333333333333,0.4799126046197004,0.9988882712618121,1.0,0.6731219021300334,0.9127336528602672,0.9874834202680536,0.21655445786551097,instance,complexity_kDN_top20
1,0.16666666666666674,0.4,0.59375,0.29411764705882354,0.7951372419003577,0.0,0.4823394491701971,0.9994441356309061,0.85,0.6621768746908524,0.8067186503373934,0.9748286032042427,0.294365577772789,instance,complexity_kDN_top20
1,0.013333333333333308,0.0,0.0641025641025641,0.6470588235294118,0.11884849410356801,0.0,0.4180814313203023,0.9883268482490273,1.0,0.6740619008414469,0.8687651146595557,0.9806507823810907,0.7223378913445885,instance,complexity_kDN_top20
1,0.30263157894736836,0.0,0.0641025641025641,0.7058823529411765,0.6208907883607385,0.0,0.4203891949201961,0.9972206781545303,1.0,0.6714184988658524,0.8646219593243101,0.9801932831262659,-0.09537307618303416,instance,complexity_kDN_top20
1,0.05681818181818188,0.0,0.7804878048780488,0.47058823529411764,0.3089756900698344,0.0,0.4340805117900639,0.9944413563090606,1.0,0.6745767969289148,0.8691586181357696,0.9969791435494625,0.40523695712982427,instance,complexity_kDN_top20
1,0.015151515151515138,0.2,0.0641025641025641,0.5882352941176471,0.1171196561404832,0.0,0.47888996249056304,0.9977765425236242,0.95,0.6406355448695795,0.852476495389142,0.969605649806267,0.6079553584759636,instance,complexity_kDN_top20
1,0.0,0.0,0.0641025641025641,0.7647058823529411,0.15924942655031982,0.0,0.43394932739514946,0.9949972206781545,1.0,0.6746294415340587,0.84867667531437,0.9918622708610094,0.30097722516747094,instance,complexity_kDN_top20
1,0.34090909090909083,0.4,0.3384615384615385,0.8235294117647058,0.7024913274849632,0.3333333333333333,0.39717790060265734,0.9983324068927182,1.0,0.6707941701887717,0.8805550242074585,0.9771623928627798,-0.05666350788709881,instance,complexity_kDN_top20
1,0.01724137931034475,0.4,0.053459119496855334,0.7058823529411765,0.6090479465742737,0.0,0.4783363459965231,0.9988882712618121,1.0,0.6729794536829519,0.8333379630800115,0.9609326142501687,0.3752944596263342,instance,complexity_kDN_top20
1,0.1384615384615384,0.0,0.053459119496855334,0.7058823529411765,0.11498665786727391,0.0,0.4424391746911188,0.9855475264035576,1.0,0.6814236992379007,0.8686115780420216,0.9476307997335798,0.8295130951853614,instance,complexity_kDN_top20
1,0.12254901960784315,0.2,0.8787878787878788,0.23529411764705882,0.21079364349162077,0.0,0.4905996485148192,0.9994441356309061,1.0,0.6726205556012294,0.8685973933401925,0.9915361402520497,0.4261639358150047,instance,complexity_kDN_top20
1,0.26127049180327866,0.2,0.0641025641025641,0.7058823529411765,0.11498666424289317,0.0,0.4346197089661331,0.9977765425236242,1.0,0.6811012461338597,0.8686922853978022,0.9990678743675045,0.8646724506696624,instance,complexity_kDN_top20
1,0.0052631578947368585,0.0,0.0641025641025641,0.6470588235294118,0.1149866576827413,0.0,0.4347703192857538,0.990550305725403,1.0,0.6704074319068893,0.833845539668161,0.9970344812573798,0.9326111088251186,instance,complexity_kDN_top20
1,0.26127049180327866,0.2,0.0641025641025641,0.7058823529411765,0.12277925040977228,0.25,0.45356361299498105,0.9988882712618121,1.0,0.678091891085679,0.8897983259768972,0.9805552680849,0.43982110796452695,instance,complexity_kDN_top20
1,0.0052631578947368585,0.0,0.0641025641025641,0.6470588235294118,0.11514414479211554,0.0,0.3869393216640148,0.9733185102834908,1.0,0.6766178951214298,0.8760919658249893,0.9935202054846587,0.5833529214641037,instance,complexity_kDN_top20
1,0.0,0.0,0.0641025641025641,0.6470588235294118,0.11498679813376828,0.0,0.3611260005197514,0.9722067815453029,0.9,0.5815317929030355,0.8188842847917446,0.9651640689077113,0.7463236958635385,instance,complexity_kDN_top20
1,0.10091743119266061,0.0,0.053459119496855334,0.7058823529411765,0.1171822778237166,0.0,0.471652796299165,0.9972206781545303,1.0,0.6733230682282906,0.8706196581041683,0.9835074513668292,0.7341249848669172,instance,complexity_kDN_top20
1,0.10344827586206895,0.0,0.0641025641025641,0.5882352941176471,0.13660156105897636,0.0,0.44404858968920313,0.9949972206781545,1.0,0.6695894455518919,0.8885640252777431,0.9902610873084715,0.35108685381172855,instance,complexity_kDN_top20
1,0.1892156862745098,0.2,0.234375,0.5882352941176471,0.12777533437213995,0.0,0.45272651003627484,0.9977765425236242,1.0,0.6739179662300535,0.892264985647229,0.9971795349652095,0.4774836307865338,instance,complexity_kDN_top20
1,0.14015151515151514,0.2,0.053459119496855334,0.7647058823529411,0.6947483100813294,0.0,0.47197245564138746,0.9977765425236242,1.0,0.6704310200791498,0.8653096292752984,0.9984334295386448,-0.0007969574692935296,instance,complexity_kDN_top20
1,0.33836206896551724,0.4,0.33333333333333337,0.7647058823529411,0.41643465686656267,0.0,0.48751939024660007,0.9983324068927182,1.0,0.6708712626897989,0.8829451045257072,0.9966126569447267,0.2596705504452566,instance,complexity_kDN_top20
1,0.9236842105263158,0.8,0.0641025641025641,0.7647058823529411,0.7883610972321172,0.6666666666666666,0.5216662174269477,1.0,1.0,0.6700217360196653,0.8507015696280489,0.9829594892939604,-0.23080439070860548,instance,complexity_kDN_top20
1,0.6848837209302325,0.6,0.234375,0.5882352941176471,0.11499836397161156,1.0,0.5138838964044685,1.0,1.0,0.681317561726818,0.8763648426009188,0.9942269980868335,0.32704019060206296,instance,complexity_kDN_top20
1,0.01724137931034475,0.0,0.0641025641025641,0.5882352941176471,0.13553555301089393,0.0,0.4334383329825844,0.9955530850472485,1.0,0.6704880935916993,0.872499275468124,0.9980668414846597,0.4128821512459927,instance,complexity_kDN_top20
1,0.0052631578947368585,0.0,0.0641025641025641,0.6470588235294118,0.11544054479320004,0.0,0.4009562034593849,0.9866592551417455,1.0,0.677249222498146,0.8586548420775113,0.9913433238970534,0.6334363860534921,instance,complexity_kDN_top20
1,0.030120481927710774,0.0,0.234375,0.5882352941176471,0.36391120306870123,0.0,0.4705112221857759,0.9966648137854364,1.0,0.6739945074001139,0.8929383055224379,0.9983797506904962,-0.09485576641078716,instance,complexity_kDN_top20
1,0.0357142857142857,0.0,0.0641025641025641,0.5882352941176471,0.11595366372999244,0.0,0.3285677692604495,0.9738743746525848,1.0,0.6782208348211999,0.8570383541793577,0.9945893771070721,0.6521642813294736,instance,complexity_kDN_top20
1,0.1384615384615384,0.0,0.06666666666666665,0.4117647058823529,0.11498676572924155,0.0,0.40555263534358066,0.9861033907726515,1.0,0.680697735499848,0.849327801843771,0.9892297205817864,0.6463267517800066,instance,complexity_kDN_top20
1,0.12254901960784315,0.0,0.6060606060606061,0.7058823529411765,0.14818909534742203,0.0,0.444798227810452,0.9961089494163424,1.0,0.6794355832157974,0.8610291710070218,0.985525293311261,0.5187107259770835,instance,complexity_kDN_top20
1,0.2404371584699454,0.0,0.09248554913294793,0.7647058823529411,0.15464856844014285,0.0,0.4533298555651326,0.9966648137854364,1.0,0.679640845409441,0.8825827728283204,0.995504946307509,0.2511925284688008,instance,complexity_kDN_top20
1,0.0,0.0,0.0641025641025641,0.6470588235294118,0.11501756400609897,0.0,0.4062512910060575,0.9838799332962757,1.0,0.6732870754143496,0.847520164241873,0.983944494702688,0.9102942484242589,instance,complexity_kDN_top20
1,0.13131313131313127,0.0,0.0641025641025641,0.6470588235294118,0.12223611360442621,0.0,0.40554359927007,0.9872151195108394,1.0,0.6703625866848315,0.8953850566036381,0.997602248755883,0.5553550498352035,instance,complexity_kDN_top20
1,0.2519230769230769,0.0,0.09248554913294793,0.7058823529411765,0.5850341404514647,0.0,0.3940230311873997,0.9961089494163424,1.0,0.6682619920497304,0.9035386041323447,0.9993796530374526,-0.017850743647285824,instance,complexity_kDN_top20
1,0.0,0.0,0.0641025641025641,0.6470588235294118,0.1149866576827413,0.0,0.36761320177114254,0.952195664257921,1.0,0.6820460392411316,0.8485732141533232,0.9980784343046301,0.8408005031559788,instance,complexity_kDN_top20
1,0.7139639639639639,0.4,0.09248554913294793,0.8235294117647058,0.2004784104818672,0.0,0.4701608486910318,0.9983324068927182,1.0,0.670947080857152,0.8803067859305186,0.9988860266645,0.3279615846633931,instance,complexity_kDN_top20
1,0.21662763466042156,0.6,0.0641025641025641,0.6470588235294118,0.12314777566479929,0.5,0.5138315577018964,1.0,1.0,0.6795518424659834,0.8885728319971162,0.996901153419657,0.2782060658333132,instance,complexity_kDN_top20
1,0.33836206896551724,0.2,0.6428571428571428,0.5882352941176471,0.5938565443598772,0.0,0.4875967280057497,0.9994441356309061,1.0,0.6718031471956981,0.9100225089542423,0.9973576328942468,0.030540252288075873,instance,complexity_kDN_top20
1,0.07377049180327866,0.4,0.0641025641025641,0.7058823529411765,0.17622554159427778,0.3333333333333333,0.4877061270879208,0.9988882712618121,1.0,0.6715012424159099,0.8863314289403543,0.9982585872039091,0.13343662210315946,instance,complexity_kDN_top20
1,0.29729729729729726,0.0,0.0641025641025641,0.6470588235294118,0.15484408407321604,0.0,0.40933540310290806,0.9883268482490273,1.0,0.6744391811272855,0.8475993398659813,0.9949172885945736,0.2966129626311844,instance,complexity_kDN_top20
1,0.030120481927710774,0.0,0.0641025641025641,0.6470588235294118,0.11706787752070041,0.0,0.4426520267162666,0.9883268482490273,1.0,0.6739936982798724,0.8851361796735423,0.996380596009887,0.6938153963033435,instance,complexity_kDN_top20
1,0.013333333333333308,0.0,0.0641025641025641,0.7058823529411765,0.15206561554562548,0.0,0.4441232230211942,0.9949972206781545,1.0,0.6713162283674585,0.8725173192866859,0.986864846220692,0.35375506358458153,instance,complexity_kDN_top20
1,0.08064516129032251,0.0,0.09999999999999998,0.35294117647058826,0.11554929706057715,0.0,0.40407361960898114,0.9788771539744302,1.0,0.6735380024183241,0.818823547309029,0.9986514192857096,0.3886754733612374,instance,complexity_kDN_top20
1,0.08783783783783783,0.0,0.09248554913294793,0.8235294117647058,0.4537965626487499,0.0,0.4200958393187163,0.9877709838799333,1.0,0.6710063925419861,0.8883264860532005,0.9980559967223306,0.19146151506599207,instance,complexity_kDN_top20
1,0.0052631578947368585,0.0,0.0641025641025641,0.6470588235294118,0.11498666073154995,0.0,0.3974081587474463,0.9772095608671484,1.0,0.6809633354740949,0.8438562882281225,0.9920767828735322,1.012255243105192,instance,complexity_kDN_top20
1,0.01388888888888884,0.0,0.0641025641025641,0.6470588235294118,0.11501866392280391,0.0,0.41274553047448925,0.9872151195108394,1.0,0.6708152702442683,0.8547862588820365,0.9851989470027114,0.6721702912936645,instance,complexity_kDN_top20
1,0.463963963963964,0.2,0.33333333333333337,0.7647058823529411,0.39545781453786005,0.5,0.3707110908242285,0.9994441356309061,1.0,0.6711449299261046,0.9033221576901862,0.9986532547601119,0.08823625525322228,instance,complexity_kDN_top20
1,0.12254901960784315,0.0,0.0641025641025641,0.5882352941176471,0.13091660036556224,0.25,0.47800008818337025,0.9972206781545303,1.0,0.6717198729569351,0.8959292241790064,0.9987670459224145,0.4180861420914379,instance,complexity_kDN_top20
1,0.0,0.0,0.0641025641025641,0.7058823529411765,0.1149933236965669,0.0,0.3613943068081543,0.9899944413563091,1.0,0.6687003704968267,0.8449174726423296,0.9963853243442288,0.7440968147152144,instance,complexity_kDN_top20
1,0.12254901960784315,0.2,0.0641025641025641,0.5882352941176471,0.13580062871973347,0.0,0.4520117479059952,0.9994441356309061,1.0,0.6728705067699615,0.8662324669312701,0.9803414026158912,0.3759366533135875,instance,complexity_kDN_top20
1,0.01388888888888884,0.0,0.0641025641025641,0.7058823529411765,0.11553989662861641,0.0,0.4192137763905919,0.9822123401889938,1.0,0.6691073550398279,0.8475785383080101,0.9963119105592488,0.4264721879707836,instance,complexity_kDN_top20
1,0.01388888888888884,0.0,0.0641025641025641,0.6470588235294118,0.11500643494715168,0.0,0.32935192150982284,0.9738743746525848,1.0,0.6717178756457739,0.8203684530036093,0.9614925798130547,0.9863528617174796,instance,complexity_kDN_top20
1,0.05681818181818188,0.0,0.053459119496855334,0.7058823529411765,0.11531469841775166,0.0,0.3575809293812855,0.9849916620344636,0.95,0.6637627927511298,0.8720457502386463,0.9897192829133721,0.8390847619116577,instance,complexity_kDN_top20
1,0.08116883116883122,0.0,0.0641025641025641,0.6470588235294118,0.1186393370993612,0.0,0.37861398985872197,0.9822123401889938,1.0,0.6711398817341578,0.8672519758495449,0.9971570058990472,0.5973785710591019,instance,complexity_kDN_top20
1,0.23015873015873023,0.2,0.07407407407407407,0.5294117647058824,0.12927804899138717,0.0,0.37044186821451197,0.9977765425236242,1.0,0.6740032494246353,0.8829602109003177,0.9986019533235242,0.2917738197471059,instance,complexity_kDN_top20
1,0.24754901960784315,0.6,0.3384615384615385,0.6470588235294118,0.25799616070514375,0.5,0.5152888750681752,1.0,1.0,0.6735767494039336,0.9031925882991001,0.9849058622290812,0.16274373223628533,instance,complexity_kDN_top20
1,0.351923076923077,0.4,0.025000000000000022,0.47058823529411764,0.7761210987885225,0.0,0.4638058297123018,0.9988882712618121,1.0,0.6709383178319064,0.8757912787760291,0.987381916909541,-0.4174767084108403,instance,complexity_kDN_top20
1,0.20274170274170278,0.4,0.09248554913294793,0.7058823529411765,0.2743799628354785,0.5,0.5288615725198933,1.0,1.0,0.6701090238718677,0.9043040769926979,0.9992230457318108,0.14067659926469228,instance,complexity_kDN_top20
1,0.030120481927710774,0.2,0.09248554913294793,0.8823529411764706,0.20983160958751357,0.0,0.4770805802197744,0.9988882712618121,1.0,0.6687161981016233,0.8581699586153793,0.9945210010207142,0.03361507458016967,instance,complexity_kDN_top20
1,0.0,0.0,0.0641025641025641,0.6470588235294118,0.1149866576827413,0.0,0.4071803261139427,0.9594219010561423,0.9,0.24204588962268075,0.7720278279898104,0.9438712098534531,3.3554359559530567,instance,complexity_kDN_top20
1,0.1384615384615384,0.0,0.234375,0.5882352941176471,0.11498665768274213,0.0,0.3786489926769119,0.9866592551417455,1.0,0.6817395461460127,0.8261649544073706,0.95547394338149,0.575881774431738,instance,complexity_kDN_top20
1,0.10091743119266061,0.0,0.053459119496855334,0.7058823529411765,0.1154120028121482,0.0,0.3894166061332188,0.9916620344635909,1.0,0.680040647937742,0.8653975208542288,0.9911906711338719,0.30383644888713296,instance,complexity_kDN_top20
1,0.35876623376623373,0.2,0.11224489795918369,0.7058823529411765,0.7050023456218876,0.5,0.5132659610302531,1.0,1.0,0.6714015013872145,0.8611618169389408,0.9856398536097335,-0.21199928028262,instance,complexity_kDN_top20
1,0.0,0.2,0.0641025641025641,0.6470588235294118,0.11639897906936891,0.0,0.4782763608499918,0.9983324068927182,1.0,0.6731198110518292,0.8450437895168393,0.9371302329389818,0.32612265602517965,instance,complexity_kDN_top20
1,0.08658008658008653,0.0,0.0641025641025641,0.5882352941176471,0.11545399052775718,0.0,0.4051047432102408,0.990550305725403,1.0,0.6705674553468146,0.851306500871228,0.9836338053108555,0.5027717053428659,instance,complexity_kDN_top20
1,0.13131313131313127,0.2,0.053459119496855334,0.7058823529411765,0.12599732828436522,0.14285714285714285,0.5304783171679035,1.0,1.0,0.671863058242447,0.8982419323937941,0.987739707900157,0.4974032841411652,instance,complexity_kDN_top20
1,0.3685897435897436,0.4,0.4444444444444444,0.5882352941176471,0.7969452322589136,0.0,0.49559727719870217,0.9988882712618121,1.0,0.6693363698355854,0.8617008951199988,0.9942132217229037,-0.5947360526188955,instance,complexity_kDN_top20
1,0.08783783783783783,0.2,0.09248554913294793,0.7647058823529411,0.48820275026261295,0.2,0.4819964725679471,0.9994441356309061,1.0,0.6782624858068063,0.9035697505541043,0.9997842252237378,0.18096106354295688,instance,complexity_kDN_top20
1,0.06153846153846154,0.0,0.11224489795918369,0.7058823529411765,0.3188931142499666,0.0,0.407580667387504,0.9866592551417455,1.0,0.6728246394696918,0.8619541153575323,0.9992603673148801,0.2824436993440936,instance,complexity_kDN_top20
1,0.16153846153846152,0.0,0.0641025641025641,0.6470588235294118,0.11506450701204518,0.0,0.44260007241009613,0.9922178988326849,0.95,0.6582233934190016,0.8506713748360035,0.9927860835510208,0.7612285108065003,instance,complexity_kDN_top20
1,0.09999999999999998,0.2,0.09248554913294793,0.8235294117647058,0.2567058106037975,0.25,0.46961831452900094,0.9977765425236242,1.0,0.6739084842426415,0.8706153977617109,0.9727610521552398,0.18020389415773805,instance,complexity_kDN_top20
1,0.0,0.2,0.4444444444444444,0.5882352941176471,0.1149866576827413,0.0,0.4903995826267816,0.9988882712618121,0.9,0.14660554609397328,0.8216740802478268,0.9984615033737381,3.7816587362896197,instance,complexity_kDN_top20
1,0.24754901960784315,0.0,0.09248554913294793,0.8235294117647058,0.16449452424905636,0.0,0.4754561517918672,0.9955530850472485,1.0,0.6753095709434096,0.9083054447880979,0.9868832835164623,0.29730261449917983,instance,complexity_kDN_top20
1,0.2192982456140351,0.2,0.0641025641025641,0.7058823529411765,0.6527953135071871,0.0,0.440845157318532,0.9977765425236242,1.0,0.6707406993708895,0.8901639844203043,0.9984070257217925,-0.10144318830551996,instance,complexity_kDN_top20
1,0.10344827586206895,0.0,0.0641025641025641,0.5882352941176471,0.11510028114192478,0.0,0.44084796053288045,0.991106170094497,1.0,0.6716383388721312,0.8669348914880157,0.9981215760270562,0.8665092620234046,instance,complexity_kDN_top20
1,0.013333333333333308,0.0,0.0641025641025641,0.6470588235294118,0.11671891677268798,0.0,0.4135427852700957,0.9861033907726515,1.0,0.6759558390420382,0.8562475230710547,0.9957537246388465,0.3644737378973681,instance,complexity_kDN_top20
1,0.30263157894736836,0.2,0.5652173913043479,0.8823529411764706,0.25399567460015604,0.0,0.46606535968040363,0.9988882712618121,1.0,0.6775960604622298,0.8876871962315815,0.9989006693440987,0.1426202969492027,instance,complexity_kDN_top20
1,0.3685897435897436,0.0,0.11224489795918369,0.7058823529411765,0.6404620408276088,0.0,0.4664996041285008,0.9961089494163424,1.0,0.6696506924486759,0.8870915659906722,0.9817649660278555,-0.02526899634133684,instance,complexity_kDN_top20
1,0.463963963963964,0.2,0.17543859649122806,0.5294117647058824,0.21137086753768142,0.0,0.43598074847781954,0.9977765425236242,1.0,0.6721091065074598,0.8600783220864786,0.9739460563475635,0.41412856517528973,instance,complexity_kDN_top20
1,0.13888888888888884,0.0,0.0641025641025641,0.6470588235294118,0.11508585436711011,0.0,0.39408282270131967,0.9877709838799333,1.0,0.670908501163697,0.844857143212657,0.9898899157060883,0.6335520727500412,instance,complexity_kDN_top20
1,0.013333333333333308,0.0,0.0641025641025641,0.6470588235294118,0.11499329105893369,0.0,0.3997704556885602,0.9822123401889938,0.95,0.6139870712531406,0.8363498554172702,0.9928087791309529,0.9165254531012397,instance,complexity_kDN_top20
1,0.0,0.2,0.0641025641025641,0.6470588235294118,0.1150040195255887,0.0,0.45934169555156834,0.9977765425236242,0.95,0.6576759652317151,0.8543514435373438,0.989551383659112,0.7240059339541338,instance,complexity_kDN_top20
1,0.0,0.0,0.053459119496855334,0.7058823529411765,0.11499307238232442,0.0,0.3904606613554572,0.9544191217342969,1.0,0.6802505759124141,0.8439626196306049,0.9679495716904627,0.7506319066521153,instance,complexity_kDN_top20
1,0.27586206896551724,0.2,0.743801652892562,0.6470588235294118,0.7807482370653616,0.0,0.4454059519466438,0.9983324068927182,1.0,0.6714587386876083,0.8779996086138923,0.9878563888153997,-0.0523512087109019,instance,complexity_kDN_top20
1,0.0052631578947368585,0.0,0.0641025641025641,0.6470588235294118,0.11500734982386845,0.0,0.38190221573593963,0.9733185102834908,1.0,0.6726495027945856,0.8466581870165111,0.9890153111788619,0.7151269808914292,instance,complexity_kDN_top20
1,0.013333333333333308,0.2,0.0641025641025641,0.7058823529411765,0.17713488404690203,0.0,0.43738114115241633,0.9983324068927182,1.0,0.6725781591098948,0.8946868727413699,0.9979545926149133,0.3256733470155365,instance,complexity_kDN_top20
1,0.05681818181818188,0.0,0.053459119496855334,0.8235294117647058,0.12043681147392615,0.0,0.41128656114353745,0.9938854919399667,1.0,0.6729519001546622,0.893784510456712,0.998970632393699,0.5693848128363725,instance,complexity_kDN_top20
1,0.08783783783783783,0.2,0.053459119496855334,0.7058823529411765,0.24197144521690966,0.0,0.4811414261234489,0.9994441356309061,1.0,0.671687627705289,0.8658123322151059,0.9705864539992556,0.2792117175823966,instance,complexity_kDN_top20
1,0.27182539682539686,0.0,0.025000000000000022,0.47058823529411764,0.15338280926988007,0.0,0.4275367703651619,0.9949972206781545,1.0,0.687650494692669,0.8641806159482698,0.9965348237218326,0.3684224025864949,instance,complexity_kDN_top20
1,0.2848837209302326,0.2,0.11224489795918369,0.7058823529411765,0.7169923296683327,0.5,0.4428687867720651,0.9977765425236242,1.0,0.6709832410851602,0.8699710020279895,0.9993183574912436,0.2872681348517291,instance,complexity_kDN_top20
1,0.0052631578947368585,0.0,0.0641025641025641,0.6470588235294118,0.11504900358561454,0.0,0.3601901866324885,0.9605336297943302,1.0,0.6786631129802804,0.846456400096932,0.9563078428108429,0.7940490377562065,instance,complexity_kDN_top20
1,0.4162087912087913,0.4,0.11224489795918369,0.7058823529411765,0.3731923793772305,1.0,0.5121346618162701,1.0,1.0,0.6707118477591155,0.8964070920140207,0.9892848611517507,0.19979721395428343,instance,complexity_kDN_top20
1,0.21590909090909083,0.6,0.11224489795918369,0.7058823529411765,0.7724317257440521,0.5,0.41001129334250974,0.9994441356309061,1.0,0.6685740109669103,0.8292187135792706,0.9957349451747709,-0.3370414307803242,instance,complexity_kDN_top20
1,0.01388888888888884,0.2,0.22033898305084743,0.8823529411764706,0.11671714080005746,0.5,0.44878293335789043,0.9977765425236242,1.0,0.6693967832148021,0.8577998842865157,0.9954382277242744,0.36519055462545186,instance,complexity_kDN_top20
1,0.49275362318840576,0.4,0.11224489795918369,0.6470588235294118,0.3768060572421341,0.0,0.43616782468882775,0.9988882712618121,1.0,0.6712552338779467,0.8860369299472513,0.9968568917700531,-0.10414531299957876,instance,complexity_kDN_top20
1,0.0,0.0,0.0641025641025641,0.7058823529411765,0.12595938156462683,0.0,0.4175140623404713,0.9949972206781545,1.0,0.673723484472261,0.8551629983898804,0.9809949556232201,0.681360795167336,instance,complexity_kDN_top20
1,0.10344827586206895,0.2,0.0641025641025641,0.6470588235294118,0.11754320208814872,0.0,0.3854983468102856,0.9983324068927182,1.0,0.6723923893897051,0.8726640677382071,0.9578220253354243,0.5292262955379241,instance,complexity_kDN_top20
1,0.5511204481792717,0.0,0.234375,0.5882352941176471,0.27093231585984034,0.0,0.4757584618985695,0.9972206781545303,1.0,0.6716793975503501,0.889352019047142,0.9977933977105133,0.36734403554579736,instance,complexity_kDN_top20
1,0.09999999999999998,0.0,0.053459119496855334,0.8235294117647058,0.23655228317733817,0.0,0.4304657107924046,0.9961089494163424,1.0,0.6719868987426784,0.8841724095767205,0.9831428075166476,0.3617920050188344,instance,complexity_kDN_top20
1,0.5394736842105263,0.4,0.0641025641025641,0.6470588235294118,0.20492193306420192,0.0,0.48783659452454875,0.9994441356309061,1.0,0.6688248575204103,0.8616853885309524,0.9972333832746314,0.47665077360630764,instance,complexity_kDN_top20
1,0.015151515151515138,0.0,0.11224489795918369,0.7058823529411765,0.11981421742979542,0.0,0.4227026764016193,0.990550305725403,1.0,0.6714879777378512,0.892682902007004,0.9847588833770282,0.5334758271339357,instance,complexity_kDN_top20
1,0.2519230769230769,0.0,0.053459119496855334,0.8235294117647058,0.14611683656166174,0.0,0.4330358454826646,0.9966648137854364,1.0,0.6702193102443549,0.8793956739851752,0.9713961086644018,0.22623475930558437,instance,complexity_kDN_top20
1,0.10344827586206895,0.0,0.11224489795918369,0.8235294117647058,0.12494395139295111,0.0,0.42833011570092294,0.9949972206781545,0.95,0.6521587189527025,0.8500545332057261,0.9610690528869609,0.3238050403775606,instance,complexity_kDN_top20
1,0.0052631578947368585,0.0,0.0641025641025641,0.7058823529411765,0.11522351426645877,0.0,0.38975834863380987,0.980544747081712,1.0,0.6757528050112749,0.8553190148342006,0.9910925683147188,0.5077978154336273,instance,complexity_kDN_top20
1,0.23015873015873023,0.0,0.8478260869565217,0.47058823529411764,0.2994187835553018,0.0,0.3662721311485273,0.9872151195108394,1.0,0.6701924202697573,0.879907585880608,0.9949703779342027,0.27459845095482915,instance,complexity_kDN_top20
1,0.4884559884559885,0.2,0.0,0.4117647058823529,0.12892216781364196,0.0,0.4899235493270935,0.9994441356309061,1.0,0.6715993746823312,0.899738344798952,0.9994935105631277,0.3233285604013604,instance,complexity_kDN_top20
1,0.0052631578947368585,0.0,0.0641025641025641,0.6470588235294118,0.11499173696935927,0.0,0.38940454427236737,0.9744302390216787,1.0,0.6784713818415371,0.8312796829071368,0.991651096257592,0.5590305898236677,instance,complexity_kDN_top20
1,0.10091743119266061,0.0,0.053459119496855334,0.8235294117647058,0.13800841962106547,0.0,0.435658580101712,0.9894385769872152,1.0,0.6737833071893021,0.8543792295105984,0.986437082619193,0.6497522507344837,instance,complexity_kDN_top20
1,0.38888888888888895,0.4,0.6428571428571428,0.5882352941176471,0.2953957616564348,0.0,0.48621184338749945,0.9994441356309061,1.0,0.6711466750296017,0.8561441157035447,0.9789183506111324,-0.08932132662596404,instance,complexity_kDN_top20
1,0.12254901960784315,0.0,0.09248554913294793,0.8235294117647058,0.24437064579970952,0.0,0.44003002430978,0.9933296275708727,1.0,0.6752614279409179,0.8676404328671529,0.9749770040034615,0.5008506697774588,instance,complexity_kDN_top20
1,0.10344827586206895,0.0,0.11224489795918369,0.7058823529411765,0.12123639483323456,0.0,0.40083072208216763,0.9899944413563091,1.0,0.6778091632119715,0.8797479044652838,0.9923609618869393,0.4066611318480622,instance,complexity_kDN_top20
1,0.030120481927710774,0.0,0.234375,0.5882352941176471,0.30683323383087246,0.0,0.46686082348880265,0.9972206781545303,1.0,0.6791771287831915,0.8822108879983844,0.9913034778179227,0.16620107139943582,instance,complexity_kDN_top20
1,0.10091743119266061,0.0,0.053459119496855334,0.7058823529411765,0.11503584133877442,0.0,0.4283452538191166,0.9888827126181212,1.0,0.6806724586155167,0.9022514026185133,0.9957428616285903,0.7385769117137216,instance,complexity_kDN_top20
1,0.21590909090909083,0.0,0.053459119496855334,0.7058823529411765,0.7514570661656266,0.0,0.44022078901069994,0.990550305725403,1.0,0.6700045882718066,0.856271101015525,0.9886248142979904,-0.02959193258315559,instance,complexity_kDN_top20
1,0.08783783783783783,0.0,0.0641025641025641,0.7058823529411765,0.4842233059255767,0.0,0.46813900698866784,0.9961089494163424,1.0,0.670945754484728,0.8868856311355844,0.9974515038341413,-0.1875110330299491,instance,complexity_kDN_top20
1,0.13131313131313127,0.0,0.0641025641025641,0.7058823529411765,0.11938236753568121,0.0,0.41789965667947426,0.9916620344635909,1.0,0.6713091855275626,0.8888126209660324,0.9782899226794471,0.3612493786205589,instance,complexity_kDN_top20
1,0.09999999999999998,0.2,0.053459119496855334,0.5882352941176471,0.41601161038432544,0.0,0.4858289759107818,0.9983324068927182,1.0,0.6754022022043006,0.8644935188661227,0.99085536755813,0.2780136194365127,instance,complexity_kDN_top20
1,0.38015873015873014,0.4,0.22033898305084743,0.9411764705882353,0.5537434869021264,0.3333333333333333,0.4892464680821689,0.9994441356309061,1.0,0.6712780725676181,0.8950939468488383,0.9969287845815512,-0.09055366382658232,instance,complexity_kDN_top20
1,0.08064516129032251,0.0,0.0641025641025641,0.6470588235294118,0.11992162281583207,0.0,0.3544282298815342,0.9894385769872152,1.0,0.6735685241727675,0.8352710250099962,0.9975857354671904,0.6609301041634008,instance,complexity_kDN_top20
1,0.15681818181818175,0.0,0.045454545454545414,0.4117647058823529,0.16841560101165198,0.0,0.44636273923772996,0.9961089494163424,1.0,0.6724616152495985,0.8517387538891059,0.9932671248297826,0.018322991132918416,instance,complexity_kDN_top20
1,0.017857142857142794,0.0,0.0641025641025641,0.6470588235294118,0.11499052685116062,0.0,0.3729465030462069,0.9599777654252363,1.0,0.6728280724105903,0.8522073570519317,0.9820259893052968,0.7523138308238294,instance,complexity_kDN_top20
1,0.08064516129032251,0.0,0.0641025641025641,0.6470588235294118,0.11499351731259688,0.0,0.39518589476480925,0.9571984435797666,1.0,0.6836441996180673,0.824499399901866,0.963057520517254,0.8945692263621579,instance,complexity_kDN_top20
1,0.0,0.0,0.053459119496855334,0.8235294117647058,0.1149866576827413,0.0,0.453974294513232,0.9955530850472485,0.9,0.2852262340567034,0.8238887116989412,0.9978145988236546,1.9871410738765611,instance,complexity_kDN_top20
1,0.20989010989010992,0.2,0.053459119496855334,0.7058823529411765,0.12087539237542855,0.0,0.48719970804203794,0.9994441356309061,1.0,0.6701418337832853,0.860735146043335,0.9922684744905644,0.3818756214839347,instance,complexity_kDN_top20
1,0.7541666666666667,0.6,0.8876404494382022,0.5882352941176471,0.7954782476216761,0.0,0.46040931817659536,0.9988882712618121,1.0,0.6697814209052126,0.834420059903984,0.9984500525350855,-0.47827523319538984,instance,complexity_kDN_top20
1,0.3920454545454546,0.2,0.09248554913294793,0.7058823529411765,0.4781146965804865,0.5,0.5043263066744356,1.0,1.0,0.6704551143943142,0.9078953129943723,0.9934212690707754,-0.09597575770057956,instance,complexity_kDN_top20
1,0.08783783783783783,0.0,0.053459119496855334,0.7058823529411765,0.6331931274937447,0.0,0.42273042190295584,0.9844357976653697,1.0,0.6707113296252828,0.8755530073169131,0.9974677813878166,0.09986554566294509,instance,complexity_kDN_top20
1,0.1384615384615384,0.0,0.234375,0.5882352941176471,0.12380997588974846,0.25,0.40367472916529545,0.9955530850472485,1.0,0.6789371800802072,0.8680703266552647,0.9864911436152214,0.47494830746389344,instance,complexity_kDN_top20
1,0.0,0.0,0.0641025641025641,0.6470588235294118,0.1174144861956391,0.0,0.47193732910940744,0.9966648137854364,1.0,0.6720312113232811,0.8655889006086499,0.9895573673237661,0.34476142574587954,instance,complexity_kDN_top20
1,0.0,0.0,0.0641025641025641,0.6470588235294118,0.11502695306541044,0.0,0.41719720575637886,0.9949972206781545,1.0,0.6848535262427732,0.8092007159081961,0.9939582347701943,0.8479873619329893,instance,complexity_kDN_top20
1,0.0052631578947368585,0.0,0.11111111111111116,0.47058823529411764,0.11506167536445522,0.0,0.4528317577858637,0.9972206781545303,1.0,0.6706844362751224,0.8326935724764939,0.9999166990183822,0.6641317776226727,instance,complexity_kDN_top20
1,0.297979797979798,0.0,0.0641025641025641,0.5882352941176471,0.12894988904522098,0.0,0.3727380670069884,0.9849916620344636,1.0,0.6703704662731377,0.8612508225541381,0.9949825975881137,0.5784056158487472,instance,complexity_kDN_top20
1,0.06776315789473686,0.0,0.09248554913294793,0.8235294117647058,0.1149866576827413,0.0,0.4568294070665688,0.9927737632017788,1.0,0.6823934625664595,0.8446479094559244,0.9905451774850699,1.3511835539396504,instance,complexity_kDN_top20
1,0.07692307692307687,0.0,0.09248554913294793,0.8235294117647058,0.39643303633600613,0.0,0.45153614310722745,0.9972206781545303,1.0,0.6720550039357822,0.8900132394205423,0.9993776266378772,0.3558514853149241,instance,complexity_kDN_top20
1,0.20823620823620825,0.0,0.11224489795918369,0.5294117647058824,0.1406504243579012,0.0,0.4404091997139501,0.9955530850472485,1.0,0.6698036504656445,0.8794173020407351,0.9950855111486169,0.4805005306310531,instance,complexity_kDN_top20
1,0.0,0.0,0.0641025641025641,0.6470588235294118,0.11498699824848507,0.0,0.36439224451965346,0.9633129516397999,0.9,0.5720909527722591,0.8262829017513276,0.9942886139285142,0.8234733991895419,instance,complexity_kDN_top20
1,0.0,0.0,0.0641025641025641,0.6470588235294118,0.11522612774827612,0.0,0.4162662629191932,0.9883268482490273,1.0,0.671253663399299,0.861927528490531,0.9964424351973558,0.3923899046568193,instance,complexity_kDN_top20
1,0.0052631578947368585,0.0,0.0641025641025641,0.6470588235294118,0.11502168178236438,0.0,0.3795639456915928,0.9388549193996665,0.95,0.6649660236903172,0.8222588626920075,0.9626473568631166,0.6374457936871986,instance,complexity_kDN_top20
1,0.013333333333333308,0.0,0.0641025641025641,0.6470588235294118,0.11584479657833846,0.0,0.38728407558024047,0.9955530850472485,1.0,0.6724747165801963,0.8554709563628808,0.9669548216717503,0.6096504025554991,instance,complexity_kDN_top20
1,0.4162087912087913,0.0,0.0641025641025641,0.7058823529411765,0.5662023608342052,0.0,0.4448785888148572,0.9972206781545303,1.0,0.6709072044256736,0.8682740945177294,0.9913072486995038,-0.28158601442423015,instance,complexity_kDN_top20
1,0.030120481927710774,0.0,0.11224489795918369,0.7058823529411765,0.2369737204888986,0.0,0.3804275030329223,0.9861033907726515,1.0,0.6708217585837852,0.9010164061590086,0.9951121867507239,0.3566476897145064,instance,complexity_kDN_top20
1,0.0,0.0,0.0641025641025641,0.7058823529411765,0.11504769075530835,0.0,0.3973807180045086,0.9760978321289605,1.0,0.6792481590090484,0.8316794159332626,0.9658730617577257,0.626969178950828,instance,complexity_kDN_top20
1,0.1767676767676768,0.2,0.053459119496855334,0.7058823529411765,0.13695826281694973,0.0,0.4426134093197397,0.9983324068927182,1.0,0.670804067239975,0.9022301091343303,0.9847239917622429,0.5141367284516773,instance,complexity_kDN_top20
1,0.013333333333333308,0.0,0.0641025641025641,0.6470588235294118,0.1642567808420467,0.0,0.3979818435964373,0.9938854919399667,1.0,0.6718369411168877,0.8773194694529366,0.977896182986023,0.41104309439075704,instance,complexity_kDN_top20
1,0.013333333333333308,0.0,0.0641025641025641,0.6470588235294118,0.11621461201085037,0.0,0.44959138841883106,0.990550305725403,1.0,0.672617896290558,0.8594421521358196,0.9947648402798803,0.646050435990943,instance,complexity_kDN_top20
1,0.10091743119266061,0.0,0.09248554913294793,0.8235294117647058,0.11498724082857142,0.0,0.37513843917701883,0.9749861033907726,1.0,0.681280628468055,0.872214290648347,0.9947850744028793,0.6335993488178794,instance,complexity_kDN_top20
1,0.01724137931034475,0.0,0.0641025641025641,0.6470588235294118,0.11727916511712777,0.0,0.40383682213751915,0.9777654252362423,0.95,0.6605508150250865,0.8219533878216796,0.9746984363534923,0.840637322926084,instance,complexity_kDN_top20
1,0.2848837209302326,0.6,0.11224489795918369,0.7058823529411765,0.7957099553380962,0.0,0.4026215110831045,0.9994441356309061,1.0,0.6729070795306888,0.866908138199466,0.9898484413638764,0.00942959603687166,instance,complexity_kDN_top20
1,0.1767676767676768,0.0,0.0641025641025641,0.6470588235294118,0.1345187384212143,0.0,0.43883061293592773,0.9955530850472485,1.0,0.6712491177087387,0.895897999576901,0.9996027300232918,0.485599604203416,instance,complexity_kDN_top20
1,0.21662763466042156,0.0,0.0641025641025641,0.6470588235294118,0.14730711198346969,0.0,0.46082909450108867,0.991106170094497,1.0,0.6787036181021936,0.8650301525814605,0.9907561447323816,0.2844111953090017,instance,complexity_kDN_top20
1,0.18425076452599387,0.0,0.053459119496855334,0.8235294117647058,0.1223003342259224,0.14285714285714285,0.4307228004994653,0.9972206781545303,1.0,0.6744290445130557,0.8892923368898964,0.9920223965160518,0.406483624918738,instance,complexity_kDN_top20
1,0.09999999999999998,0.0,0.09248554913294793,0.8235294117647058,0.3812558991089873,0.0,0.44710916780382115,0.9894385769872152,1.0,0.6804662297612528,0.8479334733363201,0.9971928881435955,0.31477868940644016,instance,complexity_kDN_top20
1,0.3933333333333333,0.4,0.06666666666666665,0.4117647058823529,0.556406948849823,0.6666666666666666,0.4660962240640242,0.9983324068927182,0.95,0.6666666666666666,0.8206921381705554,0.9712054947821893,0.4704293794800148,instance,complexity_kDN_top20
1,0.10091743119266061,0.0,0.5652173913043479,0.8823529411764706,0.11498665768338567,0.0,0.39066258155321343,0.9733185102834908,1.0,0.6821775667286584,0.8703466252241094,0.9949372178178403,0.7386007779569188,instance,complexity_kDN_top20
1,0.013333333333333308,0.0,0.0641025641025641,0.6470588235294118,0.11551364162970429,0.0,0.40614670721237944,0.9822123401889938,1.0,0.6795290857846248,0.8892951070032808,0.9989635233632993,0.5250215919399982,instance,complexity_kDN_top20
1,0.13131313131313127,0.0,0.0641025641025641,0.5882352941176471,0.1368679302750393,0.0,0.44116230066811923,0.9944413563090606,1.0,0.6710521008865822,0.8978024112574872,0.9976933123974657,0.2946564285846656,instance,complexity_kDN_top20
1,0.09999999999999998,0.0,0.053459119496855334,0.7058823529411765,0.706501021482554,0.0,0.4062078656079926,0.9966648137854364,1.0,0.669631637724813,0.8767582551590785,0.989626635408753,0.07541775249931618,instance,complexity_kDN_top20
1,0.030120481927710774,0.0,0.053459119496855334,0.7058823529411765,0.12598503788855409,0.0,0.3682627078568397,0.9760978321289605,1.0,0.6799119498008681,0.8568030255800763,0.9926170890371961,0.33265177713958427,instance,complexity_kDN_top20
1,0.013333333333333308,0.0,0.053459119496855334,0.7058823529411765,0.12086780708103628,0.0,0.4373653601323466,0.9961089494163424,1.0,0.6728784267457494,0.8593507650366355,0.9949274460745663,0.5782797976514064,instance,complexity_kDN_top20
1,0.0052631578947368585,0.0,0.0641025641025641,0.6470588235294118,0.11499083259289777,0.0,0.33842681914363804,0.9688715953307393,1.0,0.6781143089670707,0.8402376288922655,0.9880156894106409,0.8909929327435933,instance,complexity_kDN_top20
1,0.0,0.0,0.18181818181818177,0.5294117647058824,0.11618692715787077,0.0,0.44521719467995635,0.9949972206781545,1.0,0.6712104222116426,0.8586749337300787,0.9634353511135717,0.1888788643695887,instance,complexity_kDN_top20
1,0.01388888888888884,0.0,0.0641025641025641,0.6470588235294118,0.11503163773784653,0.0,0.372637118762002,0.9833240689271817,1.0,0.6722342807722924,0.8356391579045057,0.9921342616302197,0.6396638789297272,instance,complexity_kDN_top20
1,0.21590909090909083,0.0,0.025000000000000022,0.47058823529411764,0.7544245121372734,0.0,0.41928781291977535,0.9938854919399667,1.0,0.670932221717261,0.8523279180075045,0.9895189076448813,0.08332768677515964,instance,complexity_kDN_top20
1,0.8639705882352942,0.4,0.962962962962963,0.6470588235294118,0.49013493425991506,0.0,0.4679895566155984,0.9983324068927182,1.0,0.671222687893399,0.8689170928383311,0.9839981878861667,-0.08525663723836939,instance,complexity_kDN_top20
1,0.08783783783783783,0.0,0.053459119496855334,0.7058823529411765,0.5067564124439815,0.0,0.4309367946875605,0.9944413563090606,1.0,0.6793290505872797,0.8626001240970365,0.9785344088375909,0.23966890222972095,instance,complexity_kDN_top20
1,0.08783783783783783,0.0,0.09248554913294793,0.7058823529411765,0.34735309216231447,0.0,0.4090279138039732,0.9927737632017788,1.0,0.6692029511128724,0.8781031246523769,0.9976899077753987,0.19263184125252597,instance,complexity_kDN_top20
1,0.13131313131313127,0.0,0.0641025641025641,0.5882352941176471,0.14047842580263953,0.0,0.3931663245391561,0.9966648137854364,1.0,0.6675822922766838,0.8579867662090868,0.9953079779819929,0.1914635737204866,instance,complexity_kDN_top20
1,0.3192982456140351,0.0,0.0,0.4117647058823529,0.26290884743039034,0.0,0.3899384915893015,0.9961089494163424,1.0,0.6784681612352447,0.8568148775875152,0.9506311226906051,0.12310271972672823,instance,complexity_kDN_top20
1,0.0,0.0,0.0641025641025641,0.6470588235294118,0.13768190190174318,0.0,0.4071926731279438,0.9938854919399667,1.0,0.6712090904215733,0.8816074463684769,0.9964560795165469,0.4392670483776822,instance,complexity_kDN_top20
1,0.41346153846153844,0.2,0.1428571428571429,0.5882352941176471,0.7940189320552657,0.0,0.42348053140618014,0.9977765425236242,1.0,0.6693714621714141,0.8448933134641393,0.9992452851595122,-0.5298895856689384,instance,complexity_kDN_top20
1,0.017857142857142794,0.0,0.053459119496855334,0.7058823529411765,0.1151579261480683,0.0,0.36554006823998564,0.9538632573652028,1.0,0.6736734239960084,0.8566762153518541,0.9947371279199725,0.8121489615874441,instance,complexity_kDN_top20
1,0.030120481927710774,0.0,0.053459119496855334,0.7058823529411765,0.2493891845900043,0.0,0.4007701507314593,0.9877709838799333,1.0,0.6793951906483459,0.8650181869796991,0.9998058983330662,0.5326081654159497,instance,complexity_kDN_top20
1,0.01388888888888884,0.0,0.0641025641025641,0.6470588235294118,0.11499215737014745,0.0,0.3878942959153888,0.9872151195108394,0.95,0.6353708159606414,0.8492584374264412,0.973010269543578,0.7806925603723771,instance,complexity_kDN_top20
1,0.08658008658008653,0.0,0.0641025641025641,0.5882352941176471,0.11757788654110152,0.0,0.4481001643430216,0.9961089494163424,0.95,0.665862229616855,0.8482713576324828,0.9990298123161895,0.7362092920336417,instance,complexity_kDN_top20
1,0.09262048192771077,0.0,0.053459119496855334,0.8235294117647058,0.1471246641622338,0.0,0.44727817289887273,0.9894385769872152,1.0,0.6798118557096839,0.8435800969462572,0.9978525404486847,0.18656535720912337,instance,complexity_kDN_top20
1,0.07692307692307687,0.2,0.09248554913294793,0.8235294117647058,0.12514759807324333,0.0,0.475395128294022,0.9977765425236242,1.0,0.6720029837673698,0.9039153082656316,0.9981907500523249,0.608596074089267,instance,complexity_kDN_top20
1,0.3375,0.2,0.045454545454545414,0.4117647058823529,0.7953681255274544,0.0,0.44813012520513784,0.9988882712618121,1.0,0.6693574550782538,0.8308301498329491,0.9848386236599791,-0.21073933968439765,instance,complexity_kDN_top20
1,0.13131313131313127,0.2,0.0641025641025641,0.5882352941176471,0.17779279284493832,0.0,0.4763578729331591,0.9983324068927182,1.0,0.6709036531003171,0.8774708757509998,0.9969918349908997,0.12058448179568144,instance,complexity_kDN_top20
1,0.06000000000000005,0.0,0.0641025641025641,0.5882352941176471,0.15299723779842012,0.0,0.44040559031158666,0.991106170094497,1.0,0.6756121245394308,0.850105037009507,0.9908161467200286,0.4894050148347866,instance,complexity_kDN_top20
1,0.3728070175438596,0.4,0.8876404494382022,0.47058823529411764,0.5732571830846912,0.3333333333333333,0.5277157441018727,1.0,1.0,0.6689060978080328,0.852162850687867,0.9831817965642631,0.12945227949456187,instance,complexity_kDN_top20
1,0.2102272727272727,0.0,0.17543859649122806,0.5294117647058824,0.15227956563341466,0.0,0.4119587624403428,0.9822123401889938,1.0,0.6676601012433743,0.8375668868073942,0.9920837094946271,0.28679927548686285,instance,complexity_kDN_top20
1,0.08116883116883122,0.0,0.0641025641025641,0.35294117647058826,0.31882941066288906,0.0,0.4699308988196348,0.9944413563090606,1.0,0.6723725414144243,0.8399152995158448,0.9290776153045659,0.4740508016537096,instance,complexity_kDN_top20
1,0.01724137931034475,0.0,0.053459119496855334,0.8235294117647058,0.16055766461226983,0.0,0.3977922692995379,0.9916620344635909,1.0,0.6742042628266733,0.8723979912166925,0.9988427391584933,0.22525564750500005,instance,complexity_kDN_top20
1,0.34090909090909083,0.2,0.3384615384615385,0.8235294117647058,0.43942339256704677,0.0,0.39215640285357567,0.9983324068927182,1.0,0.6700200435861268,0.884749630023547,0.9857099442342478,0.15951098209407466,instance,complexity_kDN_top20
1,0.0357142857142857,0.0,0.0641025641025641,0.4117647058823529,0.11498718654652623,0.0,0.3906228572500866,0.9382990550305725,0.95,0.6453006128199854,0.8216242094294458,0.9992173367846104,1.2054459019612036,instance,complexity_kDN_top20
1,0.0,0.0,0.0641025641025641,0.6470588235294118,0.11514960963186216,0.0,0.415216099028181,0.9888827126181212,0.95,0.6663423785478774,0.82465776916554,0.9995587142336223,0.7032381537956667,instance,complexity_kDN_top20
1,0.06000000000000005,0.0,0.09999999999999998,0.35294117647058826,0.5091927297039583,0.0,0.42397263033403143,0.9888827126181212,1.0,0.6724189698024517,0.8446744413580642,0.9751078658789417,-0.01762778130759829,instance,complexity_kDN_top20
1,0.0357142857142857,0.0,0.0641025641025641,0.4117647058823529,0.11535350088595864,0.0,0.3775477436619892,0.9610894941634242,1.0,0.6727023400921298,0.8569395656304792,0.9744764915071653,0.8538047585830499,instance,complexity_kDN_top20
1,0.0,0.0,0.0641025641025641,0.6470588235294118,0.11498694672865456,0.0,0.3609926684249015,0.9861033907726515,0.95,0.6637376234628879,0.8081347672680668,0.9851085634423893,0.9647130489022023,instance,complexity_kDN_top20
1,0.21590909090909083,0.4,0.11224489795918369,0.7058823529411765,0.7364158268770459,0.5,0.5064184669901082,1.0,1.0,0.6708003146094559,0.8644618370822622,0.9881500770316995,-0.049507227430015094,instance,complexity_kDN_top20
1,0.15033783783783783,0.0,0.053459119496855334,0.7058823529411765,0.6466831459391654,0.0,0.46610995077131145,0.991106170094497,1.0,0.6682063842924117,0.8580439613470867,0.9708989117952003,0.01701887291103641,instance,complexity_kDN_top20
1,0.1892156862745098,0.0,0.0641025641025641,0.5882352941176471,0.11836522723128212,0.0,0.3879937392919379,0.9944413563090606,1.0,0.6765216968252393,0.8759586094090622,0.98980237577076,0.6049072176308495,instance,complexity_kDN_top20
1,0.10091743119266061,0.2,0.0641025641025641,0.6470588235294118,0.1274542019090384,0.0,0.4623380406348402,0.9977765425236242,1.0,0.6702519307143715,0.8644175993864947,0.9801883474482225,0.3730093761176079,instance,complexity_kDN_top20
1,0.013333333333333308,0.2,0.0641025641025641,0.7647058823529411,0.12983317677638417,1.0,0.5100344212791414,1.0,1.0,0.6717289623718287,0.8705915814531308,0.9936361608368898,0.020263363179631046,instance,complexity_kDN_top20
1,0.0,0.0,0.053459119496855334,0.8235294117647058,0.1149866576827413,0.0,0.4184263647842301,0.981100611450806,0.9,0.5699183237800505,0.8155378088098866,0.977140320676765,1.492350272176597,instance,complexity_kDN_top20
1,0.0,0.0,0.11224489795918369,0.6470588235294118,0.11499113046010379,0.0,0.42244402755946175,0.9827682045580878,1.0,0.6817859431402765,0.8670161571490901,0.9631031949641997,0.29275419276152886,instance,complexity_kDN_top20
1,0.08658008658008653,0.0,0.0641025641025641,0.5882352941176471,0.15461590151964044,0.0,0.46957188989472665,0.9944413563090606,1.0,0.6715440789342523,0.858998059562839,0.9896052023867394,0.23754739097846952,instance,complexity_kDN_top20
1,0.9136904761904762,0.4,0.18181818181818177,0.5294117647058824,0.3287297741026278,1.0,0.5107015626724818,1.0,1.0,0.6716793496667709,0.8810971555236033,0.9996915816513964,0.17194205253870953,instance,complexity_kDN_top20
1,0.030120481927710774,0.0,0.053459119496855334,0.7058823529411765,0.42104909118941863,0.0,0.43251204558017153,0.9933296275708727,1.0,0.6712805663022996,0.887610276764514,0.9867469383990617,0.4356603866742155,instance,complexity_kDN_top20
1,0.05681818181818188,0.0,0.8876404494382022,0.5882352941176471,0.15465175802933656,0.0,0.41435784254128816,0.9955530850472485,1.0,0.6798091947426221,0.833468547099318,0.9862476494901203,0.3246667458414754,instance,complexity_kDN_top20
1,0.3920454545454546,0.2,0.053459119496855334,0.7058823529411765,0.2169293645272467,0.0,0.4725077271140333,0.9977765425236242,1.0,0.6797612653863917,0.8677888099693462,0.9970751341047588,0.09079864293241871,instance,complexity_kDN_top20
1,0.0,0.0,0.0641025641025641,0.6470588235294118,0.11584592140706407,0.0,0.41634650096339576,0.9838799332962757,1.0,0.6715785256817712,0.8858375358793369,0.9983927782985714,0.4211047327413328,instance,complexity_kDN_top20
1,0.5192982456140351,0.4,0.7222222222222222,0.47058823529411764,0.7963871781291569,0.0,0.47942549101606236,0.9988882712618121,1.0,0.6680687588916415,0.818957124575056,0.9595917412840762,-0.492322263491967,instance,complexity_kDN_top20
1,0.08783783783783783,0.0,0.09248554913294793,0.8235294117647058,0.7743674515393448,0.0,0.4161359114617684,0.9961089494163424,1.0,0.6683466515594091,0.87416955638009,0.9854934589354101,-0.14725112851091848,instance,complexity_kDN_top20
1,0.4162087912087913,0.0,0.0641025641025641,0.5882352941176471,0.16388751877495011,0.0,0.43935002104727083,0.9955530850472485,1.0,0.671228685306742,0.8849185202809714,0.999816899792464,0.20427112997262242,instance,complexity_kDN_top20
1,0.31153846153846154,0.2,0.09248554913294793,0.8235294117647058,0.12429963041191555,0.0,0.4226602821996278,0.9983324068927182,1.0,0.6728455212665825,0.8921956608144571,0.9992171049938385,0.3272584644792539,instance,complexity_kDN_top20
1,0.08064516129032251,0.0,0.0641025641025641,0.6470588235294118,0.11522262147867507,0.0,0.42102568303811394,0.9916620344635909,1.0,0.670388357576217,0.808614711562071,0.9880023423206596,0.6360007100437622,instance,complexity_kDN_top20
1,0.48783783783783785,0.6,0.5652173913043479,0.8823529411764706,0.6184916834549363,0.6666666666666666,0.5844320506804717,1.0,1.0,0.6757420977172666,0.8926962145549213,0.9671772047909758,-0.09183308372713193,instance,complexity_kDN_top20
1,0.20274170274170278,0.4,0.0641025641025641,0.6470588235294118,0.6303567790541232,0.0,0.47565296033723303,0.9994441356309061,1.0,0.6683693930196689,0.8640993649364546,0.9975488421883272,0.2914704009822897,instance,complexity_kDN_top20
1,0.08783783783783783,0.0,0.09248554913294793,0.8235294117647058,0.16633451820795175,0.0,0.44112524793461005,0.9966648137854364,1.0,0.6790260357353592,0.8744823259305876,0.9968365397001233,0.27854198652481404,instance,complexity_kDN_top20
1,0.07692307692307687,0.0,0.9175257731958762,0.5882352941176471,0.616274601206002,0.0,0.4082428471709375,0.9938854919399667,1.0,0.6693795419760281,0.8839582272423729,0.9986013713031072,-0.33699204667551297,instance,complexity_kDN_top20
1,0.07692307692307687,0.0,0.053459119496855334,0.7058823529411765,0.13144984756846334,0.0,0.3795963804344652,0.990550305725403,1.0,0.6709600779157862,0.8552456590005008,0.9876205019923299,0.5998362645386872,instance,complexity_kDN_top20
1,0.26127049180327866,0.4,0.053459119496855334,0.7058823529411765,0.118470573647876,0.4,0.46114954696222954,0.9994441356309061,1.0,0.6783311404303775,0.8784135873046675,0.9856590649000374,0.6952767527198047,instance,complexity_kDN_top20
1,0.01724137931034475,0.0,0.59375,0.29411764705882354,0.11518061372488209,0.0,0.400301335175685,0.9872151195108394,0.85,0.6102461855865803,0.8180007182219058,0.9976794005247533,0.45641818808852674,instance,complexity_kDN_top20
1,0.0357142857142857,0.0,0.0641025641025641,0.4117647058823529,0.11958414171378612,0.0,0.41218125496144176,0.991106170094497,1.0,0.6719525638460817,0.8464512332343718,0.9627697009694302,0.7755845003208911,instance,complexity_kDN_top20
1,0.12280701754385959,0.2,0.0641025641025641,0.5882352941176471,0.14668237468404832,0.0,0.47046367809092193,0.9983324068927182,1.0,0.6706713240646417,0.8658397279135501,0.998209532235797,0.35405088342727925,instance,complexity_kDN_top20
1,0.4353070175438596,0.4,0.0641025641025641,0.5882352941176471,0.19839158509896065,0.75,0.4959408992861276,0.9994441356309061,1.0,0.6705318916934376,0.874050058319245,0.9773739541095975,0.44079551327604155,instance,complexity_kDN_top20
1,0.0,0.0,0.0641025641025641,0.6470588235294118,0.11500665009882377,0.0,0.3462383675463252,0.9577543079488605,1.0,0.6699439059730541,0.8445754376426446,0.9790941886133836,0.8043565634060582,instance,complexity_kDN_top20
1,0.0052631578947368585,0.0,0.0641025641025641,0.6470588235294118,0.1200124885161003,0.0,0.4822390619250553,0.9961089494163424,1.0,0.6716140753782539,0.889542781377561,0.9926200927000295,0.5248340167491988,instance,complexity_kDN_top20
1,0.2192982456140351,0.0,0.0641025641025641,0.7058823529411765,0.5682610886206209,0.0,0.463605460075581,0.9961089494163424,1.0,0.6680119001341838,0.8819826843926952,0.9994220184455117,0.02833856678873446,instance,complexity_kDN_top20
1,0.26758409785932724,0.4,0.743801652892562,0.6470588235294118,0.13665705746775564,0.3333333333333333,0.4866611072917906,0.9994441356309061,1.0,0.676479646068741,0.8657710702027324,0.9968541934638845,0.13009191306455006,instance,complexity_kDN_top20
1,0.0,0.0,0.0641025641025641,0.6470588235294118,0.11500108967466616,0.0,0.3889307768012956,0.9788771539744302,1.0,0.6724000571339431,0.8576695608407517,0.9953601568513647,0.520998369246866,instance,complexity_kDN_top20
1,0.06153846153846154,0.0,0.22033898305084743,0.6470588235294118,0.12105038809634738,0.0,0.47556986151358727,0.9966648137854364,1.0,0.6689902999869743,0.8575876177183849,0.9892868537057397,0.49528120636039263,instance,complexity_kDN_top20
1,0.06000000000000005,0.2,0.9675925925925926,0.35294117647058826,0.7804227805237023,0.6666666666666666,0.47087687923207067,0.9983324068927182,1.0,0.6766381853493468,0.8289579906000417,0.9904620397061761,0.323397840125201,instance,complexity_kDN_top20
1,0.06153846153846154,0.0,0.22033898305084743,0.8823529411764706,0.1289976779162672,0.0,0.4356254708152184,0.9894385769872152,1.0,0.6691709495002401,0.8630080464017238,0.9960414455775609,0.3439176760941717,instance,complexity_kDN_top20
1,0.20823620823620825,0.2,0.053459119496855334,0.7058823529411765,0.26571567930949797,0.42857142857142855,0.5060704745125117,1.0,1.0,0.6702316087030301,0.8935070936043632,0.9923174485043119,0.2784901889945551,instance,complexity_kDN_top20
1,0.06153846153846154,0.2,0.4444444444444444,0.5882352941176471,0.22500745877210193,0.0,0.4745841266376176,0.9988882712618121,1.0,0.6746495050545772,0.867930390889914,0.9891868425589847,0.395323450953718,instance,complexity_kDN_top20
1,0.08116883116883122,0.0,0.053459119496855334,0.8235294117647058,0.153126289986397,0.0,0.4746258755106031,0.9961089494163424,1.0,0.6747521297942518,0.8861459700299787,0.9978844464722689,0.5891778804351198,instance,complexity_kDN_top20
1,0.0,0.0,0.053459119496855334,0.7058823529411765,0.11498665768274546,0.0,0.4464835882667496,0.9961089494163424,0.95,0.6627421472657914,0.8086783916257765,0.9588016321073874,0.35947843060409285,instance,complexity_kDN_top20
1,0.021739130434782594,0.0,0.06666666666666665,0.4117647058823529,0.437017910112365,0.0,0.3879905070615768,0.981100611450806,1.0,0.6792763791263975,0.8693837926575565,0.999495251176292,0.10474840733549148,instance,complexity_kDN_top20
1,0.1384615384615384,0.0,0.053459119496855334,0.7058823529411765,0.1474712495684476,0.0,0.4692515604805927,0.9972206781545303,1.0,0.6709821939275394,0.878515718419622,0.9901328932615086,0.4578075863206376,instance,complexity_kDN_top20
1,0.18425076452599387,0.2,0.025000000000000022,0.47058823529411764,0.11772059065874735,1.0,0.5133884781453225,1.0,1.0,0.6717272802819595,0.8596607118972246,0.9823130250145595,0.4589012128496592,instance,complexity_kDN_top20
1,0.08783783783783783,0.2,0.053459119496855334,0.7058823529411765,0.1810353058332646,0.25,0.4752124388487414,0.9988882712618121,1.0,0.6726309784607541,0.903459534129454,0.9957778091109595,0.31236222666612107,instance,complexity_kDN_top20
1,0.15710382513661203,0.0,0.17543859649122806,0.5294117647058824,0.1284697970765043,0.0,0.42175245891849555,0.9916620344635909,1.0,0.6746414430258377,0.8680337874445401,0.9932637141244403,0.4479547155699001,instance,complexity_kDN_top20
1,0.3447802197802198,0.2,0.743801652892562,0.5294117647058824,0.7206854606388942,0.0,0.47856760504219065,0.9977765425236242,1.0,0.667829439596735,0.8733786525357748,0.9961916747971258,-0.07544823719657683,instance,complexity_kDN_top20
1,0.030120481927710774,0.0,0.11224489795918369,0.7058823529411765,0.5844048124044715,0.3333333333333333,0.434313379415347,0.9944413563090606,1.0,0.6701808190832176,0.895345067771447,0.9872850032238608,0.10683570617051118,instance,complexity_kDN_top20
1,0.38888888888888895,0.2,0.17543859649122806,0.5294117647058824,0.12203381767701993,1.0,0.5210636553966156,1.0,1.0,0.6707972991837746,0.8365220677129223,0.9854550551467051,0.3795398648295281,instance,complexity_kDN_top20
1,0.0,0.0,0.0641025641025641,0.5882352941176471,0.11498665768959732,0.0,0.4609306846057313,0.9888827126181212,0.95,0.6224375789406821,0.81827198328658,0.9748485962311071,1.4908321010522572,instance,complexity_kDN_top20
1,0.0,0.0,0.0641025641025641,0.5882352941176471,0.1149866576827413,0.0,0.44547877028339267,0.9966648137854364,0.9,0.6151540468901151,0.8266189924650353,0.9892969821059102,1.6209765274260872,instance,complexity_kDN_top20
1,0.09999999999999998,0.0,0.06666666666666665,0.4117647058823529,0.11540016244441093,0.0,0.47257733473238983,0.9972206781545303,1.0,0.6854545693632029,0.8740219600834281,0.9917240013105229,0.37185232486362796,instance,complexity_kDN_top20
1,0.0,0.6,0.27586206896551724,0.5294117647058824,0.7914353417564689,0.0,0.49526801257953,0.9988882712618121,1.0,0.6683931159670476,0.8555867242585317,0.9994438905982624,-0.5741682502668617,instance,complexity_kDN_top20
1,0.0357142857142857,0.0,0.053459119496855334,0.7058823529411765,0.12362158914163957,0.0,0.37302675407847674,0.9894385769872152,1.0,0.6792789014874753,0.8650071331445149,0.9958538794812036,0.5212884327328551,instance,complexity_kDN_top20
1,0.030120481927710774,0.4,0.5652173913043479,0.8823529411764706,0.4445396961114899,0.3333333333333333,0.5028057702134343,1.0,1.0,0.6714778407349496,0.8991399787282518,0.9971785803547514,0.2591089490315622,instance,complexity_kDN_top20
1,0.07377049180327866,0.0,0.053459119496855334,0.7058823529411765,0.11638352074347119,0.0,0.4207321968918609,0.9783212896053363,1.0,0.6792250631103255,0.8457639212941679,0.9788930798142272,0.8810094336546495,instance,complexity_kDN_top20
1,0.1383333333333333,0.0,0.11224489795918369,0.7058823529411765,0.11703175554578815,0.0,0.4081341818924231,0.9927737632017788,1.0,0.6704304967330886,0.8584606939677839,0.9763410470478074,0.7548430024441176,instance,complexity_kDN_top20
1,0.22844827586206895,0.0,0.11224489795918369,0.8235294117647058,0.20170531129145958,0.0,0.3921768955567816,0.9972206781545303,1.0,0.669663332745903,0.8903801787139836,0.9935483820775485,0.3355970689050525,instance,complexity_kDN_top20
1,0.0052631578947368585,0.0,0.0641025641025641,0.6470588235294118,0.11729568504244281,0.0,0.3716826472436535,0.9833240689271817,1.0,0.6717309514496635,0.858030644344829,0.986654556183267,0.4741234782504555,instance,complexity_kDN_top20
1,0.0,0.0,0.0641025641025641,0.6470588235294118,0.1342702147007067,0.0,0.4269527558187656,0.9872151195108394,1.0,0.6735919841603791,0.8669468256978121,0.9927848595213311,-0.07549253304840227,instance,complexity_kDN_top20
1,0.08116883116883122,0.2,0.0641025641025641,0.7058823529411765,0.11919339765631554,0.0,0.47768895880151163,0.9983324068927182,0.95,0.6453873841487721,0.8587676083121021,0.9988398363054966,0.5103583413675638,instance,complexity_kDN_top20
1,0.13131313131313127,0.2,0.0641025641025641,0.5882352941176471,0.12250888670664806,0.0,0.41278927271493393,0.9977765425236242,1.0,0.6675466236048936,0.8790238973764056,0.9955114809869947,0.36644705721468623,instance,complexity_kDN_top20
1,0.12254901960784315,0.0,0.0641025641025641,0.6470588235294118,0.12733043939313615,0.0,0.38108845024419524,0.9877709838799333,1.0,0.6712879347267615,0.9036713994277974,0.9966004724747324,0.3931396313558925,instance,complexity_kDN_top20
1,0.021739130434782594,0.0,0.06666666666666665,0.4117647058823529,0.1149866576827413,0.0,0.44932945124068224,0.9927737632017788,1.0,0.6820963716002926,0.8896396371703033,0.9929404422404045,0.5924531767663347,instance,complexity_kDN_top20
1,0.27586206896551724,0.4,0.743801652892562,0.7647058823529411,0.3151061103207244,0.42857142857142855,0.4527443780664445,0.9988882712618121,1.0,0.6713165395539291,0.8901862871551494,0.9869855200006414,0.2607275711175577,instance,complexity_kDN_top20
1,0.8511904761904762,0.6,0.06666666666666665,0.4117647058823529,0.7969518696677594,1.0,0.5269821241352411,1.0,0.9,0.6666666666666666,0.8502915849847202,0.9991111008678265,-0.9751683011324364,instance,complexity_kDN_top20
1,0.27586206896551724,0.2,0.17543859649122806,0.47058823529411764,0.3821638127291009,1.0,0.5060348575501223,1.0,1.0,0.6720199262400232,0.8781242732781944,0.9978254884625813,0.1687534021288152,instance,complexity_kDN_top20
1,0.0,0.0,0.0641025641025641,0.6470588235294118,0.11503877719222311,0.0,0.4085939339849549,0.9844357976653697,1.0,0.67280372512929,0.8335045525000432,0.9895248611929477,0.7446191878072308,instance,complexity_kDN_top20
1,0.06153846153846154,0.0,0.053459119496855334,0.8235294117647058,0.11700130604388997,0.0,0.4254715832868792,0.9894385769872152,1.0,0.6709049033014455,0.880562321078699,0.9938462803103996,0.622717494588735,instance,complexity_kDN_top20
1,0.3442982456140351,0.4,0.9175257731958762,0.5882352941176471,0.7158263447032264,0.0,0.48074579693884223,0.9988882712618121,1.0,0.6702265245893131,0.8780244569719804,0.9949211993421074,-0.2795920825840182,instance,complexity_kDN_top20
1,0.13131313131313127,0.2,0.0641025641025641,0.5882352941176471,0.18625643328519492,0.0,0.4392326480028885,0.9977765425236242,1.0,0.6705622135431236,0.8572284953104198,0.9822702370252361,0.12275778636193174,instance,complexity_kDN_top20
1,0.0052631578947368585,0.0,0.07407407407407407,0.5882352941176471,0.11504759039698875,0.0,0.43745871137051606,0.9894385769872152,1.0,0.685801713813045,0.8326464545604637,0.9591168240909903,0.6931407636793475,instance,complexity_kDN_top20
1,0.0,0.0,0.0641025641025641,0.5882352941176471,0.11550437451530654,0.0,0.45996003368250726,0.9899944413563091,0.95,0.6666666666666666,0.8326676632510607,0.99218323976943,0.9982444540513895,instance,complexity_kDN_top20
1,0.09999999999999998,0.2,0.09248554913294793,0.8235294117647058,0.4724221902942354,0.0,0.45656663001091835,0.9988882712618121,1.0,0.6763377546497668,0.8741549041711911,0.9962484415443151,0.29487450991388875,instance,complexity_kDN_top20
1,0.1634174311926606,0.2,0.234375,0.5882352941176471,0.11498867429695753,0.5,0.5003468730974099,1.0,1.0,0.6819709854199371,0.9055310078316469,0.9972507975077199,0.395731903235177,instance,complexity_kDN_top20
1,0.20274170274170278,0.2,0.0641025641025641,0.7058823529411765,0.3333553991331114,0.25,0.49479812060260175,0.9988882712618121,1.0,0.6701635343276969,0.8859255180646686,0.9698577888146226,0.24873566550557302,instance,complexity_kDN_top20
1,0.13131313131313127,0.0,0.0641025641025641,0.6470588235294118,0.11589622471124239,0.0,0.3866046708975954,0.9955530850472485,0.95,0.6562593130887887,0.8824960058772845,0.9983015230064622,0.42583198056273946,instance,complexity_kDN_top20
1,0.0,0.2,0.11224489795918369,0.7058823529411765,0.11740291563511163,0.3333333333333333,0.4689257898008492,0.9983324068927182,1.0,0.6764141631448176,0.8941652137723104,0.9969762592025039,0.46031119415213306,instance,complexity_kDN_top20
1,0.2192982456140351,0.4,0.9675925925925926,0.29411764705882354,0.7887781865168907,0.0,0.4538600804226067,0.9988882712618121,1.0,0.6698313180184678,0.8471447765187416,0.9760345025585668,-0.2710577916468764,instance,complexity_kDN_top20
1,0.05681818181818188,0.0,0.045454545454545414,0.4117647058823529,0.6176655740531146,0.0,0.44342371290829763,0.9972206781545303,1.0,0.6716416606650754,0.8605071196158904,0.9977409534819666,0.09030114467258057,instance,complexity_kDN_top20
1,0.4970760233918129,0.6,0.9175257731958762,0.5882352941176471,0.7059682954308507,1.0,0.5055484680269888,1.0,1.0,0.6733955607680292,0.8768652281944835,0.9938881533366931,-0.033635748695847886,instance,complexity_kDN_top20
1,0.29729729729729726,0.0,0.17543859649122806,0.5294117647058824,0.5152892890639924,0.0,0.42884106814480316,0.9961089494163424,1.0,0.6694937875716757,0.8451208738076437,0.9996705010452336,0.29174047661200403,instance,complexity_kDN_top20
1,0.8708791208791209,0.8,0.3384615384615385,0.8235294117647058,0.32112545393319036,0.8,0.5217212136607061,1.0,1.0,0.6703729557959944,0.9007075255008751,0.9987460977758386,0.18452744478700397,instance,complexity_kDN_top20
1,0.013333333333333308,0.0,0.0641025641025641,0.6470588235294118,0.11659129853385952,0.0,0.47060793550132485,0.9955530850472485,1.0,0.6730345154525195,0.8926043627261105,0.9919177443099623,0.2997709827985672,instance,complexity_kDN_top20
1,0.41022727272727266,0.2,0.053459119496855334,0.7058823529411765,0.1482718055107239,0.0,0.4650675605565321,0.9977765425236242,1.0,0.6701665284792423,0.8771801097470882,0.9915343587226647,0.09856443908758748,instance,complexity_kDN_top20
1,0.12280701754385959,0.2,0.045454545454545414,0.4117647058823529,0.23494543209868768,0.3333333333333333,0.535445165469174,1.0,0.95,0.6602600995231629,0.8446499309551738,0.9883955305237148,0.3182250004615298,instance,complexity_kDN_top20
1,0.16153846153846152,0.4,0.0641025641025641,0.7058823529411765,0.11693150760478455,0.3333333333333333,0.5240227451305864,1.0,1.0,0.6699560990322205,0.8553779843299705,0.972707233324455,0.37802815131003864,instance,complexity_kDN_top20
1,0.0,0.0,0.0641025641025641,0.7058823529411765,0.1149866576827413,0.0,0.30385287751492185,0.952751528627015,0.85,0.6507491097606892,0.7926557702596521,0.9675108210047377,1.1757808080508472,instance,complexity_kDN_top20
1,0.20823620823620825,0.0,0.5652173913043479,0.8823529411764706,0.4402405039278673,0.3333333333333333,0.4538578362902572,0.9944413563090606,1.0,0.6709412733516502,0.8932827881974795,0.9915042966962705,-0.01650873515541915,instance,complexity_kDN_top20
1,0.09999999999999998,0.0,0.09248554913294793,0.8235294117647058,0.6936514311325389,0.0,0.4580190213972142,0.9966648137854364,1.0,0.6700264366293183,0.8647853338431128,0.998408141512884,0.167235663072083,instance,complexity_kDN_top20
1,0.12280701754385959,0.0,0.053459119496855334,0.7058823529411765,0.16782188837239198,0.0,0.43265795674538987,0.9972206781545303,1.0,0.6698856343089201,0.8720499619461248,0.9984734564911166,0.34505311277219763,instance,complexity_kDN_top20
1,0.3685897435897436,0.4,0.3384615384615385,0.8235294117647058,0.711120881002693,0.6,0.5021637209817509,1.0,1.0,0.6696455711665011,0.9059906158258878,0.9965218438648967,-0.15715946145690085,instance,complexity_kDN_top20
1,0.07692307692307687,0.0,0.9175257731958762,0.5882352941176471,0.3918357135097874,0.0,0.38453940747239246,0.9872151195108394,1.0,0.6735629494146359,0.8759240131986499,0.9913556560317789,-0.018172859336268974,instance,complexity_kDN_top20
1,0.0,0.0,0.0641025641025641,0.5882352941176471,0.11606509066290249,0.0,0.3971733456315619,0.9866592551417455,1.0,0.6759559891188037,0.8805189068575153,0.9990242751754042,0.7901458587292276,instance,complexity_kDN_top20
1,0.12254901960784315,0.4,0.6060606060606061,0.7058823529411765,0.45623958762716865,0.0,0.49357143648008894,0.9983324068927182,1.0,0.6750239141665964,0.8650509585573684,0.9828567448102222,-0.008950053406428828,instance,complexity_kDN_top20
1,0.0,0.0,0.0641025641025641,0.6470588235294118,0.11512601897802693,0.0,0.45707771073504677,0.9922178988326849,1.0,0.6733727909489388,0.8433421722414047,0.9759450296187068,0.6227657563197981,instance,complexity_kDN_top20
1,0.06153846153846154,0.0,0.07407407407407407,0.5294117647058824,0.11560440016536477,0.0,0.42765051102885554,0.9866592551417455,1.0,0.6858063796787542,0.8583577994539381,0.9907417825375672,0.39337635563429885,instance,complexity_kDN_top20
1,0.030120481927710774,0.0,0.053459119496855334,0.7058823529411765,0.21153450712691557,0.0,0.45253612327381176,0.9949972206781545,1.0,0.6723726166953082,0.8481933586744226,0.9765830402796412,0.47712496474867827,instance,complexity_kDN_top20
1,0.01724137931034475,0.2,0.045454545454545414,0.4117647058823529,0.2873039359292745,0.0,0.4550741022257385,0.9977765425236242,1.0,0.6789197082171452,0.8485571632757463,0.9919716951336294,0.17954195970370987,instance,complexity_kDN_top20
1,0.08783783783783783,0.0,0.053459119496855334,0.7058823529411765,0.11506981242639946,0.0,0.4553154856453774,0.9922178988326849,1.0,0.6806372991370684,0.8453580187639009,0.9581819801112804,0.6552830523826044,instance,complexity_kDN_top20
1,0.297979797979798,0.0,0.0641025641025641,0.5882352941176471,0.3503799825296189,0.0,0.4573782877466822,0.9966648137854364,1.0,0.6696678203709487,0.8653791819266482,0.9923278305479316,0.15641971426119067,instance,complexity_kDN_top20
1,0.5031347962382445,0.4,0.025000000000000022,0.47058823529411764,0.613117603074963,0.0,0.4775311017579362,0.9983324068927182,1.0,0.6727495444267838,0.8834267366056038,0.9901974689838824,-0.14068063304926662,instance,complexity_kDN_top20
1,0.2816558441558441,0.0,0.0641025641025641,0.7647058823529411,0.12232207084467872,0.0,0.405263502940733,0.9961089494163424,1.0,0.6696282289617321,0.8894240725224369,0.9935595482911792,0.3324145089738689,instance,complexity_kDN_top20
1,0.013333333333333308,0.2,0.0641025641025641,0.6470588235294118,0.1189010651326366,0.0,0.4931660168607478,0.9977765425236242,1.0,0.6731453314702034,0.8629741334720766,0.9990327014649286,0.4042116200830326,instance,complexity_kDN_top20
1,0.18425076452599387,0.0,0.053459119496855334,0.7058823529411765,0.1263336106356664,0.0,0.4436051733429447,0.991106170094497,1.0,0.673638577734855,0.8852799711664059,0.9947974831951352,0.8213200857453059,instance,complexity_kDN_top20
1,0.13131313131313127,0.0,0.0641025641025641,0.6470588235294118,0.11513028609976328,0.0,0.3984498410557774,0.9727626459143969,0.95,0.624037619275284,0.8437520699983396,0.9860556346974071,0.5332329888572492,instance,complexity_kDN_top20
1,0.0,0.0,0.11111111111111116,0.47058823529411764,0.11996477508432885,0.0,0.46389195221148427,0.9949972206781545,1.0,0.6700213565738791,0.803654128050718,0.9790936725900277,0.7662955974327368,instance,complexity_kDN_top20
1,0.34090909090909083,0.0,0.3384615384615385,0.8235294117647058,0.7783122099812397,0.0,0.4617032083226983,0.9972206781545303,1.0,0.6706280424475528,0.8752903494554021,0.9961278692192684,-0.1963896986668719,instance,complexity_kDN_top20
1,0.0,0.0,0.0641025641025641,0.5882352941176471,0.11821700104696709,0.0,0.38975404897878396,0.9772095608671484,1.0,0.67310400958124,0.8524042242883146,0.9949259327609509,0.5423391978811446,instance,complexity_kDN_top20
1,0.013333333333333308,0.0,0.0641025641025641,0.5882352941176471,0.11507587293377819,0.0,0.4432785693418765,0.9922178988326849,1.0,0.6760110649341278,0.8746624479315859,0.9957201783087265,0.7539297109411937,instance,complexity_kDN_top20
1,0.8264705882352941,0.6,0.3384615384615385,0.8823529411764706,0.7554591964668631,1.0,0.5178227674238673,1.0,1.0,0.6699493995720874,0.8737554573141519,0.9745139835516485,-0.3099234450980698,instance,complexity_kDN_top20
1,0.08783783783783783,0.0,0.09248554913294793,0.7058823529411765,0.45771152656801306,0.0,0.40995780271749915,0.9866592551417455,1.0,0.6693687676656868,0.8708135856906228,0.9942351438539628,0.4366669171163441,instance,complexity_kDN_top20
1,0.23015873015873023,0.0,0.07407407407407407,0.5294117647058824,0.7804823480669654,0.0,0.43471057782057176,0.9961089494163424,1.0,0.6716312888482441,0.8516280864375723,0.9773325046365217,-0.26467567285036664,instance,complexity_kDN_top20
1,0.48015873015873023,0.4,0.07407407407407407,0.5294117647058824,0.20893821984135375,0.0,0.4771573974926858,0.9994441356309061,1.0,0.6706330312741257,0.888074919632972,0.99973385941047,0.3314716956081091,instance,complexity_kDN_top20
1,0.021739130434782594,0.0,0.0641025641025641,0.7058823529411765,0.11687640984711462,0.0,0.4287114407821666,0.9844357976653697,1.0,0.6781599875831487,0.8452805442177374,0.9902671255069488,0.3786075867567933,instance,complexity_kDN_top20
1,0.10999999999999999,0.0,0.025000000000000022,0.47058823529411764,0.3280135363169902,0.0,0.3920912483253608,0.9916620344635909,1.0,0.676176689119212,0.8502312678095608,0.9579230004935192,0.485783915299928,instance,complexity_kDN_top20
1,0.0,0.2,0.06666666666666665,0.4117647058823529,0.1149866576827413,0.0,0.454994364515653,0.9988882712618121,0.9,0.4810523886478456,0.8664909387767643,0.9921980332275339,1.1229271214044354,instance,complexity_kDN_top20
1,0.0052631578947368585,0.0,0.0641025641025641,0.6470588235294118,0.11541994908911535,0.0,0.3787300500257553,0.9833240689271817,1.0,0.6730109829497914,0.8521434242055393,0.9954083265582719,0.29240012172968116,instance,complexity_kDN_top20
1,0.07692307692307687,0.0,0.09248554913294793,0.8235294117647058,0.19310146949747864,0.0,0.44287084131073173,0.9944413563090606,1.0,0.6790614789117582,0.8737538959418363,0.9640975929490023,-0.050567397190137364,instance,complexity_kDN_top20
1,0.017857142857142794,0.0,0.09248554913294793,0.8235294117647058,0.11518434882735457,0.0,0.39249404982092406,0.9833240689271817,1.0,0.6703088841090552,0.8577898496869745,0.992865304786497,0.778792066544389,instance,complexity_kDN_top20
1,0.12280701754385959,0.2,0.59375,0.29411764705882354,0.7407708797769769,0.0,0.46052916243424546,0.9977765425236242,1.0,0.6674855966744336,0.846751110258014,0.9939528632011638,0.05209219840924975,instance,complexity_kDN_top20
1,0.08783783783783783,0.6,0.22033898305084743,0.9411764705882353,0.39276780277613893,1.0,0.5174816577450334,1.0,1.0,0.6690669988064211,0.901620744704613,0.9927448502681656,0.16310468368693012,instance,complexity_kDN_top20
1,0.08783783783783783,0.0,0.0641025641025641,0.7058823529411765,0.3828462098416542,0.0,0.4112210094682355,0.9938854919399667,1.0,0.6703570116440275,0.8685020191579103,0.9992189500494809,0.10501849282842991,instance,complexity_kDN_top20
1,0.0,0.0,0.0641025641025641,0.6470588235294118,0.11510394571849503,0.0,0.390311026608969,0.981100611450806,1.0,0.6701868177586261,0.8417004010665569,0.9682239299739333,0.7200128436488215,instance,complexity_kDN_top20
1,0.01388888888888884,0.2,0.11111111111111116,0.47058823529411764,0.11643850544159545,0.0,0.4723018596553826,0.9977765425236242,1.0,0.6699029247289341,0.8574691363333045,0.9805416162113706,0.3585614172258193,instance,complexity_kDN_top20
1,0.10091743119266061,0.0,0.053459119496855334,0.7058823529411765,0.11567429308882188,0.0,0.3740164570634089,0.9833240689271817,1.0,0.6791431662253595,0.8390690040381756,0.9788709111940828,0.27551685225428074,instance,complexity_kDN_top20
1,0.015151515151515138,0.0,0.0641025641025641,0.4117647058823529,0.11570433390412943,0.0,0.37311822740923717,0.9738743746525848,1.0,0.6733117155408734,0.8219179767273959,0.9811681983708144,0.8422063055901557,instance,complexity_kDN_top20
1,0.0,0.2,0.0641025641025641,0.6470588235294118,0.11506994571405382,0.0,0.434587165873318,0.9983324068927182,1.0,0.6718910408967034,0.8712987513481855,0.9891990238862287,0.6325558426058817,instance,complexity_kDN_top20
1,0.2102272727272727,0.0,0.09248554913294793,0.8235294117647058,0.11581080772338581,0.0,0.43901098356629253,0.9877709838799333,1.0,0.677934913442974,0.8824688821125074,0.9826502384990516,0.49264677005825225,instance,complexity_kDN_top20
1,0.17297762478485368,0.2,0.0641025641025641,0.6470588235294118,0.13352846978653882,0.0,0.46783972398599594,0.9983324068927182,1.0,0.6722698341906886,0.8950708119436628,0.9814433591078329,0.4474473366877005,instance,complexity_kDN_top20
1,0.05681818181818188,0.4,0.053459119496855334,0.7058823529411765,0.18567231179974597,0.0,0.49594626073742476,0.9994441356309061,1.0,0.6716193850141083,0.8761928078487532,0.9885262385624405,0.2662631705700156,instance,complexity_kDN_top20
1,0.06000000000000005,0.0,0.053459119496855334,0.7058823529411765,0.11547549001138863,0.0,0.46367434028178367,0.9899944413563091,1.0,0.6812078617077886,0.854067307565761,0.9594715735403526,0.3746622786273567,instance,complexity_kDN_top20
1,0.3447802197802198,0.2,0.3384615384615385,0.7647058823529411,0.38502143613664697,0.5,0.4747202743514559,0.9994441356309061,1.0,0.6710525400865258,0.9197756783945275,0.9870882520056682,0.03298275704080245,instance,complexity_kDN_top20
1,0.09999999999999998,0.2,0.9675925925925926,0.4117647058823529,0.7768227099842353,0.0,0.4987535279123685,0.9994441356309061,1.0,0.6706777102730587,0.8573105359391899,0.9852652013923404,-0.17125831062079938,instance,complexity_kDN_top20
1,0.08658008658008653,0.0,0.0641025641025641,0.5882352941176471,0.17095653857990217,0.0,0.4039215424613999,0.9866592551417455,1.0,0.6730594027594463,0.8469312717630755,0.9990943179109243,0.28649660631031154,instance,complexity_kDN_top20
1,0.013333333333333308,0.0,0.0641025641025641,0.7058823529411765,0.140367633684306,0.0,0.3917793020747915,0.9955530850472485,1.0,0.6723292203514095,0.8938057199893972,0.9878378496847862,0.3693663259791441,instance,complexity_kDN_top20
1,0.09999999999999998,0.0,0.09248554913294793,0.8235294117647058,0.6891752939489861,0.0,0.4093749677553733,0.9883268482490273,1.0,0.6769664512951007,0.8558560368910835,0.980820594426213,-0.15252508957696048,instance,complexity_kDN_top20
1,0.030120481927710774,0.0,0.234375,0.5882352941176471,0.29625834812064034,0.0,0.42356902661793705,0.9938854919399667,1.0,0.6752395423399276,0.8978712889512949,0.9884448931014957,0.0601555707184243,instance,complexity_kDN_top20
1,0.3079178885630498,0.2,0.09248554913294793,0.8235294117647058,0.11551769978377308,0.5,0.4857041248890398,0.9994441356309061,1.0,0.6795539591334993,0.8596346658159577,0.9846343608376634,0.5570320757045968,instance,complexity_kDN_top20
1,0.0,0.0,0.0641025641025641,0.6470588235294118,0.11506240540229784,0.0,0.4123259522726699,0.9710950528071151,1.0,0.6718082068852893,0.848096589239514,0.990705288887154,0.4473287939487929,instance,complexity_kDN_top20
1,0.0,0.0,0.0641025641025641,0.6470588235294118,0.16947210469771445,0.0,0.38423859088347334,0.9966648137854364,1.0,0.6707002191792898,0.8740034551590048,0.9990564540608963,0.21589604041806662,instance,complexity_kDN_top20
1,0.23015873015873023,0.2,0.053459119496855334,0.5882352941176471,0.276385488702382,0.0,0.4763076213406401,0.9988882712618121,1.0,0.6711189387299796,0.8708773797222072,0.9801150922103813,0.4036140794521924,instance,complexity_kDN_top20
1,0.0,0.0,0.11224489795918369,0.7058823529411765,0.11510127866761516,0.0,0.36527389899340756,0.9705391884380211,1.0,0.6779643520250784,0.837294638842607,0.9930352256104901,0.8155886467505056,instance,complexity_kDN_top20
1,0.38888888888888895,0.0,0.09999999999999998,0.35294117647058826,0.7895614889269251,0.0,0.4396874273509188,0.9955530850472485,1.0,0.6716265188864526,0.8566896716164718,0.970410529928571,0.07850745381016332,instance,complexity_kDN_top20
1,0.48015873015873023,0.4,0.0641025641025641,0.7058823529411765,0.17509787636901797,0.3333333333333333,0.488914774613583,0.9988882712618121,1.0,0.6715339388573874,0.9026515045783354,0.9953491915016657,0.3515603588246435,instance,complexity_kDN_top20
1,0.0,0.0,0.11111111111111116,0.47058823529411764,0.11534287753302275,0.0,0.46056463728908625,0.9966648137854364,1.0,0.6740130101164292,0.8630954636775426,0.9914194916733227,0.43644430187386685,instance,complexity_kDN_top20
1,0.0,0.0,0.0641025641025641,0.6470588235294118,0.11500949192484378,0.0,0.40730436763866484,0.9877709838799333,1.0,0.6728445095050732,0.8633262024122782,0.9999239221331456,0.7241429807668637,instance,complexity_kDN_top20
1,0.6377551020408163,0.2,0.59375,0.29411764705882354,0.7955823026992912,0.0,0.4866540713543791,0.9994441356309061,0.95,0.6666666666666666,0.83754251457789,0.983128856808364,-0.5361187895869606,instance,complexity_kDN_top20
1,0.06153846153846154,0.0,0.11224489795918369,0.7058823529411765,0.11588472652679016,0.0,0.3830296628996399,0.9866592551417455,0.95,0.6603831661941215,0.8712763315098032,0.9935996958235597,0.43022005187801804,instance,complexity_kDN_top20
1,0.08783783783783783,0.0,0.0641025641025641,0.7058823529411765,0.27135999741882044,0.0,0.4890569006002027,0.9972206781545303,1.0,0.6696397813636527,0.8828638896063445,0.9974488512028129,0.18215866871466033,instance,complexity_kDN_top20
1,0.0052631578947368585,0.0,0.0641025641025641,0.6470588235294118,0.11498730491944198,0.0,0.38777397805847447,0.9583101723179545,0.95,0.6051100915906995,0.8617761050755728,0.9985376582906077,0.7770499021369208,instance,complexity_kDN_top20
1,0.021739130434782594,0.0,0.09248554913294793,0.8235294117647058,0.11676474560022676,0.0,0.41265794452372995,0.9866592551417455,1.0,0.6793500738315678,0.8513379202856346,0.9975069011857117,0.3585751979179779,instance,complexity_kDN_top20
1,0.463963963963964,0.0,0.17543859649122806,0.5294117647058824,0.35749978023501994,0.0,0.47632174853336007,0.9972206781545303,1.0,0.6716492050000838,0.9033096285926927,0.9990159728650269,0.07643642074496676,instance,complexity_kDN_top20
1,0.06000000000000005,0.0,0.0641025641025641,0.6470588235294118,0.115843779957288,0.0,0.4160394181834408,0.9849916620344636,1.0,0.675624295633938,0.8566693990648583,0.9870321377435433,0.9694785800995446,instance,complexity_kDN_top20
1,0.20989010989010992,0.0,0.0641025641025641,0.5882352941176471,0.1448196324222777,0.0,0.43601831223309706,0.9899944413563091,1.0,0.6690566011832855,0.8394982477990427,0.9965186784570893,0.6133226701925809,instance,complexity_kDN_top20
1,0.1384615384615384,0.0,0.053459119496855334,0.8235294117647058,0.11820126575760792,0.0,0.4206739082313904,0.9838799332962757,1.0,0.6795610298627437,0.8333642048688892,0.9590112690547434,0.6276318176094136,instance,complexity_kDN_top20
1,0.09999999999999998,0.2,0.09248554913294793,0.7058823529411765,0.43923894049084655,0.0,0.49085963344851014,0.9994441356309061,1.0,0.6694458604904105,0.8935413310418057,0.9888379678516622,0.010226073289536938,instance,complexity_kDN_top20
1,0.013333333333333308,0.0,0.0641025641025641,0.6470588235294118,0.11524406004911258,0.0,0.4171120792686037,0.9861033907726515,1.0,0.6734706996483802,0.8722593972947713,0.9875805046377548,0.6862914575519858,instance,complexity_kDN_top20
1,0.26758409785932724,0.0,0.09248554913294793,0.8235294117647058,0.11529537420158942,0.0,0.4312218303409334,0.9961089494163424,1.0,0.6834460074394452,0.8632454045499826,0.9823326306506179,0.3338696973127343,instance,complexity_kDN_top20
1,0.20989010989010992,0.0,0.0641025641025641,0.6470588235294118,0.12266204384664137,0.0,0.384555462646917,0.9872151195108394,1.0,0.6782798219453697,0.8242366960878618,0.9670628782363802,0.7939560598703093,instance,complexity_kDN_top20
1,0.08658008658008653,0.6,0.0641025641025641,0.7647058823529411,0.24970037994524696,1.0,0.5079173459751707,1.0,1.0,0.669200685991445,0.8615673715261645,0.9873465286504514,-0.02065886562484772,instance,complexity_kDN_top20
1,0.0052631578947368585,0.0,0.0641025641025641,0.6470588235294118,0.11522370127170184,0.0,0.41302866506248004,0.991106170094497,1.0,0.6728980380360724,0.8677509492681728,0.9932478173627255,0.4895410055596104,instance,complexity_kDN_top20
1,0.3920454545454546,0.4,0.3384615384615385,0.8235294117647058,0.2927829794882239,1.0,0.5054278067157667,1.0,1.0,0.6723811358753197,0.9149664701156398,0.9996631495373236,-0.010044949982381497,instance,complexity_kDN_top20
1,0.27586206896551724,0.2,0.743801652892562,0.6470588235294118,0.38574618045650366,0.0,0.4521475549356675,0.9994441356309061,1.0,0.6719216777349555,0.8922395415615464,0.9954102173568958,0.14049047284607113,instance,complexity_kDN_top20
1,0.5260869565217392,0.4,0.09248554913294793,0.8823529411764706,0.2490782332323236,1.0,0.5102412466002826,1.0,1.0,0.6712445600565292,0.8915569932145235,0.9889305167006375,-0.07810075977226939,instance,complexity_kDN_top20
1,0.15710382513661203,0.4,0.6060606060606061,0.7058823529411765,0.1470257035745663,0.5,0.49461479558590304,0.9994441356309061,1.0,0.6759300497054329,0.8908055682998286,0.9982875857605458,0.4696546418794242,instance,complexity_kDN_top20
1,0.5301587301587302,0.6,0.07407407407407407,0.5882352941176471,0.6857495761878459,1.0,0.5301487475778244,1.0,1.0,0.6724109110524782,0.8800119816509844,0.9983884174930651,-0.06293914379378236,instance,complexity_kDN_top20
1,0.013333333333333308,0.0,0.0641025641025641,0.6470588235294118,0.11952736924853297,0.0,0.4330701398424235,0.9883268482490273,1.0,0.6776457925420336,0.8598550031093722,0.9819628694772233,0.31548339119702223,instance,complexity_kDN_top20
1,0.08783783783783783,0.0,0.234375,0.5882352941176471,0.2237092596059861,0.0,0.4221932049816818,0.9966648137854364,1.0,0.6792575315621624,0.876220758886382,0.9907262100731651,0.12904975490510381,instance,complexity_kDN_top20
1,0.0,0.0,0.0641025641025641,0.6470588235294118,0.11526481761466512,0.0,0.41727884210849997,0.9899944413563091,0.95,0.6595761828099678,0.8140690585924798,0.9408763766608851,0.44141834536466784,instance,complexity_kDN_top20
1,0.0,0.0,0.0641025641025641,0.6470588235294118,0.11499083756442458,0.0,0.37398163076115576,0.9861033907726515,0.95,0.6287679899434748,0.8385404662416102,0.9963717340507267,0.4807043810994034,instance,complexity_kDN_top20
1,0.10091743119266061,0.2,0.11111111111111116,0.47058823529411764,0.1149867343091987,0.0,0.4477796069586144,0.9977765425236242,1.0,0.6820784808658774,0.8761779082437439,0.9848117443909663,0.4082216013653815,instance,complexity_kDN_top20
1,0.2519230769230769,0.0,0.053459119496855334,0.8235294117647058,0.5090890547757713,0.0,0.47510706844045925,0.9972206781545303,1.0,0.6699400082929968,0.9120507192671713,0.9901299253174732,0.07340975382938027,instance,complexity_kDN_top20
1,0.017857142857142794,0.0,0.09248554913294793,0.8235294117647058,0.11503874164657873,0.0,0.35229379534302463,0.9888827126181212,1.0,0.6697414562667867,0.8609142081078218,0.9958603274212814,0.6248308765762567,instance,complexity_kDN_top20
1,0.5102272727272728,0.2,0.09248554913294793,0.8235294117647058,0.11663840154350902,1.0,0.5073737355070324,1.0,1.0,0.6791096459629675,0.862729313204478,0.9971161827968154,0.14682656092309324,instance,complexity_kDN_top20
1,0.463963963963964,0.6,0.743801652892562,0.8235294117647058,0.5105010864790774,1.0,0.5164040960154306,1.0,1.0,0.6693655066772567,0.8386479301101515,0.9996126460239597,-0.4100715402305756,instance,complexity_kDN_top20
1,0.21662763466042156,0.0,0.09248554913294793,0.8235294117647058,0.11498667117850703,0.0,0.43033775796961227,0.9955530850472485,1.0,0.6813626377058533,0.8796766201259913,0.9939115392242891,0.9567376797640642,instance,complexity_kDN_top20
1,0.525,0.2,0.8876404494382022,0.47058823529411764,0.7545326078876935,1.0,0.5043266847769865,1.0,1.0,0.669558605434153,0.8577763804331049,0.9921071927709842,0.1312059707521725,instance,complexity_kDN_top20
1,0.030120481927710774,0.0,0.053459119496855334,0.7058823529411765,0.11759499501649273,0.0,0.46874041166813896,0.9955530850472485,1.0,0.6792737270906639,0.8302058365907365,0.992812966330552,0.7626629297420163,instance,complexity_kDN_top20
1,0.06153846153846154,0.0,0.22033898305084743,0.6470588235294118,0.11640019791008765,0.0,0.4022278841925824,0.9888827126181212,1.0,0.6725384879485751,0.8903344406898317,0.9885447225396,0.5490468277513659,instance,complexity_kDN_top20
1,0.09999999999999998,0.2,0.4444444444444444,0.5294117647058824,0.6176041128010928,0.0,0.4147999766774796,0.9977765425236242,0.95,0.6622343301069301,0.8708699038923257,0.9976727711565823,-0.4933168036812234,instance,complexity_kDN_top20
1,0.41346153846153844,0.4,0.3384615384615385,0.8235294117647058,0.7795709094391077,0.3333333333333333,0.48509447589379817,0.9988882712618121,1.0,0.6697352087180252,0.8688157645351569,0.9960201776919998,-0.44703001680937754,instance,complexity_kDN_top20
1,0.27586206896551724,0.4,0.17543859649122806,0.5294117647058824,0.33210706658956457,0.3333333333333333,0.477319552553765,0.9983324068927182,1.0,0.6727939302943882,0.8930316471897136,0.9978244097583955,0.17146714473962466,instance,complexity_kDN_top20
1,0.1384615384615384,0.2,0.0641025641025641,0.7058823529411765,0.12104018744054235,0.0,0.45416262617956726,0.9983324068927182,1.0,0.6702230652475224,0.8924044962515083,0.9914554055587305,0.21827183819748494,instance,complexity_kDN_top20
1,0.34477124183006536,0.0,0.053459119496855334,0.7058823529411765,0.39747318104445806,0.0,0.4420034347650673,0.9955530850472485,1.0,0.6791367754518226,0.8716798020040128,0.971541146095134,0.2139770616154717,instance,complexity_kDN_top20
1,0.38015873015873014,0.2,0.22033898305084743,0.9411764705882353,0.27480979796587535,0.0,0.44754679298080924,0.9977765425236242,1.0,0.671847793358323,0.8871456881444839,0.9879251405783126,-0.009926689515655679,instance,complexity_kDN_top20
1,0.13131313131313127,0.0,0.0641025641025641,0.5882352941176471,0.11733133256668582,0.0,0.44075021997810193,0.9866592551417455,1.0,0.6724664306828486,0.8816710773009342,0.9746368784662912,0.5707547740841317,instance,complexity_kDN_top20
1,0.0052631578947368585,0.0,0.0641025641025641,0.4117647058823529,0.1149874811003121,0.0,0.3722997806955015,0.9616453585325181,0.95,0.6522771006729854,0.8217313840993292,0.9858816332032038,1.2516932728070638,instance,complexity_kDN_top20
1,0.3951149425287356,0.6,0.27586206896551724,0.5882352941176471,0.35944263021904616,0.5,0.496276986496173,0.9994441356309061,1.0,0.6710429265863361,0.9023734828351742,0.9951711939124303,-0.010416846084772755,instance,complexity_kDN_top20
1,0.20823620823620825,0.2,0.053459119496855334,0.7058823529411765,0.3061008192877587,0.0,0.4565933431430954,0.9983324068927182,1.0,0.6704342659644289,0.8619675267750886,0.9978862833060139,0.4041945529022109,instance,complexity_kDN_top20
1,0.2519230769230769,0.0,0.11224489795918369,0.7058823529411765,0.3661254362061269,0.0,0.4753614749115286,0.9972206781545303,1.0,0.6707565150170185,0.8973347301672294,0.995289953629807,0.16579529984568336,instance,complexity_kDN_top20
1,0.20192307692307687,0.0,0.11224489795918369,0.7058823529411765,0.7853299902887819,0.0,0.4391263698849148,0.9955530850472485,1.0,0.6703491512054038,0.8563613698696397,0.9809708338487863,-0.0032440756982596796,instance,complexity_kDN_top20
1,0.2816558441558441,0.4,0.053459119496855334,0.5882352941176471,0.16656806219338405,1.0,0.510044453778764,1.0,1.0,0.6710980502399321,0.8830042478340447,0.979789842346653,-0.032969660474771255,instance,complexity_kDN_top20
1,0.12280701754385959,0.4,0.045454545454545414,0.4117647058823529,0.1930066995775811,0.0,0.4320391264624378,0.9994441356309061,1.0,0.668797867580836,0.840894855663465,0.9935187321957085,0.4246771559157314,instance,complexity_kDN_top20
1,0.08064516129032251,0.0,0.17543859649122806,0.5294117647058824,0.27505299062566124,0.0,0.46545952270138113,0.990550305725403,1.0,0.6761335828401583,0.81748222140811,0.9876389917407363,0.5656446922294105,instance,complexity_kDN_top20
1,0.030120481927710774,0.0,0.234375,0.5882352941176471,0.2642015978253972,0.0,0.4424139160717393,0.9966648137854364,1.0,0.6718534889007286,0.8725318253689845,0.9806711333586041,0.22935930811088395,instance,complexity_kDN_top20
1,0.12254901960784315,0.0,0.5652173913043479,0.8823529411764706,0.14203848984411815,0.0,0.4469850047767543,0.9944413563090606,1.0,0.6709588251076156,0.8910549451142362,0.9978640869793611,0.26638954606674115,instance,complexity_kDN_top20
1,0.8264705882352941,0.4,0.11224489795918369,0.8823529411764706,0.22129535904852798,0.3333333333333333,0.4648225016118803,0.9994441356309061,1.0,0.669372790922289,0.8734452804887208,0.9739989088808974,0.03347666861866052,instance,complexity_kDN_top20
1,0.2848837209302326,0.6,0.33333333333333337,0.7647058823529411,0.7919527608560545,0.25,0.4031861881950608,0.9988882712618121,1.0,0.6721704416893278,0.877480617486678,0.9901215448559012,-0.08277087444944754,instance,complexity_kDN_top20
1,0.41022727272727266,0.6,0.27586206896551724,0.5882352941176471,0.42030236083775785,1.0,0.5463071717004149,1.0,1.0,0.6699272634750412,0.8905856892595159,0.9905333432608885,-0.1075930731142179,instance,complexity_kDN_top20
1,0.26127049180327866,0.0,0.0641025641025641,0.6470588235294118,0.11703002999067608,0.0,0.4624963061365732,0.9972206781545303,1.0,0.6774777123429393,0.8695933885380253,0.9971227552732571,0.8174680002748996,instance,complexity_kDN_top20
1,0.0,0.0,0.09248554913294793,0.8235294117647058,0.11579106611196927,0.0,0.2920975250561234,0.9744302390216787,0.95,0.6666666666666666,0.8469591392926965,0.9957743454001343,0.5802699263499767,instance,complexity_kDN_top20
1,0.27586206896551724,0.4,0.27586206896551724,0.5882352941176471,0.5229416453987562,0.0,0.4666738243921731,0.9994441356309061,1.0,0.673735721280366,0.8813121823885597,0.9905021003561972,-0.13580069538746603,instance,complexity_kDN_top20
1,0.10344827586206895,0.0,0.0641025641025641,0.6470588235294118,0.11514976231969937,0.0,0.41587883799079006,0.9922178988326849,1.0,0.6729217465535123,0.8747395922193701,0.996942065407781,0.6162269587870368,instance,complexity_kDN_top20
1,0.0052631578947368585,0.0,0.0641025641025641,0.6470588235294118,0.11499969720094849,0.0,0.405506057055121,0.9766536964980544,0.95,0.6394349818697495,0.8636721166386174,0.999682904896183,0.6701277584181088,instance,complexity_kDN_top20
1,0.2813186813186813,0.0,0.0641025641025641,0.7647058823529411,0.11847072579938478,0.0,0.42358768071767783,0.9955530850472485,1.0,0.6769855876070437,0.904947296333026,0.9959496102022906,0.3798010327420391,instance,complexity_kDN_top20
1,0.33836206896551724,0.2,0.234375,0.5882352941176471,0.24067353493343058,0.0,0.4897008313023351,0.9988882712618121,1.0,0.6747285167222635,0.8858371638268988,0.9887223477316284,0.3984068451267593,instance,complexity_kDN_top20
1,0.23015873015873023,0.2,0.11224489795918369,0.7058823529411765,0.7601648805386132,0.0,0.4464889203055724,0.9983324068927182,1.0,0.6738227698708131,0.8710462854464138,0.9863331381755557,-0.09037455711326155,instance,complexity_kDN_top20
1,0.01724137931034475,0.0,0.0641025641025641,0.5882352941176471,0.12705325726742844,0.0,0.43494673097043246,0.9972206781545303,1.0,0.670372369424871,0.8307890982290305,0.9990959309471195,0.2846323667508817,instance,complexity_kDN_top20
1,0.3728070175438596,0.8,0.0641025641025641,0.7058823529411765,0.4911556680175131,0.6666666666666666,0.540480380227621,1.0,1.0,0.6688585526493858,0.8430735221286613,0.974413787888532,-0.041148097278650174,instance,complexity_kDN_top20
1,0.1071428571428572,0.0,0.0641025641025641,0.5882352941176471,0.15621500154042084,0.0,0.44353749668441,0.9922178988326849,1.0,0.6725791859809073,0.8629635340142106,0.9777294091501245,0.36397844920185185,instance,complexity_kDN_top20
1,0.01388888888888884,0.0,0.0641025641025641,0.6470588235294118,0.11498719831199927,0.0,0.36540542269277165,0.9605336297943302,0.9,0.6033889848083551,0.8364016874364026,0.9747324056566485,1.0135922988700055,instance,complexity_kDN_top20
1,0.0,0.0,0.0641025641025641,0.6470588235294118,0.11524172874540495,0.0,0.3877861285094435,0.9722067815453029,1.0,0.6705865999076076,0.8483179133599623,0.9982162508136064,0.3754393694044395,instance,complexity_kDN_top20
1,0.1384615384615384,0.0,0.0641025641025641,0.6470588235294118,0.12096799733746416,0.0,0.4377260384854381,0.9922178988326849,1.0,0.6710342492757149,0.880341586787585,0.9765405258272216,0.24435721807255392,instance,complexity_kDN_top20
1,0.0,0.0,0.0641025641025641,0.6470588235294118,0.11499164617273372,0.0,0.3978366913182404,0.9899944413563091,0.85,0.637727742394549,0.8076637924275551,0.976412415288404,0.786038217297608,instance,complexity_kDN_top20
1,0.10091743119266061,0.4,0.0641025641025641,0.7647058823529411,0.12216294562414554,0.0,0.47601975426429965,0.9988882712618121,1.0,0.6725713935108706,0.8768543818557315,0.9902418698195261,0.2634781430262291,instance,complexity_kDN_top20
1,0.1767676767676768,0.2,0.053459119496855334,0.7058823529411765,0.15168145686411744,0.0,0.4892706492765624,0.9988882712618121,1.0,0.6704337626931478,0.8907489160846765,0.999052209407925,0.5415770881781619,instance,complexity_kDN_top20
1,0.2878378378378379,0.2,0.5652173913043479,0.8823529411764706,0.7841483186941374,0.0,0.46783864447034196,0.9983324068927182,1.0,0.6675210708596554,0.8804022185949343,0.9972631396991458,-0.2948725775210477,instance,complexity_kDN_top20
1,0.030120481927710774,0.0,0.053459119496855334,0.7058823529411765,0.4815290295944994,0.0,0.3945537265586586,0.9916620344635909,1.0,0.6705767195976943,0.9006207730160181,0.9946432493063609,0.36126607171560376,instance,complexity_kDN_top20
1,0.06153846153846154,0.0,0.11111111111111116,0.47058823529411764,0.11635224641003489,0.0,0.4387833082609617,0.9755419677598666,1.0,0.6719691723815474,0.8594945657870456,0.993283142615313,0.6674977882644217,instance,complexity_kDN_top20
1,0.0052631578947368585,0.0,0.0641025641025641,0.6470588235294118,0.11500026282206066,0.0,0.4508107683106475,0.9883268482490273,1.0,0.6702240712726695,0.8620906279289539,0.9960365689823589,0.8849177993662889,instance,complexity_kDN_top20
1,0.12280701754385959,0.2,0.053459119496855334,0.7058823529411765,0.5868331212673574,0.0,0.47765846002088785,0.9988882712618121,1.0,0.6675909630974993,0.8468633704162366,0.9958103262402892,0.2493109833728211,instance,complexity_kDN_top20
1,0.29729729729729726,0.2,0.27586206896551724,0.5882352941176471,0.41088049134759574,0.0,0.4882176009691648,0.9988882712618121,1.0,0.6793024226449257,0.8829309210848798,0.9970568964269135,0.03411010012697671,instance,complexity_kDN_top20
1,0.030120481927710774,0.0,0.053459119496855334,0.7058823529411765,0.29873428708437855,0.0,0.3867015681253019,0.9838799332962757,1.0,0.6713987943459281,0.8721789571211584,0.993883912777444,0.4247221364628412,instance,complexity_kDN_top20
1,0.2813186813186813,0.0,0.053459119496855334,0.8235294117647058,0.1275705627344471,0.0,0.4335381171437107,0.9949972206781545,1.0,0.6746631570305126,0.9071007097140249,0.9917606578239428,0.4240401631764259,instance,complexity_kDN_top20
1,0.05681818181818188,0.0,0.0641025641025641,0.6470588235294118,0.12136627336448214,0.0,0.3746483607461232,0.9883268482490273,1.0,0.671005758361983,0.8391894400335754,0.9902169279508646,0.49232529903870487,instance,complexity_kDN_top20
1,0.12280701754385959,0.2,0.045454545454545414,0.4117647058823529,0.20172778590158708,0.0,0.4772837517608778,0.9994441356309061,1.0,0.6693472930445314,0.8106719447888852,0.9819684341869025,0.15442151855239092,instance,complexity_kDN_top20
1,0.2848837209302326,0.2,0.234375,0.5882352941176471,0.7969518696658959,1.0,0.5065585710690128,1.0,1.0,0.6764389411589354,0.8519470891839649,0.9945328705490384,-0.0067119564139859495,instance,complexity_kDN_top20
1,0.08783783783783783,0.0,0.053459119496855334,0.7058823529411765,0.414901190902215,0.0,0.3787728002552553,0.9955530850472485,1.0,0.6758309542181438,0.8836307757673338,0.995463989523646,0.26745803386489275,instance,complexity_kDN_top20
1,0.013333333333333308,0.0,0.0641025641025641,0.6470588235294118,0.11545310061527703,0.0,0.4217222193628678,0.9916620344635909,1.0,0.6726556145373366,0.876762276194864,0.9942347554878531,0.7697755773395633,instance,complexity_kDN_top20
1,0.0052631578947368585,0.0,0.0641025641025641,0.6470588235294118,0.1149868048426167,0.0,0.37424820886325616,0.9221789883268483,1.0,0.6799952109458273,0.8272181728171489,0.9909744381697271,0.8965725817421494,instance,complexity_kDN_top20
1,0.0,0.4,0.9487179487179487,0.7058823529411765,0.12462079511765933,0.5,0.5062788907255675,1.0,1.0,0.6697335223399041,0.8891981715633414,0.984863940114125,0.35231502856542185,instance,complexity_kDN_top20
1,0.07377049180327866,0.0,0.053459119496855334,0.7058823529411765,0.13500791475674223,0.0,0.46228545863019543,0.9966648137854364,1.0,0.6775073388074394,0.8601635075596009,0.9418702635235525,0.3302124870642783,instance,complexity_kDN_top20
1,0.17487684729064035,0.2,0.17543859649122806,0.5294117647058824,0.262363682141849,0.0,0.49517945760620063,0.9994441356309061,1.0,0.6713774954178645,0.8782258961551543,0.9998011866071542,0.05983665150607126,instance,complexity_kDN_top20
1,0.13131313131313127,0.0,0.11224489795918369,0.7058823529411765,0.23668479328581543,0.0,0.47337118143041357,0.9972206781545303,1.0,0.6707620373547711,0.8783177384312963,0.9916042526493272,0.26915392181315817,instance,complexity_kDN_top20
1,0.5260869565217392,0.6,0.09248554913294793,0.8235294117647058,0.2939662733869811,1.0,0.5020393383195059,1.0,0.95,0.6666666666666666,0.8600947282266531,0.9981093662093089,-0.4163047383020308,instance,complexity_kDN_top20
1,0.015151515151515138,0.0,0.0641025641025641,0.5882352941176471,0.11500390435566954,0.0,0.3909155273352556,0.971650917176209,0.9,0.6215184177995037,0.8619622947114399,0.995436104797087,0.6224183108279888,instance,complexity_kDN_top20
1,0.01724137931034475,0.0,0.045454545454545414,0.4117647058823529,0.4575840113746944,0.0,0.4271591878966904,0.990550305725403,1.0,0.6731231831529625,0.8415758868222676,0.975876558331552,0.3802737265779157,instance,complexity_kDN_top20
1,0.10699300699300696,0.0,0.09248554913294793,0.8823529411764706,0.1635754822226585,0.0,0.45833604643003634,0.9961089494163424,1.0,0.6687524252130266,0.9049326240843655,0.9952874063127369,0.2891440137429329,instance,complexity_kDN_top20
1,0.3951149425287356,0.4,0.0,0.4117647058823529,0.21701478053857587,0.5,0.49213091058146374,0.9994441356309061,1.0,0.6753338992574182,0.8746985458788098,0.9779936947082389,0.13958291432179254,instance,complexity_kDN_top20
1,0.08064516129032251,0.0,0.0641025641025641,0.6470588235294118,0.13080796185219362,0.0,0.39330993707292583,0.9961089494163424,1.0,0.6726510362100516,0.8453176264859736,0.9852075647251703,0.5239707607884722,instance,complexity_kDN_top20
1,0.38015873015873014,0.2,0.6428571428571428,0.5882352941176471,0.49479925391851065,0.5,0.4913816965856105,0.9994441356309061,1.0,0.6715402856102934,0.9078007086827931,0.9986140238400277,-0.14560476272492406,instance,complexity_kDN_top20
1,0.09999999999999998,0.0,0.7222222222222222,0.47058823529411764,0.7751547886622774,0.0,0.46396359614748783,0.9972206781545303,1.0,0.6733317190472239,0.8610837829881401,0.9987012363424221,0.16220880098099202,instance,complexity_kDN_top20
1,0.06000000000000005,0.0,0.0641025641025641,0.6470588235294118,0.11844591010301075,0.0,0.38865267587466634,0.9822123401889938,1.0,0.6817946057067278,0.8525389024979315,0.9876861277932447,0.6954781650512109,instance,complexity_kDN_top20
1,0.0052631578947368585,0.0,0.0641025641025641,0.6470588235294118,0.11500318548018973,0.0,0.4015540901946367,0.9883268482490273,0.95,0.6546321502697539,0.8387400118328172,0.9822305822344328,0.37084777770010025,instance,complexity_kDN_top20
1,0.0,0.0,0.0641025641025641,0.6470588235294118,0.11498666481550357,0.0,0.396819191510558,0.9494163424124513,0.9,0.5643885985925288,0.8048547247676405,0.9873562104382734,0.8787795866226111,instance,complexity_kDN_top20
1,0.01724137931034475,0.0,0.045454545454545414,0.4117647058823529,0.7315879096849236,0.0,0.4454789480577539,0.9961089494163424,1.0,0.6718404890784871,0.849865177182032,0.9998372604593283,0.32445729855138,instance,complexity_kDN_top20
1,0.10091743119266061,0.4,0.22033898305084743,0.9411764705882353,0.14138329906428526,0.0,0.49986073606215065,0.9994441356309061,1.0,0.6710049337463184,0.8673879859093884,0.9872785685540988,0.2757957752014548,instance,complexity_kDN_top20
1,0.14123159303882193,0.6,0.053459119496855334,0.7058823529411765,0.32464914964404923,0.5,0.5192926406909202,1.0,1.0,0.6711899651252907,0.8851636723648152,0.9766731683703931,0.09058194511026778,instance,complexity_kDN_top20
1,0.12280701754385959,0.2,0.0641025641025641,0.5882352941176471,0.7111402415166275,0.0,0.4731654495501775,0.9977765425236242,1.0,0.6676349352533284,0.823359629506488,0.9980800955130424,0.1371774947288694,instance,complexity_kDN_top20
1,0.013333333333333308,0.2,0.0641025641025641,0.6470588235294118,0.11937628985433246,0.0,0.49063657421813367,0.9994441356309061,1.0,0.6709946488613829,0.8890389427463334,0.9985521363993308,0.3512269096659774,instance,complexity_kDN_top20
1,0.38015873015873014,0.4,0.025000000000000022,0.47058823529411764,0.5198493793028285,0.4,0.5498772933506797,1.0,1.0,0.6715084315175117,0.8940189291278792,0.9964305365743007,-0.04096786025977171,instance,complexity_kDN_top20
1,0.0357142857142857,0.0,0.0641025641025641,0.6470588235294118,0.11630080512887808,0.0,0.40847845334832766,0.9722067815453029,1.0,0.6764590381325545,0.8283375501843191,0.9966048620959109,0.4734086815135769,instance,complexity_kDN_top20
1,0.10344827586206895,0.0,0.0641025641025641,0.7058823529411765,0.11666252796191784,0.0,0.38432269562583765,0.9827682045580878,1.0,0.6691852407463295,0.8537698174059004,0.9674472156798162,0.3645053920498917,instance,complexity_kDN_top20
1,0.0052631578947368585,0.0,0.0641025641025641,0.7058823529411765,0.11545597026030557,0.0,0.37596537998508783,0.9683157309616454,1.0,0.670126820247239,0.8425876664173376,0.9894230436383076,0.40453488033928603,instance,complexity_kDN_top20
1,0.013333333333333308,0.0,0.0641025641025641,0.6470588235294118,0.11498725834947388,0.0,0.32260987217180204,0.9421901056142301,1.0,0.6803843237840872,0.8519914353189636,0.9598391726327381,1.0109204502135152,instance,complexity_kDN_top20
1,0.030120481927710774,0.0,0.053459119496855334,0.7058823529411765,0.45959550913844294,0.0,0.44136957016903755,0.9949972206781545,1.0,0.6708616412085004,0.8880494767061459,0.9988170038652701,0.24300411508570657,instance,complexity_kDN_top20
1,0.01724137931034475,0.0,0.045454545454545414,0.4117647058823529,0.11533708873019821,0.0,0.3971750046446094,0.9866592551417455,1.0,0.6804868750851106,0.8472135772631623,0.9959294218059022,0.5965684870773229,instance,complexity_kDN_top20
1,0.10344827586206895,0.4,0.0641025641025641,0.5882352941176471,0.12010846488245253,0.0,0.4687886051940763,0.9988882712618121,1.0,0.6728766447155666,0.8718234636658005,0.9999258884741832,0.4083372311450426,instance,complexity_kDN_top20
1,0.07377049180327866,0.2,0.0641025641025641,0.7058823529411765,0.1554569421459419,0.0,0.4646473595351751,0.9983324068927182,1.0,0.6769136352942717,0.8835989567148135,0.9959338881737845,-0.12565840645283746,instance,complexity_kDN_top20
1,0.2259174311926606,0.0,0.09248554913294793,0.8235294117647058,0.11629053120989313,0.0,0.4689071970869555,0.9972206781545303,1.0,0.6821592881753854,0.8564277388193299,0.9705796189831102,0.22864474562460357,instance,complexity_kDN_top20
1,0.0,0.0,0.0641025641025641,0.6470588235294118,0.1150179531334734,0.0,0.426025010341727,0.9849916620344636,0.95,0.6372965786639826,0.8204965013888282,0.9606582028237729,0.6694521256040831,instance,complexity_kDN_top20
1,0.0,0.0,0.0641025641025641,0.6470588235294118,0.1150352603609825,0.0,0.33960954735718984,0.9666481378543635,0.95,0.6581975122528068,0.8263695137344325,0.9866082411514115,0.5353049963757163,instance,complexity_kDN_top20
1,0.7139639639639639,0.8,0.17543859649122806,0.5294117647058824,0.3154389259255703,1.0,0.5168336715125785,1.0,1.0,0.6721143844095567,0.8579640249464197,0.984760610122975,0.15350847314288132,instance,complexity_kDN_top20
1,0.0,0.4,0.053459119496855334,0.8235294117647058,0.1149866576827413,0.0,0.4730304866964703,0.9988882712618121,0.9,0.46813518986313607,0.823339976844346,0.989111673060746,1.015036457505233,instance,complexity_kDN_top20
1,0.0,0.0,0.0641025641025641,0.6470588235294118,0.11498669205447959,0.0,0.34612814585680185,0.9471928849360756,0.95,0.5640398113185916,0.8267189543954936,0.9969657003876483,0.722746742164904,instance,complexity_kDN_top20
1,0.0,0.0,0.0641025641025641,0.7058823529411765,0.1166614101813434,0.0,0.37173850538397313,0.9794330183435241,1.0,0.6732972107731594,0.8449391504132118,0.9988104956514753,0.7555606937154961,instance,complexity_kDN_top20
1,0.5848837209302326,0.4,0.6666666666666667,0.5294117647058824,0.43720414814123076,1.0,0.5009519641428286,1.0,1.0,0.6704770672901565,0.8553362600090398,0.9942635637892662,0.25607640165594375,instance,complexity_kDN_top20
1,0.49275362318840576,0.6,0.4444444444444444,0.5882352941176471,0.7108339871141632,0.5,0.5060198031721916,1.0,1.0,0.6702159734654802,0.8648544896729037,0.9950372863167316,-0.3496971557803143,instance,complexity_kDN_top20
1,0.26758409785932724,0.2,0.06666666666666665,0.4117647058823529,0.12419602409027464,0.0,0.45025378035587715,0.9977765425236242,1.0,0.6801864483663177,0.8829054371883915,0.9893479995013323,0.09919860627334262,instance,complexity_kDN_top20
1,0.6377551020408163,0.4,0.045454545454545414,0.4117647058823529,0.7082805472502466,0.5,0.5062845116670329,1.0,1.0,0.6710307998263771,0.8764794734924125,0.9974074556133891,-0.26431915530935335,instance,complexity_kDN_top20
1,0.015151515151515138,0.0,0.0641025641025641,0.5882352941176471,0.11593654425368588,0.0,0.322882414562392,0.9899944413563091,0.95,0.6657757055793698,0.8593553716788161,0.9853068753316226,0.5719263371439787,instance,complexity_kDN_top20
1,0.030120481927710774,0.0,0.09248554913294793,0.7647058823529411,0.5119022350091029,0.0,0.4276615911625061,0.9972206781545303,1.0,0.6753699507888247,0.8850942394809419,0.9988546923089591,0.09080185895778424,instance,complexity_kDN_top20
1,0.12280701754385959,0.0,0.0641025641025641,0.5882352941176471,0.17763497669992867,0.0,0.4293781960836187,0.9861033907726515,1.0,0.6703006099882248,0.8605131207254051,0.999081044978432,0.1751661172880508,instance,complexity_kDN_top20
1,0.6364087301587302,0.2,0.22033898305084743,0.9411764705882353,0.21846994146853566,0.5,0.4980773394962583,0.9994441356309061,1.0,0.6710193045887061,0.9004954847163578,0.9914846602851027,0.09866639752410848,instance,complexity_kDN_top20
1,0.0052631578947368585,0.0,0.0641025641025641,0.6470588235294118,0.11527365370591863,0.0,0.37750086163493224,0.9710950528071151,1.0,0.6682133730357047,0.8269877946693978,0.9728619047543815,0.6488357577884662,instance,complexity_kDN_top20
1,0.0,0.0,0.09248554913294793,0.8235294117647058,0.1153122919628376,0.0,0.4232469505827846,0.9844357976653697,1.0,0.6712314130195955,0.8582343351943855,0.9767723018018573,0.7277612903289926,instance,complexity_kDN_top20
1,0.5352564102564102,0.8,0.11224489795918369,0.7058823529411765,0.6866209395497874,1.0,0.5629154979238401,1.0,1.0,0.6697114382433941,0.8684103353620045,0.9935330194214449,-0.15812711768149854,instance,complexity_kDN_top20
1,0.12280701754385959,0.2,0.33333333333333337,0.29411764705882354,0.1493653626153365,0.5,0.47409427934404,0.9994441356309061,1.0,0.6702636455306092,0.8599754674522531,0.9970368616180678,0.4841484792627237,instance,complexity_kDN_top20
1,0.0052631578947368585,0.0,0.0641025641025641,0.6470588235294118,0.11504424436785615,0.0,0.38633338783882754,0.9783212896053363,1.0,0.6753279044940801,0.8627996729493489,0.9847797457946961,0.7790543574138643,instance,complexity_kDN_top20
1,0.38015873015873014,0.2,0.6060606060606061,0.6470588235294118,0.3015747490504762,0.0,0.4705496537444642,0.9983324068927182,1.0,0.6724846313955601,0.9118069851896786,0.9996824493894999,0.0008429919167578064,instance,complexity_kDN_top20
1,0.13131313131313127,0.0,0.053459119496855334,0.7058823529411765,0.1950371711418053,0.0,0.44559496654304886,0.9944413563090606,1.0,0.6729677034367709,0.8925303817619799,0.9964411803832033,0.5000476998092132,instance,complexity_kDN_top20
1,0.1071428571428572,0.0,0.0641025641025641,0.5882352941176471,0.11705544796113865,0.0,0.4251262476321582,0.990550305725403,1.0,0.67055750161938,0.8538043474766648,0.996444432071144,0.49471867187095675,instance,complexity_kDN_top20
1,0.10091743119266061,0.2,0.053459119496855334,0.7058823529411765,0.13241652908245471,0.0,0.4628865024876967,0.9983324068927182,1.0,0.6781874692809591,0.8991666344467155,0.9976687298218262,0.3161182985481966,instance,complexity_kDN_top20
1,0.2848837209302326,0.2,0.025000000000000022,0.47058823529411764,0.7757197538060875,0.0,0.469213799438581,0.9977765425236242,1.0,0.6718016351228179,0.8516761728720523,0.9863074725071762,-0.23403107303957482,instance,complexity_kDN_top20
1,0.0,0.0,0.0641025641025641,0.6470588235294118,0.11545606188406915,0.0,0.34414520544437466,0.9749861033907726,1.0,0.6777381283515872,0.8510082044251929,0.9884282282614923,0.24261212740980348,instance,complexity_kDN_top20
1,0.2813186813186813,0.0,0.5652173913043479,0.8823529411764706,0.12229998788708674,0.0,0.4644236701491632,0.9955530850472485,1.0,0.6785632992826479,0.8947281833981723,0.9959840941147251,0.3153463700111382,instance,complexity_kDN_top20
1,0.10091743119266061,0.0,0.0641025641025641,0.6470588235294118,0.12331369938208059,0.0,0.44806429207627774,0.9966648137854364,1.0,0.672048833367397,0.8736179274698148,0.9819340933224197,0.29050243204560755,instance,complexity_kDN_top20
1,0.01388888888888884,0.0,0.0641025641025641,0.7058823529411765,0.11501084208567736,0.0,0.3666378098982922,0.9855475264035576,0.95,0.6663645607303056,0.8595162925407829,0.9946118167118227,0.5163071575866766,instance,complexity_kDN_top20
1,0.2519230769230769,0.2,0.22033898305084743,0.9411764705882353,0.3597120688390829,0.16666666666666666,0.46398190090046354,0.9983324068927182,1.0,0.6692953992974803,0.9094924663286659,0.9965298917156731,0.13653081388462748,instance,complexity_kDN_top20
1,0.32362082362082356,0.4,0.053459119496855334,0.7058823529411765,0.2639815348903515,0.3333333333333333,0.5213293039342158,1.0,1.0,0.6710452933621919,0.8977096238178378,0.9995510562677025,0.2011718919826444,instance,complexity_kDN_top20
1,0.12280701754385959,0.0,0.0641025641025641,0.4117647058823529,0.1162718309927569,0.0,0.4494596717036605,0.9938854919399667,0.95,0.6055107383827293,0.82672231054747,0.9803943083622403,0.6910561394754201,instance,complexity_kDN_top20
1,0.0,0.0,0.09999999999999998,0.35294117647058826,0.1460355309481533,0.0,0.453392826715143,0.9966648137854364,1.0,0.6727850557884758,0.8175900916743506,0.9617571075448124,0.6785380246971046,instance,complexity_kDN_top20
1,0.06000000000000005,0.0,0.025000000000000022,0.47058823529411764,0.5063534538685365,0.0,0.441857604257507,0.9972206781545303,1.0,0.6798788757983458,0.8523627314908884,0.9875421975849339,0.5899996482269558,instance,complexity_kDN_top20
1,0.27586206896551724,0.0,0.17543859649122806,0.5294117647058824,0.6212144021821372,0.0,0.427269262905549,0.9944413563090606,1.0,0.6717181761300929,0.8882706633159099,0.999573616352693,0.005221803687518156,instance,complexity_kDN_top20
1,0.0052631578947368585,0.2,0.09999999999999998,0.35294117647058826,0.12168451918591272,0.0,0.44416235150539995,0.9988882712618121,1.0,0.6715677364804518,0.8570440309709817,0.9872323469273047,0.4089151645103587,instance,complexity_kDN_top20
1,0.07692307692307687,0.2,0.0641025641025641,0.5882352941176471,0.12852320700936487,0.0,0.4879166421306812,0.9988882712618121,1.0,0.6751124067153222,0.8857648939297732,0.9975665961248985,0.5971068105123127,instance,complexity_kDN_top20
1,0.08783783783783783,0.0,0.053459119496855334,0.7058823529411765,0.12258328836387522,0.0,0.4688433196569749,0.9972206781545303,1.0,0.6732369896940733,0.8827124779420729,0.9986029736684994,0.4605520227462594,instance,complexity_kDN_top20
1,0.015151515151515138,0.0,0.053459119496855334,0.5882352941176471,0.13436728966888195,0.2,0.4464613170656829,0.9961089494163424,1.0,0.6709814771501671,0.8730989402694502,0.9960207744063395,0.37801629288561006,instance,complexity_kDN_top20
1,0.1384615384615384,0.0,0.053459119496855334,0.7058823529411765,0.11523784395979703,0.0,0.37251618643472895,0.980544747081712,1.0,0.6800765749405229,0.8549127453849517,0.9925137823448812,0.6605709171478074,instance,complexity_kDN_top20
1,0.5,0.6,0.4444444444444444,0.5882352941176471,0.4603031099323712,0.0,0.483509748618997,0.9994441356309061,1.0,0.6692615906159305,0.8554251086543474,0.9856608758499765,0.24363076121621943,instance,complexity_kDN_top20
1,0.0052631578947368585,0.0,0.0641025641025641,0.6470588235294118,0.11529730519712145,0.0,0.3678808565151136,0.9538632573652028,1.0,0.6717390364361172,0.8431362049560193,0.9957217375624037,0.5175674598545411,instance,complexity_kDN_top20
1,0.08783783783783783,0.0,0.09248554913294793,0.7647058823529411,0.6499875712378901,0.0,0.45775944576649996,0.9933296275708727,1.0,0.6791215685077835,0.866560486010193,0.9904141872932258,0.0901539298395569,instance,complexity_kDN_top20
1,0.4634551495016611,0.6,0.3384615384615385,0.8235294117647058,0.6934062168197817,0.6,0.4797471286700823,0.9988882712618121,1.0,0.6705989159372017,0.8867702009041274,0.997942531261076,-0.18170046006164495,instance,complexity_kDN_top20
1,0.28846153846153844,0.0,0.1428571428571429,0.5882352941176471,0.722718995591274,0.0,0.4730609136996323,0.9972206781545303,0.95,0.616908025027122,0.8230963652607844,0.9909816233139517,-0.6985787827999478,instance,complexity_kDN_top20
1,0.3375,0.2,0.8876404494382022,0.35294117647058826,0.7892607239906445,0.0,0.4555382449786599,0.9977765425236242,1.0,0.6701302547862835,0.8663680589156015,0.9861752567948869,-0.3434658813788573,instance,complexity_kDN_top20
1,0.12254901960784315,0.2,0.0641025641025641,0.5882352941176471,0.22345820435571595,1.0,0.5025322427409381,1.0,1.0,0.6734980408745619,0.8704024662247025,0.9866231571418167,0.37262300752600813,instance,complexity_kDN_top20
1,0.22666666666666668,0.2,0.06666666666666665,0.4117647058823529,0.1149866576827413,0.0,0.4972452972244601,0.9994441356309061,1.0,0.6810659505423907,0.8458125091552502,0.96934781876516,0.8459939805686312,instance,complexity_kDN_top20
1,0.20274170274170278,0.2,0.0641025641025641,0.7058823529411765,0.3092426232426465,0.0,0.4472510156196007,0.9983324068927182,1.0,0.668531785369242,0.8670626352295511,0.9800698761096914,0.2607194955156687,instance,complexity_kDN_top20
1,0.01724137931034475,0.0,0.0641025641025641,0.6470588235294118,0.45210427770875716,0.0,0.3905553167718101,0.9883268482490273,1.0,0.6723728759971097,0.8593771595000289,0.9979813307392109,0.18366372872160228,instance,complexity_kDN_top20
1,0.2102272727272727,0.0,0.09248554913294793,0.8235294117647058,0.12863576357198925,0.0,0.3979238843209747,0.9955530850472485,1.0,0.6743318112186956,0.877930283396173,0.9825075818451009,0.24360587261249583,instance,complexity_kDN_top20
1,0.34477124183006536,0.2,0.7222222222222222,0.47058823529411764,0.24098135523255326,0.25,0.4928137077303274,0.9994441356309061,1.0,0.6808212287102146,0.8728116242648569,0.9934386614330042,0.3853001979526878,instance,complexity_kDN_top20
1,0.13247863247863245,0.0,0.27586206896551724,0.5882352941176471,0.32016873405709845,0.0,0.4385992890773397,0.9955530850472485,1.0,0.6749452335134539,0.8795774060672183,0.9886551302119934,0.05879846987156547,instance,complexity_kDN_top20
1,0.1384615384615384,0.0,0.0641025641025641,0.7058823529411765,0.12713940124193296,0.0,0.46869375789786294,0.9944413563090606,1.0,0.678140476147062,0.8495198771408591,0.9767192295945544,0.23544467323816273,instance,complexity_kDN_top20
1,0.07377049180327866,0.6,0.0641025641025641,0.6470588235294118,0.12289294104759269,0.0,0.48509148212326114,0.9994441356309061,1.0,0.6760492888117657,0.8626951242655203,0.9827919712960325,0.2694658198666425,instance,complexity_kDN_top20
1,0.0,0.0,0.0641025641025641,0.6470588235294118,0.1149866608950934,0.0,0.3853328176408839,0.9399666481378544,0.95,0.6125278460503711,0.820722217526459,0.9979482691369407,1.1785305948413674,instance,complexity_kDN_top20
1,0.013333333333333308,0.4,0.18181818181818177,0.5294117647058824,0.12079975582344876,0.5,0.48757805036976587,0.9983324068927182,1.0,0.67159420649789,0.8731863393118019,0.9970630385204264,0.2457185371528537,instance,complexity_kDN_top20
1,0.0052631578947368585,0.0,0.0641025641025641,0.6470588235294118,0.11500626461528995,0.0,0.3705423446026992,0.9827682045580878,0.95,0.6610871985849208,0.864542164828975,0.9980479637940134,0.7437741131912255,instance,complexity_kDN_top20
1,0.0,0.0,0.11111111111111116,0.47058823529411764,0.11498971278609937,0.0,0.39825938200697797,0.9566425792106726,0.95,0.6411517905528706,0.8439083251409747,0.9918853499945184,0.8344124945630772,instance,complexity_kDN_top20
1,0.09999999999999998,0.2,0.09248554913294793,0.8235294117647058,0.16922674485227596,0.0,0.4800555884611355,0.9977765425236242,1.0,0.6758824971518886,0.8700879990456805,0.9993604093048024,0.2863558990465902,instance,complexity_kDN_top20
1,0.01724137931034475,0.0,0.11224489795918369,0.7058823529411765,0.29689178786564163,0.0,0.4174380157840898,0.9916620344635909,1.0,0.6731551899501181,0.8538599847643276,0.9768850284898647,0.07537470933702828,instance,complexity_kDN_top20
1,0.030120481927710774,0.0,0.053459119496855334,0.7058823529411765,0.5517391167690271,0.0,0.42253426962245655,0.9961089494163424,1.0,0.6706667864202799,0.8647765925367678,0.9907759802877467,0.0799721078148177,instance,complexity_kDN_top20
1,0.0,0.0,0.0641025641025641,0.6470588235294118,0.11512755945448977,0.0,0.4177302243655937,0.9744302390216787,1.0,0.6706715526704876,0.8667912869568216,0.9898785147492815,0.5106897835204194,instance,complexity_kDN_top20
1,0.6478696741854637,0.4,0.8787878787878788,0.35294117647058826,0.7325133365993952,0.0,0.43505458941616637,0.9994441356309061,1.0,0.6718215187514266,0.8503777016415242,0.9718612962465805,0.17025218073389173,instance,complexity_kDN_top20
1,0.4162087912087913,0.2,0.0641025641025641,0.5882352941176471,0.155511681960243,0.0,0.47578240762088075,0.9988882712618121,1.0,0.6703604849459125,0.8919456727906526,0.9980173991395549,0.33808283284402596,instance,complexity_kDN_top20
1,0.12254901960784315,0.0,0.0641025641025641,0.5882352941176471,0.11799304764351726,0.0,0.46719625205176085,0.9949972206781545,1.0,0.6728463471708522,0.8899495628065687,0.9888713909019095,0.43210604249342627,instance,complexity_kDN_top20
1,0.1892156862745098,0.0,0.0641025641025641,0.7058823529411765,0.1181476858254466,0.0,0.4560509350548022,0.9922178988326849,1.0,0.6797078873677204,0.8768062880588026,0.998649909976493,0.18513131728797172,instance,complexity_kDN_top20
1,0.41346153846153844,0.0,0.09248554913294793,0.8235294117647058,0.7455888378718877,0.0,0.45075920798227986,0.9961089494163424,1.0,0.6689044958537943,0.8677023330773841,0.9960219118961492,-0.20785646483992767,instance,complexity_kDN_top20
1,0.015151515151515138,0.0,0.33333333333333337,0.23529411764705882,0.21274568343681693,0.0,0.47137338883693325,0.9966648137854364,0.95,0.5619425690357862,0.8079924407732874,0.9711139205448223,0.25636619461615073,instance,complexity_kDN_top20
1,0.0052631578947368585,0.0,0.0641025641025641,0.6470588235294118,0.11501206711720757,0.0,0.34958093353263486,0.9705391884380211,1.0,0.6703107413012566,0.8582395275254664,0.994499719605937,0.5387288601477207,instance,complexity_kDN_top20
1,0.05681818181818188,0.0,0.0641025641025641,0.6470588235294118,0.12904719829561245,0.0,0.3975909128530287,0.9927737632017788,1.0,0.6717808345215843,0.8705687901767296,0.9960191148911148,0.4871023478165949,instance,complexity_kDN_top20
1,0.10344827586206895,0.0,0.0641025641025641,0.6470588235294118,0.11998106200172032,0.0,0.4104774171374449,0.9799888827126181,1.0,0.6707035051486785,0.8663864994188268,0.9846551200300102,0.5105221544021078,instance,complexity_kDN_top20
1,0.013333333333333308,0.0,0.0641025641025641,0.6470588235294118,0.12056656130411286,0.0,0.41134874659993703,0.9894385769872152,1.0,0.6730624864392927,0.8829379602388242,0.9982231642229107,0.32970869459281643,instance,complexity_kDN_top20
1,0.021739130434782594,0.0,0.06666666666666665,0.4117647058823529,0.1157176869491705,0.0,0.3996996949522852,0.9760978321289605,1.0,0.6788721713492822,0.8575320038863854,0.9959729617553978,0.25988142707539824,instance,complexity_kDN_top20
1,0.554421768707483,0.4,0.8876404494382022,0.47058823529411764,0.7803231093409941,0.0,0.4967865016271654,0.9994441356309061,1.0,0.6694345411573669,0.8784595262787166,0.993617245188997,-0.142517354130449,instance,complexity_kDN_top20
1,0.13131313131313127,0.0,0.053459119496855334,0.7058823529411765,0.33299835438217296,0.0,0.4456658275170189,0.9933296275708727,1.0,0.6721180775076735,0.862223061586645,0.997990941869749,0.42395349746136235,instance,complexity_kDN_top20
1,0.8708791208791209,0.6,0.053459119496855334,0.8235294117647058,0.5688014400242253,1.0,0.5094663995510588,1.0,1.0,0.6689933090818077,0.8733668908596515,0.984680425198536,0.021791306163102642,instance,complexity_kDN_top20
1,0.12254901960784315,0.2,0.0641025641025641,0.5882352941176471,0.5016416083691297,0.0,0.47643874884001325,0.9988882712618121,1.0,0.6742881782661964,0.851761664266518,0.9983208679117627,0.4342276286355501,instance,complexity_kDN_top20
1,0.0,0.0,0.0641025641025641,0.6470588235294118,0.1149944169477437,0.0,0.329152699845047,0.9694274596998332,1.0,0.6793757990233864,0.8381712013908006,0.9710118359062323,0.8320045929330279,instance,complexity_kDN_top20
1,0.12280701754385959,0.0,0.0641025641025641,0.5882352941176471,0.19619609139055078,0.0,0.45606354605768884,0.9966648137854364,1.0,0.6720474553674014,0.8641233567073291,0.9651178105335305,0.2126654889970752,instance,complexity_kDN_top20
1,0.08783783783783783,0.0,0.09248554913294793,0.7647058823529411,0.6382930169204414,0.0,0.41405391230381616,0.9955530850472485,1.0,0.6788934286157104,0.868092040283269,0.9958884396158657,-0.025926633696301788,instance,complexity_kDN_top20
1,0.12280701754385959,0.2,0.0641025641025641,0.5294117647058824,0.14569805778027606,0.0,0.4451419089952773,0.9977765425236242,0.95,0.6527542691929761,0.8434965984468338,0.9779345619673283,0.4551027654211689,instance,complexity_kDN_top20
1,0.0052631578947368585,0.0,0.0641025641025641,0.6470588235294118,0.11501339975268277,0.0,0.3895351388820024,0.9688715953307393,1.0,0.6736671649336781,0.8435110891313686,0.9665665043701364,0.6849252147642659,instance,complexity_kDN_top20
1,0.0,0.0,0.0641025641025641,0.6470588235294118,0.11499088997501794,0.0,0.3883149298171389,0.9783212896053363,1.0,0.6748409020123795,0.8541228523363463,0.9869352603429465,0.961638228479021,instance,complexity_kDN_top20
1,0.0,0.0,0.0641025641025641,0.6470588235294118,0.1150513589597052,0.0,0.38177577346606284,0.9933296275708727,1.0,0.6780171457766941,0.8472859137783132,0.9829996714407901,0.646992320327614,instance,complexity_kDN_top20
1,0.1892156862745098,0.0,0.0641025641025641,0.7058823529411765,0.18090259889445198,0.0,0.4659633626840798,0.9955530850472485,1.0,0.6714032681044239,0.8872893882690194,0.9922471035347599,0.3691473399711012,instance,complexity_kDN_top20
1,0.12254901960784315,0.0,0.743801652892562,0.5294117647058824,0.3776643663007936,0.0,0.4500489449226973,0.9966648137854364,1.0,0.6718478105614453,0.8864972730790364,0.994758739150495,0.17440346499060214,instance,complexity_kDN_top20
1,0.2519230769230769,0.0,0.07407407407407407,0.5294117647058824,0.6633092497824216,0.0,0.4212254815367724,0.9944413563090606,1.0,0.6716026676861968,0.8737402886476477,0.9921572815830734,-0.1624739284015726,instance,complexity_kDN_top20
1,0.09999999999999998,0.0,0.053459119496855334,0.7058823529411765,0.32232121180231016,0.0,0.42905270105809734,0.9861033907726515,0.95,0.6077520319126131,0.8642270797101839,0.9984162032390493,0.037258712995288365,instance,complexity_kDN_top20
1,0.0,0.0,0.0641025641025641,0.6470588235294118,0.11498804540561325,0.0,0.3515961984196594,0.9360755975541968,0.95,0.650275781124622,0.8324695249679094,0.9813661095068562,0.9545140550241272,instance,complexity_kDN_top20
1,0.021739130434782594,0.0,0.234375,0.5882352941176471,0.1149866576827413,0.0,0.4026678276023037,0.9933296275708727,1.0,0.6825968118346692,0.8705603001839848,0.9998029140234774,0.6029254630362032,instance,complexity_kDN_top20
1,0.35515873015873023,0.0,0.053459119496855334,0.5882352941176471,0.6814341672744011,0.0,0.4271586887502836,0.9955530850472485,1.0,0.670522290003251,0.8581938886269451,0.988327325795033,-0.07759942914083061,instance,complexity_kDN_top20
1,0.01388888888888884,0.0,0.0641025641025641,0.6470588235294118,0.11498668089098435,0.0,0.3481770368032904,0.952751528627015,0.95,0.644588167406504,0.827786522532892,0.9912092636570076,1.2189964391197967,instance,complexity_kDN_top20
1,0.15710382513661203,0.4,0.09248554913294793,0.8235294117647058,0.138085557055307,0.0,0.4550376066451034,0.9994441356309061,1.0,0.671352232083797,0.9004785829296316,0.9963771965352686,0.6368239125919949,instance,complexity_kDN_top20
1,0.10344827586206895,0.0,0.11224489795918369,0.7058823529411765,0.19191275928831458,0.0,0.42162391968442214,0.9955530850472485,1.0,0.6704607945895533,0.8765660662046872,0.9974530856179709,0.09807805185811055,instance,complexity_kDN_top20
1,0.08783783783783783,0.2,0.09248554913294793,0.7647058823529411,0.6838199891347827,0.16666666666666666,0.4601984915456583,0.9983324068927182,1.0,0.6701692052929761,0.8903749571272229,0.9963072143249201,-0.06395536820056921,instance,complexity_kDN_top20
1,0.2102272727272727,0.0,0.053459119496855334,0.7058823529411765,0.12558426224497266,0.0,0.3949068132973681,0.991106170094497,1.0,0.6690261721340611,0.8744351829467834,0.9920971022314489,0.4708634356727081,instance,complexity_kDN_top20
1,0.5159090909090909,0.2,0.22033898305084743,0.6470588235294118,0.1978871829472305,0.25,0.47244734636911534,0.9983324068927182,1.0,0.6707818139248393,0.8698360456125723,0.9981455940128444,0.3437285515462916,instance,complexity_kDN_top20
1,0.10091743119266061,0.0,0.7804878048780488,0.47058823529411764,0.12643741360035865,0.0,0.4246934986866371,0.9794330183435241,1.0,0.6824741580124044,0.8676523306271238,0.9838600577043335,0.609438672623249,instance,complexity_kDN_top20
1,0.030120481927710774,0.0,0.053459119496855334,0.7058823529411765,0.13016156968646964,0.0,0.46747792616373174,0.9972206781545303,1.0,0.6800905963505706,0.8763093053335123,0.9993366118035671,0.4017924739001016,instance,complexity_kDN_top20
1,0.38888888888888895,0.4,0.07407407407407407,0.5294117647058824,0.7969518696588948,1.0,0.516814488583601,1.0,1.0,0.6719712851537425,0.8744476689109077,0.9966327739082843,-0.23606809534256928,instance,complexity_kDN_top20
1,0.0052631578947368585,0.0,0.0641025641025641,0.6470588235294118,0.1170212844692588,0.0,0.4259386239972207,0.9872151195108394,1.0,0.6718346220505436,0.8679042477092851,0.9825595634270792,0.1437292580847963,instance,complexity_kDN_top20
1,0.10344827586206895,0.0,0.0641025641025641,0.5882352941176471,0.12505742636097494,0.0,0.44519102199547655,0.9966648137854364,1.0,0.6717240858954097,0.8809896599736378,0.9752971308754573,0.5697793955621685,instance,complexity_kDN_top20
1,0.2519230769230769,0.0,0.045454545454545414,0.4117647058823529,0.7292037475556796,0.0,0.43475853403330456,0.9916620344635909,1.0,0.6710075099861059,0.864366947770618,0.9992666835354939,-0.18454799539658354,instance,complexity_kDN_top20
1,0.06153846153846154,0.0,0.11224489795918369,0.7058823529411765,0.12521527023959705,0.0,0.44025971282350507,0.991106170094497,1.0,0.6714214627629029,0.8498970643149134,0.9782312840066972,0.4046126863858449,instance,complexity_kDN_top20
1,0.5079365079365079,0.2,0.053459119496855334,0.7058823529411765,0.28864543089399497,0.2,0.4501239698846564,0.9983324068927182,1.0,0.6701189903589281,0.90004144459879,0.9987220852998432,0.11060251530761614,instance,complexity_kDN_top20
1,0.10091743119266061,0.0,0.053459119496855334,0.8235294117647058,0.1149866576827413,0.0,0.4351793643849641,0.9927737632017788,1.0,0.6821917868919928,0.8642700857320286,0.9838776796122126,0.8625867711315709,instance,complexity_kDN_top20
1,0.07692307692307687,0.0,0.743801652892562,0.6470588235294118,0.40856579082647027,0.0,0.4767919882992251,0.9949972206781545,1.0,0.6767034827689921,0.8862873752452518,0.9793259147485815,0.15706428966577718,instance,complexity_kDN_top20
1,0.0,0.0,0.09248554913294793,0.7647058823529411,0.11513440858555679,0.0,0.3342085981757984,0.9772095608671484,0.95,0.6644901274776848,0.8612294133864087,0.9925026251360048,0.6310879997620358,instance,complexity_kDN_top20
1,0.06776315789473686,0.0,0.0641025641025641,0.6470588235294118,0.11498976040534892,0.0,0.4223727227555285,0.9694274596998332,0.9,0.6490856768998677,0.8266789492381618,0.9765891154495291,0.7190465336128286,instance,complexity_kDN_top20
1,0.2102272727272727,0.0,0.09248554913294793,0.8235294117647058,0.12102927564971272,0.0,0.4303998725805219,0.9938854919399667,1.0,0.6710566939052576,0.872272867939951,0.9996864039409322,0.5861159712349089,instance,complexity_kDN_top20
1,0.06776315789473686,0.0,0.0641025641025641,0.6470588235294118,0.1149960225886934,0.0,0.4445405331505947,0.991106170094497,1.0,0.6792169849757832,0.857060873151131,0.997977444361606,0.6641189486647245,instance,complexity_kDN_top20
1,0.01724137931034475,0.2,0.0641025641025641,0.6470588235294118,0.12096583074998046,0.5,0.5027595434532365,1.0,1.0,0.6748791538332032,0.8398403100080442,0.9757676200165967,0.34868616689351417,instance,complexity_kDN_top20
1,0.28846153846153844,0.0,0.743801652892562,0.6470588235294118,0.7969397131485761,0.0,0.4268089584939504,0.9972206781545303,0.95,0.6445161643551187,0.7954570840980327,0.9998953493098394,-1.1728216210873534,instance,complexity_kDN_top20
1,0.554421768707483,0.4,0.22033898305084743,0.8823529411764706,0.7393232423699008,1.0,0.5429027440067863,1.0,1.0,0.6693853119316802,0.8698132997883071,0.9945740855523791,-0.14088001032128808,instance,complexity_kDN_top20
1,0.030120481927710774,0.0,0.0641025641025641,0.6470588235294118,0.1404843520891127,0.0,0.40712013407872016,0.9744302390216787,1.0,0.6738405111223961,0.8833682895109014,0.9946907389790133,0.48081488219131074,instance,complexity_kDN_top20
