y,Hostility,kDN,DCP,TD_U,CLD,N1,N2,LSC,F1,F2,F3,F4,L1,level,subset
0,0.36261079774375504,0.4169218372280419,0.46412772840089733,0.5210515713134569,0.5693655970118144,0.39278343757594364,0.49343883793013915,0.9986405344285305,0.998033843674456,0.6659456881601036,0.8451368470284472,0.9902967805196987,-0.08305224660278424,class,complexity_N1_top25
1,0.160318362706083,0.326435474701535,0.32744884078767117,0.46356831533068027,0.3997398776809186,0.30236050507511564,0.4837678559535061,0.9983763010449753,0.9979761227970438,0.6649726228684609,0.8451664415719466,0.9900764483986847,0.5409486701670033,class,complexity_N1_top25
dataset,0.244,0.3638666666666667,0.3839883406303425,0.48734722222222215,0.4699083835774659,0.33976545815295817,0.4877684188311734,0.9984856055879726,0.998,0.6653751475441038,0.8451541992957857,0.9901675924527441,0.28282029092990124,class,complexity_N1_top25
1,0.4982404692082112,0.8,0.7060133630289532,0.3333333333333333,0.4642907244658566,1.0,0.5124178679106691,1.0,1.0,0.6668214623806421,0.8139951277333062,0.9861623261684402,-0.8052951182137897,instance,complexity_N1_top25
0,0.15311653116531165,0.4,0.29398663697104677,0.9166666666666666,0.5355600947412719,0.6,0.5252579652066196,1.0,1.0,0.6667939042091887,0.8350057494408716,0.9967834123264221,0.42315508392333784,instance,complexity_N1_top25
0,0.475668449197861,0.8,0.7394636015325671,0.625,0.5499713044087277,0.8,0.5480553369637127,1.0,1.0,0.6668510315121204,0.8725186126245441,0.9975180202306545,-0.199153745521742,instance,complexity_N1_top25
0,0.54765625,0.8,0.3271604938271605,0.375,0.5416459237255526,0.3333333333333333,0.4964294706928334,0.9991935483870967,1.0,0.6667813458675359,0.851576027128414,0.9993959389208957,0.17707238786419374,instance,complexity_N1_top25
0,0.16666666666666674,0.6,0.8,0.375,0.5346109181104259,0.0,0.47526735076051474,0.9991935483870967,0.96,0.6517199373880058,0.802337393099078,0.9927505616596746,-0.10224886133608106,instance,complexity_N1_top25
0,0.04347826086956519,0.2,0.29398663697104677,0.5,0.5355277812553937,0.0,0.46917902298079583,0.9967741935483871,1.0,0.6668513049569504,0.8392939709808789,0.9706058748080234,0.5060165958930153,instance,complexity_N1_top25
0,0.6203835227272727,0.6,0.7555555555555555,0.4166666666666667,0.5647501344958704,0.0,0.4867391922573583,0.9983870967741936,1.0,0.6668613185569991,0.8453080791037069,0.9893499329556212,-0.8753493647447979,instance,complexity_N1_top25
0,0.525,0.2,0.4365079365079365,0.375,0.5445142574041345,0.0,0.44988746485720876,0.9975806451612903,1.0,0.6668979008587437,0.864148675820671,0.9958831373886639,-0.509000862018591,instance,complexity_N1_top25
1,0.35080645161290325,0.2,0.7285714285714286,0.4166666666666667,0.420866697162968,0.5,0.4697465243285086,0.9982935153583617,1.0,0.6668285342622969,0.8706714831612841,0.99052581132496,0.7494190504287382,instance,complexity_N1_top25
0,0.525,0.2,0.3271604938271605,0.625,0.5376013393004508,0.5,0.49183693302232434,0.9991935483870967,1.0,0.6668224850178245,0.8563984085725426,0.9888908473703572,-0.2607518976866001,instance,complexity_N1_top25
0,0.48703703703703705,0.4,0.29398663697104677,0.4166666666666667,0.5384840158553684,0.0,0.4385125719416074,0.9975806451612903,1.0,0.6668255258593035,0.8243000585386033,0.9813678010517249,1.003760406838338,instance,complexity_N1_top25
0,0.4172268907563026,0.2,0.39622641509433965,0.5,0.5427226051637358,0.5,0.47384954831265635,0.9983870967741936,1.0,0.66689229370741,0.8693683915978586,0.9964443677585155,-0.3296590080027414,instance,complexity_N1_top25
0,0.4933333333333334,0.6,0.49751243781094523,1.0,0.5754186368702289,0.0,0.48944440164592806,0.9983870967741936,1.0,0.6668877866182245,0.853939676519991,0.9909745038619441,-1.2077738465845815,instance,complexity_N1_top25
0,0.4529411764705882,0.0,0.29398663697104677,0.5,0.5366642686555706,0.0,0.39090538419362464,0.989516129032258,1.0,0.6668932927382534,0.8371933210907389,0.996657234908016,0.7505913483254333,instance,complexity_N1_top25
0,0.4097859327217126,0.4,0.29398663697104677,0.9166666666666666,0.5391982096753195,0.5,0.46902158948882466,0.9991935483870967,1.0,0.6669721834143668,0.8623224899442796,0.9833999944421219,0.33672962017229396,instance,complexity_N1_top25
0,0.4172268907563026,0.6,0.29398663697104677,0.9166666666666666,0.541520426804524,0.6,0.5126862473489107,1.0,1.0,0.6669618585680631,0.866854021102652,0.9988233642791721,0.24046454609378662,instance,complexity_N1_top25
1,0.5018867924528302,0.6,0.575,0.2916666666666667,0.4528624465401164,1.0,0.5150737672729826,1.0,1.0,0.6668671036893906,0.8600395715057989,0.9921617860090087,-0.2760323425108409,instance,complexity_N1_top25
0,0.11224489795918369,0.2,0.3271604938271605,0.4166666666666667,0.5350987124463936,0.0,0.4721576330192101,0.9975806451612903,1.0,0.6668530983440398,0.8189088658659549,0.9818983233336488,0.9657795091744387,instance,complexity_N1_top25
0,0.7600869025450031,0.6,0.4365079365079365,0.5833333333333334,0.5913867210223861,0.3333333333333333,0.46263793276553766,0.9983870967741936,1.0,0.6669672745935249,0.8605822253457408,0.9968607675763215,-0.42523813921287534,instance,complexity_N1_top25
0,0.3685897435897436,0.2,0.4365079365079365,0.5833333333333334,0.55555696168896,0.25,0.4723084913869867,0.9975806451612903,1.0,0.6670020888690643,0.8628483782571064,0.9906905740214419,-0.7088394080193635,instance,complexity_N1_top25
0,0.7708333333333334,0.4,0.29398663697104677,0.9166666666666666,0.5518877010773112,0.3333333333333333,0.4874898411071217,0.9991935483870967,1.0,0.666860473963392,0.85253997403527,0.9967742156166534,-0.7287710919187524,instance,complexity_N1_top25
0,0.4097859327217126,0.4,0.29398663697104677,0.5833333333333334,0.5406469730536069,0.0,0.4726686829431209,0.9991935483870967,1.0,0.6668897132312426,0.8252379711015562,0.993378506564451,-0.19950838173532978,instance,complexity_N1_top25
0,0.7638888888888888,0.6,0.4365079365079365,0.4166666666666667,0.6048256588604608,0.6666666666666666,0.5263653912964221,1.0,1.0,0.667135973064571,0.8580584902115826,0.9923030298145089,-1.1682482270970653,instance,complexity_N1_top25
0,0.5934202358783365,0.6,0.49751243781094523,0.6666666666666666,0.5525579456197681,0.0,0.46282418555060867,0.9991935483870967,1.0,0.6669552235987667,0.8595919484897497,0.9824186056771348,-0.16511224886865522,instance,complexity_N1_top25
0,0.5433333333333333,0.4,0.27142857142857146,0.7083333333333334,0.5506875947908988,0.0,0.4951043010643432,0.9991935483870967,1.0,0.666798051480368,0.8414367527362561,0.9956842119257527,-0.36160931948791025,instance,complexity_N1_top25
0,0.2583333333333333,0.4,0.27142857142857146,0.5833333333333334,0.580443229454303,0.0,0.43901630959316296,0.9983870967741936,1.0,0.6671765677930278,0.8319406871323219,0.9913312081110094,-0.102113486942414,instance,complexity_N1_top25
0,0.28627450980392155,0.2,0.39622641509433965,0.4583333333333333,0.5365665323803265,0.0,0.47800461900178504,0.9983870967741936,1.0,0.6668212625802875,0.8476647995594806,0.9736245241189487,1.0472348174682289,instance,complexity_N1_top25
0,0.42108433734939765,0.0,0.7555555555555555,0.4166666666666667,0.5443830187227064,0.0,0.43549564501437854,0.9911290322580645,1.0,0.6670302846878898,0.8572986690351598,0.9802907773384798,-0.007998148159715373,instance,complexity_N1_top25
0,0.42340067340067344,0.4,0.29398663697104677,0.9166666666666666,0.5395964299808559,0.3333333333333333,0.5027353810128421,1.0,1.0,0.6668766343436914,0.847864020729852,0.9913803944197388,-0.16115116429512955,instance,complexity_N1_top25
0,0.2290322580645161,0.4,0.29398663697104677,0.9166666666666666,0.5363334082401773,0.5,0.4706242468814643,0.9975806451612903,1.0,0.666897182656119,0.8348978749429906,0.9794095256645525,0.36092477856464616,instance,complexity_N1_top25
0,0.3556231003039514,0.4,0.3666666666666667,0.2916666666666667,0.5373870446507956,0.3333333333333333,0.495477904149941,0.9991935483870967,1.0,0.6670099819167493,0.8516788817802398,0.9794180025011628,-0.2273908333152439,instance,complexity_N1_top25
0,0.433710407239819,0.6,0.29398663697104677,0.9166666666666666,0.5389228626284618,0.0,0.4764973028663444,0.9991935483870967,1.0,0.6669184173912227,0.8485099084752555,0.9957983886643725,-0.10090671080701381,instance,complexity_N1_top25
0,0.34912959381044484,0.4,0.3271604938271605,0.5,0.5364128712784869,0.6,0.48440724196147356,0.9991935483870967,1.0,0.6668334448205067,0.8498999130578169,0.9818177502262267,0.21683939676055228,instance,complexity_N1_top25
0,0.3264525993883791,0.2,0.29398663697104677,0.9166666666666666,0.5396201569957702,0.0,0.43658970356965077,0.9975806451612903,1.0,0.6668427367846721,0.8605879518445001,0.9986224667337272,0.3439222233818915,instance,complexity_N1_top25
0,0.5076190476190476,0.0,0.27142857142857146,0.5833333333333334,0.57313866974023,0.0,0.46689611675346143,0.9959677419354839,1.0,0.666967621734383,0.8269972289634794,0.9971078733943673,-0.3175831077544905,instance,complexity_N1_top25
0,0.46534148827726807,0.6,0.29398663697104677,0.5833333333333334,0.5392191687153272,0.5,0.4950573709984629,0.9991935483870967,1.0,0.6672165557266037,0.8586294424305726,0.9919435749158633,0.5119097935423331,instance,complexity_N1_top25
0,0.37419354838709673,0.2,0.3271604938271605,0.625,0.5433070123644659,1.0,0.5106153905827208,1.0,0.96,0.6309908524563362,0.8479826177448447,0.9891229123714858,-0.22985313605293006,instance,complexity_N1_top25
0,0.37564102564102564,0.2,0.27142857142857146,0.5833333333333334,0.5794497246010394,0.0,0.49746269353718764,0.9991935483870967,1.0,0.6671517020606548,0.8325693469453909,0.996039153910244,-0.23608286240120405,instance,complexity_N1_top25
0,0.3556231003039514,0.4,0.29398663697104677,0.9166666666666666,0.5395321162816172,0.0,0.4831611748817216,0.9991935483870967,1.0,0.6668873405308006,0.8400107617743712,0.9888169750880669,-0.6050424692769113,instance,complexity_N1_top25
0,0.0,0.2,0.3666666666666667,0.20833333333333334,0.5891583098775249,0.5,0.5540623634982397,1.0,1.0,0.667036970327899,0.8169609420903058,0.9335645504053716,-0.6787728452934294,instance,complexity_N1_top25
0,0.3290322580645161,0.4,0.3271604938271605,0.4166666666666667,0.5369532998864354,0.5,0.5283018126366783,1.0,1.0,0.6668576338612184,0.8490231869453634,0.9944694344556031,0.13087110505756314,instance,complexity_N1_top25
0,0.4981132075471698,0.6,0.3271604938271605,0.625,0.5411310315444444,1.0,0.5013798750367662,1.0,1.0,0.6669521117990727,0.8480687699078225,0.9901243418423856,-0.4817241498951408,instance,complexity_N1_top25
1,0.6735474006116208,0.8,0.7285714285714286,0.4166666666666667,0.4599853355969943,1.0,0.5383594651468495,1.0,1.0,0.6668771098588296,0.8313462945795647,0.9554744804815599,-0.5664670614342404,instance,complexity_N1_top25
0,0.2290322580645161,0.2,0.29398663697104677,0.5833333333333334,0.5388426092433545,0.25,0.4875499228490322,0.9975806451612903,1.0,0.6669086373075785,0.8506998775610455,0.9980967738271499,-0.24079566443065545,instance,complexity_N1_top25
0,0.3696078431372549,0.4,0.29398663697104677,0.9166666666666666,0.5410074631884786,0.5,0.4979225135632508,0.9991935483870967,1.0,0.666981545457296,0.8678667822554377,0.9820523929493646,0.04323129394519705,instance,complexity_N1_top25
0,0.20294117647058818,0.2,0.29398663697104677,0.4166666666666667,0.5421673329544497,0.0,0.4553347403151805,0.9967741935483871,1.0,0.6668185411458294,0.8321778948303644,0.9778738645644637,0.16641890587830385,instance,complexity_N1_top25
0,0.2857142857142857,0.2,0.48453608247422686,0.2916666666666667,0.5539198370245981,0.0,0.4620152429294735,0.9967741935483871,1.0,0.666859483532506,0.819906210229458,0.9940181814318467,0.20881985411660361,instance,complexity_N1_top25
0,0.4805555555555555,0.6,0.7394636015325671,0.4583333333333333,0.5849941406133673,0.6,0.4912684446735617,0.9991935483870967,1.0,0.6668178679383098,0.8503882296260739,0.9931579071396788,-0.2724161856551361,instance,complexity_N1_top25
0,0.34615384615384615,0.4,0.49751243781094523,0.5833333333333334,0.6682495946100186,0.0,0.44659038131621065,0.9991935483870967,1.0,0.6670855653780986,0.8462174295935404,0.9900274879137854,-0.5555933787007573,instance,complexity_N1_top25
0,0.5288335517693316,0.4,0.27142857142857146,0.5833333333333334,0.5398460603664551,1.0,0.5215355318616802,1.0,1.0,0.6670460117370548,0.8589660107549284,0.9898108570565137,0.5086357116081484,instance,complexity_N1_top25
0,0.28627450980392155,0.2,0.29398663697104677,0.625,0.5373582532795556,0.5,0.5020266066690022,1.0,1.0,0.6668342270095587,0.8516519781452532,0.9797251025780319,0.710743713329164,instance,complexity_N1_top25
0,0.4726190476190476,0.2,0.4365079365079365,0.5833333333333334,0.6019815768892006,0.3333333333333333,0.5064834212331826,1.0,1.0,0.666883894889851,0.8690906698647558,0.9985858447330004,-0.8742740586300352,instance,complexity_N1_top25
0,0.5241935483870968,0.8,0.4365079365079365,0.375,0.5406865484478166,0.6,0.5019044410789362,1.0,1.0,0.6669698990533456,0.8692027315624626,0.9995303257507071,-0.1555226660046367,instance,complexity_N1_top25
0,0.6370370370370371,0.4,0.3271604938271605,0.375,0.5436224641424989,1.0,0.5296972109114988,1.0,1.0,0.6669393980833266,0.8637543911819856,0.9908090274160039,-0.571086612564561,instance,complexity_N1_top25
0,0.7461538461538462,0.4,0.8,0.375,0.5354827799367519,0.5,0.5007372486448206,1.0,1.0,0.667312917885879,0.8424249354816231,0.9941585636264808,1.4377559814118694,instance,complexity_N1_top25
0,0.16898954703832758,0.0,0.3271604938271605,0.625,0.5362125550359463,0.2,0.45642102834655063,0.9951612903225806,1.0,0.6668766610083295,0.8285575136658,0.983736432437312,0.34153025342044163,instance,complexity_N1_top25
0,0.83203125,1.0,0.7555555555555555,0.375,0.5543788781638667,1.0,0.5139271936706977,1.0,1.0,0.6670262049917259,0.8702786925674159,0.998865777948533,-0.021349260582218525,instance,complexity_N1_top25
0,0.3647798742138365,0.2,0.29398663697104677,0.4583333333333333,0.5368275363792773,0.0,0.4700207505225228,0.9983870967741936,1.0,0.6668674614479018,0.835447979297269,0.9752958177787525,0.4544046914291578,instance,complexity_N1_top25
0,0.43452380952380953,1.0,0.7555555555555555,0.4166666666666667,0.563189725858978,1.0,0.5870754686043549,1.0,1.0,0.6669847136142184,0.8586391562154749,0.9985269301863291,-0.15291367610640658,instance,complexity_N1_top25
0,0.4916666666666667,0.0,0.42500000000000004,0.3333333333333333,0.5405322104838839,0.0,0.44712926924767527,0.9959677419354839,1.0,0.6668746687840751,0.8451127505990133,0.995515542788839,1.2420779462800737,instance,complexity_N1_top25
0,0.5154411764705882,0.4,0.29398663697104677,0.9166666666666666,0.539982653469118,0.6666666666666666,0.49901833761208103,0.9991935483870967,1.0,0.6667907949018276,0.8552174850941415,0.9992736457829092,-0.09776505543486344,instance,complexity_N1_top25
0,0.3627659574468085,0.2,0.29398663697104677,0.625,0.537141099526203,0.25,0.4494120280504902,0.9975806451612903,1.0,0.6668433831925639,0.8585926317410351,0.9993297979404833,0.3533692223903962,instance,complexity_N1_top25
1,0.6066666666666667,0.6,0.7285714285714286,0.4583333333333333,0.38060723800608154,0.6666666666666666,0.5137931764233985,1.0,1.0,0.6670111088259231,0.8218768843787564,0.9951840927474838,0.4972646817291224,instance,complexity_N1_top25
0,0.7202380952380952,0.8,0.27142857142857146,0.625,0.5447452061320907,0.7142857142857143,0.49064782638636295,0.9991935483870967,1.0,0.6669177600181031,0.8706468365596705,0.9937138968651311,0.024333033509339224,instance,complexity_N1_top25
0,0.4458333333333333,0.2,0.27142857142857146,0.5833333333333334,0.5617327039934206,0.4,0.4965513920157081,0.9991935483870967,1.0,0.6670622371257154,0.8571944375826246,0.997282009481571,-0.29928102299947706,instance,complexity_N1_top25
0,0.6428571428571429,0.2,0.3271604938271605,0.5,0.5776588789669588,0.0,0.491548505021591,0.9975806451612903,0.96,0.6666666666666666,0.8408843081846038,0.9966829907966405,-0.6528702028816108,instance,complexity_N1_top25
0,0.6,0.4,0.27142857142857146,0.5416666666666666,0.5857244443187012,1.0,0.5156141903281732,1.0,1.0,0.6669366331969132,0.8371936386314808,0.9878660143641239,-0.3542639016406864,instance,complexity_N1_top25
0,0.32619047619047614,0.2,0.6862745098039216,0.2916666666666667,0.5415012809165698,0.0,0.4640487737650538,0.9967741935483871,1.0,0.6669107103860694,0.8400860882711608,0.9948027983389155,0.3278149499421432,instance,complexity_N1_top25
0,0.44999999999999996,0.4,0.27142857142857146,0.5833333333333334,0.6283639769673179,0.0,0.47267954034347304,0.9983870967741936,1.0,0.6669896234323492,0.8520107160970101,0.9629664556247234,-1.00274972919335,instance,complexity_N1_top25
0,0.37419354838709673,0.2,0.27142857142857146,0.5833333333333334,0.5623460305919094,0.0,0.49029644224706803,0.9967741935483871,1.0,0.6669960337672892,0.8319238520146847,0.9950164121910858,-0.9728140633924077,instance,complexity_N1_top25
0,0.5727513227513228,0.4,0.48453608247422686,0.375,0.5597846719274716,0.0,0.4953172208290487,0.9983870967741936,1.0,0.6669319051542008,0.8593068392076273,0.9984033702134948,-0.5267889628843263,instance,complexity_N1_top25
0,0.6370370370370371,0.8,0.7555555555555555,0.4583333333333333,0.5561772503875861,1.0,0.5139774315638943,1.0,1.0,0.6669064025113204,0.8670004811696326,0.9990692264412965,-0.875991043500781,instance,complexity_N1_top25
0,0.20294117647058818,0.2,0.29398663697104677,0.9166666666666666,0.538835770700186,0.5,0.4964698043857996,0.9991935483870967,1.0,0.6668219352738685,0.8477533092838706,0.9953971953008521,-0.2332171821433131,instance,complexity_N1_top25
0,0.21276595744680848,0.4,0.29398663697104677,0.6666666666666666,0.542141258564547,0.0,0.4667495637336895,0.9975806451612903,1.0,0.6668931821450547,0.8579497810334484,0.9803735025226895,0.8855616336433633,instance,complexity_N1_top25
0,0.39897579143389195,0.4,0.7394636015325671,0.4583333333333333,0.5475535518613883,0.5,0.5112947134403467,1.0,1.0,0.6668484962338561,0.856579218329715,0.9936851500581986,-0.5028507000380958,instance,complexity_N1_top25
0,0.6370370370370371,0.6,0.3271604938271605,0.375,0.5420897427342629,1.0,0.5251524359840006,1.0,1.0,0.6669670577958571,0.8566362783015024,0.9933363196521148,-0.3624501968336076,instance,complexity_N1_top25
0,0.5433333333333333,0.6,0.4365079365079365,0.5833333333333334,0.5739881854571092,0.0,0.4990485319969775,0.9991935483870967,1.0,0.666839111967621,0.8261826461402948,0.9922039605334507,-0.7061909917520405,instance,complexity_N1_top25
0,0.28627450980392155,0.4,0.42500000000000004,0.4166666666666667,0.5574399531922862,0.0,0.4914512503365457,0.9991935483870967,1.0,0.6669163777826828,0.8400241408480393,0.9973584227877904,0.027696137092121913,instance,complexity_N1_top25
0,0.7689969604863222,0.6,0.3271604938271605,0.625,0.5368671235712248,0.5,0.4984934883348209,0.9991935483870967,1.0,0.6669756127815017,0.8340638718929384,0.9671226838762006,0.16474391081606576,instance,complexity_N1_top25
1,0.3973684210526316,0.4,0.26053639846743293,0.375,0.44075370034438677,0.3333333333333333,0.4985752696777688,0.9988623435722411,1.0,0.6667520196125978,0.8534425981427469,0.9937069187995822,0.05971967670611967,instance,complexity_N1_top25
0,0.04347826086956519,0.2,0.29398663697104677,0.6666666666666666,0.5410482206251139,1.0,0.5026167771042855,1.0,1.0,0.6668253289768541,0.816258451827731,0.9882054495377878,0.3024137019975107,instance,complexity_N1_top25
0,0.7461538461538462,0.8,0.8,0.375,0.5380940480365545,1.0,0.5211985452599788,1.0,1.0,0.6670765840243285,0.8268004977000132,0.9897434162018279,0.2870239242688086,instance,complexity_N1_top25
1,0.8315217391304348,0.8,0.7060133630289532,0.5,0.4632711963855606,1.0,0.5568744709416378,1.0,1.0,0.666906222380399,0.8189698981749123,0.9933638721524779,-0.9148880642740345,instance,complexity_N1_top25
0,0.4981132075471698,0.6,0.3271604938271605,0.625,0.5410174909171827,0.75,0.4935650616135525,0.9983870967741936,1.0,0.6669822275071906,0.8719131054993645,0.9973090913868431,-0.045590573132842455,instance,complexity_N1_top25
0,0.39569892473118284,0.4,0.6862745098039216,0.3333333333333333,0.5393372033412166,0.5,0.4551304484627495,0.9991935483870967,1.0,0.6670361836204659,0.844530955431886,0.9922703247342941,-0.23321183584417235,instance,complexity_N1_top25
0,0.11224489795918369,0.4,0.7394636015325671,0.5,0.5432270230987251,0.0,0.4849923057435188,0.9991935483870967,1.0,0.6667631886578776,0.8562407687573333,0.9935875648548935,0.33922390340179204,instance,complexity_N1_top25
0,0.44999999999999996,0.4,0.49751243781094523,0.4166666666666667,0.7225387445621774,0.0,0.4928332352469079,0.9991935483870967,1.0,0.6669127670348428,0.8402905100044332,0.9949219777853964,-1.2021061911956799,instance,complexity_N1_top25
0,0.18089430894308944,0.4,0.29398663697104677,0.5,0.5355363750855145,0.0,0.4826924166730282,0.9991935483870967,1.0,0.6668545829320803,0.8284471932484478,0.9936334146461068,1.2721506364049888,instance,complexity_N1_top25
0,0.74765625,1.0,0.4365079365079365,0.625,0.5615217519390489,1.0,0.5228310294302339,1.0,1.0,0.6669013622798908,0.8453312069844258,0.9936929340167596,-0.3644308403500993,instance,complexity_N1_top25
0,0.125,0.6,0.27142857142857146,0.5833333333333334,0.5345868425186309,0.5,0.5030069772013159,1.0,1.0,0.6670153840835968,0.8661479607871897,0.9977650251608662,0.5110494899913831,instance,complexity_N1_top25
0,0.39897579143389195,0.0,0.48453608247422686,0.2916666666666667,0.5501752398790523,0.0,0.4479822609619559,0.9943548387096774,1.0,0.6668673425331513,0.8263977486130157,0.9878916059380068,-0.3392090734577743,instance,complexity_N1_top25
0,0.39569892473118284,0.2,0.3271604938271605,0.625,0.536475771225548,0.25,0.47327784974737985,0.9983870967741936,1.0,0.6669475273285845,0.8622538886317065,0.9944396857765488,0.3233573977979434,instance,complexity_N1_top25
0,0.4433179723502304,0.2,0.39622641509433965,0.4583333333333333,0.5353888077080211,0.8333333333333334,0.544935597171307,1.0,1.0,0.6668990060950877,0.8348986061669166,0.9995609548265094,0.7115676251988371,instance,complexity_N1_top25
0,0.0,0.4,0.49751243781094523,0.4166666666666667,0.7176641945130436,0.0,0.48432962598425144,0.9983870967741936,1.0,0.66708297986825,0.8352712907541172,0.98555593549738,-1.08051116215546,instance,complexity_N1_top25
1,0.566289592760181,0.2,0.7060133630289532,0.5416666666666666,0.46114021401819993,0.0,0.4644911779360763,0.9988623435722411,1.0,0.6669805128051083,0.8778616716218908,0.9982315626626437,-0.3488865789502003,instance,complexity_N1_top25
0,0.4741935483870968,0.8,0.49751243781094523,0.5416666666666666,0.5553153985197343,0.0,0.4926936822158584,0.9991935483870967,1.0,0.6668475962974589,0.8674609513639091,0.9968813695203648,0.2501259174013783,instance,complexity_N1_top25
0,0.5700854700854701,0.4,0.49751243781094523,0.5416666666666666,0.5496725555573713,1.0,0.5031746189489196,1.0,1.0,0.6669384427813209,0.8336935459595844,0.9687026829653338,0.25658833671591563,instance,complexity_N1_top25
0,0.29333333333333333,0.2,0.27142857142857146,0.5833333333333334,0.5554067988956629,0.0,0.47200957154050605,0.9967741935483871,1.0,0.6672789829246432,0.8386500227304511,0.9976165756177876,-0.6273891306550416,instance,complexity_N1_top25
0,0.28627450980392155,0.2,0.3271604938271605,0.625,0.5383577173364508,0.0,0.4879605338004007,0.9991935483870967,1.0,0.666885146897498,0.8479660018033105,0.9885702472947887,0.6066397790430959,instance,complexity_N1_top25
0,0.3647798742138365,0.4,0.29398663697104677,0.625,0.5375100038988622,0.6666666666666666,0.4714858342299997,0.9991935483870967,1.0,0.6667351892124372,0.8433546765355525,0.9790607959270954,-0.0088298994116569,instance,complexity_N1_top25
0,0.3290322580645161,0.6,0.3271604938271605,0.625,0.5376282067648831,0.75,0.5199428225332483,1.0,1.0,0.6669056031151214,0.8660619529510324,0.9965605769167011,0.5133820460540179,instance,complexity_N1_top25
0,0.04347826086956519,0.4,0.29398663697104677,0.7083333333333334,0.5376506124768597,0.3333333333333333,0.44872211928508354,0.9975806451612903,1.0,0.666913451245343,0.8477851399824341,0.9962560933116166,0.2322585315007162,instance,complexity_N1_top25
1,0.7137254901960784,1.0,0.7060133630289532,0.5416666666666666,0.46289469645297154,0.625,0.5550016294306803,1.0,1.0,0.6668571776121113,0.8543671192728267,0.9969093324536414,-0.8554974447482124,instance,complexity_N1_top25
0,0.39569892473118284,0.4,0.3271604938271605,0.4583333333333333,0.5356130085624081,0.75,0.4889434676604032,0.9991935483870967,1.0,0.6668436533902385,0.8541862639068698,0.9994359596280075,0.20673893995922166,instance,complexity_N1_top25
0,0.16898954703832758,0.2,0.3271604938271605,0.625,0.5367813972873896,0.0,0.48719039758601446,0.9975806451612903,1.0,0.6667770272314236,0.8226186185969483,0.9807234950307155,-0.07779519258163013,instance,complexity_N1_top25
0,0.20294117647058818,0.0,0.29398663697104677,0.5,0.5395428611361248,0.0,0.455802801004238,0.9951612903225806,1.0,0.6668407741199253,0.8429761581729501,0.9813670948335476,0.6791050246041133,instance,complexity_N1_top25
0,0.16898954703832758,0.0,0.29398663697104677,0.9166666666666666,0.5362028352309037,0.0,0.44111202682412254,0.9814516129032258,1.0,0.6667481045046613,0.8125815225787268,0.9945605154721603,-0.5205786360953505,instance,complexity_N1_top25
0,0.7069767441860465,0.4,0.7727272727272727,0.375,0.5901700680766413,0.0,0.4991386035091372,0.9991935483870967,1.0,0.6667829694236403,0.8611258046946371,0.9857073562511902,0.28819055002237454,instance,complexity_N1_top25
0,0.31405228758169934,0.4,0.3271604938271605,0.625,0.5374182759228621,0.5,0.45709186354120757,0.9983870967741936,1.0,0.6668752898545361,0.8424469476213639,0.9993190214340778,0.2586062107463516,instance,complexity_N1_top25
0,0.3279411764705882,0.2,0.3271604938271605,0.4166666666666667,0.5405099233057581,0.0,0.4862624029583765,0.9967741935483871,1.0,0.6667612986457885,0.838069257485634,0.9871302264117556,0.6887721436784429,instance,complexity_N1_top25
0,0.19811320754716988,0.2,0.29398663697104677,0.4166666666666667,0.5504405996043213,0.0,0.4400494109115497,0.9983870967741936,1.0,0.6668663516947815,0.8556467820523841,0.9893654550088532,0.6615120574243627,instance,complexity_N1_top25
0,0.48703703703703705,0.6,0.29398663697104677,0.9166666666666666,0.5567504535977603,0.6,0.4995410112913059,0.9991935483870967,1.0,0.6668403897979883,0.8660034034478002,0.9925698048837168,-0.45719630522234295,instance,complexity_N1_top25
0,0.28627450980392155,0.2,0.29398663697104677,0.9166666666666666,0.5373127404242174,0.25,0.45603021031451063,0.9991935483870967,1.0,0.6668728715764669,0.8525454698167139,0.9910663551793869,0.4628582947264459,instance,complexity_N1_top25
0,0.410850439882698,0.6,0.3271604938271605,0.6666666666666666,0.538147320034995,1.0,0.5116797954215684,1.0,1.0,0.6668412202666716,0.8138810887950215,0.9858212790404669,-0.3726281720891666,instance,complexity_N1_top25
0,0.6656424581005587,0.6,0.9215686274509804,0.25,0.5465339986822335,1.0,0.5372370375524382,1.0,1.0,0.6668256946170539,0.8548254975922234,0.9923031048898797,-0.7785971225268542,instance,complexity_N1_top25
0,0.12681159420289856,0.0,0.29398663697104677,0.9166666666666666,0.535458518938635,0.16666666666666666,0.4712593852815039,0.9959677419354839,1.0,0.6668379697580786,0.8411884935849777,0.9964313108886815,0.45628296804627183,instance,complexity_N1_top25
0,0.09756097560975607,0.0,0.29398663697104677,0.4166666666666667,0.5356263773703419,0.0,0.44419308443516037,0.9951612903225806,1.0,0.6668265052021772,0.8422711011903597,0.9934452628208479,1.0058837610907936,instance,complexity_N1_top25
0,0.3290322580645161,0.2,0.3271604938271605,0.625,0.535266348970809,0.5,0.49003633374355915,0.9983870967741936,1.0,0.6669301626685884,0.8236552128443186,0.9863604161896036,0.5511999119891625,instance,complexity_N1_top25
0,0.4172268907563026,0.4,0.29398663697104677,0.6666666666666666,0.5385969295990365,0.3333333333333333,0.5127324934324254,1.0,1.0,0.6669343229272473,0.8591352565251243,0.9866205768823592,0.23897648567238602,instance,complexity_N1_top25
0,0.49311926605504586,0.4,0.29398663697104677,0.9166666666666666,0.536166407087465,1.0,0.5157749087135008,1.0,1.0,0.6670150430647165,0.8376191094298149,0.9848188994229232,0.8346666303560925,instance,complexity_N1_top25
1,0.2776515151515151,0.8,0.5154639175257731,0.4166666666666667,0.4389971050448957,1.0,0.5142487027402288,1.0,1.0,0.6669288998545269,0.8411928980716037,0.9970539803756968,-0.2017549750488564,instance,complexity_N1_top25
0,0.4481132075471699,0.4,0.3271604938271605,0.625,0.5393297059679741,0.3333333333333333,0.4589656201498089,0.9983870967741936,1.0,0.6670573724939809,0.8467519805965142,0.9987766912151643,-0.0801349696219192,instance,complexity_N1_top25
0,0.7223484848484849,0.2,0.7555555555555555,0.375,0.5476317736400111,0.0,0.47150433611236775,0.9975806451612903,1.0,0.6670720917445772,0.8461696323614097,0.9898183686587321,0.019381334984616354,instance,complexity_N1_top25
0,0.39569892473118284,0.8,0.3271604938271605,0.625,0.5388400306828754,0.0,0.4935840624183795,0.9991935483870967,1.0,0.6670101207268029,0.8559823038979857,0.9892326857555446,0.23350357534631785,instance,complexity_N1_top25
0,0.24860853432282004,0.2,0.3271604938271605,0.625,0.5386300891472793,0.0,0.4934353404544721,0.9983870967741936,1.0,0.6668327030562432,0.831478736947443,0.9685537266651328,-1.0498833181858196,instance,complexity_N1_top25
1,0.26249999999999996,0.2,0.26053639846743293,0.625,0.39102784741936436,0.6666666666666666,0.4880662490367311,0.9994311717861206,1.0,0.6668947372105739,0.8574927258326699,0.9762235876210794,1.1015549528195498,instance,complexity_N1_top25
0,0.2695417789757413,0.2,0.29398663697104677,0.4166666666666667,0.5377674815371322,1.0,0.5025425859644781,1.0,1.0,0.6668434984678863,0.836541991036955,0.9960405564727035,0.23462612572764013,instance,complexity_N1_top25
0,0.48847926267281105,0.4,0.27142857142857146,0.625,0.5449251020924984,0.4,0.5027621884737834,1.0,1.0,0.6669617708047749,0.8506369207252732,0.9968783624856878,0.508923236784674,instance,complexity_N1_top25
0,0.6026315789473684,0.6,0.4365079365079365,0.5833333333333334,0.5583970525459195,1.0,0.5118222656150972,1.0,1.0,0.6668392333548706,0.8472772350574143,0.9946352190576199,0.0527067696943422,instance,complexity_N1_top25
0,0.49311926605504586,0.6,0.27142857142857146,0.5833333333333334,0.5725235859583341,1.0,0.5101794489890505,1.0,1.0,0.6669863604094806,0.8544868006822002,0.9849339507698405,-0.24427711151917544,instance,complexity_N1_top25
0,0.4726190476190476,0.8,0.27142857142857146,0.4166666666666667,0.7456095869180815,1.0,0.5374800853701253,1.0,1.0,0.6668554130585945,0.8456425211279689,0.9886158307112586,-1.2493878712506319,instance,complexity_N1_top25
1,0.5273809523809524,0.8,0.7285714285714286,0.4166666666666667,0.43674259898761436,1.0,0.5528014534924532,1.0,0.96,0.6638242701328837,0.8599742490786781,0.9976243238328673,0.39137235299899736,instance,complexity_N1_top25
0,0.24860853432282004,0.4,0.3271604938271605,0.625,0.5412474544438601,0.0,0.4867761951892514,0.9983870967741936,1.0,0.6668936222432834,0.8511809848643047,0.9817405277152089,0.2132410201550256,instance,complexity_N1_top25
0,0.37083333333333335,0.4,0.7394636015325671,0.4583333333333333,0.5472848282230025,0.5,0.5149741614695467,1.0,1.0,0.6669394151368893,0.8517004227134243,0.9960313625684034,-0.34561479739553175,instance,complexity_N1_top25
0,0.3685897435897436,0.0,0.4365079365079365,0.5833333333333334,0.5599085515147638,0.3333333333333333,0.4627658512513916,0.9959677419354839,1.0,0.666890411700017,0.8551865590830805,0.9807356602324068,-0.152109212495858,instance,complexity_N1_top25
0,0.525,0.2,0.4365079365079365,0.5,0.5479840975264759,0.0,0.4204863953867216,0.9967741935483871,1.0,0.6669358645915707,0.8527263934419588,0.9918174991887586,0.4070802611904454,instance,complexity_N1_top25
0,0.0625,0.0,0.39622641509433965,0.4583333333333333,0.5365880184553437,0.0,0.4171412892237274,0.9943548387096774,1.0,0.6670345533185431,0.8192440532147822,0.9818837723542515,0.8002253696427754,instance,complexity_N1_top25
0,0.3279411764705882,0.6,0.9215686274509804,0.4583333333333333,0.5628427366520307,1.0,0.5088308999326121,1.0,1.0,0.6667514773642876,0.8494408724392224,0.998214179474637,-0.23358403858517157,instance,complexity_N1_top25
0,0.40294117647058825,0.2,0.3271604938271605,0.625,0.5408269020010833,0.5,0.5462266834047667,1.0,1.0,0.6669533967936954,0.8608676982776124,0.995441389582121,0.5832579112044085,instance,complexity_N1_top25
0,0.49311926605504586,0.4,0.49751243781094523,0.6666666666666666,0.5491046779314308,0.3333333333333333,0.4992179771091998,0.9991935483870967,1.0,0.6671136548448844,0.8523771100519367,0.9775256058957991,-0.2394339578580748,instance,complexity_N1_top25
0,0.26609105180533754,0.2,0.29398663697104677,0.5416666666666666,0.5387145379640729,0.2,0.46570865462533295,0.9983870967741936,1.0,0.6668441542901884,0.8567513514543735,0.9842978417488955,0.6586987520544367,instance,complexity_N1_top25
0,0.6203835227272727,1.0,0.697986577181208,0.375,0.5560229833240021,1.0,0.5548695362687044,1.0,1.0,0.6669403418370615,0.8454724066533988,0.9958592364036961,-0.28654380835310056,instance,complexity_N1_top25
0,0.16898954703832758,0.2,0.29398663697104677,0.7916666666666666,0.535497305450804,0.0,0.4696792152479303,0.9991935483870967,1.0,0.6668805407861192,0.8195771993570713,0.9890743294914489,0.22220163837673937,instance,complexity_N1_top25
1,0.5827731092436975,1.0,0.7060133630289532,0.9166666666666666,0.4642086537631931,1.0,0.520157353056433,1.0,1.0,0.6669653445444106,0.8370550853582364,0.9951077175503376,-0.9372732300670906,instance,complexity_N1_top25
0,0.12681159420289856,0.2,0.29398663697104677,0.5,0.5359610531451602,0.0,0.46907765277213165,0.9983870967741936,1.0,0.6667683390392128,0.8212842011383712,0.9971513097217074,0.9581484004492499,instance,complexity_N1_top25
0,0.3264525993883791,0.0,0.29398663697104677,0.625,0.537111432719886,0.0,0.43747763850425114,0.9935483870967742,1.0,0.6669188039394381,0.8318033109237701,0.9803969477619079,0.47283231601961295,instance,complexity_N1_top25
0,0.42108433734939765,0.6,0.29398663697104677,0.5,0.5380387287469386,0.6666666666666666,0.505449601119622,1.0,1.0,0.6672346368142846,0.854299184654827,0.9952281632669908,0.7071304770836245,instance,complexity_N1_top25
0,0.3556231003039514,0.4,0.29398663697104677,0.5,0.543514096213082,0.0,0.49662634848538545,0.9983870967741936,1.0,0.6669648072802659,0.845768490817997,0.9912445060117631,-0.5170088097604522,instance,complexity_N1_top25
0,0.7278645833333334,0.4,0.27142857142857146,0.7083333333333334,0.546599679555892,0.6666666666666666,0.5468466930223819,1.0,1.0,0.6668432732728352,0.8416315491439867,0.9962670978791378,-0.49295745867602514,instance,complexity_N1_top25
0,0.39569892473118284,0.4,0.7555555555555555,0.4166666666666667,0.5394154421695726,0.4,0.47941461329019064,0.9991935483870967,1.0,0.6668605891103869,0.8637736273025101,0.99478912957555,0.061357589562483175,instance,complexity_N1_top25
0,0.7516741071428572,0.4,0.9027777777777778,0.2916666666666667,0.5513918779087361,0.5,0.49873842611773445,0.9991935483870967,1.0,0.6667507380749642,0.8567779965950427,0.9865993508132288,-0.4868595199990713,instance,complexity_N1_top25
1,0.6372340425531915,0.4,0.7060133630289532,0.625,0.45973825164853566,0.5,0.47916480004761197,0.9988623435722411,1.0,0.6669620880427148,0.8564037620642254,0.9997466274628297,0.5161153790652172,instance,complexity_N1_top25
0,0.5357142857142857,0.6,0.42500000000000004,0.4166666666666667,0.6705408296022892,0.5,0.5058412865724631,1.0,1.0,0.6670393003342737,0.852317370116524,0.9927792772532236,-0.8902015228039383,instance,complexity_N1_top25
0,0.6260504201680672,0.4,0.7394636015325671,0.4583333333333333,0.5440482273864781,1.0,0.5071915413831326,1.0,1.0,0.6669174325904808,0.8509562135050497,0.9944856869764909,-0.24779092827879506,instance,complexity_N1_top25
0,0.25,0.2,0.29398663697104677,0.5,0.5347151927442707,0.0,0.49047910497945046,0.9975806451612903,0.88,0.6213016320942244,0.7812852070807821,0.9971350362869724,0.9496430390515597,instance,complexity_N1_top25
0,0.2997448979591837,0.2,0.49751243781094523,0.5416666666666666,0.5456334594094626,0.5,0.49213574097379287,0.9991935483870967,1.0,0.6669629811258428,0.8554294491086466,0.999335240479839,0.09400122247227878,instance,complexity_N1_top25
0,0.2752659574468085,0.0,0.29398663697104677,0.5,0.5368448731228151,0.0,0.4598110955339043,0.9943548387096774,1.0,0.6668900419423874,0.8251842253162414,0.9749273933252947,0.17739843426827412,instance,complexity_N1_top25
0,0.525,0.2,0.42500000000000004,0.4166666666666667,0.555274878855156,0.5,0.5116520571925124,1.0,1.0,0.6669800026923749,0.8576083322594569,0.9892890702716012,-0.1633416994763816,instance,complexity_N1_top25
0,0.37564102564102564,0.2,0.27142857142857146,0.7083333333333334,0.6165497574973196,0.3333333333333333,0.46306751924883816,0.9975806451612903,1.0,0.6669169398640763,0.843226972249753,0.987687489868989,-0.6719960281694569,instance,complexity_N1_top25
0,0.5916666666666667,0.6,0.27142857142857146,0.4166666666666667,0.5391129180783942,0.0,0.45638907064745327,0.9983870967741936,1.0,0.6670019780919614,0.8497340983346922,0.9997849910706385,0.07935027869991433,instance,complexity_N1_top25
1,0.41666666666666674,1.0,0.5634920634920635,0.5,0.36426557433308593,1.0,0.526157297265837,1.0,1.0,0.6669578952966889,0.8460900838599729,0.9948960771404254,0.6430951653452791,instance,complexity_N1_top25
0,0.24860853432282004,0.4,0.3271604938271605,0.625,0.5492879379681305,0.0,0.48858996964640933,0.9991935483870967,1.0,0.6669407286650164,0.8478305271254472,0.9867606471092809,-0.598232793770166,instance,complexity_N1_top25
0,0.28627450980392155,0.2,0.29398663697104677,0.9166666666666666,0.5374538827595595,0.25,0.5092432750769241,1.0,1.0,0.6668606382675041,0.8489215621463806,0.9932513631189142,0.3209817366075562,instance,complexity_N1_top25
1,0.3999999999999999,0.8,0.5024875621890548,0.4583333333333333,0.42990385377559204,0.75,0.539986827209735,1.0,1.0,0.6669017218265518,0.8545238497073252,0.9811620399215691,0.15325190346782047,instance,complexity_N1_top25
0,0.475668449197861,0.6,0.29398663697104677,0.4166666666666667,0.5399603798481801,0.5,0.48785045223915335,0.9991935483870967,1.0,0.6668181935263803,0.8519748718719801,0.9914079610158087,0.3404970108805825,instance,complexity_N1_top25
0,0.48847926267281105,0.6,0.27142857142857146,0.5833333333333334,0.5817870781793363,0.0,0.46946419897728364,0.9991935483870967,1.0,0.6669987630068348,0.8429565816197488,0.9995990779373003,-1.1838393209224123,instance,complexity_N1_top25
1,0.3739495798319328,0.6,0.5634920634920635,0.4583333333333333,0.4519344615853035,0.6666666666666666,0.5155796320647721,1.0,1.0,0.6669659216722822,0.8511398585883755,0.9988679076747026,0.0289744486727666,instance,complexity_N1_top25
0,0.37419354838709673,0.6,0.27142857142857146,0.5416666666666666,0.5586683932104274,0.0,0.49142702551347095,0.9983870967741936,1.0,0.6668668971945977,0.8414446203030657,0.9883266901544685,0.31404352417121606,instance,complexity_N1_top25
0,0.5916666666666667,0.4,0.3271604938271605,0.625,0.5419066488441323,0.0,0.4909471106966343,0.9991935483870967,1.0,0.6669208724956007,0.8531877950041462,0.9839676544013476,-0.09056138772308071,instance,complexity_N1_top25
0,0.29333333333333333,0.4,0.27142857142857146,0.7083333333333334,0.5722370478753114,0.0,0.46777074658494455,0.9975806451612903,1.0,0.6669075398621165,0.8396625762597583,0.9988547046190924,-0.6765220366856494,instance,complexity_N1_top25
0,0.3264525993883791,0.2,0.29398663697104677,0.4166666666666667,0.5408107085382062,0.5,0.4856970500750901,0.9991935483870967,0.96,0.6642088550887061,0.8438953082786318,0.9980797966069797,0.6776118413830425,instance,complexity_N1_top25
0,0.7202380952380952,0.8,0.4365079365079365,0.5833333333333334,0.5649522462695035,1.0,0.5303086398326957,1.0,1.0,0.6668961122505919,0.850455852388697,0.9594648986689165,-0.21735804607570444,instance,complexity_N1_top25
0,0.4458333333333333,0.2,0.27142857142857146,0.5833333333333334,0.5638500137057015,0.0,0.47708566348154713,0.9991935483870967,1.0,0.6668555531738409,0.8434156675900101,0.9951311826518954,0.5596251452527998,instance,complexity_N1_top25
0,0.2290322580645161,0.2,0.6862745098039216,0.2916666666666667,0.5381152901738645,0.0,0.48973869959505867,0.9967741935483871,0.96,0.6666666666666666,0.8312346995112608,0.9985828150768346,0.5967052361372369,instance,complexity_N1_top25
0,0.5700854700854701,0.8,0.49751243781094523,0.5416666666666666,0.5633808749831961,1.0,0.5214078724755282,1.0,1.0,0.6668011104670256,0.8405458949403364,0.9963398485803098,-0.27494748515557577,instance,complexity_N1_top25
0,0.54765625,0.4,0.3666666666666667,0.20833333333333334,0.5460451342396698,0.25,0.47295451132889066,0.9975806451612903,1.0,0.6669539417015304,0.8507242966881112,0.9696121636291967,0.027110819675008724,instance,complexity_N1_top25
0,0.34912959381044484,0.4,0.3271604938271605,0.375,0.5377933355306821,0.0,0.4878186356747688,0.9991935483870967,1.0,0.6669120280302465,0.8225857761695274,0.9793003517588451,-0.12763622438273275,instance,complexity_N1_top25
0,0.16898954703832758,0.0,0.29398663697104677,0.4166666666666667,0.5366171444276832,0.0,0.454846479606158,0.9919354838709677,1.0,0.6668612428134292,0.8242478119411387,0.9777581324688684,0.14064379001168617,instance,complexity_N1_top25
0,0.2290322580645161,0.2,0.39622641509433965,0.4583333333333333,0.5353709254164225,0.0,0.4252571301776714,0.9967741935483871,1.0,0.6668818790830281,0.8174363138978558,0.99585701736912,0.87532087451049,instance,complexity_N1_top25
0,0.725,0.4,0.3271604938271605,0.625,0.5420775808243082,0.0,0.4972342397465813,0.9991935483870967,1.0,0.6669367358050144,0.8602950133590248,0.9697114745059127,-0.05579240617994851,instance,complexity_N1_top25
0,0.6809895833333334,0.4,0.27142857142857146,0.5833333333333334,0.5546045864853282,0.0,0.4647866505700673,0.9975806451612903,1.0,0.666760707251099,0.8586375730029624,0.9964513283001116,-0.0467788786715643,instance,complexity_N1_top25
1,0.6140350877192983,1.0,0.24444444444444446,0.5833333333333334,0.44918222239135597,1.0,0.6090597725631338,1.0,1.0,0.6668995609506139,0.8620865373230109,0.9970390318786485,-0.25792530962313986,instance,complexity_N1_top25
0,0.5138888888888888,0.8,0.49751243781094523,1.0,0.5483050932688792,0.6666666666666666,0.4610679872867387,0.9991935483870967,1.0,0.6669959726687291,0.8620745825629185,0.9883812482592205,-0.5745498371422884,instance,complexity_N1_top25
0,0.5288335517693316,0.6,0.29398663697104677,0.5833333333333334,0.538361016329092,0.5,0.5279473544261759,1.0,1.0,0.6669640411243486,0.8594811407702061,0.999468390459832,0.7775434040249436,instance,complexity_N1_top25
0,0.28627450980392155,0.4,0.29398663697104677,0.9166666666666666,0.5384966359136434,0.375,0.49856512599097025,0.9991935483870967,1.0,0.666831610082595,0.8677217276706127,0.9831907120165,-0.1050578805999004,instance,complexity_N1_top25
0,0.15311653116531165,0.4,0.29398663697104677,0.9583333333333334,0.5372287122644778,0.0,0.4949279860554052,0.9991935483870967,1.0,0.6669341126013465,0.8204901658785532,0.967136978933641,0.22150516687043617,instance,complexity_N1_top25
0,0.19202898550724634,0.6,0.27142857142857146,0.7083333333333334,0.554693476257398,0.0,0.4942803736448613,0.9983870967741936,1.0,0.667274970734032,0.8259032607420186,0.9937470153652534,0.5396052464885096,instance,complexity_N1_top25
0,0.28627450980392155,0.2,0.42500000000000004,0.4166666666666667,0.5421692386199899,0.3333333333333333,0.5396296440740024,1.0,1.0,0.6669198966821991,0.8623609159172649,0.9838455883424027,-0.10134766282236937,instance,complexity_N1_top25
1,0.38207885304659495,0.6,0.3137254901960784,0.3333333333333333,0.4622943008096664,1.0,0.5325069032393739,1.0,1.0,0.6669612515101744,0.8149170865312866,0.9791664540458718,-0.2591017870817891,instance,complexity_N1_top25
0,0.6260504201680672,0.2,0.7394636015325671,0.4583333333333333,0.5479896081864527,0.5,0.48468765298639227,0.9983870967741936,1.0,0.6668782275421509,0.8477699125085947,0.9894150301982495,-0.4753107738784739,instance,complexity_N1_top25
0,0.5727513227513228,0.4,0.42500000000000004,0.4166666666666667,0.5635832101140825,0.0,0.46328410146926424,0.9983870967741936,1.0,0.6670998207693327,0.8727585115980113,0.9976556815488516,-0.8918164356828606,instance,complexity_N1_top25
0,0.20294117647058818,0.2,0.3271604938271605,0.4583333333333333,0.5352758747130009,1.0,0.5060046858528289,1.0,1.0,0.6667601994836978,0.8161428561842899,0.9970239320798513,1.3958541965368272,instance,complexity_N1_top25
0,0.28627450980392155,0.2,0.29398663697104677,0.625,0.536267708462986,1.0,0.5068561230831539,1.0,1.0,0.6669632377311266,0.8357139475570368,0.9813507295291014,0.6488902590420041,instance,complexity_N1_top25
1,0.8468834688346883,1.0,0.7060133630289532,0.7916666666666666,0.460071848597866,1.0,0.5402264338178189,1.0,1.0,0.6668533474993202,0.8356837920725709,0.9904217857579981,0.10669997157376788,instance,complexity_N1_top25
0,0.46534148827726807,0.2,0.29398663697104677,0.5833333333333334,0.5383759084566742,0.0,0.4765018262812426,0.9983870967741936,1.0,0.6669076598076148,0.858866611704483,0.992211381152706,0.6459414668061482,instance,complexity_N1_top25
0,0.6073091247672253,0.6,0.42500000000000004,0.4583333333333333,0.5489168802781512,0.0,0.49520731930014017,0.9991935483870967,1.0,0.666920553811414,0.8569347495588651,0.9825702248471061,0.3159715107745365,instance,complexity_N1_top25
0,0.3290322580645161,0.4,0.3271604938271605,0.625,0.5375240288941823,0.25,0.48913141693153317,0.9983870967741936,1.0,0.6669959998149639,0.8453359893712954,0.9965700744654651,0.21735723647118343,instance,complexity_N1_top25
0,0.6553485576923077,0.8,0.4365079365079365,0.625,0.6028686478155512,1.0,0.519734745140028,1.0,1.0,0.6669267923018907,0.8312813755369575,0.9822573867211382,-0.772765719509144,instance,complexity_N1_top25
0,0.47265625,0.4,0.29398663697104677,0.4166666666666667,0.5415781143709281,0.0,0.49464741101993337,0.9983870967741936,1.0,0.6668701841016578,0.8666960465671917,0.9981538539972606,0.47210854334088537,instance,complexity_N1_top25
0,0.26609105180533754,0.4,0.3271604938271605,0.625,0.5493980877540138,1.0,0.5019242462106119,1.0,1.0,0.6667930097695834,0.8593813189622723,0.9987774075988326,-0.806508736508848,instance,complexity_N1_top25
0,0.7159598214285714,0.6,0.7394636015325671,0.3333333333333333,0.5513751946493597,0.6666666666666666,0.5004776571819358,1.0,1.0,0.6668732673123915,0.8598767504885717,0.999813244096832,-0.3429176029319514,instance,complexity_N1_top25
0,0.39569892473118284,0.2,0.3271604938271605,0.625,0.5348415847638316,0.0,0.42446271657416423,0.9967741935483871,1.0,0.666883748938251,0.8518193028333827,0.9822169717431958,1.1310260410733735,instance,complexity_N1_top25
0,0.48703703703703705,0.2,0.29398663697104677,0.7083333333333334,0.5399083188448279,0.0,0.4403893450758346,0.9967741935483871,1.0,0.6668942557495738,0.8390361293769318,0.9860904730270575,0.2598437821235024,instance,complexity_N1_top25
0,0.79765625,1.0,0.27142857142857146,0.625,0.5451874070061363,1.0,0.5642325701977946,1.0,1.0,0.6670996099761063,0.8485596387140193,0.972861757563234,-0.5839939689373569,instance,complexity_N1_top25
1,0.5243315508021391,0.8,0.5024875621890548,0.6666666666666666,0.4453752514006385,0.75,0.5520747746470274,1.0,1.0,0.6669100519720811,0.8747664029347867,0.9951534725978118,0.4242631679700097,instance,complexity_N1_top25
0,0.4726190476190476,0.0,0.4365079365079365,0.5833333333333334,0.6214323786616786,0.0,0.43257249156576005,0.9959677419354839,1.0,0.6669816105728419,0.8337065523680028,0.9854056214065468,-0.7148359545069074,instance,complexity_N1_top25
0,0.09756097560975607,0.2,0.29398663697104677,0.625,0.5367123283145766,0.0,0.4962577833054789,0.9991935483870967,0.96,0.6666666666666666,0.8160244692383563,0.9963148667283692,0.2947031972290316,instance,complexity_N1_top25
0,0.5583333333333333,0.4,0.7394636015325671,0.25,0.5878297407737261,0.5,0.48398843905213806,0.9991935483870967,1.0,0.666945475731052,0.8433174671778985,0.9938604977855082,-1.1326018905785755,instance,complexity_N1_top25
0,0.6203835227272727,1.0,0.7555555555555555,0.375,0.5531800238054808,1.0,0.5881761491337186,1.0,1.0,0.666905414178903,0.8590215443534523,0.9945160304330639,-0.46305341541985323,instance,complexity_N1_top25
0,0.34615384615384615,0.4,0.3271604938271605,0.625,0.5988857388041632,0.5,0.47851871875151575,0.9991935483870967,1.0,0.6668286995989193,0.8466330618095315,0.9868696587146254,-1.115532074963573,instance,complexity_N1_top25
0,0.5583333333333333,0.2,0.4365079365079365,0.375,0.5464903082714555,0.0,0.4483588569999244,0.9967741935483871,0.96,0.6641682139399551,0.8411606892314006,0.9787746967113112,-0.12691024902805523,instance,complexity_N1_top25
0,0.5378646803227809,0.4,0.697986577181208,0.375,0.5575510263637081,0.3333333333333333,0.4605878396046379,0.9975806451612903,1.0,0.6668635095381769,0.8534374412252725,0.981900376393849,-0.05513356913120473,instance,complexity_N1_top25
0,0.3264525993883791,0.4,0.27142857142857146,0.7083333333333334,0.5411781006733832,0.3333333333333333,0.49581541517672933,0.9991935483870967,1.0,0.6668774337602607,0.8486031468047205,0.9697095676379225,-0.0887741653920258,instance,complexity_N1_top25
0,0.4408602150537635,0.6,0.49751243781094523,0.5416666666666666,0.5395922191799669,0.6666666666666666,0.507074324748265,1.0,1.0,0.66700696486108,0.8613951583861703,0.9968627856761261,0.6177429380258559,instance,complexity_N1_top25
0,0.6819444444444445,0.2,0.697986577181208,0.375,0.7246634043971464,0.0,0.4661978739040257,0.9975806451612903,1.0,0.6671668946019095,0.8314843106281393,0.9942667228721971,-0.05247892331190721,instance,complexity_N1_top25
0,0.04347826086956519,0.2,0.29398663697104677,0.5,0.5384840651442997,0.0,0.455187114772583,0.9967741935483871,1.0,0.6668126463554115,0.8373030018895187,0.9956852185191344,0.7456521813731989,instance,complexity_N1_top25
0,0.19811320754716988,0.2,0.29398663697104677,0.9166666666666666,0.5628444156971152,0.0,0.4683313670992866,0.9983870967741936,1.0,0.6669249115157002,0.8627905255924943,0.9972935569014009,-0.07612097943524986,instance,complexity_N1_top25
1,0.5243315508021391,0.4,0.7060133630289532,0.875,0.45810514240233713,0.6666666666666666,0.5474899419441666,1.0,1.0,0.666893351823187,0.8576221202698541,0.9956187655811428,-0.07096977246565618,instance,complexity_N1_top25
0,0.5866935483870968,0.6,0.27142857142857146,0.5833333333333334,0.5708589199504956,1.0,0.5251543397981833,1.0,1.0,0.6669653665623223,0.8474029121548524,0.9828233232745686,-0.414790296945306,instance,complexity_N1_top25
0,0.6553485576923077,0.8,0.49751243781094523,0.5416666666666666,0.5700635389758144,0.5,0.48930520455770976,0.9991935483870967,1.0,0.6669985706140199,0.8551735312583544,0.9989152261507416,-0.8160829387596186,instance,complexity_N1_top25
0,0.125,0.0,0.7394636015325671,0.5,0.828010203381216,0.0,0.47887923231594065,0.9959677419354839,1.0,0.6669461484211545,0.8631582576075634,0.9938175805045792,-0.23820127242691763,instance,complexity_N1_top25
0,0.31405228758169934,0.2,0.29398663697104677,0.5,0.5399051829924235,0.25,0.4829360140546164,0.9967741935483871,1.0,0.6668563236832081,0.8598844804334626,0.9920781145098544,-0.007599645908728102,instance,complexity_N1_top25
0,0.3264525993883791,0.2,0.27142857142857146,0.7083333333333334,0.5806571675983973,0.0,0.492125515405589,0.9983870967741936,1.0,0.666936343956354,0.8103824026503876,0.9907860550619141,-0.09772676002805114,instance,complexity_N1_top25
0,0.39569892473118284,0.6,0.7394636015325671,0.4583333333333333,0.541863164184086,0.6666666666666666,0.4950879467811674,0.9991935483870967,1.0,0.6669411770964971,0.8573446647331805,0.9998845825266748,-0.3111084291768773,instance,complexity_N1_top25
0,0.4241935483870968,0.0,0.3271604938271605,0.5416666666666666,0.5602343448648527,0.0,0.46023982873368263,0.9951612903225806,1.0,0.6668383468557044,0.857066321975676,0.9993501285783915,-0.24414602216127237,instance,complexity_N1_top25
0,0.48328267477203646,0.0,0.29398663697104677,0.625,0.6562476236994216,0.0,0.4606090029023818,0.9935483870967742,1.0,0.6669512889515169,0.8411326308993814,0.9947945803784741,1.0246984699836066,instance,complexity_N1_top25
0,0.3933333333333333,0.0,0.27142857142857146,0.5833333333333334,0.6252952965191906,0.0,0.4547521586443054,0.9935483870967742,0.96,0.6666666666666666,0.794075040155902,0.9760443501045742,-0.5866056051677697,instance,complexity_N1_top25
0,0.4172268907563026,0.2,0.39622641509433965,0.4583333333333333,0.5376236056395314,0.4,0.5066861299930281,1.0,1.0,0.6669166775946017,0.8581488380781128,0.9884943560851666,0.07301489508829427,instance,complexity_N1_top25
0,0.5076190476190476,0.0,0.3271604938271605,0.4166666666666667,0.534726680654075,0.0,0.46511359768760463,0.9943548387096774,1.0,0.6667684423326755,0.8452575310750319,0.9980870984847443,1.0061132368753094,instance,complexity_N1_top25
0,0.6026315789473684,0.0,0.8,0.375,0.5490367921271827,0.5,0.46740488457779106,0.9951612903225806,1.0,0.666802158410457,0.8619099624473905,0.9972392178833103,-0.39446979445381236,instance,complexity_N1_top25
0,0.15311653116531165,0.4,0.29398663697104677,0.9166666666666666,0.5391049615789896,0.4,0.5024230910739611,1.0,1.0,0.6668556074501925,0.8480924028816041,0.9953771516655995,-0.24192176808240892,instance,complexity_N1_top25
0,0.6916666666666667,0.6,0.49751243781094523,0.4166666666666667,0.5421039134978004,1.0,0.5126357406280863,1.0,1.0,0.6668845844719683,0.8470644768378557,0.9943352918832196,0.4941566849598038,instance,complexity_N1_top25
0,0.529928172386273,0.6,0.3271604938271605,0.5833333333333334,0.5411075684968714,0.5,0.5168203284588354,1.0,1.0,0.6670116244897871,0.8314129363911519,0.9938259115028618,-0.13345675290620093,instance,complexity_N1_top25
1,0.17213541666666665,0.6,0.09722222222222221,0.4583333333333333,0.4525345420467337,0.0,0.4752484046819737,0.9994311717861206,1.0,0.6668404909846145,0.8490640327976088,0.9948045823085582,0.5997177387191391,instance,complexity_N1_top25
0,0.6491935483870968,0.8,0.27142857142857146,0.5833333333333334,0.5769417056608788,0.5,0.5187508541492294,1.0,1.0,0.6669902569917462,0.8531853270426304,0.9969485410632772,-1.0911870173132256,instance,complexity_N1_top25
0,0.4805555555555555,0.4,0.27142857142857146,0.5833333333333334,0.5811394090226791,0.5,0.4866459892031417,0.9991935483870967,1.0,0.6668661566862006,0.8466214659634708,0.9859965936560675,0.06279107268318725,instance,complexity_N1_top25
0,0.8355481727574751,0.6,0.49751243781094523,0.5416666666666666,0.6684376938767481,1.0,0.505525362008989,1.0,1.0,0.6668379156771831,0.874940370378805,0.982283534695793,-0.5977691061883165,instance,complexity_N1_top25
0,0.3279411764705882,0.4,0.7394636015325671,0.5,0.5414162949117497,0.42857142857142855,0.4874160685287814,0.9983870967741936,1.0,0.6667922769920676,0.8660873317253623,0.992979410825024,-0.0981439319946197,instance,complexity_N1_top25
0,0.3696078431372549,0.2,0.7394636015325671,0.4583333333333333,0.5484437524907428,0.0,0.4283421707378776,0.9975806451612903,1.0,0.6668910326930696,0.8511103128426706,0.9986354725547656,0.05338786082931209,instance,complexity_N1_top25
0,0.40294117647058825,0.6,0.29398663697104677,0.9166666666666666,0.543029860824758,1.0,0.5207650691676293,1.0,1.0,0.6667285408221466,0.8229108161609373,0.9911456600576123,-0.2586850524285507,instance,complexity_N1_top25
0,0.43542695836273815,0.2,0.49751243781094523,0.4583333333333333,0.5413781623610308,0.3333333333333333,0.4763817502923817,0.9983870967741936,1.0,0.6672851228450368,0.8508914008794598,0.9909265011454059,0.4359448887755801,instance,complexity_N1_top25
0,0.6716906946264745,0.4,0.29398663697104677,0.4166666666666667,0.5420703286034169,0.0,0.49608326817792425,0.9983870967741936,1.0,0.6667555106230543,0.8672551466613418,0.9962831067700636,0.41646864262323197,instance,complexity_N1_top25
0,0.5288335517693316,0.2,0.9027777777777778,0.4583333333333333,0.5435603776211405,0.6666666666666666,0.5291426681280477,1.0,1.0,0.6668775992250817,0.856869743495344,0.996750814791856,0.145692561856705,instance,complexity_N1_top25
0,0.04347826086956519,0.2,0.29398663697104677,0.9166666666666666,0.5388705633080438,0.5,0.5050283167231837,1.0,1.0,0.6671162959593865,0.8503282415894248,0.9941865018420982,0.24116011810755988,instance,complexity_N1_top25
0,0.38327526132404177,0.4,0.7394636015325671,0.4583333333333333,0.5408307357459978,1.0,0.5033798789131609,1.0,1.0,0.6669151127296055,0.845476228744502,0.9853094990482153,0.2340631065517141,instance,complexity_N1_top25
0,0.3696078431372549,0.6,0.7394636015325671,0.4583333333333333,0.5557773997591339,1.0,0.5055515157307309,1.0,1.0,0.6669265639038883,0.8399838568232881,0.9975298092033829,-0.13460882252316725,instance,complexity_N1_top25
0,0.42108433734939765,0.4,0.29398663697104677,0.6666666666666666,0.540737775624344,0.0,0.47891998120108104,0.9983870967741936,1.0,0.6669120309009091,0.8474159180459262,0.9987510474861652,-0.6124902467044708,instance,complexity_N1_top25
0,0.16898954703832758,0.0,0.29398663697104677,0.7916666666666666,0.5360606620679523,0.0,0.45044262860936746,0.9959677419354839,1.0,0.6668980943109738,0.8235433583561773,0.998991458814713,0.5393756245398533,instance,complexity_N1_top25
0,0.5472636815920398,0.2,0.27142857142857146,0.7083333333333334,0.5481081979630983,0.0,0.48268533019140414,0.9967741935483871,1.0,0.6667532158349089,0.8431999685741316,0.9999061517147622,0.2589209782854267,instance,complexity_N1_top25
0,0.4172268907563026,0.4,0.29398663697104677,0.5,0.5379635601347573,0.0,0.49309537721145724,0.9991935483870967,1.0,0.6669234355519278,0.8521551326589851,0.9769329653321386,-0.09746655984301826,instance,complexity_N1_top25
0,0.4741935483870968,0.2,0.7394636015325671,0.5,0.5388439816716958,0.3333333333333333,0.5285437552371823,1.0,1.0,0.666853900871393,0.8589535795617005,0.9963572122484814,0.6064911525724671,instance,complexity_N1_top25
0,0.34912959381044484,0.4,0.3271604938271605,0.4166666666666667,0.5360704950322713,0.0,0.47553756803924496,0.9991935483870967,1.0,0.6669142975812445,0.8435307844874145,0.9965175508229093,0.16981070831611955,instance,complexity_N1_top25
1,0.7137254901960784,0.8,0.7060133630289532,0.5,0.46132327140489937,1.0,0.5643248235539909,1.0,1.0,0.6668822287586196,0.8531900669665964,0.9886373867166875,-0.037204752999523166,instance,complexity_N1_top25
0,0.8132575757575757,0.8,0.48453608247422686,0.4166666666666667,0.5841181450994769,1.0,0.5269564943436161,1.0,1.0,0.6669517653084733,0.8575522735358784,0.9942478842307916,-0.6382553664945946,instance,complexity_N1_top25
0,0.4097859327217126,0.2,0.29398663697104677,0.4166666666666667,0.5386626657794652,1.0,0.5140052486390942,1.0,1.0,0.6668785985688799,0.8427896868799665,0.9880435511874064,0.6298594617041725,instance,complexity_N1_top25
0,0.04347826086956519,0.0,0.29398663697104677,0.7083333333333334,0.5356769948071058,0.0,0.44944453224590786,0.9903225806451613,1.0,0.6669468131677448,0.8156400313297175,0.9731687014264827,0.5852210378356606,instance,complexity_N1_top25
0,0.6553030303030303,0.4,0.27142857142857146,0.5833333333333334,0.547424445533328,0.4,0.5149844321561009,1.0,1.0,0.6669782380922274,0.8612931023661059,0.9970396229279588,-0.1525819697095326,instance,complexity_N1_top25
1,0.4982404692082112,0.6,0.7060133630289532,0.4166666666666667,0.4631687018438174,0.0,0.4971557761917328,0.9994311717861206,1.0,0.6669102404085832,0.8185565261580252,0.9842247311980691,-0.20890327107283926,instance,complexity_N1_top25
0,0.43452380952380953,0.8,0.7555555555555555,0.5416666666666666,0.5603331644658675,1.0,0.5281870760963595,1.0,1.0,0.6668682088980006,0.8793685719232627,0.9994925542143468,-0.4683588512030122,instance,complexity_N1_top25
0,0.5764525993883792,0.2,0.29398663697104677,0.5,0.5363367054433784,0.5,0.46780637705509376,0.9975806451612903,1.0,0.6671306935738179,0.8405346064568304,0.9959060355566255,0.5587081062845753,instance,complexity_N1_top25
0,0.125,0.2,0.27142857142857146,0.7083333333333334,0.5345985036500417,0.0,0.46445317389604357,0.9991935483870967,1.0,0.6667814017783735,0.8612299378577489,0.9718099114918798,0.5315992704870345,instance,complexity_N1_top25
0,0.29230769230769227,0.2,0.4365079365079365,0.5833333333333334,0.6076556585370717,0.0,0.4385010442063676,0.9983870967741936,1.0,0.6669448225008683,0.8248533726046026,0.9813676083720556,-0.7120310420674468,instance,complexity_N1_top25
0,0.15311653116531165,0.2,0.29398663697104677,0.9166666666666666,0.5353230245272995,0.2,0.52361253896014,1.0,1.0,0.666861481874566,0.8328351845202185,0.98320897772163,0.8369406644663199,instance,complexity_N1_top25
0,0.3627659574468085,0.4,0.29398663697104677,0.9166666666666666,0.5376512771406093,0.5,0.5175644199125727,1.0,1.0,0.6668611926799004,0.8337886664542967,0.9777283871204326,0.07034867640490992,instance,complexity_N1_top25
0,0.3647798742138365,0.0,0.29398663697104677,0.8333333333333334,0.5442391538052677,0.3333333333333333,0.4562135818770905,0.9903225806451613,1.0,0.6669286378311367,0.8557725731641099,0.9818008182076989,-0.08325732787768905,instance,complexity_N1_top25
0,0.46534148827726807,0.2,0.49751243781094523,0.75,0.540538319206927,0.0,0.4729231863494955,0.9975806451612903,1.0,0.6671157163450137,0.8730317028060353,0.9950923986671294,0.6097397612205814,instance,complexity_N1_top25
0,0.42108433734939765,0.4,0.7555555555555555,0.4166666666666667,0.5423385219446384,0.2,0.46862186255814964,0.9983870967741936,1.0,0.6672098358261356,0.8741037275466905,0.9892622722945035,0.2105965734409471,instance,complexity_N1_top25
0,0.5866935483870968,1.0,0.27142857142857146,0.5833333333333334,0.5726559325315799,1.0,0.5255061080544685,1.0,1.0,0.6669433518979403,0.8531061618042011,0.9961887773900612,-0.15085803577819296,instance,complexity_N1_top25
0,0.3696078431372549,0.6,0.7394636015325671,0.5,0.5454365274742158,1.0,0.5798364702794516,1.0,1.0,0.6668981888483209,0.8409850492990951,0.9765848041784401,-0.514669639551927,instance,complexity_N1_top25
0,0.44999999999999996,0.6,0.49751243781094523,0.4583333333333333,0.5879435594703722,0.5,0.519123489419101,1.0,1.0,0.6668916559033545,0.8379356120739903,0.9818526102832758,-0.3144351657180738,instance,complexity_N1_top25
0,0.5600840336134454,0.4,0.29398663697104677,0.5,0.5380673746141795,0.0,0.49125356027505573,0.9983870967741936,1.0,0.6667825802990686,0.8338701121128989,0.998737226098713,0.3220282425237431,instance,complexity_N1_top25
1,0.26249999999999996,0.2,0.26053639846743293,0.625,0.4330180668665555,0.0,0.4821826229322227,0.9982935153583617,1.0,0.6668667248312804,0.8703983679927534,0.9941171687811661,0.7693515882484292,instance,complexity_N1_top25
0,0.3290322580645161,0.2,0.8,0.3333333333333333,0.5366618504948644,0.625,0.4801848600040267,0.9991935483870967,1.0,0.6670919261685533,0.8460214962915349,0.9748302665743105,0.2224359718565609,instance,complexity_N1_top25
0,0.4981132075471698,0.6,0.3271604938271605,0.625,0.5419422107840745,0.3333333333333333,0.4887314905961804,0.9991935483870967,1.0,0.6670738318559395,0.8469738642002528,0.998383476389353,-0.4850124152604845,instance,complexity_N1_top25
0,0.1875,0.0,0.29398663697104677,0.5,0.5377386205988473,0.0,0.47302233463785004,0.9935483870967742,1.0,0.6668072292612497,0.8309986409999035,0.9823563595025262,-0.018779156609586976,instance,complexity_N1_top25
0,0.12681159420289856,0.0,0.29398663697104677,0.9166666666666666,0.5359838999834002,0.0,0.4526366949711781,0.9959677419354839,1.0,0.6668979031533256,0.8279963393723011,0.9801679927576318,1.1413445047602626,instance,complexity_N1_top25
1,0.2701923076923076,0.6,0.7285714285714286,0.5833333333333334,0.35905871541692713,0.3333333333333333,0.5176398419783119,1.0,1.0,0.6669036391251602,0.8313256692146941,0.9738346658477685,0.7156809610121226,instance,complexity_N1_top25
0,0.725531914893617,0.6,0.7394636015325671,0.5,0.5849554913526849,1.0,0.5108105679367894,1.0,1.0,0.666876189398101,0.8317638411370134,0.9889154926590608,-0.8787615325947947,instance,complexity_N1_top25
0,0.39569892473118284,0.2,0.3271604938271605,0.4166666666666667,0.5393212618429022,0.0,0.47867919506774403,0.9975806451612903,1.0,0.666924661680643,0.838314925651794,0.991747238839077,0.880662196852439,instance,complexity_N1_top25
0,0.6290322580645161,0.6,0.3271604938271605,0.625,0.5386866411468043,0.0,0.47448440675137105,0.9991935483870967,1.0,0.6670352220033512,0.8379100626271382,0.9907636460576772,0.08508869103187455,instance,complexity_N1_top25
0,0.6203703703703703,0.6,0.7555555555555555,0.5416666666666666,0.546386782836009,1.0,0.5215819757769635,1.0,1.0,0.6668327196450089,0.8516987935993123,0.9980897725575572,0.3460156339835816,instance,complexity_N1_top25
0,0.529928172386273,0.4,0.42500000000000004,0.4166666666666667,0.5546337867191171,0.5,0.5032461473640875,1.0,1.0,0.6670300103184312,0.8450650751082036,0.9967767818537787,-0.03923469327041814,instance,complexity_N1_top25
0,0.5583333333333333,0.0,0.4365079365079365,0.5833333333333334,0.5656741959710846,0.25,0.45572947877577974,0.9943548387096774,1.0,0.6669376905732541,0.8479534723888323,0.9993717041271969,-0.44822215338308213,instance,complexity_N1_top25
1,0.8310104529616724,0.8,0.6333333333333333,0.2916666666666667,0.4646968066471995,0.5,0.5357720343262309,1.0,1.0,0.6669881792193909,0.8293376260295935,0.9784453543648671,-0.18964086001045416,instance,complexity_N1_top25
0,0.5700854700854701,0.6,0.7555555555555555,0.5833333333333334,0.551430148345685,0.5,0.5346206661764736,1.0,1.0,0.6668283220131043,0.8504937271816861,0.9979372599403292,-0.392590941566668,instance,complexity_N1_top25
0,0.7223484848484849,0.4,0.49751243781094523,0.4583333333333333,0.5486159286871377,0.375,0.5430785915750207,1.0,1.0,0.6670388902287994,0.8762632018767572,0.9945464495465597,0.14568690138608653,instance,complexity_N1_top25
0,0.3933333333333333,0.4,0.27142857142857146,0.5833333333333334,0.6637200517606259,0.5,0.5088601460712019,1.0,1.0,0.6669385895687799,0.8168657542897373,0.9792125642845786,-0.8072913903404556,instance,complexity_N1_top25
0,0.59765625,0.6,0.49751243781094523,0.5416666666666666,0.5528258748129363,1.0,0.5044747226565292,1.0,1.0,0.6676248965285815,0.8492113373211504,0.9958089659334304,0.14311060355557195,instance,complexity_N1_top25
0,0.38327526132404177,0.6,0.29398663697104677,0.5833333333333334,0.5371393603487268,1.0,0.5704317055093284,1.0,1.0,0.6668175714021782,0.8449712843369818,0.998094978339481,0.2829373582644528,instance,complexity_N1_top25
0,0.0,0.2,0.9027777777777778,0.3333333333333333,0.7685888651631851,0.0,0.48043198081264205,0.9967741935483871,1.0,0.6668862575930409,0.8314541905762236,0.9923180697485922,-0.8458162544411337,instance,complexity_N1_top25
0,0.65,0.2,0.3271604938271605,0.4166666666666667,0.5409390428031311,0.5,0.49811547421749236,0.9991935483870967,1.0,0.6669143797035751,0.8254577617605338,0.9965586916425786,0.21075755381985722,instance,complexity_N1_top25
0,0.0,0.6,0.7555555555555555,0.2916666666666667,0.7460370134927449,0.0,0.48198686984705996,0.9991935483870967,1.0,0.6669815948750585,0.8677077401085179,0.9993286089300915,-1.3535556420098231,instance,complexity_N1_top25
0,0.15311653116531165,0.4,0.3271604938271605,0.6666666666666666,0.5348559067894454,1.0,0.5214827186301021,1.0,1.0,0.6668630184733959,0.8238153591351504,0.993825433169272,1.1395389612259907,instance,complexity_N1_top25
0,0.42108433734939765,0.6,0.7555555555555555,0.4166666666666667,0.5451435069148636,0.5,0.4993389626009076,0.9991935483870967,1.0,0.6671135814834698,0.879256726188656,0.9958617864940106,-0.5489232479119509,instance,complexity_N1_top25
0,0.4916666666666667,0.0,0.49751243781094523,0.4166666666666667,0.5406824172246211,0.5,0.4665808439749781,0.9935483870967742,1.0,0.6669421564830308,0.8475164923156894,0.9941980540702094,0.3851167604227346,instance,complexity_N1_top25
0,0.5290322580645161,0.8,0.39622641509433965,0.4583333333333333,0.538436617709232,1.0,0.5104459647340148,1.0,1.0,0.6669006560479431,0.8451458526382166,0.9993904656172742,0.007786943945969568,instance,complexity_N1_top25
1,0.41666666666666674,0.6,0.575,0.3333333333333333,0.34493092916395396,0.0,0.4946027209778865,0.9988623435722411,1.0,0.6672683903622324,0.835200473413552,0.9920150087298499,0.009753097620818966,instance,complexity_N1_top25
0,0.4916666666666667,0.2,0.7555555555555555,0.4166666666666667,0.5413600727028592,0.0,0.43389956367115845,0.9983870967741936,1.0,0.6669110772403234,0.8615755045944179,0.9948233549816079,-0.741053660314552,instance,complexity_N1_top25
0,0.38596491228070173,0.2,0.48453608247422686,0.4166666666666667,0.5553891113546823,0.25,0.5725773186746268,1.0,1.0,0.6668417160641253,0.8639965754278834,0.9983258969509411,0.0020946375464692413,instance,complexity_N1_top25
0,0.2583333333333333,0.0,0.27142857142857146,0.5833333333333334,0.7246474387383229,0.0,0.44611775643332663,0.9951612903225806,0.92,0.6666666666666666,0.8257810479719615,0.9975224508267388,-1.2362849039141328,instance,complexity_N1_top25
0,0.5933333333333333,0.6,0.49751243781094523,0.5416666666666666,0.5593866822934023,0.5,0.4963872384265644,0.9991935483870967,1.0,0.6669814579499884,0.855326885861288,0.9889292339869493,0.0643665440159005,instance,complexity_N1_top25
0,0.37419354838709673,0.2,0.27142857142857146,0.7083333333333334,0.5421621202090027,0.3333333333333333,0.4951069721761624,0.9991935483870967,1.0,0.6668593119321712,0.8501888350287341,0.9849684657094893,-0.1097622506783049,instance,complexity_N1_top25
0,0.5017595307917888,0.0,0.3666666666666667,0.20833333333333334,0.5359118975400254,0.0,0.4537067127166421,0.9959677419354839,1.0,0.66701027859047,0.8211436469624879,0.9920797130837125,0.8436906869845486,instance,complexity_N1_top25
0,0.4165322580645161,0.0,0.29398663697104677,0.9166666666666666,0.535598426855092,0.0,0.45796366119563836,0.9951612903225806,1.0,0.6668441765840237,0.8185348705232869,0.9977731558836627,0.4928372552871007,instance,complexity_N1_top25
0,0.4458333333333333,0.4,0.4365079365079365,0.5833333333333334,0.7246474391157841,0.0,0.4941289303624403,0.9991935483870967,1.0,0.6670334836128698,0.8422103368578362,0.9971487901380908,-0.8641968307281198,instance,complexity_N1_top25
0,0.4981132075471698,0.4,0.29398663697104677,0.9166666666666666,0.5402007135582276,0.5,0.48531942865965194,0.9991935483870967,1.0,0.6668413015705783,0.8672420493440189,0.9972473956796467,0.3282835739939514,instance,complexity_N1_top25
0,0.6727853152434158,0.4,0.42500000000000004,0.4166666666666667,0.5462432254178583,0.0,0.48909120585277666,0.9991935483870967,1.0,0.6669512536836717,0.8368048486234357,0.9855796284193024,-0.2479661856580097,instance,complexity_N1_top25
0,0.54765625,0.4,0.3271604938271605,0.4166666666666667,0.5407308110070481,0.0,0.45785396509987364,0.9983870967741936,1.0,0.6669021973070366,0.8265323526144269,0.9851764940562519,-0.3196231620964176,instance,complexity_N1_top25
0,0.3627659574468085,0.0,0.29398663697104677,0.5,0.5357255407245898,0.0,0.45551429509572516,0.9951612903225806,1.0,0.6668824909132137,0.830132451392608,0.979448160676765,-0.12329507181549669,instance,complexity_N1_top25
0,0.4458333333333333,0.4,0.27142857142857146,0.3333333333333333,0.6022938728425525,1.0,0.5263579577861124,1.0,1.0,0.6670180038061687,0.8396910279270915,0.9941617022763819,-0.8387635098117252,instance,complexity_N1_top25
0,0.5753588516746412,0.2,0.29398663697104677,0.625,0.5419915529107181,0.0,0.49923835558775964,0.9991935483870967,1.0,0.6667976468401542,0.8446635446560614,0.9871660989276462,0.06142571836091798,instance,complexity_N1_top25
1,0.2840401785714286,0.6,0.7285714285714286,0.625,0.44700531224824147,1.0,0.5160658311225411,1.0,1.0,0.6668238257253367,0.8541454982515302,0.9933438064099758,-0.019049556440002276,instance,complexity_N1_top25
1,0.6291666666666667,0.8,0.30201342281879195,0.5416666666666666,0.4484183367650111,1.0,0.5660421433223913,1.0,1.0,0.6670600356582289,0.86135046228872,0.9911133499898802,-0.3239816678431482,instance,complexity_N1_top25
0,0.5,0.4,0.27142857142857146,0.5833333333333334,0.5732079685212158,0.3333333333333333,0.5062496909588918,1.0,1.0,0.6668779619257327,0.8264530549010697,0.9862808752571055,-0.21988860206199565,instance,complexity_N1_top25
0,0.12681159420289856,0.2,0.29398663697104677,0.5,0.5351733723855796,0.0,0.4385589078301889,0.9983870967741936,1.0,0.6668880527863407,0.8356407959067771,0.9721410300340634,1.149849042495486,instance,complexity_N1_top25
0,0.7638888888888888,0.8,0.49751243781094523,0.4583333333333333,0.6016106070290168,1.0,0.529515805083463,1.0,1.0,0.6670148741431207,0.8824112098951065,0.9989052802070041,-0.17972856939609252,instance,complexity_N1_top25
0,0.37564102564102564,0.2,0.27142857142857146,0.7083333333333334,0.5845800504793289,0.6666666666666666,0.48661708571742746,0.9991935483870967,1.0,0.6669197903671265,0.841601817555994,0.9887457431450591,-0.3960617291176598,instance,complexity_N1_top25
0,0.28627450980392155,0.4,0.29398663697104677,0.6666666666666666,0.5369839356118454,0.0,0.46713942743322245,0.9975806451612903,1.0,0.666857669360415,0.8421722543545812,0.9838436173462805,0.3617479291746926,instance,complexity_N1_top25
0,0.37419354838709673,0.2,0.27142857142857146,0.7083333333333334,0.5419350483776769,0.0,0.4467221795001802,0.9975806451612903,1.0,0.6670938847452462,0.8581761126985399,0.995584726366402,0.27258336098790287,instance,complexity_N1_top25
0,0.6666666666666666,0.6,0.697986577181208,0.5833333333333334,0.5489156647649808,0.5714285714285714,0.5653332976542096,1.0,1.0,0.667089653173944,0.8720871000243389,0.993121106454075,0.14847486474503796,instance,complexity_N1_top25
0,0.7980769230769231,0.6,0.29398663697104677,0.9166666666666666,0.7318583640307996,0.0,0.49243726332169546,0.9991935483870967,1.0,0.6668443757039912,0.8566151984980149,0.993172928830371,-0.26413935849408016,instance,complexity_N1_top25
0,0.4558823529411764,0.4,0.7394636015325671,0.4583333333333333,0.5847805994089715,0.6666666666666666,0.5192847795663857,1.0,1.0,0.6668968396794859,0.8540846091130476,0.9917973991949173,-0.7139316808459254,instance,complexity_N1_top25
0,0.7541666666666667,0.4,0.4365079365079365,0.5833333333333334,0.5494302293359044,0.3333333333333333,0.49748502582274856,0.9991935483870967,1.0,0.6670288020285131,0.8710068118452792,0.9923185532408172,0.15656997581085424,instance,complexity_N1_top25
0,0.6607142857142857,0.6,0.83,0.3333333333333333,0.583284626474723,1.0,0.5165125241373874,1.0,1.0,0.666998555677668,0.828370734683763,0.9933703525643904,-0.056840344138742664,instance,complexity_N1_top25
0,0.37564102564102564,0.2,0.27142857142857146,0.5833333333333334,0.6290637797711238,0.0,0.4207807755688914,0.9975806451612903,1.0,0.6669187020615909,0.8287385292686027,0.9999770212229766,-0.21708861331397653,instance,complexity_N1_top25
0,0.24860853432282004,0.6,0.3271604938271605,0.625,0.5410580065930742,0.4,0.5238592425642907,1.0,1.0,0.6668224073972067,0.8676314024479685,0.9946884679393864,-0.7991412172919403,instance,complexity_N1_top25
0,0.18089430894308944,0.2,0.29398663697104677,0.5,0.541133260141742,0.0,0.4949477422800378,0.9991935483870967,1.0,0.6667853181999472,0.8213326840307954,0.9744841685860635,-0.42099078640550697,instance,complexity_N1_top25
0,0.5433333333333333,0.2,0.27142857142857146,0.5833333333333334,0.596108318634483,0.2,0.47593332791652365,0.9991935483870967,1.0,0.6669286779463336,0.8374795859266244,0.9786709219626577,-0.6472959034453288,instance,complexity_N1_top25
1,0.49238095238095236,0.2,0.5634920634920635,0.4583333333333333,0.4349722263311312,1.0,0.507245981896878,1.0,1.0,0.6674409074385792,0.8364296610788894,0.9993372622721877,1.1920769214532412,instance,complexity_N1_top25
0,0.2583333333333333,0.4,0.4365079365079365,0.5833333333333334,0.6048075824019682,0.0,0.4826081251580209,0.9975806451612903,1.0,0.6670034742742189,0.8382181173742146,0.9820552603907191,-1.1750220531634088,instance,complexity_N1_top25
0,0.21276595744680848,0.2,0.39622641509433965,0.4583333333333333,0.5372363515585161,0.0,0.47334095245415286,0.9991935483870967,1.0,0.6669629900198781,0.8612659986128653,0.9948489034770226,-0.014012412220045992,instance,complexity_N1_top25
0,0.3627659574468085,0.0,0.48453608247422686,0.4583333333333333,0.5465608160379937,0.0,0.4780051838728243,0.9959677419354839,1.0,0.6668845030842103,0.8647575234069084,0.9876576784521186,-0.3186644435443947,instance,complexity_N1_top25
0,0.5378646803227809,0.8,0.42500000000000004,0.4166666666666667,0.550279919684859,1.0,0.52898131887261,1.0,1.0,0.6669441253252644,0.8577046789662268,0.9955979208342642,0.10489854893594251,instance,complexity_N1_top25
0,0.21276595744680848,0.0,0.6862745098039216,0.3333333333333333,0.5513628489922343,0.0,0.4662673877526258,0.9943548387096774,1.0,0.666977425145362,0.8569875301008865,0.9912974627939584,-0.4673251524383236,instance,complexity_N1_top25
0,0.433710407239819,0.4,0.29398663697104677,0.9166666666666666,0.5384445225869928,0.3333333333333333,0.5143320129873085,1.0,1.0,0.6670339388222203,0.8595071292380102,0.9964050549252461,0.6926390225617081,instance,complexity_N1_top25
0,0.74765625,0.8,0.7555555555555555,0.5416666666666666,0.5452031348365044,0.5,0.4878639854385086,0.9991935483870967,1.0,0.6670667534069912,0.8491020693698217,0.9829473913446313,-0.09811040844311318,instance,complexity_N1_top25
0,0.5656424581005587,0.4,0.49751243781094523,0.5416666666666666,0.597539214191297,0.0,0.45502404794568574,0.9983870967741936,1.0,0.6669314341250278,0.8509328154772224,0.9897681605869141,-0.9334547111477991,instance,complexity_N1_top25
0,0.4481132075471699,0.0,0.3271604938271605,0.625,0.5371604263065795,0.0,0.43191147726531154,0.9943548387096774,1.0,0.6669894675253271,0.8392431703076002,0.9855993354972321,0.4349747836939522,instance,complexity_N1_top25
0,0.2583333333333333,0.4,0.27142857142857146,0.5833333333333334,0.5602869067669493,0.0,0.4903529881661771,0.9983870967741936,1.0,0.6670699544376117,0.830287678131748,0.9993697149999817,-0.6632727677885526,instance,complexity_N1_top25
0,0.21276595744680848,0.2,0.3271604938271605,0.4583333333333333,0.5395072448322916,0.4,0.5128855088675185,1.0,1.0,0.6668987418195288,0.8602808756145667,0.9914158258804857,0.5171404429650625,instance,complexity_N1_top25
0,0.3279411764705882,0.2,0.29398663697104677,0.5,0.5425986245612878,0.0,0.4963088302937413,0.9975806451612903,1.0,0.6668370108016471,0.8605921784825732,0.9887053230415416,0.09838209477822193,instance,complexity_N1_top25
0,0.433710407239819,0.2,0.6862745098039216,0.3333333333333333,0.543777810022416,0.3333333333333333,0.5152544084582489,1.0,1.0,0.6670676544681939,0.8688177732054748,0.9929252342136454,0.1453045427255893,instance,complexity_N1_top25
0,0.3696078431372549,0.2,0.3271604938271605,0.625,0.5381756209691276,0.3333333333333333,0.45468618707642094,0.9975806451612903,1.0,0.6670321544448143,0.8529478787090222,0.9916266815082965,0.6105655697997343,instance,complexity_N1_top25
0,0.48703703703703705,0.4,0.29398663697104677,0.5833333333333334,0.5422091023243657,0.0,0.4555045481929567,0.9983870967741936,1.0,0.6669076514094918,0.8570711205390111,0.9919207666113214,-0.0187357298128292,instance,complexity_N1_top25
0,0.26609105180533754,0.2,0.29398663697104677,0.5,0.5399509789656513,0.25,0.48346472014448116,0.9991935483870967,1.0,0.666922851943473,0.8678339205996948,0.9994513344101421,-0.13728626789826168,instance,complexity_N1_top25
0,0.39569892473118284,0.2,0.39622641509433965,0.4583333333333333,0.53503004241422,0.2,0.48563760290092906,0.9967741935483871,1.0,0.666949918963941,0.8378589160997332,0.9958122100671642,0.3577885825304132,instance,complexity_N1_top25
0,0.4805555555555555,0.2,0.27142857142857146,0.5833333333333334,0.5575207170017911,1.0,0.5127727726330771,1.0,1.0,0.6670101650671284,0.8331826756846035,0.9959892726942363,0.4474555444567529,instance,complexity_N1_top25
0,0.3685897435897436,0.0,0.42500000000000004,0.4166666666666667,0.5466154229374821,0.0,0.45930826624123033,0.9959677419354839,1.0,0.6669602693825576,0.8803790189446847,0.9988656451512014,-0.058380938989732435,instance,complexity_N1_top25
0,0.48703703703703705,0.4,0.3271604938271605,0.5,0.54028175546389,0.3333333333333333,0.5212729088145698,1.0,1.0,0.6670284781911772,0.8565330086656988,0.9922463980304924,-0.08552036613857918,instance,complexity_N1_top25
0,0.5433333333333333,0.6,0.697986577181208,0.375,0.5568860795924664,0.0,0.4632755723801991,0.9991935483870967,1.0,0.6669674796235545,0.8369855868209509,0.9803918849430336,-0.3080715708457228,instance,complexity_N1_top25
0,0.6656424581005587,0.6,0.48453608247422686,0.5,0.5495948650636279,0.3333333333333333,0.46939338213788606,0.9991935483870967,1.0,0.6668540422303427,0.8727053313749358,0.9984014700584182,-0.23996690506287702,instance,complexity_N1_top25
0,0.4741935483870968,0.4,0.49751243781094523,0.4166666666666667,0.5552105886653066,0.6666666666666666,0.5068977979028019,1.0,1.0,0.6668421208885588,0.8585390912052621,0.9959836579360152,0.39327282011355685,instance,complexity_N1_top25
0,0.3696078431372549,1.0,0.3271604938271605,0.625,0.541528037579258,1.0,0.5443908934341553,1.0,1.0,0.666900256050061,0.856359973953737,0.9977478302915507,0.12609515225527904,instance,complexity_N1_top25
0,0.42340067340067344,0.6,0.697986577181208,0.375,0.5486837193687158,0.0,0.4894233491130796,0.9991935483870967,1.0,0.666901786410533,0.8579826055138616,0.9931249672944505,0.23708548726484008,instance,complexity_N1_top25
0,0.6016548463356974,0.4,0.8,0.375,0.5351788800067487,0.6666666666666666,0.48661908281382005,0.9991935483870967,1.0,0.6669380957944221,0.8285466012976785,0.9875482180554072,0.5612844190337364,instance,complexity_N1_top25
0,0.5934202358783365,0.2,0.3271604938271605,0.5,0.5483601968660408,0.0,0.46538217897750733,0.9967741935483871,0.96,0.6666666666666666,0.8701339791243377,0.9977016287475932,0.20709252325501618,instance,complexity_N1_top25
0,0.31405228758169934,0.4,0.29398663697104677,0.625,0.537415697653158,0.0,0.491568247148494,0.9983870967741936,1.0,0.6668804444263231,0.8393258975352667,0.9748628020106609,0.36615973965164,instance,complexity_N1_top25
0,0.4433179723502304,0.2,0.39622641509433965,0.4583333333333333,0.5352534036720517,0.0,0.45702512053073385,0.9975806451612903,1.0,0.6668759910407625,0.8143816507940551,0.988594772728957,0.6219489923846667,instance,complexity_N1_top25
0,0.4916666666666667,0.2,0.7394636015325671,0.4583333333333333,0.5394018253543416,0.25,0.48443917607574594,0.9975806451612903,1.0,0.6669376499294433,0.8554719772572698,0.9900260019162799,0.1020539027336974,instance,complexity_N1_top25
0,0.4933333333333334,0.4,0.27142857142857146,0.5833333333333334,0.6134952046774468,0.0,0.4691896684349921,0.9983870967741936,1.0,0.6669691510990091,0.8314291695583985,0.9954265996915874,-1.3760688803223347,instance,complexity_N1_top25
0,0.4165322580645161,0.2,0.29398663697104677,0.5,0.5358326399037794,0.4,0.4750100300099527,0.9991935483870967,1.0,0.6668785808625742,0.8243491271039202,0.9602902044173176,0.2872627528052941,instance,complexity_N1_top25
0,0.11224489795918369,0.2,0.29398663697104677,0.9166666666666666,0.5358094925994834,0.5,0.4270986667690585,0.9967741935483871,1.0,0.6667987719994075,0.8358646673390102,0.9983761605647044,1.0828461861819898,instance,complexity_N1_top25
0,0.7541666666666667,0.6,0.4365079365079365,0.5833333333333334,0.590364773786163,0.0,0.4467491897790933,0.9991935483870967,1.0,0.6670614105480118,0.850502566795067,0.9937727684769455,-0.5363212421304748,instance,complexity_N1_top25
1,0.5018867924528302,0.6,0.7060133630289532,0.5416666666666666,0.4584554927811554,0.5,0.49584945814731163,0.9994311717861206,1.0,0.6669292389603603,0.8474463682502222,0.9950610401440871,-0.35276356463125746,instance,complexity_N1_top25
0,0.04347826086956519,0.4,0.29398663697104677,0.625,0.5374863023578712,0.5,0.4771086996911146,0.9991935483870967,1.0,0.6668878702987671,0.8584963416448913,0.9990939400941813,-0.2643391740769159,instance,complexity_N1_top25
0,0.4458333333333333,0.2,0.697986577181208,0.375,0.5367116534838741,1.0,0.5106757009332266,1.0,1.0,0.6668934059737546,0.8498934105971435,0.9965624010911154,0.365052775653135,instance,complexity_N1_top25
0,0.11224489795918369,0.6,0.29398663697104677,0.5,0.5388579785106549,0.0,0.4805159308885808,0.9991935483870967,1.0,0.6667404780964195,0.8502322596109413,0.9957236419007344,-0.21233806281313555,instance,complexity_N1_top25
0,0.4916666666666667,0.4,0.42500000000000004,0.4583333333333333,0.5574410477406099,1.0,0.5274056301231618,1.0,1.0,0.6670915569013041,0.8383322576038716,0.997466220385665,-0.3631181140657653,instance,complexity_N1_top25
0,0.6260504201680672,0.0,0.7394636015325671,0.4583333333333333,0.5424824269655798,0.0,0.4702372190850356,0.9959677419354839,1.0,0.666849172727984,0.8608825557687065,0.9968814669326792,0.012074587072306048,instance,complexity_N1_top25
0,0.29230769230769227,0.4,0.27142857142857146,0.6666666666666666,0.5849803431431168,0.5,0.4673552214683615,0.9991935483870967,1.0,0.6669186849027268,0.8400196438165985,0.990243973507236,-0.7014813373578721,instance,complexity_N1_top25
0,0.39569892473118284,0.0,0.29398663697104677,0.5,0.5388770241346186,0.0,0.46735428233166254,0.9959677419354839,1.0,0.6668804252762945,0.8417885160218556,0.9822865814719186,0.20750404130357047,instance,complexity_N1_top25
0,0.24860853432282004,0.2,0.4365079365079365,0.375,0.5444360844418681,0.0,0.4786486339770515,0.9967741935483871,1.0,0.6670564278270776,0.8387559474400942,0.9916960271686439,-0.5630078754226908,instance,complexity_N1_top25
0,0.4172268907563026,0.4,0.29398663697104677,0.9166666666666666,0.5396303686330709,0.5,0.5074138572960782,1.0,1.0,0.666947198680279,0.8652414839444758,0.9890242298021753,-0.12771357788287083,instance,complexity_N1_top25
0,0.6179211469534049,0.6,0.8,0.2916666666666667,0.5383785643466463,1.0,0.5300905294140106,1.0,1.0,0.6669826259452118,0.838916133945805,0.9852802287710049,-0.4346727666197034,instance,complexity_N1_top25
0,0.3685897435897436,0.0,0.49751243781094523,0.4166666666666667,0.5555807517802455,0.0,0.4297122083446546,0.9959677419354839,1.0,0.666920199806989,0.8723383761368045,0.9984674756575894,0.044809247443854644,instance,complexity_N1_top25
0,0.4805555555555555,0.6,0.7394636015325671,0.4583333333333333,0.5709438676480313,0.75,0.44805943826330263,0.9983870967741936,1.0,0.6668262979931225,0.8523510388520071,0.9830885362939925,-0.17721354357389332,instance,complexity_N1_top25
0,0.5017595307917888,0.0,0.29398663697104677,0.5,0.5354089763095559,0.3333333333333333,0.46749377027066097,0.9959677419354839,1.0,0.6669104821165482,0.8407786565168942,0.9977702654781878,1.2243379724843424,instance,complexity_N1_top25
0,0.38888888888888884,0.6,0.27142857142857146,0.7083333333333334,0.8158719057159314,0.0,0.4892895947630129,0.9983870967741936,0.96,0.647973587721962,0.8293275274383737,0.9962810719389426,-1.4380303686197244,instance,complexity_N1_top25
0,0.5599078341013826,0.8,0.49751243781094523,0.625,0.623399438465784,1.0,0.5271204876318784,1.0,1.0,0.6670686047884072,0.8372977749507899,0.9846601407391725,-0.3055445243239471,instance,complexity_N1_top25
0,0.6583333333333333,0.6,0.83,0.5416666666666666,0.6135813155014187,0.75,0.5237177244438043,1.0,1.0,0.6670421526415894,0.8414430842385207,0.9831760660499297,-0.6812744616799785,instance,complexity_N1_top25
1,0.511520737327189,0.6,0.26053639846743293,0.4583333333333333,0.44267033413441326,1.0,0.5455856547160663,1.0,1.0,0.6668444469730327,0.8452060553495007,0.9790130094799732,0.4690658887531138,instance,complexity_N1_top25
0,0.5835843373493976,0.6,0.29398663697104677,0.5833333333333334,0.539452892789633,1.0,0.5376471007468255,1.0,1.0,0.6668031969617064,0.8498293396610284,0.9891929029703243,0.5960648723157748,instance,complexity_N1_top25
0,0.11224489795918369,0.4,0.3271604938271605,0.625,0.5395234640642743,0.42857142857142855,0.527218720912546,1.0,1.0,0.6669113492799356,0.8617915460092448,0.9925103517387642,-0.33589584969927755,instance,complexity_N1_top25
0,0.6203835227272727,1.0,0.29398663697104677,0.5833333333333334,0.540705740764135,1.0,0.55516164362641,1.0,1.0,0.6668838277282221,0.8619565514054476,0.9983976796890294,0.018293302291900747,instance,complexity_N1_top25
1,0.44736842105263164,0.6,0.6037735849056604,0.375,0.4602247939270169,1.0,0.5178382064873602,1.0,1.0,0.666946234991755,0.8320654216791715,0.9878560507805053,-0.19338889322021652,instance,complexity_N1_top25
0,0.5835843373493976,0.8,0.7555555555555555,0.5,0.5460200110020851,1.0,0.577991042917734,1.0,1.0,0.6667663488388856,0.8530041951924754,0.9923621729161687,-0.10894915836440291,instance,complexity_N1_top25
0,0.2583333333333333,0.4,0.27142857142857146,0.5833333333333334,0.583158987778642,0.0,0.4543715842849215,0.9983870967741936,1.0,0.6670446362290736,0.851089633327733,0.9967529445294909,-0.5865946683980211,instance,complexity_N1_top25
0,0.42340067340067344,0.6,0.49751243781094523,0.5416666666666666,0.5467064564686784,0.0,0.46348822838338,0.9991935483870967,1.0,0.6668904946042751,0.8649463834057074,0.9803964311660203,0.3009752517955373,instance,complexity_N1_top25
0,0.3696078431372549,0.6,0.4365079365079365,0.6666666666666666,0.5550738048154067,0.3333333333333333,0.5570964532711868,1.0,1.0,0.6669818732216568,0.8461501103613887,0.997318503204735,-0.08909209551938176,instance,complexity_N1_top25
0,0.2695417789757413,0.4,0.29398663697104677,0.6666666666666666,0.5352074204835925,0.5,0.5134374640993482,1.0,1.0,0.666883334422445,0.8551256496075351,0.9826581135485282,0.6876459942501968,instance,complexity_N1_top25
0,0.5656424581005587,0.2,0.697986577181208,0.375,0.6095725710132622,0.0,0.4829246484341557,0.9991935483870967,1.0,0.6670121113210309,0.8490545589698766,0.999781034190809,-0.5227551712509259,instance,complexity_N1_top25
0,0.43542695836273815,0.6,0.3271604938271605,0.625,0.5391583107242063,0.5,0.5141522320590641,1.0,1.0,0.6670028457178334,0.8495795881959558,0.9884669220804481,0.6080559036195906,instance,complexity_N1_top25
1,0.6043010752688172,0.8,0.6728395061728395,0.4583333333333333,0.4634559371048689,0.0,0.47797117313957416,0.9994311717861206,1.0,0.6668348935190198,0.8356857357970849,0.99351004514987,-0.042813768860919456,instance,complexity_N1_top25
1,0.5834677419354839,1.0,0.19999999999999996,0.4583333333333333,0.4632835882548373,0.6666666666666666,0.5489736278780429,1.0,1.0,0.666881686691686,0.8371853905630878,0.9945931892914226,-0.06703913446557856,instance,complexity_N1_top25
0,0.3290322580645161,0.4,0.3271604938271605,0.625,0.5425285541343777,0.0,0.4805922232263482,0.9991935483870967,1.0,0.6669101237492004,0.8618031398038769,0.9948621064934375,-0.4359327768931423,instance,complexity_N1_top25
0,0.7278645833333334,0.4,0.27142857142857146,0.7083333333333334,0.5463432260513821,1.0,0.5591820116305445,1.0,1.0,0.6669001532031554,0.8400062488067949,0.9870327159086996,-0.15635541022915042,instance,complexity_N1_top25
0,0.7516741071428572,0.8,0.4365079365079365,0.5833333333333334,0.5703135285856753,0.25,0.5014453224505401,1.0,1.0,0.6669866057485213,0.850460086781653,0.9959343917583872,-0.4319427878003919,instance,complexity_N1_top25
1,0.3999999999999999,0.2,0.5024875621890548,0.9166666666666666,0.4147173444014268,0.5,0.5020295098624096,1.0,1.0,0.66713886200541,0.845465818347199,0.9943330597208193,0.39935784303895294,instance,complexity_N1_top25
0,0.5241935483870968,1.0,0.7394636015325671,0.4583333333333333,0.5531533164239176,0.6666666666666666,0.5237128403168383,1.0,1.0,0.6668837122388899,0.8632627046564935,0.9984834977640304,-0.8645784536440606,instance,complexity_N1_top25
0,0.2997448979591837,0.4,0.4365079365079365,0.4166666666666667,0.5504067699432992,0.5,0.5170678249125016,1.0,1.0,0.6669219979125196,0.8539164026713095,0.9959146672680286,0.12671333444622385,instance,complexity_N1_top25
0,0.5933333333333333,0.6,0.49751243781094523,0.5416666666666666,0.5443351612796475,0.3333333333333333,0.5117339973670272,1.0,1.0,0.6676509135808147,0.8587295235821562,0.9994551559789682,0.8215519893574003,instance,complexity_N1_top25
0,0.28627450980392155,0.4,0.42500000000000004,0.4166666666666667,0.5391184500402019,0.6666666666666666,0.5554849496734118,1.0,1.0,0.6669376957461353,0.8528146268251349,0.9926730904233497,-0.09439871723700505,instance,complexity_N1_top25
0,0.475668449197861,0.2,0.29398663697104677,0.625,0.5453281343748723,0.3333333333333333,0.5067673804721744,1.0,1.0,0.6669297397689661,0.870156946537886,0.982411785921335,0.020694894709315244,instance,complexity_N1_top25
0,0.525,0.2,0.697986577181208,0.5416666666666666,0.5438244011430222,0.25,0.42715341789547834,0.9967741935483871,1.0,0.6669793120607999,0.8685353971951922,0.9913412261008033,0.19671182054004624,instance,complexity_N1_top25
1,0.25,0.8,0.7060133630289532,0.5,0.4647028642918124,1.0,0.5113791106513055,1.0,0.96,0.6627849327610055,0.7890363860083085,0.9763678621523232,-1.8129067320444563,instance,complexity_N1_top25
0,0.6179211469534049,0.6,0.8,0.3333333333333333,0.5431153076133085,1.0,0.5091302169533806,1.0,1.0,0.6668455316023333,0.8140624773419988,0.9569570036241022,0.1593546441392059,instance,complexity_N1_top25
0,0.7069767441860465,0.8,0.4365079365079365,0.5833333333333334,0.6476757030575907,1.0,0.5258047189709261,1.0,1.0,0.667038770193288,0.8425737158222946,0.9906856540246531,-0.5853082567111997,instance,complexity_N1_top25
1,0.24583333333333335,0.2,0.26053639846743293,0.625,0.44346664937738445,0.5,0.4694857332250748,0.9994311717861206,1.0,0.6668272801084043,0.8607548020297874,0.9946551446025143,0.2626036066792665,instance,complexity_N1_top25
0,0.37419354838709673,0.4,0.27142857142857146,0.7083333333333334,0.5432780929227343,0.5,0.48528731967622607,0.9975806451612903,1.0,0.6668847197281835,0.8576620978757363,0.9877064486981114,0.035236828597014894,instance,complexity_N1_top25
0,0.04347826086956519,0.2,0.42500000000000004,0.4166666666666667,0.5527295531588895,0.0,0.4976088425213119,0.9991935483870967,1.0,0.6669820901694906,0.8491274663350916,0.999314974614093,-0.06617973317497215,instance,complexity_N1_top25
0,0.2290322580645161,0.0,0.3271604938271605,0.625,0.5368429178203018,0.0,0.390856099565855,0.9935483870967742,1.0,0.6669650105715736,0.8222070077080305,0.9936491906817232,0.3876156322230863,instance,complexity_N1_top25
0,0.3696078431372549,0.4,0.3271604938271605,0.625,0.5369988456794205,1.0,0.5159416203282039,1.0,0.92,0.6530689716821572,0.8326049537314685,0.9841569238534884,0.6828821223339379,instance,complexity_N1_top25
0,0.525,0.6,0.6862745098039216,0.3333333333333333,0.5434288459437614,0.6666666666666666,0.5513398752916855,1.0,1.0,0.6668784834006823,0.8649673008829382,0.9897068373556923,-0.3573852013512585,instance,complexity_N1_top25
0,0.5833333333333334,0.8,0.697986577181208,0.5,0.6604323380658808,1.0,0.5151568614220947,1.0,1.0,0.6669719846525237,0.8480177542733194,0.9992979852953283,-0.4224108354344715,instance,complexity_N1_top25
0,0.5469208211143695,0.6,0.29398663697104677,0.875,0.5420871930461092,1.0,0.5195175301996788,1.0,1.0,0.666813715354502,0.8618833348549222,0.9840380115796331,0.21763052305354202,instance,complexity_N1_top25
0,0.19202898550724634,0.4,0.49751243781094523,0.4583333333333333,0.6089611590085474,1.0,0.5089613402068711,1.0,1.0,0.6669580918781746,0.8544569520944816,0.9958579887794258,0.7778307355430398,instance,complexity_N1_top25
0,0.3290322580645161,0.2,0.3271604938271605,0.4166666666666667,0.5374793756846942,0.0,0.48290278688229704,0.9975806451612903,1.0,0.666889819989026,0.8285923100417183,0.9814047479129406,0.04674456157985396,instance,complexity_N1_top25
0,0.5764525993883792,0.4,0.29398663697104677,0.5,0.5449452338298898,0.0,0.4782300633916108,0.9983870967741936,1.0,0.666881815144245,0.8342578837094579,0.9692981063506227,0.24334028739615066,instance,complexity_N1_top25
0,0.6583333333333333,0.6,0.7394636015325671,0.6666666666666666,0.5837647585522577,0.6666666666666666,0.5197178985004871,1.0,1.0,0.666838596473977,0.8515477887455773,0.99364128457297,-0.569215168224541,instance,complexity_N1_top25
0,0.7694859038142621,0.8,0.8,0.25,0.5680255233733781,1.0,0.5129240838493769,1.0,1.0,0.6668478535430499,0.8632423224881408,0.9895354348469296,-0.8038448718702265,instance,complexity_N1_top25
0,0.4726190476190476,0.6,0.4365079365079365,0.5833333333333334,0.6590345572694023,1.0,0.5336367444702018,1.0,1.0,0.6670216235186022,0.8554663613345664,0.9936779879813605,-0.6652467544398388,instance,complexity_N1_top25
0,0.4481132075471699,0.4,0.8,0.2916666666666667,0.5384746432649953,1.0,0.5112996507779765,1.0,1.0,0.6669829340623704,0.8331844913357735,0.9991390266065768,-0.017775765905660004,instance,complexity_N1_top25
0,0.11224489795918369,0.2,0.29398663697104677,0.9166666666666666,0.5423755564901367,0.0,0.4837386803881448,0.9991935483870967,1.0,0.6669009197228222,0.8527949405557159,0.9785728921428525,0.02043870316874768,instance,complexity_N1_top25
0,0.4741935483870968,0.6,0.29398663697104677,0.5833333333333334,0.5376018460230608,0.0,0.47809287603687967,0.9991935483870967,1.0,0.6669019956199467,0.8550957400741275,0.9959543108335409,0.49184557081061975,instance,complexity_N1_top25
0,0.11224489795918369,0.0,0.27142857142857146,0.7083333333333334,0.5454009782536658,0.0,0.49180908787863464,0.9943548387096774,1.0,0.6667774238976629,0.8409213897023922,0.9827146712193423,0.3919097238886886,instance,complexity_N1_top25
1,0.8731884057971014,0.8,0.7060133630289532,0.7083333333333334,0.4647690278202362,1.0,0.5527963016092956,1.0,1.0,0.6667783661094145,0.8161340747352189,0.9775213003064914,-0.4603584034926632,instance,complexity_N1_top25
0,0.5933333333333333,0.2,0.27142857142857146,0.7083333333333334,0.5453359236525767,0.75,0.46375453352120377,0.9967741935483871,1.0,0.6668959951412459,0.8552555184966932,0.9990544598406506,0.43566122562188797,instance,complexity_N1_top25
0,0.5288335517693316,0.2,0.8,0.4583333333333333,0.5397381627865686,0.5,0.5207965710766869,1.0,1.0,0.6670953482872891,0.8368448146238648,0.9783028960828375,-0.03613520557194776,instance,complexity_N1_top25
0,0.5433333333333333,0.6,0.27142857142857146,0.5833333333333334,0.5494713113703507,0.6666666666666666,0.5151068445386346,1.0,1.0,0.6669371692689022,0.8612193464014389,0.9981939880265127,0.14066923320083702,instance,complexity_N1_top25
1,0.2483258928571428,0.6,0.09722222222222221,0.4583333333333333,0.43918169742850166,0.5,0.4943719182874323,0.9994311717861206,1.0,0.6667749666713421,0.841487535030783,0.9804965510446536,0.27528045481507263,instance,complexity_N1_top25
0,0.11224489795918369,0.2,0.29398663697104677,0.5,0.5407173594214587,1.0,0.5102283654086007,1.0,1.0,0.6669091177830732,0.8403755801957226,0.9841805034054507,0.2911114039568714,instance,complexity_N1_top25
0,0.2290322580645161,0.4,0.8,0.2916666666666667,0.5433020699404557,0.0,0.49599622503424856,0.9991935483870967,1.0,0.6669987057458734,0.8563899459150422,0.9901869674591197,-0.16965301570662197,instance,complexity_N1_top25
0,0.4097859327217126,0.4,0.29398663697104677,0.9166666666666666,0.546374693443658,0.0,0.44849991739652517,0.9975806451612903,1.0,0.6668748923909796,0.865991193519474,0.9975093432220475,-0.19595532048379188,instance,complexity_N1_top25
1,0.47580645161290325,0.4,0.26053639846743293,0.625,0.4224665185728399,0.5,0.4594775205059599,0.9994311717861206,1.0,0.6668593178020357,0.8525450857134618,0.990845811458568,1.1485939487877193,instance,complexity_N1_top25
0,0.7643229166666667,1.0,0.7555555555555555,0.4583333333333333,0.5729987961597066,1.0,0.529923852611209,1.0,1.0,0.6670050778579603,0.8691789679048965,0.9965230430739699,-0.46572697853377465,instance,complexity_N1_top25
0,0.28627450980392155,0.4,0.29398663697104677,0.625,0.5432675449594352,0.5,0.4946817315572847,0.9991935483870967,1.0,0.6668285543051633,0.8516901574423366,0.9847542015510468,0.06533541293992874,instance,complexity_N1_top25
0,0.04347826086956519,0.0,0.42500000000000004,0.4166666666666667,0.5461573089843286,0.0,0.4462360678811925,0.9959677419354839,1.0,0.6669941439827408,0.8101457623647288,0.9892460510895607,-0.13391845618033538,instance,complexity_N1_top25
0,0.37083333333333335,0.4,0.29398663697104677,0.5,0.5390222911868628,1.0,0.5108718423402905,1.0,1.0,0.6670610475133035,0.8406131738470123,0.9964223431370126,1.0952106816021852,instance,complexity_N1_top25
1,0.27976190476190477,0.2,0.09722222222222221,0.4583333333333333,0.43991242697259114,0.3333333333333333,0.4973850693726357,0.9994311717861206,1.0,0.6669209107582886,0.8733048351768793,0.9975575155038839,1.2435439140335403,instance,complexity_N1_top25
0,0.2583333333333333,0.4,0.27142857142857146,0.5833333333333334,0.5782943575307383,0.3333333333333333,0.49126867627789006,0.9991935483870967,1.0,0.6670242893435515,0.84264446326001,0.9907242859937403,-0.8357774705040996,instance,complexity_N1_top25
0,0.1875,0.0,0.29398663697104677,0.5,0.5368479637277049,0.0,0.46914842071883445,0.992741935483871,1.0,0.6667829554439684,0.8282332743988369,0.9941924942809234,-0.009722753257479013,instance,complexity_N1_top25
0,0.6553485576923077,0.8,0.7555555555555555,0.4583333333333333,0.5868247300463653,1.0,0.5340102244719742,1.0,1.0,0.6669523306856111,0.8578846993686647,0.9991669045674528,-0.9560916901201102,instance,complexity_N1_top25
0,0.7588652482269503,1.0,0.7394636015325671,0.25,0.6716440675201024,1.0,0.5503228828615347,1.0,1.0,0.6669322715278563,0.8327064592829349,0.9641942471388492,-1.6523384760194555,instance,complexity_N1_top25
0,0.3556231003039514,0.0,0.39622641509433965,0.5,0.5460729838740318,0.0,0.40139242742787107,0.9951612903225806,1.0,0.6668477199924743,0.8542131413429006,0.9936160704321165,0.18074220881547332,instance,complexity_N1_top25
1,0.47580645161290325,0.4,0.5024875621890548,0.9166666666666666,0.4478838117121864,0.3333333333333333,0.4534249905472506,0.9988623435722411,1.0,0.6669580739039549,0.8679978378995417,0.9980215474062838,0.9450947686707469,instance,complexity_N1_top25
0,0.5076190476190476,0.6,0.27142857142857146,0.5833333333333334,0.5541046499784174,0.5,0.48334081255505246,0.9991935483870967,1.0,0.6669612488428047,0.8427529294480479,0.9952557050657964,-0.3587006464360222,instance,complexity_N1_top25
0,0.37119801365611427,0.8,0.48453608247422686,0.4166666666666667,0.5561509861871825,1.0,0.5231186622651777,1.0,1.0,0.6668088005246651,0.8618878866810775,0.9897738611361532,-0.0011826130053229022,instance,complexity_N1_top25
0,0.19202898550724634,0.4,0.42500000000000004,0.4166666666666667,0.5439777425074488,0.0,0.44412506348584324,0.9983870967741936,1.0,0.6669422418610359,0.8518587763391011,0.9980641824904479,0.4620315234894299,instance,complexity_N1_top25
0,0.39453125,0.0,0.27142857142857146,0.7083333333333334,0.57032154218764,0.0,0.4387646578759581,0.9951612903225806,1.0,0.6669092398819705,0.8315069852848369,0.9953193836176731,0.06448432113155848,instance,complexity_N1_top25
0,0.525,0.2,0.3271604938271605,0.625,0.5395204063911859,0.42857142857142855,0.4851961201953995,0.9975806451612903,1.0,0.6669159398357235,0.876053849790633,0.9918979076114589,0.11735725863933177,instance,complexity_N1_top25
0,0.48847926267281105,0.4,0.49751243781094523,0.5416666666666666,0.555419235770877,0.0,0.4906103594391964,0.9991935483870967,1.0,0.6670259681843236,0.8559258870885128,0.9989940535723864,-0.20449996849012944,instance,complexity_N1_top25
0,0.6073091247672253,0.2,0.4365079365079365,0.5833333333333334,0.5485393930743766,0.0,0.4807161658310911,0.9967741935483871,1.0,0.6670021306008698,0.8605845000788872,0.9974999584613892,-0.4079159294120564,instance,complexity_N1_top25
0,0.4165322580645161,0.2,0.29398663697104677,0.9166666666666666,0.5348176339054093,0.0,0.4519956217239399,0.9975806451612903,0.96,0.6657007930491781,0.8278181676632417,0.9915859984154837,1.162272784220497,instance,complexity_N1_top25
0,0.8041666666666667,1.0,0.7394636015325671,0.25,0.6154145439839926,1.0,0.5140734264853334,1.0,1.0,0.6668558758137169,0.8315615640763465,0.9934702165078831,-1.1844102909530143,instance,complexity_N1_top25
0,0.25,0.2,0.27142857142857146,0.5833333333333334,0.787278705521104,0.0,0.4838112322745196,0.9975806451612903,1.0,0.6668915208553939,0.8306567776164024,0.980578514331951,-0.7928693695467401,instance,complexity_N1_top25
0,0.21276595744680848,0.4,0.29398663697104677,0.5,0.5363846746335484,0.0,0.4772727007072253,0.9983870967741936,1.0,0.6668738113174131,0.8450881152331242,0.9820530478179373,0.6636647355409715,instance,complexity_N1_top25
0,0.6041666666666666,0.4,0.7394636015325671,0.4583333333333333,0.5412008981468615,0.6666666666666666,0.5128496009517961,1.0,1.0,0.6666890340002193,0.8654671635666662,0.9933725788004988,0.06811353260246576,instance,complexity_N1_top25
0,0.2290322580645161,0.2,0.29398663697104677,0.9166666666666666,0.539973896628764,0.0,0.4848703820959539,0.9975806451612903,1.0,0.6668118951186172,0.8407155874343195,0.9886032243731856,-0.18923640307194048,instance,complexity_N1_top25
1,0.41641566265060237,0.6,0.7060133630289532,0.6666666666666666,0.45940901743998186,0.75,0.49952135497239836,0.9994311717861206,1.0,0.6669652094600959,0.8776734779133709,0.9884954475064122,-0.3240660724372397,instance,complexity_N1_top25
1,0.6043010752688172,0.6,0.7060133630289532,0.6666666666666666,0.4606294330086317,0.5,0.49906774367960427,0.9988623435722411,1.0,0.6668786152075026,0.8538389668929852,0.9881069207046738,0.049389809903230567,instance,complexity_N1_top25
0,0.4741935483870968,0.4,0.27142857142857146,0.5833333333333334,0.5512711826473436,1.0,0.5560080167914224,1.0,1.0,0.6669555055124102,0.849637258910413,0.999689412148418,-0.17019454502925865,instance,complexity_N1_top25
1,0.36296296296296293,0.4,0.6728395061728395,0.3333333333333333,0.4537696544801868,0.5,0.47867593449943535,0.9988623435722411,1.0,0.6669714335132427,0.8654228197162864,0.9841061768228488,0.46556134352446593,instance,complexity_N1_top25
0,0.37419354838709673,0.6,0.9027777777777778,0.25,0.5471627185333308,0.0,0.4445962993153133,0.9991935483870967,1.0,0.6669404091181761,0.8455249067040392,0.987858233597718,-0.244318097018955,instance,complexity_N1_top25
0,0.24860853432282004,0.2,0.7394636015325671,0.5416666666666666,0.5584348927955607,0.0,0.48024631450620725,0.9991935483870967,1.0,0.6668528529572734,0.859917994359809,0.9996908662639333,-0.6603460499254442,instance,complexity_N1_top25
0,0.4933333333333334,0.4,0.4365079365079365,0.5833333333333334,0.5710742926332254,0.0,0.48643577943857164,0.9983870967741936,1.0,0.666955363519025,0.8442510987767023,0.987042874339706,-1.1862593631868037,instance,complexity_N1_top25
0,0.38327526132404177,0.4,0.29398663697104677,0.5833333333333334,0.5370699263421524,0.5,0.4912650319139422,0.9975806451612903,1.0,0.6668442346444766,0.8396288629275104,0.9994717628490538,0.26336408133184236,instance,complexity_N1_top25
0,0.5288335517693316,0.2,0.29398663697104677,0.5833333333333334,0.5394610129575756,0.5,0.5295971558373556,1.0,1.0,0.6668687900441613,0.8374468425086448,0.98345120643084,0.2606573994494614,instance,complexity_N1_top25
0,0.04347826086956519,0.0,0.29398663697104677,0.5,0.5352670208390359,0.5,0.4263331203165296,0.9935483870967742,1.0,0.6668460450767738,0.8016735064541607,0.99910375066706,1.2189055537718387,instance,complexity_N1_top25
0,0.6203703703703703,0.8,0.7555555555555555,0.4583333333333333,0.5556413657987331,0.6666666666666666,0.5532385690209665,1.0,1.0,0.6670453912030797,0.8624870729840106,0.9916820289569271,-0.31314886498146394,instance,complexity_N1_top25
0,0.4805555555555555,0.4,0.4365079365079365,0.5833333333333334,0.5860697897183494,0.0,0.4799625379885938,0.9983870967741936,1.0,0.6669386278378227,0.8332501579154517,0.9988076791549249,-1.0079149846437931,instance,complexity_N1_top25
1,0.21296296296296302,0.8,0.7060133630289532,0.5416666666666666,0.44685972969903087,0.0,0.48198390674872316,0.9994311717861206,1.0,0.6669196067713437,0.8412553947254162,0.9963288586380353,-0.27005135926120627,instance,complexity_N1_top25
0,0.7541666666666667,0.4,0.697986577181208,0.5833333333333334,0.545598691119895,0.0,0.4958299771063024,0.9983870967741936,1.0,0.6670489296435462,0.8695021184127844,0.9799876875887612,0.28356534941648087,instance,complexity_N1_top25
0,0.5,0.2,0.3666666666666667,0.20833333333333334,0.5565232469866723,0.5,0.49289111333218183,0.9991935483870967,1.0,0.666915385470414,0.8384598648875017,0.9982844569165621,-1.0797204513992673,instance,complexity_N1_top25
0,0.31405228758169934,0.2,0.29398663697104677,0.9166666666666666,0.5368312561128233,0.16666666666666666,0.4898299737668502,0.9983870967741936,1.0,0.6670849233037216,0.8462680134566473,0.9575980926556301,0.7161633577453548,instance,complexity_N1_top25
0,0.27108433734939763,0.6,0.29398663697104677,0.625,0.539135292774429,0.0,0.4971527838949741,0.9991935483870967,1.0,0.6668841753102841,0.8475265653175091,0.9968805281354156,0.4373664576527154,instance,complexity_N1_top25
0,0.5599078341013826,0.2,0.27142857142857146,0.7083333333333334,0.5612169152100902,0.5,0.5187730439909213,1.0,1.0,0.6669675003290138,0.8519110864566615,0.9908306238274031,-0.19497147601977477,instance,complexity_N1_top25
0,0.48703703703703705,0.0,0.29398663697104677,0.9166666666666666,0.5454027852985467,0.0,0.4279118285948771,0.9943548387096774,1.0,0.6667994795558478,0.8405233722828805,0.9586049491406959,-0.040960970779988386,instance,complexity_N1_top25
0,0.6338242762823768,1.0,0.7555555555555555,0.5416666666666666,0.5554978114349581,1.0,0.5453624545605134,1.0,1.0,0.6670705359287735,0.8544681994833457,0.9972097833252666,-0.11842474819040345,instance,complexity_N1_top25
1,0.45666666666666667,0.4,0.09722222222222221,0.2916666666666667,0.3978614205466173,0.0,0.47500640126303384,0.9988623435722411,1.0,0.6668971588938502,0.8513927945827353,0.9901769633945441,1.19962106686191,instance,complexity_N1_top25
0,0.30922431865828093,0.4,0.29398663697104677,0.9166666666666666,0.538543366275606,1.0,0.5081828840074107,1.0,1.0,0.6668914458572214,0.8575566157940266,0.9927216962495486,0.13192262473456307,instance,complexity_N1_top25
0,0.4241935483870968,0.6,0.4365079365079365,0.4166666666666667,0.5466272265592235,1.0,0.5071651252075005,1.0,1.0,0.6669920513797682,0.847126609806154,0.9969371142808217,-0.20889234984616248,instance,complexity_N1_top25
0,0.04347826086956519,0.2,0.29398663697104677,0.9166666666666666,0.5404460165216077,0.0,0.4818784109743275,0.9967741935483871,1.0,0.6669053734542628,0.8631198673863254,0.9976814720623839,0.2801569534041084,instance,complexity_N1_top25
0,0.3627659574468085,0.2,0.29398663697104677,0.5,0.5376828030781017,0.0,0.45554216909152556,0.9991935483870967,1.0,0.6668741144208613,0.830828941501691,0.9883866383933227,-0.20505525790432594,instance,complexity_N1_top25
0,0.30922431865828093,0.6,0.29398663697104677,0.9166666666666666,0.5448487062905611,0.5,0.5072476561824102,1.0,1.0,0.666988711207054,0.8678055056153751,0.9936716335363501,-0.4080710699752706,instance,complexity_N1_top25
0,0.7083333333333333,1.0,0.27142857142857146,0.625,0.5469585685295599,1.0,0.5478581070035036,1.0,1.0,0.6669296540227363,0.8590074447012644,0.9972519088034993,-0.02546404487364453,instance,complexity_N1_top25
0,0.37419354838709673,0.0,0.27142857142857146,0.5833333333333334,0.5519453911246135,0.0,0.4655228644022422,0.9935483870967742,1.0,0.6669498822455837,0.8550755422744877,0.9867938603646043,-0.17160449055652413,instance,complexity_N1_top25
0,0.5378646803227809,0.6,0.3271604938271605,0.5833333333333334,0.5394578164065986,1.0,0.5142040889240801,1.0,1.0,0.6668874641691649,0.8555431958203961,0.9945430182750109,0.355310076780146,instance,complexity_N1_top25
0,0.4165322580645161,0.2,0.29398663697104677,0.9166666666666666,0.536559387838656,0.0,0.44244152416727434,0.9967741935483871,1.0,0.6668656503455994,0.8279879683795744,0.9881475119028892,-0.08022916148177178,instance,complexity_N1_top25
0,0.5934202358783365,0.2,0.49751243781094523,0.4166666666666667,0.5447891111927761,0.0,0.488410793909024,0.9975806451612903,1.0,0.6669486536773476,0.8428100007629645,0.9993286682209239,0.7021278219377441,instance,complexity_N1_top25
1,0.5645730416372619,0.6,0.6728395061728395,0.4166666666666667,0.4575739285084691,0.5,0.5400824981815041,1.0,1.0,0.6668349279834123,0.8490947883474592,0.9859826575284817,-0.10059538453285047,instance,complexity_N1_top25
0,0.26609105180533754,0.0,0.29398663697104677,0.625,0.5371979291713169,0.0,0.4342617458685608,0.9959677419354839,1.0,0.6669053312662665,0.8590367017274733,0.9963574547148222,0.1734615854408948,instance,complexity_N1_top25
0,0.5700854700854701,0.4,0.49751243781094523,0.5416666666666666,0.5706117512136218,0.0,0.4765354206728407,0.9991935483870967,1.0,0.6669867594924995,0.8569958365744426,0.9847493528009762,-0.6723170482325708,instance,complexity_N1_top25
0,0.11224489795918369,0.0,0.3271604938271605,0.625,0.5393016209066701,0.0,0.4797306146899326,0.9959677419354839,1.0,0.6668740023096659,0.8326852690367486,0.9704226692514318,0.34893849549553313,instance,complexity_N1_top25
1,0.4343575418994414,0.4,0.7285714285714286,0.4166666666666667,0.43521646314637796,1.0,0.50870944994795,1.0,1.0,0.6669062127950027,0.8650793570624136,0.9990789480067068,0.6752768173636182,instance,complexity_N1_top25
0,0.4097859327217126,0.6,0.29398663697104677,0.9166666666666666,0.5409820333147201,0.5555555555555556,0.4976066369698674,0.9991935483870967,1.0,0.6668678482665549,0.8603618037125155,0.9934062506770499,0.01496250698810068,instance,complexity_N1_top25
0,0.2583333333333333,0.8,0.4365079365079365,0.5833333333333334,0.6286868611046579,1.0,0.5378819251097187,1.0,0.96,0.6551364488729385,0.8459675625640721,0.9848984902408497,-1.380881986332939,instance,complexity_N1_top25
0,0.6617963042544048,0.6,0.7394636015325671,0.4583333333333333,0.5464810424824436,0.4375,0.4996284582488365,0.9991935483870967,1.0,0.6667980825418455,0.8899353796595345,0.9975605157026938,-0.5272009690177201,instance,complexity_N1_top25
0,0.7666666666666666,0.8,0.697986577181208,0.375,0.5486341874108591,0.0,0.41733445302536154,0.9991935483870967,1.0,0.6669198773071607,0.8298725653881003,0.9901054198036545,0.25284746079232046,instance,complexity_N1_top25
0,0.4241935483870968,0.6,0.7727272727272727,0.3333333333333333,0.560999146527991,1.0,0.5159835018178776,1.0,1.0,0.666820799375911,0.8633544822471297,0.9978383089105184,-0.14847674808902567,instance,complexity_N1_top25
0,0.3290322580645161,0.2,0.29398663697104677,0.4166666666666667,0.537128570324083,0.0,0.44988325429777454,0.9975806451612903,1.0,0.6668522416258322,0.8297189477714015,0.9957223633209079,0.7234547618116296,instance,complexity_N1_top25
0,0.6727853152434158,0.2,0.48453608247422686,0.4166666666666667,0.5415577415538276,0.0,0.4941335522403878,0.9991935483870967,1.0,0.6669183602621483,0.8574763160518267,0.9981417138372568,-0.028403121650703914,instance,complexity_N1_top25
1,0.375,0.8,0.7060133630289532,0.5,0.4654131640122038,1.0,0.5124234581686193,1.0,1.0,0.6667165569066259,0.8703411981922916,0.9844209008844831,-1.6109749543869643,instance,complexity_N1_top25
0,0.32619047619047614,0.0,0.7857142857142857,0.20833333333333334,0.5683753129648539,0.0,0.4801370013700499,0.9959677419354839,1.0,0.6668684830406635,0.851494219872494,0.9765947070415424,0.006510794351730482,instance,complexity_N1_top25
0,0.5290322580645161,0.4,0.8,0.375,0.5402508256160283,0.0,0.4751171689690866,0.9983870967741936,1.0,0.6669766944343231,0.8460276588708351,0.9776887054471852,-0.17954402529797261,instance,complexity_N1_top25
0,0.7461538461538462,0.4,0.29398663697104677,0.5,0.5364513557359617,1.0,0.5070359582950079,1.0,1.0,0.6671549496866043,0.8381107695377551,0.9868661715093219,0.6401319624076824,instance,complexity_N1_top25
0,0.7223484848484849,0.4,0.7555555555555555,0.375,0.5492079764030203,1.0,0.5101279519685824,1.0,1.0,0.6669617130436938,0.8599832793338862,0.9908298010862823,0.15673474673698795,instance,complexity_N1_top25
0,0.5076190476190476,0.4,0.27142857142857146,0.5833333333333334,0.5549245226101593,0.0,0.49524220328456026,0.9983870967741936,1.0,0.6668995662898413,0.8274417935165908,0.9902778457239604,-0.5391040046912261,instance,complexity_N1_top25
0,0.3264525993883791,0.0,0.27142857142857146,0.625,0.5438153682529006,0.0,0.43845316158807357,0.992741935483871,1.0,0.6670770725151615,0.8553775303137283,0.9976038935276756,0.06856973930136435,instance,complexity_N1_top25
1,0.35102420856610805,0.6,0.26053639846743293,0.4583333333333333,0.43256447460976133,0.75,0.5193128158673553,1.0,1.0,0.666909299274467,0.8816149000479547,0.9989688818201867,1.0932742084184544,instance,complexity_N1_top25
0,0.6819444444444445,0.4,0.4365079365079365,0.5833333333333334,0.6351706621068689,0.3333333333333333,0.4617678257550871,0.9975806451612903,1.0,0.6673521475890207,0.8435589418022476,0.9962755624537732,-0.3185122439440384,instance,complexity_N1_top25
0,0.6489757914338921,0.8,0.48453608247422686,0.4166666666666667,0.5888343288865354,0.5,0.48917115264054156,0.9991935483870967,1.0,0.6667959414847912,0.848591197378121,0.9989736477374919,-1.2607089078080735,instance,complexity_N1_top25
0,0.49826302729528527,0.8,0.8,0.3333333333333333,0.5390122417936714,0.6666666666666666,0.5190936995572146,1.0,1.0,0.6672223628972854,0.8476237495308109,0.9941561773171566,-0.16977092764579862,instance,complexity_N1_top25
0,0.5526315789473684,0.4,0.7857142857142857,0.2916666666666667,0.5472377813599194,1.0,0.5465491371109557,1.0,1.0,0.6668643416331862,0.8140673216441736,0.9860713287652033,0.2474607494101527,instance,complexity_N1_top25
0,0.48847926267281105,0.6,0.27142857142857146,0.5833333333333334,0.5727294719885676,0.75,0.5133161999873648,1.0,1.0,0.6668414480885501,0.8460483801250105,0.9932798843420273,-0.3048564630122282,instance,complexity_N1_top25
0,0.40588235294117647,0.2,0.49751243781094523,0.4166666666666667,0.5374372289684415,0.0,0.4788067674531108,0.9975806451612903,1.0,0.6669099305898285,0.8474900345348942,0.999892366301063,0.8695284587216129,instance,complexity_N1_top25
0,0.5433333333333333,0.6,0.4365079365079365,0.5833333333333334,0.5569846044983561,0.5,0.5281168289348006,1.0,1.0,0.6668831630065404,0.8629186413070282,0.9910582514452625,-0.42951174594506353,instance,complexity_N1_top25
0,0.0625,0.2,0.3271604938271605,0.6666666666666666,0.5354989893742671,0.5,0.4550061405066632,0.9983870967741936,1.0,0.6668778843956109,0.8240590272518229,0.994261858596731,1.0245275936601301,instance,complexity_N1_top25
0,0.39569892473118284,0.0,0.3271604938271605,0.6666666666666666,0.5350080661878523,0.0,0.4448664869318608,0.9959677419354839,1.0,0.6669039133193624,0.8326092589554225,0.9955042916048489,0.330632952813982,instance,complexity_N1_top25
0,0.31405228758169934,0.2,0.8,0.375,0.5371402632643922,0.0,0.47520025758576945,0.9967741935483871,1.0,0.6668088577888798,0.858140296777566,0.9998658160053174,0.9095161348490133,instance,complexity_N1_top25
0,0.31405228758169934,0.4,0.29398663697104677,0.9166666666666666,0.536166329560069,1.0,0.506782117529601,1.0,1.0,0.6668278136842987,0.8404245404238305,0.9974820463324153,1.1644460185754302,instance,complexity_N1_top25
0,0.40294117647058825,0.4,0.9215686274509804,0.375,0.5970071610298734,0.0,0.4872887696790821,0.9991935483870967,1.0,0.666783405371353,0.8363401311240233,0.9967547668611849,-0.6345028498391998,instance,complexity_N1_top25
0,0.32619047619047614,0.6,0.29398663697104677,0.5,0.5369464446806679,0.0,0.48415527478632137,0.9991935483870967,1.0,0.6668629837671459,0.8444530869217921,0.9930997741536342,0.7775765923449999,instance,complexity_N1_top25
0,0.5469208211143695,0.4,0.29398663697104677,0.625,0.5410980653578541,0.6,0.49193529990626805,0.9991935483870967,1.0,0.6668558812245925,0.8799311280056247,0.9924687745951751,-0.20907426722162048,instance,complexity_N1_top25
0,0.5241935483870968,0.2,0.49751243781094523,0.5416666666666666,0.6796695247264934,0.0,0.4881219953196667,0.9983870967741936,1.0,0.667016211653591,0.8388541320855076,0.9851770751657977,-1.155292512740958,instance,complexity_N1_top25
0,0.19811320754716988,0.2,0.29398663697104677,0.9166666666666666,0.5495120114871456,0.0,0.46257542614392244,0.9983870967741936,1.0,0.6669947907864842,0.8594348174917202,0.9836836454753533,0.3903446830116156,instance,complexity_N1_top25
0,0.49311926605504586,0.4,0.29398663697104677,0.5833333333333334,0.5557796049462841,1.0,0.5366058633471265,1.0,1.0,0.6668674608148478,0.8379344412480478,0.9993829382685555,-0.08125474934333668,instance,complexity_N1_top25
0,0.4433179723502304,0.2,0.39622641509433965,0.5,0.5358493541544836,0.0,0.45943491428049343,0.9991935483870967,1.0,0.6667434645790254,0.8465225433681028,0.9933858576231717,-0.19523010498230983,instance,complexity_N1_top25
0,0.3666666666666667,0.6,0.4365079365079365,0.5833333333333334,0.8206092519572511,1.0,0.5250332223613112,1.0,1.0,0.6669237375562526,0.8431780744173166,0.996626926333501,-0.589134733144768,instance,complexity_N1_top25
0,0.6794871794871795,0.4,0.49751243781094523,0.5416666666666666,0.6048932861267798,0.6666666666666666,0.4891784946548766,0.9991935483870967,1.0,0.6669687795952847,0.8529914689862005,0.989477691399994,-0.5039060427388752,instance,complexity_N1_top25
0,0.475668449197861,0.6,0.29398663697104677,0.9166666666666666,0.5405110204655129,0.3333333333333333,0.49717984009149063,0.9991935483870967,1.0,0.6669288082460535,0.8656911840888738,0.9984756434009601,0.8202144622849119,instance,complexity_N1_top25
0,0.16666666666666674,0.0,0.7857142857142857,0.20833333333333334,0.5712472510716307,0.0,0.4403709333061342,0.9959677419354839,1.0,0.666886473317302,0.8120362265484511,0.9566688928760688,-0.35157227185807355,instance,complexity_N1_top25
0,0.6203835227272727,1.0,0.7555555555555555,0.4583333333333333,0.5744123669238063,1.0,0.5486072848338205,1.0,1.0,0.6669346518410705,0.8510930337365258,0.9976226411915115,-1.1149202299327072,instance,complexity_N1_top25
0,0.3290322580645161,0.2,0.3271604938271605,0.5,0.5351368056552406,0.0,0.4773653840876926,0.9967741935483871,1.0,0.6668465420087372,0.8238323986370051,0.9725126503026179,0.9723416777007274,instance,complexity_N1_top25
0,0.74765625,0.8,0.8,0.3333333333333333,0.549117064129252,1.0,0.5205023830660462,1.0,1.0,0.6673961858088066,0.8487550909334558,0.9874681653735867,-0.2103860062197014,instance,complexity_N1_top25
0,0.4172268907563026,0.0,0.29398663697104677,0.9166666666666666,0.5402381962328905,0.0,0.43477638538781127,0.9951612903225806,1.0,0.6668202446143486,0.8406256840121337,0.9911928471684364,0.32894214761962315,instance,complexity_N1_top25
0,0.39453125,0.6,0.27142857142857146,0.7083333333333334,0.5479453086575803,0.0,0.4847778049193264,0.9983870967741936,1.0,0.6669719653387782,0.8494390219085436,0.9830578522763272,-0.2553414102218575,instance,complexity_N1_top25
0,0.7694859038142621,0.6,0.7394636015325671,0.7083333333333334,0.5514926394096403,0.0,0.4906108998443246,0.9983870967741936,1.0,0.666790883883449,0.8516159938000826,0.9798691533074009,-0.620068648280843,instance,complexity_N1_top25
0,0.04347826086956519,0.0,0.29398663697104677,0.7083333333333334,0.5353870106995288,0.0,0.43234271244083144,0.9903225806451613,0.96,0.6644776571955631,0.804026546566012,0.9935772611959803,0.6249221481941011,instance,complexity_N1_top25
0,0.6075268817204301,0.2,0.7394636015325671,0.4583333333333333,0.5622932750257378,0.0,0.48001352065051617,0.9991935483870967,1.0,0.6669355153409059,0.8443784645475464,0.9979488528455709,-0.15559685473245438,instance,complexity_N1_top25
0,0.3647798742138365,0.2,0.29398663697104677,0.5,0.5358134018149396,1.0,0.5047881289168894,1.0,1.0,0.6667963376948961,0.8245874541801175,0.9881834556167526,-0.3781304194180167,instance,complexity_N1_top25
0,0.28627450980392155,0.2,0.29398663697104677,0.5,0.5372705574465382,0.0,0.49351556871508573,0.9991935483870967,1.0,0.6668287865938508,0.8356257792870145,0.9841152261034921,0.4991460293502903,instance,complexity_N1_top25
0,0.6819444444444445,0.6,0.7394636015325671,0.3333333333333333,0.7246476564031242,1.0,0.5472265318926711,1.0,1.0,0.6669092272030211,0.869315850731356,0.9964169965854627,-1.431566559890052,instance,complexity_N1_top25
0,0.3264525993883791,0.4,0.27142857142857146,0.7083333333333334,0.5487459669696821,0.5,0.49307162627535084,0.9983870967741936,1.0,0.6668643040500527,0.8370729433351282,0.9805511374182445,-0.13324930800419643,instance,complexity_N1_top25
0,0.6,1.0,0.27142857142857146,0.7083333333333334,0.5585593064202686,0.5,0.5507311781325858,1.0,1.0,0.6668971724283277,0.8560922571394959,0.9910167354358173,-0.5946277340012265,instance,complexity_N1_top25
1,0.26249999999999996,0.4,0.5154639175257731,0.4166666666666667,0.3944836505708555,1.0,0.5032794763888491,1.0,1.0,0.6669082753010428,0.8362754154272635,0.9671468868601609,0.6864364191198808,instance,complexity_N1_top25
0,0.6,0.2,0.49751243781094523,0.7083333333333334,0.577571802681572,0.0,0.4759026818618671,0.9967741935483871,1.0,0.6669208246424773,0.8400481834784411,0.9910893550204186,0.3107689088831458,instance,complexity_N1_top25
0,0.26609105180533754,0.4,0.39622641509433965,0.4583333333333333,0.5371594351161274,1.0,0.522961993907983,1.0,1.0,0.6667885817753687,0.8490832763533922,0.9988074489758908,-0.12973593696976257,instance,complexity_N1_top25
0,0.8587121212121211,0.6,0.7555555555555555,0.4583333333333333,0.5848501641044543,0.5,0.45433519349820095,0.9991935483870967,1.0,0.6669905671199418,0.8573777607549475,0.994187895869861,-0.49479645404719874,instance,complexity_N1_top25
0,0.8083333333333333,0.2,0.29398663697104677,0.5416666666666666,0.5413614284982955,0.0,0.44587610658458166,0.9975806451612903,1.0,0.6669875446157799,0.8365089018306757,0.9978818971199842,-0.1448417560934074,instance,complexity_N1_top25
0,0.5378646803227809,0.2,0.49751243781094523,0.5416666666666666,0.6088382666716239,0.0,0.4612957228011355,0.9983870967741936,1.0,0.6670024933779578,0.861213489691844,0.9993791200318722,-0.7565071177615543,instance,complexity_N1_top25
0,0.625,0.6,0.7394636015325671,0.4583333333333333,0.573018439992002,0.0,0.4719385874765816,0.9991935483870967,1.0,0.6668783666736492,0.8450398073422768,0.9807272573113617,-0.9915041489866235,instance,complexity_N1_top25
0,0.3685897435897436,0.4,0.9215686274509804,0.2916666666666667,0.5830255934461693,0.5,0.5111621712994494,1.0,1.0,0.6668873652355332,0.836812064660171,0.9976491696543,-0.7134787362703067,instance,complexity_N1_top25
0,0.5656424581005587,0.4,0.4365079365079365,0.5833333333333334,0.5717201007479032,0.42857142857142855,0.5046109205448244,1.0,1.0,0.6669261598986853,0.8699521204749735,0.9971927124727056,-0.92519025026417,instance,complexity_N1_top25
0,0.0,0.6,0.7727272727272727,0.3333333333333333,0.8244150728982478,1.0,0.5048297496662044,1.0,1.0,0.6667720397468333,0.8372043662683321,0.9869015152163987,-0.8323654224948036,instance,complexity_N1_top25
0,0.1875,0.2,0.29398663697104677,0.9166666666666666,0.5352541246358152,0.0,0.46578806696739405,0.9975806451612903,1.0,0.6669214416330171,0.7997041938761285,0.9958333287463236,0.927732585936693,instance,complexity_N1_top25
0,0.4408602150537635,0.2,0.49751243781094523,0.5416666666666666,0.6916324205142419,0.0,0.48617427099708377,0.9983870967741936,1.0,0.6670487538625769,0.8520518388829135,0.996689333419041,0.22964685366756166,instance,complexity_N1_top25
0,0.5727513227513228,0.6,0.7394636015325671,0.5,0.566572286112686,0.6,0.5361593485639903,1.0,1.0,0.6668641371241224,0.8726959487025251,0.9882480254821039,-0.9425309937066354,instance,complexity_N1_top25
0,0.5866935483870968,0.4,0.4365079365079365,0.625,0.5778041974885765,0.0,0.4627010977207501,0.9991935483870967,1.0,0.6669135117403542,0.8323264114628499,0.9940723154260951,-0.5506598334927566,instance,complexity_N1_top25
0,0.5357142857142857,0.4,0.9215686274509804,0.25,0.6776443122870527,1.0,0.5433191763951044,1.0,1.0,0.6668355790030157,0.807855300259744,0.9924397031069886,-0.9183207095999438,instance,complexity_N1_top25
0,0.29333333333333333,0.0,0.27142857142857146,0.7083333333333334,0.5769997022435441,0.0,0.46914025481749333,0.9959677419354839,1.0,0.666845860371114,0.8352770480928755,0.9751865607438568,-0.2157888417565918,instance,complexity_N1_top25
0,0.433710407239819,0.2,0.3271604938271605,0.4583333333333333,0.5393260070404763,0.0,0.4693393213536664,0.9991935483870967,1.0,0.6667805547219243,0.8698436690631182,0.9980709281071107,-0.006651770012980014,instance,complexity_N1_top25
0,0.3264525993883791,0.4,0.27142857142857146,0.7083333333333334,0.5482597565226545,0.0,0.47012900420140236,0.9991935483870967,1.0,0.6668100030165472,0.8380865949528801,0.9980913565825361,-0.1272358032797142,instance,complexity_N1_top25
0,0.3685897435897436,0.2,0.49751243781094523,0.4166666666666667,0.5450325460496405,0.25,0.4856741904419172,0.9991935483870967,1.0,0.6668672305244673,0.8806345002366467,0.996884556586704,0.5581107797571776,instance,complexity_N1_top25
0,0.6388888888888888,0.4,0.3666666666666667,0.20833333333333334,0.6222630922040123,1.0,0.5081098356044378,1.0,1.0,0.6668063806956733,0.8475591139332956,0.9989217571530452,-1.277581136608491,instance,complexity_N1_top25
0,0.6338242762823768,1.0,0.7555555555555555,0.5416666666666666,0.5934893729075946,0.8,0.5358575618924819,1.0,1.0,0.6670200795366674,0.8594084982423318,0.9995433329199511,-0.5881024131665121,instance,complexity_N1_top25
0,0.3933333333333333,0.6,0.83,0.2916666666666667,0.6986680718128416,1.0,0.5379822187403787,1.0,1.0,0.6669966165435078,0.831194892478373,0.9896898582947276,-1.5051913468306082,instance,complexity_N1_top25
0,0.3264525993883791,0.2,0.39622641509433965,0.4583333333333333,0.53467992031626,0.0,0.4600677314216146,0.9991935483870967,1.0,0.6669293925802415,0.85345439405489,0.9847146946088725,0.9917111883825491,instance,complexity_N1_top25
0,0.1684782608695652,0.0,0.39622641509433965,0.5,0.5355800878438519,0.0,0.48796642361750686,0.9951612903225806,1.0,0.6669084404210853,0.8031395927693344,0.9879572635836931,0.5988041647548137,instance,complexity_N1_top25
0,0.4408602150537635,0.4,0.27142857142857146,0.5833333333333334,0.5423731439709125,0.0,0.4936003156617529,0.9991935483870967,1.0,0.6670430107571882,0.8530443576425177,0.997078607521039,0.7087809362804196,instance,complexity_N1_top25
0,0.4433179723502304,0.0,0.3271604938271605,0.625,0.5351178455302251,0.0,0.4365423740143114,0.989516129032258,0.96,0.6573681562131075,0.8039130592334489,0.9620522412239496,0.6967381906994378,instance,complexity_N1_top25
0,0.5076190476190476,0.4,0.27142857142857146,0.7083333333333334,0.544781063893515,0.3333333333333333,0.5047369410259906,1.0,1.0,0.6669278352556706,0.8578787622004691,0.995536864426457,-0.15347178802017358,instance,complexity_N1_top25
1,0.566289592760181,0.4,0.6728395061728395,0.6666666666666666,0.4631735599826825,0.2,0.5086196648190002,1.0,1.0,0.6668776039347771,0.8610668381477902,0.9917199443984533,-0.2789915819670953,instance,complexity_N1_top25
1,0.8125,1.0,0.6728395061728395,0.4583333333333333,0.4647300880923466,1.0,0.5396477191916418,1.0,1.0,0.6667490344965084,0.8162248896206745,0.9984519492182512,-0.40643026664742593,instance,complexity_N1_top25
0,0.7461538461538462,0.2,0.8,0.375,0.538027529127889,0.0,0.49063988398252034,0.9991935483870967,1.0,0.666951273150454,0.854834734731153,0.9953551494040667,0.02571720589005295,instance,complexity_N1_top25
0,0.0625,0.4,0.29398663697104677,0.5,0.5371880494335813,0.5,0.4185252992334668,0.9983870967741936,1.0,0.6668849265296034,0.8237831784302859,0.9917317979856066,0.30953326621491634,instance,complexity_N1_top25
0,0.31405228758169934,0.6,0.697986577181208,0.5833333333333334,0.5422474418672126,0.0,0.4925398648807817,0.9991935483870967,1.0,0.666991078706218,0.8661255404700067,0.9992483086695376,0.5337276364796631,instance,complexity_N1_top25
0,0.3696078431372549,0.2,0.42500000000000004,0.4166666666666667,0.630167324191503,0.0,0.4508616794371352,0.9991935483870967,1.0,0.6671407556738441,0.8557315585610206,0.9968845454433862,0.2610449329741981,instance,complexity_N1_top25
0,0.3264525993883791,0.4,0.29398663697104677,0.9166666666666666,0.5386065464148359,0.6666666666666666,0.4821388451501636,0.9991935483870967,1.0,0.6668596488484934,0.8346738202293694,0.9982316536017115,-0.0755839463075567,instance,complexity_N1_top25
0,0.3685897435897436,0.2,0.7394636015325671,0.4583333333333333,0.5460413839659696,0.3333333333333333,0.45600267116901483,0.9967741935483871,1.0,0.6668259086135048,0.8589543897565152,0.999256590115063,-0.01716375946780135,instance,complexity_N1_top25
0,0.3933333333333333,0.4,0.4365079365079365,0.625,0.5635917867790737,0.0,0.4919002701271732,0.9991935483870967,1.0,0.666954035790829,0.8273559871311056,0.9771889235228536,-0.5670066963641628,instance,complexity_N1_top25
1,0.6372340425531915,0.4,0.6728395061728395,0.625,0.45926290066286624,1.0,0.5109118165652549,1.0,1.0,0.6669468866931318,0.8335498201433947,0.9562181573218538,0.4331200618556442,instance,complexity_N1_top25
0,0.4916666666666667,0.0,0.42500000000000004,0.4166666666666667,0.5389823228587188,0.0,0.47166770384625833,0.9951612903225806,1.0,0.666965110999859,0.8277391249362313,0.9815173428559792,-0.4938677067616955,instance,complexity_N1_top25
0,0.31405228758169934,0.4,0.8,0.2916666666666667,0.5387355401075897,0.0,0.48513040377474337,0.9983870967741936,1.0,0.6669361617568641,0.8669338424714316,0.9997677485016823,0.19366914761447288,instance,complexity_N1_top25
0,0.27108433734939763,0.2,0.7555555555555555,0.4166666666666667,0.5437083816877922,0.2,0.45649667804618077,0.9967741935483871,1.0,0.6670544390888102,0.8485128804016653,0.9964220313878455,-0.0348286307085722,instance,complexity_N1_top25
0,0.6260504201680672,0.0,0.42500000000000004,0.4166666666666667,0.5493084061263622,0.0,0.41551778623594016,0.9935483870967742,1.0,0.6670626338070976,0.8464864282675402,0.9827443016142398,-0.21146774137988075,instance,complexity_N1_top25
0,0.6073091247672253,0.6,0.4365079365079365,0.625,0.5527856075564208,0.3333333333333333,0.5134458004372029,1.0,1.0,0.6668563229502278,0.856270085874576,0.9891061351707416,0.1525341924701913,instance,complexity_N1_top25
0,0.25,0.6,0.27142857142857146,0.3333333333333333,0.711338455950674,1.0,0.5270239184244723,1.0,1.0,0.6667669509789919,0.8239508147629357,0.9981596381709754,-1.0627270282151728,instance,complexity_N1_top25
0,0.5154411764705882,0.6,0.29398663697104677,0.4166666666666667,0.5387963635118803,1.0,0.5723346454855682,1.0,1.0,0.6668018477232075,0.8571559060204418,0.9942328087214972,0.5290684329789506,instance,complexity_N1_top25
1,0.6352201257861635,0.8,0.7060133630289532,0.8333333333333334,0.4637480979217622,1.0,0.5237782934584649,1.0,1.0,0.666851531827445,0.8446985871904653,0.9815099956780284,-0.4768599731921282,instance,complexity_N1_top25
0,0.433710407239819,0.2,0.48453608247422686,0.375,0.6571553679685278,0.0,0.45570987680153296,0.9983870967741936,1.0,0.6669045857444525,0.8768250230354103,0.9933914661918126,-0.4947302445448004,instance,complexity_N1_top25
1,0.09583333333333333,0.6,0.5634920634920635,0.5,0.43987378125689547,0.0,0.48876497490317683,0.9994311717861206,1.0,0.6669930035578062,0.8604482959690981,0.987821433876413,0.5742075206129251,instance,complexity_N1_top25
0,0.3627659574468085,0.2,0.29398663697104677,0.9166666666666666,0.5389588434402821,0.4,0.4854576606961819,0.9983870967741936,1.0,0.6668968284098269,0.861489416005874,0.9918768718068244,-0.041224616987021234,instance,complexity_N1_top25
0,0.5753588516746412,0.2,0.4365079365079365,0.4583333333333333,0.5667651461896921,0.5,0.49592183357780917,0.9975806451612903,1.0,0.6668261995961853,0.8586549686695036,0.9991948751527366,-0.878697009044851,instance,complexity_N1_top25
0,0.12681159420289856,0.4,0.29398663697104677,0.5,0.537805806672775,0.0,0.4735188159306616,0.9991935483870967,1.0,0.6667441314477417,0.832285782479561,0.9986007090710375,0.05418720179515605,instance,complexity_N1_top25
0,0.6179211469534049,0.6,0.3271604938271605,0.625,0.5362203898447856,1.0,0.5918349137245378,1.0,1.0,0.6669578233766473,0.8302215297621,0.9960186220990968,0.3660041065598245,instance,complexity_N1_top25
0,0.37564102564102564,0.4,0.27142857142857146,0.7083333333333334,0.691236007011259,0.0,0.4756568509712714,0.9975806451612903,1.0,0.6669252701496697,0.8191961151931431,0.9966689367136999,-0.9431665871590635,instance,complexity_N1_top25
0,0.3290322580645161,0.2,0.3271604938271605,0.4166666666666667,0.5370415131465888,0.125,0.5004121672758743,1.0,1.0,0.6669015170400464,0.8566406484626726,0.9840662166096263,0.5168436839035359,instance,complexity_N1_top25
0,0.5290322580645161,0.6,0.29398663697104677,0.5,0.5379467844922536,0.0,0.4929830600035545,0.9991935483870967,1.0,0.6669333047422978,0.8321557342107053,0.9893876839695959,0.07492399974133825,instance,complexity_N1_top25
0,0.04347826086956519,0.0,0.29398663697104677,0.7083333333333334,0.5356037559470286,0.0,0.443411190577237,0.992741935483871,1.0,0.6667274639905566,0.8036094232824575,0.974344562683249,0.7186552691759488,instance,complexity_N1_top25
0,0.6,1.0,0.7555555555555555,0.5416666666666666,0.5762683673283067,1.0,0.5536176201789942,1.0,1.0,0.6670209369011537,0.8518048632656448,0.9995254518598042,-0.29345457756960286,instance,complexity_N1_top25
1,0.09999999999999998,1.0,0.6728395061728395,0.4583333333333333,0.45429033638343375,1.0,0.5259724242712605,1.0,1.0,0.666822860584184,0.843040500509293,0.9953519715765541,0.5080784192247672,instance,complexity_N1_top25
1,0.5163398692810457,0.4,0.5024875621890548,0.6666666666666666,0.42368672408904484,0.3333333333333333,0.48981291413141514,0.9994311717861206,1.0,0.6669206828613293,0.8702265444646899,0.9926923311582161,0.2606918715103615,instance,complexity_N1_top25
0,0.20294117647058818,0.4,0.6862745098039216,0.2916666666666667,0.5364429275094301,0.0,0.4775125536346969,0.9991935483870967,1.0,0.666859713234866,0.843466940460043,0.985199391054054,0.5238964943476268,instance,complexity_N1_top25
0,0.5583333333333333,0.6,0.697986577181208,0.375,0.5487286841124174,0.0,0.49073665964475366,0.9991935483870967,1.0,0.6669750945834855,0.839636610491699,0.9929473878371196,-0.5364982071709483,instance,complexity_N1_top25
1,0.462962962962963,0.6,0.24444444444444446,0.375,0.4474529004698219,0.6666666666666666,0.5378302697997666,1.0,1.0,0.6668573690387195,0.8654515529004893,0.9786442948427259,0.7141853651811951,instance,complexity_N1_top25
1,0.6066176470588236,0.4,0.24444444444444446,0.4583333333333333,0.40226246459075005,0.0,0.4683968621100718,0.9994311717861206,1.0,0.6669469697766596,0.8463683139369579,0.993474435164194,0.25933474187653277,instance,complexity_N1_top25
1,0.09302325581395343,0.4,0.24444444444444446,0.5,0.36228179207740807,1.0,0.5155699130676804,1.0,1.0,0.6668276144154411,0.8617780588811863,0.9939371770871062,0.7217945039107655,instance,complexity_N1_top25
0,0.6805970149253731,0.6,0.7394636015325671,0.4583333333333333,0.653988462188925,0.0,0.4997209127566625,0.9991935483870967,1.0,0.6668213873529513,0.8520150628592177,0.9951508203143413,-1.259467203777822,instance,complexity_N1_top25
1,0.42197802197802203,0.2,0.09722222222222221,0.4583333333333333,0.4157920955025217,1.0,0.5000019313044602,1.0,1.0,0.6667382191152549,0.8399276254658783,0.9964589248736648,0.9272333084519248,instance,complexity_N1_top25
1,0.14389534883720922,0.2,0.07843137254901966,0.4166666666666667,0.3025034193172602,0.0,0.448411321800385,0.9982935153583617,1.0,0.6668963126645537,0.8296474038280239,0.9969426850379297,0.7878420373678523,instance,complexity_N1_top25
1,0.22891566265060237,0.0,0.3137254901960784,0.3333333333333333,0.4236745497017175,0.0,0.42756991663712174,0.9960182025028441,1.0,0.6669166203258868,0.839237077574192,0.9980358191799162,1.217369554600645,instance,complexity_N1_top25
1,0.09583333333333333,0.4,0.26053639846743293,0.75,0.33843048781997775,0.25,0.5119833995179315,1.0,1.0,0.6668299818943547,0.8524164074092672,0.9982511047163874,1.293536057481084,instance,complexity_N1_top25
1,0.4272486772486772,0.2,0.07843137254901966,0.4166666666666667,0.407872270168836,0.5,0.44385096288543735,0.9994311717861206,1.0,0.666863305694415,0.8478002805964416,0.9890920824973938,1.1598698075691851,instance,complexity_N1_top25
1,0.47096774193548385,0.4,0.19999999999999996,0.3333333333333333,0.445267680502353,0.0,0.4274829499731374,0.9994311717861206,1.0,0.6668343757841575,0.8473631666339193,0.976757275127586,0.8227180990797807,instance,complexity_N1_top25
1,0.10546875,0.2,0.26053639846743293,0.625,0.4306277040201615,0.14285714285714285,0.45600121294907614,0.9977246871444824,1.0,0.6668544205343799,0.8584302645862397,0.9855103943636127,0.5472089462651875,instance,complexity_N1_top25
1,0.07692307692307687,0.0,0.19999999999999996,0.2916666666666667,0.17203420114819723,0.0,0.4537270760547948,0.9937428896473265,1.0,0.6668599849480427,0.8587609357968401,0.9842745344296442,0.7030396592857918,instance,complexity_N1_top25
1,0.5518867924528301,0.8,0.7060133630289532,0.625,0.449661854661064,1.0,0.5440047539327424,1.0,1.0,0.666864711383578,0.8575634478185167,0.9924638811510871,0.886985977036122,instance,complexity_N1_top25
1,0.10833333333333339,0.6,0.6037735849056604,0.5,0.4565028579464202,1.0,0.5276025191796853,1.0,1.0,0.6668011944375075,0.8595248477046225,0.9881641831239042,-0.04489553308486688,instance,complexity_N1_top25
1,0.09302325581395343,0.4,0.26053639846743293,0.625,0.31952284550348653,1.0,0.5224843424314152,1.0,1.0,0.6667914462805588,0.8575471989221656,0.9865415817041736,1.010547495791222,instance,complexity_N1_top25
1,0.5645730416372619,0.8,0.6333333333333333,0.2916666666666667,0.44831933058323725,1.0,0.5171366924501359,1.0,1.0,0.6668796693260957,0.8720419378711796,0.997520050189926,0.1045319577679012,instance,complexity_N1_top25
1,0.33333333333333326,0.0,0.30201342281879195,0.5,0.3354936012273315,0.0,0.4158696455432125,0.9943117178612059,1.0,0.6669452379008164,0.8590407782050149,0.9969848055671081,0.9674104486792923,instance,complexity_N1_top25
1,0.4272486772486772,0.6,0.26053639846743293,0.625,0.4486808529187335,0.5,0.5341835318193755,1.0,1.0,0.6668970385565008,0.8793100692877914,0.9998739954358905,0.5531792596638682,instance,complexity_N1_top25
1,0.0625,0.4,0.575,0.25,0.2900580113947647,0.0,0.45378300345236844,0.9994311717861206,1.0,0.6669017309863627,0.8564265008047252,0.9907614316048804,0.36679342835152556,instance,complexity_N1_top25
1,0.5566820276497696,0.6,0.19999999999999996,0.4583333333333333,0.4631090784088323,1.0,0.5228929554140865,1.0,1.0,0.6668000252845385,0.8322981902123915,0.9953651569876965,0.3716877308400353,instance,complexity_N1_top25
1,0.07692307692307687,0.2,0.30201342281879195,0.375,0.17199093541979488,0.0,0.4550569634577395,0.9982935153583617,1.0,0.666772001364376,0.8491359529673776,0.9950809918731237,0.7316546618439178,instance,complexity_N1_top25
1,0.0,0.0,0.5154639175257731,0.375,0.17198979661878394,0.0,0.47524138682814676,0.997155858930603,1.0,0.6669088390526718,0.859451623954765,0.9950579252346986,0.8847318954614684,instance,complexity_N1_top25
1,0.10546875,0.2,0.07843137254901966,0.4166666666666667,0.3786873100983771,0.0,0.4851804226907346,0.9988623435722411,1.0,0.6667972405018836,0.8231131220987318,0.9840002320062151,1.2923274222265206,instance,complexity_N1_top25
1,0.33820369574559517,0.0,0.09722222222222221,0.4583333333333333,0.43189025392150293,0.0,0.47056198940892346,0.997155858930603,1.0,0.6668861016550889,0.8626183141253381,0.9987918012113398,0.24423064720307924,instance,complexity_N1_top25
0,0.34912959381044484,0.2,0.6862745098039216,0.375,0.5465196952734505,0.0,0.49080872286311794,0.9991935483870967,1.0,0.6668238133457158,0.8461170908007385,0.9901816688582891,-0.30239849094907273,instance,complexity_N1_top25
1,0.0,0.6,0.7060133630289532,0.375,0.457370327406153,0.0,0.49690480781476165,0.9994311717861206,0.96,0.6666666666666666,0.8076751345235545,0.9595591164613575,-0.21782577259961877,instance,complexity_N1_top25
1,0.5018867924528302,0.8,0.19999999999999996,0.2916666666666667,0.46036319818120786,0.6,0.5003155578107998,1.0,1.0,0.6668567629334545,0.8655103078379528,0.9985899963097397,-0.08435652128392589,instance,complexity_N1_top25
1,0.16796875,0.2,0.09722222222222221,0.4583333333333333,0.4443840157607776,0.0,0.4621943955440846,0.9977246871444824,1.0,0.6668204371735322,0.8575799491189801,0.9940778249621018,0.4181926353925731,instance,complexity_N1_top25
0,0.3125,0.6,0.49751243781094523,0.375,0.6486084189867635,0.0,0.4761608153760136,0.9983870967741936,1.0,0.6669232608154295,0.8491998112364609,0.9940661574366124,-0.01205623041606669,instance,complexity_N1_top25
1,0.3926908752327747,0.8,0.6728395061728395,0.4583333333333333,0.45573348023947136,0.5,0.4987051938511624,0.9994311717861206,1.0,0.6668462956420134,0.8563125574556096,0.9987176343484038,-0.5029128687324665,instance,complexity_N1_top25
1,0.23046875,0.2,0.17000000000000004,0.3333333333333333,0.3465938586344033,0.0,0.4924274765737561,0.9988623435722411,1.0,0.6667453502958034,0.8164355602552219,0.9989958405356937,1.1415401809097194,instance,complexity_N1_top25
1,0.31901041666666674,0.6,0.09722222222222221,0.4583333333333333,0.4300788466138371,0.0,0.49168504864325635,0.9994311717861206,1.0,0.6668997437951789,0.8552705837247433,0.9753158950017123,0.7988690093957996,instance,complexity_N1_top25
1,0.15092329545454541,0.0,0.24444444444444446,0.4583333333333333,0.42985406671472426,0.0,0.39097885989799963,0.9965870307167235,1.0,0.6669098573962715,0.8611753934071571,0.9974437524802248,0.8626597120439359,instance,complexity_N1_top25
1,0.3661757237176232,0.6,0.24444444444444446,0.375,0.38445657925063326,0.5,0.5163099768120283,1.0,1.0,0.6669522772076631,0.8408283326278833,0.9973776174543645,1.2029911523882406,instance,complexity_N1_top25
1,0.2142857142857143,0.2,0.6333333333333333,0.16666666666666666,0.3004618405708356,0.0,0.49004566575033126,0.9994311717861206,1.0,0.6668347364926465,0.8433255981571847,0.9944660908999546,0.4577526611728219,instance,complexity_N1_top25
1,0.10833333333333339,0.2,0.09722222222222221,0.4583333333333333,0.44538175639978184,0.2,0.5060353420218615,1.0,1.0,0.6667105235080376,0.8544534785360333,0.9763048912778057,0.6914162710453219,instance,complexity_N1_top25
1,0.2872340425531915,0.4,0.3137254901960784,0.3333333333333333,0.4511844802440548,0.0,0.48136156988259937,0.9988623435722411,1.0,0.6669112368056611,0.8356415225245962,0.9949058105438123,-0.0062142407289813364,instance,complexity_N1_top25
1,0.044117647058823595,0.2,0.17000000000000004,0.4583333333333333,0.3289687548744338,0.25,0.45737223972750085,0.9988623435722411,1.0,0.6668898840365892,0.8407401133071825,0.9985307415767506,1.3055343296567876,instance,complexity_N1_top25
1,0.044117647058823595,0.4,0.17000000000000004,0.4583333333333333,0.2854406402653963,0.0,0.471010108088863,0.9988623435722411,1.0,0.6669579060548932,0.8360576302198024,0.9615584889834651,0.9439716235827399,instance,complexity_N1_top25
1,0.35080645161290325,0.4,0.5634920634920635,0.4166666666666667,0.4329206038251766,0.6666666666666666,0.43560923181271516,0.9988623435722411,1.0,0.6671111229899251,0.8648638487982763,0.9890683620150027,0.24659163042432777,instance,complexity_N1_top25
1,0.25234375,0.0,0.24444444444444446,0.5,0.45225112650179666,0.0,0.46485320895237003,0.9965870307167235,1.0,0.6669101256868122,0.8647617793772783,0.9934080590213695,0.9047238362113383,instance,complexity_N1_top25
1,0.20192307692307687,0.2,0.09722222222222221,0.2916666666666667,0.2713914936759214,0.3333333333333333,0.49028994277102855,0.9994311717861206,1.0,0.6668341989690211,0.8622190890763786,0.9992236499321749,2.4733080134412115,instance,complexity_N1_top25
1,0.18435754189944142,0.2,0.09722222222222221,0.2916666666666667,0.43272769626723406,0.0,0.4600036847566529,0.9982935153583617,1.0,0.6668307625784079,0.8317447732306771,0.9566825417562512,0.6153889089895844,instance,complexity_N1_top25
1,0.27213541666666674,0.2,0.09722222222222221,0.4583333333333333,0.4516408539728869,0.0,0.4617454230279896,0.9977246871444824,1.0,0.6667489053387435,0.8332988803378804,0.998043994377119,0.4566639162242172,instance,complexity_N1_top25
1,0.09583333333333333,0.0,0.24444444444444446,0.4583333333333333,0.2606503935253631,0.0,0.4654207824015172,0.9908987485779295,1.0,0.6668706039795281,0.8349616833530678,0.9783115889336165,2.1309892541856157,instance,complexity_N1_top25
1,0.12745098039215685,0.0,0.09722222222222221,0.25,0.2762179150936242,0.0,0.4544188893924622,0.9960182025028441,1.0,0.6667942568913957,0.8151552138188964,0.9986242250546102,2.2036216432633564,instance,complexity_N1_top25
1,0.34932659932659926,0.2,0.17000000000000004,0.5416666666666666,0.419665692775114,0.0,0.49696728488688624,0.9994311717861206,1.0,0.6669280540196287,0.8550325874986232,0.9799871534945216,0.38174886760718063,instance,complexity_N1_top25
1,0.5017369727047146,0.6,0.19999999999999996,0.2916666666666667,0.45675867075342425,0.0,0.49435141387407855,0.9994311717861206,1.0,0.6669719098865297,0.8447438210538728,0.9821941598011328,-0.12905107668084728,instance,complexity_N1_top25
1,0.6291666666666667,0.2,0.19999999999999996,0.2916666666666667,0.4616837801433136,0.5,0.48582389763361433,0.9994311717861206,1.0,0.6668512712360349,0.8444572652774851,0.9888207505604472,-0.09328384366272065,instance,complexity_N1_top25
1,0.21296296296296302,0.2,0.24444444444444446,0.5416666666666666,0.37438321388494167,0.0,0.49218012772829145,0.9988623435722411,1.0,0.6669152274839062,0.846814038636802,0.9884122387372284,0.9901816229991312,instance,complexity_N1_top25
1,0.45273631840796025,0.2,0.24444444444444446,0.4583333333333333,0.3452052017699465,0.0,0.48307636733032333,0.9994311717861206,1.0,0.666897330099757,0.8320053576253474,0.9990692201989742,1.7377275888427262,instance,complexity_N1_top25
0,0.8933823529411764,1.0,0.7394636015325671,0.4583333333333333,0.6870337420465953,1.0,0.5404084949868707,1.0,1.0,0.6669268162153246,0.8312093293529067,0.9744874610866954,-1.4868604650727038,instance,complexity_N1_top25
1,0.15092329545454541,0.2,0.24444444444444446,0.4583333333333333,0.42043912987973675,0.3333333333333333,0.46131164483333054,0.9994311717861206,1.0,0.6668732558036325,0.8508541488460674,0.9937301871757279,1.1257943485448283,instance,complexity_N1_top25
1,0.49238095238095236,1.0,0.7060133630289532,0.4166666666666667,0.45917257930490507,1.0,0.5389366122958696,1.0,1.0,0.6667677398251475,0.848601499947621,0.9946195939063105,0.2556498354292994,instance,complexity_N1_top25
1,0.14389534883720922,0.2,0.575,0.2916666666666667,0.31271865543379407,0.0,0.4600127506717171,0.9977246871444824,1.0,0.6668428109139367,0.8262997286043787,0.9754996642964263,0.3723322142043598,instance,complexity_N1_top25
1,0.08139534883720922,0.2,0.17000000000000004,0.4583333333333333,0.3184359613741198,0.0,0.48953563901314745,0.9988623435722411,1.0,0.6668706337002467,0.8210520271424899,0.9953028575019705,1.6012107611507729,instance,complexity_N1_top25
1,0.36296296296296293,0.4,0.5154639175257731,0.5,0.4505541234673727,0.0,0.494160702819904,0.9994311717861206,1.0,0.6668864941242679,0.8694414160163042,0.9989396285038371,0.062312266551830274,instance,complexity_N1_top25
1,0.47116644823066844,0.6,0.6728395061728395,0.4583333333333333,0.44636614115103407,1.0,0.5239228251735413,1.0,1.0,0.6666719361364383,0.8558584208538008,0.997961822898792,0.7121124386499532,instance,complexity_N1_top25
0,0.7089743589743589,0.8,0.7394636015325671,0.625,0.5456391787301529,1.0,0.5074111298716262,1.0,1.0,0.6668253847975248,0.8443186466980944,0.9844792294909392,-0.43445632179453597,instance,complexity_N1_top25
1,0.6303921568627451,0.8,0.6728395061728395,0.5416666666666666,0.46249571305936055,1.0,0.5055992677162253,1.0,1.0,0.6668509862002715,0.8190447542661957,0.9779550663641758,-0.7738751004003691,instance,complexity_N1_top25
0,0.7298076923076923,1.0,0.27142857142857146,0.7083333333333334,0.6654020789000209,1.0,0.5516779701267219,1.0,1.0,0.6668827276278307,0.8296689219829088,0.9977141511552856,-0.7556128831673471,instance,complexity_N1_top25
1,0.2483258928571428,0.0,0.09722222222222221,0.4583333333333333,0.3843677035766605,0.0,0.4555597616522986,0.9948805460750854,1.0,0.6668358352676278,0.8462459328091905,0.9956125242775808,1.1505323885062044,instance,complexity_N1_top25
1,0.2333333333333334,0.2,0.30201342281879195,0.5416666666666666,0.45250131827560836,0.25,0.5080665123132921,1.0,1.0,0.6669998440244385,0.8676942313674254,0.9971531357518977,0.54828642070995,instance,complexity_N1_top25
1,0.10546875,0.0,0.09722222222222221,0.4583333333333333,0.29449649992843074,0.0,0.43173420863928047,0.9937428896473265,1.0,0.6667813933772176,0.8236548189231104,0.9928786461126995,2.113357536331873,instance,complexity_N1_top25
1,0.4343575418994414,0.4,0.26053639846743293,0.625,0.42857104936531953,0.0,0.4554445464886764,0.9988623435722411,1.0,0.6668779639925411,0.8431297303899545,0.9885699276599583,1.2007585683515252,instance,complexity_N1_top25
0,0.7541666666666667,1.0,0.83,0.5416666666666666,0.5752388456671965,0.75,0.5674261892557727,1.0,1.0,0.6669900756310083,0.8738906912561595,0.9979018606387303,-0.4622640178975836,instance,complexity_N1_top25
1,0.14583333333333326,0.0,0.24444444444444446,0.4583333333333333,0.30002166307840883,0.4,0.43351048727409425,0.9943117178612059,1.0,0.6669792444232983,0.8445777638892459,0.985430078249604,1.525632251316643,instance,complexity_N1_top25
1,0.2483258928571428,0.2,0.09722222222222221,0.5416666666666666,0.4103558362035183,0.0,0.4822775665746367,0.9994311717861206,1.0,0.6669155619053264,0.8425104817370321,0.9783494818045223,0.7733093250109477,instance,complexity_N1_top25
1,0.3926908752327747,0.2,0.6728395061728395,0.4583333333333333,0.43893789798369764,0.0,0.4731149589982211,0.9988623435722411,1.0,0.666952594455332,0.8495018357507129,0.9908359012698531,0.19641048098430572,instance,complexity_N1_top25
1,0.18435754189944142,0.2,0.24444444444444446,0.375,0.4058252668898549,0.0,0.43968702888880595,0.9988623435722411,1.0,0.6667109523506713,0.8429583379688812,0.9896118963996079,0.15748094583485966,instance,complexity_N1_top25
1,0.29761904761904767,0.6,0.24444444444444446,0.4583333333333333,0.4389631875137935,0.0,0.48525239167976164,0.9994311717861206,1.0,0.6669571657809876,0.8737040984300611,0.9947398862923467,0.7365568260567443,instance,complexity_N1_top25
1,0.2872340425531915,0.4,0.24444444444444446,0.4583333333333333,0.44627629923837153,0.0,0.4733578528254381,0.9988623435722411,1.0,0.6669509512250148,0.8404809870626218,0.9984853072728631,1.3524999199543086,instance,complexity_N1_top25
1,0.7210884353741497,0.2,0.7060133630289532,0.3333333333333333,0.4483309372484593,0.0,0.49028100369507077,0.9988623435722411,0.96,0.6574698916547658,0.8351660085923639,0.9913005862355514,0.12550775363943473,instance,complexity_N1_top25
1,0.39834515366430256,0.2,0.19999999999999996,0.2916666666666667,0.45585037876610157,0.0,0.4655211336646883,0.9994311717861206,1.0,0.6675963688790373,0.8231503422689106,0.9810705183577532,-0.28739184211929436,instance,complexity_N1_top25
1,0.09583333333333333,0.0,0.07843137254901966,0.4166666666666667,0.35750571174397683,0.0,0.45857126998552944,0.9931740614334471,1.0,0.6669142326809299,0.8474833481173277,0.9927988023607587,1.0015468524162974,instance,complexity_N1_top25
0,0.7278645833333334,1.0,0.49751243781094523,0.7916666666666666,0.6329353700683842,1.0,0.5310669412269471,1.0,1.0,0.6667636349302513,0.8407797454707882,0.9833010332433594,-1.7375403367945614,instance,complexity_N1_top25
1,0.45666666666666667,0.2,0.09722222222222221,0.4583333333333333,0.4475701784795948,0.3333333333333333,0.4802767717127875,0.9994311717861206,1.0,0.6668174516777082,0.8786479366739751,0.9993979570186088,0.9011878165622826,instance,complexity_N1_top25
1,0.10546875,0.2,0.24444444444444446,0.4583333333333333,0.2974048855369974,0.5,0.4654868204279009,0.9988623435722411,1.0,0.6669570357009121,0.8523932770349509,0.9721007469802209,0.9662614560219904,instance,complexity_N1_top25
1,0.14583333333333326,0.0,0.09722222222222221,0.4583333333333333,0.3597757287635295,0.0,0.4283329591766959,0.9948805460750854,1.0,0.6669287264463869,0.8485489658024852,0.9929335870954084,1.1913652831528199,instance,complexity_N1_top25
1,0.14583333333333326,0.2,0.24444444444444446,0.4583333333333333,0.29539842004996897,0.0,0.4831906130792063,0.9994311717861206,1.0,0.6669233994705218,0.8227432957249639,0.9986310141895294,1.0076808096470151,instance,complexity_N1_top25
1,0.0,0.6,0.3137254901960784,0.2916666666666667,0.3842223851208444,0.0,0.49923057649495284,0.9994311717861206,1.0,0.6668232288583382,0.8275183868442321,0.9824657061434944,-0.23634139674081073,instance,complexity_N1_top25
1,0.31901041666666674,0.4,0.24444444444444446,0.5,0.42122481389103406,1.0,0.5162440674798834,1.0,1.0,0.6669754665485735,0.8389931132436824,0.9771704627156682,1.294627706120631,instance,complexity_N1_top25
0,0.7916666666666667,0.6,0.48453608247422686,0.2916666666666667,0.7334891913054129,1.0,0.5024257314786811,1.0,1.0,0.6669011037460121,0.8627087132904029,0.9890431611125189,-1.1569218262239747,instance,complexity_N1_top25
1,0.291025641025641,0.0,0.09722222222222221,0.2916666666666667,0.38962783270455115,0.0,0.4801303888936308,0.9965870307167235,1.0,0.6668751213557186,0.8385475560626909,0.9975311919271774,0.8229701201862928,instance,complexity_N1_top25
1,0.36111111111111116,0.4,0.30201342281879195,0.4166666666666667,0.30223346868418466,1.0,0.5117151507785103,1.0,1.0,0.6670092856139295,0.8687047394258284,0.9944304919903864,0.580084028366622,instance,complexity_N1_top25
1,0.5982142857142857,0.0,0.5024875621890548,0.9166666666666666,0.3745884817018645,0.25,0.4437682494133385,0.997155858930603,1.0,0.6668787981515827,0.8453123377343228,0.9944299480624396,0.5805016065248828,instance,complexity_N1_top25
1,0.511520737327189,0.2,0.09722222222222221,0.2916666666666667,0.43727822738695554,0.0,0.48710994930211926,0.9994311717861206,1.0,0.6667126664645416,0.8362273637914498,0.9980140249968575,0.9043258636021693,instance,complexity_N1_top25
1,0.20639534883720922,0.0,0.24444444444444446,0.4583333333333333,0.3290355097733877,0.0,0.43668268785225695,0.9698521046643913,1.0,0.6669302812953243,0.843076592449312,0.9811920496944692,1.7264993048589967,instance,complexity_N1_top25
1,0.2776515151515151,0.4,0.09722222222222221,0.5416666666666666,0.44020859305464743,0.0,0.47356750356308563,0.9988623435722411,1.0,0.6668803909845714,0.8497177020392767,0.9894858090632878,0.838956349888942,instance,complexity_N1_top25
0,0.751937984496124,0.8,0.9027777777777778,0.5,0.6646551562470577,1.0,0.5207061016096056,1.0,1.0,0.666790817430098,0.8359192356611321,0.9983851797707617,-1.3751940555888178,instance,complexity_N1_top25
1,0.2047619047619048,0.4,0.7285714285714286,0.5833333333333334,0.3037783650532916,0.0,0.4605933530631229,0.9994311717861206,1.0,0.6669475070933242,0.850615354599007,0.9975296399466805,0.5810868273148002,instance,complexity_N1_top25
0,0.3279411764705882,0.4,0.7394636015325671,0.4583333333333333,0.5439908202851357,0.6666666666666666,0.5257627175698854,1.0,1.0,0.6668638939386166,0.865689217812919,0.9989427208880194,-0.5196805408853333,instance,complexity_N1_top25
1,0.0625,0.2,0.24444444444444446,0.4583333333333333,0.1963588746143869,0.0,0.4923220354628898,0.9982935153583617,1.0,0.6669004402061921,0.851242560341158,0.9985077142507407,0.8701591833359957,instance,complexity_N1_top25
1,0.5765993265993266,0.2,0.24444444444444446,0.5416666666666666,0.4500040407209162,0.0,0.47430725528071993,0.9982935153583617,1.0,0.6668265569451579,0.8497288651350818,0.9910680011338372,-0.09273629035050543,instance,complexity_N1_top25
1,0.044117647058823595,0.4,0.17000000000000004,0.5,0.3095519965961038,0.3333333333333333,0.501158518319314,1.0,1.0,0.6669523079455514,0.8372948435583664,0.9859554426349539,0.9137973062003308,instance,complexity_N1_top25
1,0.0,0.2,0.24444444444444446,0.4583333333333333,0.21295964395899103,0.0,0.47418538593659,0.9994311717861206,0.96,0.6666666666666666,0.8126225400115789,0.9759568649581996,1.0681424857018968,instance,complexity_N1_top25
1,0.20639534883720922,0.0,0.30201342281879195,0.375,0.340912535821961,0.0,0.44972144240521983,0.9965870307167235,1.0,0.6669768482068945,0.8349820713366138,0.9986257965699328,1.2696788002613324,instance,complexity_N1_top25
0,0.35972850678733037,0.4,0.49751243781094523,0.4583333333333333,0.5586649856133656,1.0,0.5156467128065989,1.0,1.0,0.6669466034880127,0.8624031185703926,0.9957346637786025,0.02448589007992772,instance,complexity_N1_top25
0,0.8166666666666667,0.8,0.6862745098039216,0.2916666666666667,0.5417684916816422,1.0,0.5154484633142529,1.0,1.0,0.666856880997641,0.852406661089266,0.9952551153844319,-0.48152023785354275,instance,complexity_N1_top25
1,0.10546875,0.0,0.07843137254901966,0.4166666666666667,0.34493743782421415,0.0,0.43961985625255096,0.9954493742889647,1.0,0.6668115107692427,0.8436983177968006,0.9941136769647755,1.3613143796365963,instance,complexity_N1_top25
1,0.16102430555555558,0.0,0.24444444444444446,0.4583333333333333,0.3595751247068618,0.0,0.4541818853437878,0.9937428896473265,1.0,0.6668956472852671,0.8494727557911352,0.9819833102110674,1.3367167443467027,instance,complexity_N1_top25
1,0.14128787878787885,0.4,0.19999999999999996,0.4583333333333333,0.4468038905859961,0.6666666666666666,0.5167887804791513,1.0,1.0,0.6669462281158394,0.8632012443339322,0.9959611715325469,0.9968280861371097,instance,complexity_N1_top25
1,0.5163398692810457,0.4,0.5154639175257731,0.4166666666666667,0.44743746165691045,1.0,0.5046348556586183,1.0,1.0,0.6668252960209496,0.8714510396946069,0.9968366264093061,0.43370913506551445,instance,complexity_N1_top25
0,0.4241935483870968,0.2,0.29398663697104677,0.6666666666666666,0.5455119169955015,0.0,0.4808436397996687,0.9991935483870967,1.0,0.6667439984286391,0.8798220567510296,0.9979838951666073,-0.05919413650938233,instance,complexity_N1_top25
1,0.23051409618573793,0.4,0.26053639846743293,0.7916666666666666,0.4267196353407128,0.0,0.49295261808352153,0.9988623435722411,1.0,0.6667779638996808,0.8701238846669009,0.998537201334503,0.8818262020017137,instance,complexity_N1_top25
1,0.3796164772727273,0.0,0.19999999999999996,0.2916666666666667,0.42406834293859696,0.0,0.47007456303485406,0.9943117178612059,1.0,0.6670259752320251,0.8421647262165302,0.998370281992003,0.6585481681085112,instance,complexity_N1_top25
1,0.08139534883720922,0.0,0.24444444444444446,0.5416666666666666,0.2681584846520696,0.0,0.4384383604222478,0.9965870307167235,1.0,0.6668853057801105,0.8248847693755621,0.9879785388576047,1.3595952481196083,instance,complexity_N1_top25
1,0.3446969696969697,0.6,0.26053639846743293,0.4583333333333333,0.4410996144350168,0.5,0.47855388271581256,0.9988623435722411,1.0,0.6667792880266368,0.8522614650894512,0.9842332956992556,0.4535522751763233,instance,complexity_N1_top25
1,0.2483258928571428,0.2,0.7285714285714286,0.5416666666666666,0.4221739720509061,0.0,0.4595904601769423,0.9977246871444824,1.0,0.6668242797373987,0.8430036348041169,0.9872466350132869,0.20372292659626595,instance,complexity_N1_top25
1,0.5470588235294118,0.6,0.6728395061728395,0.4583333333333333,0.462913349695791,0.0,0.49451991129228157,0.9994311717861206,1.0,0.6669044987826956,0.8204247316334115,0.9805749013683415,-0.97394879654124,instance,complexity_N1_top25
1,0.23567708333333326,0.4,0.09722222222222221,0.4583333333333333,0.42710072830140877,0.0,0.49760200550213896,0.9994311717861206,1.0,0.666897358016308,0.879099432835732,0.9958388733951556,1.0175931912485898,instance,complexity_N1_top25
1,0.33333333333333326,0.2,0.09722222222222221,0.4583333333333333,0.39054553952002524,0.0,0.4787045523896717,0.9977246871444824,1.0,0.6667674865503078,0.8665494226697728,0.9889865693520259,0.5626274235740187,instance,complexity_N1_top25
1,0.16796875,0.0,0.24444444444444446,0.5,0.4520103245713297,0.0,0.4789250175860279,0.9965870307167235,1.0,0.6667968655957167,0.8401471995840057,0.9877625485543535,0.3499253856153215,instance,complexity_N1_top25
1,0.08139534883720922,0.0,0.575,0.4166666666666667,0.33320356388943695,0.0,0.4145910120851052,0.9943117178612059,1.0,0.666928756784099,0.8072856033210375,0.9661014646613449,0.8782824989317406,instance,complexity_N1_top25
1,0.15234375,0.4,0.3137254901960784,0.3333333333333333,0.4536170833630703,0.0,0.4813326779046937,0.9988623435722411,1.0,0.6669640565180456,0.8416372127171278,0.9862798756566229,-0.10018200892952851,instance,complexity_N1_top25
1,0.09583333333333333,0.0,0.24444444444444446,0.5416666666666666,0.33539422081406356,0.0,0.41544343353469737,0.9954493742889647,1.0,0.6668934179061976,0.845019712925787,0.9730173920838131,1.861779612542093,instance,complexity_N1_top25
1,0.09302325581395343,0.2,0.7285714285714286,0.4166666666666667,0.24169815491292646,0.0,0.49152985171232066,0.9988623435722411,0.96,0.6478835764420903,0.829739001226956,0.9973905094492695,0.22808034620052223,instance,complexity_N1_top25
0,0.326530612244898,0.6,0.6862745098039216,0.3333333333333333,0.542984305629545,1.0,0.5163570023629082,1.0,1.0,0.6668295782096987,0.8566574623424869,0.9822526255486581,0.041899926286812134,instance,complexity_N1_top25
1,0.14583333333333326,0.0,0.24444444444444446,0.4583333333333333,0.29033808821691987,0.0,0.44769330241325267,0.9943117178612059,1.0,0.6670031417362214,0.8193034707101594,0.9917769655873584,1.7159161775714693,instance,complexity_N1_top25
1,0.34932659932659926,0.0,0.24444444444444446,0.4583333333333333,0.40455232833879384,0.0,0.4139919518893447,0.9869169510807736,1.0,0.6670176919198778,0.832759098598315,0.997307190768679,0.7903851421745113,instance,complexity_N1_top25
1,0.2557861133280128,0.0,0.09722222222222221,0.4583333333333333,0.4348714759193002,0.0,0.4136738723114025,0.9903299203640501,1.0,0.6669040244257047,0.8574875763830855,0.9949076592801951,0.8433123381835165,instance,complexity_N1_top25
1,0.25234375,0.0,0.19999999999999996,0.3333333333333333,0.44238522858854845,0.0,0.4476913895159198,0.9937428896473265,1.0,0.6667998748719245,0.8538365467427941,0.989160921013668,1.0897418355774213,instance,complexity_N1_top25
0,0.7516741071428572,0.8,0.27142857142857146,0.5416666666666666,0.5930430468474254,1.0,0.550966338776659,1.0,1.0,0.6667266012938741,0.8393248441664563,0.9823965576543514,-0.7695802747230283,instance,complexity_N1_top25
1,0.3718575418994414,0.6,0.09722222222222221,0.4583333333333333,0.44146113737974657,1.0,0.519373427343172,1.0,1.0,0.6668130987433599,0.857527660174573,0.9940165372881162,0.5220917956443253,instance,complexity_N1_top25
0,0.0,0.4,0.27142857142857146,0.5416666666666666,0.7890559260136949,1.0,0.5059851654812895,1.0,1.0,0.6668124453115701,0.8437205902050224,0.9986109872713983,-0.7509466261566466,instance,complexity_N1_top25
1,0.2872340425531915,0.8,0.3137254901960784,0.3333333333333333,0.4436524775550752,1.0,0.5108677822868354,1.0,1.0,0.6670352401440865,0.8597385658865363,0.9899354512080241,-0.26100167801601365,instance,complexity_N1_top25
1,0.40234375,0.4,0.5024875621890548,0.9583333333333334,0.4239540069371195,1.0,0.5182408915011163,1.0,1.0,0.666908530014645,0.8528081117625449,0.9934504952136537,0.6368946274243025,instance,complexity_N1_top25
0,0.7666666666666666,0.4,0.39622641509433965,0.4583333333333333,0.5446572232881736,0.3333333333333333,0.45395240415302474,0.9975806451612903,1.0,0.6668382797736355,0.8562020275064333,0.9953827192540193,-0.5311081551141258,instance,complexity_N1_top25
1,0.21296296296296302,0.2,0.24444444444444446,0.4583333333333333,0.40805065136325325,0.0,0.46915859222439127,0.9977246871444824,1.0,0.6670361282346277,0.8537780836383188,0.9872846310090794,0.8387792907348824,instance,complexity_N1_top25
1,0.3661757237176232,0.2,0.09722222222222221,0.4583333333333333,0.35540444058360443,0.0,0.4410279924938929,0.9982935153583617,1.0,0.6668686837485959,0.8227913045772852,0.975581119506889,1.6019402456928586,instance,complexity_N1_top25
0,0.21276595744680848,0.2,0.29398663697104677,0.6666666666666666,0.5358839312856515,0.0,0.47087354581569496,0.9967741935483871,1.0,0.6669681321020241,0.8460425921660493,0.9976722584258138,0.7095220312406185,instance,complexity_N1_top25
1,0.2333333333333334,0.4,0.5634920634920635,0.4166666666666667,0.3825354036665557,1.0,0.5136602981905123,1.0,1.0,0.6668861097944009,0.8356612028492851,0.9967880406098493,1.87849423122849,instance,complexity_N1_top25
1,0.0,0.2,0.30201342281879195,0.375,0.17198979661878394,0.0,0.4513210164026419,0.9977246871444824,1.0,0.6668750326789215,0.8285440569390663,0.9995694067615297,1.5406244417603978,instance,complexity_N1_top25
1,0.08333333333333326,0.4,0.26053639846743293,0.625,0.34564296771971714,0.0,0.44907260018901396,0.9988623435722411,1.0,0.6668675783603265,0.8619532729762159,0.9859065599528695,1.3193200844999424,instance,complexity_N1_top25
0,0.7952380952380953,0.8,0.4365079365079365,0.625,0.6561689012492584,1.0,0.6030491385444494,1.0,1.0,0.6669043893675515,0.85645170524826,0.9943193448745885,-0.4750783379436917,instance,complexity_N1_top25
1,0.27213541666666674,0.4,0.5024875621890548,0.9166666666666666,0.4332096475788131,0.5,0.5099082955904075,1.0,1.0,0.6668419221549142,0.8420037420385327,0.9943031862668695,0.183063412285485,instance,complexity_N1_top25
1,0.09583333333333333,0.6,0.5154639175257731,0.4166666666666667,0.3921313270104604,1.0,0.5346506378172746,1.0,1.0,0.6667414192186896,0.8420236877413814,0.9891275023599709,0.7344620226293983,instance,complexity_N1_top25
1,0.5018867924528302,0.2,0.7060133630289532,0.5833333333333334,0.45424166245509223,0.3333333333333333,0.4652091777329139,0.9982935153583617,1.0,0.6667289264448015,0.8598213751564555,0.992927089977843,0.7944743084392359,instance,complexity_N1_top25
1,0.37962962962962965,0.6,0.24444444444444446,0.4583333333333333,0.3447094107921047,1.0,0.5431905571426541,1.0,1.0,0.6668888274101724,0.8466407611760828,0.9999815915734703,0.5076317404989487,instance,complexity_N1_top25
1,0.5518867924528301,0.6,0.3137254901960784,0.3333333333333333,0.4602118158725702,0.3333333333333333,0.526553234740889,1.0,1.0,0.6669297203793321,0.8358827194905318,0.9939975597906241,-0.1836498242743238,instance,complexity_N1_top25
1,0.10546875,0.0,0.24444444444444446,0.4583333333333333,0.4014807196978504,0.0,0.4466478801546184,0.9965870307167235,1.0,0.6667424291185542,0.8292809326925047,0.9950856136155762,0.9045485781177892,instance,complexity_N1_top25
1,0.0,0.2,0.17000000000000004,0.4583333333333333,0.17662147245830084,0.0,0.46874811326832244,0.9994311717861206,1.0,0.666783169663702,0.8352134278344754,0.9937364423760023,1.430132704635335,instance,complexity_N1_top25
1,0.3571428571428572,0.2,0.3137254901960784,0.3333333333333333,0.4064755124163436,1.0,0.5455762384538829,1.0,0.96,0.6541140851573228,0.8215191096898907,0.991599594030439,0.597771113111353,instance,complexity_N1_top25
1,0.6066176470588236,0.4,0.7060133630289532,0.625,0.4503474009263131,0.0,0.48314910758330765,0.9982935153583617,1.0,0.666907795460731,0.8535112123056113,0.9938803630680771,0.23638717444964277,instance,complexity_N1_top25
1,0.0714285714285714,0.0,0.19999999999999996,0.3333333333333333,0.44707464223118965,0.0,0.3975215178181646,0.9931740614334471,1.0,0.6669100047253802,0.8104187409931884,0.966057183757925,0.7465167446406231,instance,complexity_N1_top25
1,0.15092329545454541,0.0,0.09722222222222221,0.4583333333333333,0.3700261125411727,0.0,0.4749582771178882,0.997155858930603,1.0,0.666909983872317,0.8421021017734226,0.9816204832919715,1.3558113231545637,instance,complexity_N1_top25
1,0.19736842105263164,0.2,0.5634920634920635,0.375,0.388606711883864,0.0,0.46152905906298314,0.9982935153583617,1.0,0.6669519825764776,0.8328816451254706,0.9897394843340005,-0.048250710489666365,instance,complexity_N1_top25
1,0.38207885304659495,0.4,0.19999999999999996,0.3333333333333333,0.4635361270522903,0.6666666666666666,0.4969331059422336,0.9994311717861206,1.0,0.6668740284768764,0.8331349544675476,0.986279673013593,-0.44572904601766217,instance,complexity_N1_top25
0,0.8541666666666666,0.8,0.7555555555555555,0.3333333333333333,0.7004145906510697,1.0,0.5131883280069336,1.0,1.0,0.6669297977028268,0.8162169327822228,0.9613769390743159,-1.2121507124994857,instance,complexity_N1_top25
1,0.40234375,0.0,0.09722222222222221,0.4583333333333333,0.42010504400238535,0.0,0.4657011375425656,0.9937428896473265,1.0,0.6668956507645949,0.8549206022320925,0.996192782270453,1.1584710833098932,instance,complexity_N1_top25
1,0.33820369574559517,0.2,0.26053639846743293,0.375,0.44758426222848857,0.3333333333333333,0.489731105531816,0.9994311717861206,1.0,0.6668235609482777,0.8720248071004826,0.991101582164912,0.6748929510843354,instance,complexity_N1_top25
1,0.0,0.0,0.24444444444444446,0.4583333333333333,0.172022571551457,0.0,0.385640287519039,0.9960182025028441,1.0,0.6671011893329998,0.8507194040599768,0.9991766283794749,1.1264140028399985,instance,complexity_N1_top25
1,0.16102430555555558,0.4,0.24444444444444446,0.375,0.4525684368604739,0.0,0.4851520653226342,0.9994311717861206,1.0,0.6669272059713891,0.8584095930263936,0.9986292268406265,0.6611463468710418,instance,complexity_N1_top25
1,0.3718575418994414,0.2,0.07843137254901966,0.4166666666666667,0.37800315668022366,0.0,0.46485167529672766,0.9977246871444824,1.0,0.6669111714876392,0.8463669244704106,0.9940104458207315,0.5080236461709221,instance,complexity_N1_top25
1,0.09302325581395343,0.0,0.09722222222222221,0.4583333333333333,0.26484765786273223,0.0,0.4568309860607115,0.9954493742889647,1.0,0.6669109991338124,0.8383213549493963,0.9907711674068601,1.3809056801451558,instance,complexity_N1_top25
1,0.08333333333333326,0.2,0.19999999999999996,0.3333333333333333,0.45033369336462703,0.0,0.46149965235742973,0.9994311717861206,1.0,0.6669042133808376,0.8528548286077842,0.9915333667487624,1.1295854676016766,instance,complexity_N1_top25
1,0.14128787878787885,0.2,0.09722222222222221,0.4583333333333333,0.45357217728819255,0.5,0.5089877575879531,1.0,1.0,0.6669145402097286,0.871074597339275,0.9968911553509683,0.6367402332284251,instance,complexity_N1_top25
1,0.07446808510638303,0.0,0.24444444444444446,0.4583333333333333,0.22790701006927688,0.0,0.43332257032825794,0.997155858930603,1.0,0.6669574766132991,0.8377763849696882,0.9893400112194431,1.473767085615671,instance,complexity_N1_top25
1,0.15092329545454541,0.0,0.26053639846743293,0.4583333333333333,0.4299456164833781,0.0,0.4896938814321624,0.997155858930603,1.0,0.6668620091567182,0.8665318901521168,0.9976677794598828,1.1487237605514733,instance,complexity_N1_top25
1,0.6875,0.6,0.17000000000000004,0.4583333333333333,0.37705932567148026,0.6666666666666666,0.558036635188266,1.0,1.0,0.6669103989911749,0.8341525778874841,0.9798851593174336,-0.04098594953928745,instance,complexity_N1_top25
1,0.09583333333333333,0.0,0.24444444444444446,0.4583333333333333,0.3505436060976922,0.0,0.44299626922089286,0.9937428896473265,1.0,0.6669625174653122,0.8539979749825061,0.9998784631976222,1.484890924183098,instance,complexity_N1_top25
1,0.239913097454997,0.0,0.30201342281879195,0.375,0.3260780633896626,0.0,0.43684804208155614,0.9943117178612059,1.0,0.6669447757774739,0.8540185293037452,0.9944016434951838,0.8402089612936937,instance,complexity_N1_top25
1,0.3926908752327747,0.0,0.24444444444444446,0.4583333333333333,0.4453987325590205,0.0,0.4446971091316717,0.9931740614334471,1.0,0.6668763471575805,0.8742367654030794,0.9950895585925484,0.07166108940723538,instance,complexity_N1_top25
1,0.2701923076923076,0.4,0.07843137254901966,0.4166666666666667,0.38712958075008075,1.0,0.5478313257108502,1.0,1.0,0.6668453223001374,0.8177679611105478,0.991997010423725,0.8167529567535701,instance,complexity_N1_top25
1,0.09302325581395343,0.2,0.09722222222222221,0.2916666666666667,0.3822170085978154,0.3333333333333333,0.48257480644840434,0.9982935153583617,1.0,0.6667820859436168,0.8587956540104021,0.9915233037965581,1.362569841755938,instance,complexity_N1_top25
1,0.09583333333333333,0.0,0.09722222222222221,0.4583333333333333,0.2917461062062433,0.0,0.41877827649590893,0.9840728100113766,1.0,0.6668755640859395,0.8110987917155148,0.9915045978573794,2.111571478509984,instance,complexity_N1_top25
1,0.1813953488372093,0.0,0.09722222222222221,0.4583333333333333,0.36146647181207936,0.0,0.4809245156352938,0.9965870307167235,1.0,0.666767581925636,0.8543009804895125,0.9979290396231268,1.2900580585959165,instance,complexity_N1_top25
1,0.38207885304659495,0.4,0.19999999999999996,0.3333333333333333,0.4630393899088291,0.0,0.4711585825630443,0.9982935153583617,1.0,0.6668308689761318,0.8398067422527338,0.996439042583853,-0.5177822136706806,instance,complexity_N1_top25
1,0.27976190476190477,0.2,0.5634920634920635,0.4583333333333333,0.34531277130025473,1.0,0.5020030168055298,1.0,1.0,0.6670890351015611,0.8610973619800704,0.9994441475177406,0.6402979274144569,instance,complexity_N1_top25
1,0.23046875,0.4,0.24444444444444446,0.5416666666666666,0.3253922937050212,0.0,0.47724717453962684,0.9994311717861206,1.0,0.6668782487734864,0.8123165300619458,0.9601394075175762,1.110460117247328,instance,complexity_N1_top25
1,0.14128787878787885,0.2,0.26053639846743293,0.625,0.4036211070605682,0.5,0.4723139852393219,0.9994311717861206,1.0,0.6668658120333499,0.854376082126769,0.9957544484323645,1.290479976883981,instance,complexity_N1_top25
1,0.20666666666666667,0.0,0.24444444444444446,0.4583333333333333,0.350171295534865,0.0,0.48189160334389736,0.997155858930603,1.0,0.6668303617629594,0.8563362154048716,0.993218836248891,1.6537388708904923,instance,complexity_N1_top25
1,0.25234375,0.4,0.09722222222222221,0.4583333333333333,0.43648530347314785,1.0,0.5067634181044414,1.0,1.0,0.6669188275766399,0.8490926540064073,0.9827905238392726,0.9825294635435212,instance,complexity_N1_top25
1,0.2872340425531915,0.4,0.3137254901960784,0.3333333333333333,0.46391886198315646,1.0,0.5020369395988027,1.0,1.0,0.6668527233900134,0.8257187652351314,0.9936747221096631,-0.10775104598169664,instance,complexity_N1_top25
1,0.566289592760181,0.4,0.19999999999999996,0.3333333333333333,0.4625589921313904,0.6,0.5301214799732474,1.0,1.0,0.6669517445560241,0.8719213236600202,0.9981187474524316,-0.5138646857554636,instance,complexity_N1_top25
1,0.07692307692307687,0.0,0.19999999999999996,0.2916666666666667,0.17224199301958165,0.0,0.473303534339099,0.997155858930603,1.0,0.6669733670475195,0.8343270482635377,0.9981433437267447,-0.13791077757105005,instance,complexity_N1_top25
1,0.3684873949579832,0.2,0.19999999999999996,0.4583333333333333,0.45308739634190065,0.0,0.43879737345030256,0.9977246871444824,0.96,0.6426840935918507,0.8330913082889534,0.9967591705870509,0.18250764069752276,instance,complexity_N1_top25
1,0.2840401785714286,0.2,0.09722222222222221,0.4583333333333333,0.4476423217448756,0.0,0.4518070638763181,0.9977246871444824,1.0,0.6667974162964196,0.8606559466476569,0.9893890322248498,0.4960076627550485,instance,complexity_N1_top25
1,0.20639534883720922,0.0,0.09722222222222221,0.2916666666666667,0.32848228991287953,0.0,0.45090444553910114,0.9943117178612059,1.0,0.6666831970149377,0.826022192836567,0.9952938398695799,1.2213529865055874,instance,complexity_N1_top25
1,0.32830930537352554,0.2,0.3137254901960784,0.25,0.45236518151981076,0.0,0.44092733808021267,0.9977246871444824,1.0,0.6667581200438795,0.8485894462320118,0.9981931151912625,0.5406107671678005,instance,complexity_N1_top25
1,0.09302325581395343,0.4,0.5634920634920635,0.4583333333333333,0.443378273829066,1.0,0.5210880577701764,1.0,1.0,0.6668844281473003,0.8699172627302189,0.9948194549213816,0.8092467353706216,instance,complexity_N1_top25
1,0.21296296296296302,0.0,0.17000000000000004,0.4583333333333333,0.44559266007419973,0.0,0.48778142351082,0.997155858930603,1.0,0.666898032464071,0.841876572522135,0.9944377868929735,-0.044573741673506,instance,complexity_N1_top25
1,0.2483258928571428,0.2,0.17000000000000004,0.4583333333333333,0.3932513730721197,0.0,0.4585696519093331,0.9988623435722411,1.0,0.6668981955496263,0.8403402755731499,0.9935318471682536,0.5633367498822495,instance,complexity_N1_top25
1,0.3571428571428572,0.6,0.2142857142857143,0.2916666666666667,0.422011747927503,1.0,0.5140355257976563,1.0,1.0,0.6669351642475201,0.8436913172803499,0.9885997434249715,-0.29543026146833784,instance,complexity_N1_top25
1,0.27213541666666674,0.4,0.19999999999999996,0.3333333333333333,0.4570293553776349,0.5,0.5554391281991764,1.0,1.0,0.6668359417980192,0.8499015278427793,0.9945959041645986,0.23130520523828554,instance,complexity_N1_top25
1,0.38207885304659495,0.2,0.19999999999999996,0.2916666666666667,0.4573631699995667,0.16666666666666666,0.4386174723903469,0.9977246871444824,1.0,0.6669851718153911,0.8204206996914486,0.9963992534644086,-0.241501056022218,instance,complexity_N1_top25
1,0.29141566265060237,0.2,0.7060133630289532,0.625,0.4491214675926646,0.5,0.49173533862827346,0.9994311717861206,1.0,0.6669392976662543,0.8523612214207568,0.992542129956288,0.8820138418888379,instance,complexity_N1_top25
1,0.45307917888563054,0.4,0.5154639175257731,0.4166666666666667,0.45857996812840407,0.0,0.43912427974987456,0.9988623435722411,1.0,0.6668217802903046,0.8565823349769623,0.9924594714763133,-0.061133822079811745,instance,complexity_N1_top25
1,0.25234375,0.4,0.09722222222222221,0.4583333333333333,0.449376061933026,0.6,0.5036487581993302,1.0,1.0,0.666797679042372,0.8582339765458599,0.9902314969761417,0.8108664991773207,instance,complexity_N1_top25
1,0.36296296296296293,0.0,0.24444444444444446,0.5416666666666666,0.430014172771779,0.0,0.422699745816127,0.9948805460750854,1.0,0.6667379162997769,0.8525674402196108,0.9999675332014328,-0.04007044548918586,instance,complexity_N1_top25
1,0.2840401785714286,0.2,0.26053639846743293,0.625,0.4497683196227299,0.16666666666666666,0.3986522170499841,0.9977246871444824,1.0,0.666909075015176,0.8857542891880199,0.9998384538457333,0.20887535293697795,instance,complexity_N1_top25
1,0.21296296296296302,0.2,0.07843137254901966,0.4166666666666667,0.32619453556855227,0.0,0.46775249774087846,0.9988623435722411,1.0,0.666849896104684,0.8414155070766283,0.9877348717950826,0.7647323935358266,instance,complexity_N1_top25
1,0.6083333333333333,0.4,0.30201342281879195,0.5416666666666666,0.4398838478880246,0.0,0.49276786826554464,0.9994311717861206,1.0,0.6669714107888751,0.8737419307606981,0.99912093238394,0.3247102287281213,instance,complexity_N1_top25
1,0.15092329545454541,0.0,0.24444444444444446,0.5416666666666666,0.3730707066960126,0.0,0.4531920396036855,0.9943117178612059,1.0,0.6669118925637565,0.84824583799631,0.9956480139498327,1.79247382589365,instance,complexity_N1_top25
1,0.27213541666666674,0.2,0.24444444444444446,0.4583333333333333,0.4134111536782089,0.3333333333333333,0.47523573005045994,0.9982935153583617,1.0,0.666792609338662,0.8547663818645657,0.9949936259799073,0.4180863284502774,instance,complexity_N1_top25
1,0.1066176470588236,0.6,0.24444444444444446,0.4583333333333333,0.3062899014518745,0.0,0.49215072434162044,0.9994311717861206,1.0,0.66691028026679,0.8308844126326309,0.9727697308970572,0.9336111862718278,instance,complexity_N1_top25
1,0.11111111111111116,0.0,0.19999999999999996,0.5,0.35037135881311454,0.0,0.44058175595979854,0.9937428896473265,1.0,0.6666957238373677,0.8317264355077906,0.9985435187306217,1.1715929753926226,instance,complexity_N1_top25
1,0.2557861133280128,0.2,0.24444444444444446,0.5416666666666666,0.3767601360607091,0.0,0.4361099448190141,0.9977246871444824,1.0,0.666839946681894,0.838913480611716,0.9839786243233393,0.46121128163150366,instance,complexity_N1_top25
1,0.274468085106383,0.4,0.17000000000000004,0.4583333333333333,0.3037613675938611,0.0,0.4881471334926306,0.9994311717861206,1.0,0.6669175859117633,0.8115521346119255,0.9899598175019859,0.0915528293686889,instance,complexity_N1_top25
0,0.8308823529411764,1.0,0.9027777777777778,0.2916666666666667,0.7810084069003048,1.0,0.5598510853502763,1.0,1.0,0.6668120735272195,0.7935889852971707,0.9677478208070396,-2.1073472913608016,instance,complexity_N1_top25
1,0.27213541666666674,0.2,0.24444444444444446,0.4583333333333333,0.3801648477224748,0.0,0.49788492481857827,0.9988623435722411,1.0,0.666909662420135,0.8405502111497423,0.9965067720057001,1.4278877957536054,instance,complexity_N1_top25
1,0.16796875,0.2,0.6728395061728395,0.4583333333333333,0.4160540854748993,0.0,0.4518369430299345,0.9982935153583617,1.0,0.6668418947277532,0.8318312251620883,0.9966697254672837,0.34011051410098064,instance,complexity_N1_top25
1,0.33435754189944134,0.6,0.19999999999999996,0.2916666666666667,0.4566345392636949,0.0,0.46519277991619334,0.9994311717861206,1.0,0.6668636049620421,0.8403726958136873,0.99642090523215,-0.25813308092187315,instance,complexity_N1_top25
1,0.20666666666666667,0.2,0.09722222222222221,0.4583333333333333,0.3906000868590962,0.0,0.42047050771124395,0.9977246871444824,1.0,0.6668943166890237,0.8515157747889242,0.9954309018651856,1.3072293447601617,instance,complexity_N1_top25
0,0.7541666666666667,1.0,0.4365079365079365,0.5833333333333334,0.5688204337764731,1.0,0.5826285796658688,1.0,1.0,0.6668529653368234,0.8625948693566693,0.9921069353109768,-0.795797008262121,instance,complexity_N1_top25
1,0.20639534883720922,0.2,0.5024875621890548,0.4166666666666667,0.30823228635821753,0.3333333333333333,0.47604571373113325,0.9988623435722411,1.0,0.666894101060728,0.85833199472876,0.9925842549434364,1.0587559583178976,instance,complexity_N1_top25
1,0.27213541666666674,0.2,0.26053639846743293,0.625,0.4375704575930862,0.0,0.4875690522642563,0.9977246871444824,1.0,0.6668793377455665,0.8531999926806578,0.9774247594386645,0.4723627512238551,instance,complexity_N1_top25
1,0.23611111111111116,0.2,0.6728395061728395,0.3333333333333333,0.4420987081829024,1.0,0.5029506137539386,1.0,1.0,0.6669201079114964,0.8530707923957597,0.98980120371996,0.5882183734946167,instance,complexity_N1_top25
1,0.3571428571428572,0.6,0.3137254901960784,0.25,0.4246709478265073,1.0,0.5479840003903178,1.0,1.0,0.6669457530022399,0.8254702643236684,0.9864748141245784,0.07432915835742354,instance,complexity_N1_top25
1,0.09583333333333333,0.0,0.07843137254901966,0.4166666666666667,0.3777322220150561,0.0,0.4601512681636126,0.997155858930603,1.0,0.66689357466727,0.8295464659496471,0.9908910122898902,1.301624372366152,instance,complexity_N1_top25
1,0.2047619047619048,0.2,0.09722222222222221,0.5,0.4038485936442826,0.3333333333333333,0.5832282087604074,1.0,1.0,0.6668850022264635,0.8650547301549699,0.981104074506198,0.42080653309886634,instance,complexity_N1_top25
1,0.2333333333333334,0.0,0.09722222222222221,0.4583333333333333,0.428609308204707,0.0,0.477986831788738,0.9931740614334471,1.0,0.6668854013960156,0.8701156788734967,0.9992969739034435,0.5599611376742839,instance,complexity_N1_top25
1,0.239913097454997,0.2,0.17000000000000004,0.5,0.3834414493999795,0.0,0.49349053990962,0.9988623435722411,1.0,0.6670160140929772,0.8433599686193464,0.9974896020761207,0.6303626331491371,instance,complexity_N1_top25
1,0.25234375,0.2,0.09722222222222221,0.4583333333333333,0.4101648771701081,1.0,0.5077801516429501,1.0,1.0,0.666885461292679,0.8424984075530692,0.9856854448464315,1.0211117260018643,instance,complexity_N1_top25
1,0.044117647058823595,0.0,0.17000000000000004,0.5,0.26751473478325183,0.0,0.42691564277989447,0.9960182025028441,1.0,0.6669849246087867,0.8169085787657023,0.9588995274473912,1.2133699048869706,instance,complexity_N1_top25
1,0.21296296296296302,0.0,0.07843137254901966,0.4166666666666667,0.3864782005104216,0.0,0.4847579021262798,0.997155858930603,1.0,0.6668363684445852,0.8337094409379044,0.9887622424242354,0.33181831664407224,instance,complexity_N1_top25
1,0.2872340425531915,0.6,0.19999999999999996,0.2916666666666667,0.45482718919317267,0.0,0.45686475698569284,0.9994311717861206,1.0,0.6669644432989712,0.8223002892483244,0.9873554379213494,-0.6028226698896004,instance,complexity_N1_top25
1,0.7002551020408163,0.6,0.5634920634920635,0.4166666666666667,0.4489891730953812,1.0,0.5373818162307801,1.0,1.0,0.6668581540993919,0.8429148910031173,0.9890828508000473,0.4188605041765907,instance,complexity_N1_top25
1,0.2047619047619048,0.4,0.2142857142857143,0.2916666666666667,0.300496365116372,0.0,0.47960691163809244,0.9982935153583617,1.0,0.6669155145259683,0.8479304101734231,0.9892235197297516,0.6517670222396363,instance,complexity_N1_top25
1,0.20666666666666667,0.2,0.09722222222222221,0.4583333333333333,0.40328460562168944,0.0,0.4662547807263505,0.9977246871444824,1.0,0.6668087620742246,0.8531432766310096,0.9952294690656937,1.4454437569196672,instance,complexity_N1_top25
1,0.5017369727047146,0.2,0.19999999999999996,0.3333333333333333,0.4423000599166125,0.5,0.5109337263694829,1.0,1.0,0.66694303339236,0.845602778978133,0.9842643108801955,0.47261418696830576,instance,complexity_N1_top25
0,0.40294117647058825,0.6,0.29398663697104677,0.4166666666666667,0.546009428299857,0.5,0.5245607030523701,1.0,1.0,0.6667506051593491,0.8500646224764214,0.9935520114064423,-0.8412734164280541,instance,complexity_N1_top25
1,0.2583333333333333,0.4,0.24444444444444446,0.5416666666666666,0.28091514325556455,0.0,0.4904363140114041,0.9994311717861206,1.0,0.6667950465937351,0.8334431008957197,0.9907241821754302,1.0205507831795393,instance,complexity_N1_top25
1,0.38207885304659495,0.4,0.19999999999999996,0.3333333333333333,0.4633687956739042,0.2,0.45571690630635775,0.9994311717861206,1.0,0.6668249637529344,0.8519627833075085,0.9986270103515433,0.046737413667018356,instance,complexity_N1_top25
1,0.36296296296296293,0.2,0.24444444444444446,0.4583333333333333,0.4391829370233875,0.16666666666666666,0.4926446256723137,0.9994311717861206,1.0,0.6670462851081725,0.8743348256283592,0.9896727363484877,0.3690982821661714,instance,complexity_N1_top25
1,0.6735474006116208,0.8,0.09722222222222221,0.4583333333333333,0.4483454048546567,0.8,0.5145777265739895,1.0,1.0,0.6669052466594653,0.8553342694981236,0.9771094610946732,0.5315290072175762,instance,complexity_N1_top25
1,0.25688073394495414,0.2,0.09722222222222221,0.4583333333333333,0.4448822183451365,0.3333333333333333,0.48317492717604016,0.9994311717861206,1.0,0.6668836264212754,0.857849286184281,0.9965681043659614,0.598006585796057,instance,complexity_N1_top25
1,0.125,0.2,0.19999999999999996,0.3333333333333333,0.17261959226176554,0.0,0.47259910158136453,0.9988623435722411,1.0,0.6667976560430214,0.8494699410889994,0.9811810169518694,1.5680055228466108,instance,complexity_N1_top25
1,0.39834515366430256,0.6,0.3137254901960784,0.3333333333333333,0.4627679721914517,0.0,0.48967063864338956,0.9994311717861206,1.0,0.6670527538905324,0.8172553355156249,0.9847774147715953,-0.7295203084283918,instance,complexity_N1_top25
1,0.2483258928571428,0.6,0.07843137254901966,0.4166666666666667,0.4192429659207656,0.0,0.48606182547777943,0.9988623435722411,1.0,0.6667583845355871,0.825071172439063,0.9898631641209067,-0.2068712061502214,instance,complexity_N1_top25
1,0.22891566265060237,0.2,0.3137254901960784,0.3333333333333333,0.44216071330948903,0.0,0.4938253426369018,0.9982935153583617,1.0,0.6669869663656094,0.8378397749098465,0.9914550932433739,0.1600512194873059,instance,complexity_N1_top25
1,0.37962962962962965,0.2,0.24444444444444446,0.4583333333333333,0.40084350795105195,0.0,0.4730393990898015,0.9982935153583617,1.0,0.6669895903737476,0.8416879564447406,0.9867548344072007,1.1271330605267775,instance,complexity_N1_top25
1,0.20234375000000004,0.4,0.6728395061728395,0.5,0.45627798542251324,1.0,0.526074295221814,1.0,0.96,0.6666521476242585,0.8482823501706942,0.9989755573802117,0.6369120092216644,instance,complexity_N1_top25
1,0.38207885304659495,0.4,0.19999999999999996,0.3333333333333333,0.4636333964301246,0.3333333333333333,0.40496819702155173,0.9982935153583617,1.0,0.6668702730330716,0.8418853645266792,0.9964766002693248,-0.08346881024100158,instance,complexity_N1_top25
1,0.1964285714285714,0.2,0.3137254901960784,0.3333333333333333,0.4445023724096204,1.0,0.5203826870861095,1.0,1.0,0.666812009330408,0.8185277486051595,0.9778958875100656,0.652082717314964,instance,complexity_N1_top25
1,0.2333333333333334,0.2,0.09722222222222221,0.2916666666666667,0.4013334472294914,0.0,0.4915445402557105,0.9994311717861206,1.0,0.6668726809595262,0.8356346702523509,0.9887067086052822,1.7260549651201718,instance,complexity_N1_top25
1,0.4191176470588236,0.6,0.7060133630289532,0.5416666666666666,0.45688815826038154,0.5,0.4811306759877637,0.9994311717861206,1.0,0.6668730422717055,0.8533506785467259,0.9954516599992513,-0.15672654566177016,instance,complexity_N1_top25
1,0.09583333333333333,0.2,0.26053639846743293,0.75,0.3511113616879839,0.0,0.47381861399593084,0.9982935153583617,1.0,0.6667402646613754,0.8467849927003199,0.9998994170255306,2.17392825859846,instance,complexity_N1_top25
0,0.8490767045454546,0.8,0.7555555555555555,0.4166666666666667,0.6090676986587917,1.0,0.5334316649462822,1.0,1.0,0.666961135064052,0.8352031655379707,0.9946528797509837,-1.1335439692454898,instance,complexity_N1_top25
0,0.529928172386273,0.6,0.4365079365079365,0.4166666666666667,0.572303035479351,1.0,0.5166003653711326,1.0,1.0,0.6668360197511354,0.8484262456049523,0.9984152181290434,-0.6857565296551491,instance,complexity_N1_top25
1,0.5018867924528302,0.4,0.09722222222222221,0.4583333333333333,0.43487937422739176,0.0,0.46021996651781283,0.9994311717861206,1.0,0.666783298415844,0.8415774946099441,0.9860041204610791,1.0723242019988668,instance,complexity_N1_top25
1,0.0625,0.8,0.24444444444444446,0.5,0.44300181330269073,1.0,0.5045132322715689,1.0,1.0,0.6668437994663159,0.8623762837156649,0.9782988068859503,-0.12086302475176486,instance,complexity_N1_top25
1,0.3446514423076923,0.0,0.17000000000000004,0.5416666666666666,0.37905487543609917,0.0,0.4662679944088469,0.997155858930603,1.0,0.6669728659756037,0.8336582377544931,0.9822446092733501,0.6895718822612358,instance,complexity_N1_top25
1,0.25234375,0.2,0.6728395061728395,0.4583333333333333,0.4555155872106854,0.0,0.47511579182696273,0.9982935153583617,1.0,0.6668048609918508,0.8537069639892657,0.9951153137518255,0.3156734804269657,instance,complexity_N1_top25
1,0.31805555555555554,0.4,0.30201342281879195,0.5416666666666666,0.26037105806887517,0.0,0.4519480481064624,0.9988623435722411,1.0,0.6669876846950902,0.829558546996699,0.9876106578952766,1.6718697995229985,instance,complexity_N1_top25
1,0.3705673758865248,0.2,0.19999999999999996,0.4583333333333333,0.437191694054175,0.0,0.48081013825681906,0.9982935153583617,1.0,0.6674874019946386,0.8400615840398449,0.9821874377795433,0.16412307191771358,instance,complexity_N1_top25
1,0.5017369727047146,0.4,0.3137254901960784,0.3333333333333333,0.4500474050745541,0.0,0.47484164938318807,0.9982935153583617,0.96,0.6666452600388997,0.8308769868049195,0.978868152860295,0.531708871833968,instance,complexity_N1_top25
1,0.5827731092436975,1.0,0.7060133630289532,0.3333333333333333,0.4611423357903822,1.0,0.5644533134132677,1.0,1.0,0.6669453074750727,0.8567356102655209,0.9981640173212539,-0.08953486676544632,instance,complexity_N1_top25
1,0.20666666666666667,0.2,0.5634920634920635,0.375,0.40999189435597283,0.0,0.4580828146968089,0.9977246871444824,1.0,0.6669162682069708,0.8510857978263288,0.9978076534192639,0.723276354013774,instance,complexity_N1_top25
1,0.38188073394495414,0.8,0.7060133630289532,0.375,0.45986632452619425,1.0,0.5132724834675193,1.0,1.0,0.6668053170270891,0.8504178641070328,0.9893454404744829,0.38642953510841355,instance,complexity_N1_top25
1,0.31666666666666665,0.4,0.19999999999999996,0.2916666666666667,0.20379637455846777,0.0,0.4907184216893917,0.9994311717861206,1.0,0.6668391852392268,0.8182100483697944,0.9893398215095306,-0.6017893138989643,instance,complexity_N1_top25
1,0.0,0.0,0.24444444444444446,0.4583333333333333,0.25020415758426784,0.0,0.43309688599876395,0.9948805460750854,1.0,0.6669259390104926,0.7917461769664541,0.982548149051039,1.4549701826631363,instance,complexity_N1_top25
1,0.20666666666666667,0.0,0.24444444444444446,0.4583333333333333,0.3867662004651421,0.0,0.413349707088567,0.9954493742889647,1.0,0.6669092647963839,0.8561583783278354,0.9971645818918531,1.5622782888210056,instance,complexity_N1_top25
1,0.27976190476190477,0.0,0.3137254901960784,0.25,0.43910287170260465,0.0,0.46365952979484903,0.997155858930603,1.0,0.6668161740430124,0.8413663036333167,0.9890888703867173,0.5510571503036255,instance,complexity_N1_top25
1,0.27213541666666674,0.6,0.07843137254901966,0.4166666666666667,0.4242686773148804,0.5,0.510761031082846,1.0,1.0,0.6668223099181931,0.8329890703675217,0.9925021654110134,0.1139438333955225,instance,complexity_N1_top25
1,0.23051409618573793,0.0,0.26053639846743293,0.7916666666666666,0.34440448753623454,0.0,0.45327355630653754,0.9954493742889647,1.0,0.6668173680878602,0.827694861484927,0.9767779180900823,1.129230494233247,instance,complexity_N1_top25
1,0.36296296296296293,0.2,0.24444444444444446,0.4583333333333333,0.4185437904193615,0.0,0.4413928067970422,0.9982935153583617,1.0,0.6671794325087574,0.8586669763063505,0.98798570166814,0.5660753928498069,instance,complexity_N1_top25
1,0.10546875,0.2,0.24444444444444446,0.4583333333333333,0.26572681172100054,0.25,0.4379935160406151,0.9988623435722411,1.0,0.6669546049019728,0.8283517219623319,0.9554750756343537,1.3054930600166141,instance,complexity_N1_top25
1,0.20666666666666667,0.0,0.5634920634920635,0.4583333333333333,0.4048739035088167,0.0,0.4656791773273212,0.9965870307167235,1.0,0.6668601970824473,0.8420806748517584,0.9910673652056929,1.360896425181431,instance,complexity_N1_top25
1,0.20666666666666667,0.0,0.09722222222222221,0.4583333333333333,0.40378513486015677,0.0,0.38869085471690135,0.9863481228668942,1.0,0.6668509184915027,0.8551618691207143,0.9936221725096298,1.4298435807180876,instance,complexity_N1_top25
1,0.25384615384615383,0.6,0.19999999999999996,0.4583333333333333,0.464904158487914,0.0,0.49970229789604814,0.9994311717861206,1.0,0.6667708189910146,0.8282736548230524,0.9932594607485481,-0.33682663035019417,instance,complexity_N1_top25
1,0.239913097454997,0.2,0.09722222222222221,0.5416666666666666,0.4301521689588016,0.0,0.47237678766110147,0.9982935153583617,1.0,0.6669044693502963,0.8516636052370536,0.9893852488735149,1.0195198099651244,instance,complexity_N1_top25
1,0.20192307692307687,0.0,0.09722222222222221,0.4583333333333333,0.29904597620713025,0.0,0.4734721151346426,0.9954493742889647,1.0,0.6668398589723489,0.8728481878278341,0.998453533325365,1.8747363783030715,instance,complexity_N1_top25
1,0.0625,0.0,0.24444444444444446,0.5,0.3313915072910518,0.0,0.4681435247721152,0.9943117178612059,1.0,0.6669454310195652,0.8581770862523252,0.9966695949097265,0.1890795537724634,instance,complexity_N1_top25
1,0.275,0.0,0.24444444444444446,0.4583333333333333,0.4226399260809677,0.0,0.4650667830657028,0.9948805460750854,1.0,0.666869989347427,0.8512867877662632,0.9939788112112145,0.30639169059367577,instance,complexity_N1_top25
1,0.33435754189944134,0.6,0.24444444444444446,0.375,0.4366904456436532,1.0,0.5215090484543878,1.0,1.0,0.6667817710402011,0.8501821013598045,0.983762226400126,0.0906883188789218,instance,complexity_N1_top25
1,0.5066666666666666,0.2,0.09722222222222221,0.4583333333333333,0.33782488862658233,0.0,0.4924524728004972,0.9988623435722411,1.0,0.6669059156762158,0.8221238925045955,0.9800243517084771,1.728239101664999,instance,complexity_N1_top25
1,0.23051409618573793,0.6,0.19999999999999996,0.4166666666666667,0.4543251662946909,0.5,0.5373235185646719,1.0,1.0,0.6666819511311532,0.8304372537678837,0.9924941886589571,0.3798619863835917,instance,complexity_N1_top25
1,0.0625,0.4,0.30201342281879195,0.4166666666666667,0.33514055054326175,0.0,0.4849659551175267,0.9988623435722411,1.0,0.6670004797448108,0.8702817444294243,0.997624926304648,-0.06259815397776147,instance,complexity_N1_top25
1,0.39834515366430256,0.0,0.19999999999999996,0.2916666666666667,0.4560776125161694,0.0,0.4493749091975098,0.9960182025028441,1.0,0.667058012320836,0.8257398452053754,0.9835651941989894,-0.5875955684067418,instance,complexity_N1_top25
1,0.4982404692082112,0.2,0.19999999999999996,0.3333333333333333,0.4500550242760698,0.0,0.4836986370150783,0.9977246871444824,1.0,0.6669370310700959,0.8222915753819035,0.9998110426650922,0.6854742229282886,instance,complexity_N1_top25
1,0.22891566265060237,0.0,0.3137254901960784,0.3333333333333333,0.43777478370550915,0.0,0.4517371459085786,0.997155858930603,1.0,0.6669951752034852,0.8491380891110524,0.9952803533433399,1.164441209550359,instance,complexity_N1_top25
1,0.7339089481946625,0.8,0.26053639846743293,0.4583333333333333,0.4593860762646643,1.0,0.5401039512045474,1.0,1.0,0.6668625536654345,0.860207282636799,0.9945958866351295,0.28862145255667754,instance,complexity_N1_top25
1,0.39834515366430256,0.6,0.19999999999999996,0.3333333333333333,0.4631478889777466,0.0,0.48558866791689603,0.9994311717861206,1.0,0.6669390751354685,0.8094782526126444,0.9756338286889975,-0.6798492746054683,instance,complexity_N1_top25
1,0.3926908752327747,0.0,0.24444444444444446,0.375,0.44581518017544075,0.0,0.4586769711870101,0.9943117178612059,1.0,0.6667665751219063,0.8694685434094765,0.993385788922566,-0.042479129267192606,instance,complexity_N1_top25
1,0.2435897435897436,0.0,0.30201342281879195,0.4166666666666667,0.1725405271100272,0.0,0.46518474527347187,0.997155858930603,1.0,0.6668331979762689,0.8628984416365868,0.9953641857693378,1.0063249858826344,instance,complexity_N1_top25
1,0.08333333333333326,0.2,0.19999999999999996,0.3333333333333333,0.4632427385405732,0.0,0.4746890511645745,0.9977246871444824,1.0,0.6668467464901193,0.8432081241836781,0.9878794973500439,0.08707994895596369,instance,complexity_N1_top25
1,0.09302325581395343,0.2,0.24444444444444446,0.5416666666666666,0.292462975232303,1.0,0.5077375392709693,1.0,1.0,0.6668902510185707,0.8462947836428769,0.983841639237982,0.9327017609494238,instance,complexity_N1_top25
1,0.512962962962963,0.4,0.24444444444444446,0.5833333333333334,0.4517790663931309,0.0,0.46638498685539187,0.9988623435722411,1.0,0.6669016256206545,0.8537656234219375,0.9965731091220732,-0.06803955066371485,instance,complexity_N1_top25
1,0.1813953488372093,0.2,0.07843137254901966,0.4166666666666667,0.3459390590731428,0.0,0.43890337724331685,0.9977246871444824,1.0,0.6668897767454355,0.8537707309081788,0.9937472318561968,1.527657937269023,instance,complexity_N1_top25
1,0.45307917888563054,0.6,0.7060133630289532,0.4166666666666667,0.4585921899141413,1.0,0.5098277201052608,1.0,1.0,0.6668330404996331,0.8584973708515521,0.987383691654756,0.2348247930073445,instance,complexity_N1_top25
1,0.27976190476190477,0.2,0.30201342281879195,0.5416666666666666,0.4211564556636681,0.3333333333333333,0.47368363116612355,0.9982935153583617,1.0,0.6669894763106744,0.870750777000689,0.9967673936885385,0.4906496893516523,instance,complexity_N1_top25
1,0.2237723214285714,0.0,0.24444444444444446,0.5,0.40226851970170996,0.0,0.42172424232915273,0.9931740614334471,1.0,0.6669375349289762,0.85330373102562,0.9859339020190216,1.255508282361514,instance,complexity_N1_top25
1,0.21296296296296302,0.4,0.24444444444444446,0.4583333333333333,0.43246720079116996,0.0,0.451372720746522,0.9994311717861206,1.0,0.6668836659764505,0.870042541792065,0.9988659736860677,0.6965700815811448,instance,complexity_N1_top25
1,0.36296296296296293,0.4,0.19999999999999996,0.2916666666666667,0.43586099970463954,0.0,0.491972316376879,0.9988623435722411,1.0,0.6667745350621945,0.8360599987675112,0.9976289724438234,-1.1794936720383198,instance,complexity_N1_top25
1,0.2047619047619048,0.0,0.17000000000000004,0.4583333333333333,0.33742812692951996,0.0,0.468606076290523,0.9960182025028441,1.0,0.6669092588934937,0.8485759142970889,0.9836122619706988,0.8764831109953028,instance,complexity_N1_top25
1,0.33820369574559517,0.4,0.24444444444444446,0.5,0.44786789304432695,0.6666666666666666,0.5041705239104942,1.0,1.0,0.6668929590189248,0.8688634013566038,0.9904504673602561,0.35383972520571294,instance,complexity_N1_top25
1,0.16102430555555558,0.2,0.09722222222222221,0.4583333333333333,0.4445842897326549,0.0,0.45029717648324596,0.9977246871444824,1.0,0.6669082655670996,0.8595790848854193,0.9905256074010396,0.7581194960342544,instance,complexity_N1_top25
0,0.6809895833333334,0.6,0.9027777777777778,0.5416666666666666,0.5546293325656003,0.8,0.5159083888150986,1.0,1.0,0.666932349687337,0.8679258307643789,0.9984967352403492,-0.28617094238004204,instance,complexity_N1_top25
1,0.17213541666666665,0.0,0.24444444444444446,0.4583333333333333,0.42148691048416553,0.0,0.39165797151182946,0.9965870307167235,1.0,0.6668787723328558,0.8678323479366472,0.9985256260709668,0.4789741698008861,instance,complexity_N1_top25
1,0.4982404692082112,0.6,0.7060133630289532,0.3333333333333333,0.46175817583126777,1.0,0.5020193724489462,1.0,1.0,0.6667004367966459,0.8211542446250922,0.9722237718937202,0.30486789906247613,instance,complexity_N1_top25
1,0.4235474006116208,0.6,0.6728395061728395,0.4583333333333333,0.46163353853464517,1.0,0.5082361129830791,1.0,1.0,0.6669574883362522,0.8315025516679966,0.983055789038325,0.3493715007341312,instance,complexity_N1_top25
1,0.3926908752327747,0.0,0.30201342281879195,0.5,0.4351091937263285,0.0,0.43915964871427016,0.9948805460750854,1.0,0.6670097844205978,0.8485163816773996,0.9993103738543543,-0.3782877982028886,instance,complexity_N1_top25
0,0.7762276785714286,0.8,0.4365079365079365,0.4166666666666667,0.5774700938458945,1.0,0.5562897848868422,1.0,1.0,0.6668431327055948,0.8485801454864511,0.9912171809164247,-0.991327762569027,instance,complexity_N1_top25
1,0.33435754189944134,0.6,0.5634920634920635,0.4583333333333333,0.45657882650626597,0.0,0.48787647918594723,0.9994311717861206,1.0,0.6668684990261826,0.8553773345448187,0.9960147377324731,-0.2840423687193832,instance,complexity_N1_top25
1,0.20639534883720922,0.0,0.24444444444444446,0.5416666666666666,0.37149576840277154,0.0,0.4441620597203665,0.9965870307167235,1.0,0.6668306448531026,0.8456606392584749,0.9935707985765967,0.7765952716944411,instance,complexity_N1_top25
1,0.2872340425531915,0.4,0.3137254901960784,0.2916666666666667,0.43834613763074104,0.0,0.492540723719335,0.9994311717861206,1.0,0.666861009125747,0.8446413513381085,0.9869316577301149,-0.5921723237988141,instance,complexity_N1_top25
1,0.4642857142857143,1.0,0.3137254901960784,0.25,0.4545004257566245,1.0,0.5490049597981911,1.0,1.0,0.6668239775922913,0.8326354447927471,0.9789505158781967,0.5209199790641177,instance,complexity_N1_top25
1,0.36296296296296293,0.0,0.19999999999999996,0.2916666666666667,0.45132900885044114,0.0,0.4354495450480964,0.9954493742889647,1.0,0.666872318811451,0.8602204435147627,0.9961340796571223,-0.07695088507042436,instance,complexity_N1_top25
0,0.7516741071428572,0.8,0.49751243781094523,0.5416666666666666,0.638296225896046,1.0,0.5317957891636421,1.0,1.0,0.6668895950216635,0.8492489296637139,0.9979793168575477,-1.5801250469412549,instance,complexity_N1_top25
1,0.49411764705882355,0.4,0.07843137254901966,0.4166666666666667,0.3865659969221694,0.0,0.4792116011981534,0.9994311717861206,1.0,0.6667776457121455,0.836577124778756,0.9704996349182485,0.5230312603277378,instance,complexity_N1_top25
1,0.07446808510638303,0.4,0.09722222222222221,0.25,0.36934856736611615,0.0,0.4872725626441352,0.9994311717861206,1.0,0.6668825766586809,0.8232307028183908,0.9909350509883664,1.2607135799791587,instance,complexity_N1_top25
1,0.6872340425531915,0.8,0.19999999999999996,0.25,0.38348063252060927,1.0,0.525769951263102,1.0,1.0,0.6670014518780992,0.8399935872313326,0.9861254985317568,0.46155297843065674,instance,complexity_N1_top25
1,0.2872340425531915,0.8,0.6728395061728395,0.3333333333333333,0.46197930720570424,0.5,0.4590927168534453,0.9994311717861206,1.0,0.6669328135885007,0.82237481455199,0.9910248986224611,-0.930160719973172,instance,complexity_N1_top25
1,0.10546875,0.2,0.24444444444444446,0.4583333333333333,0.3456464605824011,0.0,0.418012114497771,0.9982935153583617,1.0,0.6668653562424408,0.8483032599018336,0.9968759126781864,1.2764108487206183,instance,complexity_N1_top25
1,0.5462962962962963,0.2,0.24444444444444446,0.5,0.44847303036726893,1.0,0.5003399277786907,1.0,1.0,0.6668627413859496,0.8262292870573931,0.9729970346909547,0.25541954561450325,instance,complexity_N1_top25
1,0.512962962962963,0.4,0.5154639175257731,0.4166666666666667,0.42539865008158284,1.0,0.5578647990792811,1.0,1.0,0.6668462935434167,0.8476898484487643,0.9966765897157308,0.7515832507257433,instance,complexity_N1_top25
1,0.2333333333333334,0.2,0.09722222222222221,0.2916666666666667,0.43598507896123495,0.0,0.46532644035342896,0.9994311717861206,1.0,0.6668525790889784,0.8374978965505542,0.997129320839545,1.0131719453771286,instance,complexity_N1_top25
1,0.20234375000000004,0.2,0.09722222222222221,0.2916666666666667,0.45096041163325706,0.5,0.4968990395713484,0.9994311717861206,1.0,0.6668963101946991,0.8451643376259311,0.9757356985616061,0.4228378176787704,instance,complexity_N1_top25
1,0.4083333333333333,0.2,0.09722222222222221,0.4583333333333333,0.4455706155080209,0.0,0.4678861129027123,0.9977246871444824,1.0,0.6668607694802652,0.8380550634562102,0.9971551295185347,0.3488787281043212,instance,complexity_N1_top25
1,0.3684873949579832,0.0,0.09722222222222221,0.4166666666666667,0.4401208162124558,0.0,0.4611625251349827,0.9960182025028441,1.0,0.6667901003427052,0.8502459179118125,0.9971556572427835,1.243106600657848,instance,complexity_N1_top25
1,0.47096774193548385,0.4,0.19999999999999996,0.3333333333333333,0.46199940176636967,0.4,0.4876815628024722,0.9988623435722411,1.0,0.6668998758987479,0.8574765120684752,0.98706189068701,0.19315122711936447,instance,complexity_N1_top25
0,0.40294117647058825,0.2,0.29398663697104677,0.4166666666666667,0.5445686223151238,0.3333333333333333,0.46032950636887626,0.9975806451612903,1.0,0.666834930523008,0.870327227921935,0.9977870247991603,0.2567013915433512,instance,complexity_N1_top25
1,0.08333333333333326,0.2,0.26053639846743293,0.625,0.45431281882916685,0.0,0.44396132646582664,0.9977246871444824,1.0,0.6667509418150108,0.8514940799378407,0.9983423916279629,0.4174743584591483,instance,complexity_N1_top25
0,0.6491935483870968,0.4,0.4365079365079365,0.4583333333333333,0.560171884201235,0.0,0.49281133643831765,0.9983870967741936,1.0,0.6670619693026416,0.8781129119964652,0.9898617950568368,-0.09407520526518307,instance,complexity_N1_top25
1,0.23046875,0.4,0.5024875621890548,0.9166666666666666,0.3077297993490272,0.3333333333333333,0.5037842720288408,1.0,1.0,0.6669044427765314,0.8268656415160307,0.9773974183722656,1.0879138525996146,instance,complexity_N1_top25
1,0.14389534883720922,0.0,0.24444444444444446,0.4583333333333333,0.25871483657754923,0.0,0.4425066652062456,0.997155858930603,1.0,0.6670559629121328,0.832926486311237,0.9880237958952195,1.077777181722303,instance,complexity_N1_top25
1,0.20666666666666667,0.2,0.09722222222222221,0.4583333333333333,0.39787967487883513,0.0,0.4987368617978434,0.9994311717861206,1.0,0.6669016189626823,0.8205203561858173,0.9928013018805093,1.2694356957496622,instance,complexity_N1_top25
1,0.27213541666666674,0.4,0.09722222222222221,0.4583333333333333,0.3651481428473664,0.0,0.4834744960457732,0.9982935153583617,1.0,0.6667583997770482,0.8390160407998082,0.9944738398372618,0.9066184468957202,instance,complexity_N1_top25
1,0.24583333333333335,0.2,0.26053639846743293,0.5,0.40454932482768957,0.5,0.5018452801517035,1.0,1.0,0.6667773388469981,0.8618245132053081,0.9990734104262304,0.9507805898285189,instance,complexity_N1_top25
1,0.5018867924528302,0.6,0.7060133630289532,0.5416666666666666,0.46048579351316665,0.0,0.45950473431706407,0.9988623435722411,1.0,0.6669649306643581,0.8646014266273312,0.9946460713961734,0.22271478187172286,instance,complexity_N1_top25
1,0.125,0.2,0.2272727272727273,0.3333333333333333,0.4375039232169383,0.0,0.4713463212727398,0.9982935153583617,1.0,0.666824135525569,0.8401390364391216,0.967891064006284,0.4035167570487102,instance,complexity_N1_top25
1,0.6709677419354838,0.8,0.6728395061728395,0.4583333333333333,0.46242038053242107,0.8,0.5701260422902994,1.0,1.0,0.6668880927020823,0.8477577868728412,0.9922215476074967,0.2873515325403007,instance,complexity_N1_top25
1,0.6877551020408164,0.8,0.7060133630289532,0.3333333333333333,0.4606271460330853,0.5,0.5368516877518494,1.0,1.0,0.6668256235588709,0.8169599375237523,0.9899755025131523,0.46689535036026525,instance,complexity_N1_top25
1,0.39247311827957,0.4,0.26053639846743293,0.4583333333333333,0.4467506730349441,0.2,0.479251689767795,0.9982935153583617,1.0,0.6668574997494954,0.8522591569374789,0.9965665577688911,-0.030862080319373573,instance,complexity_N1_top25
1,0.5765993265993266,0.4,0.09722222222222221,0.4583333333333333,0.44526420789265353,0.0,0.47380113051120143,0.9988623435722411,1.0,0.6669199696943827,0.8541095438867891,0.9954477140718286,0.30191483935367835,instance,complexity_N1_top25
1,0.3796164772727273,0.2,0.09722222222222221,0.4583333333333333,0.42687456525549694,0.0,0.48531491011551786,0.9982935153583617,1.0,0.6668123019696297,0.8485155151973415,0.9970647614088326,1.4361843689351168,instance,complexity_N1_top25
1,0.2958333333333334,0.0,0.24444444444444446,0.4583333333333333,0.3953441305806028,0.0,0.4040638220024261,0.9891922639362912,1.0,0.6669488976279204,0.8589305313632402,0.992577047591943,0.8672275933061373,instance,complexity_N1_top25
1,0.08333333333333326,0.0,0.26053639846743293,0.75,0.4544160843172499,0.0,0.41436000912397797,0.9926052332195677,1.0,0.666820858952877,0.8583764740075002,0.9995576304370463,0.2723158067731086,instance,complexity_N1_top25
1,0.27213541666666674,0.2,0.07843137254901966,0.4166666666666667,0.4027267173355751,1.0,0.5082957852751921,1.0,1.0,0.6668572578198422,0.8512110599553434,0.997215290507318,0.8375253400250842,instance,complexity_N1_top25
1,0.25384615384615383,0.6,0.3137254901960784,0.3333333333333333,0.457712433336265,1.0,0.5034765965748977,1.0,1.0,0.6667621892546619,0.8332075165929628,0.9987011312117724,0.40271126280005953,instance,complexity_N1_top25
0,0.6805970149253731,1.0,0.7555555555555555,0.4583333333333333,0.6530194130632737,1.0,0.5365145699461404,1.0,1.0,0.666960464288108,0.8463316099957023,0.9992335742893986,-1.8159212160256417,instance,complexity_N1_top25
1,0.6508704061895552,0.6,0.19999999999999996,0.4583333333333333,0.4627150159651462,0.5,0.5310738690600925,1.0,1.0,0.6669100832064597,0.8350097901720585,0.982381405176582,0.11901770671848923,instance,complexity_N1_top25
1,0.4845588235294118,0.6,0.26053639846743293,0.625,0.4460999828301855,0.0,0.4717336930692355,0.9988623435722411,1.0,0.6668215159755091,0.8387817775086064,0.9857696448746711,0.7207880194453208,instance,complexity_N1_top25
1,0.15092329545454541,0.0,0.24444444444444446,0.4583333333333333,0.42080152109955016,0.0,0.3925446592821127,0.9965870307167235,1.0,0.6668582312528232,0.8547891601566213,0.9787960018040917,0.9713820383333895,instance,complexity_N1_top25
1,0.3272146847565842,0.4,0.26053639846743293,0.625,0.44805653448581884,0.0,0.44614228189502836,0.9988623435722411,1.0,0.6668494501907999,0.8389369842574221,0.9969732551808865,0.10626811941389427,instance,complexity_N1_top25
1,0.6720588235294118,1.0,0.26053639846743293,0.4166666666666667,0.45475323263815315,0.5,0.5143877967140636,1.0,1.0,0.6668603400148602,0.8595526033826517,0.9979603309350457,0.2936977118064653,instance,complexity_N1_top25
1,0.31805555555555554,0.4,0.09722222222222221,0.4583333333333333,0.40246241659377535,0.0,0.4906535289781191,0.9994311717861206,1.0,0.666881910109039,0.8562239692885408,0.9934796044828464,0.7692657445737748,instance,complexity_N1_top25
0,0.5916666666666667,0.6,0.6862745098039216,0.2916666666666667,0.5533059074333778,1.0,0.5048841724141278,1.0,1.0,0.6669533865353139,0.8167970815178804,0.9586994810721945,-0.0988206647161401,instance,complexity_N1_top25
1,0.09999999999999998,0.2,0.3137254901960784,0.3333333333333333,0.45801022978821193,0.0,0.4903245704774425,0.9988623435722411,1.0,0.6667890722190333,0.8224233256606872,0.9937935368651184,0.1530407196028539,instance,complexity_N1_top25
1,0.24806201550387597,0.2,0.09722222222222221,0.4583333333333333,0.2983488211209683,0.3333333333333333,0.5456838576898428,1.0,1.0,0.6666906179736032,0.8292790167887836,0.9956372894358247,1.5294572273401312,instance,complexity_N1_top25
1,0.07692307692307687,0.2,0.24444444444444446,0.5416666666666666,0.17199786557119545,0.0,0.4841317811809782,0.9988623435722411,1.0,0.6669777994272575,0.8505404938315835,0.9827719220582204,0.5327927373894387,instance,complexity_N1_top25
1,0.18674242424242427,0.2,0.5154639175257731,0.375,0.3924662459797629,0.0,0.4333697254118747,0.9977246871444824,1.0,0.6668971959018808,0.8413121765173024,0.9943354786431999,0.39383613082981617,instance,complexity_N1_top25
1,0.20273631840796025,0.2,0.07843137254901966,0.4166666666666667,0.39890009615839894,0.0,0.4834983543022774,0.9982935153583617,1.0,0.6668416276188179,0.8625396471484744,0.9999301974650632,0.8676665670115961,instance,complexity_N1_top25
1,0.2333333333333334,0.2,0.09722222222222221,0.4583333333333333,0.424346229861257,0.0,0.464171957745915,0.9982935153583617,1.0,0.666840162745464,0.8444013705037663,0.985141555233507,1.3085227135905413,instance,complexity_N1_top25
1,0.18333333333333335,0.6,0.19999999999999996,0.5,0.4544296561833102,0.0,0.485260285397651,0.9988623435722411,1.0,0.6668265678951459,0.8306438361618719,0.9551046597351733,0.2254592534005832,instance,complexity_N1_top25
1,0.37962962962962965,0.6,0.09722222222222221,0.5416666666666666,0.39135914724410814,1.0,0.5074100051319692,1.0,1.0,0.6669462823937746,0.8385161349899494,0.9907980661539161,1.0337407591581527,instance,complexity_N1_top25
1,0.0,0.2,0.30201342281879195,0.375,0.38959387967602466,0.0,0.46780222156382856,0.9977246871444824,1.0,0.6669803494189012,0.8460623735209193,0.9971285927067107,0.7826693039888726,instance,complexity_N1_top25
1,0.3446969696969697,0.0,0.26053639846743293,0.5416666666666666,0.43629379726308326,0.0,0.4538987327930327,0.9954493742889647,1.0,0.6668205926195351,0.8495029934856838,0.9921909965855253,0.4707352330929341,instance,complexity_N1_top25
1,0.6508704061895552,0.0,0.19999999999999996,0.3333333333333333,0.4505565677494418,0.0,0.46074859320872696,0.9954493742889647,1.0,0.6668754179739615,0.8329981330700974,0.9593680469540323,0.8834941728551399,instance,complexity_N1_top25
0,0.40294117647058825,0.4,0.29398663697104677,0.9166666666666666,0.5561106448588613,0.3333333333333333,0.4662561627771963,0.9983870967741936,1.0,0.6668643886252169,0.8726361838252922,0.9961595425408634,-0.2597738365317,instance,complexity_N1_top25
1,0.2872340425531915,0.8,0.7060133630289532,0.625,0.4646202502959591,0.5,0.46281780846049714,0.9994311717861206,1.0,0.6668798047076971,0.8421298960470049,0.9996466499428802,-0.41050120945265584,instance,complexity_N1_top25
1,0.10546875,0.2,0.24444444444444446,0.5416666666666666,0.3676247453731999,0.3333333333333333,0.5193536603200966,1.0,1.0,0.6668978345171163,0.8518424008487515,0.9856937842215869,0.6284871739036276,instance,complexity_N1_top25
1,0.24583333333333335,0.2,0.30201342281879195,0.5416666666666666,0.43616638877408087,0.2,0.48660158090210226,0.9988623435722411,1.0,0.6669634287546315,0.8594074511352748,0.9940802712303924,0.396262956206661,instance,complexity_N1_top25
1,0.33333333333333326,0.2,0.30201342281879195,0.4166666666666667,0.3664818987930797,0.0,0.47138682803341236,0.9988623435722411,1.0,0.6669145328837268,0.8542846227672488,0.984610083807373,-0.2653874599146305,instance,complexity_N1_top25
1,0.2483258928571428,0.6,0.7285714285714286,0.625,0.4470765305636836,0.0,0.4818194991753266,0.9988623435722411,1.0,0.6668404894009695,0.8430301225382264,0.9975610578569025,0.3607073981414759,instance,complexity_N1_top25
1,0.14128787878787885,0.2,0.24444444444444446,0.4583333333333333,0.44060571244999214,0.0,0.46402086260967146,0.9977246871444824,1.0,0.6669822185678204,0.878487032809608,0.9997293234857572,0.5480044261170914,instance,complexity_N1_top25
0,0.8630490956072352,0.6,0.42500000000000004,0.25,0.5866355536561626,1.0,0.5384274085600844,1.0,1.0,0.6667773245817183,0.8349484259769098,0.9859741878556922,-0.3918789891789277,instance,complexity_N1_top25
1,0.35102420856610805,0.2,0.24444444444444446,0.4583333333333333,0.3993809070672566,0.0,0.49094962110373386,0.9988623435722411,1.0,0.6669095688098635,0.8710515743051223,0.999730933947343,0.9347961441755643,instance,complexity_N1_top25
1,0.75139146567718,0.4,0.7060133630289532,0.625,0.4466663707313713,0.0,0.4787765335542967,0.9982935153583617,1.0,0.666789332125054,0.8630557325175015,0.9973818582387727,0.5630077047075538,instance,complexity_N1_top25
0,0.8561046511627907,1.0,0.7555555555555555,0.4583333333333333,0.7547922931129433,1.0,0.5481012936885161,1.0,1.0,0.6668780213164761,0.8303262004716914,0.9999487525008587,-1.2617862948381262,instance,complexity_N1_top25
1,0.3959677419354839,0.6,0.19999999999999996,0.3333333333333333,0.46285441432320884,0.0,0.46087101065008107,0.9994311717861206,1.0,0.6668520384594124,0.8374331514645071,0.9951287827936665,0.3358509413776743,instance,complexity_N1_top25
1,0.08333333333333326,0.2,0.7060133630289532,0.4583333333333333,0.4338881972349174,0.0,0.4949968591327718,0.9994311717861206,1.0,0.6667735345888378,0.834668145332722,0.9614473934001257,1.1936074021972785,instance,complexity_N1_top25
1,0.20666666666666667,0.2,0.09722222222222221,0.4583333333333333,0.44173864644734795,0.0,0.45467287056522887,0.9988623435722411,1.0,0.6668419790156292,0.8587034853742764,0.9881323605187508,1.2671906865603664,instance,complexity_N1_top25
1,0.3571428571428572,0.6,0.19999999999999996,0.25,0.44696560678034236,1.0,0.51396080017069,1.0,1.0,0.6669363079464058,0.828693862379149,0.9880760700551586,-0.5856677788699106,instance,complexity_N1_top25
1,0.5243315508021391,1.0,0.7060133630289532,0.625,0.4615177367605283,0.6666666666666666,0.5305437511983122,1.0,1.0,0.6668864418184499,0.8495213181178133,0.9870074719111565,0.2522163385486615,instance,complexity_N1_top25
1,0.4845588235294118,0.2,0.5154639175257731,0.4166666666666667,0.4351237657470489,0.0,0.4652031261819225,0.9977246871444824,1.0,0.6669200018260059,0.8457069609719836,0.9810730835912507,0.6110274762143677,instance,complexity_N1_top25
1,0.08333333333333326,0.2,0.3137254901960784,0.3333333333333333,0.4454707411611597,0.0,0.4965918316062904,0.9988623435722411,1.0,0.6668651689566111,0.8338945103455842,0.9991370873624159,-0.08464684330779967,instance,complexity_N1_top25
1,0.25688073394495414,0.4,0.24444444444444446,0.5416666666666666,0.4552261403909402,0.0,0.43688257090220406,0.9982935153583617,1.0,0.6668704601411977,0.8508761922878959,0.9947921339305652,0.7136540920771252,instance,complexity_N1_top25
1,0.33820369574559517,0.2,0.26053639846743293,0.4583333333333333,0.4442135820806564,0.0,0.48914495499153243,0.9982935153583617,1.0,0.6667988130072068,0.8755687474161093,0.9943245239336271,0.022505060712506804,instance,complexity_N1_top25
1,0.31940298507462694,0.2,0.26053639846743293,0.625,0.34155025078362355,0.0,0.44585150797292905,0.9977246871444824,1.0,0.6668714179308273,0.8773919456712949,0.998186321455393,1.1995855069486008,instance,complexity_N1_top25
1,0.291025641025641,0.2,0.26053639846743293,0.75,0.4267632993022149,0.0,0.4954219014067405,0.9988623435722411,1.0,0.6667655367671091,0.8487075807486513,0.9808249173682159,0.6180312441028978,instance,complexity_N1_top25
1,0.3661757237176232,0.2,0.09722222222222221,0.2916666666666667,0.3655401837299733,0.0,0.4617422333803074,0.9982935153583617,1.0,0.666852453254809,0.8296784372413109,0.9702424127254693,1.9002736740097417,instance,complexity_N1_top25
1,0.27213541666666674,0.8,0.09722222222222221,0.4583333333333333,0.36693902522697186,0.0,0.49718948543056085,0.9994311717861206,1.0,0.666781954182031,0.8260151742934886,0.9986301700394246,0.9987807208545291,instance,complexity_N1_top25
1,0.1066176470588236,0.6,0.26053639846743293,0.4583333333333333,0.4189705252393917,1.0,0.5290209759017124,1.0,1.0,0.6669216205883569,0.8430730926712074,0.9974406379775484,1.170565334020136,instance,complexity_N1_top25
1,0.4191176470588236,0.2,0.24444444444444446,0.5416666666666666,0.42135206194968455,0.0,0.4660878279211881,0.9977246871444824,1.0,0.6669206198176548,0.8431540867536728,0.970242084899159,0.2943678465964171,instance,complexity_N1_top25
0,0.6281424581005587,0.8,0.83,0.5416666666666666,0.6906828719881987,1.0,0.5384832782534417,1.0,1.0,0.6670254167373175,0.8405287172508955,0.9926942267083,-0.5521711366751018,instance,complexity_N1_top25
1,0.3705673758865248,0.6,0.19999999999999996,0.3333333333333333,0.4535518353044451,0.5,0.5133420485844418,1.0,1.0,0.6668020328150032,0.8575183360281191,0.9829429204219517,0.2607338301178528,instance,complexity_N1_top25
1,0.2872340425531915,0.4,0.3137254901960784,0.3333333333333333,0.46431335620337943,0.0,0.44792697690467465,0.9982935153583617,1.0,0.666810501985884,0.8356128153554578,0.9796900861289135,-0.557397201346523,instance,complexity_N1_top25
1,0.36296296296296293,0.2,0.24444444444444446,0.4583333333333333,0.45324819796409094,0.5,0.48523650466147816,0.9977246871444824,1.0,0.6669282726906856,0.880427914127778,0.9937621022946689,0.2592971342296577,instance,complexity_N1_top25
1,0.2872340425531915,0.6,0.3137254901960784,0.3333333333333333,0.4561464654449715,0.0,0.49173723391512547,0.9994311717861206,1.0,0.6669171409885171,0.8295725562693184,0.9854239882584265,-0.6659086078666066,instance,complexity_N1_top25
1,0.09583333333333333,0.0,0.24444444444444446,0.4583333333333333,0.33635028232696407,0.0,0.4533107666361197,0.9920364050056882,1.0,0.6671122248729228,0.8219884522550829,0.9938737803964389,0.3444236804561246,instance,complexity_N1_top25
1,0.19166666666666665,0.0,0.24444444444444446,0.4583333333333333,0.44943411208122497,0.0,0.4718502429884113,0.9960182025028441,1.0,0.6668361032454998,0.8543872769128883,0.9987666572414504,0.6766702706063985,instance,complexity_N1_top25
1,0.24583333333333335,0.6,0.30201342281879195,0.4166666666666667,0.4435172413991111,1.0,0.5093825883009292,1.0,1.0,0.6669178217712349,0.8667677805860149,0.9991786136471175,0.006643014338348936,instance,complexity_N1_top25
1,0.3392857142857143,0.8,0.30201342281879195,0.4166666666666667,0.40757651405468964,1.0,0.5180169104214567,1.0,1.0,0.6668983995056368,0.8377272454565338,0.9968319713337669,0.2725661616583713,instance,complexity_N1_top25
1,0.0,0.8,0.19999999999999996,0.375,0.4654131639721434,1.0,0.5030576708511333,1.0,1.0,0.6668802983573399,0.8367788866246302,0.9881037929241397,-1.0175286857530192,instance,complexity_N1_top25
1,0.5479744136460555,0.0,0.19999999999999996,0.3333333333333333,0.4485554828049869,0.0,0.4658442932658011,0.9960182025028441,1.0,0.6668171895998519,0.8465134120700548,0.9937062601164118,0.8939703827715021,instance,complexity_N1_top25
1,0.3796164772727273,0.4,0.19999999999999996,0.2916666666666667,0.4536236745057258,0.0,0.45440084372492495,0.9982935153583617,1.0,0.6669935716760629,0.8696763912179807,0.9890384536321761,-0.3110339186069736,instance,complexity_N1_top25
1,0.3661757237176232,0.0,0.24444444444444446,0.4583333333333333,0.37956558088443915,0.0,0.4340353463275113,0.9891922639362912,1.0,0.6668844401686509,0.8579625841739131,0.9949890650807147,0.9515291803147543,instance,complexity_N1_top25
1,0.18333333333333335,0.2,0.3137254901960784,0.3333333333333333,0.46028913103948776,0.0,0.4689857955771598,0.9977246871444824,1.0,0.6667554780069432,0.8353543600154326,0.9774560627819457,0.01702901469358591,instance,complexity_N1_top25
1,0.3718575418994414,0.0,0.07843137254901966,0.4166666666666667,0.4028664978392237,0.0,0.46176382904509305,0.9965870307167235,1.0,0.6668468331191979,0.8503654173956714,0.9991782764974849,0.7350971224155036,instance,complexity_N1_top25
1,0.18435754189944142,0.2,0.09722222222222221,0.4583333333333333,0.3430394710439951,0.0,0.4735042486075003,0.9977246871444824,1.0,0.6668543642346366,0.8355651998852164,0.9898669453790521,1.6160180137864721,instance,complexity_N1_top25
1,0.1066176470588236,0.4,0.24444444444444446,0.4583333333333333,0.31019288250559807,0.3333333333333333,0.4982796837598982,0.9994311717861206,1.0,0.6668593763981594,0.813437783810385,0.9886576331505371,1.758601696046622,instance,complexity_N1_top25
1,0.2557861133280128,0.0,0.30201342281879195,0.4166666666666667,0.4104460982664584,0.0,0.446744923643313,0.9965870307167235,1.0,0.6669074503961523,0.8517477437739395,0.9880715095725057,-0.04253269571926811,instance,complexity_N1_top25
1,0.4235474006116208,0.6,0.7060133630289532,0.5416666666666666,0.4586187553140445,0.5,0.5466232777477098,1.0,1.0,0.6668149286767605,0.8489204619409488,0.9699658423161289,0.1697300632893039,instance,complexity_N1_top25
0,0.7416666666666667,1.0,0.4365079365079365,0.4166666666666667,0.813355981203463,1.0,0.5972560027838469,1.0,1.0,0.666824474572246,0.8193978293551446,0.990292005208411,-2.1128882653412915,instance,complexity_N1_top25
1,0.4642857142857143,0.8,0.5154639175257731,0.2916666666666667,0.4043740314037042,0.5,0.5230132609188345,1.0,1.0,0.6668849005919413,0.852736615507922,0.9838690312332655,0.37468894149097165,instance,complexity_N1_top25
1,0.19736842105263164,0.4,0.2142857142857143,0.2916666666666667,0.3763319770725384,1.0,0.512414666351993,1.0,1.0,0.6668917059222543,0.8331158789955289,0.993652764249336,-0.24793789887832862,instance,complexity_N1_top25
1,0.239913097454997,0.2,0.5634920634920635,0.4583333333333333,0.33221716285061476,1.0,0.5006880882734384,1.0,1.0,0.6669134373545532,0.8403918520612891,0.9974716043269145,0.8815427804174941,instance,complexity_N1_top25
1,0.42891566265060244,0.0,0.09722222222222221,0.4583333333333333,0.419058127421725,0.0,0.46989435001463153,0.997155858930603,1.0,0.6667946135164519,0.8576787678506694,0.9993511194231905,1.1797184993751453,instance,complexity_N1_top25
1,0.39834515366430256,0.6,0.19999999999999996,0.3333333333333333,0.46277494014459075,0.3333333333333333,0.5122702608216313,1.0,1.0,0.6668685726218413,0.8343121478067248,0.9828452627524452,-0.4247446086138346,instance,complexity_N1_top25
1,0.09583333333333333,0.2,0.26053639846743293,0.75,0.3839493572553445,0.0,0.4805070622409642,0.9988623435722411,1.0,0.666832760443319,0.8558146829130093,0.9711664159147317,1.6003434594870731,instance,complexity_N1_top25
1,0.14128787878787885,0.4,0.26053639846743293,0.75,0.4459094123795765,0.0,0.4986383487424215,0.9994311717861206,1.0,0.6667337110658305,0.875618879667319,0.9955882006268052,0.6915931567559882,instance,complexity_N1_top25
1,0.20273631840796025,0.0,0.26053639846743293,0.625,0.35786029012685283,0.0,0.4144538634705015,0.997155858930603,1.0,0.6668145306878828,0.8423324501428658,0.9929352970054497,1.466822689295662,instance,complexity_N1_top25
1,0.2872340425531915,0.2,0.19999999999999996,0.3333333333333333,0.2065557048353724,0.0,0.47878144428551006,0.9988623435722411,1.0,0.666876410365513,0.8178178903010338,0.9593602695775272,0.11100159741089967,instance,complexity_N1_top25
1,0.3446514423076923,0.2,0.09722222222222221,0.4583333333333333,0.44225546004821237,0.25,0.47303194676483584,0.9988623435722411,1.0,0.666840277375181,0.8428707795135274,0.9978382180318828,0.6923295382232699,instance,complexity_N1_top25
1,0.17213541666666665,0.0,0.07843137254901966,0.4166666666666667,0.4310456184159984,0.0,0.4567785744174917,0.9960182025028441,1.0,0.6668742759819656,0.8603721676658685,0.984922495344621,0.7209686890207911,instance,complexity_N1_top25
1,0.18333333333333335,0.6,0.19999999999999996,0.4583333333333333,0.46418431828970397,0.6666666666666666,0.5017115869817953,1.0,1.0,0.666775835605633,0.8305218737492776,0.9763832337241211,-0.7549256021075378,instance,complexity_N1_top25
0,0.3696078431372549,0.6,0.29398663697104677,0.5833333333333334,0.5401253126811661,1.0,0.5188554281941311,1.0,1.0,0.6669217492776973,0.8546388497290471,0.995600740340502,0.39698013407983823,instance,complexity_N1_top25
1,0.11111111111111116,0.2,0.575,0.2916666666666667,0.22091481810415975,0.0,0.4637441739145066,0.9988623435722411,1.0,0.6669990799504181,0.863844939298245,0.9949391642372464,0.4262751142608563,instance,complexity_N1_top25
1,0.4642857142857143,0.4,0.3137254901960784,0.3333333333333333,0.45090015822118856,0.5,0.5015194283634168,1.0,1.0,0.6668837180558682,0.8176326419502417,0.9881130291197503,0.20927863809922592,instance,complexity_N1_top25
1,0.39583333333333326,0.8,0.26053639846743293,0.375,0.4576191686533039,0.75,0.5210390735840095,1.0,1.0,0.6668135414576578,0.8719375435523845,0.999361452547397,-0.05160465125467357,instance,complexity_N1_top25
1,0.15234375,0.2,0.7285714285714286,0.4166666666666667,0.3977750645828215,0.0,0.4812673892750656,0.9982935153583617,1.0,0.6670412629822219,0.8536027624587177,0.9960817460513554,0.18310600017838455,instance,complexity_N1_top25
1,0.239913097454997,0.2,0.17000000000000004,0.5,0.36860659673439067,0.6666666666666666,0.4839316803824272,0.9994311717861206,1.0,0.6668853439113261,0.8551563571536103,0.9956899100543087,0.6180506771356692,instance,complexity_N1_top25
1,0.10833333333333339,0.0,0.5634920634920635,0.4166666666666667,0.4550784566352096,0.0,0.46629550379428975,0.997155858930603,1.0,0.6669985103489158,0.8431454401957685,0.9907932654085644,-0.12945017553935062,instance,complexity_N1_top25
1,0.3684873949579832,0.6,0.6728395061728395,0.4583333333333333,0.4599191368509257,0.25,0.490944246939806,0.9994311717861206,1.0,0.6668158735926208,0.8546527199025244,0.9701450438422251,0.17308229581218132,instance,complexity_N1_top25
1,0.6709677419354838,0.4,0.6728395061728395,0.4166666666666667,0.45830569859080283,0.5,0.48470487097048254,0.9994311717861206,1.0,0.6668996194014766,0.8494026284598957,0.9759732481826344,0.4719392897408904,instance,complexity_N1_top25
1,0.475,0.8,0.26053639846743293,0.4583333333333333,0.4345612731439834,0.3333333333333333,0.5024280921860744,1.0,1.0,0.6668869109785225,0.8501303103370266,0.9927957179236594,0.2927392497441988,instance,complexity_N1_top25
1,0.2142857142857143,0.8,0.19999999999999996,0.375,0.4488161927918545,0.5,0.5287788653659009,1.0,1.0,0.6667101363776295,0.8546609112018955,0.9924751846954043,-0.15415390697358242,instance,complexity_N1_top25
1,0.375,0.2,0.26053639846743293,0.4583333333333333,0.4390421044939371,0.3333333333333333,0.46038674284099823,0.9994311717861206,1.0,0.666890494237073,0.8610309479720418,0.9994103221342328,0.2438186525154899,instance,complexity_N1_top25
1,0.6043010752688172,0.6,0.6728395061728395,0.4583333333333333,0.4611412217593004,1.0,0.5234167392965565,1.0,1.0,0.6667700736840375,0.8354204112670942,0.9891282774933863,0.0644939746301791,instance,complexity_N1_top25
1,0.29141566265060237,0.0,0.09722222222222221,0.4583333333333333,0.4367787899508889,0.3333333333333333,0.3822275565324824,0.9926052332195677,1.0,0.6668145501992914,0.8663634952870435,0.9951989993226769,1.1981149471280275,instance,complexity_N1_top25
0,0.7278645833333334,0.8,0.7555555555555555,0.3333333333333333,0.573912569046845,0.5,0.4568463631874804,0.9991935483870967,1.0,0.666810049361071,0.8405641678073066,0.9951620023240535,-0.7143562346618676,instance,complexity_N1_top25
1,0.6043010752688172,0.4,0.09722222222222221,0.4583333333333333,0.4437585762318911,1.0,0.530120348299941,1.0,1.0,0.6668231668212171,0.8428256407082803,0.9944985301223573,0.5459892024758474,instance,complexity_N1_top25
0,0.4017857142857143,0.6,0.697986577181208,0.4166666666666667,0.6019368598223033,1.0,0.5117798355676898,1.0,1.0,0.6668354824233931,0.8366564467212437,0.9871484578138915,-0.6695573673500239,instance,complexity_N1_top25
1,0.18435754189944142,0.0,0.5024875621890548,0.4166666666666667,0.42566582860050073,0.0,0.43191977316776176,0.997155858930603,1.0,0.6668436776830412,0.8452719347664184,0.988116170356357,-0.36101033934683124,instance,complexity_N1_top25
1,0.1333333333333333,0.4,0.5024875621890548,0.4166666666666667,0.22055779979568213,0.0,0.4957600406905336,0.9994311717861206,1.0,0.6669525870183425,0.8530518323250854,0.9968963131313833,0.7125457822884669,instance,complexity_N1_top25
1,0.2840401785714286,1.0,0.26053639846743293,0.375,0.4515519946349583,1.0,0.523641519933215,1.0,1.0,0.6669155656358013,0.8453870248041295,0.9966305637567696,-0.29728268071793706,instance,complexity_N1_top25
1,0.3926908752327747,0.2,0.5024875621890548,0.4166666666666667,0.4149703245342765,0.0,0.47078272740446236,0.9982935153583617,1.0,0.6668660510900805,0.8487068346704513,0.9887680788390373,-0.22500976229323633,instance,complexity_N1_top25
1,0.09302325581395343,0.2,0.26053639846743293,0.4583333333333333,0.22356145020618257,0.5,0.4826057645595988,0.9994311717861206,1.0,0.6668326670481703,0.8334591012676917,0.9993272162400751,1.9155126618252232,instance,complexity_N1_top25
1,0.09302325581395343,0.2,0.09722222222222221,0.5416666666666666,0.41537422458198464,0.0,0.48188629984683407,0.9982935153583617,1.0,0.6669407433845337,0.8674862158720751,0.998304848946195,0.7245225396063506,instance,complexity_N1_top25
0,0.7278645833333334,0.6,0.9215686274509804,0.20833333333333334,0.5568894246021486,1.0,0.5648154568267899,1.0,1.0,0.6667845703322055,0.8255681363063607,0.9896050749727722,-0.16341642137091494,instance,complexity_N1_top25
1,0.239913097454997,0.4,0.17000000000000004,0.5,0.3958013804081374,0.2,0.4793692144238856,0.9994311717861206,1.0,0.6669954541330264,0.8605204830978687,0.9890375904958162,0.6366549297031544,instance,complexity_N1_top25
1,0.09583333333333333,0.0,0.09722222222222221,0.4583333333333333,0.32172922017080374,0.0,0.45929104868677983,0.997155858930603,1.0,0.6667621438549572,0.8439770607653052,0.9847053171940673,1.63488487980998,instance,complexity_N1_top25
1,0.2557861133280128,0.4,0.26053639846743293,0.375,0.43957884091431704,0.42857142857142855,0.4994015030822402,0.9994311717861206,1.0,0.6669057058761849,0.8794373253218766,0.9959562587456747,0.7712409589524362,instance,complexity_N1_top25
1,0.20666666666666667,0.6,0.09722222222222221,0.2916666666666667,0.33000721811206235,0.0,0.4972478426037312,0.9994311717861206,1.0,0.6669038446878075,0.8160091188071188,0.9773874195490388,2.0854496119721486,instance,complexity_N1_top25
1,0.12745098039215685,0.4,0.07843137254901966,0.4166666666666667,0.3572859731859328,0.5,0.4826287137095371,0.9994311717861206,1.0,0.66691386826955,0.8527460356170241,0.9975479850549573,0.9367922528582345,instance,complexity_N1_top25
1,0.23611111111111116,0.6,0.6728395061728395,0.4583333333333333,0.44990414001687096,1.0,0.5156340243753017,1.0,1.0,0.6668959700284793,0.8679918080095166,0.9874798669811659,-0.5922731751154702,instance,complexity_N1_top25
1,0.33333333333333326,0.0,0.17000000000000004,0.5,0.3903492043843404,0.5,0.4215642842192856,0.9943117178612059,1.0,0.667018534244631,0.873288164283931,0.9994810457917144,0.311509904103396,instance,complexity_N1_top25
1,0.5970588235294118,1.0,0.7060133630289532,0.5416666666666666,0.46135408069094375,1.0,0.6112725467415241,1.0,1.0,0.6668514531392518,0.8556930540972323,0.999686778716924,-0.7887501757620119,instance,complexity_N1_top25
1,0.27213541666666674,0.6,0.09722222222222221,0.4583333333333333,0.44973869085564644,0.5,0.5187824738265163,1.0,1.0,0.6668408095767715,0.857910791659959,0.9987838713729174,0.9348132655303741,instance,complexity_N1_top25
0,0.3264525993883791,0.0,0.27142857142857146,0.7083333333333334,0.5430636556583001,0.0,0.4682254159342958,0.9959677419354839,1.0,0.6669565243819163,0.8448777968597879,0.9983010560894455,0.4178762004476092,instance,complexity_N1_top25
1,0.0,0.0,0.24444444444444446,0.5416666666666666,0.17909914870055738,0.0,0.4739742003461721,0.997155858930603,1.0,0.6668337623136715,0.7959376869511869,0.9593030425681675,2.9950207251841845,instance,complexity_N1_top25
0,0.48703703703703705,0.8,0.7555555555555555,0.4166666666666667,0.6152607799940526,1.0,0.5658857037366543,1.0,1.0,0.6669963567067878,0.8540039787442424,0.9907073990271227,-0.5964353933854376,instance,complexity_N1_top25
1,0.5018867924528302,0.2,0.24444444444444446,0.375,0.41653659073065874,0.0,0.48263237580645757,0.9977246871444824,1.0,0.6667042266622296,0.8382084958975543,0.9863958091470596,0.4252339029953898,instance,complexity_N1_top25
1,0.18333333333333335,0.4,0.7060133630289532,0.625,0.46169401066056903,0.5,0.5072490044614666,1.0,1.0,0.6668567390606444,0.8387711932083189,0.991485631730534,0.08886033731245424,instance,complexity_N1_top25
1,0.2237723214285714,0.4,0.30201342281879195,0.5,0.43202529121686506,0.5,0.5124120763343902,1.0,1.0,0.6668368893760463,0.854165439373765,0.9971058504059279,0.9707093351302681,instance,complexity_N1_top25
1,0.18333333333333335,0.2,0.19999999999999996,0.3333333333333333,0.4594081753482464,0.0,0.4599697234352401,0.9982935153583617,1.0,0.6667352290518922,0.8183125264302867,0.9935572740417556,0.650446453644936,instance,complexity_N1_top25
1,0.11940298507462688,0.2,0.26053639846743293,0.6666666666666666,0.42853072751372356,0.0,0.479661334543933,0.9982935153583617,1.0,0.666864602254255,0.8708588132713118,0.9826532028001018,0.8066423991176138,instance,complexity_N1_top25
1,0.07692307692307687,0.0,0.24444444444444446,0.5,0.32334631087165694,0.0,0.41098951970404785,0.9744027303754266,1.0,0.6669578194634325,0.862045759627109,0.9946660290011743,1.2589762684082604,instance,complexity_N1_top25
0,0.11224489795918369,0.4,0.7727272727272727,0.2916666666666667,0.5485680648603876,0.0,0.4848017300943478,0.9991935483870967,1.0,0.6668024500384125,0.8519640558901382,0.9913322388893032,-0.08068388664079144,instance,complexity_N1_top25
1,0.09583333333333333,0.0,0.07843137254901966,0.4166666666666667,0.34019100583064116,0.0,0.4599062388011331,0.9965870307167235,1.0,0.6668809027016076,0.8587352077588042,0.9986213565685894,1.8772462500726264,instance,complexity_N1_top25
1,0.14128787878787885,0.0,0.09722222222222221,0.4583333333333333,0.3961607761157857,0.0,0.4541444938007376,0.9943117178612059,1.0,0.6668508870687917,0.8549251547356228,0.9982875264350257,1.896309887908465,instance,complexity_N1_top25
1,0.27976190476190477,0.2,0.26053639846743293,0.625,0.41898367368807266,0.3333333333333333,0.5050728341615134,1.0,1.0,0.6668523969083363,0.8814906873560702,0.998774557355818,1.0357402164815663,instance,complexity_N1_top25
1,0.24806201550387597,0.2,0.24444444444444446,0.5416666666666666,0.3053499098128488,1.0,0.5330479455076134,1.0,1.0,0.6667401285093855,0.8094438605277626,0.9495868686400618,1.2809185181407134,instance,complexity_N1_top25
1,0.2843575418994413,0.0,0.5024875621890548,0.4166666666666667,0.4287469862856982,0.5,0.4754991320936416,0.9965870307167235,1.0,0.6668681444153852,0.8737575529220857,0.9972233907560497,0.08781741005634866,instance,complexity_N1_top25
1,0.33333333333333326,0.2,0.30201342281879195,0.375,0.38162882981659135,0.5,0.5203448366124739,1.0,1.0,0.6669826312478035,0.8354501953405142,0.9841762783496896,0.7209431943961008,instance,complexity_N1_top25
1,0.1813953488372093,0.0,0.07843137254901966,0.4166666666666667,0.3124222526204159,0.0,0.430360018927037,0.9954493742889647,1.0,0.6668698107434354,0.8493257755749752,0.9901491770141351,1.7031767452406608,instance,complexity_N1_top25
1,0.15234375,0.0,0.19999999999999996,0.375,0.44794635290835716,0.0,0.4588137219634023,0.9965870307167235,1.0,0.6670040551174498,0.8139850479686105,0.9981800376278293,0.5667257058195377,instance,complexity_N1_top25
1,0.48723404255319147,0.6,0.3137254901960784,0.3333333333333333,0.4311690619384648,1.0,0.5057480500966895,1.0,1.0,0.6669005283201858,0.8457210429524108,0.984477483419526,1.3651459975063314,instance,complexity_N1_top25
1,0.17213541666666665,0.2,0.24444444444444446,0.5,0.4505435428791896,0.0,0.47668401825892603,0.9988623435722411,1.0,0.6668076257988244,0.8594474715029254,0.9997158911671868,0.15251162345239067,instance,complexity_N1_top25
1,0.39834515366430256,0.0,0.3137254901960784,0.3333333333333333,0.43909860529754086,0.0,0.4493357526224897,0.9943117178612059,1.0,0.6669607776356076,0.8505185586683119,0.9879664547579348,-0.664450098241252,instance,complexity_N1_top25
1,0.2843575418994413,0.2,0.7060133630289532,0.3333333333333333,0.458250437256144,0.0,0.4889159177871327,0.9977246871444824,1.0,0.6667920050321965,0.8328646723265167,0.9949644181736746,-0.580579703034919,instance,complexity_N1_top25
1,0.3796164772727273,0.8,0.3137254901960784,0.2916666666666667,0.4602229568820161,1.0,0.5256115311461649,1.0,1.0,0.6668853691606219,0.8447542901918965,0.9935426157124388,0.4314770286336681,instance,complexity_N1_top25
1,0.34932659932659926,0.2,0.09722222222222221,0.4583333333333333,0.3692300977539138,0.0,0.4956397257056061,0.9982935153583617,1.0,0.6668523777981898,0.8464320706195204,0.9921367130218082,1.1765607959049709,instance,complexity_N1_top25
1,0.3709677419354839,0.6,0.6728395061728395,0.5416666666666666,0.46212812318148827,0.0,0.49291418754305727,0.9994311717861206,1.0,0.6669203640601767,0.8292343189377921,0.9894151629893434,0.09764240281394754,instance,complexity_N1_top25
1,0.4272486772486772,0.6,0.5154639175257731,0.3333333333333333,0.2753525428221778,1.0,0.5102356143273208,1.0,1.0,0.6668445169629954,0.8614284796718397,0.9955279558405548,0.9757220324990666,instance,complexity_N1_top25
1,0.3205128205128205,0.4,0.09722222222222221,0.2916666666666667,0.32219058227326525,0.5,0.5049007454754622,1.0,1.0,0.6667428561585323,0.8549170725175766,0.9845233211065334,1.645687385736198,instance,complexity_N1_top25
1,0.3272146847565842,0.6,0.26053639846743293,0.625,0.43909575251422794,0.5,0.49733277401559317,0.9994311717861206,1.0,0.6668503752575164,0.8529910030328345,0.9878604008268383,0.5243782238273363,instance,complexity_N1_top25
1,0.31901041666666674,0.8,0.09722222222222221,0.4583333333333333,0.44869169927578456,1.0,0.5477104049953225,1.0,1.0,0.6668731662610525,0.8558728095322136,0.9771429422545794,0.17033709596785154,instance,complexity_N1_top25
1,0.09583333333333333,0.0,0.07843137254901966,0.4166666666666667,0.25383892055016266,0.0,0.40749418487096023,0.9920364050056882,1.0,0.6668837761965719,0.8376252972526466,0.9996504305057493,1.6703086532204245,instance,complexity_N1_top25
1,0.5654761904761905,0.2,0.09722222222222221,0.2916666666666667,0.39963480577415933,0.0,0.4866207144948479,0.9977246871444824,1.0,0.6667866845501571,0.8581816567515537,0.9894200728112011,1.1813530120027114,instance,complexity_N1_top25
1,0.2776515151515151,0.2,0.09722222222222221,0.4583333333333333,0.3915901302372986,0.0,0.46845455095725297,0.9977246871444824,1.0,0.6667849162041197,0.855529175437114,0.9921626369668273,1.7605867712850964,instance,complexity_N1_top25
0,0.8725490196078431,1.0,0.83,0.5416666666666666,0.6761839499922768,1.0,0.5729415360973704,1.0,1.0,0.6669759739698903,0.840281652983553,0.9895932899117289,-1.1045634151723718,instance,complexity_N1_top25
1,0.10546875,0.0,0.26053639846743293,0.75,0.3931719015802871,0.0,0.42911296061256465,0.9965870307167235,1.0,0.6667542621328868,0.844679330575181,0.9950744198142776,1.064499410233653,instance,complexity_N1_top25
1,0.5163398692810457,0.6,0.5154639175257731,0.4166666666666667,0.4252012893569199,0.5,0.5170690985631377,1.0,1.0,0.6668993131621199,0.8604988032705356,0.996301136763761,-0.10275320822924945,instance,complexity_N1_top25
1,0.10546875,0.2,0.7060133630289532,0.5833333333333334,0.4266738152578503,0.5,0.5372647900792729,1.0,1.0,0.6668682557984511,0.8617466938490681,0.9905204038989267,-0.10148456581671951,instance,complexity_N1_top25
1,0.4700718276137271,0.8,0.24444444444444446,0.5,0.42706153540561076,0.5,0.5123674481327753,1.0,1.0,0.6668979748664969,0.837551335826219,0.9793294806636276,0.5840973168786205,instance,complexity_N1_top25
1,0.35080645161290325,0.2,0.19999999999999996,0.3333333333333333,0.45481570693633694,0.5,0.5338900309283635,1.0,1.0,0.6669153592173813,0.8611999730175189,0.9966282856923672,0.01669916450528081,instance,complexity_N1_top25
1,0.3877551020408163,0.4,0.7060133630289532,0.5833333333333334,0.4574160651774858,0.0,0.48243409280371763,0.9988623435722411,0.96,0.6400213487366558,0.8284185689997128,0.9641110204762511,0.5435020860320888,instance,complexity_N1_top25
0,0.7619047619047619,0.6,0.6862745098039216,0.3333333333333333,0.5417078607977751,0.0,0.4871530288042849,0.9983870967741936,1.0,0.6669552436683954,0.8198877100547819,0.9825158286000337,0.4435103621074076,instance,complexity_N1_top25
1,0.044117647058823595,0.0,0.17000000000000004,0.5,0.2764110851859346,0.0,0.3954912444816876,0.997155858930603,0.96,0.6651959078053572,0.8149671158500793,0.9913015427886834,1.3909471931767257,instance,complexity_N1_top25
1,0.20639534883720922,0.6,0.30201342281879195,0.4166666666666667,0.3712027977838077,0.0,0.49382778059690335,0.9994311717861206,1.0,0.6667673580545644,0.8344666408743704,0.9807658770384837,0.7989996073351402,instance,complexity_N1_top25
1,0.2840401785714286,0.4,0.09722222222222221,0.4583333333333333,0.4555686939167375,0.6,0.4904704122368666,0.9994311717861206,1.0,0.6666696018185885,0.8652696580890074,0.9988086204948762,0.11458913688524279,instance,complexity_N1_top25
1,0.5018867924528302,0.4,0.09722222222222221,0.4583333333333333,0.4364722728127738,0.0,0.49166218267572714,0.9994311717861206,1.0,0.6667346958069266,0.8496828960578781,0.9983169422101619,0.3957360717917833,instance,complexity_N1_top25
0,0.7278645833333334,0.8,0.7555555555555555,0.375,0.5783457278991045,1.0,0.518201489495179,1.0,1.0,0.6668015861852576,0.8577477741086632,0.992961604546701,-0.47303206417406335,instance,complexity_N1_top25
1,0.0,0.4,0.24444444444444446,0.375,0.2699258924459439,1.0,0.5014969234883683,1.0,1.0,0.6670797938989186,0.8188225789335773,0.9992441407122586,1.0188888747171265,instance,complexity_N1_top25
1,0.08139534883720922,0.4,0.24444444444444446,0.4583333333333333,0.31405556001323776,0.0,0.4979330565481874,0.9994311717861206,1.0,0.6668786261916012,0.8247156774462693,0.9654253638457888,1.1746330945664631,instance,complexity_N1_top25
1,0.11940298507462688,0.0,0.5154639175257731,0.4166666666666667,0.23000332135413937,0.0,0.4318324505549437,0.9960182025028441,1.0,0.6669301548141573,0.8456646019124885,0.9900348034053885,1.1368546421312729,instance,complexity_N1_top25
1,0.20234375000000004,0.4,0.19999999999999996,0.3333333333333333,0.4569252423593322,0.0,0.44226951301579454,0.9982935153583617,1.0,0.6668104175642038,0.8472520930403724,0.9997887975168134,0.8212203214794216,instance,complexity_N1_top25
1,0.3959677419354839,1.0,0.7060133630289532,0.4583333333333333,0.46341563427247,1.0,0.5442000269909208,1.0,1.0,0.666811334204429,0.842885041181725,0.9823941850905051,-0.054674279586685255,instance,complexity_N1_top25
1,0.15384615384615385,0.2,0.09722222222222221,0.4583333333333333,0.2954790176658474,0.0,0.4948106273675613,0.9994311717861206,1.0,0.6667326922392984,0.837924657814627,0.9942925134170506,2.257516405657858,instance,complexity_N1_top25
1,0.38207885304659495,0.2,0.19999999999999996,0.3333333333333333,0.3465495168818661,0.0,0.4926217514328517,0.9982935153583617,1.0,0.6669636450485116,0.834397148811244,0.9912813898260785,0.06049934649047801,instance,complexity_N1_top25
1,0.1958333333333333,0.2,0.24444444444444446,0.5833333333333334,0.36559049058084014,0.0,0.4527816455100204,0.9988623435722411,1.0,0.6667631266432666,0.8316178472988084,0.9611333764020986,1.5677345314697602,instance,complexity_N1_top25
0,0.4529411764705882,0.2,0.3271604938271605,0.4166666666666667,0.5392685101810012,0.0,0.4863448499477576,0.9983870967741936,1.0,0.6668764959787825,0.8187386487998423,0.9858972133773836,0.20666152484455516,instance,complexity_N1_top25
1,0.10546875,0.0,0.24444444444444446,0.4583333333333333,0.25640557461123603,0.0,0.4564888030831392,0.9926052332195677,0.96,0.6054583752809195,0.8276563625430994,0.9839059372251695,0.5904759022478363,instance,complexity_N1_top25
1,0.5146299483648882,0.2,0.19999999999999996,0.2916666666666667,0.4451730927171019,0.0,0.47819649444539825,0.9988623435722411,1.0,0.6670301757378968,0.8212498455638426,0.9790172285447659,0.803237849043544,instance,complexity_N1_top25
1,0.2483258928571428,0.2,0.07843137254901966,0.4166666666666667,0.4435733650023941,0.0,0.47020885492199505,0.9982935153583617,1.0,0.6668873772876039,0.8437913642690807,0.992021291483168,-0.025912241077726668,instance,complexity_N1_top25
1,0.16796875,0.2,0.5024875621890548,0.4166666666666667,0.4402818451758757,0.0,0.4295766080186043,0.9982935153583617,1.0,0.6669291217825477,0.8501183945991133,0.983060112627704,-0.1151324843337514,instance,complexity_N1_top25
1,0.291025641025641,0.2,0.5154639175257731,0.4166666666666667,0.30853425399677104,0.0,0.4817339806284632,0.9988623435722411,1.0,0.6668246322652297,0.8208534827384684,0.9683084961134105,1.5002030534633592,instance,complexity_N1_top25
1,0.2483258928571428,0.0,0.30201342281879195,0.4166666666666667,0.4081969231494459,0.0,0.47463580519313886,0.997155858930603,1.0,0.6668556836654104,0.8600573129365725,0.9994116674606941,0.25092676650400714,instance,complexity_N1_top25
1,0.462962962962963,0.4,0.24444444444444446,0.5,0.42419788708597306,0.0,0.4757689689725073,0.9988623435722411,1.0,0.6669807091276465,0.8601431767071734,0.988666930933521,1.1510719893396866,instance,complexity_N1_top25
1,0.33333333333333326,0.2,0.5634920634920635,0.4583333333333333,0.39847635991303265,0.25,0.5077821548375623,1.0,1.0,0.6669309697093148,0.8632962975319407,0.9969905848553116,0.42761238431503956,instance,complexity_N1_top25
1,0.2557861133280128,0.4,0.24444444444444446,0.5416666666666666,0.4111744207356951,0.0,0.429613475117708,0.9982935153583617,1.0,0.6668750195535079,0.8532468281771596,0.9953992002859017,1.1085014761459444,instance,complexity_N1_top25
1,0.09999999999999998,0.2,0.19999999999999996,0.3333333333333333,0.4537065250082367,1.0,0.5035221778349124,1.0,1.0,0.6669138136763442,0.823473722653549,0.9861560709172037,0.3623204247097039,instance,complexity_N1_top25
1,0.31901041666666674,0.4,0.30201342281879195,0.5,0.44020932527622325,0.0,0.4851467143285728,0.9994311717861206,1.0,0.6669483097295076,0.8550090340964485,0.9876752374199905,-0.09814062152363413,instance,complexity_N1_top25
1,0.2701923076923076,0.4,0.09722222222222221,0.4583333333333333,0.3026093332592149,0.0,0.48538722635830245,0.9994311717861206,1.0,0.666874105086774,0.8219896547343989,0.9854699179500369,1.247108160632011,instance,complexity_N1_top25
1,0.18435754189944142,0.2,0.575,0.25,0.4164305252608441,0.0,0.4520443736992994,0.9982935153583617,1.0,0.6668551086784699,0.8218575121818358,0.9836583019788663,-0.017269287620234025,instance,complexity_N1_top25
1,0.044117647058823595,0.2,0.17000000000000004,0.4583333333333333,0.34201696946940174,0.0,0.44676930882966337,0.9982935153583617,1.0,0.6669146852088755,0.8410725647828042,0.9985731577369797,0.8615978808656373,instance,complexity_N1_top25
1,0.29761904761904767,0.4,0.24444444444444446,0.4166666666666667,0.4336789122123089,0.3333333333333333,0.5301948195747421,1.0,1.0,0.6669858746195579,0.8597542945153512,0.9855201897834852,1.0264259879120485,instance,complexity_N1_top25
1,0.6859477124183007,0.2,0.7060133630289532,0.5416666666666666,0.4562458926479914,0.0,0.4894793889462936,0.9988623435722411,1.0,0.6669280250796467,0.8440513598536349,0.9956257412225904,-0.4578378879449299,instance,complexity_N1_top25
1,0.34932659932659926,0.6,0.5154639175257731,0.4166666666666667,0.4561797145402837,0.5,0.5199179369610383,1.0,1.0,0.6667570066263323,0.8679254186047314,0.9932645198489273,-0.08060679970675769,instance,complexity_N1_top25
1,0.512962962962963,0.8,0.19999999999999996,0.3333333333333333,0.46143950685100943,1.0,0.5276509243638523,1.0,1.0,0.6669049046810768,0.8505730342207763,0.999019298273809,-0.3073904354194326,instance,complexity_N1_top25
1,0.3446514423076923,0.4,0.5634920634920635,0.4583333333333333,0.42443289140397444,0.0,0.4876941799052017,0.9988623435722411,1.0,0.6669598092401453,0.8568121428269657,0.9994569746296689,0.2734007981984553,instance,complexity_N1_top25
1,0.07446808510638303,0.0,0.09722222222222221,0.4583333333333333,0.33422735911345536,0.0,0.47007885310890063,0.9960182025028441,1.0,0.6668136964940105,0.8190352408037903,0.986453525785514,1.7917783910374516,instance,complexity_N1_top25
1,0.23809523809523814,0.8,0.3137254901960784,0.3333333333333333,0.46384585664142874,0.0,0.47963174053694757,0.9994311717861206,1.0,0.6668115222329326,0.8241630884974093,0.9963509823953944,-0.24279587880104173,instance,complexity_N1_top25
1,0.09302325581395343,0.2,0.24444444444444446,0.4583333333333333,0.3014658594078202,0.0,0.46715194486335776,0.9994311717861206,1.0,0.666990706477349,0.8476494381294418,0.9783953912398587,0.7888385415726594,instance,complexity_N1_top25
0,0.7980769230769231,1.0,0.9027777777777778,0.25,0.7917781348116335,1.0,0.6437529401866098,1.0,1.0,0.6668342345043929,0.8380656419746455,0.9801630261431324,-2.9083952191038547,instance,complexity_N1_top25
1,0.23611111111111116,0.0,0.09722222222222221,0.4583333333333333,0.33969802012618233,0.0,0.4671385148580144,0.997155858930603,1.0,0.666785968332487,0.8633751410841749,0.9951750541474288,1.6918262748321349,instance,complexity_N1_top25
1,0.15092329545454541,0.0,0.09722222222222221,0.4583333333333333,0.35266629647857484,0.0,0.4562412448811628,0.9965870307167235,1.0,0.6667642849437123,0.8328686776727416,0.9870053725122804,1.4101775986408087,instance,complexity_N1_top25
1,0.1066176470588236,0.4,0.24444444444444446,0.4583333333333333,0.22016905390793806,0.0,0.48478232389584175,0.9994311717861206,0.96,0.6573355456438424,0.8180037113252936,0.9887876169376894,1.8581029844877794,instance,complexity_N1_top25
1,0.24583333333333335,0.0,0.5154639175257731,0.4166666666666667,0.4207160583497639,0.0,0.4452350219518437,0.9965870307167235,1.0,0.6669081005191847,0.8644635187249154,0.9921387989749781,1.2088437797429477,instance,complexity_N1_top25
1,0.2142857142857143,0.0,0.24444444444444446,0.5,0.34741401730982635,0.0,0.4566194687418259,0.9943117178612059,1.0,0.6669473980144166,0.8611676477408804,0.9986506623183999,0.5180964339266405,instance,complexity_N1_top25
1,0.42991452991452994,0.4,0.09722222222222221,0.25,0.41955271813292505,0.0,0.49197548099180255,0.9988623435722411,1.0,0.6669062057929711,0.8384339206523082,0.9930406603908033,1.234612126062407,instance,complexity_N1_top25
1,0.5441176470588236,0.0,0.07843137254901966,0.4166666666666667,0.4265139786183546,0.25,0.42966571315444446,0.9965870307167235,1.0,0.6668689636100947,0.8608118455404552,0.9972138110675033,0.5141507369225178,instance,complexity_N1_top25
1,0.10546875,0.4,0.09722222222222221,0.5416666666666666,0.40910327238457034,0.0,0.4599693840692989,0.9994311717861206,1.0,0.6667888970555167,0.8582644478836773,0.9999950837861071,1.2976585585734086,instance,complexity_N1_top25
1,0.291025641025641,0.0,0.5154639175257731,0.4166666666666667,0.3072379312198844,0.0,0.4660552570469342,0.9960182025028441,1.0,0.666750840251485,0.850864774532759,0.9954639310656256,1.4533171199270032,instance,complexity_N1_top25
1,0.3446969696969697,0.0,0.09722222222222221,0.2916666666666667,0.4286900132886262,0.0,0.4468503807220081,0.9931740614334471,1.0,0.666790337241102,0.8457469988725941,0.9968790981355493,0.8136401664868195,instance,complexity_N1_top25
1,0.1369509043927648,0.0,0.24444444444444446,0.4583333333333333,0.35830828887327176,0.0,0.45702683764238416,0.9903299203640501,1.0,0.6669685859393424,0.8525902665099163,0.9968142842205973,0.751473196392196,instance,complexity_N1_top25
1,0.4235474006116208,0.6,0.19999999999999996,0.3333333333333333,0.45015624577111624,0.0,0.49986089911506526,0.9994311717861206,1.0,0.666701715647305,0.8370457776618444,0.9900660102499194,0.5185987565232685,instance,complexity_N1_top25
1,0.1813953488372093,0.4,0.17000000000000004,0.5,0.3123880952793723,0.0,0.463767313153581,0.9982935153583617,1.0,0.6669567838307743,0.8509623707549434,0.9982775142329866,1.3815952912037086,instance,complexity_N1_top25
1,0.09302325581395343,0.4,0.575,0.2916666666666667,0.257680258483874,0.0,0.493331762529136,0.9994311717861206,1.0,0.667045320223132,0.8569323302463141,0.9961022338719675,0.30201324022714504,instance,complexity_N1_top25
1,0.5462962962962963,0.4,0.3137254901960784,0.25,0.44835872599152393,1.0,0.5380702662690977,1.0,1.0,0.6669433224579322,0.8395729337230128,0.9856903399482876,-0.19082176589989328,instance,complexity_N1_top25
1,0.6372340425531915,1.0,0.6728395061728395,0.4583333333333333,0.4635236063193823,0.75,0.5265555954418208,1.0,1.0,0.6668969288092245,0.8480199219270819,0.9875835607158624,-0.02742279400228232,instance,complexity_N1_top25
1,0.5,0.6,0.09722222222222221,0.4583333333333333,0.36970651789701947,1.0,0.5311622167629311,1.0,1.0,0.6668739914718342,0.845674298056424,0.9941462117484756,0.5931596015641369,instance,complexity_N1_top25
1,0.20273631840796025,0.0,0.24444444444444446,0.375,0.4101691109250306,0.0,0.45847035024955896,0.9954493742889647,1.0,0.6669077631284991,0.8550603956894577,0.9901459114128687,1.426415575836644,instance,complexity_N1_top25
1,0.21296296296296302,0.4,0.26053639846743293,0.5,0.44931896449841524,0.5,0.4909850123269629,0.9988623435722411,1.0,0.6668233083033752,0.8743484647553079,0.9994164366501999,0.028197391450621733,instance,complexity_N1_top25
1,0.044117647058823595,0.0,0.7285714285714286,0.4166666666666667,0.2482531496120176,0.0,0.464983995687812,0.997155858930603,1.0,0.6669429243323127,0.8115794573196297,0.9916978322181775,1.7902072809784548,instance,complexity_N1_top25
1,0.2333333333333334,0.2,0.30201342281879195,0.4166666666666667,0.42923602016414464,0.0,0.47535542211675097,0.9988623435722411,1.0,0.6670962792805423,0.8471387324529212,0.9923042616020301,0.43871641767966835,instance,complexity_N1_top25
1,0.08139534883720922,0.2,0.24444444444444446,0.5416666666666666,0.2647317766272522,0.0,0.4655871415809497,0.9994311717861206,1.0,0.6669371148782184,0.8289040208372512,0.9926275228752698,1.0405384222955407,instance,complexity_N1_top25
1,0.3661757237176232,0.8,0.24444444444444446,0.5416666666666666,0.41693747750202226,0.5,0.5101958694310438,1.0,1.0,0.6668321520281536,0.8617265217184046,0.994600885671031,1.0126291661741347,instance,complexity_N1_top25
1,0.09583333333333333,0.0,0.07843137254901966,0.4166666666666667,0.2800415434227578,0.0,0.42585207077454845,0.9943117178612059,1.0,0.6667487628080689,0.8350487942855713,0.9989070194848526,1.3546461820513358,instance,complexity_N1_top25
1,0.275,0.2,0.19999999999999996,0.4583333333333333,0.44932657924078534,0.0,0.48081031566416876,0.9988623435722411,1.0,0.6669012268937687,0.8557181899704058,0.984535286842018,0.6705015953130293,instance,complexity_N1_top25
1,0.16445182724252494,0.6,0.5024875621890548,0.9166666666666666,0.417196469276099,1.0,0.5056400435797155,1.0,1.0,0.6668651012185224,0.8888993311837285,0.9990727758608414,0.15288409460171615,instance,complexity_N1_top25
1,0.10833333333333339,0.0,0.24444444444444446,0.4583333333333333,0.38712997651238223,0.0,0.4810874106958154,0.997155858930603,1.0,0.6668619795718641,0.8630144394314537,0.9871036838720827,0.7318072048124543,instance,complexity_N1_top25
1,0.14583333333333326,0.0,0.24444444444444446,0.4583333333333333,0.3134464768514639,0.0,0.40717039095495333,0.9880546075085325,1.0,0.6669719350622163,0.8337380316075047,0.9741922190538056,1.4990551877495526,instance,complexity_N1_top25
0,0.11224489795918369,0.6,0.27142857142857146,0.5416666666666666,0.5733592057244785,1.0,0.5501623231002134,1.0,1.0,0.666901424912133,0.8465124197436859,0.9994867487835809,-0.45115610554838176,instance,complexity_N1_top25
1,0.44166666666666665,0.4,0.09722222222222221,0.4583333333333333,0.39436080812171836,1.0,0.5270948927451125,1.0,1.0,0.6667724120207795,0.8263298893722865,0.9897930708882074,1.3283495995830907,instance,complexity_N1_top25
1,0.35080645161290325,0.4,0.30201342281879195,0.4166666666666667,0.450650188632284,0.0,0.4419207941832426,0.9988623435722411,1.0,0.6669244651578758,0.8816478608138226,0.9993761832173533,0.18725746216638264,instance,complexity_N1_top25
1,0.09302325581395343,0.4,0.575,0.25,0.32071464256968224,0.0,0.47447358458057864,0.9994311717861206,1.0,0.6668691386304206,0.8527121727723704,0.9907865122113023,0.6063522993919747,instance,complexity_N1_top25
1,0.11940298507462688,0.2,0.19999999999999996,0.4583333333333333,0.41830597360774957,0.0,0.4811078625746016,0.9982935153583617,1.0,0.6667587676075625,0.8566030591300104,0.9913550249442195,0.6378943197902606,instance,complexity_N1_top25
1,0.17213541666666665,0.4,0.09722222222222221,0.4583333333333333,0.435766546777702,1.0,0.5026304540848736,1.0,1.0,0.6666904045563901,0.8497584942366754,0.9770351665637098,0.8516583318260772,instance,complexity_N1_top25
1,0.5163398692810457,0.4,0.24444444444444446,0.5,0.41886014792447757,0.0,0.473199901448467,0.9994311717861206,1.0,0.6669181951444308,0.8564778284832419,0.9992986345185442,0.8093408949226847,instance,complexity_N1_top25
1,0.14128787878787885,0.0,0.5154639175257731,0.4166666666666667,0.4375933121969104,0.16666666666666666,0.45804794391049797,0.9960182025028441,1.0,0.6668928516104135,0.8783193916623054,0.9965453364517962,0.5494258912052933,instance,complexity_N1_top25
1,0.3661757237176232,0.2,0.24444444444444446,0.5416666666666666,0.33259155490611975,1.0,0.5259005911671482,1.0,1.0,0.6668738120652216,0.8353840256607945,0.9898814417685684,0.7924833665601043,instance,complexity_N1_top25
1,0.2237723214285714,0.2,0.09722222222222221,0.5,0.29979809013507386,0.0,0.4936270406105706,0.9994311717861206,1.0,0.6667549916047034,0.8556271176293417,0.9796902742479309,1.2995103087131146,instance,complexity_N1_top25
1,0.27976190476190477,0.6,0.26053639846743293,0.4583333333333333,0.4135462119420027,1.0,0.5114706749532245,1.0,1.0,0.6668816722694847,0.8581366033868417,0.9819100433729797,0.4317321573715114,instance,complexity_N1_top25
1,0.1369509043927648,0.0,0.24444444444444446,0.4583333333333333,0.3947296489333203,0.0,0.4545990427798845,0.9965870307167235,1.0,0.6669959795635714,0.8594088917378224,0.9997217817424,0.23361448508211288,instance,complexity_N1_top25
1,0.39247311827957,0.6,0.7285714285714286,0.6666666666666666,0.4429486069849057,0.5,0.4996920395067469,0.9994311717861206,1.0,0.6669052629005832,0.8671976148650627,0.995852754898417,-0.13710222063247782,instance,complexity_N1_top25
1,0.3041666666666667,0.2,0.26053639846743293,0.625,0.3867436481645937,0.0,0.4850539123306735,0.9988623435722411,1.0,0.6668393604822546,0.854806407518382,0.9992208155412333,1.6079503745551675,instance,complexity_N1_top25
1,0.6443768996960486,0.8,0.19999999999999996,0.3333333333333333,0.45863074263260734,1.0,0.5160596302460507,1.0,1.0,0.6670074448221109,0.8435358763300715,0.989882637911423,-0.3639724970728273,instance,complexity_N1_top25
1,0.21296296296296302,0.0,0.24444444444444446,0.4583333333333333,0.4179562939012498,0.0,0.4298206968319891,0.9948805460750854,1.0,0.6669756203187284,0.8510074030810767,0.9982410937407005,0.7613132775700987,instance,complexity_N1_top25
1,0.33820369574559517,0.0,0.30201342281879195,0.4166666666666667,0.416578138903402,0.0,0.45469141943908864,0.9954493742889647,1.0,0.6668481553501642,0.8579243722596529,0.9956458147705942,0.4103426585052096,instance,complexity_N1_top25
1,0.14389534883720922,0.2,0.07843137254901966,0.4166666666666667,0.2892062213790235,0.5,0.509574957565109,1.0,1.0,0.6669084380892281,0.8352734169810269,0.9986082504399673,1.140875374137542,instance,complexity_N1_top25
1,0.044117647058823595,0.2,0.17000000000000004,0.5,0.28968296247237024,0.0,0.3970610001946965,0.9988623435722411,0.96,0.6643502585026262,0.8060664319484868,0.9966628178626197,1.232266241675081,instance,complexity_N1_top25
0,0.31276595744680846,0.4,0.39622641509433965,0.4583333333333333,0.5393682425434084,0.0,0.44638438994486185,0.9991935483870967,1.0,0.6668428399320253,0.8466437742586821,0.9911496554541664,-0.35228713791124044,instance,complexity_N1_top25
1,0.20666666666666667,0.4,0.5634920634920635,0.4583333333333333,0.42808170741243845,0.0,0.47794479141821045,0.9988623435722411,1.0,0.6668033656719236,0.8519523393732318,0.9872794654209962,0.6704850204750553,instance,complexity_N1_top25
1,0.412962962962963,0.2,0.30201342281879195,0.4166666666666667,0.4048022920345561,0.0,0.4815382280097005,0.9982935153583617,1.0,0.6668135765923239,0.8438532539860543,0.9979038253407552,0.4433724314486309,instance,complexity_N1_top25
1,0.07692307692307687,0.2,0.09722222222222221,0.4583333333333333,0.1719915622608027,0.0,0.4626903304143829,0.9982935153583617,1.0,0.6668959472647518,0.8525384642011151,0.9985938710853637,1.0800597775025782,instance,complexity_N1_top25
1,0.6303921568627451,0.4,0.26053639846743293,0.4583333333333333,0.4597974029922506,0.0,0.4658001739288301,0.9988623435722411,1.0,0.6668642662879133,0.8476138089935984,0.9832552717676487,-0.08548153593045961,instance,complexity_N1_top25
1,0.11111111111111116,0.2,0.575,0.2916666666666667,0.24676523616888224,0.0,0.415613165337685,0.9982935153583617,1.0,0.6671675874499732,0.8493594253900807,0.987594597424778,0.5296375664040166,instance,complexity_N1_top25
1,0.38207885304659495,0.4,0.19999999999999996,0.3333333333333333,0.45481789917259885,0.0,0.482062119060899,0.9982935153583617,1.0,0.6667419357006467,0.8299476000223953,0.9997064944170434,0.37610871894964854,instance,complexity_N1_top25
1,0.27213541666666674,0.6,0.24444444444444446,0.5416666666666666,0.4280453581000653,0.0,0.46599435755840957,0.9988623435722411,1.0,0.6666835453485729,0.8122335330210203,0.9517701877711907,0.4913937151892469,instance,complexity_N1_top25
1,0.45234375000000004,0.8,0.6333333333333333,0.2916666666666667,0.45230496268123854,1.0,0.5058498419176086,1.0,1.0,0.6668659731632393,0.8354579495625621,0.9736548369640682,0.021850916291109836,instance,complexity_N1_top25
1,0.42991452991452994,0.2,0.09722222222222221,0.2916666666666667,0.3952254154359924,0.0,0.44492112686588536,0.9988623435722411,1.0,0.6667710097577829,0.8385657186659593,0.9879931020506857,1.6640132661271563,instance,complexity_N1_top25
1,0.239913097454997,0.2,0.5024875621890548,0.6666666666666666,0.4249010484930611,0.0,0.45926163960009037,0.9977246871444824,1.0,0.6667495284018239,0.8631327665031671,0.9948000240480149,0.5173610222118535,instance,complexity_N1_top25
1,0.41641566265060237,0.4,0.09722222222222221,0.5416666666666666,0.44245278003215527,0.0,0.4846162191824859,0.9994311717861206,1.0,0.6667875761528577,0.8306210686387704,0.9975967064393125,0.6628933982373582,instance,complexity_N1_top25
1,0.19736842105263164,0.4,0.5634920634920635,0.375,0.34590496999092357,0.25,0.4946987798064162,0.9994311717861206,1.0,0.6668133778610537,0.8564274204811605,0.9855234427062802,0.4772224679185987,instance,complexity_N1_top25
1,0.3705673758865248,0.4,0.19999999999999996,0.3333333333333333,0.4632593076404282,0.3333333333333333,0.45202406080599034,0.9994311717861206,1.0,0.666889933356074,0.8365130378608268,0.970006066111348,-0.651649365316906,instance,complexity_N1_top25
1,0.38207885304659495,0.2,0.19999999999999996,0.3333333333333333,0.4639446801851487,0.0,0.4827117618327088,0.9977246871444824,1.0,0.666990011287604,0.8111971572646921,0.9965685656310368,-0.3077499945204193,instance,complexity_N1_top25
1,0.09583333333333333,0.2,0.24444444444444446,0.4583333333333333,0.29305692233734604,0.3333333333333333,0.4802345596448868,0.9988623435722411,1.0,0.6669576352749158,0.8399157654696465,0.9976989445126307,1.5742374324831985,instance,complexity_N1_top25
1,0.16445182724252494,0.4,0.09722222222222221,0.25,0.31607844524259276,0.0,0.48452337510136567,0.9994311717861206,1.0,0.6667825860525713,0.851111397003859,0.9962990563079304,1.1747018403075407,instance,complexity_N1_top25
1,0.2583333333333333,0.4,0.5024875621890548,0.5416666666666666,0.19953039010497192,0.0,0.49380746166383127,0.9994311717861206,1.0,0.6667211755469362,0.8350619992957617,0.9940765476929649,1.2372376617671432,instance,complexity_N1_top25
1,0.34932659932659926,0.6,0.24444444444444446,0.4583333333333333,0.4459091861859345,0.0,0.450416602280004,0.9988623435722411,1.0,0.6671948227075654,0.8658548980957351,0.9999040033566575,0.46632765291212397,instance,complexity_N1_top25
1,0.17213541666666665,0.2,0.24444444444444446,0.4583333333333333,0.4179180900123486,0.25,0.4038395439830186,0.9977246871444824,1.0,0.666946563829334,0.8607824943644552,0.9781167578420106,0.4149676125757154,instance,complexity_N1_top25
1,0.24113475177304966,0.2,0.26053639846743293,0.4583333333333333,0.40098279002301274,0.0,0.4510272659549067,0.9982935153583617,1.0,0.6668821544922827,0.8444659938869162,0.99209071846011,0.43544525396426403,instance,complexity_N1_top25
1,0.08139534883720922,0.0,0.575,0.4166666666666667,0.2643431268161248,0.0,0.4426634334017584,0.9965870307167235,1.0,0.6669835153981107,0.7950293774026358,0.9327733678410801,0.9349020375902016,instance,complexity_N1_top25
1,0.5970588235294118,0.6,0.7060133630289532,0.625,0.46220212380148296,0.5,0.48229947516067995,0.9994311717861206,1.0,0.6669189926059546,0.8478672082521257,0.995202026805295,-0.7197429888227492,instance,complexity_N1_top25
1,0.274468085106383,0.0,0.07843137254901966,0.4166666666666667,0.22515484934179764,0.0,0.45601324796875475,0.9954493742889647,0.96,0.6425634670264183,0.8479216724871372,0.9965864596882861,1.782917181939849,instance,complexity_N1_top25
1,0.5470588235294118,0.2,0.6728395061728395,0.4583333333333333,0.4631825532009217,0.0,0.4974652413992424,0.9994311717861206,1.0,0.666806968113711,0.8209550679238342,0.998018648508868,-0.34705674384629503,instance,complexity_N1_top25
1,0.10546875,0.0,0.09722222222222221,0.5416666666666666,0.3684317733560466,0.0,0.448966112271036,0.9954493742889647,1.0,0.6669069003570598,0.8438547954371175,0.9910617198326782,0.8010290573985926,instance,complexity_N1_top25
1,0.33820369574559517,0.2,0.26053639846743293,0.375,0.45055936087661685,0.5,0.5177863813953197,1.0,1.0,0.6668449067212543,0.855604522869247,0.9800512511053211,-0.31114964413210483,instance,complexity_N1_top25
1,0.5470588235294118,0.6,0.7060133630289532,0.4583333333333333,0.4601389185741719,0.0,0.48219170546512236,0.9994311717861206,1.0,0.6668170091110887,0.8332690617079025,0.9990219489908452,-0.2107852685449953,instance,complexity_N1_top25
1,0.45666666666666667,0.6,0.09722222222222221,0.4583333333333333,0.4401155167945815,0.0,0.47211704852075864,0.9988623435722411,1.0,0.6667920662230109,0.847409927087266,0.9935809339294062,1.144475728155223,instance,complexity_N1_top25
1,0.1369509043927648,0.2,0.24444444444444446,0.5833333333333334,0.4033631366179886,0.25,0.5121348849127123,1.0,1.0,0.6669865158400142,0.8641846768475139,0.9999448919388442,0.7525465558094835,instance,complexity_N1_top25
1,0.17213541666666665,0.0,0.09722222222222221,0.4583333333333333,0.4039428287005253,0.25,0.43181236108037035,0.9960182025028441,1.0,0.6668672552498586,0.8495770930748097,0.9967290261942288,1.242263676399111,instance,complexity_N1_top25
1,0.33333333333333326,0.6,0.5154639175257731,0.5,0.4553072891469364,0.5,0.5848218607293935,1.0,1.0,0.6668786883379942,0.8632178519155111,0.988915393349407,-0.3851962467299059,instance,complexity_N1_top25
1,0.16102430555555558,0.0,0.24444444444444446,0.4583333333333333,0.43014274680160725,0.0,0.43746011496001214,0.984641638225256,1.0,0.6668480944797192,0.8666305343520626,0.9966682328560399,0.9798170139397838,instance,complexity_N1_top25
1,0.1369509043927648,0.6,0.24444444444444446,0.4583333333333333,0.3941223798317206,0.3333333333333333,0.5358238883366524,1.0,1.0,0.6668462019013823,0.8561008929614231,0.9943126202556068,0.9840083475567603,instance,complexity_N1_top25
1,0.12745098039215685,0.0,0.09722222222222221,0.5416666666666666,0.3367600824109246,0.0,0.4617129665759002,0.9926052332195677,1.0,0.6669420993190367,0.8400652573637553,0.99146293999288,1.2355009259706058,instance,complexity_N1_top25
1,0.475,0.4,0.3137254901960784,0.3333333333333333,0.45704654059347505,0.5,0.5189891532696325,1.0,1.0,0.6669282237816283,0.857262995219201,0.9905365540391611,0.2336430796641967,instance,complexity_N1_top25
1,0.4191176470588236,0.2,0.7060133630289532,0.5,0.45772338255788186,0.0,0.4386562316193042,0.9994311717861206,1.0,0.666912731846286,0.8436803573347289,0.9786396806380117,-0.6052794355881893,instance,complexity_N1_top25
1,0.20273631840796025,0.0,0.26053639846743293,0.75,0.26361311722696523,0.0,0.413908649219487,0.9863481228668942,1.0,0.6668199809459758,0.8470756829075116,0.9927328884174634,2.3295760193545503,instance,complexity_N1_top25
1,0.3125,0.6,0.07843137254901966,0.4166666666666667,0.3110313725812399,0.5,0.5072514015674443,1.0,1.0,0.6667986775306506,0.8188454021356137,0.9956634644625911,1.0126072407671625,instance,complexity_N1_top25
1,0.2483258928571428,0.4,0.07843137254901966,0.4166666666666667,0.45035525428802126,0.4,0.5015679254076029,1.0,1.0,0.6668194222289581,0.864947335452992,0.9914878032673102,0.2477747829586133,instance,complexity_N1_top25
1,0.3796164772727273,0.4,0.7060133630289532,0.5416666666666666,0.4552578711000558,0.4,0.506633322938272,1.0,1.0,0.6669882926010529,0.8715132791897979,0.9876446838944942,0.6149738334352945,instance,complexity_N1_top25
1,0.18435754189944142,0.0,0.30201342281879195,0.4166666666666667,0.3983568168641155,0.0,0.4500521174814117,0.9937428896473265,1.0,0.666933466500846,0.8496821559309322,0.9972479306720575,0.3667992346626827,instance,complexity_N1_top25
1,0.16796875,0.4,0.6728395061728395,0.4583333333333333,0.44762100104219704,0.0,0.46767697769737915,0.9994311717861206,1.0,0.6668983855492057,0.8381854063485327,0.992709762044098,-0.004710135525041452,instance,complexity_N1_top25
0,0.4481132075471699,0.2,0.3271604938271605,0.5,0.5369250097104953,1.0,0.5322024005018235,1.0,1.0,0.6668435176200984,0.8240261360754662,0.9978897170897333,-0.2655325621436454,instance,complexity_N1_top25
1,0.27213541666666674,0.4,0.24444444444444446,0.4583333333333333,0.435006236902722,0.6666666666666666,0.5053203001327449,1.0,1.0,0.6669736886988378,0.8644506239964792,0.9887708295863136,1.1315865992683405,instance,complexity_N1_top25
1,0.31901041666666674,0.2,0.24444444444444446,0.5,0.4124522226120759,1.0,0.552657413914337,1.0,1.0,0.6670453355513487,0.847509205685624,0.9886721201760948,0.8346339113306225,instance,complexity_N1_top25
1,0.5441176470588236,0.0,0.5154639175257731,0.4166666666666667,0.3780276009299686,0.0,0.42562824843410574,0.9954493742889647,1.0,0.6669480533356149,0.8569041514828819,0.9983737565125339,0.8697413060665855,instance,complexity_N1_top25
1,0.40666666666666673,0.2,0.24444444444444446,0.5,0.44217778204645936,0.0,0.463804689246882,0.9994311717861206,1.0,0.6668628990519418,0.850825038042766,0.9920468005385197,0.7220803318627353,instance,complexity_N1_top25
1,0.20192307692307687,0.0,0.26053639846743293,0.4583333333333333,0.26373094736852254,0.0,0.3968300950474498,0.9960182025028441,1.0,0.666825813020959,0.8553612101513168,0.9998803717836818,2.070575916454553,instance,complexity_N1_top25
1,0.10546875,0.2,0.24444444444444446,0.4583333333333333,0.37995675136879636,0.0,0.4766677959569007,0.9988623435722411,1.0,0.6669691100956211,0.8325320038991749,0.9978256777907049,0.6729901379772188,instance,complexity_N1_top25
1,0.24583333333333335,0.0,0.17000000000000004,0.5,0.3460369693991995,0.0,0.4506028306433183,0.9948805460750854,1.0,0.6672432110023355,0.8427451191336758,0.9922905761295316,0.5517917389862481,instance,complexity_N1_top25
1,0.36296296296296293,0.2,0.24444444444444446,0.375,0.4389448376261714,0.5,0.5162659959500191,1.0,1.0,0.6669927598391934,0.8630825540040589,0.9993799913948703,0.2250226990409466,instance,complexity_N1_top25
1,0.31805555555555554,0.2,0.5154639175257731,0.4166666666666667,0.40811957607056837,0.0,0.4732377700452708,0.9977246871444824,1.0,0.666877074034113,0.8285163703790717,0.9824184158171799,0.5581380032179026,instance,complexity_N1_top25
1,0.3877551020408163,0.4,0.19999999999999996,0.3333333333333333,0.4552182361051137,0.0,0.49829780601987406,0.9988623435722411,1.0,0.6667666151602057,0.8404070772936599,0.9909593616440302,0.31511894576862853,instance,complexity_N1_top25
1,0.27213541666666674,0.2,0.24444444444444446,0.4583333333333333,0.34893545006977034,0.0,0.49690402558211166,0.9994311717861206,0.96,0.6465460115314475,0.8452901105563368,0.9858221873146029,0.7694803723173439,instance,complexity_N1_top25
1,0.20833333333333326,0.2,0.26053639846743293,0.625,0.4104881846082785,0.3333333333333333,0.47853630775248956,0.9988623435722411,1.0,0.6669110859388553,0.8558400124588053,0.9912006654245408,1.0109869859133915,instance,complexity_N1_top25
1,0.2776515151515151,0.2,0.24444444444444446,0.5,0.45240900836549247,0.5,0.393357330358897,0.9994311717861206,1.0,0.6668721260975715,0.8745623469716487,0.9986348638297949,0.35164090493873773,instance,complexity_N1_top25
1,0.31940298507462694,0.2,0.26053639846743293,0.7916666666666666,0.3858254950248635,0.0,0.44520520614098447,0.9977246871444824,1.0,0.6667999308480498,0.8660667800095345,0.9969282996793726,1.024989978286707,instance,complexity_N1_top25
1,0.0714285714285714,0.0,0.3137254901960784,0.3333333333333333,0.4629091000634629,0.0,0.4625639204078812,0.997155858930603,1.0,0.6669169982223361,0.8211787140455911,0.9988943819921964,-0.3678096423722031,instance,complexity_N1_top25
1,0.16445182724252494,0.2,0.24444444444444446,0.4583333333333333,0.20533309939178673,0.0,0.4550833183858354,0.9982935153583617,1.0,0.6669704038805729,0.8450782658690088,0.9793306720760593,1.6070632256198958,instance,complexity_N1_top25
1,0.08333333333333326,0.2,0.3137254901960784,0.3333333333333333,0.2964578167130304,0.0,0.3966599310245005,0.9977246871444824,1.0,0.666855481633877,0.8600081489950547,0.9978168138982165,1.2872860791377878,instance,complexity_N1_top25
1,0.2557861133280128,0.2,0.24444444444444446,0.5416666666666666,0.3661570864554247,0.0,0.44647030864687676,0.9977246871444824,1.0,0.6668069702361686,0.8285329180000209,0.9734981106942426,1.0588913367917343,instance,complexity_N1_top25
1,0.34932659932659926,0.6,0.5024875621890548,0.9166666666666666,0.4400969006777312,0.5,0.5380819491334945,1.0,1.0,0.6669614539435146,0.8681197105052465,0.9988610686638127,0.6564583720682885,instance,complexity_N1_top25
1,0.601024208566108,0.6,0.5154639175257731,0.4166666666666667,0.4323462451129084,1.0,0.5067141102244287,1.0,1.0,0.6668467073350652,0.8438467978158024,0.9942483761829547,1.0250561412803934,instance,complexity_N1_top25
1,0.16102430555555558,0.2,0.24444444444444446,0.5833333333333334,0.447282694384577,0.0,0.4230822003071444,0.9977246871444824,1.0,0.6669578632118693,0.8696301571668996,0.9908670042617493,0.7221459986149995,instance,complexity_N1_top25
1,0.17213541666666665,0.0,0.09722222222222221,0.4583333333333333,0.43651844613312163,0.0,0.4149275519418828,0.9914675767918089,1.0,0.6667598517810528,0.8586223594186271,0.9966497240919155,0.8126510719722136,instance,complexity_N1_top25
1,0.5017369727047146,0.4,0.24444444444444446,0.4583333333333333,0.4556673177974036,0.0,0.49671567632588964,0.9994311717861206,1.0,0.6670260677649121,0.8453938189319905,0.9996375712012133,0.29585055018247,instance,complexity_N1_top25
1,0.6709677419354838,0.6,0.6728395061728395,0.4583333333333333,0.46234576728949744,0.0,0.49453704643209284,0.9994311717861206,1.0,0.6668416980018731,0.8224291426401237,0.9800024739253345,0.23211744290372827,instance,complexity_N1_top25
1,0.49238095238095236,0.4,0.07843137254901966,0.4166666666666667,0.4093587768140834,0.0,0.4810472555992633,0.9994311717861206,1.0,0.6668951854020644,0.8462704874323697,0.9941343992711617,0.7752329477863006,instance,complexity_N1_top25
1,0.1369509043927648,0.0,0.24444444444444446,0.4583333333333333,0.3256685807964589,0.0,0.4328944354369578,0.9835039817974972,1.0,0.6668407602097951,0.829075404893931,0.9934999798977954,0.7782670064352204,instance,complexity_N1_top25
1,0.37962962962962965,0.0,0.24444444444444446,0.4583333333333333,0.33750031729040486,0.0,0.4679918255291975,0.9960182025028441,1.0,0.6669677817926946,0.8074601594692475,0.9740413272890937,1.1990997412662472,instance,complexity_N1_top25
1,0.3705673758865248,0.2,0.7060133630289532,0.9583333333333334,0.4606520404342115,0.0,0.44876020846669173,0.9994311717861206,1.0,0.6669176627956291,0.8353044527375905,0.9826341933442567,0.13665104100791997,instance,complexity_N1_top25
1,0.21296296296296302,0.2,0.24444444444444446,0.4583333333333333,0.4254207461934366,0.16666666666666666,0.4601300846105656,0.9982935153583617,1.0,0.6668233157525415,0.8701580111142865,0.9987367420103807,0.46333662875789505,instance,complexity_N1_top25
1,0.15092329545454541,0.0,0.09722222222222221,0.4583333333333333,0.44228524700224037,0.3333333333333333,0.38830918339470033,0.9943117178612059,1.0,0.6668828342772325,0.8570522739128844,0.98990127234472,0.5493218421632127,instance,complexity_N1_top25
1,0.29141566265060237,0.0,0.09722222222222221,0.4583333333333333,0.44763619669606947,0.0,0.45186319835232736,0.9965870307167235,0.96,0.6666098358283334,0.8529386088370816,0.9992388188209174,0.944773190894313,instance,complexity_N1_top25
1,0.20833333333333326,0.0,0.2142857142857143,0.2916666666666667,0.40316967826194194,0.0,0.44361720215619305,0.9965870307167235,1.0,0.6668644165170551,0.8495973468874531,0.9934724929875891,1.140980884447832,instance,complexity_N1_top25
1,0.20273631840796025,0.0,0.26053639846743293,0.625,0.31583978592260475,0.0,0.38884033548702135,0.997155858930603,1.0,0.6669283170933564,0.8394123815195451,0.9880383894822645,1.362078924259982,instance,complexity_N1_top25
1,0.10546875,0.0,0.07843137254901966,0.4166666666666667,0.36689231530073496,0.25,0.4139044492823548,0.9948805460750854,1.0,0.6667796344375022,0.8367262714530698,0.9953861734953962,1.316579022718014,instance,complexity_N1_top25
1,0.044117647058823595,0.2,0.09722222222222221,0.4583333333333333,0.2800014706758135,0.0,0.4962093615433677,0.9994311717861206,0.92,0.6650738118017706,0.7868996254291626,0.9934856201041894,1.8990395219948606,instance,complexity_N1_top25
1,0.08333333333333326,0.0,0.09722222222222221,0.4583333333333333,0.3673840147284233,0.0,0.4452511958476427,0.9943117178612059,1.0,0.6667575611854767,0.8489885323044775,0.9934313268749747,1.9392969471020243,instance,complexity_N1_top25
1,0.2872340425531915,0.4,0.30201342281879195,0.4166666666666667,0.4456025255264423,0.6666666666666666,0.5613436696057457,1.0,1.0,0.666935240304896,0.8684900480146972,0.9987313059581442,0.23700491855375877,instance,complexity_N1_top25
1,0.044117647058823595,0.2,0.24444444444444446,0.4583333333333333,0.26938162988074144,0.0,0.4860971793843918,0.9977246871444824,1.0,0.6669905239694993,0.831125086211245,0.9936914018153319,1.4353809314985786,instance,complexity_N1_top25
1,0.31901041666666674,0.4,0.09722222222222221,0.4583333333333333,0.39294419598309405,0.0,0.4857586816908255,0.9994311717861206,1.0,0.6669167039420287,0.8376965712394486,0.9919107114089291,0.7139781951134527,instance,complexity_N1_top25
1,0.52734375,0.4,0.3137254901960784,0.2916666666666667,0.4132767616390627,0.0,0.45924285720701574,0.9994311717861206,1.0,0.6668560097634683,0.8604065117924818,0.9874779889185002,-0.18669429467067594,instance,complexity_N1_top25
1,0.0,0.0,0.24444444444444446,0.4583333333333333,0.1721226361781082,0.0,0.47367417154799174,0.9960182025028441,0.96,0.5763814285053611,0.825770353695584,0.9971350488228784,1.6401273834364654,instance,complexity_N1_top25
1,0.36296296296296293,0.2,0.19999999999999996,0.2916666666666667,0.4576591630244925,0.0,0.4687459981624157,0.9982935153583617,1.0,0.6669682415735665,0.8502334211882654,0.9954932856643572,-0.3391035798859166,instance,complexity_N1_top25
1,0.3446514423076923,0.2,0.30201342281879195,0.5,0.42963013493130087,0.2,0.4779548756461811,0.9988623435722411,1.0,0.6669478028545783,0.8643077042153458,0.986339035218641,0.7960730037002839,instance,complexity_N1_top25
1,0.2930232558139535,0.0,0.5634920634920635,0.375,0.33667013843122784,0.0,0.4647901256394864,0.997155858930603,0.96,0.6480617887589921,0.8575922737752727,0.998506897408857,1.2327414872696403,instance,complexity_N1_top25
1,0.3926908752327747,0.4,0.7060133630289532,0.5416666666666666,0.449140479809765,1.0,0.5322531871925971,1.0,1.0,0.6669147900460495,0.8575201432404836,0.9984335968645881,-0.29480363570384527,instance,complexity_N1_top25
0,0.529928172386273,0.6,0.48453608247422686,0.4166666666666667,0.5684476698930493,0.0,0.4749433358093015,0.9983870967741936,1.0,0.66692286298284,0.8521837240206058,0.9820554619934976,0.2177506761174951,instance,complexity_N1_top25
0,0.8132575757575757,0.6,0.48453608247422686,0.4583333333333333,0.5628479334877728,1.0,0.5062728417931205,1.0,1.0,0.6668826841529807,0.8538284463023866,0.9803622102117394,-0.12242166055865865,instance,complexity_N1_top25
1,0.6877551020408164,0.4,0.24444444444444446,0.5,0.40633956186941944,0.0,0.484297001210645,0.9988623435722411,1.0,0.666739461242876,0.8349881302379133,0.9870228762375306,1.1692965864479312,instance,complexity_N1_top25
1,0.33820369574559517,0.4,0.26053639846743293,0.375,0.4306474357183453,0.3333333333333333,0.42051703423344355,0.9988623435722411,1.0,0.6669224939309478,0.8575713913531995,0.9995323818250749,0.2116958550013239,instance,complexity_N1_top25
0,0.6428571428571429,0.4,0.3271604938271605,0.5833333333333334,0.5469226267440956,1.0,0.5028404503006496,1.0,1.0,0.6669625408864013,0.8444933702692284,0.9733181698093532,-0.3072152650361191,instance,complexity_N1_top25
1,0.14583333333333326,0.0,0.24444444444444446,0.4583333333333333,0.3733409117659972,0.0,0.44560135447880744,0.9943117178612059,1.0,0.6669869298762134,0.8439819113154617,0.9947260782192552,1.1721467449235892,instance,complexity_N1_top25
0,0.11224489795918369,0.6,0.8,0.2916666666666667,0.5433263404932679,0.5,0.5482173294359767,1.0,1.0,0.6668783535957333,0.8557269776513472,0.9742982858621452,-0.3176699425380579,instance,complexity_N1_top25
1,0.23809523809523814,0.0,0.3137254901960784,0.3333333333333333,0.4625377975874869,0.0,0.4143632071145663,0.997155858930603,1.0,0.6668798056398354,0.8190612240069687,0.9873781685967534,-0.5317007771135909,instance,complexity_N1_top25
1,0.25688073394495414,0.8,0.19999999999999996,0.3333333333333333,0.46184886262121705,0.5,0.4775317064854039,0.9994311717861206,1.0,0.666827283971829,0.8304977509429183,0.9885426915376705,0.02881914637078949,instance,complexity_N1_top25
1,0.5441176470588236,0.4,0.24444444444444446,0.375,0.432335393655534,0.5,0.5012588705869019,1.0,1.0,0.6669284789266886,0.863554378378201,0.994547606082459,0.8423355764617104,instance,complexity_N1_top25
1,0.17213541666666665,0.4,0.24444444444444446,0.5,0.4457842967204808,0.0,0.4902147455961393,0.9994311717861206,1.0,0.6668373117520598,0.8469342943320028,0.9907948602339826,0.7642798538316301,instance,complexity_N1_top25
1,0.25384615384615383,0.4,0.6728395061728395,0.5,0.4592302480803352,0.0,0.47123936093001306,0.9982935153583617,1.0,0.6669162976478176,0.835064137929447,0.9951726686030932,0.6125273710042923,instance,complexity_N1_top25
0,0.5378646803227809,0.8,0.697986577181208,0.625,0.5627271630078805,0.6666666666666666,0.4914545910441144,0.9991935483870967,1.0,0.6669579241664043,0.852508075100734,0.9968310616073907,0.2221941288933396,instance,complexity_N1_top25
1,0.20666666666666667,0.8,0.5634920634920635,0.4583333333333333,0.44353051642158003,0.0,0.47209036329570286,0.9994311717861206,1.0,0.6668428038109975,0.8631017314700561,0.989489563854581,0.578631334977351,instance,complexity_N1_top25
1,0.31940298507462694,0.0,0.24444444444444446,0.4583333333333333,0.20822055077882246,0.0,0.4534002545700986,0.9937428896473265,1.0,0.6668619272431862,0.8435138184261313,0.9917596400061098,2.596491841459277,instance,complexity_N1_top25
1,0.3392857142857143,0.4,0.7285714285714286,0.4166666666666667,0.4569286701666481,0.0,0.4772379673171222,0.9994311717861206,1.0,0.6669012130974136,0.8397833647126373,0.9896932307945551,-0.20255633114003374,instance,complexity_N1_top25
1,0.35102420856610805,0.0,0.24444444444444446,0.375,0.3566350524805134,0.0,0.4595861178376116,0.997155858930603,0.96,0.6666561953647717,0.8487019248636849,0.9695593584239643,1.3198851156542364,instance,complexity_N1_top25
1,0.20666666666666667,0.2,0.24444444444444446,0.4583333333333333,0.385063051526886,0.0,0.44832240947589275,0.9988623435722411,1.0,0.6669806493313352,0.8548131101281429,0.9834312079686399,1.4544961388812516,instance,complexity_N1_top25
1,0.42891566265060244,0.4,0.24444444444444446,0.5,0.42044843334971216,0.6666666666666666,0.4925883042852234,0.9994311717861206,1.0,0.6669652303277005,0.8630425236056186,0.9968824122361636,0.19074522900442542,instance,complexity_N1_top25
0,0.7936046511627907,1.0,0.7555555555555555,0.5416666666666666,0.6736732694640059,1.0,0.5169167314392351,1.0,1.0,0.6669032022083485,0.845304107902063,0.9940902035130962,-0.5197826149658699,instance,complexity_N1_top25
1,0.4642857142857143,0.8,0.6728395061728395,0.5416666666666666,0.4557333300709546,1.0,0.5126996836554988,1.0,1.0,0.6668631908612314,0.8335769129677396,0.9841617460133977,0.25115349586131774,instance,complexity_N1_top25
0,0.7442138866719872,0.8,0.7555555555555555,0.375,0.6315020118970448,1.0,0.5272008973857715,1.0,1.0,0.666922910661577,0.8306278933847604,0.9854687429458628,-1.612966384684598,instance,complexity_N1_top25
1,0.044117647058823595,0.0,0.17000000000000004,0.5,0.2654015388651585,0.0,0.42864386199463456,0.9926052332195677,1.0,0.6668772123020602,0.8247343829892189,0.9975865684455392,2.0606807457087544,instance,complexity_N1_top25
1,0.125,0.2,0.2142857142857143,0.2916666666666667,0.2362864679781026,0.0,0.462793646311921,0.9977246871444824,1.0,0.6667288689800063,0.8535694443117039,0.9932837437874967,2.0281174659491374,instance,complexity_N1_top25
1,0.11111111111111116,0.4,0.09722222222222221,0.4583333333333333,0.2762029013404451,1.0,0.5075059545319225,1.0,1.0,0.6668951961572178,0.8562032531117836,0.9858225451050439,1.4477801413256999,instance,complexity_N1_top25
1,0.25234375,0.4,0.09722222222222221,0.4583333333333333,0.4459787598515558,0.5,0.47692776083863353,0.9994311717861206,1.0,0.6668164396293574,0.8493697567784403,0.9991904643533522,0.7608800860836964,instance,complexity_N1_top25
1,0.09999999999999998,0.0,0.3137254901960784,0.3333333333333333,0.4375823711710787,0.0,0.45287921652379703,0.997155858930603,1.0,0.6668660630899335,0.8227783530527348,0.9981799247498413,1.0233034529826757,instance,complexity_N1_top25
1,0.22891566265060237,0.0,0.09722222222222221,0.5416666666666666,0.43989079784615853,0.0,0.40009763992104896,0.997155858930603,1.0,0.6669287706816114,0.8540715688179954,0.9809953285607163,1.3087964536266155,instance,complexity_N1_top25
1,0.0,0.2,0.19999999999999996,0.375,0.17198979661878921,0.5,0.4548062614823224,0.9988623435722411,1.0,0.66697573988223,0.8595407820844083,0.9980740758488675,1.1352078604014144,instance,complexity_N1_top25
1,0.2142857142857143,0.2,0.5024875621890548,0.4166666666666667,0.44048333867866984,0.0,0.48203429656946883,0.9982935153583617,1.0,0.6668821881337974,0.8539244484486855,0.9997065874492442,0.3292715808270116,instance,complexity_N1_top25
1,0.6872340425531915,0.2,0.6333333333333333,0.2916666666666667,0.3855475171097419,0.0,0.47640914910308796,0.9982935153583617,1.0,0.6670073939907631,0.833547250206012,0.9988615406967835,-0.25713698599815465,instance,complexity_N1_top25
1,0.09302325581395343,0.0,0.09722222222222221,0.5416666666666666,0.3395926199205218,0.0,0.4709917403371905,0.9965870307167235,1.0,0.6667747431351818,0.8313949439433677,0.9883034128220873,1.3746513095414474,instance,complexity_N1_top25
1,0.38207885304659495,0.2,0.3137254901960784,0.3333333333333333,0.4365656867495368,0.0,0.4983743914441149,0.9994311717861206,1.0,0.6669933075900136,0.8410385232951565,0.9799824732150093,0.2395474888570183,instance,complexity_N1_top25
1,0.24806201550387597,0.0,0.17000000000000004,0.5,0.2923091300136288,0.0,0.4395589916034903,0.9965870307167235,1.0,0.6669017108571477,0.8231802700135563,0.9959306769814577,0.35792258593648135,instance,complexity_N1_top25
1,0.3718575418994414,0.2,0.30201342281879195,0.375,0.4418110759791868,0.3333333333333333,0.47611048303047176,0.9977246871444824,1.0,0.6669118038681955,0.8643006608693798,0.996661482827508,0.90100331519471,instance,complexity_N1_top25
1,0.15092329545454541,0.0,0.09722222222222221,0.4583333333333333,0.42720739032714616,0.0,0.464399198598207,0.9960182025028441,1.0,0.6667504359346729,0.83602656007721,0.9888450223097962,1.2104128530001566,instance,complexity_N1_top25
1,0.14583333333333326,0.0,0.09722222222222221,0.2916666666666667,0.32193756657393424,0.0,0.4163944692759841,0.9869169510807736,1.0,0.666896018739562,0.8310948129328227,0.9871704173271124,1.7448045288345104,instance,complexity_N1_top25
1,0.36296296296296293,0.0,0.24444444444444446,0.5,0.44947268733427326,0.0,0.44482723402128643,0.997155858930603,1.0,0.6668406155208167,0.8606095381695791,0.9917366833331781,-0.15632142176936448,instance,complexity_N1_top25
1,0.044117647058823595,0.0,0.24444444444444446,0.5416666666666666,0.2796262322134383,0.0,0.46489105514074713,0.9908987485779295,0.96,0.6666666666666666,0.8080300706019665,0.944580831607379,1.8496283248572631,instance,complexity_N1_top25
0,0.7666666666666666,0.8,0.3271604938271605,0.625,0.5433173929932438,1.0,0.5405860758678682,1.0,1.0,0.6669410804329177,0.8572080287346883,0.9990720845443041,-0.3687119417262483,instance,complexity_N1_top25
1,0.0714285714285714,0.4,0.3137254901960784,0.3333333333333333,0.43380653525749624,1.0,0.5068081530450927,1.0,0.96,0.6555956725931169,0.8151423667425237,0.9984748934078898,0.3383603825573723,instance,complexity_N1_top25
1,0.5441176470588236,0.2,0.19999999999999996,0.4583333333333333,0.45552782619213994,0.3333333333333333,0.5411359263641004,1.0,1.0,0.6668831068547358,0.8606300055806142,0.9909250511979634,0.29743978645822655,instance,complexity_N1_top25
1,0.2237723214285714,0.4,0.24444444444444446,0.5,0.34298498310824643,1.0,0.5332838727313381,1.0,0.96,0.658532668476454,0.8333641732657461,0.9749461804944782,1.591994988129793,instance,complexity_N1_top25
1,0.35080645161290325,0.8,0.26053639846743293,0.625,0.45274588256232795,0.5,0.4568485865721601,0.9994311717861206,1.0,0.6669117190503501,0.8497792635642399,0.9914748020530388,0.2550620545256035,instance,complexity_N1_top25
1,0.3684873949579832,0.2,0.24444444444444446,0.375,0.4452201366213725,0.0,0.489094387523449,0.9994311717861206,1.0,0.6669076454149199,0.865159814321317,0.9949283843741225,0.9128599843205812,instance,complexity_N1_top25
1,0.10546875,0.2,0.17000000000000004,0.5,0.36230084515479044,1.0,0.5060575733292008,1.0,1.0,0.6669007696851782,0.8415787629960383,0.9991072861242273,0.7538594584463439,instance,complexity_N1_top25
1,0.09999999999999998,0.6,0.6728395061728395,0.3333333333333333,0.2753533055393248,1.0,0.5006350191090443,1.0,0.92,0.6666666666666666,0.8129478990377423,0.9962260776306522,-0.7220509253724161,instance,complexity_N1_top25
1,0.31901041666666674,0.4,0.09722222222222221,0.4583333333333333,0.42493218360920615,1.0,0.5051971562224018,1.0,1.0,0.6668925534456775,0.8395454807196423,0.9690713893318639,0.7369013446508353,instance,complexity_N1_top25
1,0.15092329545454541,0.0,0.7060133630289532,0.7083333333333334,0.41087676781070115,0.0,0.4352415835333734,0.9943117178612059,1.0,0.6668955471319639,0.8442848787053994,0.9954716610269904,0.7328395073290654,instance,complexity_N1_top25
1,0.5194444444444444,0.6,0.17000000000000004,0.4583333333333333,0.35120171963254665,1.0,0.5295345502331099,1.0,1.0,0.6667360927749822,0.8353150448267936,0.9949022929411143,0.7771401318164496,instance,complexity_N1_top25
1,0.4272486772486772,0.4,0.07843137254901966,0.4166666666666667,0.3970372110977709,0.0,0.4879695971730301,0.9988623435722411,1.0,0.6667852199969299,0.8464105266622376,0.9827888302663303,1.1336869247837695,instance,complexity_N1_top25
1,0.2872340425531915,0.2,0.3137254901960784,0.3333333333333333,0.39672865149326186,0.0,0.46953330179632724,0.9982935153583617,1.0,0.6669624541591472,0.8535897303743509,0.995445622663782,0.8335134441950325,instance,complexity_N1_top25
0,0.49311926605504586,0.4,0.29398663697104677,0.9166666666666666,0.5424332454304079,0.6666666666666666,0.4971944562938917,0.9991935483870967,1.0,0.6667921744877627,0.8648284786144141,0.9968241934381532,-0.11403793093733784,instance,complexity_N1_top25
1,0.2142857142857143,0.2,0.5024875621890548,0.4166666666666667,0.3103091878948371,0.0,0.4713167327846204,0.9977246871444824,1.0,0.6669173108176782,0.8615991439464236,0.9991349895431237,0.9417037232580306,instance,complexity_N1_top25
1,0.27976190476190477,0.2,0.09722222222222221,0.2916666666666667,0.4077188889470512,0.0,0.4725242522487265,0.9977246871444824,1.0,0.6668077338139432,0.8538547157164605,0.9954587221850131,1.011361106398419,instance,complexity_N1_top25
1,0.10833333333333339,0.0,0.17000000000000004,0.4583333333333333,0.41689540329875774,0.0,0.4788800176767778,0.9965870307167235,1.0,0.666898870106383,0.853826544271604,0.9928267388142055,0.3424047329420412,instance,complexity_N1_top25
1,0.17213541666666665,0.0,0.24444444444444446,0.4583333333333333,0.4516692670791481,0.0,0.48178106623658934,0.997155858930603,1.0,0.6668619663095442,0.865585365663879,0.9988204870475915,0.5005643927195159,instance,complexity_N1_top25
1,0.17213541666666665,0.2,0.5634920634920635,0.6666666666666666,0.4524989386014079,0.4444444444444444,0.49001171228267804,0.9994311717861206,1.0,0.6668431514198099,0.8635267016622682,0.9848880575476083,0.33637036879440985,instance,complexity_N1_top25
0,0.8389756944444444,0.6,0.83,0.5416666666666666,0.5900253056823391,0.0,0.49487292173497777,0.9991935483870967,1.0,0.666967884177231,0.8537995638986654,0.9851418267211839,-0.17885069777010118,instance,complexity_N1_top25
1,0.2930232558139535,0.0,0.5024875621890548,0.4166666666666667,0.2852701600966433,0.0,0.4733848985088527,0.9960182025028441,1.0,0.6669438189777542,0.8487461519566745,0.9768081371620728,0.504566605893084,instance,complexity_N1_top25
1,0.16102430555555558,0.0,0.24444444444444446,0.4583333333333333,0.42113065021433693,0.0,0.4493463543511865,0.9903299203640501,1.0,0.667016063819764,0.863809199014035,0.9857815013957829,0.5718558853840198,instance,complexity_N1_top25
1,0.16796875,0.0,0.07843137254901966,0.4166666666666667,0.43735344009808885,0.0,0.44113195902812885,0.9960182025028441,1.0,0.6668953410248272,0.8638311657560327,0.9860096495100357,0.024311473937158105,instance,complexity_N1_top25
1,0.47096774193548385,0.0,0.19999999999999996,0.3333333333333333,0.4590750911563294,0.0,0.4458775724518431,0.997155858930603,1.0,0.6669079859806017,0.8400118898152552,0.9689103700210339,0.5814879254092045,instance,complexity_N1_top25
1,0.2557861133280128,0.2,0.24444444444444446,0.4583333333333333,0.4036731587816712,0.0,0.47488137343608683,0.9994311717861206,1.0,0.6669482710343984,0.8521855564023362,0.9742229777112377,0.9509221962863512,instance,complexity_N1_top25
1,0.33435754189944134,0.4,0.7060133630289532,0.5416666666666666,0.45299146589067674,0.5,0.537281556033939,1.0,1.0,0.6670136191854632,0.8738265856689859,0.9987745993308471,0.008192326409247741,instance,complexity_N1_top25
1,0.6859477124183007,0.8,0.6728395061728395,0.5416666666666666,0.46164766913634625,1.0,0.5250735964289868,1.0,1.0,0.6668535242293213,0.8536445421825744,0.9928250855381995,-0.02692694690417992,instance,complexity_N1_top25
1,0.09583333333333333,0.0,0.24444444444444446,0.4583333333333333,0.3866574294964537,0.0,0.46401493279341677,0.9954493742889647,1.0,0.6669875694976951,0.8577793552888139,0.9984368495457804,0.9882771028343222,instance,complexity_N1_top25
0,0.375,1.0,0.8,0.3333333333333333,0.828010203381216,1.0,0.5360906600901628,1.0,0.96,0.6666666666666666,0.8471661067411511,0.9973151906768616,-1.7880052977685963,instance,complexity_N1_top25
0,0.7278645833333334,0.6,0.7555555555555555,0.375,0.5514605902374776,1.0,0.5268810661200085,1.0,1.0,0.6668564630217176,0.8560040614826171,0.9883850188875775,-0.7569031178209304,instance,complexity_N1_top25
1,0.2047619047619048,0.6,0.5634920634920635,0.4166666666666667,0.38891123453627074,1.0,0.5323420568138892,1.0,1.0,0.666909195748592,0.8493912935116995,0.9867867851895112,0.03163013060004979,instance,complexity_N1_top25
1,0.38207885304659495,0.0,0.19999999999999996,0.3333333333333333,0.45372699171292713,0.3333333333333333,0.4331000460125627,0.9960182025028441,1.0,0.6667120015822662,0.8415943706851947,0.9996830220112692,0.9352067274458385,instance,complexity_N1_top25
1,0.29141566265060237,0.0,0.26053639846743293,0.75,0.4378523127881694,0.0,0.4292760186047272,0.9931740614334471,1.0,0.6667502392698967,0.8598181872393883,0.9838427363754514,0.7326868664492031,instance,complexity_N1_top25
1,0.48723404255319147,0.6,0.19999999999999996,0.4583333333333333,0.46198409390705086,0.0,0.4972154097501825,0.9994311717861206,1.0,0.6668560784315634,0.8371863021681664,0.9823992757773865,0.06411685708056791,instance,complexity_N1_top25
1,0.24583333333333335,0.4,0.09722222222222221,0.4583333333333333,0.438113591478708,0.4,0.48294070137394973,0.9994311717861206,1.0,0.6668402972503895,0.8640485675167375,0.9998115399123096,0.7619453962334487,instance,complexity_N1_top25
1,0.7339089481946625,0.8,0.6037735849056604,0.375,0.46010749884528435,1.0,0.5336226032864754,1.0,1.0,0.6668892784085042,0.8528885681809014,0.9707632494508482,-0.2027249776115393,instance,complexity_N1_top25
1,0.1369509043927648,0.4,0.24444444444444446,0.5833333333333334,0.3807006213804474,0.0,0.4557609277935555,0.9988623435722411,1.0,0.6667245139747809,0.836889681015977,0.9981929736242227,0.7822655723879925,instance,complexity_N1_top25
0,0.7156424581005587,0.8,0.4365079365079365,0.5833333333333334,0.6765971649410055,1.0,0.5124254785217721,1.0,0.96,0.6666666666666666,0.8424808764398338,0.992955266613554,-0.10007769108281855,instance,complexity_N1_top25
1,0.08139534883720922,0.0,0.24444444444444446,0.4583333333333333,0.26191240329812204,0.0,0.4247917559561867,0.9869169510807736,1.0,0.6668907788884185,0.8220388353346658,0.9855027639132732,1.487127455303169,instance,complexity_N1_top25
1,0.2557861133280128,0.0,0.09722222222222221,0.2916666666666667,0.4107179486599244,0.0,0.42285550055005205,0.997155858930603,1.0,0.66682382226079,0.8377144930994098,0.9984738129724009,1.2627360045074356,instance,complexity_N1_top25
1,0.08333333333333326,0.0,0.09722222222222221,0.2916666666666667,0.37813725726942093,0.0,0.46385009363802354,0.9965870307167235,1.0,0.6667718683193161,0.8355258344872278,0.9829271064273958,1.7504833843209489,instance,complexity_N1_top25
1,0.09583333333333333,0.2,0.09722222222222221,0.4583333333333333,0.4088823134376446,0.0,0.4514826816918762,0.9982935153583617,1.0,0.6668204679697631,0.8610969636605321,0.9996025887279986,1.0797989578022187,instance,complexity_N1_top25
1,0.3999999999999999,0.4,0.24444444444444446,0.4583333333333333,0.4146682805385229,0.0,0.4739779433750225,0.9994311717861206,1.0,0.6668615335955732,0.857734933072747,0.9924844759756614,0.8054176959564383,instance,complexity_N1_top25
1,0.6303921568627451,0.8,0.26053639846743293,0.6666666666666666,0.4606357262391736,0.5,0.5294291490628675,1.0,1.0,0.6668249105006102,0.8534770102110201,0.9981894638685986,-0.2532953201281095,instance,complexity_N1_top25
1,0.45307917888563054,0.2,0.7060133630289532,0.5416666666666666,0.4591914724991787,0.0,0.43416335520032534,0.9982935153583617,1.0,0.6667937220738313,0.8441802986742697,0.9955235778394156,-0.0848484241863469,instance,complexity_N1_top25
1,0.42891566265060244,0.2,0.09722222222222221,0.5416666666666666,0.4426483965838792,0.0,0.43631937206152294,0.9988623435722411,1.0,0.6669529653931175,0.8680331641523719,0.9959714709906308,0.5302494223955069,instance,complexity_N1_top25
1,0.274468085106383,0.2,0.07843137254901966,0.4166666666666667,0.38800267655247567,0.3333333333333333,0.44352968427016404,0.9988623435722411,1.0,0.6669178312069413,0.8562490757572374,0.9976431575428855,0.7633456889898709,instance,complexity_N1_top25
1,0.42991452991452994,0.2,0.24444444444444446,0.4583333333333333,0.42696443796928285,0.0,0.47858926918226385,0.9982935153583617,1.0,0.6669483932121626,0.854659836932548,0.9962544092694522,1.6176612028538264,instance,complexity_N1_top25
1,0.512962962962963,0.2,0.6728395061728395,0.4583333333333333,0.4265160813168022,1.0,0.5178199235507495,1.0,1.0,0.6669650295964189,0.852831992873419,0.9929908031867879,0.06297510359828208,instance,complexity_N1_top25
1,0.08333333333333326,0.2,0.07843137254901966,0.4166666666666667,0.43431408165457475,0.0,0.4415583077148345,0.9977246871444824,1.0,0.6668220887712257,0.8338334720981975,0.9916288786940467,0.6827814963669742,instance,complexity_N1_top25
1,0.47096774193548385,0.6,0.6037735849056604,0.4583333333333333,0.4627303405447435,0.0,0.4545669089631522,0.9988623435722411,1.0,0.667093337740328,0.8273957145601792,0.9582311709560515,-0.07284602713023734,instance,complexity_N1_top25
1,0.25234375,0.0,0.24444444444444446,0.5,0.45435027358588276,0.0,0.4543037966372201,0.9960182025028441,1.0,0.6668273422744178,0.8548910553530499,0.997241267958228,0.5917654286495301,instance,complexity_N1_top25
0,0.7023809523809523,0.6,0.6862745098039216,0.3333333333333333,0.5419198568172207,0.5,0.4806823712714938,0.9983870967741936,1.0,0.6668722954661408,0.8373458597551722,0.9743251642294074,-0.5835506164882447,instance,complexity_N1_top25
1,0.3718575418994414,0.6,0.24444444444444446,0.4583333333333333,0.4397513379220902,0.0,0.4920603594874664,0.9994311717861206,1.0,0.6668960301890353,0.8560344646871922,0.9936653412568963,1.3567075557674946,instance,complexity_N1_top25
1,0.3796164772727273,0.6,0.09722222222222221,0.5416666666666666,0.42412014907946427,0.0,0.4895176903912912,0.9994311717861206,1.0,0.6668870658775277,0.8599918209010236,0.9948619871539286,0.8441096617374246,instance,complexity_N1_top25
0,0.7278645833333334,1.0,0.7555555555555555,0.375,0.5965193163742055,1.0,0.5621945985330814,1.0,1.0,0.6669484977943894,0.8430685088189418,0.9736448728052294,-0.4152398445453015,instance,complexity_N1_top25
1,0.3392857142857143,0.6,0.5634920634920635,0.4166666666666667,0.4288656380554182,0.0,0.4953552057280415,0.9988623435722411,1.0,0.6669584051161016,0.8422391343004201,0.9572797749979527,0.43324708013937696,instance,complexity_N1_top25
1,0.42891566265060244,0.2,0.09722222222222221,0.2916666666666667,0.2983002218249945,0.0,0.47324663867245353,0.9988623435722411,1.0,0.666920382144558,0.8259574243912745,0.9899776303756093,1.180004868992188,instance,complexity_N1_top25
1,0.4845588235294118,0.4,0.26053639846743293,0.6666666666666666,0.4516434999912886,0.5,0.5252301795281211,1.0,1.0,0.6668788097950508,0.8754530577714742,0.9995021166934854,0.21471056911856728,instance,complexity_N1_top25
1,0.24583333333333335,0.0,0.5154639175257731,0.4166666666666667,0.4505075371805599,0.0,0.4767340206931978,0.997155858930603,1.0,0.666807439517278,0.8579077481063723,0.9868054135138139,0.15427935103890092,instance,complexity_N1_top25
0,0.7936046511627907,0.8,0.7555555555555555,0.5416666666666666,0.697562008433068,1.0,0.528206351247569,1.0,1.0,0.666730109167807,0.8506511682233787,0.9913618799598697,-0.865723254417565,instance,complexity_N1_top25
1,0.0,0.2,0.5024875621890548,0.4166666666666667,0.27124175988038035,1.0,0.5150871495473313,1.0,0.92,0.564314645786277,0.8073535388448515,0.9999378408204482,1.311392421849426,instance,complexity_N1_top25
1,0.6508704061895552,0.4,0.3137254901960784,0.3333333333333333,0.46337938381339705,1.0,0.5058391484657934,1.0,1.0,0.6669016829263755,0.8128175783938778,0.9976654945568701,-0.5208480002820327,instance,complexity_N1_top25
1,0.08333333333333326,0.4,0.2142857142857143,0.2916666666666667,0.40800062496703926,0.0,0.4849532087292917,0.9994311717861206,1.0,0.6668775748051118,0.8418005911960218,0.9983445276462509,1.084335088820874,instance,complexity_N1_top25
1,0.18333333333333335,0.2,0.3137254901960784,0.3333333333333333,0.17199010798610675,0.0,0.47937521394464255,0.9982935153583617,1.0,0.6668044397630847,0.8482696799579496,0.9984385645879948,1.704562197781353,instance,complexity_N1_top25
1,0.23567708333333326,0.4,0.30201342281879195,0.5,0.45181127298262125,0.5,0.49943363111452377,0.9994311717861206,1.0,0.6669118897982504,0.857690217916567,0.9989674762312842,0.3150869468770673,instance,complexity_N1_top25
1,0.08333333333333326,0.0,0.24444444444444446,0.4583333333333333,0.37408027236601593,0.0,0.4126907773722095,0.997155858930603,1.0,0.6668830499502245,0.8587934594031725,0.9990413847525215,1.3640875260022731,instance,complexity_N1_top25
1,0.33435754189944134,0.4,0.5154639175257731,0.5,0.43694263214314955,0.0,0.48609039842906465,0.9982935153583617,1.0,0.6668357225660264,0.8608711085630004,0.9903238547330323,0.2213159905191029,instance,complexity_N1_top25
1,0.6734693877551021,0.4,0.7060133630289532,0.5416666666666666,0.45790729914791917,1.0,0.501988046452611,1.0,1.0,0.6668616211207916,0.8442977776296777,0.9726318691358119,-0.19088137989350015,instance,complexity_N1_top25
1,0.25688073394495414,0.6,0.09722222222222221,0.4583333333333333,0.4572493594746526,0.4,0.5567478988528098,1.0,1.0,0.6669059487862584,0.8696809522671056,0.9941071534464313,0.48601899958144135,instance,complexity_N1_top25
1,0.5789156626506025,0.6,0.3137254901960784,0.375,0.44873178378910616,0.5,0.4844510153763263,0.9988623435722411,1.0,0.6670260319741267,0.8561054151457241,0.9968203793484236,0.36605133857579975,instance,complexity_N1_top25
0,0.7375,0.8,0.7394636015325671,0.4583333333333333,0.5669788650592067,0.0,0.495472222974467,0.9991935483870967,1.0,0.6668062504674507,0.8546557094491147,0.9924273211793058,-0.8841184873046266,instance,complexity_N1_top25
1,0.39834515366430256,0.6,0.6728395061728395,0.4583333333333333,0.4638706595030846,1.0,0.5207616975826097,1.0,1.0,0.6670136506987243,0.8420509829445478,0.9858932030014567,-0.5134823759336135,instance,complexity_N1_top25
1,0.09583333333333333,0.0,0.09722222222222221,0.5416666666666666,0.3340686086979433,0.5,0.4542218669449999,0.9960182025028441,1.0,0.6669406967453517,0.830526077468922,0.9974123679380698,1.0805089290173435,instance,complexity_N1_top25
1,0.14583333333333326,0.0,0.24444444444444446,0.4583333333333333,0.17201909290760214,0.0,0.44847821463774185,0.997155858930603,1.0,0.6670355409768219,0.8359980165585883,0.9896618504085481,1.5575871335830889,instance,complexity_N1_top25
1,0.38207885304659495,0.2,0.19999999999999996,0.3333333333333333,0.4640855456345373,0.0,0.4620082770585249,0.9977246871444824,1.0,0.666894788771801,0.8265722558226622,0.9881600008755669,-0.2961974086849249,instance,complexity_N1_top25
1,0.6877551020408164,0.6,0.30201342281879195,0.5,0.4550729835859707,1.0,0.5139000560308952,1.0,1.0,0.6669241317066373,0.8660365095192071,0.998915340622705,0.23604996829364275,instance,complexity_N1_top25
1,0.2958333333333334,0.2,0.24444444444444446,0.4583333333333333,0.39003589181761555,0.0,0.41282285356066306,0.9988623435722411,1.0,0.6669639828226861,0.8502350058186735,0.9941053910242922,0.8781145378067085,instance,complexity_N1_top25
1,0.18435754189944142,0.0,0.24444444444444446,0.375,0.42092526485485976,0.0,0.4576800353434922,0.9926052332195677,1.0,0.6669226491721023,0.8425892935809394,0.9869029302721007,0.722649248456058,instance,complexity_N1_top25
1,0.33333333333333326,0.2,0.09722222222222221,0.4583333333333333,0.44461149801955424,0.3333333333333333,0.4442758506225255,0.9977246871444824,1.0,0.6668268750444093,0.8586984902657523,0.9995984874829883,0.3365161621903194,instance,complexity_N1_top25
1,0.45307917888563054,0.4,0.2272727272727273,0.3333333333333333,0.4538845153678912,0.25,0.49306641362850534,0.9994311717861206,1.0,0.6667981237424608,0.8705924199762951,0.9990314170867304,0.8998121837774172,instance,complexity_N1_top25
1,0.34932659932659926,0.4,0.19999999999999996,0.4583333333333333,0.4593165116772494,1.0,0.5037520843284572,1.0,1.0,0.6669817967967365,0.858139158813203,0.9991759726926062,-0.04835412780086489,instance,complexity_N1_top25
0,0.6338242762823768,0.8,0.7555555555555555,0.375,0.5867142621159173,1.0,0.5623685457819849,1.0,1.0,0.6669227733288902,0.8492491289049802,0.9991644562343621,-0.6568495828550909,instance,complexity_N1_top25
1,0.3709677419354839,0.6,0.19999999999999996,0.375,0.46224931648819734,0.0,0.47738410286101973,0.9994311717861206,1.0,0.6670651412364277,0.8435966201267917,0.9996096351136001,-0.568271848439916,instance,complexity_N1_top25
1,0.1369509043927648,0.0,0.575,0.25,0.3997530551540095,0.0,0.48284674680138095,0.997155858930603,1.0,0.6667750704317508,0.828999196694945,0.9780705816070558,0.4726503831304684,instance,complexity_N1_top25
1,0.19166666666666665,0.0,0.24444444444444446,0.4583333333333333,0.37613835983303656,0.0,0.4657579013074542,0.9931740614334471,1.0,0.666993674023412,0.8402058548387196,0.9943285182897387,0.6842520119328146,instance,complexity_N1_top25
1,0.41641566265060237,0.4,0.7060133630289532,0.6666666666666666,0.45401647130486267,0.0,0.48291690674990895,0.9982935153583617,1.0,0.6668201058438515,0.8667783003953033,0.9988823220916474,0.1863477083880613,instance,complexity_N1_top25
1,0.14389534883720922,0.0,0.24444444444444446,0.4583333333333333,0.2896411684395094,0.0,0.4262394845183012,0.9886234357224118,1.0,0.6669996917764771,0.8474178418811874,0.9923114949955618,1.2276737086808325,instance,complexity_N1_top25
1,0.17213541666666665,0.4,0.24444444444444446,0.4583333333333333,0.4521776812165189,0.5,0.4784641597053605,0.9988623435722411,1.0,0.6668747594139421,0.873623156417538,0.9979239779215291,0.14419170141724955,instance,complexity_N1_top25
1,0.412962962962963,0.6,0.24444444444444446,0.5,0.4348988370768817,0.0,0.4996269384440889,0.9994311717861206,1.0,0.666940844122165,0.86093837737395,0.9946664366696596,0.5690479984485933,instance,complexity_N1_top25
1,0.0625,0.2,0.24444444444444446,0.5,0.2774399884799431,0.0,0.47568955491424436,0.9994311717861206,1.0,0.6668646895709455,0.8645265599891983,0.9880540534922893,0.9669495186125691,instance,complexity_N1_top25
1,0.29141566265060237,0.2,0.09722222222222221,0.4583333333333333,0.4189839253228099,0.5,0.49071633888857746,0.9994311717861206,1.0,0.6667723834132407,0.8632002782430201,0.9865379394162752,1.6748991203345012,instance,complexity_N1_top25
1,0.31805555555555554,0.2,0.5154639175257731,0.4166666666666667,0.4198999291247186,0.0,0.4874979431691545,0.9988623435722411,1.0,0.6668192947906799,0.8528315743967171,0.9976094949230623,1.0197269994435685,instance,complexity_N1_top25
1,0.3446514423076923,0.0,0.24444444444444446,0.4583333333333333,0.42038195707313986,0.0,0.4342449291806564,0.9931740614334471,1.0,0.6669706209530808,0.8332396671945282,0.9874668044346727,0.7734079333838566,instance,complexity_N1_top25
1,0.3571428571428572,0.4,0.3137254901960784,0.3333333333333333,0.4554160677398813,0.5,0.4892824263157657,0.9994311717861206,1.0,0.6669324884841044,0.8214728049100816,0.9699614775733431,-0.1139298113304674,instance,complexity_N1_top25
1,0.33333333333333326,0.4,0.30201342281879195,0.375,0.36957326190967643,1.0,0.5072540813925019,1.0,1.0,0.6670024869731022,0.8418091453492391,0.971153219529882,0.6121177079106472,instance,complexity_N1_top25
1,0.36296296296296293,0.2,0.7060133630289532,0.625,0.45141395219124736,0.16666666666666666,0.4782653098385645,0.9982935153583617,1.0,0.6669874400044127,0.8717171380359843,0.9860969531200455,-0.052822263287131986,instance,complexity_N1_top25
1,0.6402714932126696,0.6,0.5154639175257731,0.375,0.39991582501909073,0.75,0.4766868104639268,0.9994311717861206,1.0,0.6669019168465516,0.8598544048305762,0.9996370509237417,0.876336458742469,instance,complexity_N1_top25
1,0.07446808510638303,0.0,0.17000000000000004,0.4583333333333333,0.35828640179440985,0.0,0.41007229961418623,0.997155858930603,1.0,0.6669138647290149,0.8378293011294895,0.9927760668879667,0.8388545622648642,instance,complexity_N1_top25
1,0.3272146847565842,0.4,0.26053639846743293,0.625,0.45456192964250064,0.4,0.5188955543219264,1.0,1.0,0.6668553370001425,0.8578461133193239,0.9945296827547145,0.5622583526073712,instance,complexity_N1_top25
1,0.27213541666666674,0.2,0.24444444444444446,0.4583333333333333,0.3861022987419195,0.0,0.4427931811440182,0.9977246871444824,1.0,0.666918768556933,0.838914032992701,0.996983207472214,0.9591685656550644,instance,complexity_N1_top25
1,0.4642857142857143,0.6,0.5634920634920635,0.4583333333333333,0.3106255277511599,1.0,0.5530531845827966,1.0,1.0,0.6668683637392315,0.8327720669960312,0.9970849422304595,0.7752690266494225,instance,complexity_N1_top25
1,0.512962962962963,0.8,0.07843137254901966,0.4166666666666667,0.4509217758569557,1.0,0.5003200497512958,1.0,1.0,0.6668919886021805,0.8531140906034267,0.9893799062600099,0.3649823007552626,instance,complexity_N1_top25
1,0.2840401785714286,0.0,0.5024875621890548,0.9166666666666666,0.44964357810627975,0.14285714285714285,0.4510099902237551,0.997155858930603,1.0,0.6670040741345392,0.8868811391878971,0.9975531323107012,0.10268429522985371,instance,complexity_N1_top25
1,0.24583333333333335,0.6,0.09722222222222221,0.4583333333333333,0.4354050965742605,0.25,0.46009222843310504,0.9994311717861206,1.0,0.6667653010911482,0.879511148786236,0.9988698948776205,0.585630736375661,instance,complexity_N1_top25
1,0.27213541666666674,0.8,0.6728395061728395,0.4583333333333333,0.4631515526536263,1.0,0.5239069275984782,1.0,1.0,0.6668761371453636,0.8320556405076107,0.9915212415712902,0.3417356622192034,instance,complexity_N1_top25
1,0.6043010752688172,0.6,0.19999999999999996,0.3333333333333333,0.4642982573922313,0.75,0.57236487222593,1.0,1.0,0.6668547945878067,0.8490201644291661,0.9960446746018092,-0.7226403031070072,instance,complexity_N1_top25
1,0.27213541666666674,0.2,0.09722222222222221,0.4583333333333333,0.42234196370860777,0.0,0.47363113064920825,0.9994311717861206,1.0,0.6668089548866908,0.8690208840027169,0.9991004305233311,1.1608526343229941,instance,complexity_N1_top25
1,0.044117647058823595,0.0,0.24444444444444446,0.4583333333333333,0.25705923631937766,0.0,0.4464915288368426,0.9914675767918089,1.0,0.6669003396072171,0.8288397570487223,0.9988653495572061,1.3272296886117743,instance,complexity_N1_top25
1,0.2930232558139535,0.2,0.26053639846743293,0.4583333333333333,0.3925630497174053,0.5,0.4904997048337232,0.9994311717861206,1.0,0.6669278569155589,0.8725072133895836,0.990919433077734,0.25750955073528325,instance,complexity_N1_top25
1,0.0,0.4,0.19999999999999996,0.3333333333333333,0.1719897966406264,1.0,0.5041298578965305,1.0,1.0,0.666674903270784,0.8339674289619478,0.990300908966173,1.294299287241335,instance,complexity_N1_top25
1,0.45234375000000004,0.8,0.3137254901960784,0.3333333333333333,0.4610472418524899,1.0,0.521480572323743,1.0,1.0,0.6669983258174169,0.8353617230350849,0.9789938691466227,-0.4542403327001473,instance,complexity_N1_top25
1,0.25234375,0.4,0.09722222222222221,0.25,0.4520406488406348,0.25,0.4846955694363272,0.9988623435722411,1.0,0.6667746815088534,0.8585060375835661,0.9684859593931754,0.9028187670231366,instance,complexity_N1_top25
1,0.14583333333333326,0.2,0.09722222222222221,0.5416666666666666,0.37908277375112653,0.0,0.4601355357542751,0.9977246871444824,1.0,0.6668587113282044,0.8277193266393142,0.9746305783734878,1.5909343564949199,instance,complexity_N1_top25
1,0.0714285714285714,0.6,0.3137254901960784,0.3333333333333333,0.46465203722219706,0.0,0.49574999732395497,0.9994311717861206,1.0,0.6671008090618002,0.8160701982302179,0.9697911299715413,-0.8737489777850574,instance,complexity_N1_top25
1,0.5243315508021391,0.6,0.26053639846743293,0.625,0.4496965749179357,0.6666666666666666,0.5155556238732869,1.0,1.0,0.6668226104915679,0.852069742177758,0.9945561473433048,0.6999786795493067,instance,complexity_N1_top25
1,0.36296296296296293,0.2,0.19999999999999996,0.2916666666666667,0.45829544577576387,0.2857142857142857,0.47715092890182087,0.9982935153583617,1.0,0.6669132850593021,0.8623706720078005,0.9917864959612958,-0.31029767631348215,instance,complexity_N1_top25
1,0.2047619047619048,0.2,0.2142857142857143,0.2916666666666667,0.3860314548437659,0.0,0.4825432420850735,0.9994311717861206,1.0,0.6669282329635242,0.8448534218112936,0.9967622175820428,0.20051181064213217,instance,complexity_N1_top25
1,0.1066176470588236,0.2,0.26053639846743293,0.75,0.2634562264603071,0.0,0.4553811458442584,0.9982935153583617,1.0,0.6667969110811274,0.8360254522213479,0.9868551092122966,2.308600178527484,instance,complexity_N1_top25
1,0.2840401785714286,0.6,0.6728395061728395,0.4583333333333333,0.4541842602891215,0.3333333333333333,0.500438004972434,1.0,1.0,0.6668496522756642,0.8516000366846243,0.9969714812597728,-0.43111453523367166,instance,complexity_N1_top25
1,0.16102430555555558,0.0,0.24444444444444446,0.5833333333333334,0.44684989735192404,0.0,0.4164425092550341,0.9965870307167235,1.0,0.666978455737777,0.8632783851032536,0.9989748475931127,0.3172927633556175,instance,complexity_N1_top25
1,0.2333333333333334,0.4,0.09722222222222221,0.4583333333333333,0.45449197821378273,0.0,0.4954730057641483,0.9994311717861206,1.0,0.6667454481935293,0.8565808522301908,0.9995792067270838,0.31953075670680314,instance,complexity_N1_top25
1,0.5441176470588236,0.2,0.09722222222222221,0.4583333333333333,0.44556551029332725,0.5,0.5212405740805858,1.0,1.0,0.6667745798232988,0.8610185827021565,0.9973210476021236,0.41989654028873796,instance,complexity_N1_top25
1,0.20234375000000004,0.0,0.09722222222222221,0.4583333333333333,0.4531882919656427,0.0,0.46143719534835836,0.9954493742889647,1.0,0.6668607840035536,0.8602067942974893,0.995246318102602,1.2217304780213185,instance,complexity_N1_top25
1,0.0,0.2,0.2142857142857143,0.2916666666666667,0.17198979661878394,1.0,0.5169475945268025,1.0,0.96,0.3588953103429693,0.8154655411894554,0.9911671445159489,3.407348095239511,instance,complexity_N1_top25
1,0.2843575418994413,0.0,0.24444444444444446,0.5416666666666666,0.44765031152337126,0.0,0.47771049064457216,0.997155858930603,1.0,0.6668624057478391,0.8456151544028648,0.9901945839272882,0.23326936924877123,instance,complexity_N1_top25
1,0.33820369574559517,0.4,0.26053639846743293,0.4583333333333333,0.43861809382784767,1.0,0.5164298793245488,1.0,1.0,0.6667341998905861,0.8516499169388279,0.9877699147843336,0.4335062742856442,instance,complexity_N1_top25
0,0.6338242762823768,0.8,0.7555555555555555,0.5416666666666666,0.5777499926743426,1.0,0.5397345457191652,1.0,1.0,0.6669660428278247,0.8498771517562915,0.980351391715075,-1.1763060795654567,instance,complexity_N1_top25
1,0.10833333333333339,0.2,0.24444444444444446,0.4583333333333333,0.43544805205282244,0.0,0.46747655048769265,0.9982935153583617,1.0,0.6669364741623334,0.853938214815514,0.9884473420788955,0.2961611795182763,instance,complexity_N1_top25
1,0.2142857142857143,0.6,0.6333333333333333,0.16666666666666666,0.4505251178401207,1.0,0.5099727608318405,1.0,1.0,0.6668609054574082,0.8456009445574796,0.9742696140161172,-0.08812130814102617,instance,complexity_N1_top25
1,0.23051409618573793,0.2,0.7060133630289532,0.625,0.45624344896374325,0.0,0.48620839995697207,0.9988623435722411,1.0,0.6668915920859102,0.8529105808816335,0.9960032666346466,0.31346817188850495,instance,complexity_N1_top25
1,0.5017369727047146,0.4,0.19999999999999996,0.3333333333333333,0.4615189156732292,0.5,0.4882417593384315,0.9982935153583617,1.0,0.6668331754540536,0.8630118166110851,0.9913115779774753,-0.002514771580553603,instance,complexity_N1_top25
1,0.2843575418994413,0.0,0.5024875621890548,0.4166666666666667,0.4475928476061606,0.0,0.4405482737011893,0.9954493742889647,1.0,0.6667739682307393,0.8468990443804165,0.9982544412538338,0.002396376516822856,instance,complexity_N1_top25
0,0.4537037037037037,0.8,0.7555555555555555,0.5,0.5643545482892641,0.0,0.499784994089865,0.9991935483870967,1.0,0.6668318479939234,0.8593167839152074,0.9960329738361213,-0.8292424976591032,instance,complexity_N1_top25
1,0.29141566265060237,0.6,0.3137254901960784,0.3333333333333333,0.4571054419536803,0.0,0.48963929390462146,0.9994311717861206,1.0,0.6667767889733348,0.8349782277294815,0.9667941080375271,0.7633609363869989,instance,complexity_N1_top25
1,0.14389534883720922,0.4,0.07843137254901966,0.4166666666666667,0.25755057333535814,1.0,0.525685414845624,1.0,0.96,0.6374995103188545,0.8297115568213368,0.9882174151069262,0.4541089612769334,instance,complexity_N1_top25
1,0.09583333333333333,0.2,0.07843137254901966,0.4166666666666667,0.2929611574329437,0.0,0.4982627696592137,0.9994311717861206,1.0,0.6668349459583207,0.8403728721031795,0.9952036304676414,1.313031137822404,instance,complexity_N1_top25
1,0.09999999999999998,0.2,0.3137254901960784,0.3333333333333333,0.46133527621300996,0.3333333333333333,0.49893828584761357,0.9994311717861206,1.0,0.6668528722088273,0.8086174348401899,0.9954973388638075,0.13892297487553046,instance,complexity_N1_top25
1,0.5441176470588236,0.2,0.24444444444444446,0.4583333333333333,0.31560136810380135,0.0,0.45638563221340944,0.9994311717861206,1.0,0.6668669135336154,0.8248803537685824,0.9849628725628673,1.8039664831893092,instance,complexity_N1_top25
1,0.3718575418994414,0.2,0.07843137254901966,0.4166666666666667,0.41909874719052664,0.0,0.43160547507160396,0.9994311717861206,1.0,0.6669402622789601,0.8462485359986299,0.995431079287572,0.4096884697455981,instance,complexity_N1_top25
1,0.22891566265060237,0.2,0.09722222222222221,0.4583333333333333,0.413695803506953,0.0,0.44814492502409053,0.9988623435722411,1.0,0.6668924913435818,0.8451319234664385,0.9955724662985938,0.46815600377816546,instance,complexity_N1_top25
1,0.1066176470588236,0.2,0.24444444444444446,0.4583333333333333,0.4251011716435319,0.5,0.5185832040234132,1.0,0.96,0.6530297808772071,0.8447860402661789,0.9866804862397534,1.0883504032241815,instance,complexity_N1_top25
1,0.24583333333333335,0.0,0.26053639846743293,0.625,0.40216726985830586,0.0,0.45448073265436995,0.9948805460750854,1.0,0.6668374358742976,0.852052655191576,0.9963055758121544,0.9891587844270178,instance,complexity_N1_top25
1,0.0,0.4,0.19999999999999996,0.25,0.17198979661878394,1.0,0.527301390329956,1.0,0.96,0.5156379233996822,0.8375939574622907,0.9976553970391395,2.4338319902675587,instance,complexity_N1_top25
1,0.5146299483648882,0.4,0.19999999999999996,0.3333333333333333,0.45370708529222137,1.0,0.5234582202883622,1.0,1.0,0.6668688704392097,0.8554651104046807,0.993179262686735,0.4005132745425421,instance,complexity_N1_top25
0,0.6016548463356974,0.6,0.3271604938271605,0.625,0.5356539570905969,0.6666666666666666,0.5768158949325533,1.0,1.0,0.6670240997859711,0.8450086119968415,0.999647417771176,0.7250546395676142,instance,complexity_N1_top25
1,0.125,0.0,0.5024875621890548,0.5,0.4222746723529488,0.0,0.4574708436477607,0.997155858930603,0.96,0.6236554888249841,0.8384301363176587,0.9838903083542342,1.347847943015387,instance,complexity_N1_top25
1,0.33435754189944134,0.2,0.5154639175257731,0.5,0.45059806917600065,0.0,0.4859758818115366,0.9988623435722411,1.0,0.6668890462140147,0.8611858347617004,0.9882753187248821,0.03874561030597903,instance,complexity_N1_top25
1,0.18674242424242427,0.2,0.24444444444444446,0.4583333333333333,0.35564312726962666,0.3333333333333333,0.4334142671792002,0.9977246871444824,1.0,0.666907997648069,0.8533449274355429,0.998605055297321,0.9972334980939802,instance,complexity_N1_top25
1,0.11940298507462688,0.2,0.09722222222222221,0.4583333333333333,0.3520196108203856,0.0,0.453524227439035,0.9977246871444824,1.0,0.6668501859552586,0.8520883535910113,0.977447327533446,2.042825904763193,instance,complexity_N1_top25
1,0.125,0.2,0.7285714285714286,0.4166666666666667,0.2517495032593916,0.0,0.47026336970882,0.9994311717861206,0.96,0.6468323355837193,0.8003608195484613,0.9968519893552347,2.1940755769989715,instance,complexity_N1_top25
1,0.6402714932126696,0.4,0.09722222222222221,0.4583333333333333,0.43999962296606326,0.0,0.44511271805331765,0.9988623435722411,1.0,0.6668800664659045,0.8499424616606872,0.9859277488603369,0.3127126066334282,instance,complexity_N1_top25
1,0.33820369574559517,0.2,0.09722222222222221,0.4583333333333333,0.4301694794700647,0.0,0.4857450184924813,0.9994311717861206,1.0,0.6668561687283652,0.882133550941293,0.9996749401984064,0.8217644530167221,instance,complexity_N1_top25
1,0.39247311827957,0.4,0.09722222222222221,0.4583333333333333,0.4183555047019588,0.0,0.48841023686513674,0.9994311717861206,1.0,0.6667807810167017,0.8456527515420882,0.9993740564766863,0.4887800472274046,instance,complexity_N1_top25
1,0.21296296296296302,0.8,0.30201342281879195,0.4166666666666667,0.4287410542405975,0.0,0.4901722725323032,0.9994311717861206,1.0,0.6669427140640799,0.8560418666922571,0.9986807065010675,0.5738945672687092,instance,complexity_N1_top25
1,0.5566820276497696,1.0,0.6037735849056604,0.4583333333333333,0.4643973167872678,1.0,0.6039634280115318,1.0,1.0,0.6667510828204578,0.8369762930695326,0.9828134012059423,-0.5238256311864908,instance,complexity_N1_top25
1,0.14389534883720922,0.0,0.575,0.2916666666666667,0.2870185283726404,0.0,0.43092199490399186,0.9948805460750854,1.0,0.6669007997482376,0.8322425482199223,0.9841006397223084,1.0187248891331215,instance,complexity_N1_top25
1,0.09583333333333333,0.0,0.24444444444444446,0.4583333333333333,0.25391466716077504,0.0,0.40658949602855077,0.9806598407281001,1.0,0.6670042468358002,0.8200405929383868,0.987566438013187,2.228715086726689,instance,complexity_N1_top25
1,0.4343575418994414,0.0,0.5634920634920635,0.375,0.4016015488526187,0.0,0.45462078329561906,0.9960182025028441,1.0,0.6668051076214345,0.8432162803134406,0.9864059888447564,0.8838704612729252,instance,complexity_N1_top25
1,0.09583333333333333,0.0,0.26053639846743293,0.625,0.3653826579197741,0.0,0.4705992115006514,0.9965870307167235,1.0,0.6668476779341065,0.8580061309066817,0.9979065552464479,1.4405243016665439,instance,complexity_N1_top25
0,0.76953125,0.8,0.83,0.2916666666666667,0.6259472803523805,1.0,0.5325597909303161,1.0,1.0,0.6668724464605752,0.835178798567378,0.9913580339072775,-0.9389458494914281,instance,complexity_N1_top25
1,0.07446808510638303,0.0,0.7285714285714286,0.5416666666666666,0.3543705098608486,0.0,0.4583898715663478,0.9937428896473265,1.0,0.6669249499059386,0.8259927820117136,0.9930797580335039,0.6454953074339265,instance,complexity_N1_top25
1,0.3041666666666667,0.2,0.07843137254901966,0.4166666666666667,0.34171239730136405,0.3333333333333333,0.49990707134389234,0.9994311717861206,1.0,0.6668869486676765,0.8446680781025567,0.9850201898228603,1.0462744320981048,instance,complexity_N1_top25
1,0.20666666666666667,0.4,0.24444444444444446,0.4583333333333333,0.4375633343409917,1.0,0.5120510382740601,1.0,1.0,0.666906524419141,0.8692269788726976,0.9997820400820068,0.7782088179386575,instance,complexity_N1_top25
1,0.2237723214285714,0.4,0.24444444444444446,0.5416666666666666,0.42456722971749683,0.5,0.5050836828226106,1.0,1.0,0.6667335840693953,0.8566304072176419,0.9871432457578676,1.3386254414823044,instance,complexity_N1_top25
1,0.5566820276497696,0.6,0.6037735849056604,0.4583333333333333,0.463309955195733,1.0,0.5358800971600355,1.0,0.96,0.6666666666666666,0.832339089472303,0.9948912272797404,-0.007793775198225203,instance,complexity_N1_top25
1,0.47580645161290325,0.6,0.26053639846743293,0.4583333333333333,0.45732096768022,0.5,0.469642922581207,0.9994311717861206,1.0,0.6666867914449737,0.8644429138549166,0.999534114514663,0.6781341815134144,instance,complexity_N1_top25
1,0.5243315508021391,0.6,0.07843137254901966,0.4166666666666667,0.4538142774088224,0.0,0.485210386877451,0.9988623435722411,1.0,0.6668764667810819,0.8579776348487337,0.9979317730208287,0.08100266951327888,instance,complexity_N1_top25
1,0.3877551020408163,0.2,0.5634920634920635,0.4583333333333333,0.44217564520292096,0.0,0.4744500440341256,0.9982935153583617,1.0,0.6669803552332975,0.827424090264308,0.9991636988939001,0.6966470219046887,instance,complexity_N1_top25
1,0.2583333333333333,0.2,0.5024875621890548,0.4166666666666667,0.23224649044935797,0.25,0.5090539890588812,1.0,1.0,0.6668711973671158,0.8472852016973763,0.9947070141600475,1.166157215310015,instance,complexity_N1_top25
0,0.6553485576923077,0.8,0.697986577181208,0.5416666666666666,0.5944057262793571,1.0,0.5454745813742605,1.0,1.0,0.6669280229791208,0.849731329126926,0.983700131799517,-1.1464631625471988,instance,complexity_N1_top25
1,0.10833333333333339,0.4,0.09722222222222221,0.4166666666666667,0.4556869557726583,0.0,0.42070116319153184,0.9994311717861206,1.0,0.6667613737924151,0.8718205888057288,0.9985562407108873,0.5363593915956693,instance,complexity_N1_top25
1,0.16102430555555558,0.2,0.07843137254901966,0.4166666666666667,0.4137222414207046,0.5,0.4870978159466429,0.9994311717861206,1.0,0.6669509560760879,0.8658132636383212,0.9999671406861869,0.5006755880677222,instance,complexity_N1_top25
1,0.275,0.2,0.24444444444444446,0.4583333333333333,0.4376875360290441,0.0,0.46071804517432935,0.9982935153583617,1.0,0.6669320282055348,0.8454688834225799,0.9978900050688574,0.5617645486966061,instance,complexity_N1_top25
1,0.48723404255319147,0.8,0.19999999999999996,0.3333333333333333,0.4241754083764025,0.5,0.5287050861688496,1.0,1.0,0.666964678206255,0.8399496002403215,0.9876483853205732,0.7753861280585014,instance,complexity_N1_top25
1,0.1369509043927648,0.0,0.24444444444444446,0.4583333333333333,0.31703527159192035,0.0,0.43996993644745563,0.9920364050056882,1.0,0.6669287562002514,0.8376819884892812,0.9919982066968436,0.7829029551744071,instance,complexity_N1_top25
1,0.34302325581395343,0.6,0.7285714285714286,0.4166666666666667,0.2689454490934403,1.0,0.5420842508300674,1.0,1.0,0.666864840207745,0.8496349859281094,0.988116815139855,0.5740945890174698,instance,complexity_N1_top25
1,0.09583333333333333,0.2,0.09722222222222221,0.4583333333333333,0.4317227825818569,0.0,0.44805604591340076,0.9982935153583617,1.0,0.6668124152935406,0.8617826885419458,0.9988847020166849,0.6895626130580945,instance,complexity_N1_top25
1,0.36296296296296293,0.2,0.5154639175257731,0.4166666666666667,0.4266920677032501,0.0,0.49006118218864303,0.9988623435722411,1.0,0.6669117061084757,0.8533492186966879,0.9981600488171104,0.4072436244067647,instance,complexity_N1_top25
1,0.15234375,0.2,0.19999999999999996,0.2916666666666667,0.4268466057592345,0.5,0.5170261531265059,1.0,1.0,0.6671451261015549,0.8468745618132943,0.9947651586506311,-0.3939651977717314,instance,complexity_N1_top25
1,0.4399159663865546,0.4,0.7060133630289532,0.5416666666666666,0.4597445662545132,0.0,0.45595637877455764,0.9994311717861206,1.0,0.6668983668412963,0.8525588321982469,0.9988514440001383,-0.24868157864593246,instance,complexity_N1_top25
1,0.19736842105263164,0.0,0.5634920634920635,0.375,0.36725329373393467,0.0,0.43650436427386874,0.9965870307167235,1.0,0.6669064085115792,0.849145374713954,0.9897537448408448,0.007070903154319075,instance,complexity_N1_top25
1,0.09583333333333333,0.2,0.09722222222222221,0.5416666666666666,0.39646312703137276,0.0,0.4869723157154574,0.9994311717861206,1.0,0.666907252631001,0.8336865441036578,0.9849245464806965,1.2634594962455539,instance,complexity_N1_top25
1,0.512962962962963,0.4,0.30201342281879195,0.5416666666666666,0.4587906599043493,0.4,0.5079907787888618,1.0,1.0,0.6671022265768135,0.8696960827650215,0.9998612441736586,0.0026374808694305356,instance,complexity_N1_top25
1,0.14128787878787885,0.2,0.5024875621890548,0.4583333333333333,0.43130805150881135,0.0,0.4933761133817943,0.9988623435722411,1.0,0.6668591758348713,0.8672702312492394,0.9839264971259216,0.869245679385234,instance,complexity_N1_top25
0,0.7085843373493976,1.0,0.8,0.4583333333333333,0.5610235667790815,1.0,0.5722819684576852,1.0,1.0,0.6666875004230945,0.8534206767456434,0.9993388425102355,-0.7825903884484761,instance,complexity_N1_top25
1,0.0,0.0,0.30201342281879195,0.4166666666666667,0.21704733643928842,0.0,0.4815036506445597,0.9960182025028441,0.96,0.6619813453065679,0.8236414073430504,0.9988743869057399,1.9193180294185066,instance,complexity_N1_top25
1,0.16796875,0.4,0.24444444444444446,0.5416666666666666,0.44884185201940496,0.6666666666666666,0.5035110975812991,1.0,1.0,0.6669277358916701,0.859669136601307,0.985626683123623,0.12461841602946978,instance,complexity_N1_top25
1,0.6907756813417191,0.6,0.7060133630289532,0.625,0.4574878493313782,0.3333333333333333,0.5125235790652832,1.0,1.0,0.6669526851212702,0.8519462284787483,0.9836465571104945,0.3123278325562402,instance,complexity_N1_top25
1,0.07446808510638303,0.2,0.26053639846743293,0.4583333333333333,0.33961402159275667,0.0,0.47994738990256625,0.9988623435722411,1.0,0.6668450941249221,0.8138959123426147,0.997115302603444,0.5699666356413396,instance,complexity_N1_top25
0,0.31276595744680846,0.6,0.3271604938271605,0.5833333333333334,0.5419579174844945,0.0,0.4823457737272139,0.9991935483870967,1.0,0.6669525016808355,0.8535390425764817,0.9970812228016939,0.3314625012529805,instance,complexity_N1_top25
1,0.6720588235294118,0.4,0.09722222222222221,0.2916666666666667,0.45534227664420746,0.0,0.49857842428386456,0.9994311717861206,1.0,0.6667554846475708,0.843371604621947,0.9949312259813359,0.6553317601410625,instance,complexity_N1_top25
1,0.10546875,0.0,0.6333333333333333,0.16666666666666666,0.411632678959034,0.0,0.474409802333434,0.9931740614334471,1.0,0.6669718934505867,0.834273771962176,0.9900073054827407,0.298001225250694,instance,complexity_N1_top25
1,0.27213541666666674,0.2,0.09722222222222221,0.4583333333333333,0.4101380135321012,1.0,0.5135898422054345,1.0,1.0,0.6668435979559719,0.8427082125426204,0.9761824362957315,1.3091400501466808,instance,complexity_N1_top25
1,0.08333333333333326,0.4,0.3137254901960784,0.3333333333333333,0.41719198179099193,0.0,0.46700474854325125,0.9988623435722411,1.0,0.6669805738360015,0.8504607219419323,0.9978437696670512,1.068539348672122,instance,complexity_N1_top25
1,0.7247340425531915,0.4,0.7060133630289532,0.4583333333333333,0.45018202644523575,0.25,0.5104085530794691,1.0,1.0,0.666759910587785,0.8463847320145069,0.9828047566224951,1.029738140448162,instance,complexity_N1_top25
0,0.7041666666666666,1.0,0.7394636015325671,0.7916666666666666,0.5778739991896487,0.6,0.5425050141469403,1.0,1.0,0.6667803819459223,0.8724314293002525,0.99787412454811,-0.6912925492957405,instance,complexity_N1_top25
1,0.1066176470588236,0.2,0.24444444444444446,0.4583333333333333,0.2838777581701293,0.0,0.47152609052070604,0.9982935153583617,1.0,0.6668731324107845,0.8157955559767683,0.989771857179524,2.2639776939175804,instance,complexity_N1_top25
1,0.5017369727047146,0.6,0.6728395061728395,0.5,0.4564848740847608,1.0,0.5156365440661463,1.0,1.0,0.6669635762522982,0.8195808477085349,0.9937083070817408,0.6005319604925389,instance,complexity_N1_top25
1,0.22891566265060237,0.0,0.3137254901960784,0.3333333333333333,0.4461342471726094,0.0,0.46336625655864405,0.997155858930603,1.0,0.6670270543227034,0.8305069680039665,0.9999451831653675,0.7806356802605614,instance,complexity_N1_top25
1,0.2776515151515151,0.6,0.09722222222222221,0.4583333333333333,0.426139710666786,1.0,0.5063500749834102,1.0,1.0,0.6668411425803031,0.8421724029781592,0.989566248930896,1.2610051861207097,instance,complexity_N1_top25
1,0.26249999999999996,0.2,0.07843137254901966,0.4166666666666667,0.3602653782310433,1.0,0.5044658153266728,1.0,1.0,0.6668143205137379,0.8306666128395243,0.9455365177304154,1.1314409104241014,instance,complexity_N1_top25
1,0.17213541666666665,0.0,0.09722222222222221,0.4583333333333333,0.3935460453221703,0.0,0.46741153761373166,0.9965870307167235,1.0,0.6668058210807605,0.851871772664782,0.9972419211795235,0.9813394071875463,instance,complexity_N1_top25
0,0.31405228758169934,0.2,0.29398663697104677,0.5,0.5422696016895504,0.0,0.4591740825818985,0.9967741935483871,1.0,0.6672708736576826,0.824745369780377,0.993653016123024,1.0782279380485447,instance,complexity_N1_top25
1,0.27976190476190477,0.2,0.26053639846743293,0.625,0.4462988512158276,0.2,0.5046431896160166,1.0,1.0,0.6668677459158565,0.8628919773915065,0.9799450922559064,0.34026783883020106,instance,complexity_N1_top25
0,0.11224489795918369,0.4,0.29398663697104677,0.9166666666666666,0.5392405379249304,0.0,0.46480976873570023,0.9983870967741936,1.0,0.6669055781986066,0.8480468596514453,0.9940227634774076,0.667162951773864,instance,complexity_N1_top25
0,0.38703703703703707,0.6,0.49751243781094523,0.5416666666666666,0.5972034613839518,0.0,0.4539579819555155,0.9991935483870967,1.0,0.6669515233386801,0.8315512744173844,0.9991644231561189,-0.1621110733687996,instance,complexity_N1_top25
0,0.725531914893617,0.6,0.83,0.2916666666666667,0.6274126652287965,0.5,0.4810796067500057,0.9991935483870967,1.0,0.666846544545034,0.81436255298628,0.9791271471797439,-0.01924137568446833,instance,complexity_N1_top25
0,0.30922431865828093,0.4,0.29398663697104677,0.8333333333333334,0.5383577578182934,0.2,0.4943067387541191,0.9983870967741936,1.0,0.6668694176250092,0.8452563322223063,0.99720920661736,0.054538945103611285,instance,complexity_N1_top25
0,0.49826302729528527,0.4,0.3271604938271605,0.5,0.5463481405211613,0.0,0.47321766249559194,0.9991935483870967,1.0,0.6668976085899838,0.8308083083324742,0.9715834358518218,-1.076671101538012,instance,complexity_N1_top25
0,0.4165322580645161,0.2,0.3271604938271605,0.375,0.5354981951164078,0.0,0.48004837529395594,0.9967741935483871,1.0,0.6668806341968668,0.8284095882017632,0.9996623000197118,0.13553549213735247,instance,complexity_N1_top25
0,0.48703703703703705,0.4,0.8,0.2916666666666667,0.5439830130399207,0.0,0.4667740556949572,0.9991935483870967,1.0,0.666949858038217,0.8423404663853268,0.9851375613223023,-0.5607312781603989,instance,complexity_N1_top25
0,0.7278645833333334,0.8,0.7394636015325671,0.5,0.585306373104062,1.0,0.5016182504924396,1.0,1.0,0.6667944913069067,0.851839997570433,0.9997751812705542,0.4647976085206972,instance,complexity_N1_top25
0,0.2583333333333333,0.4,0.27142857142857146,0.5833333333333334,0.596864965813146,0.0,0.45378567497041145,0.9983870967741936,1.0,0.6670764330609547,0.8307102935975711,0.9911027187854836,-0.4657068873731023,instance,complexity_N1_top25
0,0.6506734006734007,0.2,0.697986577181208,0.375,0.5551880767318155,0.0,0.4947116351690344,0.9991935483870967,1.0,0.6668843284120518,0.852855196093634,0.9987259487754103,-0.12811556276287359,instance,complexity_N1_top25
0,0.326530612244898,0.8,0.4365079365079365,0.375,0.5424148469235407,1.0,0.5482223069326932,1.0,1.0,0.6668709243083596,0.8703202908986344,0.9970799453474127,0.3719171756541567,instance,complexity_N1_top25
0,0.5,0.6,0.27142857142857146,0.5833333333333334,0.5709894244121031,0.0,0.48204035812851465,0.9991935483870967,1.0,0.6669843361906975,0.8540938291044903,0.9958910354523083,-0.21891443749596753,instance,complexity_N1_top25
1,0.0,0.6,0.24444444444444446,0.375,0.17199038928685295,1.0,0.5709384107367436,1.0,0.96,0.6661228185764518,0.7992076656140383,0.9527979512466495,1.9994800239040322,instance,complexity_N1_top25
0,0.2875,0.4,0.42500000000000004,0.4166666666666667,0.6409349318349695,1.0,0.5117501505625145,1.0,1.0,0.6669437534430019,0.8190046741016584,0.991940374080143,-0.023199867971400202,instance,complexity_N1_top25
0,0.5623655913978495,0.2,0.29398663697104677,0.9166666666666666,0.5375355685235312,0.0,0.446889929591892,0.9967741935483871,1.0,0.6668599077544101,0.829356349334141,0.9796816211349474,-0.31687498936943326,instance,complexity_N1_top25
0,0.3125,0.4,0.27142857142857146,0.5833333333333334,0.5692685416784994,0.25,0.4820923217687849,0.9975806451612903,1.0,0.6668751805891996,0.855450361713778,0.9954065003694815,0.22361858460585649,instance,complexity_N1_top25
0,0.11224489795918369,0.0,0.29398663697104677,0.5833333333333334,0.5420900213728463,0.0,0.4084702198363551,0.9943548387096774,0.96,0.6666634224373849,0.8363514054335225,0.9985004563829076,0.9550005879767132,instance,complexity_N1_top25
0,0.5058823529411764,0.2,0.27142857142857146,0.5833333333333334,0.606549924754339,0.0,0.4827748903885555,0.9967741935483871,1.0,0.6669036186556114,0.8284890087273784,0.9913434335188747,-0.8241749598915826,instance,complexity_N1_top25
0,0.6819444444444445,0.4,0.48453608247422686,0.375,0.6315656792833425,0.0,0.48176698819849373,0.9983870967741936,1.0,0.6668507664076018,0.8384224208735198,0.9803991546514869,-1.1142823315119987,instance,complexity_N1_top25
0,0.38596491228070173,0.2,0.49751243781094523,0.5,0.5700650828618068,0.5,0.5017766505916093,1.0,1.0,0.6668873717858557,0.8704981281665305,0.9949780604317818,0.1585138342110232,instance,complexity_N1_top25
0,0.3125,0.6,0.27142857142857146,0.5833333333333334,0.5903025629791621,0.5,0.5434569149872555,1.0,1.0,0.6669145331962775,0.8381602918597052,0.9764442785814907,-0.33795338910323147,instance,complexity_N1_top25
0,0.11224489795918369,0.2,0.29398663697104677,0.9166666666666666,0.5366408040406093,0.5,0.5030698472072416,1.0,1.0,0.6668616581446558,0.8488095255229093,0.9596656604092718,0.9403731607487423,instance,complexity_N1_top25
0,0.5808823529411764,0.6,0.7394636015325671,0.4166666666666667,0.6954340654693206,1.0,0.5118919141753473,1.0,1.0,0.6668342864979054,0.860748022384866,0.9971557458596509,-0.8811582096619469,instance,complexity_N1_top25
0,0.49311926605504586,0.4,0.6862745098039216,0.2916666666666667,0.5417581834858994,0.0,0.4862776716899734,0.9983870967741936,1.0,0.6669332534025175,0.8463448379590948,0.994303420249566,-0.09724776796370582,instance,complexity_N1_top25
1,0.5541666666666667,0.8,0.5634920634920635,0.6666666666666666,0.4416961032372193,1.0,0.50724976526477,1.0,1.0,0.667042196696821,0.8350445727633174,0.973599266470468,0.18338233949673996,instance,complexity_N1_top25
0,0.5378646803227809,0.6,0.49751243781094523,0.4166666666666667,0.5747010421338156,0.0,0.48882209215305594,0.9983870967741936,1.0,0.6669774494148331,0.8394646787876581,0.9847938922727673,-0.3275711523813148,instance,complexity_N1_top25
0,0.45202558635394463,0.2,0.3271604938271605,0.625,0.5579668698522067,0.0,0.4886489514230635,0.9983870967741936,1.0,0.6670417144483892,0.8368254710343135,0.98564226611763,-0.28530923014575,instance,complexity_N1_top25
0,0.11224489795918369,0.4,0.29398663697104677,0.5,0.5360753337925405,0.5,0.5131226622745488,1.0,1.0,0.6667120117331694,0.8057585247718602,0.9654621643900353,0.8797494579232179,instance,complexity_N1_top25
0,0.7159598214285714,0.2,0.3271604938271605,0.625,0.5409415599885482,1.0,0.5100399075657049,1.0,1.0,0.666894115845643,0.8469303173839687,0.9944657807222451,0.26213173079144475,instance,complexity_N1_top25
0,0.0,0.2,0.27142857142857146,0.5833333333333334,0.81854840358406,0.0,0.4678989853908083,0.9967741935483871,0.96,0.633791461343425,0.8227389919742067,0.9782841505985026,-1.2760880696815249,instance,complexity_N1_top25
0,0.11224489795918369,0.2,0.3271604938271605,0.625,0.5359798475248678,0.0,0.4944532766119464,0.9983870967741936,1.0,0.6669479025331619,0.8243003310898606,0.9979960959403036,1.174391851866012,instance,complexity_N1_top25
0,0.6809895833333334,0.6,0.27142857142857146,0.5416666666666666,0.5584069279936952,1.0,0.5160982817981662,1.0,1.0,0.6668260916947594,0.8560490218170973,0.9973521991616027,0.07652683463336221,instance,complexity_N1_top25
0,0.625,0.4,0.7555555555555555,0.3333333333333333,0.5657959528487392,0.5,0.5258252654650639,1.0,1.0,0.6669343951432958,0.8747475173834739,0.9906792061158618,-0.7114528751037882,instance,complexity_N1_top25
0,0.125,0.0,0.29398663697104677,0.9166666666666666,0.828010203381216,0.0,0.427382238260008,0.9951612903225806,0.96,0.6570386926118388,0.8494315536896855,0.994110341115689,0.285641713331637,instance,complexity_N1_top25
0,0.6489757914338921,0.8,0.7555555555555555,0.5416666666666666,0.5796227005567967,1.0,0.522432755592209,1.0,1.0,0.6668778064803195,0.855296732732141,0.986511146233704,-1.0160318067966676,instance,complexity_N1_top25
0,0.751937984496124,0.6,0.83,0.2916666666666667,0.6651328653863328,1.0,0.533298461435096,1.0,1.0,0.6669693660867351,0.8383282267140539,0.9991443584230187,-0.4939478381388437,instance,complexity_N1_top25
0,0.39569892473118284,0.8,0.7555555555555555,0.4166666666666667,0.5413898675302431,1.0,0.5207675644412457,1.0,1.0,0.6669151847011556,0.8516856490546577,0.9972922162489163,-0.4962371882182712,instance,complexity_N1_top25
0,0.2290322580645161,0.4,0.3271604938271605,0.625,0.538709003165205,0.0,0.48908904711389056,0.9991935483870967,0.96,0.6666666666666666,0.8444388562379388,0.9907873742360253,0.3500666414731346,instance,complexity_N1_top25
0,0.34042553191489366,0.4,0.29398663697104677,0.9166666666666666,0.5407872360298497,0.0,0.47886183327051635,0.9975806451612903,1.0,0.6668610499728886,0.8155667853417613,0.9635380522531471,0.5095200550816433,instance,complexity_N1_top25
0,0.11224489795918369,0.2,0.29398663697104677,0.625,0.5367420444772347,1.0,0.5010332256601924,1.0,1.0,0.6667771366718243,0.8305494758829601,0.9947896695105883,0.7633663744844228,instance,complexity_N1_top25
0,0.1875,0.6,0.48453608247422686,0.2916666666666667,0.6024259061287055,1.0,0.5030882125163799,1.0,1.0,0.666910472245079,0.8204181601171256,0.993641681221605,-0.6767098030115647,instance,complexity_N1_top25
0,0.3125,0.4,0.7394636015325671,0.4583333333333333,0.643909695847062,1.0,0.5055805227207373,1.0,1.0,0.6668334883059049,0.8208802400035994,0.9914449106160208,-0.4755320577034261,instance,complexity_N1_top25
0,0.4241935483870968,0.6,0.29398663697104677,0.4166666666666667,0.548312920661159,1.0,0.5128627120275098,1.0,1.0,0.666839143299539,0.8526434065153101,0.9991689674287471,0.11614681040200792,instance,complexity_N1_top25
0,0.39608433734939763,0.0,0.29398663697104677,0.5,0.5497542660103509,0.5,0.4547538990104881,0.989516129032258,1.0,0.6668781506277409,0.8362141973313737,0.9669798176102556,0.333408180114078,instance,complexity_N1_top25
0,0.5378646803227809,0.4,0.27142857142857146,0.7083333333333334,0.5417207699389458,0.0,0.45758664620414524,0.9975806451612903,1.0,0.6668887977906036,0.8674801527783249,0.996764571102693,0.533372215103062,instance,complexity_N1_top25
0,0.0,0.8,0.3271604938271605,0.375,0.548125595545217,0.0,0.48365996824307833,0.9991935483870967,0.96,0.6666666666666666,0.8126005236412448,0.997711781649129,-1.0703289980720943,instance,complexity_N1_top25
0,0.59765625,0.4,0.27142857142857146,0.5833333333333334,0.5692900471492282,0.0,0.49383008121676697,0.9983870967741936,1.0,0.6670270447740692,0.8400034067516279,0.989203453045931,-0.08713776462596727,instance,complexity_N1_top25
0,0.20294117647058818,0.6,0.3271604938271605,0.625,0.5355411454514595,0.5,0.48295632433168645,0.9991935483870967,1.0,0.666856557425011,0.8409721507777705,0.9984969009323301,1.0831212502876602,instance,complexity_N1_top25
1,0.3959677419354839,0.4,0.6037735849056604,0.5,0.46405119688601715,0.3333333333333333,0.50697909806098,1.0,1.0,0.6669445922944146,0.8280234934890894,0.9721512190353513,0.140882616075008,instance,complexity_N1_top25
0,0.37119801365611427,0.4,0.4365079365079365,0.375,0.5469971000965654,0.0,0.4877876257421898,0.9983870967741936,1.0,0.6668217991235136,0.8648452971940261,0.9837567622716953,0.04098418186163456,instance,complexity_N1_top25
0,0.3916666666666666,0.4,0.4365079365079365,0.4166666666666667,0.53849939073375,0.3333333333333333,0.4981544459046703,0.9991935483870967,1.0,0.6668538693166511,0.8524489039095797,0.9916025448826757,-0.3858476804690104,instance,complexity_N1_top25
0,0.20294117647058818,0.2,0.29398663697104677,0.9166666666666666,0.5457708052777582,0.0,0.46937896883072394,0.9967741935483871,1.0,0.6668824862038544,0.8549861689453923,0.9927715654121337,-0.016110977727813402,instance,complexity_N1_top25
1,0.34166666666666656,0.4,0.26053639846743293,0.375,0.4005876113225382,0.75,0.5203907586807266,1.0,1.0,0.6668736826883277,0.8407144813878732,0.9908209300923841,0.6101117500537726,instance,complexity_N1_top25
0,0.11224489795918369,0.4,0.29398663697104677,0.625,0.5348503843463734,0.0,0.49386924859249837,0.9991935483870967,0.96,0.6666666666666666,0.8112935937566057,0.9920567758917076,1.6062158463987775,instance,complexity_N1_top25
0,0.5710843373493976,0.6,0.3666666666666667,0.20833333333333334,0.5479237700796046,0.0,0.48913843689231384,0.9991935483870967,1.0,0.6670270096971052,0.8484863825122274,0.9944466483913598,-0.567384654837079,instance,complexity_N1_top25
0,0.09756097560975607,0.4,0.29398663697104677,0.5833333333333334,0.5380360762125318,0.0,0.4665697606474649,0.9975806451612903,1.0,0.6668733434218527,0.8251154053981098,0.983995837841555,-0.028131863084542057,instance,complexity_N1_top25
1,0.4191176470588236,1.0,0.5024875621890548,0.4166666666666667,0.3687334787447919,1.0,0.5528083911215236,1.0,1.0,0.6669950865447136,0.8445430029108202,0.9867316206705515,0.48056909071632553,instance,complexity_N1_top25
1,0.40234375,0.4,0.6728395061728395,0.4583333333333333,0.4552739418596339,0.6,0.49929914872733505,0.9994311717861206,1.0,0.6668398072502206,0.8574998155693926,0.997500549275215,0.20455797244258822,instance,complexity_N1_top25
0,0.1684782608695652,0.4,0.3666666666666667,0.20833333333333334,0.6073966215693377,0.6666666666666666,0.5200235052076876,1.0,1.0,0.6669605118270556,0.8271031835606054,0.946032042203571,0.1352105589111357,instance,complexity_N1_top25
0,0.2695417789757413,0.4,0.697986577181208,0.375,0.54683134410368,0.0,0.45594496937423457,0.9983870967741936,1.0,0.66682970676605,0.8544309087322287,0.9995016302977565,0.6875383243970025,instance,complexity_N1_top25
0,0.3685897435897436,0.4,0.7555555555555555,0.4166666666666667,0.5497599044279432,0.0,0.47367860353866786,0.9991935483870967,1.0,0.6669314186091116,0.8660863185066539,0.9861205316101215,0.009623753894975681,instance,complexity_N1_top25
0,0.2290322580645161,0.2,0.3271604938271605,0.625,0.537724422619896,0.0,0.4785559014181646,0.9975806451612903,1.0,0.6669123146840552,0.8408623578961447,0.9871523527638272,-0.22425922665194686,instance,complexity_N1_top25
0,0.625,0.8,0.49751243781094523,0.7083333333333334,0.5662224040956946,1.0,0.5160758614802193,1.0,1.0,0.6668678973901917,0.8685036616595042,0.99738638498057,-0.4933902243536297,instance,complexity_N1_top25
0,0.578021978021978,0.6,0.7394636015325671,0.4583333333333333,0.640077749006419,1.0,0.5551912659940972,1.0,1.0,0.6669078369872542,0.819477171705019,0.9826275721115543,-0.7180809323539316,instance,complexity_N1_top25
1,0.27213541666666674,0.8,0.5634920634920635,0.4166666666666667,0.43435076074218637,0.0,0.47078712188134475,0.9994311717861206,1.0,0.6668962505050681,0.8529972348380329,0.9992916097896767,-0.16478226099667465,instance,complexity_N1_top25
0,0.15311653116531165,0.6,0.29398663697104677,0.9166666666666666,0.5357420583915935,0.0,0.4876593378706626,0.9991935483870967,1.0,0.6669281072424627,0.8141010741324682,0.9795504775265564,0.6535724473134272,instance,complexity_N1_top25
0,0.3586956521739131,0.4,0.27142857142857146,0.5833333333333334,0.5595241556512356,0.0,0.4595597444577405,0.9975806451612903,1.0,0.6668990565961793,0.8311462004096503,0.9924718181299468,-0.5541690094499147,instance,complexity_N1_top25
0,0.5904255319148937,0.4,0.3271604938271605,0.625,0.5422697515989363,0.0,0.4995292319140865,0.9991935483870967,1.0,0.6668826514729698,0.8242252236643506,0.9791144488242244,0.16866043987330082,instance,complexity_N1_top25
0,0.20869565217391295,0.8,0.27142857142857146,0.625,0.611611239032233,1.0,0.5077801085972022,1.0,1.0,0.6668547145154211,0.8322894360575893,0.9925959667502109,0.7094225765041396,instance,complexity_N1_top25
0,0.6553030303030303,0.2,0.49751243781094523,0.625,0.5809496951535472,0.25,0.5254575590268903,1.0,1.0,0.6669246787925162,0.8686947811036267,0.9959636094805984,-0.5557258406812356,instance,complexity_N1_top25
0,0.1684782608695652,0.8,0.29398663697104677,0.5,0.5390547959191313,0.0,0.4957071179036523,0.9991935483870967,1.0,0.6668808224476508,0.7931200743002779,0.99379550652148,0.34643406612816807,instance,complexity_N1_top25
1,0.47916666666666674,0.4,0.26053639846743293,0.4166666666666667,0.29996747430660164,0.0,0.42581905310264334,0.9994311717861206,1.0,0.6667614560271967,0.8204111466114236,0.9731947810544659,0.81554299032221,instance,complexity_N1_top25
0,0.3933823529411764,0.6,0.42500000000000004,0.4166666666666667,0.5452587149282824,0.3333333333333333,0.46171574019323836,0.9983870967741936,1.0,0.6669256901748177,0.8612973839868576,0.9894357120509214,0.05860361757731863,instance,complexity_N1_top25
1,0.5018867924528302,0.8,0.5634920634920635,0.4583333333333333,0.44952320533462886,1.0,0.5653681936591368,1.0,1.0,0.6669611017846439,0.8584394764789305,0.9849013178507632,0.5432215525859511,instance,complexity_N1_top25
0,0.42108433734939765,0.2,0.49751243781094523,0.4583333333333333,0.5427879088196947,0.16666666666666666,0.46353811638908504,0.9967741935483871,1.0,0.6669473887669592,0.8713524195032779,0.998154591112495,-0.6059116766295182,instance,complexity_N1_top25
0,0.11224489795918369,0.2,0.6862745098039216,0.2916666666666667,0.5403281339849202,1.0,0.5011789309859263,1.0,1.0,0.6668570572129785,0.839825645931309,0.9945391021350399,0.749993172161902,instance,complexity_N1_top25
0,0.6281424581005587,0.4,0.27142857142857146,0.7083333333333334,0.5572719503061386,0.25,0.4605607672129701,0.9975806451612903,1.0,0.6668407202231033,0.8517342327332037,0.9969298685453477,0.21771626315359227,instance,complexity_N1_top25
1,0.589149560117302,0.8,0.6037735849056604,0.4583333333333333,0.4647244588406908,1.0,0.506376960261143,1.0,1.0,0.666893434635256,0.8216726650803521,0.971874872006188,-0.5996876698436884,instance,complexity_N1_top25
0,0.4558823529411764,0.4,0.3271604938271605,0.625,0.5400519285185409,0.3333333333333333,0.46038284150194775,0.9975806451612903,1.0,0.6668669155691846,0.8552496583501663,0.9965296396796215,0.17302073783984018,instance,complexity_N1_top25
0,0.11224489795918369,0.4,0.29398663697104677,0.625,0.5394071794151089,0.0,0.4916447182016107,0.9983870967741936,1.0,0.6669066528332763,0.8558441422675517,0.99813717479022,0.572282066404668,instance,complexity_N1_top25
0,0.6181192660550459,0.4,0.49751243781094523,0.5416666666666666,0.5517006406367723,0.0,0.4737549874149669,0.9983870967741936,1.0,0.6670319143448168,0.8535838088410831,0.9784226489720045,-0.04781028272927906,instance,complexity_N1_top25
1,0.16445182724252494,0.4,0.5024875621890548,0.9166666666666666,0.25968030393697683,1.0,0.5298894485978738,1.0,1.0,0.6669395652156316,0.8548220107551944,0.9968663663611999,0.9718772029437145,instance,complexity_N1_top25
0,0.2058823529411764,0.4,0.49751243781094523,0.4166666666666667,0.5461694791800958,0.6666666666666666,0.5478244263676891,1.0,1.0,0.6668886564880286,0.8503433555913033,0.9967396729512933,0.4058581300096994,instance,complexity_N1_top25
0,0.20294117647058818,0.4,0.27142857142857146,0.5833333333333334,0.5421042225250702,0.0,0.48454453689310695,0.9991935483870967,1.0,0.6669426869190271,0.8407251085328636,0.979012512047565,0.8788534822464673,instance,complexity_N1_top25
0,0.5017595307917888,0.0,0.29398663697104677,0.625,0.5360080005809699,0.0,0.44734760364114223,0.9959677419354839,1.0,0.6669459082178659,0.8431267597374753,0.9989493017911409,0.3255102628305048,instance,complexity_N1_top25
0,0.21276595744680848,0.6,0.8,0.2916666666666667,0.5363698201945359,0.5,0.49290667462518745,0.9991935483870967,1.0,0.6670243950887794,0.8363958889327303,0.9871959905547469,0.7028810993438912,instance,complexity_N1_top25
0,0.5290322580645161,0.8,0.7555555555555555,0.4166666666666667,0.5447573319059456,1.0,0.5250033550409043,1.0,1.0,0.6670298743351235,0.8696736946344807,0.9948661110689397,-0.20809388364192433,instance,complexity_N1_top25
0,0.45833333333333337,0.4,0.697986577181208,0.375,0.5494501895869253,1.0,0.517465774587887,1.0,1.0,0.6669266913674917,0.8421010164319963,0.998543066773594,0.5210244512569309,instance,complexity_N1_top25
0,0.31405228758169934,0.2,0.29398663697104677,0.5,0.541851521306898,0.0,0.4910570918925432,0.9975806451612903,1.0,0.666914310091656,0.8347607929312919,0.9654951905365035,-0.2663487748342233,instance,complexity_N1_top25
0,0.5567986230636833,0.2,0.29398663697104677,0.625,0.5376434190389977,0.6666666666666666,0.4930391321722437,0.9991935483870967,1.0,0.6668064785263174,0.8446114479968722,0.9920462053891161,-0.3305474994072038,instance,complexity_N1_top25
0,0.37119801365611427,0.4,0.7394636015325671,0.25,0.5534060893899271,0.0,0.49304590279129,0.9991935483870967,1.0,0.666869281374759,0.8628324699608786,0.9992737529962846,-0.14641215193105298,instance,complexity_N1_top25
0,0.21276595744680848,0.2,0.3666666666666667,0.2916666666666667,0.5377850244083869,0.0,0.47001839867888473,0.9991935483870967,1.0,0.6670489695426621,0.8241329328909913,0.992339710996609,0.8493201866681626,instance,complexity_N1_top25
0,0.6315126050420168,0.8,0.8,0.5,0.547265737824197,0.75,0.510827131440567,1.0,1.0,0.666811311633249,0.8706443962426718,0.9877962213549297,-0.5175656065290756,instance,complexity_N1_top25
0,0.34912959381044484,0.4,0.29398663697104677,0.5,0.540380654879126,0.0,0.4841136173413312,0.9991935483870967,1.0,0.6668695021246895,0.8176364579241752,0.9948119200665607,-0.8319420434310688,instance,complexity_N1_top25
1,0.19736842105263164,0.8,0.2142857142857143,0.2916666666666667,0.415657691021989,1.0,0.5025147327920941,1.0,1.0,0.6668375236654034,0.8576945237876714,0.9998761504343613,-0.2601361537759853,instance,complexity_N1_top25
0,0.37119801365611427,0.4,0.27142857142857146,0.5833333333333334,0.5454456300403336,0.2,0.4871706494959175,0.9991935483870967,1.0,0.6669357851670719,0.8665084183388204,0.9951738033171422,0.22177802213998293,instance,complexity_N1_top25
0,0.45833333333333337,0.2,0.697986577181208,0.375,0.6224679760639195,1.0,0.5075631480080767,1.0,1.0,0.6669527084336572,0.831652666658555,0.996982635891741,-0.9939537158215083,instance,complexity_N1_top25
0,0.6041666666666666,0.2,0.3271604938271605,0.625,0.5374242679413662,0.5,0.4617011125747629,0.9967741935483871,1.0,0.6668689533352317,0.8429311965007676,0.9693261123633231,0.628550602841244,instance,complexity_N1_top25
0,0.09756097560975607,0.4,0.29398663697104677,0.625,0.535572885265568,1.0,0.5001146184654364,1.0,1.0,0.666778955879247,0.8272164362537103,0.9868398927188072,1.2276564304159336,instance,complexity_N1_top25
0,0.4558823529411764,0.6,0.49751243781094523,0.4166666666666667,0.5465957205802754,0.5,0.5121414212567375,1.0,1.0,0.6668763779326425,0.8770481865401588,0.9961562154259092,0.16620515126355317,instance,complexity_N1_top25
1,0.5941176470588235,0.6,0.5154639175257731,0.3333333333333333,0.4504144643870327,1.0,0.5202555600078067,1.0,1.0,0.6669212367694318,0.8541699768088378,0.9758770713070732,0.666381083749828,instance,complexity_N1_top25
0,0.38703703703703707,0.4,0.7555555555555555,0.4166666666666667,0.559917624301322,0.0,0.493343855925756,0.9991935483870967,1.0,0.6668963736191934,0.8367094647408867,0.9934260634670476,-0.7460035190637185,instance,complexity_N1_top25
0,0.18333333333333335,0.2,0.29398663697104677,0.5,0.5382711210751622,0.0,0.48485665440386916,0.9967741935483871,1.0,0.666873138368809,0.8148563050838211,0.9676450522541342,0.023754946481437375,instance,complexity_N1_top25
1,0.7304582210242587,0.8,0.6333333333333333,0.2916666666666667,0.4599254057502228,0.8333333333333334,0.5573278773210862,1.0,1.0,0.6669625037757233,0.8609264969314703,0.9998223523061165,-0.28147365336593316,instance,complexity_N1_top25
0,0.6203835227272727,0.8,0.29398663697104677,0.6666666666666666,0.5459397389405423,1.0,0.5092950019589526,1.0,1.0,0.6668757559078381,0.8478298218800085,0.9785261972079452,-0.20854087356084547,instance,complexity_N1_top25
0,0.5469208211143695,0.4,0.7394636015325671,0.5,0.5455551392052832,0.0,0.4742117256716326,0.9983870967741936,1.0,0.6667380912695258,0.8749979743255277,0.9934943247843362,-0.04839387854766467,instance,complexity_N1_top25
0,0.6281424581005587,0.6,0.42500000000000004,0.4166666666666667,0.5474143008653378,1.0,0.5082491097850961,1.0,1.0,0.6669250177683612,0.8556287831063999,0.9808065414993561,0.5394599991634872,instance,complexity_N1_top25
0,0.3290322580645161,0.4,0.29398663697104677,0.9166666666666666,0.5375415815502008,0.5,0.5001966707265452,1.0,1.0,0.6670984884288638,0.8477014260429572,0.9920228989975676,-0.042417082088944257,instance,complexity_N1_top25
0,0.2058823529411764,0.4,0.48453608247422686,0.2916666666666667,0.5788496215129517,0.0,0.4867001219485838,0.9991935483870967,1.0,0.66679184291847,0.812942319591257,0.9656920912191652,-0.6078175188487417,instance,complexity_N1_top25
0,0.6506734006734007,0.4,0.3271604938271605,0.4166666666666667,0.5397836630577802,0.0,0.4562180200661131,0.9983870967741936,1.0,0.6668905799113655,0.8444706182603983,0.9967171697342262,-0.07130993672964674,instance,complexity_N1_top25
0,0.6666666666666666,0.8,0.83,0.5416666666666666,0.610180880905553,0.5,0.5120901170811517,1.0,1.0,0.6669429411047959,0.8599206550883619,0.9933446736922533,-0.7858880381306024,instance,complexity_N1_top25
0,0.433710407239819,0.2,0.3271604938271605,0.4166666666666667,0.5402990950967466,0.3333333333333333,0.4577928413078264,0.9991935483870967,1.0,0.6669526310389705,0.8570960327278866,0.9999653540530268,-0.04474702090349111,instance,complexity_N1_top25
0,0.0,0.2,0.29398663697104677,0.9166666666666666,0.5345871416125321,0.0,0.464731910939316,0.9975806451612903,1.0,0.6670218767075654,0.7978960789112084,0.991777339851319,1.0954326489736004,instance,complexity_N1_top25
0,0.42340067340067344,0.2,0.7555555555555555,0.4583333333333333,0.5457122287070736,0.0,0.45907614668136887,0.9967741935483871,1.0,0.6669401077607124,0.8510043678257772,0.9940507765648231,-0.6151663810657948,instance,complexity_N1_top25
0,0.725531914893617,0.6,0.83,0.2916666666666667,0.6173244740217257,1.0,0.5336665357364656,1.0,1.0,0.6668845672276293,0.8405964620571814,0.9959644965822576,-0.5105782644610063,instance,complexity_N1_top25
1,0.39247311827957,0.4,0.17000000000000004,0.3333333333333333,0.41586118050718535,1.0,0.522374622545031,1.0,1.0,0.666788943805405,0.8309105007795345,0.9981314970070604,-0.38166291558417653,instance,complexity_N1_top25
0,0.59765625,0.8,0.3271604938271605,0.5416666666666666,0.5417519882290717,0.6666666666666666,0.5384304464607437,1.0,1.0,0.666865943770528,0.8665074102648341,0.9987678644260466,0.16398575443653768,instance,complexity_N1_top25
1,0.49411764705882355,0.8,0.7285714285714286,0.625,0.4422129126208927,1.0,0.5370497585941648,1.0,1.0,0.6669732732469397,0.827089165350329,0.9740725476704614,-0.6694948785669312,instance,complexity_N1_top25
0,0.46534148827726807,0.4,0.27142857142857146,0.5833333333333334,0.5421868773335056,1.0,0.5290923527605814,1.0,1.0,0.6674505910588997,0.8518868681448771,0.9992417241563548,0.6621789022293684,instance,complexity_N1_top25
0,0.6041666666666666,0.4,0.49751243781094523,0.6666666666666666,0.5414945742682975,0.5,0.5170198035093378,1.0,1.0,0.6668459718450784,0.868746869809123,0.9960902740702736,0.017537218981358974,instance,complexity_N1_top25
0,0.45202558635394463,0.6,0.29398663697104677,0.9166666666666666,0.5570381142135319,0.25,0.5375414063814115,1.0,1.0,0.6668912256093127,0.8675433092688272,0.9995063769250185,-0.27271773466352617,instance,complexity_N1_top25
1,0.34166666666666656,0.2,0.5634920634920635,0.4166666666666667,0.4366279671259887,1.0,0.503252987675374,1.0,1.0,0.6668823720454455,0.8573015123204574,0.9935002413501329,0.0474514574454288,instance,complexity_N1_top25
0,0.48328267477203646,0.6,0.29398663697104677,0.9166666666666666,0.5410722538123207,0.0,0.4927414936763309,0.9991935483870967,1.0,0.6670022524387837,0.8459474715111301,0.9746500216760751,0.279468859495727,instance,complexity_N1_top25
0,0.7223484848484849,0.4,0.48453608247422686,0.4166666666666667,0.5648316902590205,0.0,0.4438733693553114,0.9991935483870967,0.96,0.6666666666666666,0.8505045246462133,0.998949403542077,-0.5382435516344287,instance,complexity_N1_top25
0,0.5208333333333334,0.2,0.49751243781094523,0.4166666666666667,0.6356759889448249,0.0,0.4954501332922855,0.9991935483870967,1.0,0.6670465863615649,0.8218561271623811,0.9976709017080113,0.4755482521529896,instance,complexity_N1_top25
0,0.7278645833333334,0.6,0.29398663697104677,0.9166666666666666,0.5415383459949753,1.0,0.5201176106190392,1.0,1.0,0.6669545755452513,0.8459994147254452,0.9951329442378722,-0.14771712212690047,instance,complexity_N1_top25
0,0.39897579143389195,0.2,0.7555555555555555,0.4166666666666667,0.549191939077102,1.0,0.5057055242199446,1.0,1.0,0.6669009473827759,0.8631205335662888,0.9945841663687027,-1.231556210259157,instance,complexity_N1_top25
0,0.4537037037037037,0.6,0.48453608247422686,0.4583333333333333,0.5458578748576154,0.25,0.48400705884071515,0.9983870967741936,1.0,0.6669483112807608,0.8686106003313498,0.9991785444635045,-0.6203457138589424,instance,complexity_N1_top25
0,0.26609105180533754,0.0,0.29398663697104677,0.5,0.5373157071371961,0.0,0.4469997803612449,0.9935483870967742,1.0,0.6668721880155313,0.8222703402487365,0.9956417928906437,0.8940480992128091,instance,complexity_N1_top25
1,0.7210884353741497,0.8,0.7060133630289532,0.3333333333333333,0.46448869086050193,1.0,0.5486737881099439,1.0,1.0,0.6669139691589615,0.8092783434785757,0.9892398845080581,-0.4722664313163001,instance,complexity_N1_top25
0,0.37119801365611427,0.4,0.697986577181208,0.375,0.6062439530921385,0.6666666666666666,0.5134060615226376,1.0,1.0,0.666881709193171,0.8525427086806806,0.9955872972607921,-0.2886540959435548,instance,complexity_N1_top25
0,0.37119801365611427,0.2,0.48453608247422686,0.375,0.5511778814077428,0.2,0.4777861110022611,0.9991935483870967,1.0,0.6669053971019571,0.8722828108554005,0.9921966989498013,-0.12583398966930529,instance,complexity_N1_top25
0,0.23369565217391308,0.0,0.27142857142857146,0.7083333333333334,0.5451626478541111,0.0,0.46790341861775875,0.9943548387096774,1.0,0.6668689945965255,0.8430978978942782,0.997437304993559,0.018800593709061467,instance,complexity_N1_top25
0,0.19202898550724634,0.6,0.27142857142857146,0.5,0.5452525731681154,1.0,0.5061362370713778,1.0,1.0,0.6669350741313609,0.8340112301359471,0.9935361731377892,0.6121046776970703,instance,complexity_N1_top25
0,0.0,0.2,0.27142857142857146,0.5833333333333334,0.5345868359876315,1.0,0.5074187953812618,1.0,0.96,0.22371412967476828,0.7966362216836947,0.9971408874472677,5.362318972074245,instance,complexity_N1_top25
0,0.4537037037037037,0.4,0.3271604938271605,0.5,0.5380364923337874,0.5,0.4874588503122619,0.9991935483870967,1.0,0.6669393329564163,0.8327285799345785,0.9660139689313604,0.26573571684388403,instance,complexity_N1_top25
0,0.0,0.0,0.27142857142857146,0.5833333333333334,0.828010203381216,0.0,0.4493542931504336,0.9943548387096774,1.0,0.667086182309944,0.8189245688100927,0.9706763784936431,-0.707120453836647,instance,complexity_N1_top25
0,0.4836601307189543,0.8,0.697986577181208,0.4583333333333333,0.5534675083731764,0.6666666666666666,0.5225750263472122,1.0,1.0,0.6669414688532344,0.8713265171327129,0.9921565423393385,-0.20964472792018107,instance,complexity_N1_top25
0,0.39569892473118284,0.4,0.697986577181208,0.5833333333333334,0.5472974099196215,0.6,0.5153198400394707,1.0,1.0,0.6669440694089671,0.8668297526664475,0.9900175325616585,-0.32431800214878337,instance,complexity_N1_top25
0,0.2058823529411764,0.0,0.48453608247422686,0.2916666666666667,0.6286149545708458,0.0,0.4644507455596846,0.9959677419354839,1.0,0.6668440580170871,0.8374572438846303,0.9935298455149317,-0.8187770434976417,instance,complexity_N1_top25
0,0.29166666666666663,0.4,0.27142857142857146,0.7083333333333334,0.540337068889718,0.0,0.4964810435717948,0.9991935483870967,1.0,0.6668080487372323,0.8586488089293929,0.9826242579491016,0.3859540746888525,instance,complexity_N1_top25
0,0.27108433734939763,0.0,0.29398663697104677,0.6666666666666666,0.5466158712687308,0.0,0.4756302116540744,0.9943548387096774,1.0,0.6669660944613912,0.8362208017941015,0.9897214539256475,-0.38960053308561415,instance,complexity_N1_top25
0,0.2290322580645161,0.4,0.29398663697104677,0.5,0.5359799672926974,0.0,0.490123338705893,0.9983870967741936,1.0,0.666829854310686,0.8214408310157243,0.9997803151258431,0.5683031501332052,instance,complexity_N1_top25
0,0.2833333333333333,0.6,0.29398663697104677,0.5,0.5401122646800444,0.5,0.4947092991491925,0.9991935483870967,1.0,0.6668665255689525,0.818930171568883,0.9822200658921839,-0.43471263102494556,instance,complexity_N1_top25
1,0.47916666666666674,0.4,0.5024875621890548,0.375,0.4446007917906445,0.3333333333333333,0.4441535517451888,0.9988623435722411,1.0,0.6669602523069266,0.8435297104479037,0.9862408244537835,-0.7973995386387555,instance,complexity_N1_top25
0,0.35972850678733037,0.2,0.48453608247422686,0.375,0.5893271405292583,0.0,0.4716780730507881,0.9975806451612903,1.0,0.6669261970009491,0.8507059128784706,0.9989989078592365,-0.5978484206002698,instance,complexity_N1_top25
1,0.22891566265060237,0.2,0.24444444444444446,0.4583333333333333,0.447480856602014,0.5,0.5102912314977657,1.0,1.0,0.6669023959611196,0.8594095811510323,0.9969194846764757,0.273250328535296,instance,complexity_N1_top25
0,0.5378646803227809,0.6,0.697986577181208,0.375,0.5466044883419383,0.5,0.502543383774368,1.0,1.0,0.6668268809765437,0.8538827727769768,0.9892632425812585,0.33262409023029876,instance,complexity_N1_top25
0,0.2789115646258504,0.0,0.29398663697104677,0.5,0.5443030070281504,0.0,0.45455597440022877,0.9943548387096774,1.0,0.6667522641680117,0.8389211018934648,0.9946096813125956,-0.3902352829331098,instance,complexity_N1_top25
0,0.6569767441860466,0.8,0.49751243781094523,0.5416666666666666,0.7236791121332028,0.5,0.5380904900363074,1.0,1.0,0.6669546263870935,0.8583675697529717,0.9946585913367924,-0.5319836567654442,instance,complexity_N1_top25
0,0.537037037037037,0.2,0.42500000000000004,0.4166666666666667,0.5617797002946974,1.0,0.5176749838208217,1.0,1.0,0.6669493196319807,0.8592265890972911,0.996215747240586,-0.1441554674886148,instance,complexity_N1_top25
0,0.4981132075471698,0.4,0.7857142857142857,0.20833333333333334,0.5907758770864238,1.0,0.5013246602713137,1.0,1.0,0.6668991171561931,0.8305781695467913,0.9826155475947542,-0.840484263579787,instance,complexity_N1_top25
1,0.5941176470588235,0.2,0.24444444444444446,0.375,0.3648002263138973,0.3333333333333333,0.4856488409803208,0.9988623435722411,1.0,0.6670231715899827,0.8300968032597967,0.9892550028561578,1.079068656556275,instance,complexity_N1_top25
0,0.48537005163511193,0.6,0.7555555555555555,0.4166666666666667,0.5747627434201181,0.0,0.48741321555525097,0.9991935483870967,1.0,0.6669517315354506,0.8358384977097058,0.9992022985941909,-0.9154699782398458,instance,complexity_N1_top25
0,0.2833333333333333,0.6,0.4365079365079365,0.375,0.553170502068005,0.0,0.44468768500385647,0.9983870967741936,1.0,0.6670142815211613,0.8173686591314201,0.9829480766939754,-0.22316045880555185,instance,complexity_N1_top25
0,0.11224489795918369,0.4,0.697986577181208,0.375,0.545717066498995,0.0,0.4575252774469655,0.9983870967741936,1.0,0.6667718568806247,0.8387458485257266,0.9980422842821481,0.10998412986084975,instance,complexity_N1_top25
0,0.43452380952380953,0.0,0.697986577181208,0.375,0.5631039658754204,0.0,0.4758094558701902,0.9959677419354839,1.0,0.6669219082727644,0.8462452521756613,0.997567246222723,-0.0076116552824274375,instance,complexity_N1_top25
0,0.45202558635394463,0.6,0.8,0.2916666666666667,0.5513733532522842,0.0,0.49303032078195663,0.9991935483870967,1.0,0.6670723983517648,0.8494921319315811,0.9927598812798846,-0.4652112910928318,instance,complexity_N1_top25
0,0.2058823529411764,0.4,0.49751243781094523,0.4166666666666667,0.6991519839810785,0.5,0.4921599111989705,0.9991935483870967,1.0,0.6669806005181177,0.819985352584202,0.9930268204506193,-0.4069182663751729,instance,complexity_N1_top25
0,0.2833333333333333,0.4,0.29398663697104677,0.8333333333333334,0.5359246184691387,0.0,0.4986387989809815,0.9991935483870967,1.0,0.6669540171924248,0.8422158303873004,0.9994808104260293,0.4862858948884853,instance,complexity_N1_top25
0,0.43452380952380953,0.6,0.6862745098039216,0.2916666666666667,0.5415976561774011,1.0,0.5065097150211526,1.0,1.0,0.6669134902674387,0.8399940428547709,0.9848955873369503,0.03052102684202287,instance,complexity_N1_top25
0,0.39897579143389195,0.2,0.42500000000000004,0.4166666666666667,0.5461706258103641,0.0,0.4767748270230667,0.9991935483870967,1.0,0.6669210742024436,0.8632971505735573,0.9999085160780983,-0.2234187478039032,instance,complexity_N1_top25
1,0.8191056910569106,0.8,0.7060133630289532,0.5,0.4602196460291069,1.0,0.5782522267622124,1.0,1.0,0.6669438412446782,0.8270129791335968,0.9821628719720579,-1.3360703259192792,instance,complexity_N1_top25
0,0.5017595307917888,0.2,0.29398663697104677,0.5833333333333334,0.5356156937101616,0.0,0.4920026365641793,0.9991935483870967,1.0,0.6668515616599429,0.8196122775734439,0.9886636153387667,0.19064092975104818,instance,complexity_N1_top25
0,0.3556231003039514,0.4,0.29398663697104677,0.5,0.5367515460016068,0.0,0.49397012482784675,0.9975806451612903,1.0,0.6668903791199777,0.841014214208818,0.9970444603169578,0.3769024723565481,instance,complexity_N1_top25
1,0.7913043478260869,0.6,0.7285714285714286,0.5416666666666666,0.4459456091800784,1.0,0.542937723707493,1.0,1.0,0.6669305186789536,0.8351804733557715,0.9957191471869841,-0.5730334862515899,instance,complexity_N1_top25
0,0.30922431865828093,0.4,0.29398663697104677,0.625,0.5424704490361977,0.0,0.4691737881558866,0.9983870967741936,1.0,0.6668956749709578,0.8491422307449885,0.9742524254190611,-0.12020473036136446,instance,complexity_N1_top25
0,0.375,0.4,0.27142857142857146,0.5833333333333334,0.7388983313319345,0.0,0.48194858584682665,0.9975806451612903,1.0,0.6668784585120867,0.8305737574185443,0.9991184446364219,-0.7412146361910583,instance,complexity_N1_top25
1,0.75139146567718,0.6,0.6728395061728395,0.5416666666666666,0.45474010971852963,0.0,0.4897438476498609,0.9994311717861206,1.0,0.6668067958829175,0.8590201247617398,0.9929599446504558,0.2666106672999095,instance,complexity_N1_top25
1,0.42464114832535893,0.6,0.7060133630289532,0.5416666666666666,0.45772325002608294,1.0,0.5132875949837199,1.0,1.0,0.666859554055625,0.8530666326964657,0.9917884921718433,-0.31672135353280967,instance,complexity_N1_top25
0,0.11224489795918369,0.2,0.29398663697104677,0.9166666666666666,0.5355164647790945,0.0,0.46190925634118063,0.9983870967741936,1.0,0.6668942119090556,0.8372840393043129,0.9817640211689564,1.025339440106365,instance,complexity_N1_top25
0,0.5017595307917888,0.2,0.39622641509433965,0.4583333333333333,0.5358892888630674,0.0,0.4926299821446747,0.9991935483870967,1.0,0.666900750409988,0.8261105195675613,0.9886573931800618,-0.18236323754346695,instance,complexity_N1_top25
0,0.09756097560975607,0.6,0.29398663697104677,0.5,0.5401575510329456,1.0,0.5084398222751126,1.0,1.0,0.6668036100399992,0.8168199685477646,0.9995016293667942,0.3629638910902065,instance,complexity_N1_top25
1,0.40234375,0.8,0.7060133630289532,0.5416666666666666,0.45770788872051826,0.5,0.4780768693420848,0.9994311717861206,1.0,0.6668447871993028,0.856444080920422,0.9959398989967106,0.1945871053184875,instance,complexity_N1_top25
0,0.410850439882698,0.4,0.8,0.2916666666666667,0.5365448574605852,1.0,0.5236521641684748,1.0,1.0,0.6670637349698509,0.8257879559396979,0.9992978184723689,0.41070506896497416,instance,complexity_N1_top25
0,0.0,0.2,0.29398663697104677,0.625,0.5345868359876315,0.0,0.4742688926261224,0.9967741935483871,0.96,0.258952437949557,0.8210760384602186,0.9855936167266977,5.5142283005054775,instance,complexity_N1_top25
0,0.6073091247672253,0.6,0.3271604938271605,0.625,0.5444597321111478,0.0,0.4962318809702394,0.9991935483870967,1.0,0.6668513778153311,0.8585327648674256,0.9966765699705887,0.20290870396768648,instance,complexity_N1_top25
0,0.20294117647058818,0.4,0.27142857142857146,0.5833333333333334,0.5970271392717749,0.0,0.4598808834901541,0.9975806451612903,1.0,0.6669947502170381,0.8339186478847144,0.9800373869620068,0.07070926457925594,instance,complexity_N1_top25
0,0.3544176706827309,0.0,0.7555555555555555,0.4166666666666667,0.5530361035738102,0.0,0.448381079924808,0.9943548387096774,1.0,0.6672028010697169,0.8635407804594499,0.9987164109905093,-0.9554999068659323,instance,complexity_N1_top25
0,0.6179211469534049,0.2,0.29398663697104677,0.6666666666666666,0.5357504318590148,0.3333333333333333,0.43545926093420284,0.9983870967741936,1.0,0.6669847148580745,0.8458789272418913,0.9987935243901312,0.6026416788623463,instance,complexity_N1_top25
0,0.5710843373493976,0.8,0.48453608247422686,0.4166666666666667,0.5709713380881524,0.6666666666666666,0.5011509937857453,1.0,1.0,0.6669088959859291,0.8485701788966448,0.9937409329312064,-1.5121204421633958,instance,complexity_N1_top25
0,0.18333333333333335,0.2,0.29398663697104677,0.9166666666666666,0.5385784055400867,0.0,0.4899186964380071,0.9991935483870967,1.0,0.6672515896608906,0.8315673010000222,0.9976691829251032,0.12021345508970935,instance,complexity_N1_top25
0,0.2752659574468085,0.4,0.3271604938271605,0.625,0.5375131219081579,0.0,0.49406707590814836,0.9983870967741936,1.0,0.6667805961576534,0.8404585565471397,0.9955816398543773,0.0760859716165607,instance,complexity_N1_top25
0,0.43542695836273815,0.4,0.49751243781094523,0.4583333333333333,0.5399730115825034,0.3333333333333333,0.45423152245293297,0.9991935483870967,1.0,0.6669823926255533,0.871945269863978,0.9937828296921273,0.3580665952476861,instance,complexity_N1_top25
1,0.5243315508021391,0.0,0.30201342281879195,0.4166666666666667,0.4340359030034687,0.0,0.4334141667530189,0.997155858930603,1.0,0.6668811641969307,0.8356055210768543,0.9911847853411805,-0.7668231131107102,instance,complexity_N1_top25
0,0.5357142857142857,0.6,0.29398663697104677,0.4166666666666667,0.5351496991346347,0.0,0.4950857344875106,0.9991935483870967,1.0,0.666889108488557,0.8261211774831878,0.9799586912913374,1.0436945956156731,instance,complexity_N1_top25
0,0.11224489795918369,0.2,0.29398663697104677,0.6666666666666666,0.5377293827883008,0.0,0.45877429290046934,0.9967741935483871,1.0,0.6669659264867299,0.8342228094123771,0.9805025892854514,0.6425969486345017,instance,complexity_N1_top25
0,0.42340067340067344,0.2,0.7555555555555555,0.5833333333333334,0.5419120516255159,0.2,0.4804995068626443,0.9983870967741936,1.0,0.6668570788373057,0.8699419192829957,0.9986175219106912,0.04019604979634971,instance,complexity_N1_top25
0,0.37083333333333335,0.4,0.29398663697104677,0.5,0.5379923426007643,1.0,0.5081468276231527,1.0,1.0,0.6668222081814247,0.8314613734327118,0.9950144958356996,0.030280056050949064,instance,complexity_N1_top25
0,0.43542695836273815,0.6,0.8,0.2916666666666667,0.542228331752077,0.75,0.49241323625557587,0.9991935483870967,1.0,0.6669716958890162,0.8631150141454554,0.9920465898772837,0.33728503725702014,instance,complexity_N1_top25
0,0.7041666666666666,0.8,0.7555555555555555,0.375,0.638123985958098,1.0,0.5159343930898168,1.0,1.0,0.6675013734302462,0.8340473051313595,0.9921815540950826,-0.8698955812505661,instance,complexity_N1_top25
0,0.2752659574468085,0.6,0.29398663697104677,0.5,0.5395919413944424,0.3333333333333333,0.5006017877053395,1.0,1.0,0.6669454452053771,0.8592969323436347,0.9982334701427579,-0.08990372929770366,instance,complexity_N1_top25
0,0.6553030303030303,0.6,0.7394636015325671,0.5,0.5649293414514219,1.0,0.5005498871049812,1.0,1.0,0.6668994494991484,0.8521620607362533,0.9895005265262578,-0.6384425151370475,instance,complexity_N1_top25
1,0.22916666666666674,0.4,0.2142857142857143,0.2916666666666667,0.3627577548951355,1.0,0.5008002129341542,1.0,1.0,0.6668603813679496,0.8357871917933397,0.9746688542392805,1.119474105841163,instance,complexity_N1_top25
0,0.725,0.4,0.7555555555555555,0.4166666666666667,0.5649200927203331,1.0,0.5010010988055424,1.0,1.0,0.6669375845967311,0.8511338240521035,0.98803288347854,-0.6977668452484612,instance,complexity_N1_top25
0,0.31405228758169934,0.2,0.8,0.2916666666666667,0.5463717010556441,0.0,0.4501278076073695,0.9975806451612903,1.0,0.6668233658492126,0.8469692153615762,0.9942718009394557,0.4307936314079451,instance,complexity_N1_top25
0,0.11224489795918369,0.0,0.29398663697104677,0.5416666666666666,0.5365975562881186,0.0,0.4497793052381237,0.9903225806451613,1.0,0.6669089606523099,0.8348256390741503,0.9896633798881239,1.5382694072760863,instance,complexity_N1_top25
0,0.18333333333333335,0.0,0.29398663697104677,0.5,0.5350189512610387,0.0,0.4673032594266242,0.9943548387096774,1.0,0.6668782753446918,0.8068168445520345,0.9786060032039086,0.269885403484968,instance,complexity_N1_top25
0,0.7588652482269503,0.8,0.9027777777777778,0.2916666666666667,0.5662139454811854,1.0,0.5571101102232587,1.0,1.0,0.6668324462472297,0.8217937555949841,0.9739183054014985,-0.4285264361109834,instance,complexity_N1_top25
0,0.18089430894308944,0.2,0.3666666666666667,0.2916666666666667,0.5370704812418065,0.2,0.48681174446932063,0.9983870967741936,1.0,0.666986138232451,0.839747405854522,0.9991587877325677,0.900394192483749,instance,complexity_N1_top25
0,0.725531914893617,0.4,0.697986577181208,0.5416666666666666,0.5954966286251788,0.0,0.45827498146213186,0.9975806451612903,1.0,0.6669031602879,0.8487404993538966,0.9856057855982361,-0.04792407479720531,instance,complexity_N1_top25
0,0.6794871794871795,1.0,0.7555555555555555,0.4583333333333333,0.7444326486228052,1.0,0.5468459529639842,1.0,1.0,0.6669825916566791,0.8443797714010643,0.9992897119859867,-1.9370297337400455,instance,complexity_N1_top25
0,0.7202380952380952,0.6,0.9027777777777778,0.4166666666666667,0.6045321801336979,1.0,0.5285887221191041,1.0,1.0,0.6668683057347378,0.8581886151556004,0.9890372636733752,-1.0156256652178863,instance,complexity_N1_top25
0,0.4537037037037037,0.2,0.3666666666666667,0.2916666666666667,0.5410647720502979,0.0,0.4884081313912617,0.9975806451612903,1.0,0.6669790704927239,0.8329235860550773,0.9973778189994169,-0.6035491048418726,instance,complexity_N1_top25
0,0.4981132075471698,0.4,0.29398663697104677,0.9166666666666666,0.5506966161719234,1.0,0.5081824548152165,1.0,1.0,0.6669228831610472,0.8759275284280156,0.9995294972297164,0.03575908771928709,instance,complexity_N1_top25
0,0.4241935483870968,0.2,0.4365079365079365,0.4166666666666667,0.5493608051892863,1.0,0.5294986799782613,1.0,1.0,0.6669496340369762,0.847865787199302,0.9955335232357614,-0.2649119282446166,instance,complexity_N1_top25
0,0.3857142857142857,0.2,0.29398663697104677,0.5,0.5438368893569279,0.0,0.4635334925989385,0.9967741935483871,1.0,0.6669064948072202,0.8188618492161143,0.9782018657981331,-0.28300156574169333,instance,complexity_N1_top25
1,0.2872340425531915,0.6,0.3137254901960784,0.2916666666666667,0.46504168951180425,0.0,0.49010151812798886,0.9994311717861206,1.0,0.6668736132007095,0.8231375455482356,0.984892593368236,-1.0685746971673429,instance,complexity_N1_top25
0,0.11224489795918369,0.2,0.29398663697104677,0.9166666666666666,0.5409965456342462,0.0,0.49003065945608204,0.9975806451612903,1.0,0.6667954909256376,0.8398960136184308,0.9887656245715027,0.43788943154535265,instance,complexity_N1_top25
0,0.38596491228070173,0.2,0.49751243781094523,0.5416666666666666,0.5605665760525227,1.0,0.5340641685365375,1.0,1.0,0.6669579572735195,0.8567961215886296,0.981111057380582,0.3059780262392549,instance,complexity_N1_top25
0,0.7159598214285714,0.2,0.3666666666666667,0.2916666666666667,0.5461697122367651,0.0,0.47628773058388063,0.9983870967741936,1.0,0.6668811411025012,0.8531706153906358,0.9943180604291594,0.13352788798538892,instance,complexity_N1_top25
0,0.6617963042544048,0.6,0.7555555555555555,0.5833333333333334,0.5664526887362792,1.0,0.5195230792004263,1.0,1.0,0.6669440777884366,0.8651419636632098,0.9935024290101512,-0.7905834906086564,instance,complexity_N1_top25
0,0.49826302729528527,0.6,0.39622641509433965,0.4583333333333333,0.5400739342035008,1.0,0.5300322461067978,1.0,1.0,0.6669226448393164,0.8381235463248342,0.9803244566210496,0.07921012205512218,instance,complexity_N1_top25
0,0.18333333333333335,0.4,0.3271604938271605,0.5,0.5373005983761324,0.5,0.4880477476380721,0.9983870967741936,1.0,0.6669115253235885,0.811639878698013,0.969014421714365,-0.18927857832525774,instance,complexity_N1_top25
0,0.5599078341013826,0.6,0.49751243781094523,0.5416666666666666,0.5574706212900983,1.0,0.5140569684086123,1.0,1.0,0.6669419621866847,0.8707112475572006,0.988227116139203,-0.5754898056828052,instance,complexity_N1_top25
0,0.29166666666666663,0.6,0.9027777777777778,0.25,0.5475107813328369,0.0,0.49118746970313176,0.9991935483870967,1.0,0.6668093180840963,0.8371027415778194,0.981395669447441,-0.7048752295462897,instance,complexity_N1_top25
0,0.11224489795918369,0.2,0.7555555555555555,0.4583333333333333,0.5478790321110595,0.0,0.48308835676955797,0.9967741935483871,1.0,0.6668273996005146,0.8383113297277576,0.9978175358947485,-0.5695384737611092,instance,complexity_N1_top25
0,0.2789115646258504,0.2,0.3271604938271605,0.625,0.5451229662523525,0.0,0.4922465246648049,0.9991935483870967,1.0,0.666895745753861,0.8370422110780379,0.989344231543178,-0.5934837411139237,instance,complexity_N1_top25
0,0.578021978021978,0.8,0.7394636015325671,0.5,0.5792012904244643,0.6666666666666666,0.49429876270112383,0.9991935483870967,1.0,0.6668772155686348,0.858188118597139,0.9973436573299983,-0.26779595802345957,instance,complexity_N1_top25
0,0.2058823529411764,0.4,0.42500000000000004,0.4166666666666667,0.6051947954332811,0.3333333333333333,0.5073077379080032,1.0,1.0,0.6669919682970298,0.8385383420936584,0.9738645626926952,-0.4027418411916457,instance,complexity_N1_top25
0,0.7159598214285714,0.4,0.49751243781094523,0.9166666666666666,0.5484874621894961,0.25,0.5085169057672025,1.0,1.0,0.6669709252121476,0.8601379366334753,0.995031948723792,-0.22278327219237787,instance,complexity_N1_top25
0,0.20294117647058818,0.0,0.29398663697104677,0.4166666666666667,0.5436224149655108,0.0,0.4787539475329441,0.9951612903225806,1.0,0.6669232136689704,0.8462200907132117,0.9829508366881072,0.2599760182724352,instance,complexity_N1_top25
0,0.4017857142857143,0.2,0.27142857142857146,0.5833333333333334,0.6050227605989577,0.3333333333333333,0.5001805657648873,1.0,1.0,0.6669276282529932,0.8240042449033605,0.9999151494058874,-0.12056267945070134,instance,complexity_N1_top25
1,0.4982404692082112,0.6,0.6037735849056604,0.375,0.46319287298520917,1.0,0.5259407177596251,1.0,1.0,0.6668516377925189,0.8236836473310971,0.9845657462684589,-0.48261500759924986,instance,complexity_N1_top25
0,0.5138888888888888,0.4,0.27142857142857146,0.625,0.5445685922772945,0.0,0.4396531636261771,0.9983870967741936,1.0,0.6669276045562142,0.8549083467804928,0.999810022671116,0.23870213262992418,instance,complexity_N1_top25
0,0.6666666666666666,0.8,0.4365079365079365,0.5833333333333334,0.5818218171001647,1.0,0.5356903985440326,1.0,1.0,0.6669783418630059,0.8331616539944755,0.995838500883238,-0.3872146900330875,instance,complexity_N1_top25
0,0.11224489795918369,0.0,0.29398663697104677,0.5,0.5408316910969475,0.0,0.4559149207398371,0.9838709677419355,1.0,0.6668678497715573,0.8388757099707966,0.9943576830453165,-0.14691488850130174,instance,complexity_N1_top25
0,0.587037037037037,0.6,0.697986577181208,0.5833333333333334,0.5625070460357823,0.5,0.4773662349616945,0.9991935483870967,1.0,0.6668949159243808,0.8499832464887339,0.9881729857437197,-0.7495710621078965,instance,complexity_N1_top25
0,0.33333333333333337,0.0,0.29398663697104677,0.5,0.7969738901919317,0.0,0.4762463758175709,0.9959677419354839,1.0,0.6669209962001187,0.8260189783277084,0.9838285608689586,-0.3137204807485257,instance,complexity_N1_top25
0,0.3125,0.0,0.48453608247422686,0.2916666666666667,0.5519227265738335,0.0,0.44155132405566344,0.992741935483871,1.0,0.6668918702405472,0.8481728627808294,0.975005499107582,0.002399892181602766,instance,complexity_N1_top25
0,0.6875,0.4,0.7555555555555555,0.4583333333333333,0.687722471883427,0.5,0.5064084271405433,1.0,1.0,0.6669441333186522,0.8575792211026109,0.981176284095896,-0.9015972622137335,instance,complexity_N1_top25
0,0.30922431865828093,0.4,0.29398663697104677,0.5,0.5439254581915905,1.0,0.5531405081297416,1.0,1.0,0.6670459704568764,0.8261453129096066,0.9992772668473885,-0.6929199025567954,instance,complexity_N1_top25
0,0.43542695836273815,0.4,0.39622641509433965,0.4583333333333333,0.5384696361670033,0.3333333333333333,0.49481215752918317,0.9991935483870967,1.0,0.6668601125123746,0.8579725920688971,0.9988183976873557,0.14349200174922006,instance,complexity_N1_top25
0,0.11224489795918369,0.0,0.29398663697104677,0.9166666666666666,0.5383820532320646,0.0,0.4803299426828208,0.9951612903225806,1.0,0.6669184925281685,0.8483283275442719,0.9967841836020459,0.9259418470952271,instance,complexity_N1_top25
0,0.3857142857142857,0.0,0.29398663697104677,0.5,0.5386748559212212,0.0,0.46529801088925715,0.9903225806451613,1.0,0.6670203972677888,0.8276111483772312,0.984932086682643,-0.23177425805150892,instance,complexity_N1_top25
0,0.6553030303030303,0.4,0.27142857142857146,0.3333333333333333,0.5780228077642428,0.5,0.5175665820151141,1.0,1.0,0.6669620578302008,0.8689345576376075,0.9997448226055831,-0.28067885619475946,instance,complexity_N1_top25
0,0.5526315789473684,0.4,0.29398663697104677,0.9166666666666666,0.5380741268437018,0.0,0.45750328316740274,0.9983870967741936,0.96,0.662704930037941,0.8209370310270658,0.9734070523713332,1.2314699022384572,instance,complexity_N1_top25
0,0.5017595307917888,0.2,0.29398663697104677,0.9166666666666666,0.5368145400522089,0.3333333333333333,0.4966567787056263,0.9991935483870967,1.0,0.6669456217647094,0.8374580725151742,0.9961518360520608,0.41562262591455595,instance,complexity_N1_top25
0,0.6203835227272727,1.0,0.49751243781094523,0.75,0.5494217296975211,1.0,0.5535806183920451,1.0,1.0,0.6669029053861151,0.8803859322302326,0.9899180080016351,-0.43453540292376425,instance,complexity_N1_top25
0,0.3933823529411764,0.2,0.29398663697104677,0.4166666666666667,0.537474915791392,0.0,0.4749969739045682,0.9967741935483871,1.0,0.6669281354462173,0.8467549467956488,0.9998350242278541,1.0060192329959032,instance,complexity_N1_top25
0,0.09756097560975607,0.0,0.29398663697104677,0.625,0.5381558182977749,0.0,0.4288965858594833,0.9943548387096774,1.0,0.6668756673258353,0.8369673678859192,0.9871284150904857,0.308392224233005,instance,complexity_N1_top25
0,0.5710843373493976,0.4,0.7555555555555555,0.375,0.5885930503835775,0.0,0.46509278460576287,0.9983870967741936,1.0,0.6669709630935049,0.8252923826675442,0.996221724116187,-0.8852319982516682,instance,complexity_N1_top25
0,0.45833333333333337,1.0,0.4365079365079365,0.4166666666666667,0.6766649967950021,1.0,0.5405459945860254,1.0,1.0,0.6668146044449396,0.8124034659528561,0.9850680312467338,-0.6182424543374726,instance,complexity_N1_top25
0,0.3933823529411764,0.6,0.48453608247422686,0.375,0.5450653520040151,0.0,0.4474050515353173,0.9991935483870967,1.0,0.6668593138725898,0.8504915932270464,0.9995307202501598,-0.09247631917949867,instance,complexity_N1_top25
0,0.6203835227272727,0.8,0.48453608247422686,0.4583333333333333,0.5473421777639237,1.0,0.5206825237858805,1.0,1.0,0.6668144420863209,0.845351311717738,0.9989981281804091,-0.0842651886669975,instance,complexity_N1_top25
1,0.5258064516129033,0.8,0.26053639846743293,0.4583333333333333,0.4317339629319087,1.0,0.523645107312994,1.0,1.0,0.6669463921952458,0.8384285357620722,0.973751920958729,-0.03565691352404093,instance,complexity_N1_top25
0,0.39608433734939763,0.6,0.7555555555555555,0.4166666666666667,0.5402454505472294,0.0,0.43218135723441653,0.9991935483870967,1.0,0.6668903104099108,0.841852755140247,0.985649068374402,-0.19384006367520493,instance,complexity_N1_top25
0,0.7159598214285714,0.2,0.49751243781094523,0.4166666666666667,0.5685173643129934,0.0,0.47864277685857615,0.9991935483870967,1.0,0.6669953053214779,0.8520797566076022,0.9949362904586537,0.004649363072323123,instance,complexity_N1_top25
0,0.5017595307917888,0.0,0.29398663697104677,0.6666666666666666,0.5376860012625976,0.0,0.48486560867191775,0.9951612903225806,1.0,0.6669519185997129,0.8283878425178388,0.9980398812381002,-0.8715268686468053,instance,complexity_N1_top25
0,0.45833333333333337,0.4,0.27142857142857146,0.3333333333333333,0.5431485205682951,1.0,0.5007024986161042,1.0,1.0,0.6668756280021066,0.8604406608167504,0.9839061651444853,0.6117573940892047,instance,complexity_N1_top25
0,0.2857142857142857,0.6,0.42500000000000004,0.4166666666666667,0.7246474387383229,0.0,0.4981305181617802,0.9991935483870967,1.0,0.6670261897987078,0.8184172132206213,0.9626838531980867,-0.7407521632644627,instance,complexity_N1_top25
0,0.6203835227272727,0.4,0.49751243781094523,0.3333333333333333,0.5651259026359704,0.0,0.45105540690045587,0.9983870967741936,1.0,0.6668666033468889,0.8658401986307296,0.9943292349168257,-0.11543871475807142,instance,complexity_N1_top25
0,0.3666666666666667,0.2,0.7857142857142857,0.25,0.6925115717457718,1.0,0.5163865211299052,1.0,1.0,0.6669224496952784,0.8578231716150703,0.9988754351315948,-0.5510575271108022,instance,complexity_N1_top25
1,0.6738095238095239,0.8,0.6037735849056604,0.375,0.4524944626970978,0.6666666666666666,0.5154707302926869,1.0,1.0,0.6668917976066616,0.8276301953011398,0.9675144500733283,-1.0308028926053776,instance,complexity_N1_top25
0,0.8278645833333333,0.4,0.29398663697104677,0.9166666666666666,0.5447485909277976,1.0,0.5578507304839317,1.0,1.0,0.6668665111669135,0.8371899932839788,0.9952257410505371,0.4662559092603432,instance,complexity_N1_top25
1,0.4191176470588236,0.4,0.5024875621890548,0.9166666666666666,0.44667084479090413,0.5,0.4999139286831663,0.9994311717861206,1.0,0.6668922509144026,0.8565319899284671,0.991760790873248,0.039476158210629705,instance,complexity_N1_top25
0,0.3125,0.0,0.27142857142857146,0.5833333333333334,0.581641216751758,0.0,0.4487426776979141,0.9959677419354839,1.0,0.6669575210668244,0.8478890018102593,0.9988889830882485,-0.5186257967924618,instance,complexity_N1_top25
0,0.21276595744680848,0.4,0.7555555555555555,0.4166666666666667,0.5429660687076159,0.5,0.49127060981402404,0.9991935483870967,1.0,0.6669820673686127,0.8475725919362563,0.9929535716884096,-0.6203842485781946,instance,complexity_N1_top25
0,0.10869565217391308,0.4,0.27142857142857146,0.5833333333333334,0.5669679549831614,0.0,0.4848813665936844,0.9991935483870967,1.0,0.6669805258125066,0.8414288932472096,0.9999853472899304,-0.18191592216798066,instance,complexity_N1_top25
0,0.31405228758169934,0.2,0.29398663697104677,0.5,0.5380106063855363,0.0,0.4763332021077644,0.9983870967741936,1.0,0.6670262030709737,0.840590315196852,0.9984501870498311,-0.025182310492802562,instance,complexity_N1_top25
0,0.15311653116531165,0.0,0.29398663697104677,0.9166666666666666,0.5369594133287663,0.0,0.4195600741819282,0.9935483870967742,1.0,0.6669754934232096,0.8342843944021723,0.9970456334160182,1.1109242645090887,instance,complexity_N1_top25
0,0.3916666666666666,0.6,0.7555555555555555,0.4166666666666667,0.5393552384573143,1.0,0.5014458595521769,1.0,1.0,0.6669660852731432,0.8732602454935179,0.9831944270305761,0.03369486651945953,instance,complexity_N1_top25
0,0.4558823529411764,0.4,0.9027777777777778,0.4166666666666667,0.5463996122465775,0.0,0.4757387667662988,0.9983870967741936,1.0,0.6669127725119994,0.8535766755178489,0.9975782732187408,-0.4233503118883657,instance,complexity_N1_top25
0,0.4558823529411764,0.2,0.42500000000000004,0.4166666666666667,0.5635499290932301,1.0,0.5726874162555642,1.0,1.0,0.666922442568411,0.8599634821369401,0.9924152899804973,-0.45511640910025863,instance,complexity_N1_top25
0,0.2642276422764227,0.4,0.29398663697104677,0.9166666666666666,0.5455244507403512,0.3333333333333333,0.49542451603960547,0.9991935483870967,1.0,0.6669440980676754,0.8517425252926132,0.994900347338875,0.6098741256973321,instance,complexity_N1_top25
0,0.34912959381044484,0.8,0.6862745098039216,0.3333333333333333,0.5369987792200922,0.6666666666666666,0.506137775756244,1.0,1.0,0.6669114434945067,0.8496416484493053,0.9831005141080698,-0.04494866408265124,instance,complexity_N1_top25
0,0.2997448979591837,0.2,0.3271604938271605,0.5,0.5500542935087773,0.0,0.46960078338302147,0.9967741935483871,0.96,0.6283792984816733,0.8409588927859943,0.9969604161506515,0.22295913342777143,instance,complexity_N1_top25
1,0.47916666666666674,0.4,0.5024875621890548,0.4166666666666667,0.27700404646509674,0.0,0.4222345027034039,0.9982935153583617,1.0,0.6669803823750657,0.8352760701970102,0.9922829955536574,1.30185210147457,instance,complexity_N1_top25
0,0.2695417789757413,0.6,0.29398663697104677,0.9166666666666666,0.5376263901684998,0.5,0.5055937863676901,1.0,1.0,0.6669099586225878,0.8542922550019953,0.9744534470734307,0.7301289613826288,instance,complexity_N1_top25
0,0.5138888888888888,0.6,0.49751243781094523,0.5416666666666666,0.5464063774955851,0.0,0.499717070188622,0.9991935483870967,1.0,0.6669660633609278,0.8326214901065737,0.9948805133802543,-0.5038497252617499,instance,complexity_N1_top25
0,0.6630824372759857,0.6,0.29398663697104677,0.4166666666666667,0.5415923903735309,1.0,0.5006283580731128,1.0,1.0,0.6668338653530697,0.8450636865128,0.9976680033723307,0.5453352294706335,instance,complexity_N1_top25
0,0.21276595744680848,0.2,0.29398663697104677,0.5,0.535471176059638,0.0,0.45563604691824955,0.9983870967741936,0.96,0.6622517354535067,0.8348007770109481,0.982076419969432,0.6864503386540436,instance,complexity_N1_top25
0,0.34042553191489366,0.2,0.29398663697104677,0.9166666666666666,0.5422554081636844,0.0,0.45083711446461017,0.9983870967741936,1.0,0.6667633991608616,0.8486192789408982,0.995785528959347,0.6078142594891446,instance,complexity_N1_top25
0,0.3857142857142857,0.2,0.7555555555555555,0.3333333333333333,0.5723859205748969,0.0,0.484470837227845,0.9967741935483871,1.0,0.666967698785073,0.8542122239196074,0.9802422281799769,-0.7822407121791962,instance,complexity_N1_top25
0,0.43542695836273815,0.4,0.49751243781094523,0.75,0.7142873208175988,0.0,0.4957253642604269,0.9983870967741936,1.0,0.6670503038865788,0.8560703870229167,0.9938321475551553,0.06963210699024759,instance,complexity_N1_top25
0,0.47265625,0.4,0.6862745098039216,0.3333333333333333,0.5489476805121263,0.5,0.46362513720377263,0.9991935483870967,1.0,0.6668757899882196,0.8650586132182885,0.9994978928581417,0.20352483467987817,instance,complexity_N1_top25
0,0.3916666666666666,0.4,0.9027777777777778,0.2916666666666667,0.5727785060857659,1.0,0.5147878643251357,1.0,1.0,0.6668589721824448,0.8554146669944825,0.9905971181852085,-0.6936224269683596,instance,complexity_N1_top25
0,0.31276595744680846,0.2,0.29398663697104677,0.625,0.5367473731582346,0.0,0.4212827418840367,0.9975806451612903,1.0,0.6669141061257837,0.8447005645311657,0.9882679441640267,0.8627812915666137,instance,complexity_N1_top25
0,0.43542695836273815,0.2,0.29398663697104677,0.4166666666666667,0.5383822009400312,0.0,0.4815191294033152,0.9991935483870967,1.0,0.6669421746411135,0.8301190157225062,0.9757449739200686,1.407041562240001,instance,complexity_N1_top25
0,0.4916666666666667,0.8,0.9027777777777778,0.2916666666666667,0.6276422681130883,0.0,0.47613045191992653,0.9991935483870967,1.0,0.6668183415917448,0.864246811525462,0.9968509625016078,-0.789515758616433,instance,complexity_N1_top25
0,0.26609105180533754,0.0,0.3271604938271605,0.625,0.5419245034578307,0.0,0.4652836315698978,0.9959677419354839,1.0,0.6669744482375422,0.8329245983033896,0.9932803078159319,0.349578258187195,instance,complexity_N1_top25
0,0.4558823529411764,0.2,0.7394636015325671,0.4583333333333333,0.56105315627096,0.0,0.46165505394378026,0.9967741935483871,1.0,0.6668034831731435,0.8387848128436342,0.9678073462506261,-0.0705413503067131,instance,complexity_N1_top25
0,0.7069767441860465,0.6,0.4365079365079365,0.5833333333333334,0.5631750080413352,1.0,0.5415917248166171,1.0,1.0,0.6669104952977948,0.8675753651925341,0.9811339403202681,0.3952749812848621,instance,complexity_N1_top25
1,0.5982142857142857,0.6,0.07843137254901966,0.4166666666666667,0.3898774886844406,0.5,0.4898842346935972,0.9994311717861206,1.0,0.6668731422671426,0.8090331516764999,0.9863318634129423,-0.11444920895034846,instance,complexity_N1_top25
0,0.3627659574468085,0.2,0.7555555555555555,0.4583333333333333,0.5502172060746866,0.0,0.4873629079996832,0.9983870967741936,1.0,0.6669676575190423,0.859464975577452,0.9998316518620268,-0.1886540242201829,instance,complexity_N1_top25
0,0.0,0.4,0.42500000000000004,0.4166666666666667,0.8280101873685226,0.5,0.5023390670967076,1.0,1.0,0.6669664471113511,0.843811555440545,0.987678791558314,-0.8854783930741135,instance,complexity_N1_top25
0,0.5127659574468084,0.6,0.8,0.2916666666666667,0.5433828651311301,0.6666666666666666,0.42497612541467444,0.9991935483870967,1.0,0.6670773729023814,0.8365895868724398,0.9896221485763819,0.3098513993816501,instance,complexity_N1_top25
1,0.6859477124183007,0.8,0.5634920634920635,0.5,0.46039029529792985,1.0,0.5055349274044345,1.0,1.0,0.6669269230451697,0.8562297034541092,0.9943444709528471,-1.021769295234188,instance,complexity_N1_top25
0,0.37083333333333335,0.4,0.29398663697104677,0.9166666666666666,0.5385639989831073,0.0,0.4757907660844022,0.9983870967741936,1.0,0.6669201247976665,0.8341569038383987,0.987223045168007,-0.5849818163427735,instance,complexity_N1_top25
0,0.35972850678733037,0.6,0.48453608247422686,0.375,0.5504151506674108,1.0,0.5121524481338311,1.0,1.0,0.6668961840139277,0.8526292043675272,0.967502709141106,0.08139643509637211,instance,complexity_N1_top25
0,0.4981132075471698,0.2,0.29398663697104677,0.9166666666666666,0.5395442536406759,0.3333333333333333,0.4887547007932447,0.9991935483870967,1.0,0.6668673863157494,0.8621713047819667,0.983950146464275,0.17174532249868962,instance,complexity_N1_top25
0,0.43542695836273815,0.0,0.39622641509433965,0.375,0.5366887890038764,0.0,0.4486204789804351,0.9943548387096774,1.0,0.6669475422402024,0.8405023104790108,0.9978841939889475,1.1020290675361721,instance,complexity_N1_top25
0,0.326530612244898,0.0,0.29398663697104677,0.4166666666666667,0.5367208460215123,0.0,0.4424953353643313,0.9887096774193549,1.0,0.6668402426795458,0.8288528276990834,0.9935036573780707,1.6449874341589905,instance,complexity_N1_top25
0,0.20294117647058818,0.0,0.29398663697104677,0.9166666666666666,0.5561977003804984,0.0,0.4457602437003856,0.9935483870967742,1.0,0.6669097698939014,0.8481702354242843,0.9980829724270844,0.23604749108928835,instance,complexity_N1_top25
1,0.5654761904761905,0.4,0.24444444444444446,0.375,0.45607656374052963,1.0,0.5107294850151176,1.0,1.0,0.6669815826236856,0.8607222114487506,0.9927430168420537,1.075022562745362,instance,complexity_N1_top25
0,0.11224489795918369,0.6,0.29398663697104677,0.9166666666666666,0.5426164144893725,0.3333333333333333,0.48061699439426986,0.9983870967741936,1.0,0.6668750261516643,0.8705789389304437,0.9961903767802758,0.34867875544202476,instance,complexity_N1_top25
0,0.20294117647058818,0.2,0.29398663697104677,0.5,0.5515195486803874,1.0,0.5011789193890442,1.0,1.0,0.6668613743959799,0.8148539972750183,0.9801747505220426,-0.38287323875383894,instance,complexity_N1_top25
0,0.5526315789473684,0.2,0.27142857142857146,0.7083333333333334,0.552069421861988,0.0,0.49172682334379025,0.9983870967741936,1.0,0.6668841499517821,0.8492930756563206,0.996947656641745,1.0778752519943327,instance,complexity_N1_top25
0,0.0,0.6,0.39622641509433965,0.5,0.828010203381216,1.0,0.5105424602768512,1.0,0.96,0.6666666666666666,0.8207299066881885,0.9984753287445784,-0.8755825441500221,instance,complexity_N1_top25
1,0.6167247386759582,1.0,0.7060133630289532,0.4583333333333333,0.46090368603196463,0.6666666666666666,0.5208543204675931,1.0,1.0,0.666841861726017,0.8467076991530229,0.9868012174635984,-0.44059852659733895,instance,complexity_N1_top25
0,0.18333333333333335,0.4,0.29398663697104677,0.5,0.5615945382732438,1.0,0.5139048599675928,1.0,1.0,0.6668999322800885,0.8047182533174169,0.9869457949637523,-0.6986433760183407,instance,complexity_N1_top25
1,0.39583333333333326,0.4,0.30201342281879195,0.4166666666666667,0.44463819967016704,0.5,0.47420401364786635,0.9982935153583617,1.0,0.6668193841119316,0.8506490106148269,0.9993449987667119,0.07727790771130612,instance,complexity_N1_top25
0,0.43452380952380953,0.2,0.697986577181208,0.375,0.5514712412980988,0.3333333333333333,0.48865150896511667,0.9983870967741936,1.0,0.6669757398812112,0.8558886231326048,0.9987051663446781,-0.4336074707745933,instance,complexity_N1_top25
0,0.2753623188405797,0.6,0.48453608247422686,0.375,0.5883302204140711,0.6666666666666666,0.4618596656563747,0.9991935483870967,1.0,0.6668647499846367,0.8475831081520323,0.9816936868632958,-0.5001178136625779,instance,complexity_N1_top25
0,0.3857142857142857,0.2,0.7555555555555555,0.4166666666666667,0.57236861081705,0.0,0.478913359308463,0.9983870967741936,1.0,0.666945457786647,0.855315140664445,0.9835786960629515,-0.8780598521344259,instance,complexity_N1_top25
0,0.5710843373493976,0.6,0.48453608247422686,0.2916666666666667,0.6726067820905898,0.0,0.49886436351652097,0.9983870967741936,1.0,0.6668451563081982,0.8507202280838255,0.9809864328546772,-1.64648905150934,instance,complexity_N1_top25
0,0.4741935483870968,0.2,0.27142857142857146,0.625,0.5514195194390826,0.0,0.44674285784806356,0.9967741935483871,1.0,0.6669061126764472,0.8424726300056296,0.9763709427554416,1.0799290339246514,instance,complexity_N1_top25
0,0.4836601307189543,0.4,0.49751243781094523,0.4166666666666667,0.5544552967483539,0.0,0.47357855697761475,0.9975806451612903,1.0,0.6669787599700879,0.856174943626269,0.9955084629011046,0.028513781991249522,instance,complexity_N1_top25
0,0.31276595744680846,0.4,0.6862745098039216,0.2916666666666667,0.5357641453538268,0.0,0.48851687000078103,0.9991935483870967,1.0,0.6668090483389579,0.8263393834024784,0.9571444683336242,0.9780071165711168,instance,complexity_N1_top25
0,0.09756097560975607,0.0,0.29398663697104677,0.5,0.5372030919887164,0.0,0.46204595208245247,0.9959677419354839,1.0,0.6668464620004532,0.8356695055233658,0.9988872309595935,0.45041303329888,instance,complexity_N1_top25
0,0.4017857142857143,0.4,0.27142857142857146,0.7083333333333334,0.569465032064344,0.5,0.5033320576855146,1.0,1.0,0.6668789588756082,0.8460462886749451,0.9968165097877688,-0.35063040393660017,instance,complexity_N1_top25
0,0.6073091247672253,0.4,0.29398663697104677,0.625,0.5428797442177267,0.5,0.49242768716698593,0.9991935483870967,1.0,0.6668851881434701,0.8672140637038784,0.9881495905691884,-0.052130536895176285,instance,complexity_N1_top25
0,0.32619047619047614,0.2,0.29398663697104677,0.5,0.5351708045848207,0.0,0.49025187030815354,0.9991935483870967,1.0,0.6669416626477189,0.8394072214259641,0.9876169257977379,0.39533211801700585,instance,complexity_N1_top25
0,0.34912959381044484,0.6,0.8,0.2916666666666667,0.5362627110512631,1.0,0.5157486407680175,1.0,1.0,0.6669587968868009,0.8296039190778102,0.9943401728138995,-0.09815221907711359,instance,complexity_N1_top25
1,0.6043010752688172,0.4,0.6037735849056604,0.4583333333333333,0.4636361182417045,1.0,0.5118196162604223,1.0,1.0,0.6669511209328087,0.8176379270234575,0.9510874612317625,-0.5897113714745261,instance,complexity_N1_top25
0,0.410850439882698,0.4,0.39622641509433965,0.375,0.5379916369671335,0.5,0.5184206005189351,1.0,1.0,0.666993892818527,0.8434623439197045,0.996246846876391,0.10235625024457377,instance,complexity_N1_top25
0,0.39569892473118284,0.2,0.29398663697104677,0.5,0.5395989311263635,0.0,0.49201024586857933,0.9983870967741936,1.0,0.666976472037061,0.8297273070985741,0.9878330296852872,-0.14179897070991815,instance,complexity_N1_top25
0,0.30922431865828093,0.4,0.8,0.20833333333333334,0.5415070770648537,0.5,0.4951323852695957,0.9991935483870967,1.0,0.6669612321651647,0.8487287230279008,0.9817081794078751,-0.21347164892125287,instance,complexity_N1_top25
0,0.6607142857142857,0.4,0.83,0.3333333333333333,0.58037350221801,0.75,0.49899690040960565,0.9991935483870967,1.0,0.6668215992807621,0.844205947457598,0.9987645871869788,-0.23274153022652544,instance,complexity_N1_top25
0,0.39608433734939763,0.0,0.7555555555555555,0.4166666666666667,0.5428305282752798,0.0,0.43924761889463915,0.9959677419354839,1.0,0.6668482177669115,0.8476080533907278,0.9855060996572156,0.32761121971710927,instance,complexity_N1_top25
0,0.2997448979591837,0.2,0.3271604938271605,0.4166666666666667,0.5397400892963042,0.0,0.46635293780313203,0.9975806451612903,1.0,0.6669155804078346,0.8226216478358617,0.9621974939766436,0.055754513355070666,instance,complexity_N1_top25
0,0.39569892473118284,0.4,0.6862745098039216,0.2916666666666667,0.5357126843919165,0.0,0.4927960379827224,0.9991935483870967,1.0,0.6668169598299433,0.8143740984866461,0.9951726423067512,-0.0614190467530642,instance,complexity_N1_top25
0,0.42307692307692313,0.4,0.49751243781094523,0.5416666666666666,0.8280102033790704,1.0,0.525178009552592,1.0,1.0,0.6670359897184566,0.8557587002729058,0.9970913071599586,-1.6071213973358254,instance,complexity_N1_top25
0,0.30922431865828093,0.2,0.29398663697104677,0.4583333333333333,0.5371022986381919,0.3333333333333333,0.4913061621584459,0.9983870967741936,1.0,0.6668750030233419,0.8419606454193093,0.9966133286130031,-0.12350636917141361,instance,complexity_N1_top25
0,0.49826302729528527,0.2,0.7555555555555555,0.3333333333333333,0.5522491923400565,1.0,0.5138533257551798,1.0,1.0,0.6669919865283804,0.8343268109089205,0.9960227098034704,-1.6603008001378872,instance,complexity_N1_top25
0,0.5127659574468084,0.8,0.8,0.2916666666666667,0.5425667533644939,0.5,0.4211868657131509,0.9991935483870967,1.0,0.6670402310693879,0.8183219862843104,0.9774053660073395,0.12527010349636658,instance,complexity_N1_top25
0,0.5835843373493976,0.6,0.7555555555555555,0.5833333333333334,0.5454600199000136,0.5,0.5373646409330521,1.0,1.0,0.6668951461597984,0.8640115709710509,0.9909286517750069,-0.14530199611103536,instance,complexity_N1_top25
0,0.35,0.2,0.4365079365079365,0.5833333333333334,0.7375536260465253,0.0,0.47306026258056433,0.9983870967741936,1.0,0.6668325944402888,0.8490308895189075,0.9952268604740647,-0.21872511233529823,instance,complexity_N1_top25
0,0.2753623188405797,0.2,0.27142857142857146,0.5833333333333334,0.5599195937831974,0.0,0.4759388718474097,0.9983870967741936,1.0,0.6669564251577293,0.8495192731616474,0.9976593546267475,-0.01866527283159172,instance,complexity_N1_top25
0,0.410850439882698,0.2,0.39622641509433965,0.4583333333333333,0.5371783222429622,0.0,0.48828123937588885,0.9991935483870967,1.0,0.666801142080504,0.8170808334526615,0.970872033288303,0.3190699293081853,instance,complexity_N1_top25
1,0.6043010752688172,0.6,0.6728395061728395,0.3333333333333333,0.46401776478487033,1.0,0.5338996536389125,1.0,1.0,0.6668330525181807,0.8284575969524497,0.9909501079106694,0.44378822376186156,instance,complexity_N1_top25
0,0.31224489795918364,0.0,0.29398663697104677,0.4166666666666667,0.5426338633907454,0.0,0.4679664515555627,0.9919354838709677,1.0,0.666812066145581,0.8409995475835009,0.9938640917683167,0.5754757181726459,instance,complexity_N1_top25
0,0.11224489795918369,0.4,0.4365079365079365,0.375,0.5347451075881714,0.0,0.4737633752551982,0.9983870967741936,1.0,0.666862413104592,0.8575709851369845,0.9911988702704808,0.5543154021127848,instance,complexity_N1_top25
0,0.38596491228070173,0.4,0.49751243781094523,0.5,0.5921189654145526,0.25,0.4671510963051728,0.9975806451612903,1.0,0.6668799126232933,0.8566973581245043,0.9957996986901398,-0.446755800377379,instance,complexity_N1_top25
0,0.18089430894308944,0.4,0.29398663697104677,0.625,0.5367035751728022,0.0,0.48123663058196464,0.9983870967741936,1.0,0.6669166047036545,0.8301182564631907,0.989469181126592,0.9423749600940535,instance,complexity_N1_top25
0,0.6075268817204301,0.4,0.27142857142857146,0.7083333333333334,0.5497729977619104,0.5,0.5239281644990901,1.0,1.0,0.6668965016331503,0.8633028473372012,0.9920109434187717,0.5218005133896327,instance,complexity_N1_top25
1,0.5827731092436975,0.4,0.7060133630289532,0.6666666666666666,0.4632325520452576,0.25,0.45229767275172805,0.9988623435722411,1.0,0.6668774777259598,0.8442272177226919,0.9768284745406508,-0.4219807024225215,instance,complexity_N1_top25
0,0.0625,0.4,0.6862745098039216,0.2916666666666667,0.5418463853296707,0.0,0.4837178107826833,0.9983870967741936,1.0,0.6668480592047811,0.805472705605003,0.9926945702511336,-0.4274525803888226,instance,complexity_N1_top25
0,0.39569892473118284,0.2,0.3666666666666667,0.20833333333333334,0.5378049194202917,0.0,0.4621153068137852,0.9967741935483871,1.0,0.6669913888755108,0.8308601060363059,0.9536797626435461,0.17966061066436026,instance,complexity_N1_top25
0,0.2752659574468085,0.6,0.29398663697104677,0.5,0.5398219346549399,0.0,0.431898232830885,0.9983870967741936,1.0,0.6669214922323736,0.8381056382382094,0.9789109015235952,0.2540236259977939,instance,complexity_N1_top25
0,0.0714285714285714,0.2,0.29398663697104677,0.5,0.5349689928807597,0.0,0.46290365220250373,0.9975806451612903,0.92,0.6408197019041774,0.811772291987526,0.9846743263145704,1.163361643901803,instance,complexity_N1_top25
0,0.5710843373493976,0.6,0.7555555555555555,0.4583333333333333,0.5586103374369985,0.5,0.5089791374957624,1.0,1.0,0.666974139910339,0.8464165846097008,0.9971227208620277,-0.872968956978061,instance,complexity_N1_top25
0,0.40588235294117647,0.4,0.48453608247422686,0.2916666666666667,0.5548847499541781,1.0,0.5150308555726073,1.0,1.0,0.6668465361408855,0.8384826644771541,0.9840011606766066,-0.6304244820516192,instance,complexity_N1_top25
0,0.2833333333333333,0.6,0.4365079365079365,0.375,0.5425289150591533,0.3333333333333333,0.5228091757778652,1.0,1.0,0.6672030211111091,0.8334054227949172,0.9924036020573396,0.15553649629298938,instance,complexity_N1_top25
0,0.6388888888888888,0.6,0.27142857142857146,0.3333333333333333,0.6324583473672881,0.5,0.49599438617235647,0.9991935483870967,1.0,0.6669956766890137,0.880232279496798,0.9991214477192366,-0.09864567096260844,instance,complexity_N1_top25
0,0.11224489795918369,0.2,0.3271604938271605,0.625,0.5361582671641089,0.5,0.5160785305582936,1.0,1.0,0.6668995322176475,0.8566129055545142,0.9781560555330224,0.36325230531396707,instance,complexity_N1_top25
1,0.6735474006116208,0.8,0.7060133630289532,0.7916666666666666,0.46113146894825496,1.0,0.5226322932073176,1.0,1.0,0.6668544453004036,0.8597126757485151,0.9851694466828109,-0.6970969382745156,instance,complexity_N1_top25
0,0.37119801365611427,0.6,0.48453608247422686,0.375,0.5707779988135276,0.0,0.4986437230159235,0.9991935483870967,1.0,0.666817166558773,0.8513311645050707,0.9903794020289227,-0.3755979734624905,instance,complexity_N1_top25
0,0.5934202358783365,0.6,0.27142857142857146,0.3333333333333333,0.5627888955101731,1.0,0.505427772172099,1.0,1.0,0.6669292181924175,0.8675387486091373,0.9897083055717284,-0.08550928793141986,instance,complexity_N1_top25
0,0.5808823529411764,0.4,0.49751243781094523,0.5416666666666666,0.5751908458456799,0.375,0.5141920660085615,1.0,1.0,0.6669268794819314,0.8712858778817556,0.9988376510938667,-0.43548158724323277,instance,complexity_N1_top25
0,0.7375,0.8,0.48453608247422686,0.2916666666666667,0.5855764661366205,1.0,0.5356414630407467,1.0,1.0,0.6669237267421042,0.8610788576026264,0.9970374643078346,-0.8447202586423227,instance,complexity_N1_top25
0,0.6294326241134751,0.6,0.29398663697104677,0.5,0.537730171433974,0.0,0.44261015663892467,0.9991935483870967,1.0,0.6669397584902509,0.8324820986350535,0.9952847107898861,0.005429252142608141,instance,complexity_N1_top25
1,0.6877551020408164,0.8,0.7060133630289532,0.5416666666666666,0.4645502664985116,0.6666666666666666,0.4898922421352787,0.9994311717861206,1.0,0.6668466899144068,0.8105692965336518,0.9992276750910206,-0.7960452763607143,instance,complexity_N1_top25
0,0.625,0.4,0.49751243781094523,0.625,0.5674014307440688,0.3333333333333333,0.5068237120826726,1.0,1.0,0.6669937493236425,0.8716101927047135,0.991328349332511,-0.6454707789660454,instance,complexity_N1_top25
0,0.2058823529411764,0.0,0.27142857142857146,0.5833333333333334,0.6561515550391654,0.5,0.4359862804312312,0.989516129032258,1.0,0.6669428723517958,0.8282462846849242,0.9855492909642855,-0.3761370827112145,instance,complexity_N1_top25
0,0.5138888888888888,0.8,0.9027777777777778,0.2916666666666667,0.5555287174503123,1.0,0.5290283524751187,1.0,1.0,0.6668228612762732,0.8432318427955827,0.974541391821793,-0.6809499997872559,instance,complexity_N1_top25
1,0.4065797641216635,0.6,0.7285714285714286,0.4166666666666667,0.44837296963703777,1.0,0.5204699214945765,1.0,1.0,0.6668808834364487,0.8482197067230749,0.9908936696946035,-0.03297560434902833,instance,complexity_N1_top25
0,0.8800773694390716,0.4,0.4365079365079365,0.4166666666666667,0.5758923817797341,0.0,0.49209727333594133,0.9991935483870967,1.0,0.666900541425885,0.8278876840396601,0.9985370134329284,0.4726841664836222,instance,complexity_N1_top25
1,0.5441176470588236,0.6,0.5024875621890548,0.9166666666666666,0.4583911488825493,1.0,0.558795155179509,1.0,1.0,0.6670314168163564,0.857506250749789,0.9877267576646893,-0.1317510247050681,instance,complexity_N1_top25
0,0.45833333333333337,0.0,0.29398663697104677,0.9166666666666666,0.5378928812495851,0.0,0.4781647870519552,0.9943548387096774,1.0,0.6669260574444693,0.8507997357011315,0.9892828318669687,0.9687364535935133,instance,complexity_N1_top25
0,0.4017857142857143,0.4,0.27142857142857146,0.5833333333333334,0.5874575123980437,0.0,0.4558517339697894,0.9983870967741936,1.0,0.66693397232271,0.8194096920407287,0.9830388606642234,0.23458074880900612,instance,complexity_N1_top25
0,0.20869565217391295,0.6,0.27142857142857146,0.5833333333333334,0.5628861699212532,0.25,0.49185578836579913,0.9991935483870967,1.0,0.6669150227816935,0.8522888347605516,0.9961617704430775,0.2776273392182979,instance,complexity_N1_top25
0,0.11224489795918369,0.6,0.4365079365079365,0.5833333333333334,0.5597499539259941,0.0,0.4506552921317819,0.9983870967741936,1.0,0.666937872000046,0.8571669954448285,0.9989221335977246,0.26601318674313457,instance,complexity_N1_top25
0,0.4558823529411764,0.4,0.7555555555555555,0.2916666666666667,0.5682808899435984,0.0,0.49707592941530854,0.9991935483870967,1.0,0.6669618707827591,0.8464951827011659,0.9961234856777439,-0.0894642644408466,instance,complexity_N1_top25
1,0.5834677419354839,1.0,0.7060133630289532,0.5416666666666666,0.46475215265009107,1.0,0.5455212637036687,1.0,1.0,0.6667639651631354,0.8134396770029556,0.9940499246110829,-0.9080079710091633,instance,complexity_N1_top25
0,0.125,0.6,0.7394636015325671,0.4583333333333333,0.7978135397582578,1.0,0.5243897035114113,1.0,1.0,0.6668647130435017,0.8449096445921047,0.9823023179261196,-1.1720674725718851,instance,complexity_N1_top25
0,0.6370370370370371,0.4,0.27142857142857146,0.5833333333333334,0.5736224671918629,0.0,0.4846658871159575,0.9983870967741936,1.0,0.6670319882287954,0.8561837883175788,0.9710561894334587,-0.47562896913826214,instance,complexity_N1_top25
0,0.35972850678733037,0.6,0.7394636015325671,0.4583333333333333,0.551159127714639,0.2,0.4968869683623356,0.9983870967741936,1.0,0.6668760133297632,0.8670633956180903,0.997582099740422,-0.04052463237089405,instance,complexity_N1_top25
0,0.1875,0.6,0.7394636015325671,0.4583333333333333,0.6330090774943252,0.0,0.4898104655638904,0.9991935483870967,1.0,0.6668632454730717,0.8070357055327055,0.9948842305906775,-0.02090607976226447,instance,complexity_N1_top25
0,0.4981132075471698,0.4,0.29398663697104677,0.5,0.5412340905932232,0.5,0.4918006508868674,0.9991935483870967,1.0,0.666812875362823,0.8274778203296843,0.9940070679777283,0.2253911636123575,instance,complexity_N1_top25
1,0.5083333333333333,0.4,0.6037735849056604,0.4583333333333333,0.4591511000449445,0.5,0.46283535772228035,0.9988623435722411,1.0,0.6668393563943925,0.8540019393707735,0.9752734661087361,0.09532711175196841,instance,complexity_N1_top25
0,0.5208333333333334,0.4,0.27142857142857146,0.4166666666666667,0.6877016958799499,0.0,0.47967889559772436,0.9983870967741936,1.0,0.6669436005489148,0.8301270048049687,0.9962631383166883,0.1543084311649746,instance,complexity_N1_top25
0,0.43452380952380953,0.4,0.697986577181208,0.5833333333333334,0.5535953279390573,0.5,0.5113132017897798,1.0,1.0,0.6669995011083721,0.8608109387994086,0.9937054489401124,-0.12966875467883415,instance,complexity_N1_top25
0,0.375,0.8,0.49751243781094523,0.8333333333333334,0.8239360836925758,1.0,0.5192275653121292,1.0,0.96,0.6666666666666666,0.8398095746052695,0.9982865790790587,-0.7351912426807566,instance,complexity_N1_top25
0,0.5288335517693316,0.4,0.48453608247422686,0.375,0.8272322485122477,0.3333333333333333,0.5288523646244372,1.0,1.0,0.6668317712246837,0.8679952602167559,0.9967326348486663,-0.18336316391721427,instance,complexity_N1_top25
0,0.5469208211143695,0.4,0.29398663697104677,0.625,0.5413644866106818,0.0,0.47638984039607524,0.9991935483870967,1.0,0.6668051826107129,0.8523192599772453,0.9935931874720605,0.243730262240383,instance,complexity_N1_top25
0,0.31224489795918364,0.6,0.29398663697104677,0.5,0.5417080803680753,0.6666666666666666,0.5247484643193363,1.0,1.0,0.6669136125885634,0.836539479372765,0.9839601160548416,-0.01989153207043011,instance,complexity_N1_top25
0,0.0714285714285714,0.4,0.29398663697104677,0.5,0.5354868663674522,0.0,0.4959510678506499,0.9991935483870967,1.0,0.6670805953507251,0.8286660539120134,0.9842202522487911,0.7900409146618418,instance,complexity_N1_top25
0,0.7069767441860465,0.8,0.7727272727272727,0.375,0.5802605769618081,1.0,0.5171382653551402,1.0,1.0,0.666801005391033,0.8693002248314007,0.9988032477047761,-0.45902345647023146,instance,complexity_N1_top25
0,0.537037037037037,0.6,0.42500000000000004,0.3333333333333333,0.5490066928397744,0.6666666666666666,0.5443254530887895,1.0,1.0,0.6668714591528069,0.8714162825949822,0.9955204266725812,0.0071952318667891264,instance,complexity_N1_top25
0,0.47265625,0.4,0.7394636015325671,0.4166666666666667,0.5748646589522934,0.3333333333333333,0.419725236835889,0.9983870967741936,1.0,0.666858090923215,0.8528671942511704,0.9972937482404337,-0.5137657057529044,instance,complexity_N1_top25
1,0.3041666666666667,0.4,0.7285714285714286,0.5833333333333334,0.3529522169746016,1.0,0.5259012037212685,1.0,1.0,0.6669383798346189,0.8444706437196204,0.9987971006883298,0.9081317955226889,instance,complexity_N1_top25
0,0.4537037037037037,0.6,0.7555555555555555,0.375,0.5480170237998112,0.3333333333333333,0.48515262239720003,0.9983870967741936,1.0,0.6668910801176176,0.8562511170354727,0.9967027595964112,-0.5821756159458186,instance,complexity_N1_top25
0,0.48537005163511193,0.4,0.29398663697104677,0.5,0.5371669384387955,0.5,0.5053040536592095,1.0,1.0,0.6670245919042008,0.8337572680059189,0.9905939441446424,0.4109886872740103,instance,complexity_N1_top25
0,0.578021978021978,0.0,0.27142857142857146,0.5833333333333334,0.6175515744394686,0.0,0.47733400727759956,0.9959677419354839,1.0,0.6669338213195269,0.8340982860668773,0.9648014055766535,-0.5492600055266058,instance,complexity_N1_top25
0,0.2058823529411764,0.4,0.42500000000000004,0.4166666666666667,0.5791582470241502,1.0,0.5017260132142439,1.0,1.0,0.6669826130384797,0.8425953701599467,0.9843603834333574,-0.6587004525741504,instance,complexity_N1_top25
0,0.2058823529411764,0.0,0.49751243781094523,0.5416666666666666,0.5666431133807097,0.0,0.4683046032926733,0.9959677419354839,1.0,0.6669765528438565,0.8452407654255495,0.9725001755160162,-0.04740477535014971,instance,complexity_N1_top25
0,0.11224489795918369,0.2,0.29398663697104677,0.6666666666666666,0.5384062214419888,0.25,0.4607541715026353,0.9975806451612903,1.0,0.6669044978052763,0.8456872225988827,0.9825172523583767,0.5434798909362649,instance,complexity_N1_top25
0,0.5753588516746412,0.8,0.697986577181208,0.375,0.5478323629037991,0.6666666666666666,0.5257615878230959,1.0,1.0,0.6669942357581845,0.8683206893433241,0.9967241831374902,0.15009352075151416,instance,complexity_N1_top25
0,0.4836601307189543,0.4,0.42500000000000004,0.4166666666666667,0.566679589698017,0.3333333333333333,0.46913626172759293,0.9991935483870967,1.0,0.6669260540508567,0.8584506625464563,0.9990841840077209,-0.36164818890486394,instance,complexity_N1_top25
0,0.0714285714285714,0.4,0.29398663697104677,0.5,0.5384126386786563,0.0,0.4760203345143894,0.9983870967741936,0.96,0.6494193156385661,0.7870608003781332,0.9808300165198961,0.4018581102013432,instance,complexity_N1_top25
0,0.3544176706827309,0.2,0.39622641509433965,0.4583333333333333,0.541638467783216,0.0,0.47735388223421116,0.9983870967741936,1.0,0.6669793198468463,0.8412520906670078,0.9988585064274331,-0.2887821404157891,instance,complexity_N1_top25
0,0.19202898550724634,0.4,0.48453608247422686,0.2916666666666667,0.5518817138067131,0.25,0.4619616200852925,0.9975806451612903,1.0,0.6668953824418586,0.8640929919155798,0.9999644300001502,-0.2945517473999609,instance,complexity_N1_top25
0,0.15311653116531165,0.0,0.29398663697104677,0.9166666666666666,0.5357638467233208,0.5,0.46081833405614747,0.9951612903225806,1.0,0.6668965727760741,0.8333776521813613,0.995793689229847,0.5419201833413693,instance,complexity_N1_top25
0,0.0,0.6,0.697986577181208,0.375,0.5345868359877195,0.0,0.4960705870882637,0.9983870967741936,1.0,0.6669005412242609,0.8450127493551378,0.9938227868169837,0.989546419943335,instance,complexity_N1_top25
0,0.5808823529411764,0.8,0.42500000000000004,0.4166666666666667,0.5629356274270982,1.0,0.5102776601913459,1.0,1.0,0.6669568054699532,0.8402111205729637,0.9957220961918837,0.009428370232817092,instance,complexity_N1_top25
0,0.525,0.2,0.49751243781094523,0.5416666666666666,0.5440537203845804,0.0,0.4872451717207177,0.9975806451612903,1.0,0.6668944668744334,0.8674405821282619,0.997976039174652,-0.2821470053363513,instance,complexity_N1_top25
0,0.40588235294117647,0.2,0.49751243781094523,0.4166666666666667,0.5482745385074592,0.5,0.4937645099910898,0.9983870967741936,1.0,0.6668920877063577,0.8694988174133765,0.9983059903678433,0.2080458849763393,instance,complexity_N1_top25
0,0.7972636815920398,0.6,0.48453608247422686,0.2916666666666667,0.6399399838381199,0.0,0.48859837660489613,0.9991935483870967,1.0,0.6669376386795398,0.8333902586214539,0.9874507761450673,-1.027100928439987,instance,complexity_N1_top25
1,0.6785714285714286,1.0,0.6037735849056604,0.375,0.464270936353838,1.0,0.5626077078192849,1.0,1.0,0.6672285721389076,0.7907104124150018,0.9417761298916224,-1.1324275514403983,instance,complexity_N1_top25
0,0.31276595744680846,0.4,0.48453608247422686,0.2916666666666667,0.6007098605908557,0.0,0.4566981204285344,0.9975806451612903,1.0,0.6669139395348628,0.8396413762427929,0.9884652738697234,-0.7623979752287897,instance,complexity_N1_top25
1,0.7339089481946625,0.6,0.7060133630289532,0.4166666666666667,0.45983612030201504,0.5,0.5344212733817268,1.0,1.0,0.6667725215500366,0.8410825811653554,0.9877052349186423,-0.8358393202457198,instance,complexity_N1_top25
0,0.5210843373493976,0.6,0.29398663697104677,0.9166666666666666,0.537941611457543,0.0,0.49498806095649284,0.9991935483870967,1.0,0.6669126695161677,0.8614837788675055,0.9840832137032112,0.23366894905422353,instance,complexity_N1_top25
0,0.11224489795918369,0.0,0.27142857142857146,0.5416666666666666,0.5440415460452103,0.0,0.4662641616016906,0.9959677419354839,1.0,0.6669177020841685,0.8485919724247448,0.9920866550854771,0.31533091287252185,instance,complexity_N1_top25
0,0.31224489795918364,0.6,0.6862745098039216,0.2916666666666667,0.5489064050127899,0.0,0.4634840278534238,0.9991935483870967,1.0,0.6667283398799299,0.8178097865761192,0.9487623277879772,0.1298040239502898,instance,complexity_N1_top25
0,0.6203835227272727,0.8,0.29398663697104677,0.5,0.5565268097212848,1.0,0.5068328038859866,1.0,1.0,0.6668978617473923,0.8710478337608352,0.9977882232754441,-0.3948251197926485,instance,complexity_N1_top25
0,0.37083333333333335,0.8,0.3271604938271605,0.4166666666666667,0.5380717963157404,0.5,0.5473025874885737,1.0,1.0,0.6669248014355732,0.8636871828654751,0.9906021096476898,0.1505308314949258,instance,complexity_N1_top25
0,0.11224489795918369,0.2,0.29398663697104677,0.9166666666666666,0.5395316863313145,0.0,0.46718069390762984,0.9967741935483871,1.0,0.6668916712381099,0.8488571412023416,0.9888089520787393,0.7066660133921565,instance,complexity_N1_top25
0,0.6281424581005587,0.8,0.27142857142857146,0.7083333333333334,0.556901740897226,0.0,0.47605667835874954,0.9991935483870967,1.0,0.6668745893585822,0.849680949842455,0.9983968391495305,0.39387066040396523,instance,complexity_N1_top25
0,0.3214285714285714,0.4,0.29398663697104677,0.5,0.5366200589668066,0.5,0.5002873864925104,1.0,1.0,0.6669081563171605,0.8028576104468377,0.9578311757313235,0.11456053838093468,instance,complexity_N1_top25
0,0.10869565217391308,0.6,0.42500000000000004,0.4166666666666667,0.5999419403848663,0.5,0.47406969213859873,0.9991935483870967,1.0,0.6669900486766246,0.8291225200261568,0.9968058459730861,-1.1757754320329032,instance,complexity_N1_top25
0,0.21276595744680848,0.0,0.29398663697104677,0.5,0.5365310572460716,0.0,0.4291884276520316,0.9935483870967742,1.0,0.6668362296572161,0.8447611372150101,0.9875765766115915,1.2080257284780607,instance,complexity_N1_top25
1,0.589149560117302,0.8,0.6728395061728395,0.4583333333333333,0.4647966663540378,1.0,0.559099913558319,1.0,1.0,0.6668548279890009,0.8347348760241489,0.993436052134134,-0.770010128520359,instance,complexity_N1_top25
0,0.4529411764705882,0.6,0.3271604938271605,0.4166666666666667,0.5355536922531754,0.0,0.49838156447781123,0.9991935483870967,1.0,0.6668466484512943,0.8471464389182968,0.9997589221477509,0.6772231622687566,instance,complexity_N1_top25
0,0.32619047619047614,0.4,0.29398663697104677,0.5,0.5361622400622973,0.0,0.4916134038550455,0.9975806451612903,1.0,0.6669788138309607,0.8121986092463573,0.9915815925184012,0.49202648562579454,instance,complexity_N1_top25
0,0.4558823529411764,0.8,0.3271604938271605,0.625,0.5428509757157706,1.0,0.5396562581619493,1.0,1.0,0.6668630806112198,0.8768641841243199,0.9981780691882836,0.23610512206561496,instance,complexity_N1_top25
0,0.6506734006734007,0.6,0.697986577181208,0.4583333333333333,0.5503124329011624,0.5,0.5498122229146658,1.0,1.0,0.6669568036297843,0.8540999374632059,0.9900016007554676,0.11072080044431384,instance,complexity_N1_top25
0,0.7069767441860465,0.6,0.7394636015325671,0.5,0.5773931891293915,1.0,0.509622437438711,1.0,1.0,0.6668350719071331,0.8506905866667651,0.9799953924478865,-0.22496164592325588,instance,complexity_N1_top25
0,0.3857142857142857,0.0,0.6862745098039216,0.2916666666666667,0.5403897120863129,0.0,0.45559553247947593,0.9951612903225806,0.96,0.6666666666666666,0.8316483724584337,0.9775191922309828,0.06045576337814897,instance,complexity_N1_top25
1,0.47916666666666674,0.6,0.5024875621890548,0.4583333333333333,0.4459654439286313,0.0,0.39509490764150956,0.9994311717861206,1.0,0.6669736641675112,0.8241482987827073,0.9724272064183719,-0.5578563228384816,instance,complexity_N1_top25
0,0.5753588516746412,0.4,0.7555555555555555,0.4166666666666667,0.5478329327579354,0.0,0.49582808186537486,0.9991935483870967,1.0,0.6668055402435509,0.8667713061493323,0.995139078888526,0.31737659592810213,instance,complexity_N1_top25
0,0.5469208211143695,0.4,0.27142857142857146,0.5833333333333334,0.5798206404933862,1.0,0.508683925307529,1.0,1.0,0.6668307803100376,0.8308247390404478,0.9700743889720315,-0.0520239723086043,instance,complexity_N1_top25
0,0.7541666666666667,0.6,0.697986577181208,0.5833333333333334,0.5545522504664983,0.0,0.46523970525648417,0.9991935483870967,1.0,0.6668566008917559,0.8458476205861285,0.9833732706385022,-0.1218070568123572,instance,complexity_N1_top25
0,0.6553030303030303,0.6,0.49751243781094523,0.4166666666666667,0.5683592064681179,1.0,0.5249577622628756,1.0,1.0,0.666906901976861,0.8451374667905239,0.988608779841951,-0.4976179220679089,instance,complexity_N1_top25
0,0.375,0.6,0.27142857142857146,0.5833333333333334,0.6989097078627147,0.0,0.4823736174770009,0.9991935483870967,1.0,0.6670227644677195,0.8383102650389604,0.9699012242833276,-1.0052819611750188,instance,complexity_N1_top25
0,0.74765625,0.6,0.49751243781094523,0.4583333333333333,0.542549521862138,0.6666666666666666,0.49581077218333136,0.9991935483870967,1.0,0.6669132274830263,0.8593232957332754,0.9976427926177734,-0.4788286111367912,instance,complexity_N1_top25
0,0.49826302729528527,0.2,0.697986577181208,0.5833333333333334,0.5543107368643345,0.0,0.4914450507883885,0.9991935483870967,1.0,0.6669049278060711,0.839092944611429,0.9933529233256061,-0.7388265162999971,instance,complexity_N1_top25
0,0.09756097560975607,0.0,0.29398663697104677,0.4166666666666667,0.5352678097560926,0.0,0.4410391070728965,0.9911290322580645,1.0,0.666822416415625,0.838699879140091,0.9860699599610616,1.1206970882037062,instance,complexity_N1_top25
0,0.410850439882698,0.4,0.39622641509433965,0.4583333333333333,0.5353016082674995,1.0,0.5061015660481367,1.0,1.0,0.6668352117403855,0.8238144183911228,0.9963930607174426,0.49475594699443176,instance,complexity_N1_top25
0,0.6617963042544048,0.4,0.7555555555555555,0.3333333333333333,0.5625588686728756,0.0,0.49018265432507546,0.9983870967741936,1.0,0.6669919170734683,0.8628902407175633,0.9946996334499907,-0.7608655582112829,instance,complexity_N1_top25
0,0.4741935483870968,0.2,0.27142857142857146,0.3333333333333333,0.5765193865546886,0.0,0.468529488341336,0.9991935483870967,1.0,0.6668704066133401,0.8456755379304371,0.994400990175928,-0.2961476161595315,instance,complexity_N1_top25
0,0.31224489795918364,0.2,0.29398663697104677,0.5,0.5399301111188318,0.0,0.4829517877719215,0.9967741935483871,1.0,0.6670610291932882,0.8376127699560881,0.9966169235460949,0.2114447136750872,instance,complexity_N1_top25
0,0.31405228758169934,0.2,0.3271604938271605,0.625,0.5374524870699959,0.0,0.4571667581893534,0.9967741935483871,1.0,0.667007809961829,0.8487572403060278,0.9768103188134664,0.8568436303637426,instance,complexity_N1_top25
0,0.3696078431372549,0.0,0.42500000000000004,0.4166666666666667,0.5499495098638517,0.0,0.46684316866853137,0.9959677419354839,1.0,0.6670487760423298,0.8530272829900063,0.9913671750966491,-0.31860938749865003,instance,complexity_N1_top25
0,0.6040322580645161,0.4,0.29398663697104677,0.9166666666666666,0.53852951242514,0.0,0.4885484983498227,0.9991935483870967,1.0,0.6669379605788129,0.8226720243300538,0.992918542017358,-0.37329397027893246,instance,complexity_N1_top25
0,0.6666666666666666,0.8,0.27142857142857146,0.3333333333333333,0.6697351726692141,0.0,0.44966813498129177,0.9991935483870967,1.0,0.666959173105214,0.8624173289750092,0.9986144510577379,-0.7822074088574679,instance,complexity_N1_top25
0,0.125,0.4,0.29398663697104677,0.9166666666666666,0.828010203381216,1.0,0.5048623674891541,1.0,1.0,0.6670718397291762,0.8315610425890089,0.9933796972218876,-0.043529280167464594,instance,complexity_N1_top25
0,0.26609105180533754,0.2,0.29398663697104677,0.9166666666666666,0.535817742103784,0.0,0.4732769098144687,0.9975806451612903,1.0,0.6668199681524182,0.8178529655750009,0.9841018808074313,1.3433145603850345,instance,complexity_N1_top25
0,0.3685897435897436,0.2,0.49751243781094523,0.6666666666666666,0.5691155484916169,0.0,0.455895512362229,0.9983870967741936,1.0,0.6669095981408746,0.8550143234045531,0.9977840642867568,-0.0760535748324779,instance,complexity_N1_top25
0,0.3544176706827309,0.4,0.7555555555555555,0.4166666666666667,0.5387522208307289,0.3333333333333333,0.46302902667119294,0.9983870967741936,1.0,0.666861426180541,0.8554399954337506,0.9964925572346699,-0.2930416139964525,instance,complexity_N1_top25
0,0.37119801365611427,0.4,0.27142857142857146,0.5833333333333334,0.6413849541284624,0.0,0.4545305568027096,0.9975806451612903,1.0,0.6668719553429714,0.8317193693582208,0.9975610096902189,-0.3675306119678356,instance,complexity_N1_top25
0,0.7023809523809523,0.6,0.48453608247422686,0.2916666666666667,0.5607662298018058,1.0,0.5001285884292757,1.0,1.0,0.6667863275462264,0.848614314077864,0.9942257082124383,-0.6122696912714152,instance,complexity_N1_top25
0,0.3279411764705882,0.0,0.29398663697104677,0.4166666666666667,0.724647438749687,0.0,0.4462994480989546,0.9959677419354839,1.0,0.6668260549008364,0.8399202885326028,0.9941299705502543,-0.37317581912868214,instance,complexity_N1_top25
0,0.3544176706827309,0.4,0.39622641509433965,0.4583333333333333,0.538814223913426,0.0,0.4714374420061578,0.9983870967741936,1.0,0.6669371300362232,0.8531658458891108,0.9996226105673902,-0.6002612621798649,instance,complexity_N1_top25
0,0.410850439882698,0.2,0.39622641509433965,0.4583333333333333,0.5357386971808409,0.5,0.4797185981751543,0.9967741935483871,1.0,0.6669526461625153,0.8430791418912348,0.9916367026468335,0.2953715162752812,instance,complexity_N1_top25
0,0.6281424581005587,0.6,0.49751243781094523,0.5,0.5490792405966533,0.5,0.5347483479655495,1.0,1.0,0.6668706354841571,0.8657605816492613,0.9909653849493785,-0.1166823729870195,instance,complexity_N1_top25
0,0.2997448979591837,0.6,0.4365079365079365,0.5833333333333334,0.5530419636717032,0.5,0.507506495985094,1.0,1.0,0.6668308156362441,0.8643022554541452,0.9979880072142876,0.46031433643567593,instance,complexity_N1_top25
0,0.7442138866719872,0.8,0.49751243781094523,0.3333333333333333,0.6225617985487827,1.0,0.5080728910945077,1.0,1.0,0.6668588331596874,0.8423508248832623,0.9991019064081369,-0.4983119150996892,instance,complexity_N1_top25
0,0.4537037037037037,0.2,0.29398663697104677,0.6666666666666666,0.5557357461008344,0.0,0.48800735518393734,0.9991935483870967,1.0,0.6668629453090853,0.8377862807134554,0.9828725814664236,-0.3460633621357125,instance,complexity_N1_top25
1,0.38207885304659495,0.2,0.19999999999999996,0.2916666666666667,0.4569935412887356,0.0,0.4418336840793783,0.9977246871444824,1.0,0.6668913943372043,0.8294114402177126,0.9827982304653282,0.10173240196468214,instance,complexity_N1_top25
0,0.48537005163511193,0.8,0.29398663697104677,0.5,0.5822408697691211,1.0,0.5455073131576833,1.0,0.96,0.6666666666666666,0.8366791280093108,0.9674939250421855,-0.7424961558483417,instance,complexity_N1_top25
0,0.21276595744680848,0.4,0.8,0.375,0.5355300660624133,0.5,0.4980620588522344,0.9991935483870967,0.96,0.6664937946279561,0.8314303255176712,0.9966772889116535,1.0106553021220162,instance,complexity_N1_top25
0,0.6281424581005587,0.2,0.48453608247422686,0.375,0.5528170778126064,0.0,0.4648737732261903,0.9983870967741936,1.0,0.6669267641867354,0.8553980503185338,0.9949828871743136,-0.037823890435526884,instance,complexity_N1_top25
0,0.2058823529411764,0.6,0.7555555555555555,0.2916666666666667,0.7256100924141231,1.0,0.5029402356110271,1.0,1.0,0.6669037623929062,0.8436265928473687,0.9834522598221218,-1.3599419182071064,instance,complexity_N1_top25
0,0.5472636815920398,0.2,0.27142857142857146,0.7083333333333334,0.5459256780550942,0.0,0.49527179875336336,0.9991935483870967,1.0,0.6669319180078719,0.8482620624026156,0.9937263339031951,0.4413536380726105,instance,complexity_N1_top25
0,0.43452380952380953,0.6,0.49751243781094523,0.4583333333333333,0.5475022119499666,0.0,0.4829913772113147,0.9991935483870967,1.0,0.6668350640936915,0.8631241713996322,0.9972387997593882,-0.2804686942487534,instance,complexity_N1_top25
0,0.34042553191489366,0.2,0.29398663697104677,0.9166666666666666,0.5479829032985615,0.3333333333333333,0.49352512859368214,0.9991935483870967,1.0,0.6667877543404496,0.8377116907069108,0.9920268256479842,0.2917219703538882,instance,complexity_N1_top25
0,0.28627450980392155,0.2,0.29398663697104677,0.625,0.5377546898953242,0.0,0.49223395740845577,0.9991935483870967,1.0,0.6667910575037095,0.8489421054514018,0.9985922523565216,-0.10374458976753616,instance,complexity_N1_top25
0,0.18089430894308944,0.2,0.29398663697104677,0.5,0.5371534084830945,0.0,0.49237181139981323,0.9991935483870967,1.0,0.666960529846958,0.841784858312744,0.9990567780001512,0.7346097213757874,instance,complexity_N1_top25
0,0.6,0.8,0.48453608247422686,0.375,0.6004603974001994,1.0,0.5044001845646482,1.0,1.0,0.6668742778753395,0.846443065621226,0.9752479714511131,-0.529112010594332,instance,complexity_N1_top25
1,0.40957446808510634,0.8,0.5024875621890548,0.9166666666666666,0.424977987126434,1.0,0.5251964853855347,1.0,1.0,0.667216750579186,0.8466704698440454,0.9957663000581628,0.035526768892011944,instance,complexity_N1_top25
0,0.433710407239819,0.4,0.3271604938271605,0.5,0.5398741059398314,0.5,0.4357022128306871,0.9991935483870967,1.0,0.666938047898891,0.8373211181323896,0.9851823928737732,-0.4892666823623819,instance,complexity_N1_top25
0,0.2752659574468085,0.2,0.6862745098039216,0.2916666666666667,0.548714164274563,0.0,0.46810274400953333,0.9967741935483871,1.0,0.6669384786705466,0.8222310520342849,0.9838627941107347,-0.503532758716752,instance,complexity_N1_top25
0,0.3696078431372549,0.4,0.3666666666666667,0.20833333333333334,0.5375829131618056,0.0,0.4624142841355978,0.9975806451612903,1.0,0.66696832241676,0.8358488649536636,0.99028650873032,0.45104267269889997,instance,complexity_N1_top25
0,0.31276595744680846,0.2,0.6862745098039216,0.3333333333333333,0.5445248854039014,0.0,0.4840195867183569,0.9967741935483871,1.0,0.6668774130096499,0.8551799209159218,0.9896958494773489,0.07325272802036008,instance,complexity_N1_top25
0,0.7069767441860465,0.6,0.27142857142857146,0.5416666666666666,0.6200577204243455,0.0,0.49129273008575325,0.9983870967741936,1.0,0.6669832037967182,0.8438427885712372,0.9954437717511585,0.35837813754951836,instance,complexity_N1_top25
0,0.2058823529411764,0.0,0.42500000000000004,0.4166666666666667,0.7045381727911066,0.0,0.446871695435059,0.9951612903225806,0.96,0.6543387620117905,0.8358201641818728,0.993265003585996,-0.07234919425156912,instance,complexity_N1_top25
0,0.29166666666666663,0.6,0.27142857142857146,0.5416666666666666,0.558157409072609,0.0,0.4754815682375252,0.9983870967741936,1.0,0.666872817406613,0.8550951641854487,0.9985538065731151,-0.6405548449602825,instance,complexity_N1_top25
0,0.3279411764705882,0.6,0.7394636015325671,0.4583333333333333,0.5402991267146491,0.5,0.49301922815490895,0.9983870967741936,1.0,0.6669213785693778,0.8561231207115221,0.9993016860568237,-0.018944641496794982,instance,complexity_N1_top25
1,0.5416666666666666,0.6,0.17000000000000004,0.5,0.33398380591669374,1.0,0.5104607973937998,1.0,1.0,0.6668848291012446,0.8322781250317282,0.9898521990681425,1.15202586512564,instance,complexity_N1_top25
0,0.5357142857142857,0.6,0.29398663697104677,0.625,0.5469795350010486,0.5,0.4749189053527545,0.9991935483870967,1.0,0.6669017661074439,0.8430435437836316,0.9952851605952575,-0.3390447743301571,instance,complexity_N1_top25
0,0.3279411764705882,0.4,0.29398663697104677,0.4166666666666667,0.539019282480155,1.0,0.5170435736707581,1.0,1.0,0.666836442681736,0.8567402940352166,0.9843881141282294,0.842386792256136,instance,complexity_N1_top25
0,0.3290322580645161,0.6,0.3271604938271605,0.5,0.5390420965045033,0.0,0.4958631236484097,0.9991935483870967,1.0,0.6667970067599571,0.8277391348932958,0.9824323932357565,-0.4313305556912261,instance,complexity_N1_top25
0,0.4916666666666667,0.4,0.6862745098039216,0.2916666666666667,0.5849446170219298,0.3333333333333333,0.4951990172027759,0.9991935483870967,1.0,0.6668839491997565,0.849175037075309,0.9997098848580445,-0.8070074865071593,instance,complexity_N1_top25
0,0.2875,0.2,0.49751243781094523,0.4166666666666667,0.5947160361533448,0.0,0.4453084690068585,0.9975806451612903,1.0,0.6669561322074502,0.824949901486656,0.9837401751588125,0.09380590843573307,instance,complexity_N1_top25
1,0.3205128205128205,0.6,0.5154639175257731,0.4166666666666667,0.23759621039552314,0.0,0.4961363432384689,0.9994311717861206,1.0,0.6668289856994222,0.8454261527045412,0.9998347505702704,1.9610853857145227,instance,complexity_N1_top25
1,0.5827731092436975,0.4,0.7060133630289532,0.7083333333333334,0.46357867702103084,0.0,0.4460144828183993,0.9988623435722411,1.0,0.666842526252424,0.8438689648456286,0.9891045728001543,-0.516718579758906,instance,complexity_N1_top25
0,0.39569892473118284,0.6,0.6862745098039216,0.3333333333333333,0.5418308440444498,1.0,0.5265440093928813,1.0,1.0,0.6668908271031206,0.8505669616210325,0.9984679666261909,-0.0838121679835805,instance,complexity_N1_top25
0,0.2695417789757413,0.2,0.29398663697104677,0.5833333333333334,0.5389173528212289,0.5,0.588741161711765,1.0,1.0,0.6669063206907828,0.8546317646030621,0.9859657757146609,0.13631867845084047,instance,complexity_N1_top25
0,0.24860853432282004,0.2,0.4365079365079365,0.5833333333333334,0.5491318239277595,0.0,0.48709871409558425,0.9967741935483871,1.0,0.6668273927868952,0.8356230828931582,0.9961453789720301,0.1273820930301041,instance,complexity_N1_top25
0,0.2058823529411764,0.4,0.7394636015325671,0.4583333333333333,0.5757640047883713,0.0,0.48306838842006294,0.9975806451612903,1.0,0.6669343839455768,0.8445672240616235,0.999226996571139,-0.6799896969772039,instance,complexity_N1_top25
0,0.31224489795918364,0.4,0.29398663697104677,0.5,0.5372164222747076,1.0,0.5650566450899833,1.0,1.0,0.6668560359673591,0.7960874319384825,0.9701869629074675,-0.06912091102638239,instance,complexity_N1_top25
0,0.6809895833333334,0.6,0.9027777777777778,0.2916666666666667,0.5568103733286229,1.0,0.5158301291685332,1.0,1.0,0.6669230463398056,0.8525232715212551,0.9958943983380084,-0.43913216023329227,instance,complexity_N1_top25
1,0.25,0.6,0.7060133630289532,0.5416666666666666,0.4611970551115561,1.0,0.5500076559017462,1.0,1.0,0.6669106408632529,0.8231644540113363,0.9734584258796234,-0.8032051449969967,instance,complexity_N1_top25
0,0.587037037037037,0.2,0.48453608247422686,0.375,0.554684896092413,0.0,0.4512611740799135,0.9967741935483871,1.0,0.6669236587867912,0.860901930216527,0.9983814372885543,-0.36538465661171365,instance,complexity_N1_top25
0,0.1875,0.2,0.49751243781094523,0.4166666666666667,0.6363535224267863,0.0,0.4795177378961114,0.9967741935483871,1.0,0.6669369308764947,0.8211877142048527,0.9999068642290658,-0.4258594308920062,instance,complexity_N1_top25
0,0.1875,0.4,0.27142857142857146,0.5833333333333334,0.6369109099366989,1.0,0.506814176815379,1.0,1.0,0.6669709252747174,0.8064133533854795,0.9917871795628092,0.35568612932237614,instance,complexity_N1_top25
0,0.3857142857142857,0.2,0.29398663697104677,0.5,0.5413481710700035,0.0,0.46990318758526006,0.9967741935483871,1.0,0.6669146379160507,0.845543800566471,0.9909098282622406,-0.19660091038905703,instance,complexity_N1_top25
0,0.5058823529411764,0.4,0.42500000000000004,0.4166666666666667,0.6325723154731169,0.0,0.4754224293483512,0.9975806451612903,1.0,0.6669455248191392,0.8318239768931059,0.9764350532242423,-0.112645613175582,instance,complexity_N1_top25
0,0.34912959381044484,0.2,0.3271604938271605,0.5,0.5358739035121917,1.0,0.5628606929471253,1.0,1.0,0.6668502388896168,0.8359445321433258,0.98769529761662,0.03565310925243599,instance,complexity_N1_top25
0,0.326530612244898,0.2,0.29398663697104677,0.625,0.534624104575319,0.2,0.5026985682974008,1.0,1.0,0.6668199946282278,0.859287449410147,0.9967950044135209,1.0497040286974142,instance,complexity_N1_top25
1,0.6039156626506024,0.6,0.09722222222222221,0.25,0.4544033106591069,1.0,0.5187590757430529,1.0,1.0,0.6668596180622813,0.8160756210160628,0.9268390032352839,0.513371160263497,instance,complexity_N1_top25
0,0.31276595744680846,0.2,0.42500000000000004,0.4166666666666667,0.5439364493174049,0.5,0.5110049331463552,1.0,1.0,0.6669990056383542,0.8487762425998843,0.9759053912701623,0.38331217206495183,instance,complexity_N1_top25
0,0.537037037037037,0.4,0.7555555555555555,0.3333333333333333,0.559590441438529,0.0,0.4995847344485743,0.9991935483870967,1.0,0.666881993014082,0.8485694418796949,0.9918392821542356,-0.851312688385533,instance,complexity_N1_top25
0,0.2058823529411764,0.2,0.49751243781094523,0.4166666666666667,0.557431029413459,0.0,0.4947561293157038,0.9983870967741936,1.0,0.6670328116583751,0.8190347564384183,0.9580452182100053,0.35738924504455555,instance,complexity_N1_top25
0,0.6,0.4,0.27142857142857146,0.5416666666666666,0.5597633365874359,0.0,0.46572088134982703,0.9975806451612903,1.0,0.6669308161818709,0.8398102629417941,0.9907401716129943,0.8008782717731187,instance,complexity_N1_top25
0,0.5567986230636833,0.6,0.697986577181208,0.375,0.5381155878333952,0.0,0.4614500041207925,0.9991935483870967,0.96,0.6666666666666666,0.8318653199073338,0.9913157775846809,0.48880290619252786,instance,complexity_N1_top25
0,0.3933823529411764,0.2,0.29398663697104677,0.4166666666666667,0.5393091723657284,0.0,0.4858523529681881,0.9967741935483871,1.0,0.6669248379510836,0.8438781038486505,0.9983154339894632,1.2731387102075846,instance,complexity_N1_top25
0,0.3279411764705882,0.4,0.4365079365079365,0.5833333333333334,0.5492272031230391,0.0,0.4636897176831707,0.9983870967741936,1.0,0.6669012035088617,0.8476955299628885,0.9962111510171984,0.396892399990938,instance,complexity_N1_top25
0,0.4836601307189543,0.4,0.49751243781094523,0.5416666666666666,0.5873984616755145,0.0,0.47892926287876014,0.9991935483870967,1.0,0.666997396703365,0.8572115976143901,0.9961217498585853,-0.3966784152407858,instance,complexity_N1_top25
0,0.578021978021978,0.8,0.27142857142857146,0.75,0.6455329947278634,1.0,0.5304326185150969,1.0,1.0,0.666883684083686,0.8410610517693694,0.9938844885990789,-0.9062056980249446,instance,complexity_N1_top25
0,0.578021978021978,0.2,0.27142857142857146,0.625,0.5558504916663749,1.0,0.5000176301683315,1.0,1.0,0.6669582170509686,0.8532867570650144,0.982650906014446,0.5625273841843298,instance,complexity_N1_top25
0,0.8186046511627907,0.8,0.42500000000000004,0.4166666666666667,0.7381605138198625,1.0,0.5132219114358533,1.0,1.0,0.6669428539114044,0.8023867282562972,0.9573413369235702,-1.9154630973621434,instance,complexity_N1_top25
0,0.11224489795918369,0.2,0.29398663697104677,0.625,0.5364610525374213,0.0,0.4586962876936833,0.9991935483870967,1.0,0.666855483458991,0.8634291325728515,0.9968054934479835,0.9516235386020396,instance,complexity_N1_top25
0,0.4097859327217126,0.0,0.29398663697104677,0.4166666666666667,0.535711055272727,0.0,0.46915236990851683,0.992741935483871,1.0,0.6669464637646043,0.8495157939109853,0.9916193977403394,0.8473789558348553,instance,complexity_N1_top25
0,0.0,0.2,0.3271604938271605,0.4166666666666667,0.5401091995557837,0.0,0.49289053865645915,0.9975806451612903,1.0,0.66676383560633,0.7798024209785186,0.9791894662817413,-0.11779801816665444,instance,complexity_N1_top25
1,0.3718575418994414,0.4,0.24444444444444446,0.5833333333333334,0.45007361476331254,0.0,0.4964030059354979,0.9994311717861206,1.0,0.6668627096126405,0.848750371001874,0.9993986209374589,-0.05035558299682902,instance,complexity_N1_top25
0,0.5017595307917888,0.2,0.29398663697104677,0.625,0.5369282689805694,0.5,0.506957780532016,1.0,1.0,0.6668369066553301,0.835438433811009,0.9971374759996784,0.09786618985959442,instance,complexity_N1_top25
0,0.42108433734939765,0.2,0.48453608247422686,0.375,0.5442206736741403,0.0,0.48775469780195535,0.9991935483870967,1.0,0.6668331672515704,0.8705460511661819,0.988795697296633,-0.5393328724024993,instance,complexity_N1_top25
0,0.25,0.2,0.29398663697104677,0.5416666666666666,0.5345869934648833,1.0,0.5377092994757713,1.0,1.0,0.6669065555755825,0.8279893632395011,0.9982809765061904,1.4235250672644049,instance,complexity_N1_top25
0,0.2875,0.6,0.7394636015325671,0.5416666666666666,0.6168870120266023,0.0,0.4781361189417963,0.9983870967741936,1.0,0.6669387114249548,0.8180041803343991,0.9824735326854239,-0.07277989091662201,instance,complexity_N1_top25
0,0.38888888888888884,0.2,0.42500000000000004,0.4583333333333333,0.6964459698963593,1.0,0.5198524416850152,1.0,1.0,0.6670046748755859,0.8401987808014393,0.9929425286267716,-1.156731116155068,instance,complexity_N1_top25
0,0.5154411764705882,0.4,0.49751243781094523,0.5416666666666666,0.5515416440430458,0.5,0.4529014849156785,0.9983870967741936,1.0,0.6669382751207034,0.8544676915191717,0.9988874093830447,-0.3056205364320892,instance,complexity_N1_top25
0,0.125,0.2,0.697986577181208,0.375,0.5345868359876839,0.0,0.4695688153728328,0.9991935483870967,1.0,0.6668381032202019,0.8491357510057207,0.9997079911497487,1.523411413577758,instance,complexity_N1_top25
0,0.21276595744680848,0.2,0.29398663697104677,0.5,0.5365036039115388,1.0,0.5215668027019101,1.0,1.0,0.6669552556690123,0.7992600337756767,0.9550084768880482,0.07250768863276684,instance,complexity_N1_top25
0,0.5357142857142857,0.0,0.6862745098039216,0.3333333333333333,0.5365646751184064,0.0,0.465148377121242,0.9959677419354839,1.0,0.6668557854820226,0.8470732005182606,0.9941538608466444,0.419403696188818,instance,complexity_N1_top25
0,0.2695417789757413,0.2,0.29398663697104677,0.6666666666666666,0.5523375837172909,1.0,0.5455862389651084,1.0,1.0,0.666953126523984,0.8611676482206618,0.9948719526133283,0.12279489010498436,instance,complexity_N1_top25
0,0.3916666666666666,0.2,0.697986577181208,0.5,0.5561491234580254,0.0,0.4568313542754012,0.9983870967741936,0.96,0.6666666666666666,0.8116112058025701,0.9736818616968504,-0.983301928692584,instance,complexity_N1_top25
0,0.5017595307917888,0.4,0.29398663697104677,0.9166666666666666,0.536517878253838,1.0,0.5212018485749066,1.0,1.0,0.6669007278771691,0.843904847361757,0.9994261129426503,-0.10813620915346844,instance,complexity_N1_top25
1,0.5645730416372619,0.4,0.19999999999999996,0.3333333333333333,0.4581241180955127,0.0,0.48419305123484824,0.9994311717861206,1.0,0.6669773990754629,0.8436216763588549,0.9965905437034732,-0.27639333377521186,instance,complexity_N1_top25
0,0.4558823529411764,0.2,0.3666666666666667,0.2916666666666667,0.5426644869328622,0.0,0.4958412182048305,0.9983870967741936,1.0,0.666932286325665,0.8480730565089861,0.9959740104166419,0.027085409644524487,instance,complexity_N1_top25
0,0.0714285714285714,0.6,0.29398663697104677,0.5,0.5351435779911952,0.0,0.4835988690347004,0.9991935483870967,1.0,0.6668068298773985,0.824527597580594,0.9815576411338536,1.1281831884146185,instance,complexity_N1_top25
0,0.42340067340067344,0.4,0.697986577181208,0.5833333333333334,0.5449708472402596,0.0,0.46958594407275633,0.9983870967741936,1.0,0.6669480363484295,0.8645200868224346,0.9931048622286663,-0.47217824838822986,instance,complexity_N1_top25
0,0.3264525993883791,0.2,0.27142857142857146,0.5833333333333334,0.5424041452806025,0.0,0.49638188708486075,0.9991935483870967,1.0,0.6668938875671623,0.8595605850392848,0.9953270304276188,0.36872940304244306,instance,complexity_N1_top25
0,0.38703703703703707,0.0,0.49751243781094523,0.4583333333333333,0.5698218772273426,0.0,0.46879947595778226,0.9959677419354839,1.0,0.6669889682709118,0.8491783522790941,0.9999770968165863,-0.025943779082909672,instance,complexity_N1_top25
0,0.5416666666666666,0.8,0.27142857142857146,0.5416666666666666,0.5781449870245763,1.0,0.5135241136629811,1.0,1.0,0.6668879311653935,0.8400564769033235,0.9980764952324266,-0.5022295220007422,instance,complexity_N1_top25
0,0.45202558635394463,0.4,0.48453608247422686,0.2916666666666667,0.5893648633619277,0.0,0.48490785589956964,0.9975806451612903,1.0,0.6669120606247698,0.8598485655212111,0.9910127518106293,-0.2883754953273019,instance,complexity_N1_top25
0,0.2058823529411764,0.0,0.7555555555555555,0.2916666666666667,0.5775627563959785,0.0,0.45263749088930516,0.9951612903225806,1.0,0.6669295302981656,0.8298826348578424,0.9758079432022719,-0.3176775622546476,instance,complexity_N1_top25
0,0.125,0.6,0.6862745098039216,0.2916666666666667,0.7807082258105329,0.0,0.49581924047936987,0.9991935483870967,0.96,0.6666666666666666,0.8419053642436366,0.9944884250597064,0.04352381110328103,instance,complexity_N1_top25
0,0.3544176706827309,0.6,0.49751243781094523,0.6666666666666666,0.5472326378288795,1.0,0.5161245684668585,1.0,1.0,0.6669900537907344,0.8612781677944032,0.9941843977910921,-0.0017170585738415897,instance,complexity_N1_top25
0,0.49826302729528527,0.6,0.29398663697104677,0.5,0.5416723740781545,0.5,0.5197511990478909,1.0,1.0,0.666770530466165,0.8423517293073985,0.9993982248117637,-0.5317427743188113,instance,complexity_N1_top25
0,0.11224489795918369,0.0,0.29398663697104677,0.625,0.5385490190458124,0.0,0.45805983786003157,0.9951612903225806,1.0,0.6668842325582629,0.853535892437997,0.9987143224107468,1.3046198088955872,instance,complexity_N1_top25
0,0.31224489795918364,0.6,0.3271604938271605,0.4166666666666667,0.5384277467139476,0.6666666666666666,0.5422139548011708,1.0,1.0,0.6668785832533538,0.8332297891745342,0.9966532571546319,0.03629185676740438,instance,complexity_N1_top25
0,0.3685897435897436,0.6,0.48453608247422686,0.375,0.5512127620944319,0.6666666666666666,0.5299631792935178,1.0,1.0,0.66685915763313,0.8635549066456035,0.995612467795901,-0.8048306130981824,instance,complexity_N1_top25
0,0.4097859327217126,0.2,0.29398663697104677,0.4166666666666667,0.5457904953818914,0.0,0.44317269887075195,0.9983870967741936,1.0,0.6668954362524061,0.8589632070875715,0.9993399396856935,0.7845331054630709,instance,complexity_N1_top25
0,0.2290322580645161,0.6,0.3666666666666667,0.20833333333333334,0.5842010219201974,0.0,0.48352136014665137,0.9991935483870967,1.0,0.6670508446786927,0.8636662113592964,0.9848468341031493,-0.1870283922355849,instance,complexity_N1_top25
1,0.6413043478260869,0.6,0.7285714285714286,0.4583333333333333,0.43406067367150725,0.5,0.4928220016319286,0.9994311717861206,1.0,0.6669959347578884,0.8349355334779242,0.9885745810774214,0.7995169622373701,instance,complexity_N1_top25
0,0.6370370370370371,0.2,0.7555555555555555,0.4166666666666667,0.5539216488151789,0.0,0.49522667209443205,0.9983870967741936,0.96,0.6666666666666666,0.8452457197152995,0.9974685287661618,-1.2883813726630944,instance,complexity_N1_top25
1,0.42464114832535893,0.8,0.575,0.4166666666666667,0.4103394087676896,1.0,0.5383777447074195,1.0,1.0,0.6669346825934469,0.8458082323686398,0.9986395966241273,0.4329584432626693,instance,complexity_N1_top25
0,0.6491935483870968,0.8,0.27142857142857146,0.5416666666666666,0.5680798139597707,1.0,0.5255104350294706,1.0,1.0,0.6669450199031784,0.8515846356422617,0.9850668731120873,-0.09130133368542787,instance,complexity_N1_top25
0,0.2789115646258504,0.2,0.29398663697104677,0.5416666666666666,0.5393919956058881,0.5,0.49717926681040336,0.9991935483870967,1.0,0.6669376454051412,0.8395140109180503,0.9945159145545645,0.35665865704208344,instance,complexity_N1_top25
0,0.6617963042544048,0.6,0.49751243781094523,0.4583333333333333,0.5520534352582478,0.6666666666666666,0.5087200982412015,1.0,1.0,0.6668624661108091,0.8737900661303962,0.9972217073280245,0.25303108607003,instance,complexity_N1_top25
0,0.48703703703703705,0.4,0.29398663697104677,0.5,0.5406831438966387,0.5,0.489485398393677,0.9975806451612903,1.0,0.6669000631364299,0.8553836365868315,0.9934230892550903,0.15013280965637205,instance,complexity_N1_top25
0,0.7450980392156863,0.6,0.42500000000000004,0.4166666666666667,0.5586082380370285,1.0,0.5145111271707465,1.0,1.0,0.666963348647,0.8355180601503751,0.9969876040003677,0.12594221425106492,instance,complexity_N1_top25
0,0.0,0.0,0.3666666666666667,0.2916666666666667,0.6581154039105432,0.0,0.46787347991316797,0.9935483870967742,0.96,0.6666666666666666,0.8047813374556193,0.994576909485493,1.647344214764634,instance,complexity_N1_top25
0,0.35972850678733037,0.2,0.49751243781094523,0.5416666666666666,0.550662961022437,0.14285714285714285,0.5017617976913218,1.0,1.0,0.6669990154495898,0.8649557980623771,0.9900381297503302,0.02540415383160166,instance,complexity_N1_top25
0,0.5656424581005587,0.2,0.49751243781094523,0.5,0.5840924270273675,0.0,0.4447375310304903,0.9967741935483871,1.0,0.6668508195453867,0.8552612615719116,0.9985609561617721,-0.5618616201774931,instance,complexity_N1_top25
0,0.2752659574468085,0.6,0.29398663697104677,0.6666666666666666,0.5357483731380656,0.0,0.4827868834339829,0.9991935483870967,1.0,0.6669328131427162,0.814659771273851,0.9731410111805933,-0.32227026133946435,instance,complexity_N1_top25
0,0.6666666666666666,0.6,0.27142857142857146,0.5,0.5874909968759882,1.0,0.5035311142203225,1.0,1.0,0.6669396996931543,0.8227203464283606,0.9894679362134847,1.0450713209042741,instance,complexity_N1_top25
0,0.39897579143389195,0.4,0.48453608247422686,0.4166666666666667,0.550628493582283,0.5,0.5065953736909731,1.0,1.0,0.6668323935290149,0.8647116659336714,0.9919388216864191,-0.4833824449474575,instance,complexity_N1_top25
0,0.6553030303030303,0.8,0.27142857142857146,0.4166666666666667,0.5469685271365807,0.3333333333333333,0.49393315153958983,0.9991935483870967,1.0,0.6670634284347206,0.8662480615682374,0.9836325766068261,-0.08871383781164606,instance,complexity_N1_top25
0,0.475668449197861,0.2,0.29398663697104677,0.4583333333333333,0.5392725775091188,0.3333333333333333,0.4914624298403224,0.9991935483870967,1.0,0.6669415202884452,0.8529977323370064,0.9916085304210683,0.34460817031603147,instance,complexity_N1_top25
0,0.21276595744680848,0.2,0.29398663697104677,0.6666666666666666,0.5354496540132939,0.0,0.4822175851737599,0.9983870967741936,0.96,0.6587428901591831,0.8285033571805213,0.9934624282222907,0.8701956483639862,instance,complexity_N1_top25
0,0.26609105180533754,0.4,0.9027777777777778,0.2916666666666667,0.5413951569243202,0.3333333333333333,0.5071566551141573,1.0,1.0,0.6667453803734762,0.856466089494187,0.9991284053772622,-0.067503876091439,instance,complexity_N1_top25
0,0.42340067340067344,0.2,0.49751243781094523,0.5416666666666666,0.5517118761995367,0.0,0.458962230626043,0.9967741935483871,1.0,0.6668292101993257,0.8555644082357565,0.9957284116638769,-0.3051977528261624,instance,complexity_N1_top25
0,0.31405228758169934,0.6,0.8,0.2916666666666667,0.540774433037774,1.0,0.5436577859967469,1.0,1.0,0.6668318850929545,0.8259319226778311,0.9776917961735156,0.37050352062091874,instance,complexity_N1_top25
0,0.2058823529411764,0.2,0.48453608247422686,0.375,0.6255408206193936,0.0,0.4930698771411398,0.9991935483870967,1.0,0.6669415298950259,0.8495948750867132,0.9955163719205243,-0.27548047595862807,instance,complexity_N1_top25
0,0.10869565217391308,0.0,0.42500000000000004,0.4583333333333333,0.5774292331851938,0.0,0.4378184153331718,0.9951612903225806,1.0,0.6669452552089328,0.8221478065787311,0.9939506196632231,-0.9591558662148132,instance,complexity_N1_top25
0,0.11224489795918369,0.0,0.29398663697104677,0.625,0.536785102234805,0.0,0.44594031252659116,0.9935483870967742,1.0,0.6668206228664701,0.8398174948712847,0.9944924367099724,0.41287942322777405,instance,complexity_N1_top25
0,0.28627450980392155,0.4,0.29398663697104677,0.9166666666666666,0.5382859888810326,1.0,0.5463848452838012,1.0,1.0,0.6667713766430317,0.8477478586988967,0.9993240807719777,0.5409056323926453,instance,complexity_N1_top25
0,0.45202558635394463,0.8,0.7555555555555555,0.5833333333333334,0.5739653620348292,1.0,0.5097374152251324,1.0,1.0,0.6668759240049222,0.8596864500008893,0.9962833182187795,-0.7083418727180327,instance,complexity_N1_top25
0,0.09756097560975607,0.2,0.29398663697104677,0.4166666666666667,0.5367661132234937,0.0,0.4715671215852263,0.9967741935483871,1.0,0.6668908726193099,0.8511815146532651,0.9843373163735524,0.591200256762706,instance,complexity_N1_top25
0,0.3264525993883791,0.4,0.27142857142857146,0.5416666666666666,0.5456789998623031,0.0,0.4927216727720627,0.9991935483870967,1.0,0.6670901782152765,0.8457376940601792,0.9911846179662953,0.36936261429452805,instance,complexity_N1_top25
0,0.20869565217391295,0.4,0.49751243781094523,0.4166666666666667,0.5860055165482655,0.0,0.49250164868398927,0.9991935483870967,1.0,0.6670194635373863,0.8346596797077769,0.9952044797146665,0.23057396002389527,instance,complexity_N1_top25
0,0.0,0.4,0.6862745098039216,0.2916666666666667,0.8214931023054269,0.0,0.4924233478361225,0.9983870967741936,0.92,0.6542825068427609,0.8081484775504219,0.9883084297814094,-0.9430881069708745,instance,complexity_N1_top25
0,0.3933823529411764,0.0,0.29398663697104677,0.5,0.5355383628239043,0.0,0.44115322145937186,0.9903225806451613,1.0,0.6668675386568983,0.8405755672507017,0.9952829232661574,0.9444618262435424,instance,complexity_N1_top25
0,0.2789115646258504,0.0,0.29398663697104677,0.625,0.5391422452525303,0.0,0.4467874280569275,0.9959677419354839,1.0,0.6667863675162372,0.8192556913970442,0.9949778387967144,0.6667061210368824,instance,complexity_N1_top25
0,0.3696078431372549,0.4,0.27142857142857146,0.4583333333333333,0.5459407268414823,0.3333333333333333,0.4972952251255339,0.9991935483870967,1.0,0.6668283781778827,0.8593048070440423,0.9980052509085249,0.12065655432582147,instance,complexity_N1_top25
0,0.20294117647058818,0.4,0.29398663697104677,0.7916666666666666,0.5363083945165995,1.0,0.5313804056124767,1.0,1.0,0.6670739722780047,0.8350692974086809,0.9902021723418095,0.8674777762009016,instance,complexity_N1_top25
0,0.3857142857142857,0.0,0.7555555555555555,0.375,0.5753009176502363,0.0,0.4753045500884413,0.9959677419354839,1.0,0.6669733013594379,0.8370974125558365,0.9820070452321902,-1.1198282468864271,instance,complexity_N1_top25
0,0.8278645833333333,0.4,0.4365079365079365,0.625,0.5445836091050733,0.5,0.47777136878865556,0.9991935483870967,1.0,0.666837448280985,0.8561549066553085,0.9982848392998034,0.590694848217649,instance,complexity_N1_top25
0,0.4741935483870968,0.2,0.29398663697104677,0.5833333333333334,0.8275585794733242,0.0,0.46952266495681116,0.9967741935483871,1.0,0.6669763014233135,0.8443068095639794,0.9909101076593415,0.6149566002608101,instance,complexity_N1_top25
0,0.2058823529411764,0.0,0.49751243781094523,0.5416666666666666,0.6781950334873034,0.0,0.4425668199862718,0.9943548387096774,1.0,0.6669495471701722,0.8385580401363387,0.9959721616236338,-0.35537639338067906,instance,complexity_N1_top25
0,0.5357142857142857,0.4,0.4365079365079365,0.4583333333333333,0.5586574848800726,0.0,0.47244598757608525,0.9991935483870967,1.0,0.6669595285943241,0.8450007155997388,0.9936046888396441,0.3824504893275852,instance,complexity_N1_top25
0,0.5600840336134454,0.4,0.697986577181208,0.5833333333333334,0.5422382196989709,0.0,0.4147846082386586,0.9983870967741936,1.0,0.6669349471677982,0.8476506833076302,0.9944358176863791,-0.14952295522238584,instance,complexity_N1_top25
1,0.4982404692082112,0.8,0.7060133630289532,0.5416666666666666,0.46140408937979105,1.0,0.5389142342115295,1.0,1.0,0.6669006682867625,0.8303539963854962,0.989608984046861,0.9376386631010254,instance,complexity_N1_top25
0,0.20869565217391295,0.2,0.27142857142857146,0.5833333333333334,0.5780376646067116,0.6666666666666666,0.4915008146263098,0.9983870967741936,1.0,0.6669237570240394,0.8315132825966471,0.9914474538924004,-0.32919639650218085,instance,complexity_N1_top25
0,0.2752659574468085,0.2,0.29398663697104677,0.5,0.5363703994803465,0.0,0.464940485874934,0.9967741935483871,1.0,0.6668489988865456,0.8431668595719414,0.9850715263361727,-0.15489480711108677,instance,complexity_N1_top25
0,0.5904255319148937,0.4,0.29398663697104677,0.9166666666666666,0.5419753570240765,0.0,0.4984907880080829,0.9991935483870967,1.0,0.6669658986589136,0.8341843365113352,0.9935987818184975,0.26522937094103227,instance,complexity_N1_top25
0,0.20294117647058818,0.8,0.27142857142857146,0.5,0.5506236404763178,0.0,0.4679269780387405,0.9991935483870967,1.0,0.6669316065524451,0.8457875241636392,0.9894937937114859,0.836915606275051,instance,complexity_N1_top25
0,0.0714285714285714,0.0,0.29398663697104677,0.5,0.5364159831597127,0.0,0.4825429790836656,0.9951612903225806,1.0,0.6668986395090444,0.829378262403795,0.9827843514027851,0.5080521154150724,instance,complexity_N1_top25
0,0.5357142857142857,0.4,0.4365079365079365,0.375,0.5504139257712035,0.6666666666666666,0.5077953413616783,1.0,1.0,0.6668675882197937,0.8337626526274556,0.9832203603472216,-0.48654091353475154,instance,complexity_N1_top25
0,0.3264525993883791,0.4,0.8,0.4583333333333333,0.539447438262858,0.5,0.49457131139240296,0.9991935483870967,1.0,0.6668556641954392,0.8482768027188031,0.9842544670123515,0.04161560182083302,instance,complexity_N1_top25
0,0.375,0.6,0.4365079365079365,0.4166666666666667,0.5523626995528894,1.0,0.5027158272350745,1.0,0.96,0.6666666666666666,0.8401686679110254,0.9964050193158284,0.11086193626283712,instance,complexity_N1_top25
0,0.410850439882698,0.2,0.39622641509433965,0.4583333333333333,0.5380805825392221,0.5,0.5087189548729816,1.0,1.0,0.6669425320212323,0.8206878028296437,0.945247428268836,0.9438786068379786,instance,complexity_N1_top25
0,0.35972850678733037,0.4,0.49751243781094523,0.4583333333333333,0.5780917081896738,0.4,0.49722178862116306,0.9991935483870967,1.0,0.6669704821181782,0.8609152959005211,0.9987304752518533,-0.10565486392248391,instance,complexity_N1_top25
0,0.43452380952380953,0.2,0.42500000000000004,0.4166666666666667,0.5418945408122027,0.0,0.4866641659372065,0.9983870967741936,1.0,0.666902593236577,0.84645319100666,0.9945850964719009,-0.3523662850249976,instance,complexity_N1_top25
0,0.6181192660550459,0.6,0.8,0.2916666666666667,0.5385914956538079,0.6,0.4795279900286886,0.9991935483870967,1.0,0.666991198522673,0.8496574447309813,0.9941336010871689,0.20956282767184164,instance,complexity_N1_top25
0,0.11224489795918369,0.2,0.29398663697104677,0.5416666666666666,0.5354431458852149,0.5,0.4870954544860947,0.9983870967741936,1.0,0.6669457770977204,0.8222123582990329,0.9369864161368818,1.1934965395503756,instance,complexity_N1_top25
0,0.4916666666666667,0.8,0.29398663697104677,0.625,0.5461383396737726,1.0,0.5294411928105648,1.0,1.0,0.6668091820847887,0.8473868051261982,0.996185505835152,-0.4470901203859698,instance,complexity_N1_top25
0,0.5710843373493976,0.8,0.7555555555555555,0.375,0.6411026080359026,0.0,0.4980906031357516,0.9991935483870967,1.0,0.6669861607293616,0.8414503346487443,0.9937153104619518,-1.2580132486057714,instance,complexity_N1_top25
0,0.31276595744680846,0.2,0.48453608247422686,0.2916666666666667,0.5386630293986423,0.0,0.4761872990491115,0.9975806451612903,1.0,0.6669016415693338,0.8499135778386605,0.9940589449208087,-0.09035982859848497,instance,complexity_N1_top25
0,0.2642276422764227,0.2,0.3666666666666667,0.2916666666666667,0.5572323096462735,0.0,0.4249426606857337,0.9975806451612903,1.0,0.6670235357773545,0.8454767761538163,0.9911736016734436,0.6583813175620322,instance,complexity_N1_top25
0,0.3857142857142857,0.4,0.6862745098039216,0.3333333333333333,0.5409870226766634,0.3333333333333333,0.5143282123411763,1.0,1.0,0.666895304591826,0.8585090875171949,0.9942954194544772,0.11515589191701811,instance,complexity_N1_top25
0,0.45833333333333337,1.0,0.4365079365079365,0.5833333333333334,0.6964808173598618,1.0,0.5435956302199976,1.0,1.0,0.6669133953130078,0.8282694821337102,0.9860654313326388,-0.9568478484206422,instance,complexity_N1_top25
0,0.35972850678733037,0.2,0.27142857142857146,0.5833333333333334,0.5546156794067048,0.0,0.4900619963189634,0.9983870967741936,1.0,0.6669613040837484,0.848253457083722,0.9778698114966021,0.1299624619793799,instance,complexity_N1_top25
0,0.5017595307917888,0.2,0.29398663697104677,0.9166666666666666,0.5374159355428718,0.2,0.47244842250104346,0.9983870967741936,1.0,0.6669175099069803,0.8340833159364759,0.9732794137136536,-0.06188240771015486,instance,complexity_N1_top25
0,0.6,1.0,0.49751243781094523,0.4166666666666667,0.5417766220339177,1.0,0.5177833584545213,1.0,1.0,0.6668322890729427,0.854099513716262,0.9685749652316414,0.3947772890839252,instance,complexity_N1_top25
1,0.11111111111111116,0.6,0.17000000000000004,0.5,0.23382247163997932,0.0,0.44604525467423795,0.9994311717861206,1.0,0.6669481801673918,0.8463124162702713,0.9935324021881752,0.677332521337312,instance,complexity_N1_top25
1,0.2970588235294118,0.2,0.7060133630289532,0.2916666666666667,0.4622674099814521,0.0,0.4778915372252923,0.9988623435722411,1.0,0.6668779618114673,0.827458038025173,0.9876443074149277,-0.11202545303690231,instance,complexity_N1_top25
1,0.3392857142857143,0.6,0.575,0.2916666666666667,0.42275263994860557,1.0,0.5178035805008935,1.0,1.0,0.6668685606982493,0.8451575415169088,0.9898524885189968,0.7603361600032998,instance,complexity_N1_top25
1,0.49411764705882355,0.2,0.26053639846743293,0.75,0.3589375052703462,0.0,0.4863679943018425,0.9982935153583617,1.0,0.666820821844372,0.8218954772159367,0.9676336612759031,0.933690353309179,instance,complexity_N1_top25
1,0.08823529411764708,0.2,0.07843137254901966,0.4166666666666667,0.45361278296590024,0.5,0.4994023607353265,0.9994311717861206,1.0,0.6667541285391914,0.8412018930689031,0.9756063174393712,0.2968382210725146,instance,complexity_N1_top25
1,0.11940298507462688,0.2,0.19999999999999996,0.4583333333333333,0.43092846189039247,0.0,0.44997937849287994,0.9982935153583617,1.0,0.6668792734237095,0.859560818330806,0.9994170211997073,0.9046766732460018,instance,complexity_N1_top25
1,0.0625,0.0,0.575,0.3333333333333333,0.41851533052594136,0.0,0.43440166618426224,0.9926052332195677,1.0,0.6670619783649975,0.8540403151922896,0.9909877463590516,0.6246651534813453,instance,complexity_N1_top25
1,0.3796164772727273,0.6,0.7060133630289532,0.625,0.45771783313623327,1.0,0.544990428608621,1.0,1.0,0.6669627058119819,0.8448589559819298,0.9893899432593276,-0.4029513464807754,instance,complexity_N1_top25
1,0.3709677419354839,0.6,0.19999999999999996,0.3333333333333333,0.36689791381750997,1.0,0.5014747184091003,1.0,0.96,0.6666666666666666,0.8157435245509109,0.9983174346658036,0.3767125464321603,instance,complexity_N1_top25
1,0.4191176470588236,0.2,0.09722222222222221,0.4583333333333333,0.4241093313838643,1.0,0.5340880145582503,1.0,1.0,0.6667288508272164,0.8506696644375544,0.9847144027781911,0.8010305032323386,instance,complexity_N1_top25
1,0.3125,0.4,0.07843137254901966,0.4166666666666667,0.29270993938140555,0.0,0.46401008377227493,0.9982935153583617,1.0,0.6668492155497602,0.8558766942188066,0.9999124704685686,0.4433730066299666,instance,complexity_N1_top25
1,0.3446514423076923,0.4,0.24444444444444446,0.375,0.4551872652783393,1.0,0.51143483744053,1.0,1.0,0.6669606214717217,0.855035490665797,0.9969129802811646,0.3058379844351882,instance,complexity_N1_top25
1,0.47891566265060237,0.4,0.6728395061728395,0.4583333333333333,0.4602720917501618,0.0,0.4767185399677101,0.9988623435722411,1.0,0.6668805685618506,0.8562436612988198,0.9997710445121154,0.6192604011661216,instance,complexity_N1_top25
1,0.4399159663865546,0.4,0.3137254901960784,0.25,0.46111847684039897,0.0,0.4568757218653309,0.9988623435722411,1.0,0.6668176474546065,0.8415499239423518,0.989658003365029,-0.1404606616786456,instance,complexity_N1_top25
1,0.5765993265993266,0.2,0.24444444444444446,0.5,0.4460147115066557,0.6666666666666666,0.5033956381899569,1.0,1.0,0.6670659724450448,0.8511020809915706,0.9993155551670694,0.2519009897394767,instance,complexity_N1_top25
1,0.18674242424242427,0.2,0.24444444444444446,0.4583333333333333,0.36916869760575644,1.0,0.5286375617448161,1.0,1.0,0.6667564258969209,0.842046245304335,0.9766012293513657,0.7933822794278835,instance,complexity_N1_top25
1,0.23100303951367784,0.6,0.19999999999999996,0.3333333333333333,0.46094307837230974,0.0,0.4720685927879631,0.9988623435722411,1.0,0.6669557801933862,0.8477167827337072,0.9933192360661157,0.12753471017493603,instance,complexity_N1_top25
1,0.19166666666666665,0.2,0.24444444444444446,0.5833333333333334,0.451323781392839,0.0,0.4891155034395265,0.9988623435722411,1.0,0.6669045514565737,0.851730972815928,0.9978673120562713,0.5191507695913588,instance,complexity_N1_top25
0,0.6737588652482269,0.4,0.29398663697104677,0.5,0.560337483211303,0.25,0.43189836479215504,0.9983870967741936,1.0,0.6669153363482058,0.8335329827209947,0.9954850276111767,-0.9931582277098838,instance,complexity_N1_top25
1,0.37435897435897436,0.0,0.09722222222222221,0.4583333333333333,0.3582306791807889,0.0,0.42633548994374226,0.997155858930603,1.0,0.6667586076505413,0.8066213384167632,0.9074222463728486,0.07137668089532385,instance,complexity_N1_top25
1,0.20833333333333326,0.6,0.26053639846743293,0.4583333333333333,0.4463908006602947,0.25,0.4884974516104552,0.9994311717861206,1.0,0.6668930607879159,0.8633770840022008,0.9967217122797404,0.6803319511240468,instance,complexity_N1_top25
1,0.3446969696969697,0.2,0.26053639846743293,0.4583333333333333,0.440958517844228,1.0,0.5056531175470151,1.0,0.92,0.665567876011462,0.8478207914687498,0.9993564366195776,0.9945969340283699,instance,complexity_N1_top25
1,0.475,0.6,0.26053639846743293,0.375,0.45703411851959963,0.5,0.5203228385434837,1.0,1.0,0.6667687921220358,0.8551698108930857,0.9883389557453567,0.655444101147707,instance,complexity_N1_top25
1,0.5789156626506025,0.2,0.3137254901960784,0.3333333333333333,0.45796380062546804,0.0,0.42242408206280224,0.9982935153583617,1.0,0.667289841771921,0.8401285002034494,0.9811121217133271,0.054036975144113764,instance,complexity_N1_top25
1,0.20833333333333326,0.0,0.5634920634920635,0.4583333333333333,0.452093123021952,0.0,0.4573064954454029,0.9965870307167235,1.0,0.6668405023445545,0.8529320113022892,0.9707803028871108,0.4800206911370334,instance,complexity_N1_top25
1,0.20833333333333326,0.2,0.575,0.25,0.41208825543841576,0.0,0.4942796496015758,0.9988623435722411,1.0,0.6668609393790895,0.847549744651436,0.9847399340272871,0.7580199039550938,instance,complexity_N1_top25
1,0.18333333333333335,0.2,0.3137254901960784,0.3333333333333333,0.4571783893193565,0.0,0.4731489818911998,0.9977246871444824,1.0,0.6670435867147035,0.8415304269113524,0.9909418253983783,0.10546373692054124,instance,complexity_N1_top25
1,0.4982404692082112,0.4,0.19999999999999996,0.2916666666666667,0.45706196701158175,0.0,0.4442364072589151,0.9994311717861206,1.0,0.6669710465812384,0.8091531624039041,0.9641325764847823,0.01116815779885688,instance,complexity_N1_top25
1,0.20273631840796025,0.2,0.17000000000000004,0.5,0.31297871921072906,0.0,0.48560893434650354,0.9988623435722411,1.0,0.6668041886501169,0.8381524715053861,0.9780813217831823,1.2630737584676128,instance,complexity_N1_top25
1,0.0,0.0,0.24444444444444446,0.375,0.27535256126167706,0.0,0.4781599027786523,0.9931740614334471,0.92,0.024998585146894497,0.7983907194511501,0.9894546966178769,1.9260229638460529,instance,complexity_N1_top25
1,0.25384615384615383,0.2,0.19999999999999996,0.3333333333333333,0.4502264225256569,0.0,0.4730577278334853,0.9977246871444824,1.0,0.6669841640819573,0.8322887699883741,0.9984647254934756,0.580373929313214,instance,complexity_N1_top25
1,0.4621353196772191,0.4,0.2272727272727273,0.3333333333333333,0.45219763151515857,0.0,0.48382392678962916,0.9982935153583617,1.0,0.6667057275669318,0.8601298322340886,0.9996187932878842,-0.5872659604660593,instance,complexity_N1_top25
1,0.8079710144927537,0.8,0.5154639175257731,0.3333333333333333,0.4472179616567451,0.0,0.4882232561333424,0.9994311717861206,1.0,0.6668012375558732,0.8389207417586367,0.9735830844098485,0.05664842897352485,instance,complexity_N1_top25
0,0.3685897435897436,0.0,0.7394636015325671,0.4583333333333333,0.5485907253406226,0.0,0.4613594020462749,0.9935483870967742,0.96,0.6666666666666666,0.8539022793952276,0.9976208436590365,-0.2418396430243174,instance,complexity_N1_top25
1,0.11992263056092844,0.6,0.5024875621890548,0.9166666666666666,0.3425547777448966,1.0,0.5189242146725501,1.0,1.0,0.666915734886115,0.836212883006852,0.9925264585905327,1.0204434704847964,instance,complexity_N1_top25
1,0.32830930537352554,0.4,0.3137254901960784,0.25,0.27286217829119963,0.0,0.48713592829890706,0.9988623435722411,1.0,0.6668290054012103,0.8479700560392728,0.9879592869748365,-0.7309712166876223,instance,complexity_N1_top25
1,0.2333333333333334,0.4,0.6728395061728395,0.5416666666666666,0.4611022382272535,0.5,0.4916932422989302,0.9994311717861206,1.0,0.6668984460850933,0.8443766348382589,0.9646714180608335,-0.12135736725278222,instance,complexity_N1_top25
1,0.7166666666666667,0.6,0.7060133630289532,0.625,0.4598566229825676,1.0,0.5160392550111566,1.0,0.96,0.6666513893255857,0.8539812261437598,0.9651259940215902,-0.3871551570926225,instance,complexity_N1_top25
1,0.19166666666666665,0.4,0.30201342281879195,0.5,0.44998207869605844,0.6666666666666666,0.5064426628313187,1.0,1.0,0.6669661893881023,0.8595413282484837,0.9923140248462682,0.6537969281731812,instance,complexity_N1_top25
1,0.6142857142857143,0.2,0.5024875621890548,0.9166666666666666,0.281110339092419,0.0,0.4655328935175064,0.9977246871444824,1.0,0.6670290024818172,0.8607833919487667,0.9975759974149774,-0.36754568437270546,instance,complexity_N1_top25
1,0.0625,0.0,0.24444444444444446,0.5416666666666666,0.4186265861282692,0.0,0.4496257705284272,0.9960182025028441,1.0,0.6668926204913441,0.8572382390699709,0.9756433919442974,0.967664154885192,instance,complexity_N1_top25
1,0.11940298507462688,0.2,0.26053639846743293,0.75,0.39475435841494677,0.0,0.4762693460692502,0.9988623435722411,1.0,0.6667600594105264,0.8402904578058116,0.9698620646184507,0.9801363981668769,instance,complexity_N1_top25
1,0.08823529411764708,0.2,0.575,0.25,0.43602867223608366,0.0,0.46032584874772164,0.9977246871444824,1.0,0.6668490690629297,0.8507208166721094,0.9886519438438448,0.3813478307586815,instance,complexity_N1_top25
1,0.42197802197802203,0.2,0.2272727272727273,0.3333333333333333,0.39849143932255016,0.0,0.47594587738130334,0.9988623435722411,1.0,0.6668226588100348,0.833624089855731,0.9958247380091236,0.7634781680309856,instance,complexity_N1_top25
1,0.47116644823066844,0.4,0.7060133630289532,0.5416666666666666,0.176013407142683,0.0,0.4832475837729926,0.9994311717861206,1.0,0.6667533222414954,0.8427088323563319,0.988888975926944,0.32203360149472743,instance,complexity_N1_top25
1,0.23051409618573793,0.2,0.26053639846743293,0.75,0.4407001775065926,0.0,0.491551436879045,0.9994311717861206,1.0,0.6668023844955415,0.8701183737808565,0.9934276832667561,0.9219486136852777,instance,complexity_N1_top25
1,0.41330645161290325,0.0,0.26053639846743293,0.625,0.4030242497907809,0.0,0.45035259327667543,0.9960182025028441,1.0,0.6669069931449128,0.8516677245592238,0.9941214122103825,0.8819071725230191,instance,complexity_N1_top25
1,0.4343575418994414,0.4,0.5024875621890548,0.4583333333333333,0.39736007242143767,0.0,0.4819680845113099,0.9988623435722411,1.0,0.6668989889779071,0.8493619684028816,0.973092191613894,1.1913726202410027,instance,complexity_N1_top25
1,0.5758064516129032,0.6,0.7060133630289532,0.8333333333333334,0.4587643607942762,0.3333333333333333,0.5062745671671107,1.0,1.0,0.6669400148552179,0.8505528963140755,0.951823162376704,0.39067409327475,instance,complexity_N1_top25
1,0.11992263056092844,0.2,0.2272727272727273,0.3333333333333333,0.4174851553383686,0.0,0.48126802327856055,0.9988623435722411,1.0,0.6667254565605525,0.8349479756181689,0.9869944565143778,0.2095149483822343,instance,complexity_N1_top25
1,0.25384615384615383,0.2,0.19999999999999996,0.4583333333333333,0.4611564222394613,0.0,0.43903850437947944,0.9988623435722411,1.0,0.6668900133068727,0.8391411813557652,0.9833601390919761,-0.4319727221630732,instance,complexity_N1_top25
1,0.125,0.0,0.19999999999999996,0.3333333333333333,0.17198979661878394,0.0,0.47861329863950164,0.9937428896473265,1.0,0.666843340744703,0.8281948763111444,0.9983411787684637,2.5604191854205816,instance,complexity_N1_top25
1,0.07692307692307687,0.6,0.24444444444444446,0.4583333333333333,0.33359221274126616,0.0,0.49033911372292704,0.9994311717861206,1.0,0.6670215536138943,0.8415557699879777,0.9941341481337377,1.6189877090421054,instance,complexity_N1_top25
1,0.3262411347517731,0.2,0.24444444444444446,0.4583333333333333,0.45647217707327903,0.3333333333333333,0.4987260508260969,0.9994311717861206,1.0,0.6668805476596044,0.8331847216448753,0.993259921030753,0.9060967266431389,instance,complexity_N1_top25
1,0.20833333333333326,0.2,0.26053639846743293,0.625,0.45396862518460157,0.5,0.5019870229241965,1.0,1.0,0.6666942015650453,0.8389089173138222,0.9897667594775579,-0.3604988267004526,instance,complexity_N1_top25
1,0.3369175627240144,0.8,0.2272727272727273,0.375,0.4428196907963714,1.0,0.5337875508289107,1.0,1.0,0.6667670170895743,0.8558987665857852,0.9997670028236947,0.12303478947490626,instance,complexity_N1_top25
1,0.31901041666666674,0.6,0.5024875621890548,0.9583333333333334,0.45116166689186205,1.0,0.5501706834857969,1.0,1.0,0.6669425765563768,0.8526234817456009,0.9867615208796738,-0.17532389348777225,instance,complexity_N1_top25
1,0.5,0.6,0.09722222222222221,0.4166666666666667,0.3257431460604717,1.0,0.5193167685526272,1.0,1.0,0.6669143078828175,0.8264052734450011,0.9914128550116582,1.2269577247309955,instance,complexity_N1_top25
0,0.5210843373493976,0.6,0.7555555555555555,0.5,0.5516127499254333,1.0,0.554681510088365,1.0,1.0,0.6668281568983511,0.8355530195110943,0.9966441833155703,-0.20753221081162132,instance,complexity_N1_top25
1,0.5258064516129033,0.4,0.26053639846743293,0.75,0.45876826587301134,0.5,0.487154249752101,0.9982935153583617,1.0,0.6667260096722545,0.8544068631514945,0.9950278771270662,0.05198531127343377,instance,complexity_N1_top25
1,0.19083155650319839,0.6,0.5024875621890548,0.9166666666666666,0.22622827610601765,1.0,0.5155649447283979,1.0,1.0,0.6668925423343932,0.8447522020040412,0.9979403676122631,1.1408966693032048,instance,complexity_N1_top25
1,0.4845588235294118,0.4,0.2272727272727273,0.3333333333333333,0.42928712657614243,1.0,0.5018650142222768,1.0,1.0,0.6667750762843501,0.8440095133147321,0.9910810971607803,0.5626590760121719,instance,complexity_N1_top25
1,0.22580645161290325,0.2,0.26053639846743293,0.625,0.4350250040355368,0.0,0.47090892715046073,0.9982935153583617,0.96,0.6666666666666666,0.853670130529291,0.9960915723923355,0.7549903905909947,instance,complexity_N1_top25
1,0.23567708333333326,0.2,0.24444444444444446,0.5,0.45848527134297423,0.0,0.4688356716989953,0.9977246871444824,0.96,0.6666666666666666,0.8373782450347551,0.983761564839764,0.19403591307581805,instance,complexity_N1_top25
1,0.18435754189944142,0.0,0.24444444444444446,0.5416666666666666,0.3901947490861005,0.0,0.4746379546960706,0.9965870307167235,1.0,0.6668959153877416,0.8585560249366962,0.9978068308324097,0.43474365446222635,instance,complexity_N1_top25
1,0.44166666666666665,0.8,0.5634920634920635,0.4166666666666667,0.42765342405690454,1.0,0.5159389833386722,1.0,1.0,0.6669392855664047,0.8364167934137522,0.9976809816249985,1.0562580730513134,instance,complexity_N1_top25
1,0.08823529411764708,0.0,0.30201342281879195,0.4166666666666667,0.43756254221374113,0.0,0.46123501914441734,0.9948805460750854,1.0,0.666901250671957,0.8326029228137449,0.9988079035968198,0.6123967995887727,instance,complexity_N1_top25
0,0.625,0.8,0.7394636015325671,0.4166666666666667,0.7621070131143348,0.5,0.5313844508783374,1.0,1.0,0.6667760200827367,0.8318700907831449,0.969248845852197,-1.5905746673093564,instance,complexity_N1_top25
1,0.18435754189944142,0.0,0.07843137254901966,0.4166666666666667,0.25886455281973675,0.0,0.46723000394736713,0.9954493742889647,1.0,0.6668204876840284,0.839449941235072,0.9764614886941401,1.8953708724737695,instance,complexity_N1_top25
0,0.8166666666666667,0.2,0.6862745098039216,0.3333333333333333,0.6777548797680546,1.0,0.5065988734052969,1.0,1.0,0.6670774785892378,0.8460315087160177,0.9902809129492673,-0.05615893672235272,instance,complexity_N1_top25
0,0.4408602150537635,0.2,0.29398663697104677,0.9166666666666666,0.536784017781294,0.0,0.47124103357546887,0.9967741935483871,1.0,0.6669585050763581,0.8370506651777031,0.9804869433479636,0.4576084184750699,instance,complexity_N1_top25
1,0.11111111111111116,0.6,0.3137254901960784,0.25,0.4059810248296257,0.5,0.5080371235170078,1.0,1.0,0.666892313499309,0.853779753513857,0.985790783063214,0.2725432769119768,instance,complexity_N1_top25
1,0.15957446808510634,0.6,0.6728395061728395,0.4166666666666667,0.4605621744812578,0.0,0.496873832796521,0.9994311717861206,1.0,0.6667589453463683,0.8484163576669657,0.9902411907187797,-0.3055196366097341,instance,complexity_N1_top25
1,0.25234375,0.0,0.24444444444444446,0.375,0.38575675053181696,0.0,0.4556498109735696,0.9960182025028441,1.0,0.667036768368802,0.8496111066802361,0.9945368768765507,-0.06656267238843676,instance,complexity_N1_top25
1,0.19083155650319839,0.0,0.26053639846743293,0.625,0.4219185373324449,0.0,0.4756913473871217,0.997155858930603,1.0,0.6668925028129328,0.8674262117982537,0.9978277526007073,0.85257828432365,instance,complexity_N1_top25
1,0.09999999999999998,0.6,0.6037735849056604,0.4583333333333333,0.42348357729580455,1.0,0.5269890239467794,1.0,1.0,0.6668330029768453,0.8276813575971878,0.9772788132577591,0.6052391299809164,instance,complexity_N1_top25
1,0.24806201550387597,0.4,0.17000000000000004,0.4583333333333333,0.33097849010793967,0.25,0.5270862624204473,1.0,1.0,0.6668629927301035,0.8438831099798836,0.9837369437162301,0.40238681061624026,instance,complexity_N1_top25
1,0.08823529411764708,0.4,0.7285714285714286,0.4166666666666667,0.4424408933798246,0.5,0.5194282155456464,1.0,1.0,0.667033777056465,0.8537635547884014,0.9989502147546132,0.23064653238481886,instance,complexity_N1_top25
1,0.4621353196772191,0.2,0.30201342281879195,0.4166666666666667,0.44162303059191743,0.0,0.48905572074427706,0.9994311717861206,1.0,0.6670601026614547,0.8299538871220303,0.9971062428233767,-0.2864866137801044,instance,complexity_N1_top25
1,0.45666666666666667,0.4,0.17000000000000004,0.4583333333333333,0.40480001135480914,0.0,0.4983405543139008,0.9994311717861206,1.0,0.6668476491533996,0.8346650639198511,0.9865391274361544,0.0862290814279204,instance,complexity_N1_top25
1,0.45833333333333326,0.6,0.24444444444444446,0.5,0.3978503339027111,0.0,0.4666144912234875,0.9994311717861206,1.0,0.6670346024565356,0.8374074720304304,0.9945826295396949,1.016148551295213,instance,complexity_N1_top25
1,0.0,0.2,0.3137254901960784,0.3333333333333333,0.44819501245053023,0.0,0.4377125204808824,0.9977246871444824,1.0,0.6667873862253074,0.8288270160524202,0.9873360928967552,0.8729619177263848,instance,complexity_N1_top25
1,0.47116644823066844,0.4,0.09722222222222221,0.4583333333333333,0.21240261219564305,0.0,0.4812086782637509,0.9982935153583617,1.0,0.6668056083476023,0.8347145387981797,0.9832996880314081,-0.13454428951543695,instance,complexity_N1_top25
1,0.29166666666666663,0.2,0.07843137254901966,0.4166666666666667,0.4489979695173463,0.6666666666666666,0.5099918664139065,1.0,1.0,0.6668956429566653,0.8656434595617226,0.9979272265801835,-0.04149662414767023,instance,complexity_N1_top25
1,0.15957446808510634,0.0,0.7060133630289532,0.5,0.44901249027346557,0.0,0.44624364083202783,0.997155858930603,1.0,0.6667090692250005,0.8270728207222331,0.9956332937355455,-0.04629469153572325,instance,complexity_N1_top25
1,0.10833333333333339,0.6,0.30201342281879195,0.4166666666666667,0.4381105504052306,0.5,0.5083048963088452,1.0,1.0,0.6668895793268154,0.8403753765449108,0.9974846496089655,0.49114497513941274,instance,complexity_N1_top25
1,0.20666666666666667,0.2,0.17000000000000004,0.5,0.4244264991337974,0.3333333333333333,0.4632300002488704,0.9982935153583617,1.0,0.6669450841406552,0.8612181398384281,0.9985669116826111,1.213098597103727,instance,complexity_N1_top25
1,0.4700718276137271,0.2,0.5154639175257731,0.4166666666666667,0.43809620904810576,1.0,0.5090280422828053,1.0,1.0,0.666889733246557,0.8385970437831268,0.9999555750791687,1.0842676424087445,instance,complexity_N1_top25
1,0.475,0.4,0.19999999999999996,0.4583333333333333,0.45914839559896337,1.0,0.5440862446063597,1.0,1.0,0.6667704062097961,0.8395875935788975,0.9823500144547546,0.06923469575601629,instance,complexity_N1_top25
1,0.25234375,0.2,0.5024875621890548,0.4166666666666667,0.43981581120389973,0.5,0.5106810561325752,1.0,1.0,0.6670188844919264,0.8628034228789683,0.9963218196717128,-0.06047559582296641,instance,complexity_N1_top25
1,0.08823529411764708,0.2,0.7060133630289532,0.625,0.4612062033163178,0.0,0.4783520423926003,0.9982935153583617,1.0,0.6667387057784173,0.846932997695735,0.9913980395155487,-0.0022883079866580355,instance,complexity_N1_top25
1,0.42197802197802203,0.6,0.30201342281879195,0.375,0.39525460332868023,0.0,0.4717337444142352,0.9994311717861206,1.0,0.6668236904347056,0.8422428119840367,0.9865369072122334,-0.5360566991404162,instance,complexity_N1_top25
1,0.23611111111111116,0.6,0.6728395061728395,0.4583333333333333,0.25253609446701286,0.0,0.4992037401206212,0.9994311717861206,1.0,0.6668495327669693,0.8772497686265318,0.9948661627975433,0.574018611758003,instance,complexity_N1_top25
1,0.38188073394495414,0.2,0.6037735849056604,0.4583333333333333,0.4607058718651108,0.0,0.4738960430806065,0.9982935153583617,1.0,0.6669685926357948,0.8517065015170657,0.9992441452067975,-0.09894100233214188,instance,complexity_N1_top25
1,0.0,0.0,0.19999999999999996,0.3333333333333333,0.17238305458334918,0.0,0.4380771892884042,0.9954493742889647,0.92,0.6446347258717678,0.8160285231506849,0.9845116877520128,1.8748294503904308,instance,complexity_N1_top25
1,0.0,0.2,0.26053639846743293,0.75,0.17198982867989843,1.0,0.5104185773744208,1.0,1.0,0.6668153210355001,0.8418741776473105,0.9981117987743201,2.654699591237844,instance,complexity_N1_top25
1,0.6291666666666667,1.0,0.7060133630289532,0.625,0.46269341290076504,0.8571428571428571,0.533141329245483,1.0,1.0,0.6669389302426242,0.8589228692778987,0.986399374487806,-0.49585160227968206,instance,complexity_N1_top25
1,0.6907756813417191,0.4,0.07843137254901966,0.4166666666666667,0.4359129543498379,0.6666666666666666,0.5395012806820619,1.0,1.0,0.6668244672042253,0.8435025995976976,0.990108090209154,0.8412198458173614,instance,complexity_N1_top25
1,0.10833333333333339,0.0,0.24444444444444446,0.4583333333333333,0.23709988902416346,0.0,0.36796612484691216,0.9914675767918089,1.0,0.6669137109987606,0.8169609875737598,0.9707185506558819,2.131292578258448,instance,complexity_N1_top25
1,0.3999999999999999,0.2,0.30201342281879195,0.4166666666666667,0.43980207674670846,0.0,0.46261655174516414,0.9977246871444824,1.0,0.6668812208818408,0.8539726451528559,0.9993289752829623,-0.0449254087253055,instance,complexity_N1_top25
1,0.27976190476190477,0.2,0.5024875621890548,0.9166666666666666,0.44616710866566345,0.6666666666666666,0.5023818597759235,1.0,1.0,0.6667321343996973,0.8609796428776113,0.9985432951470905,0.35486266973341457,instance,complexity_N1_top25
1,0.3718575418994414,0.0,0.17000000000000004,0.5,0.32954932865885456,0.0,0.4668285413022939,0.997155858930603,1.0,0.6669547054585317,0.8619609601286378,0.9953420264984151,0.79856824579296,instance,complexity_N1_top25
1,0.5066666666666666,0.8,0.5634920634920635,0.4583333333333333,0.4301271009533484,0.0,0.478167320004077,0.9994311717861206,1.0,0.6669018845938576,0.8367359463096191,0.9969908554492629,0.4398388979076586,instance,complexity_N1_top25
1,0.6167247386759582,0.6,0.7060133630289532,0.2916666666666667,0.4599778635717212,0.0,0.49795220805882345,0.9994311717861206,1.0,0.6668550550200956,0.825517171368108,0.9824505895872022,0.3483445376062599,instance,complexity_N1_top25
1,0.07446808510638303,0.4,0.24444444444444446,0.5416666666666666,0.36379485449068183,1.0,0.5014908078886495,1.0,1.0,0.6669010789596996,0.8337515552244327,0.9807021464150177,0.9426639052251204,instance,complexity_N1_top25
1,0.08823529411764708,0.4,0.26053639846743293,0.625,0.4564408257537603,0.0,0.4870555461447321,0.9994311717861206,1.0,0.6669051378661145,0.8546031965222914,0.9985313208003117,0.18096640529115932,instance,complexity_N1_top25
1,0.2930232558139535,0.6,0.2272727272727273,0.3333333333333333,0.31336842606325827,1.0,0.5047594540067103,1.0,1.0,0.6668242759028354,0.8380131954575429,0.9981276093695366,0.6936828052507513,instance,complexity_N1_top25
1,0.5083333333333333,0.6,0.7060133630289532,0.3333333333333333,0.4583043917410182,0.0,0.48078574010614494,0.9988623435722411,1.0,0.6668345730409033,0.8359045167572815,0.9978519785511208,0.2334218795255471,instance,complexity_N1_top25
1,0.11992263056092844,0.4,0.2272727272727273,0.3333333333333333,0.4242014876907354,0.0,0.4725615271057205,0.9988623435722411,1.0,0.6667758890473475,0.836656071543151,0.991158685173222,0.3112503647137711,instance,complexity_N1_top25
1,0.3973684210526316,0.4,0.7060133630289532,0.3333333333333333,0.4563976168157118,0.0,0.4861549193923652,0.9994311717861206,1.0,0.6667168627164065,0.8410203878426858,0.9992825375931982,-0.7777121763209859,instance,complexity_N1_top25
1,0.5068807339449541,0.4,0.24444444444444446,0.4166666666666667,0.3792675976146167,0.0,0.45644959602681445,0.9988623435722411,1.0,0.666829155871169,0.8647489463223392,0.9944714971734467,0.6374027521920794,instance,complexity_N1_top25
1,0.38188073394495414,0.2,0.7060133630289532,0.5833333333333334,0.4565794170454093,1.0,0.501376534967011,1.0,1.0,0.6669369857528876,0.8383553468439974,0.9948106895433563,0.2015978470039512,instance,complexity_N1_top25
1,0.5902140672782874,0.4,0.7060133630289532,0.5416666666666666,0.4622119384509181,1.0,0.5118980618134543,1.0,1.0,0.6668203740087457,0.8513098553974158,0.9905166822893062,-0.47792304288360965,instance,complexity_N1_top25
1,0.47891566265060237,0.6,0.26053639846743293,0.6666666666666666,0.4496691131885959,1.0,0.5166965505832231,1.0,1.0,0.6667816819120159,0.8434065671157899,0.9815587325474031,1.0979908371527727,instance,complexity_N1_top25
1,0.3446969696969697,0.2,0.7285714285714286,0.5,0.4538050302763502,0.0,0.4711400397076221,0.9982935153583617,1.0,0.6669305699654924,0.8625346697276545,0.9945626438639726,0.26743214061067233,instance,complexity_N1_top25
1,0.5654761904761905,0.4,0.17000000000000004,0.4583333333333333,0.4429926145436397,0.0,0.4936149086503815,0.9988623435722411,1.0,0.6669201918083654,0.8599242484919549,0.9979303701763417,0.21904214551981285,instance,complexity_N1_top25
0,0.6256410256410256,0.8,0.27142857142857146,0.7083333333333334,0.568185311347023,1.0,0.5010077387772565,1.0,1.0,0.667006250890935,0.8454337616638444,0.9945001645725385,-0.004224774520392519,instance,complexity_N1_top25
1,0.6402714932126696,0.6,0.575,0.4583333333333333,0.4419465632023143,0.8333333333333334,0.4859622076460971,0.9994311717861206,1.0,0.6669580440707963,0.8586754838603805,0.9979437062352456,0.3048381047234998,instance,complexity_N1_top25
1,0.0,0.2,0.2272727272727273,0.375,0.41850388394601057,0.0,0.478449180693443,0.9994311717861206,1.0,0.6668050561905879,0.8387805055535693,0.9773517852506751,-0.15660824855770233,instance,complexity_N1_top25
1,0.40666666666666673,0.6,0.7285714285714286,0.6666666666666666,0.4557264725478871,1.0,0.5310115992771585,1.0,1.0,0.6668374565306364,0.8548607838884387,0.9982315996096529,-0.6098041142138977,instance,complexity_N1_top25
1,0.5258064516129033,0.4,0.26053639846743293,0.375,0.4422913800574758,0.0,0.46738047185996345,0.9988623435722411,1.0,0.6667417768045776,0.8554155744615675,0.9993189698963505,0.2914186863176931,instance,complexity_N1_top25
1,0.10833333333333339,0.2,0.5634920634920635,0.5,0.39440958831644224,0.0,0.4856711775266178,0.9988623435722411,1.0,0.6669463010837209,0.8443561390014618,0.9984899296123045,1.3814506976311065,instance,complexity_N1_top25
1,0.6043010752688172,0.8,0.7285714285714286,0.4166666666666667,0.4585607854322742,1.0,0.5202612291816122,1.0,1.0,0.6669498432531309,0.852301892220298,0.9929682147186843,0.19316556131224885,instance,complexity_N1_top25
1,0.25234375,0.4,0.24444444444444446,0.5,0.44569317156907295,0.0,0.4841165902770155,0.9994311717861206,1.0,0.6670581062213878,0.8408138680075159,0.9775871014488415,0.006979948068393203,instance,complexity_N1_top25
1,0.2930232558139535,0.6,0.7285714285714286,0.4166666666666667,0.41693577091025463,0.5,0.5059257169180938,1.0,1.0,0.6668576987999066,0.8616668000115547,0.9954265534059924,0.06182402994572695,instance,complexity_N1_top25
1,0.566289592760181,0.6,0.19999999999999996,0.4166666666666667,0.4594727904375556,0.3333333333333333,0.4883980085502738,0.9988623435722411,1.0,0.6670819896195456,0.867664590648603,0.9948258376506247,0.019462436247306796,instance,complexity_N1_top25
1,0.0,0.2,0.6037735849056604,0.4583333333333333,0.46141811721313897,0.0,0.4967079694792589,0.9977246871444824,1.0,0.6668967008406081,0.8361511759182442,0.9846841207664659,-0.23161003684073025,instance,complexity_N1_top25
1,0.0625,0.0,0.24444444444444446,0.5,0.2610941755063996,0.0,0.43839544823633414,0.9948805460750854,1.0,0.667057168097784,0.8517067529614867,0.9935771524122049,1.629397989964747,instance,complexity_N1_top25
1,0.0625,0.0,0.19999999999999996,0.2916666666666667,0.23518512343727088,0.0,0.4392655835254762,0.9960182025028441,1.0,0.666985131181125,0.8288597780954131,0.9858507845745319,1.1725101172808463,instance,complexity_N1_top25
1,0.2237723214285714,0.4,0.19999999999999996,0.375,0.3726790985812597,0.0,0.4833226541559952,0.9988623435722411,1.0,0.6669853128592,0.8283642984070495,0.9987971347353202,0.15713111006202332,instance,complexity_N1_top25
1,0.19083155650319839,0.2,0.24444444444444446,0.5,0.41711392324168617,0.0,0.46843122992927855,0.9982935153583617,1.0,0.6669536523990759,0.8521828798459508,0.9879966235752784,1.4097304477656087,instance,complexity_N1_top25
1,0.3369175627240144,0.4,0.5024875621890548,0.4583333333333333,0.43001836876062904,0.0,0.4606814704008002,0.9994311717861206,1.0,0.6669026622053941,0.8677594613339608,0.9938728122386745,0.6564119817870364,instance,complexity_N1_top25
1,0.0625,0.2,0.24444444444444446,0.4166666666666667,0.420954262295708,0.0,0.471380210777989,0.9982935153583617,1.0,0.6668963949465818,0.8650434724818946,0.9981001597002848,1.011203084530263,instance,complexity_N1_top25
1,0.18333333333333335,0.4,0.19999999999999996,0.4166666666666667,0.45811817766655594,0.3333333333333333,0.5258329940644173,1.0,1.0,0.6668432529764092,0.855683569916027,0.9950940555966578,-0.0845704485799471,instance,complexity_N1_top25
1,0.15957446808510634,0.2,0.07843137254901966,0.4166666666666667,0.44369061908736773,0.0,0.4719229119741086,0.9988623435722411,1.0,0.6667108360178374,0.8325000018903799,0.9918549158668905,-0.24664741624409323,instance,complexity_N1_top25
1,0.10833333333333339,0.0,0.30201342281879195,0.5,0.341540378479559,0.0,0.4641187686543705,0.9948805460750854,1.0,0.666983459919971,0.8365735421845579,0.984167577522482,0.8441115734099612,instance,complexity_N1_top25
1,0.33333333333333326,0.4,0.24444444444444446,0.4166666666666667,0.4388546894451758,0.5,0.5586742871623718,1.0,1.0,0.6668024040319727,0.8512967366913073,0.998760394268327,-0.20622324876364342,instance,complexity_N1_top25
1,0.3999999999999999,0.4,0.5024875621890548,0.4583333333333333,0.4196700603501742,0.5,0.5017916583376895,1.0,1.0,0.666979014417708,0.864348635422122,0.9973236461075877,0.41724559484138707,instance,complexity_N1_top25
1,0.38188073394495414,0.6,0.19999999999999996,0.4583333333333333,0.4591547029798929,1.0,0.5824145805420096,1.0,1.0,0.6670965729059843,0.8390140227397315,0.9919121971624266,0.5078489198609663,instance,complexity_N1_top25
1,0.18674242424242427,0.0,0.09722222222222221,0.4583333333333333,0.3481459305811684,0.0,0.44213997257314164,0.9954493742889647,1.0,0.6668926391341133,0.8518987208728839,0.9849537009195647,0.819670330978605,instance,complexity_N1_top25
0,0.2875,0.6,0.7394636015325671,0.4166666666666667,0.6412364541744101,0.75,0.4924897762169357,0.9991935483870967,1.0,0.6668274065335505,0.8478550480386805,0.9990672552804547,-0.5063258821819089,instance,complexity_N1_top25
1,0.16445182724252494,0.2,0.5154639175257731,0.375,0.3234096939920593,0.0,0.4765117199786384,0.9994311717861206,1.0,0.6666822289325206,0.8642680614297711,0.9735187707255822,1.081590425080409,instance,complexity_N1_top25
0,0.5933333333333333,0.8,0.7727272727272727,0.3333333333333333,0.546473219087603,1.0,0.5363460000553901,1.0,1.0,0.666784689378448,0.8489251880507622,0.9983634310234506,0.16450030379493236,instance,complexity_N1_top25
1,0.5441176470588236,0.4,0.24444444444444446,0.4166666666666667,0.448307502640909,1.0,0.5444643174667199,1.0,1.0,0.6669025579949249,0.8611758093392102,0.9934942320220624,0.7226533383483595,instance,complexity_N1_top25
1,0.3739495798319328,0.2,0.30201342281879195,0.5416666666666666,0.4286188609049527,1.0,0.5235092413705972,1.0,1.0,0.6669898906690754,0.8301866817724027,0.9986864388303769,0.3718257989065914,instance,complexity_N1_top25
1,0.5258064516129033,0.2,0.26053639846743293,0.4583333333333333,0.4613645511649783,0.0,0.48467372847552825,0.9982935153583617,1.0,0.6667779566672224,0.8332463700612287,0.9984792951866792,-1.2526398380447572,instance,complexity_N1_top25
1,0.5416666666666666,0.4,0.26053639846743293,0.4166666666666667,0.290714966110161,0.6666666666666666,0.5089678198243823,1.0,1.0,0.6668671728167598,0.8381187905708576,0.998628233800985,1.270673008798585,instance,complexity_N1_top25
1,0.20234375000000004,0.0,0.26053639846743293,0.4583333333333333,0.27535256126167706,0.0,0.4698876857367229,0.9954493742889647,1.0,0.6666951950636132,0.8634339639788415,0.9967822156570856,0.6386996019324008,instance,complexity_N1_top25
1,0.28457446808510634,0.6,0.5634920634920635,0.4166666666666667,0.45561230977789335,0.0,0.4659984646859793,0.9994311717861206,1.0,0.6667977127282041,0.8655473749658904,0.9946689495612819,-0.17466298830412277,instance,complexity_N1_top25
0,0.49311926605504586,0.8,0.7555555555555555,0.5,0.557927899223296,1.0,0.5116094506656187,1.0,1.0,0.6669455734970499,0.8475465208521663,0.9996040098560428,-0.2072706422383325,instance,complexity_N1_top25
1,0.6043010752688172,0.6,0.19999999999999996,0.2916666666666667,0.4572578377468194,1.0,0.5580882514029459,1.0,1.0,0.6670647466394466,0.8046821968454811,0.9912548291182676,-0.25288705462205696,instance,complexity_N1_top25
1,0.47096774193548385,0.6,0.7060133630289532,0.375,0.46097201067914195,1.0,0.5053955626787494,1.0,1.0,0.6667433655024992,0.8620394103921117,0.9942302153932645,-0.020173810061157357,instance,complexity_N1_top25
1,0.3796164772727273,0.4,0.7285714285714286,0.625,0.4558948053133011,0.0,0.48578366630560577,0.9988623435722411,1.0,0.6668616427992593,0.876003320510373,0.9983540180385176,0.15123978360763898,instance,complexity_N1_top25
1,0.31666666666666665,0.0,0.7060133630289532,0.4166666666666667,0.44268242391817864,0.0,0.41169425900415135,0.9965870307167235,1.0,0.6669630996754963,0.8515260003924908,0.9779643837103331,0.2361354742887176,instance,complexity_N1_top25
1,0.45666666666666667,0.2,0.24444444444444446,0.4583333333333333,0.38597851208506795,0.0,0.48815610044149005,0.9994311717861206,1.0,0.6669840888684168,0.837510347771842,0.9774709983490851,0.6394947587209089,instance,complexity_N1_top25
1,0.3369175627240144,0.2,0.30201342281879195,0.5416666666666666,0.4439705150615856,0.0,0.43398720517815126,0.9982935153583617,1.0,0.6668595139846692,0.8704070250680518,0.9955040281483185,0.24313645103970977,instance,complexity_N1_top25
1,0.4399159663865546,0.2,0.7060133630289532,0.5416666666666666,0.4612098418687336,0.2,0.44081083855001113,0.9977246871444824,1.0,0.6667977691999424,0.8535126038291335,0.9971533735027749,-0.04524713348137341,instance,complexity_N1_top25
1,0.27976190476190477,0.4,0.17000000000000004,0.4583333333333333,0.36332919517366113,0.5,0.4820899920930779,0.9994311717861206,1.0,0.6668206610602765,0.859348451258334,0.9901285070855456,0.11391308750455711,instance,complexity_N1_top25
1,0.125,0.0,0.2142857142857143,0.2916666666666667,0.27463198695685953,0.0,0.4654920652057093,0.997155858930603,1.0,0.6669445501137066,0.844797203199368,0.9758184471959722,0.94387634545391,instance,complexity_N1_top25
1,0.18674242424242427,0.0,0.24444444444444446,0.4583333333333333,0.3820086069398937,0.0,0.4605196389021129,0.997155858930603,1.0,0.6670002981578921,0.8505194660938169,0.9867945465163028,0.9113602535876524,instance,complexity_N1_top25
1,0.4621353196772191,0.6,0.26053639846743293,0.375,0.4341638422285585,0.25,0.4819423792322861,0.9994311717861206,1.0,0.6669278669335601,0.8601498920682994,0.9764267329482946,0.5741565361621231,instance,complexity_N1_top25
1,0.48611111111111116,0.4,0.24444444444444446,0.4166666666666667,0.45675005206652897,0.5,0.49937636674205277,0.9994311717861206,1.0,0.6669830402806578,0.8525236027996533,0.9795705898280369,0.3767174847193203,instance,complexity_N1_top25
1,0.375,0.2,0.7285714285714286,0.4583333333333333,0.42476140591496037,0.3333333333333333,0.5071591059368666,1.0,1.0,0.6669299953697099,0.8424117920576095,0.9981156257794166,0.6762771704003895,instance,complexity_N1_top25
1,0.45666666666666667,0.4,0.2272727272727273,0.375,0.33725269027217053,0.5,0.5016667748112129,1.0,1.0,0.6667521005810815,0.8287188885194603,0.9899983335445092,0.12308258316406892,instance,complexity_N1_top25
1,0.0,0.0,0.7060133630289532,0.2916666666666667,0.46148542523750286,0.0,0.4121782595190707,0.9965870307167235,0.96,0.6565409722031835,0.8161096366346504,0.9615061778785748,0.06928172917506387,instance,complexity_N1_top25
1,0.3262411347517731,0.2,0.07843137254901966,0.4166666666666667,0.45371018381435146,0.0,0.4517674500349381,0.9982935153583617,1.0,0.6668559228880478,0.8410351242179458,0.9993536808600891,0.2505538154522556,instance,complexity_N1_top25
0,0.5433333333333333,0.8,0.49751243781094523,0.4583333333333333,0.6192464400346892,1.0,0.5311196755467767,1.0,1.0,0.6668854813082611,0.8169044731304578,0.9946201479905782,-0.9024739743337634,instance,complexity_N1_top25
0,0.45833333333333337,0.8,0.7727272727272727,0.2916666666666667,0.5395621959930028,1.0,0.5869720842669205,1.0,1.0,0.6668139352876945,0.8512217787427341,0.9778041695019152,0.23308665836754772,instance,complexity_N1_top25
1,0.10546875,0.0,0.17000000000000004,0.5,0.333467353126368,0.0,0.43065803286673043,0.9903299203640501,1.0,0.6668311277129171,0.8369442730786251,0.9879176831923333,1.0880448113085035,instance,complexity_N1_top25
1,0.5518867924528301,0.6,0.6728395061728395,0.5833333333333334,0.4586669205683933,0.5,0.5130480250356386,1.0,1.0,0.666843979213633,0.8629774536703465,0.9952708586635823,-0.0004699096961038502,instance,complexity_N1_top25
1,0.5068807339449541,0.4,0.24444444444444446,0.5416666666666666,0.4423444736991208,0.0,0.48848427755743884,0.9994311717861206,1.0,0.6670518447983531,0.8564663098289058,0.995570720579319,0.3151015411670287,instance,complexity_N1_top25
1,0.55,0.6,0.5024875621890548,0.9166666666666666,0.4026317005647603,0.0,0.4967212903699846,0.9988623435722411,1.0,0.6668783026468021,0.8556558221657253,0.9928079461796626,0.6165579116841143,instance,complexity_N1_top25
0,0.4172268907563026,0.6,0.39622641509433965,0.4583333333333333,0.5363363684878153,0.6666666666666666,0.515774137732691,1.0,1.0,0.6669473335300103,0.848355410253121,0.9973412420239262,0.41404836228721137,instance,complexity_N1_top25
1,0.4432013769363168,0.6,0.30201342281879195,0.5416666666666666,0.46120345170376087,1.0,0.5046053304417781,1.0,1.0,0.6670129612756874,0.8500206612652851,0.998865732630627,-0.5673944576813476,instance,complexity_N1_top25
1,0.19083155650319839,0.2,0.26053639846743293,0.625,0.38757833430404287,0.0,0.49164824131051077,0.9988623435722411,1.0,0.6668142310695389,0.8422764788267249,0.9983266527715633,1.0346668397539875,instance,complexity_N1_top25
1,0.1691176470588236,0.2,0.17000000000000004,0.4583333333333333,0.26403567737874695,0.5,0.4676500692157358,0.9982935153583617,1.0,0.6668986437134887,0.8243143908184862,0.9869891523033455,0.9198172261782283,instance,complexity_N1_top25
1,0.5068807339449541,0.8,0.5024875621890548,0.6666666666666666,0.45714971183780595,1.0,0.534273154658027,1.0,1.0,0.6667180909210659,0.8453038766315261,0.9945220269109332,-0.25048088555337605,instance,complexity_N1_top25
1,0.47116644823066844,0.4,0.7060133630289532,0.625,0.46151293012878003,1.0,0.5109627873426511,1.0,1.0,0.6669287502939536,0.8452855829281423,0.9786618797777094,-0.4497021332867449,instance,complexity_N1_top25
1,0.0,0.2,0.26053639846743293,0.75,0.4615617394799174,0.0,0.4569613267145799,0.9982935153583617,0.96,0.6574971062396351,0.8274404329882319,0.9916894557080492,0.7491915113814205,instance,complexity_N1_top25
1,0.6142857142857143,0.2,0.3137254901960784,0.25,0.4548482723822175,0.0,0.477792441844863,0.9982935153583617,1.0,0.6667576933951923,0.8356367025634128,0.9975824509060813,-0.08007132051702796,instance,complexity_N1_top25
1,0.39583333333333326,0.6,0.30201342281879195,0.375,0.4491249186429137,0.75,0.5047222168326326,1.0,1.0,0.6668968731289265,0.8628964993495128,0.9967567966985624,0.636843442411015,instance,complexity_N1_top25
1,0.11992263056092844,0.2,0.2272727272727273,0.3333333333333333,0.4182715440879273,0.0,0.4771583866030955,0.9994311717861206,1.0,0.6667328098851482,0.8371014310019272,0.9987449696053453,-0.047065263874236006,instance,complexity_N1_top25
1,0.5645730416372619,0.2,0.7060133630289532,0.5,0.46001491128791905,0.0,0.453511125179334,0.9977246871444824,1.0,0.6668971062763384,0.850861761604596,0.9989538077075929,0.00818917489364822,instance,complexity_N1_top25
0,0.5076190476190476,0.4,0.27142857142857146,0.7083333333333334,0.5482609824813535,0.5,0.5018737092538486,1.0,1.0,0.6669633792515874,0.8541979014067812,0.996182810699218,0.0172417220766797,instance,complexity_N1_top25
1,0.20666666666666667,0.4,0.7285714285714286,0.625,0.4479565077690314,0.0,0.49553350639551763,0.9988623435722411,1.0,0.6669279444989216,0.8456601201810109,0.9856270566939582,0.08916330251338427,instance,complexity_N1_top25
0,0.3696078431372549,0.2,0.29398663697104677,0.9166666666666666,0.5453942215233076,0.3333333333333333,0.5179891063578093,1.0,1.0,0.6669732865452901,0.8660564093370924,0.9999913148083195,0.08484150045909401,instance,complexity_N1_top25
1,0.27976190476190477,0.0,0.5634920634920635,0.4166666666666667,0.42809949800577385,0.0,0.46557679832248466,0.9937428896473265,1.0,0.6668334375881709,0.8347958815859493,0.9851878832182578,0.7448597095273586,instance,complexity_N1_top25
1,0.34166666666666656,0.4,0.17000000000000004,0.4583333333333333,0.3610856840131432,1.0,0.5218344837299762,1.0,1.0,0.6668912544347585,0.8344230611946115,0.9902988063040088,0.5430066966060408,instance,complexity_N1_top25
1,0.3272146847565842,0.4,0.07843137254901966,0.4166666666666667,0.4143417391651248,0.0,0.49458189526826,0.9994311717861206,1.0,0.6669259816621244,0.8485227979001772,0.9997877529137399,1.223545118267695,instance,complexity_N1_top25
1,0.34166666666666656,0.2,0.17000000000000004,0.5,0.4376852802745298,0.5,0.476738852316963,0.9988623435722411,1.0,0.6670728310213122,0.8479374727298762,0.9820957666661145,0.0998727915863262,instance,complexity_N1_top25
1,0.1958333333333333,0.2,0.30201342281879195,0.4166666666666667,0.42856913593360335,0.0,0.4473241418310323,0.9977246871444824,1.0,0.6669753579387782,0.8511796534817374,0.9956900763097065,-0.04522799069272027,instance,complexity_N1_top25
1,0.07692307692307687,0.2,0.24444444444444446,0.4583333333333333,0.1719897976032479,1.0,0.5026515647454171,1.0,1.0,0.6667821157154491,0.8538024289356493,0.995107867887345,1.0614555388148055,instance,complexity_N1_top25
1,0.08823529411764708,0.4,0.26053639846743293,0.4583333333333333,0.45422211249296984,0.0,0.4924732291642139,0.9994311717861206,1.0,0.6668842741581975,0.8503537274008838,0.9896904984741528,0.48871990419234623,instance,complexity_N1_top25
1,0.3446969696969697,0.0,0.26053639846743293,0.625,0.45156992293571696,0.0,0.4685737025321216,0.9960182025028441,1.0,0.6669206230371644,0.8757468620614829,0.9992554671878228,0.45511501356813283,instance,complexity_N1_top25
1,0.08823529411764708,0.0,0.5024875621890548,0.9166666666666666,0.45788231696098614,0.0,0.4544379308051829,0.9965870307167235,1.0,0.6668606900128388,0.8468944153702069,0.9914737195308534,0.6679259904188551,instance,complexity_N1_top25
1,0.11111111111111116,0.2,0.09722222222222221,0.4166666666666667,0.315437993572942,0.0,0.4824009848605276,0.9982935153583617,1.0,0.6669121888745287,0.8356055837973966,0.9945728593869035,1.2752022113311754,instance,complexity_N1_top25
0,0.578021978021978,0.6,0.9027777777777778,0.5,0.599046543820643,1.0,0.5403927219375272,1.0,1.0,0.6668308135242652,0.8600801878799658,0.9987964518595964,-0.945890203829253,instance,complexity_N1_top25
1,0.2930232558139535,0.4,0.5024875621890548,0.9166666666666666,0.3133201958011247,1.0,0.5190767708448571,1.0,1.0,0.6668988776825835,0.8504169340612436,0.9982583478705368,1.0454229377782085,instance,complexity_N1_top25
1,0.5163398692810457,0.4,0.24444444444444446,0.4583333333333333,0.4282434947089053,0.5,0.4834092576396778,0.9988623435722411,1.0,0.6669861626254959,0.8675084507043982,0.9930125112208815,0.30549260067269424,instance,complexity_N1_top25
1,0.15384615384615385,0.2,0.24444444444444446,0.4166666666666667,0.26682157500677717,0.5,0.4564898567757071,0.9988623435722411,1.0,0.6668608875519559,0.8582544373458029,0.990543155502634,1.2276876400342163,instance,complexity_N1_top25
0,0.7154255319148937,0.2,0.29398663697104677,0.9166666666666666,0.5485889963292458,0.0,0.48527738569689716,0.9983870967741936,1.0,0.6668971191018395,0.8362495347729368,0.9998809993199423,0.14593587361055652,instance,complexity_N1_top25
1,0.10546875,0.0,0.09722222222222221,0.4583333333333333,0.355991413324778,0.0,0.47523911998400115,0.9954493742889647,1.0,0.6668141659572842,0.8331979119476439,0.966331158599466,0.8807996784533816,instance,complexity_N1_top25
1,0.18435754189944142,0.4,0.24444444444444446,0.4583333333333333,0.2530498707166666,0.0,0.49683249362765036,0.9988623435722411,1.0,0.6668996798311124,0.8301568801174141,0.9970672898312067,0.9560780526805214,instance,complexity_N1_top25
1,0.2557861133280128,0.4,0.26053639846743293,0.375,0.4159661615020288,1.0,0.5120420677292048,1.0,1.0,0.6669429400359924,0.8434237965857411,0.99518733940658,0.9652010949869954,instance,complexity_N1_top25
1,0.18435754189944142,0.2,0.26053639846743293,0.4166666666666667,0.18336399213961257,0.0,0.46408377147679825,0.9988623435722411,1.0,0.6669428298167357,0.8478164270615787,0.9903873326245601,1.491282060572661,instance,complexity_N1_top25
1,0.41666666666666674,0.6,0.2272727272727273,0.3333333333333333,0.359523927638298,1.0,0.5655971676308968,1.0,1.0,0.666785601160974,0.8242326525164301,0.9916830102122973,-0.09536892621946277,instance,complexity_N1_top25
1,0.2970588235294118,0.2,0.26053639846743293,0.75,0.4547909540583803,0.0,0.46931639511503365,0.9982935153583617,1.0,0.6667108576959792,0.8319352093389445,0.974987706930071,0.9481384816962848,instance,complexity_N1_top25
1,0.0,0.4,0.09722222222222221,0.5,0.20241313873834643,1.0,0.5117089125441183,1.0,1.0,0.6668040790981953,0.8066051272592396,0.9957508795063036,0.9731797673695897,instance,complexity_N1_top25
1,0.10833333333333339,0.2,0.30201342281879195,0.4166666666666667,0.4555105203066445,0.0,0.4918355223270249,0.9988623435722411,1.0,0.6668348585671778,0.8566367508243014,0.9945487343160614,0.3160138282484228,instance,complexity_N1_top25
1,0.22891566265060237,0.2,0.6728395061728395,0.3333333333333333,0.45979093774055335,0.0,0.47348954285878675,0.9977246871444824,1.0,0.6669002079095017,0.8307933871608515,0.9926074120374113,0.3129737279340285,instance,complexity_N1_top25
0,0.48328267477203646,0.2,0.7555555555555555,0.4166666666666667,0.5637878445633092,0.0,0.44437135569637964,0.9967741935483871,1.0,0.6669019425918805,0.8490973867296426,0.9991139460128085,-0.509458713245022,instance,complexity_N1_top25
1,0.42464114832535893,0.2,0.7285714285714286,0.5833333333333334,0.45161849207205285,0.25,0.5408589525934255,1.0,1.0,0.6668523279143834,0.8625754679904728,0.9967668286157034,0.05676248884972376,instance,complexity_N1_top25
1,0.08333333333333326,0.4,0.26053639846743293,0.625,0.38513633625245547,0.0,0.4898833951388376,0.9988623435722411,1.0,0.666951612974321,0.8580990700978135,0.9928989831134465,0.3894555359805976,instance,complexity_N1_top25
0,0.7023809523809523,0.8,0.29398663697104677,0.5833333333333334,0.5475881313822926,0.8,0.5272111115453028,1.0,1.0,0.6669394991618914,0.860040216916996,0.9998954059915914,-0.5722312054320577,instance,complexity_N1_top25
1,0.45307917888563054,0.2,0.26053639846743293,0.375,0.4578639835300806,0.0,0.47964957038300426,0.9988623435722411,1.0,0.6667565557902667,0.8486924966663753,0.98998482344481,-0.79553059264488,instance,complexity_N1_top25
1,0.48611111111111116,0.0,0.07843137254901966,0.4166666666666667,0.43187389278577626,0.0,0.4365690790010325,0.9931740614334471,1.0,0.6669457094332326,0.844070925863082,0.9809075484804609,0.6416351232304682,instance,complexity_N1_top25
1,0.33333333333333337,0.4,0.19999999999999996,0.375,0.3979859000786349,0.0,0.4981771440079984,0.9994311717861206,1.0,0.6670385460290363,0.801216485258181,0.9794249071378222,0.6736375958041587,instance,complexity_N1_top25
1,0.08823529411764708,0.0,0.30201342281879195,0.4166666666666667,0.45066017145305814,0.0,0.4744804364535743,0.997155858930603,1.0,0.6669236273901438,0.835558972463434,0.9803932139154797,0.21120223692596604,instance,complexity_N1_top25
1,0.6352201257861635,1.0,0.7060133630289532,0.3333333333333333,0.462765223809395,0.5,0.5260413252627467,1.0,1.0,0.6668352500243838,0.8485991089091591,0.9842798042793395,0.015949027553492104,instance,complexity_N1_top25
1,0.42197802197802203,0.4,0.26053639846743293,0.625,0.32699634191753,0.75,0.501711937469002,1.0,1.0,0.6668088256128535,0.8326029852879647,0.9963711768357795,1.073027127995059,instance,complexity_N1_top25
1,0.5083333333333333,0.6,0.24444444444444446,0.5416666666666666,0.46095633182743445,0.5,0.5074433393185755,1.0,1.0,0.6668681417365488,0.8485728483713486,0.9914405546860675,-0.27909857901351354,instance,complexity_N1_top25
1,0.22916666666666674,0.2,0.2142857142857143,0.2916666666666667,0.35195221645447183,0.3333333333333333,0.5239095416424333,1.0,1.0,0.6671020489128208,0.8685314980347844,0.9999544759085932,0.7051266789963687,instance,complexity_N1_top25
0,0.35972850678733037,0.2,0.48453608247422686,0.375,0.56751889600931,0.0,0.4819408259377027,0.9983870967741936,1.0,0.6667011208617347,0.8547219842276206,0.9985031019159211,-0.661183245925993,instance,complexity_N1_top25
1,0.4700718276137271,0.6,0.575,0.25,0.3794268479574877,1.0,0.5255794570355408,1.0,1.0,0.6667704174266462,0.8481054935932721,0.9856767212335252,0.5538161395940282,instance,complexity_N1_top25
1,0.11992263056092844,0.4,0.17000000000000004,0.4583333333333333,0.38294125532315715,0.14285714285714285,0.46753050922676576,0.9994311717861206,1.0,0.6668735124874875,0.8469167028064077,0.9844472362924629,0.6615786289158421,instance,complexity_N1_top25
0,0.4097859327217126,0.6,0.29398663697104677,0.625,0.5384170462691134,1.0,0.5280794796756938,1.0,1.0,0.6669113033820308,0.8467764268156612,0.9783562882806116,0.6748366842906773,instance,complexity_N1_top25
1,0.4191176470588236,0.6,0.24444444444444446,0.4583333333333333,0.4017895467868504,0.0,0.49201134305915717,0.9994311717861206,1.0,0.6668807837063966,0.8473162383786145,0.9922537367747417,0.5478573101260081,instance,complexity_N1_top25
1,0.10833333333333339,0.0,0.30201342281879195,0.4166666666666667,0.4213301192432596,0.0,0.4828180535884442,0.997155858930603,1.0,0.6668361167238319,0.8379121564659917,0.9802445237045116,0.614177325284142,instance,complexity_N1_top25
1,0.5827731092436975,0.6,0.7060133630289532,0.625,0.4634999345301082,0.7142857142857143,0.5183747168174763,1.0,1.0,0.6668631599246766,0.8535883009767842,0.9912410928402311,-0.2860743549243876,instance,complexity_N1_top25
1,0.10833333333333339,0.4,0.17000000000000004,0.4583333333333333,0.3047806698425388,0.0,0.49472039631102627,0.9994311717861206,1.0,0.6669543863071162,0.8678680133415757,0.9924400123297216,1.0532874759538045,instance,complexity_N1_top25
1,0.3446969696969697,0.6,0.07843137254901966,0.4166666666666667,0.4432650070301545,0.5,0.49731521314657856,0.9988623435722411,1.0,0.6668900356775281,0.849260812320548,0.9988084521175834,0.4590119013360508,instance,complexity_N1_top25
1,0.3446969696969697,1.0,0.07843137254901966,0.4166666666666667,0.4085402167819413,0.5,0.5297841674927553,1.0,1.0,0.6667173222924235,0.8434144661053101,0.9965101166480482,0.7469992052576475,instance,complexity_N1_top25
1,0.23100303951367784,0.4,0.5024875621890548,0.5,0.4587126673337941,0.0,0.4741843111106162,0.9994311717861206,1.0,0.6668533156752787,0.841266473220682,0.9986282081450877,0.35220842086003407,instance,complexity_N1_top25
1,0.4982404692082112,1.0,0.19999999999999996,0.4583333333333333,0.46140592898297783,1.0,0.5545280701102028,1.0,1.0,0.6668965998707754,0.8239553145503942,0.9817180857987873,-0.17449371136183314,instance,complexity_N1_top25
1,0.1964285714285714,0.4,0.19999999999999996,0.4166666666666667,0.45693107818104683,0.5,0.4932631586676899,0.9994311717861206,1.0,0.6668477213988374,0.8318351939365801,0.9918647945983735,0.5103785032533149,instance,complexity_N1_top25
1,0.15957446808510634,0.6,0.7060133630289532,0.5,0.46139553590544424,0.25,0.5340752220192745,1.0,1.0,0.6671177174196192,0.841638300646756,0.9874833567350868,-0.08396128345229477,instance,complexity_N1_top25
1,0.22891566265060237,0.6,0.24444444444444446,0.4166666666666667,0.45624153229151965,0.0,0.4842326436233958,0.9988623435722411,1.0,0.6669477418321881,0.859368769700096,0.9763260781383483,0.4172070496477282,instance,complexity_N1_top25
1,0.40666666666666673,0.2,0.5024875621890548,0.9166666666666666,0.44520590440845975,0.0,0.4740965307998831,0.9988623435722411,1.0,0.6668436696673921,0.8575401757528689,0.9897492506887839,-0.3085847154212469,instance,complexity_N1_top25
0,0.5833333333333334,0.6,0.7394636015325671,0.25,0.735284025670572,1.0,0.5809378751563065,1.0,1.0,0.6668692288080701,0.8192046242545525,0.9772177800897409,-0.5705503370184318,instance,complexity_N1_top25
1,0.0,0.2,0.09722222222222221,0.2916666666666667,0.17198979661878394,0.0,0.49332869196452733,0.9988623435722411,1.0,0.6668334500485473,0.8663654811954276,0.9997675535221161,2.5224174358188685,instance,complexity_N1_top25
1,0.19736842105263164,0.2,0.26053639846743293,0.4583333333333333,0.43518239091920996,0.0,0.46029132333220635,0.9982935153583617,0.92,0.6656265675288804,0.8051417090357138,0.9681122970783168,-0.326290693826846,instance,complexity_N1_top25
1,0.25234375,0.2,0.24444444444444446,0.5416666666666666,0.4464171426945668,0.25,0.5564206342103528,1.0,1.0,0.6669061368431108,0.8408800301887429,0.9946329836866316,0.0198307485852614,instance,complexity_N1_top25
1,0.07692307692307687,0.2,0.5154639175257731,0.375,0.17220840401263848,0.0,0.49527189078268286,0.9988623435722411,1.0,0.6668567158893213,0.8447132986297946,0.9829269121536627,1.2353911633599832,instance,complexity_N1_top25
1,0.239913097454997,0.4,0.26053639846743293,0.4583333333333333,0.3398593912517144,0.5,0.4488005023025541,0.9994311717861206,1.0,0.6669135354703074,0.861060792576598,0.9943214134480128,0.700617793505323,instance,complexity_N1_top25
1,0.34166666666666656,0.2,0.26053639846743293,0.4166666666666667,0.3586495471748513,0.0,0.4308837773700952,0.9982935153583617,1.0,0.6668650760802722,0.8272208678213384,0.9803933113547604,0.7203811138093806,instance,complexity_N1_top25
1,0.5273809523809524,0.8,0.26053639846743293,0.375,0.3033608861525128,1.0,0.5339607255598258,1.0,1.0,0.6668986222408733,0.8402223023326586,0.9992688854384892,1.0589023880241701,instance,complexity_N1_top25
1,0.18333333333333335,0.6,0.3137254901960784,0.3333333333333333,0.3913701768041703,0.0,0.4585478687334581,0.9994311717861206,0.96,0.6209299376144249,0.8350779762843026,0.990631580622961,0.2039855559497572,instance,complexity_N1_top25
1,0.09583333333333333,0.6,0.24444444444444446,0.375,0.3353419542380268,1.0,0.5176663886794646,1.0,1.0,0.6668897622627954,0.8411134899600635,0.9906018686413735,0.5164508165390466,instance,complexity_N1_top25
1,0.2970588235294118,0.2,0.26053639846743293,0.375,0.43374647575490954,0.5,0.4823691402423771,0.9994311717861206,0.96,0.6666599543117819,0.8562602279981228,0.999443107130729,0.9318474643218428,instance,complexity_N1_top25
1,0.0,0.6,0.24444444444444446,0.4583333333333333,0.3990518498820258,0.0,0.4617529185674636,0.9994311717861206,1.0,0.6668740952217067,0.8053381660217327,0.9697204461034772,0.1401589047176591,instance,complexity_N1_top25
1,0.3369175627240144,0.2,0.5154639175257731,0.4166666666666667,0.44802504768854823,0.3333333333333333,0.4912549252530334,0.9988623435722411,1.0,0.6668059371184962,0.8630588118110804,0.9998231833759774,0.19291286691938322,instance,complexity_N1_top25
1,0.462962962962963,0.4,0.5154639175257731,0.4166666666666667,0.4225936347356801,0.5,0.5019996915623834,1.0,1.0,0.6668969176809462,0.864358577582958,0.9958181979992322,0.8036952795020228,instance,complexity_N1_top25
1,0.3205128205128205,0.2,0.09722222222222221,0.4583333333333333,0.43601205465859694,0.5,0.47080553292316873,0.9977246871444824,1.0,0.666833883509005,0.8514142297624312,0.9788972565546616,0.6481103965008915,instance,complexity_N1_top25
1,0.4399159663865546,0.4,0.3137254901960784,0.3333333333333333,0.45634133763132445,0.0,0.454014241119973,0.9982935153583617,1.0,0.6670876461784608,0.8379426549986384,0.9966317452145215,-0.7242611940434448,instance,complexity_N1_top25
1,0.42991452991452994,0.4,0.24444444444444446,0.5416666666666666,0.42559680607420114,0.0,0.48038864818164473,0.9988623435722411,1.0,0.6668000947246921,0.8317831918516508,0.983433229646373,0.22711119655402862,instance,complexity_N1_top25
1,0.15384615384615385,0.0,0.24444444444444446,0.375,0.171989796618913,0.0,0.478207286328698,0.9965870307167235,1.0,0.6670132382488209,0.8481542628552537,0.9986193952779363,1.635628895344516,instance,complexity_N1_top25
1,0.4621353196772191,0.6,0.30201342281879195,0.4166666666666667,0.45499657714222064,0.4,0.5207597343820798,1.0,1.0,0.6670022794266128,0.866608979984946,0.999961209045666,-0.3294939073381803,instance,complexity_N1_top25
0,0.3264525993883791,0.0,0.48453608247422686,0.5,0.539382378612696,0.0,0.46335059600268214,0.9959677419354839,1.0,0.6668764724153603,0.8635511852048806,0.9798273638099516,0.03761409222159217,instance,complexity_N1_top25
1,0.24113475177304966,0.0,0.26053639846743293,0.4583333333333333,0.42530610180778516,0.0,0.48187507971779964,0.997155858930603,1.0,0.6668687813038029,0.8443767235181576,0.9960927650104269,1.1509392440172144,instance,complexity_N1_top25
1,0.08823529411764708,0.2,0.26053639846743293,0.7916666666666666,0.4352043706533478,0.0,0.4408074041652903,0.9977246871444824,1.0,0.6667945153618299,0.8398458700394184,0.9974562011536563,0.6596621791553079,instance,complexity_N1_top25
1,0.23567708333333326,0.2,0.24444444444444446,0.5,0.4474729715525344,0.0,0.47817377654348814,0.9988623435722411,1.0,0.6669294350213772,0.857397697544527,0.9860232283549714,0.6047608991984775,instance,complexity_N1_top25
1,0.3705673758865248,0.2,0.26053639846743293,0.6666666666666666,0.45377396650512747,0.0,0.49713995841753433,0.9988623435722411,1.0,0.6669375317201248,0.8625194267377556,0.9964787156774173,0.11676370076550728,instance,complexity_N1_top25
0,0.75,0.8,0.29398663697104677,0.9166666666666666,0.5725210509324254,0.6666666666666666,0.49817849041303486,0.9991935483870967,1.0,0.6668571388559034,0.8258664404540957,0.9864858220903245,-0.008881919469600916,instance,complexity_N1_top25
1,0.24113475177304966,0.4,0.17000000000000004,0.4583333333333333,0.3339020470861779,0.0,0.4519067259487073,0.9988623435722411,1.0,0.6668889808011547,0.8080447327943656,0.9626890681119097,1.0712937944934073,instance,complexity_N1_top25
1,0.20833333333333326,0.2,0.07843137254901966,0.4166666666666667,0.4421265913234853,0.0,0.44255308163413,0.9988623435722411,1.0,0.6667917341363269,0.8391990331781382,0.9689805240678316,0.8669585390292484,instance,complexity_N1_top25
1,0.29166666666666674,0.6,0.2272727272727273,0.3333333333333333,0.19325169174382856,0.4,0.47108272167585785,0.9994311717861206,1.0,0.6667933139043364,0.8626490629108262,0.9922830849736567,1.1088299527953447,instance,complexity_N1_top25
1,0.5591397849462366,0.2,0.26053639846743293,0.4583333333333333,0.453283498067107,0.5,0.5213376262876499,1.0,1.0,0.6667375838325944,0.8465272520801386,0.9912076825883538,-0.08400440133969993,instance,complexity_N1_top25
1,0.10833333333333339,0.0,0.30201342281879195,0.4166666666666667,0.4433013982483479,0.0,0.4540596140854418,0.997155858930603,1.0,0.6669078985162772,0.8445625375102737,0.9766510432213534,0.2385448319761921,instance,complexity_N1_top25
1,0.45666666666666667,0.4,0.5024875621890548,0.9166666666666666,0.39410623009611345,0.0,0.45919279288278747,0.9982935153583617,1.0,0.6668944421963873,0.8578674492798554,0.9991953306146981,0.12213025753100791,instance,complexity_N1_top25
1,0.2435897435897436,0.2,0.24444444444444446,0.5833333333333334,0.2782739433102268,0.0,0.4657832697321379,0.9982935153583617,1.0,0.6669476316052761,0.8426689039608769,0.9986911668280974,0.7852611665122095,instance,complexity_N1_top25
1,0.24113475177304966,0.0,0.17000000000000004,0.4583333333333333,0.33737517346301876,0.0,0.45937005959945754,0.9954493742889647,0.96,0.6277833579971893,0.8177984147942862,0.9939532482086523,1.0076328008402091,instance,complexity_N1_top25
1,0.19083155650319839,0.2,0.2272727272727273,0.3333333333333333,0.3733355168727873,1.0,0.504229297549257,1.0,1.0,0.6667112279806567,0.8521350442023273,0.993394282257364,0.48277680361352165,instance,complexity_N1_top25
0,0.48537005163511193,0.4,0.7555555555555555,0.5833333333333334,0.5541182685585259,0.0,0.4755297333487395,0.9991935483870967,1.0,0.6669893249517527,0.8433227040500421,0.9736146743555097,-0.3920018147686045,instance,complexity_N1_top25
1,0.2930232558139535,0.2,0.09722222222222221,0.4583333333333333,0.19011191743007216,0.0,0.46571806899758983,0.9982935153583617,0.96,0.6664162857726663,0.837532281269901,0.9902974626158314,0.8130263699899485,instance,complexity_N1_top25
1,0.09583333333333333,0.0,0.24444444444444446,0.4583333333333333,0.40129866888224985,0.0,0.38596637626675734,0.9937428896473265,1.0,0.6670046301760999,0.8398705686855581,0.9757603142047087,0.2933954448296595,instance,complexity_N1_top25
1,0.0,0.0,0.24444444444444446,0.4583333333333333,0.2062633467156062,0.0,0.3812163018413536,0.9960182025028441,1.0,0.666991362874378,0.86939258197803,0.9980194135606063,1.6537645265366296,instance,complexity_N1_top25
1,0.4235474006116208,0.8,0.7060133630289532,0.5,0.46207667494803983,1.0,0.515546842308616,1.0,1.0,0.6673541292695331,0.8299003410764612,0.9890829337405617,-0.6429771417656096,instance,complexity_N1_top25
1,0.25234375,0.4,0.5024875621890548,0.4583333333333333,0.42344668344003455,0.0,0.48863506983462934,0.9994311717861206,1.0,0.6671423435936703,0.8273294059445173,0.9825247030731925,0.2481907896801693,instance,complexity_N1_top25
1,0.5346585117227319,0.8,0.7285714285714286,0.625,0.4508464310770829,1.0,0.5581277338102236,1.0,0.96,0.6321892959935769,0.8460293819208323,0.9922468050544979,-0.3468347137265747,instance,complexity_N1_top25
0,0.7708333333333334,0.8,0.49751243781094523,0.4166666666666667,0.7824314305271552,1.0,0.5914433328808906,1.0,1.0,0.6669893785842345,0.8618411166448793,0.998320376576907,-1.3067429585101402,instance,complexity_N1_top25
1,0.33333333333333326,0.2,0.24444444444444446,0.375,0.4221180871018817,0.0,0.48269161159990703,0.9982935153583617,1.0,0.6667984051927794,0.8471698606802265,0.9972657540603157,0.697622410764914,instance,complexity_N1_top25
1,0.0625,0.0,0.2142857142857143,0.2916666666666667,0.41967047761778487,0.0,0.471607690130611,0.9954493742889647,1.0,0.6670470929817006,0.8314143927679981,0.9989452891919663,0.2933253984722311,instance,complexity_N1_top25
1,0.412962962962963,0.2,0.30201342281879195,0.4166666666666667,0.4429262609459258,0.5,0.5008725859259788,1.0,1.0,0.6669657749877688,0.8638435022547499,0.9972737608097595,0.46052896337247406,instance,complexity_N1_top25
1,0.25234375,0.2,0.24444444444444446,0.5,0.4520101553381194,0.0,0.48081690866932436,0.9977246871444824,1.0,0.6671721858354656,0.8547120279149449,0.9998006470482202,-0.12456826834207221,instance,complexity_N1_top25
1,0.25234375,0.6,0.24444444444444446,0.5833333333333334,0.45658317887621147,0.0,0.49125365117683384,0.9988623435722411,1.0,0.6671037162390556,0.8624900188120638,0.9985777195166871,0.3282715765698121,instance,complexity_N1_top25
1,0.23100303951367784,0.4,0.2272727272727273,0.3333333333333333,0.4557254597656013,0.3333333333333333,0.48880675346454816,0.9994311717861206,1.0,0.6668151378547759,0.8324186174502539,0.976060485875569,-0.4635693705579282,instance,complexity_N1_top25
1,0.30833333333333335,0.6,0.7285714285714286,0.4166666666666667,0.4616702172010383,1.0,0.521812016534223,1.0,1.0,0.6669220270664217,0.8473234163908923,0.9825870728865128,-0.16734190751824252,instance,complexity_N1_top25
1,0.274468085106383,0.0,0.26053639846743293,0.375,0.3220253236668196,0.0,0.43538973402522596,0.9943117178612059,0.96,0.6666658621343542,0.831968278249974,0.9645921856609115,1.3692722603323628,instance,complexity_N1_top25
1,0.4191176470588236,0.6,0.5024875621890548,0.9166666666666666,0.4287926011282966,0.0,0.48329557242786647,0.9994311717861206,1.0,0.6669764648715902,0.8505529428599933,0.9817813151595538,0.5092943104573124,instance,complexity_N1_top25
1,0.27976190476190477,0.6,0.17000000000000004,0.4583333333333333,0.4447799278855582,0.75,0.491997969938786,0.9994311717861206,1.0,0.6668518348492245,0.8646002744801564,0.9909618904606511,-0.0009443557699290696,instance,complexity_N1_top25
1,0.375,0.2,0.09722222222222221,0.4583333333333333,0.4261045520047436,0.0,0.47301221539033644,0.9982935153583617,1.0,0.6668804879027338,0.8557020027000962,0.9826282911592601,0.8830069506837341,instance,complexity_N1_top25
0,0.6656424581005587,0.8,0.42500000000000004,0.4166666666666667,0.5436579041970729,0.75,0.5077609872973656,1.0,1.0,0.6670526576201995,0.8709226379281039,0.9975927288189773,0.32556849539127913,instance,complexity_N1_top25
1,0.1958333333333333,0.4,0.17000000000000004,0.4583333333333333,0.4243296332159634,0.5,0.5122660563253756,1.0,1.0,0.6668505430747503,0.8579823552914906,0.9883204706438273,0.5487920882116871,instance,complexity_N1_top25
1,0.33435754189944134,0.4,0.24444444444444446,0.5833333333333334,0.4400956945678077,1.0,0.5089585066785678,1.0,1.0,0.6669109161981448,0.8469421812961869,0.9629971347104125,0.5993941400363885,instance,complexity_N1_top25
1,0.6303921568627451,0.8,0.5634920634920635,0.4583333333333333,0.45632826968160967,1.0,0.5080712395834717,1.0,1.0,0.6670196173832511,0.8555972166610103,0.9904484475650007,0.5242531860081143,instance,complexity_N1_top25
1,0.3999999999999999,0.4,0.07843137254901966,0.4166666666666667,0.3969734898583932,1.0,0.5208940225138023,1.0,1.0,0.6669434464541282,0.8340614965925554,0.9924111220051276,0.6000476654902582,instance,complexity_N1_top25
1,0.0,0.0,0.07843137254901966,0.4166666666666667,0.24308309004678996,0.0,0.45881784570367323,0.987485779294653,1.0,0.666696547417033,0.7979756575839718,0.9953698598168489,1.136056713468533,instance,complexity_N1_top25
1,0.33333333333333326,0.6,0.6728395061728395,0.5833333333333334,0.4545156204778181,0.0,0.4720918209846453,0.9994311717861206,1.0,0.6669028912546303,0.8550598693217875,0.9974557579534361,-0.36560122129486633,instance,complexity_N1_top25
1,0.15957446808510634,0.6,0.19999999999999996,0.4583333333333333,0.46174877881897114,1.0,0.5258111191919155,1.0,1.0,0.666835123162139,0.8434945247695963,0.9768781746424804,0.30686143044291886,instance,complexity_N1_top25
1,0.30833333333333335,0.4,0.07843137254901966,0.4166666666666667,0.44591598744302396,1.0,0.5041753051335106,1.0,1.0,0.6668896224921392,0.8471399111711391,0.9888131038125665,0.03049003514146315,instance,complexity_N1_top25
1,0.18333333333333335,0.4,0.3137254901960784,0.3333333333333333,0.45302033498248584,0.0,0.48013563472023646,0.9982935153583617,1.0,0.6668824242418773,0.8560671296355493,0.9903801157878471,-0.23721197032891148,instance,complexity_N1_top25
0,0.7643229166666667,0.6,0.7555555555555555,0.5416666666666666,0.5888002515276133,0.0,0.49585506053793427,0.9991935483870967,1.0,0.6672185611344007,0.8368370865584097,0.9673445993063442,-0.5565110681743216,instance,complexity_N1_top25
1,0.0,0.4,0.17000000000000004,0.5,0.46541316401236854,1.0,0.5204662574528958,1.0,0.96,0.6666666666666666,0.8139118142636775,0.9967682717636489,-1.1547388193486468,instance,complexity_N1_top25
1,0.07446808510638303,0.0,0.5634920634920635,0.5,0.4416639893132306,0.0,0.4579415021259039,0.997155858930603,1.0,0.6669103485568793,0.8376109344270567,0.9985353937219206,0.5999320350107226,instance,complexity_N1_top25
1,0.5441176470588236,0.6,0.26053639846743293,0.4583333333333333,0.4568398377213912,1.0,0.5337571938970977,1.0,1.0,0.6667628010888731,0.845776133082624,0.9916046335143548,0.04778858026255514,instance,complexity_N1_top25
1,0.20273631840796025,0.2,0.24444444444444446,0.4583333333333333,0.2787891881079628,0.5,0.5036694436297071,1.0,1.0,0.6669668636447709,0.8415207001877287,0.9972159321552839,1.1519141436763247,instance,complexity_N1_top25
1,0.6258064516129033,0.6,0.26053639846743293,0.4583333333333333,0.45341505406544724,0.5,0.4894964906561404,0.9994311717861206,1.0,0.6668316153533126,0.8605238009700332,0.996362971000406,0.6229745455491945,instance,complexity_N1_top25
1,0.45307917888563054,0.4,0.5154639175257731,0.5,0.45449563541664056,0.0,0.4842277822963279,0.9994311717861206,1.0,0.6667701918310741,0.8521479596185272,0.9848155377073448,-0.7547497680617048,instance,complexity_N1_top25
1,0.41666666666666674,0.6,0.30201342281879195,0.375,0.35315165734342,0.0,0.48075402993015903,0.9988623435722411,1.0,0.6670760224344258,0.8308733278418547,0.9710856366149597,0.4211563176145031,instance,complexity_N1_top25
1,0.32830930537352554,0.4,0.24444444444444446,0.5,0.4552888814465397,0.0,0.4814213839507776,0.9994311717861206,1.0,0.6667663660924482,0.8482701920772925,0.9902531506196112,-0.6513734109187168,instance,complexity_N1_top25
0,0.5433333333333333,0.4,0.27142857142857146,0.5833333333333334,0.5719665573681999,0.4,0.48805164336172613,0.9983870967741936,1.0,0.6669476973799625,0.8509691290876976,0.9882426458734521,-0.2738790605467735,instance,complexity_N1_top25
1,0.3446514423076923,0.6,0.09722222222222221,0.2916666666666667,0.3040209994463462,1.0,0.5291917143729713,1.0,1.0,0.6668635520709747,0.8555699069480369,0.9931812228416746,1.4316750112898147,instance,complexity_N1_top25
1,0.29166666666666663,0.0,0.24444444444444446,0.4166666666666667,0.4323181359764793,0.0,0.4451687298054534,0.9954493742889647,1.0,0.6669373321078808,0.8423389645062496,0.9979025946628098,0.21818961012128807,instance,complexity_N1_top25
1,0.49238095238095236,0.6,0.7285714285714286,0.5833333333333334,0.4429041185441458,0.0,0.4856162568889798,0.9994311717861206,1.0,0.6669850343277501,0.8242631069256877,0.9714407743805685,0.13933741404693223,instance,complexity_N1_top25
1,0.42891566265060244,0.8,0.24444444444444446,0.4166666666666667,0.45676613864964866,0.0,0.4920263820720139,0.9994311717861206,1.0,0.6669225829255209,0.8474150666818423,0.9960249495315104,0.25815447772337935,instance,complexity_N1_top25
1,0.47116644823066844,0.4,0.5024875621890548,0.9583333333333334,0.4492872803112561,1.0,0.5068974872788414,1.0,1.0,0.6670152609128114,0.8519379505152546,0.987561769908993,0.3278681389350085,instance,complexity_N1_top25
1,0.47116644823066844,0.6,0.09722222222222221,0.4583333333333333,0.4549052479744299,0.0,0.47359779354237685,0.9994311717861206,1.0,0.6668895618511127,0.8541029629698275,0.9958174264910006,0.3394314936021911,instance,complexity_N1_top25
1,0.16666666666666674,0.2,0.26053639846743293,0.625,0.23240441024711223,0.0,0.4773247505973709,0.9982935153583617,1.0,0.6668174791757039,0.819975057005993,0.9955468225056242,0.7233130611776415,instance,complexity_N1_top25
1,0.15384615384615385,0.2,0.24444444444444446,0.4166666666666667,0.2300082082426479,0.0,0.47375475769360076,0.9977246871444824,1.0,0.6669761502255004,0.8391106433900789,0.9996715215086914,2.4507352597534675,instance,complexity_N1_top25
1,0.5018867924528302,0.2,0.5024875621890548,0.9166666666666666,0.45930617145203756,0.25,0.46221573051620946,0.9982935153583617,1.0,0.6670430253247268,0.8680787437277321,0.9999431437591314,-0.10007348839345497,instance,complexity_N1_top25
1,0.044117647058823595,0.2,0.26053639846743293,0.375,0.26406041678557146,0.0,0.4884340895666267,0.9977246871444824,1.0,0.6667703602831986,0.8163146816478445,0.9983978287205105,1.1262008070384708,instance,complexity_N1_top25
1,0.6402714932126696,0.4,0.5154639175257731,0.4166666666666667,0.43097704946506454,0.3333333333333333,0.4905975352175138,0.9988623435722411,1.0,0.6668823194119028,0.8803675003402224,0.999770503396855,0.4975518465344459,instance,complexity_N1_top25
1,0.33333333333333326,0.0,0.575,0.25,0.2757070511588934,0.0,0.4744173937172179,0.9943117178612059,1.0,0.6668162195015791,0.8323573516899944,0.9785830600665709,1.5925965476210306,instance,complexity_N1_top25
1,0.5789156626506025,0.8,0.7060133630289532,0.4583333333333333,0.46096958255982023,1.0,0.5187690934507779,1.0,1.0,0.6668379864420555,0.8544760509132189,0.9909751668952824,0.021343556125643197,instance,complexity_N1_top25
1,0.08823529411764708,0.6,0.26053639846743293,0.375,0.44897599004089495,1.0,0.5172253105243085,1.0,1.0,0.6667652245194494,0.8472333038703131,0.9967689967801822,0.7347810818771664,instance,complexity_N1_top25
1,0.0,0.2,0.30201342281879195,0.4166666666666667,0.4533097073426111,0.0,0.4800211251199771,0.9982935153583617,1.0,0.6667350646639502,0.8328196686912221,0.9990270148439552,-0.3478264057191201,instance,complexity_N1_top25
1,0.42197802197802203,0.6,0.09722222222222221,0.4583333333333333,0.3544112576739723,1.0,0.5269910241901817,1.0,1.0,0.6667706955608964,0.8128097345528363,0.9549900387469679,0.8350970289000964,instance,complexity_N1_top25
1,0.09302325581395343,0.4,0.26053639846743293,0.75,0.32441496288213123,0.5,0.4960459147887405,0.9994311717861206,1.0,0.6667256093509267,0.8546310238054599,0.9792364436312029,0.902686973854994,instance,complexity_N1_top25
1,0.42197802197802203,0.6,0.26053639846743293,0.5416666666666666,0.44601895769873834,0.0,0.4856054874305187,0.9994311717861206,1.0,0.6667301960680243,0.8368724661531427,0.9952984583436227,-0.15232520423508034,instance,complexity_N1_top25
1,0.41330645161290325,0.0,0.5634920634920635,0.4166666666666667,0.4498648334288823,0.0,0.4517241009478007,0.9931740614334471,1.0,0.6668202771375044,0.8489956099724325,0.9910680815303823,0.2985960076380658,instance,complexity_N1_top25
1,0.1964285714285714,0.6,0.2142857142857143,0.2916666666666667,0.4558473565562271,1.0,0.5173033820492118,1.0,1.0,0.6667352083666207,0.817533845583107,0.9965317632784779,0.038853662263077716,instance,complexity_N1_top25
1,0.5541666666666667,0.2,0.17000000000000004,0.5,0.27094529331481265,0.0,0.4981149874376025,0.9994311717861206,1.0,0.667058154289555,0.8263188088631711,0.970232775122563,1.1742155803880887,instance,complexity_N1_top25
1,0.11111111111111116,0.0,0.2142857142857143,0.2916666666666667,0.3988372537122833,0.0,0.432968518075046,0.9954493742889647,1.0,0.6668295756253839,0.8453839892598366,0.9862397343363567,0.3153354438573012,instance,complexity_N1_top25
1,0.0,0.2,0.19999999999999996,0.4583333333333333,0.17198979661878394,1.0,0.5124920879976995,1.0,0.92,0.3511215735775771,0.8092279601664154,0.9936142878559309,1.2214447839393276,instance,complexity_N1_top25
1,0.35080645161290325,0.2,0.30201342281879195,0.4166666666666667,0.43128291589879986,0.5,0.5168150295634525,1.0,1.0,0.6668831339117486,0.8525451024708225,0.9980615387450783,0.23462324434412374,instance,complexity_N1_top25
1,0.41330645161290325,0.2,0.30201342281879195,0.4166666666666667,0.4378977607229606,1.0,0.5193919125880979,1.0,1.0,0.6668250200766528,0.8444301004358564,0.9988836402234218,-0.10697346207811412,instance,complexity_N1_top25
1,0.25,0.4,0.07843137254901966,0.4166666666666667,0.26538836086526796,1.0,0.5022595468544715,1.0,0.96,0.634854879041375,0.8340150116126209,0.9963237601555458,1.6570919355756357,instance,complexity_N1_top25
1,0.41641566265060237,0.0,0.24444444444444446,0.4583333333333333,0.44181257027086396,0.0,0.4270950525262972,0.997155858930603,1.0,0.6667951065104321,0.8660318713762778,0.9877145699917174,0.17344148061559397,instance,complexity_N1_top25
1,0.0,0.2,0.30201342281879195,0.4166666666666667,0.42181500393317306,0.0,0.4603901510202836,0.9977246871444824,1.0,0.6666811548878386,0.8346498150185171,0.9991249963079277,-0.5134073781666025,instance,complexity_N1_top25
1,0.20666666666666667,0.4,0.09722222222222221,0.4583333333333333,0.4366685969443773,0.5,0.47614739189173805,0.9994311717861206,1.0,0.666845353861179,0.8321315251752617,0.9872877984655027,0.17900151925813024,instance,complexity_N1_top25
1,0.09583333333333333,0.4,0.26053639846743293,0.625,0.40493782808141254,0.0,0.4444834206240571,0.9988623435722411,1.0,0.6668551318996265,0.8490476704351324,0.9864526627378141,0.7076744750469312,instance,complexity_N1_top25
1,0.1333333333333333,0.0,0.17000000000000004,0.5,0.18773545191402458,0.0,0.4423206956324883,0.9965870307167235,1.0,0.6670051100378649,0.8465020220017759,0.9887517798393227,1.1036059701239862,instance,complexity_N1_top25
1,0.42891566265060244,0.4,0.24444444444444446,0.4166666666666667,0.4456685831872862,0.3333333333333333,0.5098281210593307,1.0,1.0,0.666980212123128,0.8651515695294313,0.9993932814731935,0.10283347665488063,instance,complexity_N1_top25
1,0.0,0.0,0.19999999999999996,0.5,0.4596560978101198,0.0,0.45384317395912577,0.9948805460750854,1.0,0.6668922049142922,0.8251184214217839,0.9834314770325654,0.9494781234950015,instance,complexity_N1_top25
1,0.0,0.2,0.7285714285714286,0.4166666666666667,0.21106079139817302,0.0,0.4957490768017032,0.9982935153583617,1.0,0.6668862346384274,0.8215511003694725,0.967837150696582,1.3503831496736807,instance,complexity_N1_top25
1,0.4982404692082112,0.2,0.19999999999999996,0.4583333333333333,0.46142426519420143,0.25,0.5145378743724909,1.0,1.0,0.6669202804912391,0.8242993246628666,0.9867378544016713,0.09426969827642069,instance,complexity_N1_top25
1,0.19083155650319839,0.0,0.2142857142857143,0.2916666666666667,0.36272831802662664,0.0,0.3897357142469977,0.9960182025028441,1.0,0.6669443891102024,0.8693301809489496,0.9892193616558771,1.0748810776706326,instance,complexity_N1_top25
1,0.35102420856610805,0.0,0.26053639846743293,0.625,0.2755385068031642,0.0,0.47990568295973945,0.9960182025028441,1.0,0.6669410310188537,0.8490166697651584,0.985620282857236,1.1123955137386976,instance,complexity_N1_top25
1,0.29166666666666663,0.4,0.30201342281879195,0.5416666666666666,0.45390549422052795,0.0,0.4870437003661111,0.9988623435722411,1.0,0.6669291711416541,0.8492668045272176,0.9846587296795479,0.429997128977949,instance,complexity_N1_top25
1,0.7357723577235773,0.6,0.7060133630289532,0.5416666666666666,0.45073854283388926,0.0,0.49585074649361793,0.9994311717861206,1.0,0.666801561156831,0.8582447204349489,0.9845958836799601,-0.5734692820594339,instance,complexity_N1_top25
1,0.5018867924528302,0.4,0.19999999999999996,0.4583333333333333,0.45975089535339064,0.0,0.49807128732405026,0.9994311717861206,1.0,0.6670643785991094,0.8529185461271289,0.9990361894192689,0.15474179015498016,instance,complexity_N1_top25
1,0.5068807339449541,0.0,0.24444444444444446,0.4166666666666667,0.45999314582339057,0.0,0.48397194170562174,0.9960182025028441,1.0,0.6669171098795272,0.8675211608426988,0.9958404373299332,0.34601167523295867,instance,complexity_N1_top25
0,0.6630824372759857,0.8,0.7727272727272727,0.375,0.5458123694337123,1.0,0.5263787111412848,1.0,1.0,0.6667566809380086,0.8539702236082721,0.9977747509945396,0.06849147462291237,instance,complexity_N1_top25
1,0.3446969696969697,0.4,0.5024875621890548,0.9166666666666666,0.45174731971511706,0.0,0.4751603379634731,0.9988623435722411,1.0,0.666890358587423,0.8642509312786408,0.9989512169326963,0.7670128336583091,instance,complexity_N1_top25
1,0.6734693877551021,0.6,0.5024875621890548,0.6666666666666666,0.3441005999514236,1.0,0.5046580409621104,1.0,1.0,0.6669104468189901,0.8515757902709338,0.995501487125667,0.6211943607684461,instance,complexity_N1_top25
1,0.49238095238095236,1.0,0.2272727272727273,0.2916666666666667,0.4291038218595603,1.0,0.5553156696079015,1.0,1.0,0.6668139466640384,0.8353573172277479,0.9930598308166365,0.3737184700164474,instance,complexity_N1_top25
1,0.15957446808510634,0.0,0.5024875621890548,0.9166666666666666,0.45461660519922276,0.0,0.44503725674131756,0.9948805460750854,1.0,0.6668824296633553,0.8435038304275244,0.9821503614711931,0.4664952005919533,instance,complexity_N1_top25
1,0.3369175627240144,0.6,0.24444444444444446,0.4583333333333333,0.4516988089632711,0.0,0.4984030618540317,0.9994311717861206,1.0,0.6668519644247359,0.8579050929614077,0.998035780635697,0.15829340532459094,instance,complexity_N1_top25
1,0.3999999999999999,0.0,0.09722222222222221,0.4583333333333333,0.2706413761122598,0.0,0.46476037375077983,0.9943117178612059,1.0,0.6668019288664214,0.8500772223218201,0.9997291964967495,1.3997527769906724,instance,complexity_N1_top25
1,0.375,0.8,0.5024875621890548,0.9166666666666666,0.4516368696694165,0.75,0.519187428003135,1.0,1.0,0.6669549103143569,0.8770997271226361,0.999545895381746,0.08270714510525262,instance,complexity_N1_top25
1,0.45666666666666667,0.2,0.24444444444444446,0.4583333333333333,0.44814205933956297,0.3333333333333333,0.46855813079060604,0.9982935153583617,1.0,0.6669128049370388,0.8622504362365764,0.9992027522630118,0.2689363901460732,instance,complexity_N1_top25
1,0.2701923076923076,0.4,0.17000000000000004,0.4583333333333333,0.2997146712061288,0.3333333333333333,0.49638316831532203,0.9994311717861206,1.0,0.6668880810401525,0.8256271327349445,0.9889319807451769,1.3009344262351201,instance,complexity_N1_top25
0,0.59765625,0.4,0.3271604938271605,0.4166666666666667,0.5370831497212976,0.5,0.4772645606684348,0.9983870967741936,1.0,0.6667014300816743,0.8508454187478953,0.9964815763369452,0.33451783603827656,instance,complexity_N1_top25
1,0.24583333333333335,0.2,0.30201342281879195,0.5,0.42456660558906334,0.0,0.49002328788151306,0.9982935153583617,1.0,0.6669331136755133,0.8574347516785127,0.9996373739805346,0.5322804858933378,instance,complexity_N1_top25
1,0.3796164772727273,0.2,0.19999999999999996,0.2916666666666667,0.4563767368194739,0.3333333333333333,0.5084353311515324,1.0,1.0,0.6668113896127794,0.83559137222754,0.97856267582225,0.4365547837860942,instance,complexity_N1_top25
0,0.48328267477203646,0.2,0.29398663697104677,0.9166666666666666,0.5733734799493672,0.25,0.5085260118098986,1.0,1.0,0.6669459552689666,0.8650095183702332,0.9843323100651475,0.22128727060777847,instance,complexity_N1_top25
1,0.2840401785714286,0.0,0.5024875621890548,0.9166666666666666,0.43706548745359,0.0,0.45483344837399864,0.997155858930603,1.0,0.6670029491902518,0.8480919339637886,0.9933175322990527,0.6536249089942134,instance,complexity_N1_top25
1,0.25384615384615383,0.4,0.19999999999999996,0.4583333333333333,0.45320122893675896,0.5,0.5114784902320962,1.0,1.0,0.6669598258851248,0.846137803457701,0.9525415614963295,0.008509928510231832,instance,complexity_N1_top25
1,0.5167173252279635,0.2,0.07843137254901966,0.4166666666666667,0.3044376968733155,0.0,0.48281260101466283,0.9982935153583617,1.0,0.6668793719589161,0.8500200029751198,0.9986566408701614,0.85393807374009,instance,complexity_N1_top25
1,0.6167247386759582,0.8,0.7060133630289532,0.5,0.4644770208564717,0.5,0.5262848727099354,1.0,0.96,0.6621807727039726,0.8432035504467902,0.9912435402000894,-0.7234969677329546,instance,complexity_N1_top25
1,0.41666666666666674,0.6,0.07843137254901966,0.4583333333333333,0.2722218942793747,0.0,0.47631025468603183,0.9994311717861206,0.96,0.6666561884785206,0.818462588493354,0.9857438599924626,1.370824813719348,instance,complexity_N1_top25
1,0.10833333333333339,0.4,0.5024875621890548,0.75,0.4518145005027243,0.25,0.5285741295258184,1.0,1.0,0.666857867578912,0.8556003758568259,0.995347635979258,0.2531644347681115,instance,complexity_N1_top25
1,0.0,0.2,0.575,0.2916666666666667,0.41949823295921473,0.0,0.46244384129222216,0.9988623435722411,1.0,0.6669102287987666,0.8268906219715901,0.985631806563615,1.0867291598580262,instance,complexity_N1_top25
1,0.3392857142857143,0.6,0.26053639846743293,0.375,0.42629760512068393,0.0,0.4996411308840415,0.9994311717861206,1.0,0.6667380362560332,0.8296833213041904,0.9850567396614737,0.4546169511452452,instance,complexity_N1_top25
1,0.5827731092436975,0.6,0.19999999999999996,0.4583333333333333,0.4633136288838795,0.6666666666666666,0.4502245481507119,0.9988623435722411,1.0,0.6668577662063365,0.8482263540472601,0.9992577112739522,-0.3198212255595927,instance,complexity_N1_top25
1,0.4,0.6,0.5634920634920635,0.4583333333333333,0.41378355215649076,0.5,0.541304379480204,1.0,1.0,0.6668346605902301,0.8637590623805587,0.9942007047110146,0.25152801304038225,instance,complexity_N1_top25
1,0.2970588235294118,0.8,0.26053639846743293,0.6666666666666666,0.46014942554357363,0.3333333333333333,0.503772672813236,1.0,1.0,0.6667171443322015,0.8387972545110455,0.9871331886178895,0.0021838533059463715,instance,complexity_N1_top25
1,0.49238095238095236,0.6,0.26053639846743293,0.4583333333333333,0.45615786675913644,1.0,0.5620393935698329,1.0,1.0,0.666919906245378,0.8482951798567965,0.9994641890482142,0.2551165548866783,instance,complexity_N1_top25
1,0.20192307692307687,0.4,0.19999999999999996,0.3333333333333333,0.2933633233595693,1.0,0.505110311962299,1.0,1.0,0.666948471324346,0.8276675536690286,0.9999294109653732,0.8138204404166182,instance,complexity_N1_top25
1,0.15000000000000002,0.4,0.5634920634920635,0.4583333333333333,0.17198979661878394,1.0,0.5034322831871958,1.0,1.0,0.666870898250075,0.8719409948697193,0.985419255993878,1.3155425315104332,instance,complexity_N1_top25
1,0.4982404692082112,0.4,0.6333333333333333,0.2916666666666667,0.4505291105225897,0.0,0.48228962175501466,0.9994311717861206,1.0,0.6669672166356649,0.8175476126632512,0.9857165821025201,0.13965929644876457,instance,complexity_N1_top25
1,0.34166666666666656,0.4,0.17000000000000004,0.4583333333333333,0.43064526662392716,0.0,0.4731857773421636,0.9982935153583617,1.0,0.6668907099507315,0.8407877167561366,0.9959140970517959,0.4993630555303134,instance,complexity_N1_top25
1,0.6066176470588236,1.0,0.575,0.3333333333333333,0.4555962512725299,1.0,0.5845672857409523,1.0,1.0,0.666906409442788,0.8651142352113542,0.9985781549711109,-0.532821843694177,instance,complexity_N1_top25
0,0.4241935483870968,0.2,0.697986577181208,0.375,0.5499666259728612,0.25,0.47526207247973196,0.9967741935483871,1.0,0.6670878434966839,0.869911956944766,0.9967738424218676,-0.12752554364225738,instance,complexity_N1_top25
1,0.7246376811594203,0.6,0.7285714285714286,0.5416666666666666,0.4144404995222173,1.0,0.50834792483805,1.0,1.0,0.6669208867230962,0.8432396543791932,0.9853995485458944,0.3810078230594913,instance,complexity_N1_top25
1,0.12745098039215685,0.0,0.17000000000000004,0.5,0.2908786501340967,0.0,0.43428789551735003,0.9943117178612059,1.0,0.6670838710310287,0.8304374865041164,0.9672699400464841,1.310802870190818,instance,complexity_N1_top25
1,0.07446808510638303,0.0,0.17000000000000004,0.4583333333333333,0.365074835745938,0.0,0.4366326128304715,0.9965870307167235,1.0,0.6669583372756859,0.8260639292215772,0.9977135881656259,0.8563316333216998,instance,complexity_N1_top25
1,0.0,0.6,0.07843137254901966,0.4166666666666667,0.4574172935169125,0.3333333333333333,0.5055855714314249,1.0,1.0,0.6668411098471525,0.8269012244842253,0.9903070677721102,-0.24735239977941414,instance,complexity_N1_top25
0,0.38596491228070173,0.4,0.7394636015325671,0.4583333333333333,0.5892927716286152,1.0,0.5488878914711834,1.0,1.0,0.6668635194043561,0.8434575053431874,0.9999981887999425,-0.09015297148358026,instance,complexity_N1_top25
1,0.19166666666666665,0.6,0.24444444444444446,0.4583333333333333,0.4377614244411332,1.0,0.511909141359479,1.0,1.0,0.6668846518964484,0.8517113578584606,0.997425429453354,0.5247959501850477,instance,complexity_N1_top25
1,0.32830930537352554,0.4,0.24444444444444446,0.4583333333333333,0.4483950397112304,0.0,0.48216543020965796,0.9994311717861206,1.0,0.666870852688024,0.8700184316799979,0.9947508789272066,0.15576017966262004,instance,complexity_N1_top25
1,0.28457446808510634,0.0,0.30201342281879195,0.4166666666666667,0.44422722573701146,0.0,0.4645759443706803,0.9965870307167235,0.96,0.6606673709631941,0.8353473859621878,0.9984597173884541,0.5014476084538027,instance,complexity_N1_top25
1,0.20234375000000004,0.2,0.24444444444444446,0.5,0.4436262446398772,0.0,0.47603144171642287,0.9982935153583617,1.0,0.6670177579698603,0.8535077948644438,0.998724407036161,0.5784659555196725,instance,complexity_N1_top25
1,0.4432013769363168,0.6,0.30201342281879195,0.4166666666666667,0.4595397090661626,1.0,0.5234051073008659,1.0,1.0,0.6668801422032516,0.8452615032971181,0.9620165760513866,0.5200076673159276,instance,complexity_N1_top25
1,0.2557861133280128,0.2,0.24444444444444446,0.5,0.4253632195914878,0.5,0.4764041020502531,0.9982935153583617,1.0,0.6669483127914693,0.8519077663702364,0.9924856337806622,-0.07766404969016552,instance,complexity_N1_top25
1,0.10833333333333339,0.2,0.30201342281879195,0.4166666666666667,0.4432266659249233,0.0,0.47462593225989635,0.9988623435722411,1.0,0.6668072397367972,0.8458843247502692,0.9967089229093457,0.7415087950603956,instance,complexity_N1_top25
1,0.08823529411764708,0.2,0.575,0.25,0.45391571994902336,0.0,0.4845296024169933,0.9994311717861206,1.0,0.6668745512717812,0.8519672673891062,0.9934288527546681,0.42721160903783223,instance,complexity_N1_top25
1,0.5834677419354839,0.8,0.19999999999999996,0.4583333333333333,0.45844627944178884,0.0,0.47774033685627015,0.9994311717861206,1.0,0.6668561501359513,0.831610041235672,0.9702193365512454,0.28108486603881033,instance,complexity_N1_top25
1,0.4065797641216635,0.6,0.5024875621890548,0.9166666666666666,0.45810193706862457,0.5,0.5059424937845207,1.0,1.0,0.6669684018898059,0.8728751039011148,0.9999522211357541,-0.06940533424294697,instance,complexity_N1_top25
1,0.34932659932659926,0.2,0.6333333333333333,0.2916666666666667,0.4184435070750807,0.0,0.4816460644356051,0.9994311717861206,1.0,0.6670082573866978,0.8451497820862742,0.9737773613888797,0.6919537809100973,instance,complexity_N1_top25
1,0.23100303951367784,0.4,0.7060133630289532,0.2916666666666667,0.46287066865556825,1.0,0.5041812634834586,1.0,1.0,0.6668098845318712,0.8241711886256933,0.9959703647378261,-0.35188427732897026,instance,complexity_N1_top25
1,0.33333333333333326,0.4,0.30201342281879195,0.5,0.4434416185375244,0.0,0.4529368587038545,0.9982935153583617,1.0,0.6670232229368355,0.8575759596201498,0.9847355449164322,0.11134148970361742,instance,complexity_N1_top25
1,0.1691176470588236,0.2,0.17000000000000004,0.4583333333333333,0.2816580793452824,0.0,0.43020981125440594,0.9977246871444824,1.0,0.6668236024267193,0.815155511945453,0.9966512850472606,0.8390611990077095,instance,complexity_N1_top25
1,0.4065797641216635,0.2,0.5024875621890548,0.4166666666666667,0.39656038524409587,0.0,0.4740239617723492,0.9977246871444824,1.0,0.6669632039791298,0.8503598776691184,0.9928403914771795,0.6033567088932384,instance,complexity_N1_top25
1,0.5541666666666667,0.2,0.5024875621890548,0.4166666666666667,0.27535256126167706,0.0,0.45808176657862976,0.9982935153583617,1.0,0.6671735125287768,0.8583314782494662,0.9972800405955417,0.3805112230782372,instance,complexity_N1_top25
1,0.42891566265060244,0.2,0.24444444444444446,0.4166666666666667,0.4263814890097192,0.0,0.46811561238746424,0.9982935153583617,1.0,0.6669496764568655,0.8665595840660865,0.9927038964091053,0.580339666311621,instance,complexity_N1_top25
1,0.15957446808510634,0.6,0.7060133630289532,0.2916666666666667,0.44498168228917256,0.0,0.4878038973237879,0.9994311717861206,1.0,0.6669057756630173,0.8106660009435711,0.9630911750194234,0.25991589917415553,instance,complexity_N1_top25
1,0.0,0.4,0.19999999999999996,0.4166666666666667,0.46167925843193525,0.0,0.45603471386061245,0.9988623435722411,1.0,0.6668087337611045,0.8161142636994129,0.9898033332474453,-0.1630010454721137,instance,complexity_N1_top25
0,0.46534148827726807,0.2,0.39622641509433965,0.4583333333333333,0.5413672869118471,0.0,0.4963406521309962,0.9983870967741936,1.0,0.6667749033579236,0.8403886012821191,0.9951528045806344,0.22920843981207337,instance,complexity_N1_top25
0,0.5567986230636833,0.6,0.29398663697104677,0.5,0.5382674537431308,0.0,0.47688914224385437,0.9983870967741936,1.0,0.6668607330931422,0.8587418942616878,0.99670611520431,-0.34985186392286416,instance,complexity_N1_top25
1,0.15000000000000002,0.2,0.7060133630289532,0.5416666666666666,0.3826006239372014,0.0,0.4893486867987048,0.9977246871444824,1.0,0.6669747011312488,0.8517118409834162,0.9843668552579655,-0.08376973660947039,instance,complexity_N1_top25
1,0.15234375,0.0,0.19999999999999996,0.375,0.4489577103376293,0.0,0.43814523757440893,0.9948805460750854,0.92,0.6455396327984999,0.8170589621017927,0.9808101406753376,0.618404873435366,instance,complexity_N1_top25
0,0.8035714285714286,1.0,0.7857142857142857,0.25,0.5422700559456717,1.0,0.5508446355966808,1.0,1.0,0.6669463530162792,0.8358516536522943,0.9945217818887434,-0.7599597508139467,instance,complexity_N1_top25
1,0.20192307692307687,0.2,0.19999999999999996,0.3333333333333333,0.35452141761389644,0.0,0.46187327798368194,0.9982935153583617,1.0,0.6668220882626468,0.8458529385279908,0.9811503862508474,0.8674148402064679,instance,complexity_N1_top25
1,0.3041666666666667,0.4,0.17000000000000004,0.4583333333333333,0.35741346709971056,0.5,0.4884131224862257,0.9994311717861206,1.0,0.6669038444349581,0.8642050839159089,0.9939054375041649,0.8390089635321498,instance,complexity_N1_top25
1,0.47891566265060237,0.6,0.24444444444444446,0.375,0.449088592281944,1.0,0.5343788040795132,1.0,1.0,0.6668806179835274,0.8367604392635206,0.9998846421464604,0.6261641826664635,instance,complexity_N1_top25
1,0.44009216589861755,0.6,0.7285714285714286,0.7083333333333334,0.45700280709014207,1.0,0.5053278471544762,1.0,1.0,0.6670109997772193,0.8513964740141126,0.9885033608077936,-0.11241589485829713,instance,complexity_N1_top25
1,0.4083333333333333,0.0,0.30201342281879195,0.5,0.4099439752564552,0.0,0.4525920218903834,0.997155858930603,1.0,0.6670279006132375,0.8248603335735153,0.9936766419706374,1.1295241136256418,instance,complexity_N1_top25
1,0.07692307692307687,0.6,0.24444444444444446,0.4583333333333333,0.17268343545837533,0.5,0.45809024791847364,0.9988623435722411,1.0,0.6669329079572932,0.8556466426474933,0.9996023316071254,1.0620182226541224,instance,complexity_N1_top25
0,0.23369565217391308,0.6,0.27142857142857146,0.4166666666666667,0.5585764930468803,0.3333333333333333,0.5204565433827557,1.0,1.0,0.6669414297342853,0.8487203541514369,0.9892430044994737,-0.3361575278079967,instance,complexity_N1_top25
1,0.40666666666666673,0.8,0.09722222222222221,0.4583333333333333,0.438608732892782,1.0,0.5016927743145596,1.0,1.0,0.666904162750167,0.8343755480524024,0.9885174994950365,0.12599083138423178,instance,complexity_N1_top25
1,0.42197802197802203,0.2,0.09722222222222221,0.5,0.28893341871755757,0.0,0.4987028569794564,0.9994311717861206,1.0,0.6667900618941401,0.8336154846251914,0.9926428316216097,1.4232093590410508,instance,complexity_N1_top25
1,0.33333333333333326,0.0,0.26053639846743293,0.375,0.29720812614268743,0.0,0.45143930901611984,0.9943117178612059,1.0,0.6668148199810855,0.852774934711452,0.9746736154668393,1.0576009053608404,instance,complexity_N1_top25
1,0.07446808510638303,0.0,0.07843137254901966,0.4166666666666667,0.26147799054756693,0.0,0.4509630026409023,0.997155858930603,1.0,0.6669118935800126,0.8460393793495683,0.991978325180644,0.8355988758001579,instance,complexity_N1_top25
1,0.41330645161290325,0.0,0.26053639846743293,0.75,0.429958138392489,0.5,0.4707684148918313,0.997155858930603,1.0,0.6668151976587088,0.849083162602222,0.9994818781610446,0.27040541688525804,instance,complexity_N1_top25
1,0.3796164772727273,0.4,0.5024875621890548,0.9166666666666666,0.4440845158108968,0.5,0.5396289823625984,1.0,1.0,0.6669275456663785,0.8854655266653602,0.9991291505941026,0.7488536077792293,instance,complexity_N1_top25
1,0.3446969696969697,0.4,0.7285714285714286,0.4166666666666667,0.4371744229479792,0.0,0.4603191011235752,0.9982935153583617,1.0,0.6668611749365154,0.8796631202024555,0.995419989898564,0.5692861504366967,instance,complexity_N1_top25
1,0.23051409618573793,0.0,0.5634920634920635,0.4583333333333333,0.43302529489500885,0.0,0.44781194437514005,0.9937428896473265,1.0,0.6670150415049793,0.8553925186504192,0.995330834809064,0.41597099972369556,instance,complexity_N1_top25
1,0.5902140672782874,0.8,0.19999999999999996,0.4583333333333333,0.44886920500693994,1.0,0.5225314244824111,1.0,0.96,0.6666666666666666,0.8343922964083358,0.9811166566903415,0.13911173805321086,instance,complexity_N1_top25
1,0.08823529411764708,0.2,0.26053639846743293,0.625,0.4564646245793794,0.2,0.5182451224358433,1.0,1.0,0.6669266323234682,0.8554464952754427,0.9799479090596289,0.25866440237850513,instance,complexity_N1_top25
1,0.275,0.4,0.09722222222222221,0.4583333333333333,0.41315202801378514,1.0,0.5214497028796709,1.0,1.0,0.6669216439091009,0.8335983660235005,0.9982537769796647,0.3807828841703423,instance,complexity_N1_top25
1,0.07446808510638303,0.2,0.26053639846743293,0.625,0.3742363863960012,0.0,0.45262055911267796,0.9982935153583617,1.0,0.6669140018375151,0.8471955573653619,0.98957364719466,1.1972457457764898,instance,complexity_N1_top25
1,0.28457446808510634,0.6,0.30201342281879195,0.4166666666666667,0.4573472342302259,0.0,0.44874366876390304,0.9994311717861206,1.0,0.6668036739438586,0.842334328858911,0.9960494203556864,-0.1036632780704739,instance,complexity_N1_top25
1,0.6859477124183007,0.6,0.7060133630289532,0.3333333333333333,0.275434081494893,1.0,0.5212221119180845,1.0,1.0,0.6667106080872733,0.8574422654078013,0.9942162761547934,0.16742396178679586,instance,complexity_N1_top25
1,0.08823529411764708,0.2,0.7285714285714286,0.4166666666666667,0.458968233639654,1.0,0.5106434240568611,1.0,1.0,0.6669949146661753,0.8230220128646666,0.9841850094564739,-0.432076999787135,instance,complexity_N1_top25
1,0.37435897435897436,0.4,0.26053639846743293,0.625,0.4190262927369809,1.0,0.5011124357069976,1.0,1.0,0.6668119671880088,0.8282388332261972,0.95647851076202,0.6246759225140704,instance,complexity_N1_top25
1,0.4621353196772191,0.2,0.5154639175257731,0.5,0.44982796893538146,0.0,0.4746226096043351,0.9994311717861206,1.0,0.6667641545635672,0.8554193049274814,0.999552553928382,0.1396010053330423,instance,complexity_N1_top25
1,0.07692307692307687,0.2,0.07843137254901966,0.4166666666666667,0.4093165961708968,0.3333333333333333,0.546016964829819,1.0,1.0,0.6669400618521927,0.8644511724336205,0.9914789421463126,0.8977379806767699,instance,complexity_N1_top25
1,0.0625,0.0,0.3137254901960784,0.25,0.4239796157271366,0.0,0.4641394136658865,0.9965870307167235,1.0,0.6669235461999671,0.8283428406042143,0.9652673599466386,0.6126192393344105,instance,complexity_N1_top25
1,0.125,0.2,0.575,0.2916666666666667,0.20143141681849536,0.0,0.4339263978172254,0.9977246871444824,1.0,0.6667746746639124,0.8464838224165419,0.9995415638432206,1.1416303672085006,instance,complexity_N1_top25
1,0.18674242424242427,0.0,0.24444444444444446,0.4583333333333333,0.3231274173973012,0.0,0.4800404914390777,0.9943117178612059,1.0,0.6670099400324242,0.8379146134335416,0.965757518785787,0.965632905313555,instance,complexity_N1_top25
0,0.29230769230769227,0.4,0.7555555555555555,0.3333333333333333,0.5705356739293012,1.0,0.5272854465089787,1.0,1.0,0.6670676267253598,0.8401074970416957,0.9784916899298134,-0.49727993050889535,instance,complexity_N1_top25
1,0.15957446808510634,0.2,0.7060133630289532,0.2916666666666667,0.46207457945221975,0.0,0.47846455316802894,0.9977246871444824,0.96,0.6606013016754411,0.8070433871525147,0.966146097688009,-0.2264119174575424,instance,complexity_N1_top25
1,0.20833333333333326,0.0,0.30201342281879195,0.5,0.2940782522960127,0.0,0.47428082962331486,0.9954493742889647,1.0,0.6669707043197313,0.8589399193087557,0.9952508942670008,1.3512950635455685,instance,complexity_N1_top25
0,0.5210843373493976,0.8,0.7555555555555555,0.5,0.5518269001841006,1.0,0.5019769596755028,1.0,1.0,0.6669474046733652,0.846512033286018,0.9780786013242267,-0.9713502249759458,instance,complexity_N1_top25
1,0.44736842105263164,0.2,0.26053639846743293,0.4583333333333333,0.40089356828758116,0.5,0.5659492362444917,1.0,1.0,0.6666983711407929,0.835835097706322,0.9890327424408561,0.07536490553993191,instance,complexity_N1_top25
1,0.08823529411764708,0.0,0.26053639846743293,0.375,0.4449630079847855,0.0,0.45691213001643716,0.9960182025028441,0.96,0.6666112650245248,0.8166247432099334,0.9938673380310289,0.7677013623918527,instance,complexity_N1_top25
1,0.14128787878787885,0.0,0.24444444444444446,0.4583333333333333,0.4143631573302762,0.0,0.44995674734293256,0.9965870307167235,1.0,0.6669722485769883,0.8710133044878071,0.9793383270247495,0.5192204178565751,instance,complexity_N1_top25
1,0.3739495798319328,0.6,0.575,0.25,0.4560936832636502,1.0,0.5445075917256288,1.0,1.0,0.6668798564484759,0.8710900686392722,0.9985816890459206,0.9011823380131574,instance,complexity_N1_top25
1,0.2776515151515151,0.6,0.5154639175257731,0.5,0.4503491993872688,0.6,0.47244772689977554,0.9994311717861206,1.0,0.6667168710665805,0.8787799300362259,0.9956722112675377,0.42085948144725516,instance,complexity_N1_top25
1,0.19736842105263164,0.2,0.07843137254901966,0.4166666666666667,0.4469361894799043,0.0,0.4980433643712928,0.9994311717861206,1.0,0.6667828790240752,0.8070626883946511,0.9929548658575542,0.5755166027605202,instance,complexity_N1_top25
1,0.22916666666666674,0.2,0.24444444444444446,0.5,0.18262617249291857,0.0,0.48782355844824077,0.9982935153583617,1.0,0.666931975562984,0.8631601522593135,0.9949516342920046,1.4089236685997573,instance,complexity_N1_top25
1,0.4083333333333333,0.2,0.26053639846743293,0.6666666666666666,0.45199779730367184,0.3333333333333333,0.5119029438996032,1.0,1.0,0.6669436565074353,0.8388871345851553,0.9860059924872321,0.1640124510910607,instance,complexity_N1_top25
1,0.3446969696969697,0.2,0.7285714285714286,0.625,0.45769651527154986,0.2,0.48513687169772624,0.9982935153583617,1.0,0.666935623308109,0.877633104837468,0.9981594402625518,0.0018219983339774074,instance,complexity_N1_top25
1,0.11111111111111116,1.0,0.7060133630289532,0.5833333333333334,0.3298246846174619,1.0,0.5180967035425275,1.0,1.0,0.6668222121388309,0.8393464779761953,0.9937337319867049,0.2965923535910088,instance,complexity_N1_top25
1,0.274468085106383,0.6,0.2272727272727273,0.3333333333333333,0.3816017535222279,1.0,0.5223715275405366,1.0,1.0,0.6666960640310022,0.8304870615094839,0.997287029420909,-0.32482245923930164,instance,complexity_N1_top25
1,0.25234375,0.2,0.30201342281879195,0.5,0.4400326954952596,0.0,0.4654301311736414,0.9982935153583617,1.0,0.6669603001718618,0.8350714361588577,0.9917916302606014,0.6999266808197999,instance,complexity_N1_top25
1,0.625,0.2,0.09722222222222221,0.4583333333333333,0.3770049840495281,0.0,0.47885221032641745,0.9988623435722411,1.0,0.666893309133863,0.8270485328300091,0.9985752025615752,0.7682046079322911,instance,complexity_N1_top25
1,0.5083333333333333,0.2,0.5024875621890548,0.7083333333333334,0.45718676184973506,0.0,0.4367328951472149,0.9988623435722411,1.0,0.6670013238872148,0.8341300118901306,0.9891165580118437,0.21545847497228693,instance,complexity_N1_top25
1,0.375,0.2,0.2272727272727273,0.3333333333333333,0.17198979661878394,0.0,0.48145952807159553,0.9994311717861206,0.96,0.6635240162246537,0.8336118904737301,0.9910368793846673,0.5189580658577795,instance,complexity_N1_top25
1,0.19736842105263164,0.4,0.2272727272727273,0.375,0.4573711499125551,0.0,0.4685721143829382,0.9994311717861206,0.92,0.663739528770237,0.8316744981525488,0.9986459627675028,-0.36393539593464547,instance,complexity_N1_top25
1,0.3446969696969697,0.0,0.09722222222222221,0.2916666666666667,0.42457003100306767,0.0,0.4853305939046678,0.9954493742889647,1.0,0.6668121743892238,0.8427713409690056,0.9995018064896216,0.940310700722804,instance,complexity_N1_top25
1,0.30833333333333335,0.0,0.07843137254901966,0.4166666666666667,0.4432750811147838,0.0,0.4428923715198022,0.9943117178612059,1.0,0.6668763197610941,0.8564798881649929,0.9994441936228112,0.8316267416323666,instance,complexity_N1_top25
0,0.5833333333333334,0.8,0.83,0.3333333333333333,0.770506636628487,1.0,0.5658838495794236,1.0,0.88,0.6491054513345227,0.825299657442313,0.9933931125753247,-1.0296810193055053,instance,complexity_N1_top25
1,0.23567708333333326,0.0,0.09722222222222221,0.4583333333333333,0.4377132129172826,0.3333333333333333,0.42312996545216497,0.9954493742889647,1.0,0.6668724919275738,0.8549845452788344,0.9960237174989875,0.8113400969064143,instance,complexity_N1_top25
1,0.3446969696969697,0.6,0.5024875621890548,0.9166666666666666,0.4564429744442494,0.5714285714285714,0.5084148356477998,1.0,1.0,0.6668567368238222,0.869843636798084,0.9989128188219146,-0.2689863323439581,instance,complexity_N1_top25
1,0.589149560117302,0.4,0.19999999999999996,0.4583333333333333,0.4647872993626784,0.5,0.4907352005783716,0.9994311717861206,1.0,0.666795429581425,0.8311187479350215,0.9877324066137667,-0.13763906401290477,instance,complexity_N1_top25
1,0.15957446808510634,0.8,0.7060133630289532,0.5833333333333334,0.4605811330792813,1.0,0.5062856066651188,1.0,1.0,0.6666981519268844,0.8393860321025595,0.9915649705965734,-0.6982370800785671,instance,complexity_N1_top25
1,0.0714285714285714,0.2,0.5024875621890548,0.9166666666666666,0.3587958014620093,0.0,0.46557990028446916,0.9982935153583617,1.0,0.6668575457284369,0.8462650777798244,0.9890995203869632,1.017491456800392,instance,complexity_N1_top25
0,0.5916666666666667,1.0,0.697986577181208,0.5416666666666666,0.545148049930806,1.0,0.5806256332017563,1.0,1.0,0.6669435685813199,0.8474512124252559,0.9952969218764216,0.2265228617944272,instance,complexity_N1_top25
1,0.09302325581395343,0.0,0.17000000000000004,0.4583333333333333,0.3052331063481951,0.0,0.4645975928050916,0.9960182025028441,1.0,0.6668769400804277,0.8522709693791712,0.9855722744479141,1.2854413150280617,instance,complexity_N1_top25
1,0.18435754189944142,0.2,0.24444444444444446,0.375,0.43466177297803565,1.0,0.500263111526222,1.0,1.0,0.6668783644167131,0.8249698942998258,0.9959883895532687,0.6557884606479571,instance,complexity_N1_top25
1,0.4982404692082112,0.2,0.7060133630289532,0.2916666666666667,0.457263179175435,0.0,0.49066673107336345,0.9982935153583617,1.0,0.6671572614184764,0.8333507041455163,0.9971008576852103,-0.010697580562047157,instance,complexity_N1_top25
1,0.4399159663865546,0.4,0.7060133630289532,0.5416666666666666,0.46325729496211476,0.25,0.48503348032012983,0.9994311717861206,1.0,0.6668671900157996,0.8438881828450369,0.9804379316380558,-0.37584604730709165,instance,complexity_N1_top25
1,0.4621353196772191,0.4,0.26053639846743293,0.625,0.44536479789442485,0.0,0.4305308630484559,0.9982935153583617,1.0,0.6668887159463619,0.8493468334463473,0.9789441177373525,0.8874199399031544,instance,complexity_N1_top25
1,0.6314102564102564,0.2,0.5024875621890548,0.9166666666666666,0.42990246730014603,1.0,0.5228554856627186,1.0,1.0,0.6668312594134781,0.8689650798485037,0.9900613147211265,0.03980267481249352,instance,complexity_N1_top25
1,0.5258064516129033,0.4,0.26053639846743293,0.375,0.45511828348270844,0.0,0.4867861096239092,0.9982935153583617,1.0,0.6667775093612089,0.8466501507661113,0.9921353029316862,-0.17903123246918418,instance,complexity_N1_top25
1,0.25,0.4,0.5154639175257731,0.375,0.32490374761501906,0.0,0.47255046516479116,0.9982935153583617,1.0,0.6669075618891476,0.8468412635452718,0.9976839603611015,1.1950073106335992,instance,complexity_N1_top25
1,0.5970588235294118,0.6,0.07843137254901966,0.4166666666666667,0.4501340153175514,0.3333333333333333,0.4955227667169112,0.9994311717861206,1.0,0.6668215799605964,0.8509108261603358,0.9960334458527121,0.11887848964914213,instance,complexity_N1_top25
1,0.3796164772727273,0.4,0.5024875621890548,1.0,0.4545294261368896,0.36363636363636365,0.4756316681208388,0.9994311717861206,1.0,0.6668801051071374,0.867479117163071,0.9911914546884836,0.009715221814915543,instance,complexity_N1_top25
1,0.7137254901960784,0.8,0.7060133630289532,0.3333333333333333,0.46147124530568273,1.0,0.545395758055569,1.0,1.0,0.6668492725193628,0.8525254690187609,0.9905174822143559,-0.11575270155895259,instance,complexity_N1_top25
1,0.5346585117227319,0.6,0.5024875621890548,0.9166666666666666,0.4544933060488906,1.0,0.5417946218474432,1.0,1.0,0.6671515703025469,0.8587178519112899,0.994047164101705,-0.4294176812252431,instance,complexity_N1_top25
0,0.375,1.0,0.7555555555555555,0.4166666666666667,0.8273575648845227,1.0,0.520805708749321,1.0,0.96,0.6666666666666666,0.8471286053366748,0.9990610105787361,-2.0639394459181775,instance,complexity_N1_top25
1,0.3446514423076923,0.2,0.5024875621890548,0.9583333333333334,0.4377241634614243,0.5,0.5096300523343574,1.0,1.0,0.6668832184027788,0.8703784930008179,0.9977321587966969,0.7444194804711853,instance,complexity_N1_top25
0,0.43452380952380953,0.4,0.49751243781094523,0.4583333333333333,0.5623975451919042,0.0,0.47986659580584634,0.9983870967741936,1.0,0.6671850926316172,0.8705546511058357,0.9924999332303825,-0.41580562620399697,instance,complexity_N1_top25
1,0.10833333333333339,0.0,0.30201342281879195,0.4166666666666667,0.44838049559001736,0.0,0.4521990379946872,0.9960182025028441,1.0,0.6668336807800329,0.8584988711010476,0.9985573186461207,-0.3065080684606629,instance,complexity_N1_top25
1,0.5017369727047146,0.4,0.6728395061728395,0.3333333333333333,0.46036749843680125,0.3333333333333333,0.5115956864874064,1.0,1.0,0.6670927951786291,0.8502416085567123,0.9963188330338578,0.012578528176055561,instance,complexity_N1_top25
1,0.23611111111111116,0.6,0.3137254901960784,0.25,0.42330830611857984,0.0,0.48394634779197765,0.9988623435722411,1.0,0.6668159664711043,0.8607332081086918,0.9948261717679879,0.19975566448583165,instance,complexity_N1_top25
1,0.11940298507462688,0.0,0.24444444444444446,0.5416666666666666,0.25173869239751695,0.0,0.4693661845305038,0.9948805460750854,1.0,0.6669301890829982,0.8281160830346728,0.9882393402459201,1.6734284580933856,instance,complexity_N1_top25
1,0.42464114832535893,0.2,0.26053639846743293,0.4583333333333333,0.4522109762415254,0.0,0.4678310101271159,0.9977246871444824,1.0,0.6667163255439073,0.8438307099480017,0.9952317128786238,0.45615526826370845,instance,complexity_N1_top25
1,0.40957446808510634,0.6,0.2272727272727273,0.3333333333333333,0.44484987566998,0.0,0.4907915491597109,0.9988623435722411,1.0,0.6667988550255796,0.8225560897750289,0.9897816964441397,-0.24056046333240427,instance,complexity_N1_top25
1,0.2557861133280128,0.4,0.26053639846743293,0.4166666666666667,0.44122400477486445,0.25,0.4634523295521804,0.9988623435722411,1.0,0.6668161009227872,0.8580936969681952,0.9964498005072752,0.8536754220999274,instance,complexity_N1_top25
1,0.25234375,0.2,0.19999999999999996,0.3333333333333333,0.4576483869846103,0.2857142857142857,0.46514866852058556,0.9988623435722411,1.0,0.666904361969606,0.8651988672027442,0.979910674685645,0.35251617935749896,instance,complexity_N1_top25
1,0.6738095238095239,0.6,0.2142857142857143,0.2916666666666667,0.4557150067979022,0.3333333333333333,0.5068598024575617,1.0,1.0,0.6669117688187438,0.8357344154974649,0.9953722340706249,-0.24238628020547676,instance,complexity_N1_top25
1,0.6314102564102564,0.8,0.07843137254901966,0.4166666666666667,0.4535704151202896,1.0,0.5282632295817586,1.0,1.0,0.6668309481511526,0.8305854471673781,0.9763835537549271,-0.16315176170288895,instance,complexity_N1_top25
1,0.375,0.6,0.26053639846743293,0.4583333333333333,0.4422993780550123,0.5714285714285714,0.5016704948460249,1.0,1.0,0.6668904303742703,0.8663060128067392,0.9891393399469961,0.4088164722210922,instance,complexity_N1_top25
1,0.3661757237176232,0.6,0.24444444444444446,0.4166666666666667,0.44583087908116503,0.0,0.49276595122170097,0.9994311717861206,1.0,0.66697262308133,0.8481803802836352,0.9788226622652135,0.8826646770305527,instance,complexity_N1_top25
1,0.44009216589861755,0.0,0.26053639846743293,0.625,0.4445876161029596,0.4,0.4667722831161585,0.997155858930603,1.0,0.666877720876793,0.8758252211629228,0.9996212760706906,0.6756054308302099,instance,complexity_N1_top25
1,0.3369175627240144,0.0,0.5024875621890548,0.4583333333333333,0.42572132311095434,0.0,0.4699503059635062,0.9937428896473265,1.0,0.6669308604557476,0.8554667630293133,0.9998183956277076,0.9925892121828553,instance,complexity_N1_top25
0,0.8091684434968017,1.0,0.7394636015325671,0.6666666666666666,0.5952426494298142,1.0,0.5332853083934948,1.0,1.0,0.6668382105135635,0.8552223912643696,0.996664275979462,-0.9622361534251225,instance,complexity_N1_top25
0,0.5076190476190476,0.4,0.7394636015325671,0.5,0.5729941517663193,0.0,0.4730717058260807,0.9983870967741936,1.0,0.6668830404176819,0.8372066008098327,0.9951067178861152,-0.5242804612700583,instance,complexity_N1_top25
1,0.3369175627240144,1.0,0.2272727272727273,0.3333333333333333,0.4473711731095996,1.0,0.5354837467531812,1.0,1.0,0.6667590276570647,0.8281679100175287,0.9994806793589062,-0.28164096579611075,instance,complexity_N1_top25
1,0.5416666666666666,0.2,0.7060133630289532,0.5833333333333334,0.1722768484661807,0.0,0.4706529836917608,0.9977246871444824,1.0,0.6667202527678043,0.8328267336098498,0.9851226797669288,-0.3625478072095286,instance,complexity_N1_top25
0,0.24311926605504586,0.6,0.39622641509433965,0.4583333333333333,0.8280102007443945,1.0,0.5483015209345152,1.0,1.0,0.6666671092560577,0.8526410011785108,0.9966956299513857,-0.11080999934522245,instance,complexity_N1_top25
1,0.16666666666666674,0.2,0.26053639846743293,0.7916666666666666,0.3085931679103294,0.0,0.4068971759284693,0.9982935153583617,1.0,0.6667293511056871,0.836566591681025,0.9998209360398277,0.658326499310839,instance,complexity_N1_top25
1,0.2970588235294118,0.0,0.17000000000000004,0.3333333333333333,0.38384625828822516,0.0,0.42399387176559855,0.9965870307167235,1.0,0.6669958750074162,0.8327270740333853,0.999426924811366,1.157714071275113,instance,complexity_N1_top25
1,0.33333333333333326,0.0,0.30201342281879195,0.5,0.4323870072253242,0.0,0.44726675722318954,0.9965870307167235,1.0,0.6669722837385104,0.8564010191419301,0.9919504404693162,0.7625183945247358,instance,complexity_N1_top25
1,0.6720588235294118,0.6,0.7060133630289532,0.5416666666666666,0.4581167239791476,1.0,0.5028119549358439,1.0,1.0,0.6668431365510783,0.8345887675827656,0.9781876773027925,-0.015898146840817712,instance,complexity_N1_top25
1,0.42891566265060244,0.0,0.24444444444444446,0.4583333333333333,0.4379491622012981,0.0,0.40523713622113977,0.997155858930603,1.0,0.6669361415808911,0.8608069220760888,0.9991201391133574,0.7643998077912645,instance,complexity_N1_top25
1,0.07692307692307687,0.4,0.5154639175257731,0.375,0.17199009224679485,0.5,0.5121797305936443,1.0,1.0,0.6667850079837615,0.8637626575578312,0.9917967701585344,0.9469717978807333,instance,complexity_N1_top25
1,0.2142857142857143,0.6,0.09722222222222221,0.5,0.4256602764391003,0.0,0.4853808186702909,0.9994311717861206,1.0,0.666716001118167,0.8573150851017679,0.9992438853899943,0.4717499768297201,instance,complexity_N1_top25
1,0.11940298507462688,0.2,0.26053639846743293,0.75,0.26741936652689413,0.0,0.493417197684918,0.9982935153583617,1.0,0.6668062181262298,0.8393738314412724,0.9996747127670943,1.4486442173376486,instance,complexity_N1_top25
1,0.20273631840796025,0.2,0.09722222222222221,0.5416666666666666,0.3885328779850873,0.0,0.45520180984769,0.9994311717861206,1.0,0.6668219066386143,0.8483590066974341,0.9968896556516615,1.13542995027175,instance,complexity_N1_top25
1,0.4621353196772191,0.4,0.5024875621890548,0.4583333333333333,0.4525841564871489,0.5,0.5208315607779155,1.0,1.0,0.6668313613237211,0.866100393035124,0.9970509745121251,-0.040699815155157325,instance,complexity_N1_top25
1,0.36111111111111116,0.2,0.19999999999999996,0.2916666666666667,0.25211070256355905,1.0,0.5422878738662268,1.0,1.0,0.666920850021813,0.8383158934732815,0.974004593962367,1.21538021924257,instance,complexity_N1_top25
1,0.34166666666666656,0.2,0.26053639846743293,0.75,0.4140492689270099,1.0,0.5176485051408439,1.0,1.0,0.666753460323361,0.8375407087445146,0.9852748804514452,1.2086356422834368,instance,complexity_N1_top25
1,0.7125,0.4,0.7285714285714286,0.3333333333333333,0.3019650807215637,1.0,0.509025635416118,1.0,1.0,0.6670224145124234,0.8334353286104569,0.9837882261786168,0.7963137119236462,instance,complexity_N1_top25
1,0.6875,0.2,0.26053639846743293,0.375,0.41317613116054763,0.3333333333333333,0.5204599905867024,1.0,1.0,0.6669075741994086,0.8340215620832738,0.9804781792278845,0.7068848827587323,instance,complexity_N1_top25
1,0.08823529411764708,0.0,0.26053639846743293,0.375,0.4577263216841616,0.0,0.4628955296135244,0.997155858930603,1.0,0.66675990542031,0.8340778131994504,0.9874237266350815,0.3819005324232732,instance,complexity_N1_top25
1,0.11992263056092844,0.2,0.17000000000000004,0.4583333333333333,0.3639896981709283,0.0,0.4601053222753956,0.9977246871444824,1.0,0.6668978863374379,0.8350771589439959,0.9769522310392524,1.044993456342209,instance,complexity_N1_top25
1,0.5462962962962963,0.6,0.6728395061728395,0.4583333333333333,0.4602635616371391,0.5,0.4930027287575873,0.9994311717861206,1.0,0.6668999757229945,0.8510896097914058,0.9903102815609527,0.35378401676246213,instance,complexity_N1_top25
1,0.27976190476190477,0.0,0.5634920634920635,0.5,0.4483408612073315,0.0,0.4320530492680119,0.9937428896473265,1.0,0.6667930221487495,0.8413852342396997,0.996652847706066,0.5343054024868699,instance,complexity_N1_top25
1,0.0,0.0,0.19999999999999996,0.5,0.4325533311832254,0.0,0.4785336026390268,0.9960182025028441,1.0,0.6668294768019791,0.8119936850216183,0.981055666459937,0.1435031485184176,instance,complexity_N1_top25
0,0.6630824372759857,0.4,0.7394636015325671,0.6666666666666666,0.5471136744250963,0.0,0.47626563043109393,0.9983870967741936,1.0,0.6669208822071746,0.883195528993517,0.9993745929273793,-0.183706927834992,instance,complexity_N1_top25
1,0.475,0.8,0.24444444444444446,0.4583333333333333,0.4560457284547247,0.0,0.48111430050201276,0.9994311717861206,1.0,0.6668558816869865,0.863129126683935,0.9994507255427866,0.3625439629583728,instance,complexity_N1_top25
1,0.2970588235294118,0.4,0.5634920634920635,0.4583333333333333,0.45391940135831793,1.0,0.5108473234854014,1.0,1.0,0.666966160147412,0.8508993986144734,0.9874735436960403,0.5001582772844411,instance,complexity_N1_top25
1,0.35080645161290325,0.8,0.5024875621890548,0.5416666666666666,0.42651290204852843,0.0,0.49472885128216704,0.9994311717861206,1.0,0.666976085647085,0.8456884158705418,0.991322903005751,-0.1907433131621266,instance,complexity_N1_top25
1,0.15957446808510634,0.2,0.07843137254901966,0.4166666666666667,0.44792451077484774,0.0,0.45860545261727703,0.9988623435722411,1.0,0.6667306519919464,0.8326630933975988,0.9904463993264249,0.0016050273629669637,instance,complexity_N1_top25
1,0.27976190476190477,0.2,0.26053639846743293,0.4583333333333333,0.4554686306008766,0.2,0.528723819822341,1.0,1.0,0.6667827467828326,0.8761458373056417,0.9977070149702462,0.46319720396167335,instance,complexity_N1_top25
1,0.35102420856610805,0.4,0.24444444444444446,0.4583333333333333,0.42774183565276536,0.0,0.48373187302722864,0.9994311717861206,1.0,0.667019816623297,0.8541452440402065,0.9889674653252295,0.5471919170939973,instance,complexity_N1_top25
1,0.2701923076923076,0.2,0.17000000000000004,0.4583333333333333,0.27247000471034477,0.0,0.4655419600833869,0.9988623435722411,1.0,0.6668977711444212,0.8224283509568453,0.9939419994132043,1.034708288615635,instance,complexity_N1_top25
1,0.11940298507462688,0.0,0.17000000000000004,0.5,0.19746751271332286,0.0,0.4301904325431052,0.9908987485779295,1.0,0.6668271098282648,0.8222929897517581,0.9638972653969475,0.8218289137944225,instance,complexity_N1_top25
1,0.4376344086021505,0.8,0.6037735849056604,0.5,0.4646462780840741,0.0,0.49057616146807137,0.9994311717861206,1.0,0.6668079263288579,0.8438910199628564,0.9918691031511644,-0.22690083626156043,instance,complexity_N1_top25
1,0.23567708333333326,0.2,0.24444444444444446,0.5,0.4299090631264074,0.0,0.4482523214442867,0.9988623435722411,1.0,0.6668847701127537,0.8584309869574084,0.988400111591562,0.8716961872426846,instance,complexity_N1_top25
1,0.23567708333333326,0.2,0.24444444444444446,0.5833333333333334,0.39066366175364176,0.0,0.48959606697226454,0.9982935153583617,1.0,0.6668845688735501,0.8567309317083474,0.9965258658342683,1.0751039328021004,instance,complexity_N1_top25
1,0.34166666666666656,0.6,0.17000000000000004,0.4583333333333333,0.4092917693751176,0.6666666666666666,0.5212980697166529,1.0,1.0,0.6668812227881165,0.8593851935838566,0.9964243423185205,0.1891556396560049,instance,complexity_N1_top25
1,0.40666666666666673,0.0,0.7285714285714286,0.625,0.45347137859650744,0.0,0.4629854835288997,0.9960182025028441,1.0,0.6668874577037995,0.8649960402091265,0.9970312081688203,0.4129432148097757,instance,complexity_N1_top25
0,0.5433333333333333,0.4,0.49751243781094523,0.4583333333333333,0.5422220702764506,0.0,0.448528500224304,0.9983870967741936,1.0,0.6668484258447621,0.8560144593396728,0.9967621598415585,-0.08825057270318144,instance,complexity_N1_top25
1,0.39583333333333326,0.6,0.30201342281879195,0.4166666666666667,0.45442126715747955,0.0,0.4891341106565279,0.9988623435722411,1.0,0.6668980761341615,0.8582089787276003,0.9802902881259772,0.15353769764829142,instance,complexity_N1_top25
1,0.07446808510638303,0.2,0.07843137254901966,0.4166666666666667,0.30748126221990446,0.0,0.45993381497915786,0.9977246871444824,1.0,0.6668522454431455,0.8262214221577541,0.9925697888589086,1.1855707777811673,instance,complexity_N1_top25
1,0.2970588235294118,0.2,0.5024875621890548,0.5,0.45657984182028266,0.3333333333333333,0.48206719767943074,0.9977246871444824,1.0,0.6670021488567242,0.8584853977316196,0.9918344013069923,0.42792262050533636,instance,complexity_N1_top25
1,0.4083333333333333,0.2,0.30201342281879195,0.5416666666666666,0.4539838401324368,0.0,0.49906831661456685,0.9994311717861206,1.0,0.6669776896614917,0.8623025329933591,0.9989888325164112,0.5185203701383984,instance,complexity_N1_top25
1,0.09583333333333333,0.4,0.5024875621890548,0.4583333333333333,0.35646094925523386,0.0,0.47296469938574937,0.9994311717861206,0.96,0.6599967677176096,0.8198054383531347,0.9949225259528549,0.5687237894071949,instance,complexity_N1_top25
1,0.41330645161290325,0.2,0.26053639846743293,0.375,0.44832440551472474,0.0,0.47136371113291653,0.9988623435722411,1.0,0.6668290483365442,0.8545111133149309,0.997980517509418,0.1314500331678995,instance,complexity_N1_top25
1,0.5982142857142857,0.2,0.07843137254901966,0.4166666666666667,0.3745840356892426,0.0,0.4372677645807578,0.9994311717861206,1.0,0.6667482255741233,0.8325463676143002,0.9965092711223463,-0.2307590197701063,instance,complexity_N1_top25
1,0.07446808510638303,0.4,0.17000000000000004,0.5,0.29738158366608236,0.0,0.459851143735295,0.9988623435722411,1.0,0.6670147234219869,0.8309172030309304,0.9793793272707697,1.6089612817941557,instance,complexity_N1_top25
1,0.2709677419354839,0.4,0.19999999999999996,0.4583333333333333,0.4569652003347424,0.0,0.4788137784555635,0.9994311717861206,1.0,0.6668652582805662,0.8168220116501104,0.9908425414541626,0.2343035559844861,instance,complexity_N1_top25
1,0.23051409618573793,0.4,0.5024875621890548,0.4583333333333333,0.42273884487715574,1.0,0.5093106159755857,1.0,1.0,0.6668914538499627,0.8542408042543702,0.9900593716895479,0.6357644632239108,instance,complexity_N1_top25
1,0.5194444444444444,0.2,0.30201342281879195,0.4166666666666667,0.42033012829041827,0.0,0.48562862824352426,0.9977246871444824,1.0,0.6668437667842423,0.8333057029408968,0.980249060421226,0.8565174932822701,instance,complexity_N1_top25
1,0.4191176470588236,0.0,0.26053639846743293,0.625,0.2994874106815626,0.0,0.47202138228806145,0.997155858930603,1.0,0.6669440105157037,0.8398754065479437,0.9907369697943388,1.7163847336093292,instance,complexity_N1_top25
1,0.20234375000000004,0.0,0.24444444444444446,0.4583333333333333,0.4460102325505052,0.0,0.48079575507892447,0.997155858930603,1.0,0.6670191623459583,0.8466403792021757,0.9977988144749884,0.15923060377052672,instance,complexity_N1_top25
1,0.20234375000000004,0.2,0.09722222222222221,0.4583333333333333,0.4303789641673109,0.3333333333333333,0.5300757525280393,1.0,1.0,0.666860962209404,0.8475918031305468,0.9904681723741043,0.9494263410098103,instance,complexity_N1_top25
1,0.4065797641216635,0.8,0.24444444444444446,0.4166666666666667,0.3902581956947223,1.0,0.5217196605715717,1.0,1.0,0.6669740031056771,0.8639515069497153,0.9898407849234444,0.8316040694404828,instance,complexity_N1_top25
1,0.1691176470588236,0.2,0.17000000000000004,0.4583333333333333,0.30217975509718603,0.0,0.4082504018218036,0.9977246871444824,0.96,0.6666666666666666,0.8200884816313176,0.9941915467794677,0.948042718382073,instance,complexity_N1_top25
0,0.6666666666666667,0.8,0.7727272727272727,0.3333333333333333,0.5630086798653547,1.0,0.5233924970777304,1.0,1.0,0.6667114790009844,0.8609363673243245,0.9967374336951446,-0.1206516087110676,instance,complexity_N1_top25
1,0.0,0.8,0.7060133630289532,0.4583333333333333,0.17198979661878394,0.0,0.451923228773941,0.9994311717861206,1.0,0.6668194584455722,0.820874422565817,0.9993825263985526,0.6988302810419741,instance,complexity_N1_top25
1,0.35102420856610805,0.6,0.5634920634920635,0.4583333333333333,0.27070647135697457,1.0,0.5200647897657389,1.0,1.0,0.6669730704658021,0.8417376201592013,0.9893915067308953,0.9465052703947824,instance,complexity_N1_top25
1,0.14128787878787885,0.6,0.30201342281879195,0.625,0.44975794060131624,0.5,0.4637790507160394,0.9994311717861206,1.0,0.666900663746626,0.8839807368182967,0.9935173243119194,0.8009474262415356,instance,complexity_N1_top25
1,0.274468085106383,0.4,0.26053639846743293,0.625,0.34413607760739173,0.3333333333333333,0.45381497398878046,0.9994311717861206,1.0,0.6669221755788507,0.8461248942785311,0.9981867168542885,0.9657944915552032,instance,complexity_N1_top25
1,0.20833333333333326,0.2,0.07843137254901966,0.4166666666666667,0.4265605995188543,0.0,0.40818779146681694,0.9977246871444824,1.0,0.6667864669488165,0.8319928118243141,0.9990072202232869,0.44112430045071616,instance,complexity_N1_top25
0,0.6553485576923077,0.6,0.7555555555555555,0.4583333333333333,0.5798463673282843,1.0,0.5333653207406086,1.0,1.0,0.6669217561162373,0.85328118526184,0.9807358495195959,-0.6042247934288341,instance,complexity_N1_top25
1,0.20666666666666667,0.2,0.2272727272727273,0.3333333333333333,0.39747963254531904,0.0,0.44680439934237537,0.9988623435722411,0.96,0.6568502895198475,0.833961890970559,0.9960100975719419,-0.06740459057581366,instance,complexity_N1_top25
0,0.42340067340067344,0.4,0.697986577181208,0.375,0.5440539111176145,0.0,0.49170818191540444,0.9983870967741936,1.0,0.6669820214402066,0.849170149270273,0.9774553509652686,0.41288605081217045,instance,complexity_N1_top25
1,0.07692307692307687,0.0,0.07843137254901966,0.4166666666666667,0.284152775748602,0.0,0.45299851867340646,0.9965870307167235,1.0,0.6669445722511156,0.868804277455466,0.9947488002248825,1.18774072405186,instance,complexity_N1_top25
1,0.7339089481946625,0.8,0.5634920634920635,0.4166666666666667,0.4538221045656389,1.0,0.5446427083230544,1.0,1.0,0.6669372523531262,0.8474348234394415,0.9995562311756091,0.15569942829841943,instance,complexity_N1_top25
1,0.07446808510638303,0.0,0.07843137254901966,0.4166666666666667,0.3941398800437713,0.0,0.4319150310108518,0.9960182025028441,1.0,0.666833869222811,0.8266093836636312,0.996549346298051,0.7006149201740974,instance,complexity_N1_top25
1,0.11940298507462688,0.0,0.30201342281879195,0.4166666666666667,0.3856742109253136,0.0,0.4546048967610534,0.9960182025028441,1.0,0.6669085481686003,0.833544539134774,0.9899489539612811,1.2311973668347325,instance,complexity_N1_top25
1,0.3392857142857143,0.4,0.5024875621890548,0.4166666666666667,0.40091710403047065,0.5,0.45191037435296044,0.9982935153583617,1.0,0.6670358730072309,0.8280706997533546,0.9697222741888268,0.6676443046687298,instance,complexity_N1_top25
1,0.3369175627240144,0.0,0.26053639846743293,0.75,0.4456856236681789,0.0,0.4441466391295119,0.9926052332195677,1.0,0.6667426715879158,0.8597727709675048,0.9852052237134582,0.5569666607267755,instance,complexity_N1_top25
1,0.39583333333333326,0.0,0.26053639846743293,0.75,0.4513287628344459,0.0,0.4516776254119633,0.9965870307167235,1.0,0.6668267710814177,0.8501030835977929,0.9912380625502204,0.5351560984050049,instance,complexity_N1_top25
1,0.3718575418994414,0.2,0.17000000000000004,0.5,0.3398440880190746,0.0,0.48649100704787573,0.9988623435722411,1.0,0.6670796177500274,0.8361934218054663,0.9944511306989242,0.8853676268706955,instance,complexity_N1_top25
1,0.25234375,0.6,0.24444444444444446,0.4166666666666667,0.4554581329629165,1.0,0.5181378020141387,1.0,1.0,0.6669021673888599,0.843967955104417,0.9913158472432594,0.6521059205403092,instance,complexity_N1_top25
1,0.09583333333333333,0.0,0.09722222222222221,0.4583333333333333,0.3671121279008084,0.0,0.4323696285090599,0.9954493742889647,1.0,0.6668983880590934,0.8445698503557503,0.9917301420887207,1.1444831181100747,instance,complexity_N1_top25
1,0.23100303951367784,0.0,0.7060133630289532,0.2916666666666667,0.46138633260987705,0.0,0.4767626910169489,0.997155858930603,1.0,0.6668906477782778,0.8551940470235815,0.999437790853691,-0.20344954449211428,instance,complexity_N1_top25
1,0.0,0.0,0.17000000000000004,0.4583333333333333,0.17201915438693777,0.0,0.44031641168328306,0.9926052332195677,1.0,0.6669532539167164,0.8170027612885107,0.993246627032725,1.9580416714426305,instance,complexity_N1_top25
1,0.0,0.2,0.5024875621890548,0.4583333333333333,0.25596977195223036,0.0,0.4517214342813961,0.9988623435722411,1.0,0.6668358739156045,0.8387185208828097,0.9818060255798402,1.2187762209515285,instance,complexity_N1_top25
1,0.3369175627240144,0.4,0.24444444444444446,0.4166666666666667,0.45142795123564206,0.0,0.46158663413465095,0.9988623435722411,1.0,0.6668249506272144,0.8522796948990193,0.9834626937247114,0.49045862916623706,instance,complexity_N1_top25
1,0.75139146567718,0.6,0.09722222222222221,0.4583333333333333,0.453133615858468,0.0,0.4953729891160823,0.9994311717861206,1.0,0.6668372068477576,0.8361571736019761,0.99004456594825,0.29799070914480885,instance,complexity_N1_top25
1,0.5654761904761905,1.0,0.5024875621890548,0.9166666666666666,0.4445602550942592,1.0,0.5716199752362067,1.0,1.0,0.6668644811797176,0.8554934138567378,0.9820112347810915,0.5072523872988773,instance,complexity_N1_top25
1,0.3718575418994414,0.4,0.24444444444444446,0.4166666666666667,0.45502681304437764,1.0,0.5268814250946305,1.0,1.0,0.6668391971289213,0.8670686361379631,0.9925510921895462,-0.08911720775005663,instance,complexity_N1_top25
1,0.3684873949579832,0.4,0.24444444444444446,0.5416666666666666,0.42884881328278185,0.0,0.48766332858164696,0.9988623435722411,1.0,0.6669707613802172,0.8481825733347914,0.9788524626189797,0.3683701534510767,instance,complexity_N1_top25
1,0.20833333333333326,0.4,0.24444444444444446,0.5,0.27535256126167706,1.0,0.5134104381791726,1.0,1.0,0.6670151740272833,0.8505236913266551,0.9955521811641184,0.5856378610754912,instance,complexity_N1_top25
1,0.0,0.0,0.6037735849056604,0.375,0.46088725039891376,0.0,0.433438035225044,0.997155858930603,1.0,0.6669624221405834,0.8154731416343829,0.9990965992935446,0.2603391572503751,instance,complexity_N1_top25
1,0.15384615384615385,0.8,0.09722222222222221,0.5416666666666666,0.3054062934410874,1.0,0.5133405502876145,1.0,1.0,0.6669489325947175,0.8498494117327702,0.9874388545079074,1.1943138294205133,instance,complexity_N1_top25
1,0.5083333333333333,0.8,0.30201342281879195,0.4166666666666667,0.4526566897305351,0.0,0.4780673859707133,0.9994311717861206,1.0,0.6668357345346471,0.8426428534544393,0.9901162295315983,0.19503096204528692,instance,complexity_N1_top25
1,0.08823529411764708,0.2,0.575,0.25,0.4302784600376367,0.0,0.4544024444115874,0.9977246871444824,1.0,0.666899556244042,0.8324247305104283,0.9995499750255125,1.0641676740725783,instance,complexity_N1_top25
1,0.2958333333333334,0.2,0.24444444444444446,0.4583333333333333,0.39990913167767916,0.25,0.4779535265530055,0.9977246871444824,1.0,0.6670000544373327,0.85729242235118,0.9858219422388418,0.9757087428701126,instance,complexity_N1_top25
1,0.30833333333333335,0.2,0.26053639846743293,0.375,0.4559446542419662,0.0,0.4782028824435959,0.9982935153583617,1.0,0.6668812292293794,0.8406814918869613,0.9925996372776423,0.5427997074477688,instance,complexity_N1_top25
1,0.24583333333333335,0.4,0.30201342281879195,0.5,0.4337456022451044,0.0,0.4946447738658767,0.9994311717861206,1.0,0.6670586621574093,0.8447298092273384,0.9912378372161644,0.26557748310409085,instance,complexity_N1_top25
0,0.5753588516746412,0.6,0.7394636015325671,0.5,0.5552760326887687,0.0,0.4896834325646138,0.9991935483870967,1.0,0.6668157687649443,0.827796848519725,0.9939440933069001,-0.2264146203762139,instance,complexity_N1_top25
1,0.3796164772727273,0.8,0.24444444444444446,0.5833333333333334,0.44951795082178836,1.0,0.5175679926366676,1.0,1.0,0.6668582114524846,0.8532494231445953,0.9979276714499778,0.5251149562217545,instance,complexity_N1_top25
1,0.4642857142857143,0.4,0.19999999999999996,0.375,0.3041066617724858,0.0,0.48171728355235355,0.9994311717861206,1.0,0.6671665613688401,0.8124383435064197,0.9480198901351944,0.8439639120148141,instance,complexity_N1_top25
1,0.07446808510638303,0.0,0.09722222222222221,0.5,0.2545538255373767,0.0,0.4093239964782248,0.9960182025028441,1.0,0.6667895166180288,0.8182164509971537,0.9949593081415093,1.3326692944499499,instance,complexity_N1_top25
1,0.34166666666666656,0.2,0.26053639846743293,0.375,0.32576608183561484,0.0,0.47758128243359677,0.9988623435722411,1.0,0.6667315806468311,0.8224271007707352,0.9892104727814881,1.5295092421528775,instance,complexity_N1_top25
1,0.5591397849462366,0.6,0.26053639846743293,0.4583333333333333,0.4591542023805908,0.5,0.54204698231648,1.0,1.0,0.6669420960504884,0.8518109241029045,0.9944417240321781,-0.30937668161078224,instance,complexity_N1_top25
1,0.11940298507462688,0.4,0.3137254901960784,0.3333333333333333,0.4568398627350482,0.0,0.49477899813344883,0.9994311717861206,1.0,0.666935060921148,0.8461587736353554,0.9949937886606185,0.04411656619730764,instance,complexity_N1_top25
1,0.22580645161290325,0.0,0.2272727272727273,0.3333333333333333,0.4253456812307309,0.0,0.47079276103269463,0.997155858930603,1.0,0.6668160338348811,0.8409117075711218,0.9787867273111,0.8600349611476841,instance,complexity_N1_top25
1,0.09583333333333333,0.0,0.17000000000000004,0.5,0.31465346820927376,0.0,0.47379840617607616,0.9937428896473265,1.0,0.6669686363417596,0.8320003790790524,0.9962774631284086,1.5213054510020665,instance,complexity_N1_top25
0,0.6583333333333333,0.8,0.83,0.3333333333333333,0.7515686591832907,1.0,0.533075563818888,1.0,1.0,0.6668405427529106,0.7912888644081568,0.9853658582822206,-1.350698462189204,instance,complexity_N1_top25
1,0.18674242424242427,0.2,0.5024875621890548,0.4166666666666667,0.34896859571105454,0.0,0.4667369476730593,0.9977246871444824,1.0,0.6670555644662742,0.8559368868123266,0.9830178756077026,0.6904165118237344,instance,complexity_N1_top25
1,0.0,0.0,0.07843137254901966,0.4166666666666667,0.4586090878055541,0.0,0.45693883193997464,0.9965870307167235,1.0,0.666725485168878,0.8367248446267361,0.9946312941394551,0.5945442632131451,instance,complexity_N1_top25
0,0.6630824372759857,0.6,0.49751243781094523,0.4166666666666667,0.5824409479895792,1.0,0.5054893295970448,1.0,1.0,0.6670180895044542,0.8411932848189565,0.9783774101561568,-0.19604959101814387,instance,complexity_N1_top25
1,0.0714285714285714,0.4,0.2142857142857143,0.2916666666666667,0.42914152568606545,0.0,0.49580798952472793,0.9994311717861206,1.0,0.6668489899229075,0.8318902967376658,0.9867670483153728,0.10272131357525818,instance,complexity_N1_top25
1,0.10833333333333339,0.0,0.17000000000000004,0.5,0.3014370093243476,0.0,0.38860828709849626,0.9869169510807736,1.0,0.6669140445009425,0.832361283856386,0.9978133393200996,1.3717514749033342,instance,complexity_N1_top25
0,0.5916666666666667,0.8,0.7555555555555555,0.375,0.5625235238123848,1.0,0.5692255956102286,1.0,1.0,0.6670156973659699,0.8310002598457176,0.992017560546996,-0.8087948371852183,instance,complexity_N1_top25
1,0.11992263056092844,0.2,0.07843137254901966,0.4583333333333333,0.3365053031820614,0.0,0.45710513229011795,0.9988623435722411,1.0,0.6667544061279633,0.8217724606222453,0.9715537756760445,0.8141916997917665,instance,complexity_N1_top25
1,0.37435897435897436,0.2,0.26053639846743293,0.4583333333333333,0.42288586965183994,1.0,0.5124263518103807,1.0,1.0,0.6667202616020738,0.8305682028842898,0.9992945994880286,-0.14038717477076787,instance,complexity_N1_top25
1,0.10833333333333339,0.2,0.30201342281879195,0.4166666666666667,0.44747667248470513,0.3333333333333333,0.4608869816096992,0.9988623435722411,1.0,0.6669234184754739,0.8675805485930661,0.9891255068566888,0.1818271650765025,instance,complexity_N1_top25
1,0.3041666666666667,0.0,0.09722222222222221,0.5416666666666666,0.35095594503758054,0.0,0.44556723167889956,0.9960182025028441,1.0,0.6669544948378673,0.8456052545341883,0.9997203280275984,1.6030431150287736,instance,complexity_N1_top25
1,0.4621353196772191,0.2,0.30201342281879195,0.5,0.44909370979770724,0.0,0.40485639495766723,0.9977246871444824,1.0,0.6669443644361973,0.8632850640920795,0.9859584943464625,0.5999038052568434,instance,complexity_N1_top25
1,0.15957446808510634,0.4,0.5024875621890548,0.9166666666666666,0.4478140179184762,1.0,0.5608989549549441,1.0,1.0,0.6668646020591192,0.8683136026325394,0.9977561079105512,0.3617328296044239,instance,complexity_N1_top25
0,0.6958333333333333,1.0,0.83,0.5,0.6498949616818526,1.0,0.5639460988489011,1.0,1.0,0.6668935922001517,0.850673199920353,0.9956357331871121,-0.868085105254318,instance,complexity_N1_top25
1,0.38207885304659495,0.4,0.19999999999999996,0.4583333333333333,0.3746233336857467,0.0,0.48459060670862053,0.9982935153583617,1.0,0.6667543457724848,0.8388220361118488,0.9748091348002998,0.1472356309368383,instance,complexity_N1_top25
0,0.24860853432282004,0.4,0.4365079365079365,0.375,0.5461198362383792,0.0,0.4999589251937636,0.9991935483870967,1.0,0.666863417053538,0.8433604991498121,0.9942871589619964,-0.2253785851911205,instance,complexity_N1_top25
1,0.2701923076923076,0.8,0.7285714285714286,0.3333333333333333,0.366003297241172,0.5,0.5031836253691044,1.0,1.0,0.6668511503532724,0.8322967316290761,0.9849536191468042,0.1576853428543072,instance,complexity_N1_top25
1,0.4642857142857143,0.4,0.575,0.3333333333333333,0.4343371134996189,0.5,0.521290574832532,1.0,0.96,0.6601700024670764,0.8139102559424373,0.9825814698926437,0.2505769697262302,instance,complexity_N1_top25
1,0.3262411347517731,0.0,0.30201342281879195,0.4166666666666667,0.45910682710583817,0.0,0.4595461717963347,0.9931740614334471,1.0,0.666855554536287,0.8356608687080445,0.9966742472312937,0.42715150958419806,instance,complexity_N1_top25
1,0.29141566265060237,0.2,0.6333333333333333,0.16666666666666666,0.46091682072884266,0.3333333333333333,0.4917546114752158,0.9994311717861206,1.0,0.666951636152675,0.8601011212122761,0.9840837684235815,0.4360501074789094,instance,complexity_N1_top25
1,0.5167173252279635,1.0,0.09722222222222221,0.4583333333333333,0.4408648820624491,0.5,0.526118693748966,1.0,1.0,0.6669126159345372,0.8649947855716326,0.996991548798425,0.2507803430207151,instance,complexity_N1_top25
1,0.16445182724252494,0.2,0.5024875621890548,0.4166666666666667,0.3262508262570867,0.0,0.4498614962840234,0.9977246871444824,1.0,0.6668840636377097,0.8566750423180568,0.9958831655947532,1.0437484801188615,instance,complexity_N1_top25
1,0.29166666666666663,0.2,0.5024875621890548,0.9166666666666666,0.4522072394898523,0.5,0.4855797894842848,0.9994311717861206,1.0,0.6669659376152806,0.8504873893731032,0.9844086078217976,0.4808081244092391,instance,complexity_N1_top25
1,0.11111111111111116,0.4,0.2142857142857143,0.2916666666666667,0.38778532520218956,0.0,0.45703979802628003,0.9982935153583617,1.0,0.6667714777488232,0.8633912173546346,0.9975811941043815,0.17611926671419328,instance,complexity_N1_top25
1,0.5194444444444444,0.4,0.26053639846743293,0.375,0.40132885974664656,0.5,0.4744004703514103,0.9994311717861206,1.0,0.6668647310256282,0.833680208522452,0.9757077223674518,0.753897527641218,instance,complexity_N1_top25
1,0.25,0.0,0.5024875621890548,0.4166666666666667,0.3842251233592563,0.0,0.46194578291960275,0.9960182025028441,1.0,0.6670210622479454,0.8113577065316768,0.9819774248382995,0.48120489301278696,instance,complexity_N1_top25
1,0.5068807339449541,0.4,0.09722222222222221,0.4583333333333333,0.4559365333326306,0.5,0.5194290697008219,1.0,1.0,0.6668855817308871,0.8731431960438691,0.9927690156304669,0.14243093170532176,instance,complexity_N1_top25
1,0.125,0.2,0.2272727272727273,0.375,0.39225548062967386,0.0,0.46565243808188783,0.9994311717861206,1.0,0.6667954445202466,0.8160488925860796,0.9621339157474322,0.5642833534693513,instance,complexity_N1_top25
1,0.20666666666666667,0.0,0.30201342281879195,0.5416666666666666,0.4280306140005779,0.0,0.4729321840329874,0.997155858930603,1.0,0.6669994622570691,0.8643425378505478,0.9986063661836133,0.4177593144403474,instance,complexity_N1_top25
1,0.10546875,0.4,0.26053639846743293,0.75,0.39443822285666397,0.0,0.4888421125871244,0.9994311717861206,1.0,0.66680811464656,0.8428172047855103,0.9812031873025793,1.1084870354433451,instance,complexity_N1_top25
1,0.25,0.2,0.19999999999999996,0.3333333333333333,0.3562946773489307,1.0,0.5053589207275697,1.0,1.0,0.6669646220761309,0.826315148570496,0.9938702829399559,1.3427596914335826,instance,complexity_N1_top25
1,0.3369175627240144,0.4,0.30201342281879195,0.4166666666666667,0.45118339724951906,0.0,0.4845802035433229,0.9982935153583617,1.0,0.6668463162163781,0.8416157138080257,0.9996069267168972,0.236129209599612,instance,complexity_N1_top25
1,0.31666666666666665,0.0,0.6728395061728395,0.4583333333333333,0.4456794429022197,0.0,0.38569485570905215,0.997155858930603,1.0,0.6669073510925912,0.8343749620504003,0.9907653334908928,0.40554603177168547,instance,complexity_N1_top25
1,0.31666666666666665,0.6,0.19999999999999996,0.3333333333333333,0.4548381738901761,0.0,0.49378123056772427,0.9994311717861206,1.0,0.66692660390829,0.8507132653444995,0.9986010887173523,0.5328469891489648,instance,complexity_N1_top25
1,0.25234375,0.0,0.24444444444444446,0.5,0.4159788351020949,0.0,0.4346487737303071,0.9886234357224118,1.0,0.6671455307695029,0.8464015825569356,0.9902480559923101,0.5678866159558735,instance,complexity_N1_top25
1,0.3446969696969697,0.2,0.07843137254901966,0.4166666666666667,0.4227577555852241,0.16666666666666666,0.516872886609554,1.0,1.0,0.6668437725877526,0.8648310875356412,0.9827103327858769,1.2169660424778552,instance,complexity_N1_top25
1,0.09583333333333333,0.0,0.30201342281879195,0.5,0.4209416792339148,0.0,0.45615031461533806,0.9965870307167235,1.0,0.6669569749755041,0.8610102118325473,0.9935668423690771,0.7082805250716631,instance,complexity_N1_top25
1,0.27976190476190477,0.2,0.09722222222222221,0.4583333333333333,0.4525320547265006,0.5,0.48602631831561127,0.9994311717861206,1.0,0.6668599469645856,0.8480290761824123,0.995361212872173,0.3918098981270085,instance,complexity_N1_top25
1,0.07446808510638303,0.0,0.26053639846743293,0.375,0.4221914344821208,0.0,0.4270227286561179,0.9954493742889647,1.0,0.6668426020611412,0.8268326517198622,0.9934820324976779,0.8895806175130581,instance,complexity_N1_top25
1,0.20666666666666667,0.0,0.5024875621890548,0.9166666666666666,0.451267915662812,0.5,0.4466461053312095,0.9965870307167235,1.0,0.6671426996543526,0.8586334253770503,0.996666599105119,0.6976290748310822,instance,complexity_N1_top25
1,0.48611111111111116,0.4,0.30201342281879195,0.4166666666666667,0.45011364764987283,1.0,0.5132997939071073,1.0,1.0,0.6668536702405581,0.8397603515739767,0.9901813958808621,0.41387578721669244,instance,complexity_N1_top25
1,0.32830930537352554,0.2,0.24444444444444446,0.4166666666666667,0.44964901328317886,0.2,0.49144942170978667,0.9977246871444824,1.0,0.6668689368276464,0.8663723480986143,0.9996464903723832,0.22403849416239413,instance,complexity_N1_top25
1,0.42464114832535893,0.4,0.30201342281879195,0.4166666666666667,0.4363691784005272,0.0,0.483823660944494,0.9988623435722411,1.0,0.6668631357224318,0.8650513348989657,0.9973035853373144,-0.2336763828944886,instance,complexity_N1_top25
1,0.25688073394495414,0.2,0.19999999999999996,0.3333333333333333,0.42698148848499906,0.0,0.4963488989556656,0.9994311717861206,1.0,0.6667881846151913,0.8522156600502726,0.9921551420060761,0.9361061991392503,instance,complexity_N1_top25
1,0.39247311827957,0.4,0.26053639846743293,0.625,0.4395027173538578,0.75,0.5175547221619168,1.0,1.0,0.6668350118857609,0.8491953400100891,0.9787603222441174,0.06369590941549452,instance,complexity_N1_top25
1,0.6243589743589744,0.6,0.26053639846743293,0.4583333333333333,0.42306744544780506,0.3333333333333333,0.5175784694489105,1.0,1.0,0.6669203988158392,0.8371540441121007,0.9947145334839087,-0.023747559779467624,instance,complexity_N1_top25
1,0.11992263056092844,0.0,0.17000000000000004,0.4583333333333333,0.29181440163987615,0.0,0.45819351186727897,0.9954493742889647,1.0,0.6668576223214889,0.8225803916918398,0.9974832162828234,1.0736297511699349,instance,complexity_N1_top25
1,0.6443768996960486,0.4,0.19999999999999996,0.3333333333333333,0.4581289236443843,1.0,0.5572085106643605,1.0,1.0,0.6667760755946333,0.8343226712355499,0.9984676736747989,0.44191158856628726,instance,complexity_N1_top25
1,0.044117647058823595,0.2,0.17000000000000004,0.4583333333333333,0.28613713151086445,0.0,0.46618450980229476,0.9982935153583617,1.0,0.666848415489774,0.8075436444921216,0.9878729410863233,0.40920556646879985,instance,complexity_N1_top25
1,0.4,0.4,0.26053639846743293,0.4583333333333333,0.39333806826671613,0.0,0.4934022717204497,0.9994311717861206,1.0,0.6668472157401848,0.8520916004787112,0.9885131183528221,0.664778904571353,instance,complexity_N1_top25
1,0.25384615384615383,0.4,0.19999999999999996,0.4166666666666667,0.4634077573165105,0.375,0.49880157936465763,0.9994311717861206,1.0,0.6669799720211154,0.8526000877067405,0.9995033723826008,-0.08717642979765804,instance,complexity_N1_top25
1,0.5346585117227319,0.2,0.7060133630289532,0.5,0.46149962680974654,1.0,0.5035959416830136,1.0,1.0,0.6670870257906666,0.834222649281608,0.9944203169151662,-0.22657135567199643,instance,complexity_N1_top25
1,0.23100303951367784,0.6,0.6037735849056604,0.375,0.46288873320097457,1.0,0.527169679966475,1.0,1.0,0.666889814388369,0.8495855075461256,0.9854684445715958,-0.5429981750714752,instance,complexity_N1_top25
1,0.07446808510638303,0.2,0.17000000000000004,0.4583333333333333,0.35612397357179126,0.14285714285714285,0.48541662923714335,0.9994311717861206,1.0,0.6668239004247849,0.8451726203214847,0.9897697770147071,0.3552584389785954,instance,complexity_N1_top25
1,0.566289592760181,0.6,0.7285714285714286,0.4166666666666667,0.46002240339098655,0.0,0.49134981959973145,0.9994311717861206,1.0,0.6669977264749538,0.863741704262104,0.9857387630820957,0.07837451363268683,instance,complexity_N1_top25
0,0.6256410256410256,0.6,0.7727272727272727,0.2916666666666667,0.6101212327322479,1.0,0.5088907638702089,1.0,1.0,0.6668002546009215,0.8170128717536622,0.951786895125025,-0.47853313657447377,instance,complexity_N1_top25
1,0.19083155650319839,0.2,0.30201342281879195,0.4166666666666667,0.34274300617485565,0.0,0.4139290397038671,0.9982935153583617,1.0,0.6668762129878887,0.871388144114545,0.9978575624740873,0.699862977066729,instance,complexity_N1_top25
1,0.7663043478260869,0.8,0.2272727272727273,0.3333333333333333,0.43679639218308086,1.0,0.5530354036058416,1.0,1.0,0.6668064851964729,0.8420306494021987,0.9811214033059142,0.23767051588380037,instance,complexity_N1_top25
1,0.11940298507462688,0.0,0.26053639846743293,0.625,0.40435895544900935,0.0,0.42220086638025,0.9948805460750854,1.0,0.666825812038039,0.8385174317245065,0.9850664262938188,0.5405236985161023,instance,complexity_N1_top25
1,0.21296296296296302,0.2,0.24444444444444446,0.4583333333333333,0.2836454512026524,0.0,0.4607702490733985,0.9982935153583617,1.0,0.6670135359673608,0.8140366442324672,0.9852863860985271,0.8029752259934617,instance,complexity_N1_top25
1,0.0625,0.4,0.3137254901960784,0.25,0.4118582932015719,1.0,0.5031189523357149,1.0,1.0,0.6669054086335651,0.8350820961462732,0.9857059443844629,0.28636339131347316,instance,complexity_N1_top25
1,0.375,0.2,0.7285714285714286,0.4166666666666667,0.4139779458943109,0.0,0.4614162771200817,0.9982935153583617,1.0,0.6669719770777622,0.8446735189816964,0.9928293406643581,0.2090431136893133,instance,complexity_N1_top25
1,0.5018867924528302,0.6,0.24444444444444446,0.4166666666666667,0.45773826423025954,0.0,0.49537986687485847,0.9994311717861206,1.0,0.6670997638572435,0.8440073347645186,0.9974335209496512,-0.14693424413935624,instance,complexity_N1_top25
1,0.4845588235294118,0.4,0.30201342281879195,0.4166666666666667,0.4541774372538132,0.25,0.4854179230904365,0.9994311717861206,1.0,0.6668561196690318,0.8765564716970186,0.9983110386575565,-0.02953479707502059,instance,complexity_N1_top25
1,0.0,0.6,0.19999999999999996,0.2916666666666667,0.17198979661878394,0.0,0.49929668706695274,0.9994311717861206,1.0,0.6668610538798012,0.8414652533066694,0.9949304842377688,2.1397543304915727,instance,complexity_N1_top25
1,0.15000000000000002,0.4,0.7060133630289532,0.625,0.4336787079007439,0.0,0.453148640399327,0.9988623435722411,1.0,0.6669197141058473,0.8315018648401022,0.984989157749164,-0.39508715300462205,instance,complexity_N1_top25
1,0.0,0.2,0.24444444444444446,0.4166666666666667,0.2008409696515998,0.0,0.46995846628633275,0.9977246871444824,1.0,0.6668700529900797,0.8529816474019644,0.9809092349882199,1.1894466196083575,instance,complexity_N1_top25
1,0.19083155650319839,0.2,0.5154639175257731,0.4166666666666667,0.3439565321525495,0.0,0.38122135664383283,0.9988623435722411,1.0,0.666903509360544,0.8452831224695477,0.9987832560411226,1.0278719445918616,instance,complexity_N1_top25
1,0.42991452991452994,0.6,0.24444444444444446,0.4583333333333333,0.435308993119064,0.0,0.4729355702459308,0.9994311717861206,1.0,0.6669222851431363,0.8634444607321327,0.9857382370175922,0.23637815802723,instance,complexity_N1_top25
1,0.2840401785714286,0.4,0.09722222222222221,0.5416666666666666,0.4447081286563265,0.5,0.48167651088211605,0.9994311717861206,1.0,0.6668251187997634,0.8402191237217934,0.9754559558558333,0.005215124882446878,instance,complexity_N1_top25
1,0.08823529411764708,0.2,0.5024875621890548,0.375,0.4411886476186062,0.0,0.4748125825004882,0.9988623435722411,1.0,0.6670873054920542,0.8535461435649954,0.9997210360053354,0.21323337699076217,instance,complexity_N1_top25
1,0.6129629629629629,0.4,0.24444444444444446,0.375,0.4330150185451841,1.0,0.5107424719434819,1.0,1.0,0.6669278105289246,0.8530818777438389,0.9933464789674408,0.1306266273961105,instance,complexity_N1_top25
1,0.3369175627240144,0.0,0.09722222222222221,0.4583333333333333,0.43350967880905517,0.0,0.4615860897546885,0.9960182025028441,1.0,0.666872154313839,0.8540680780482609,0.9842208962585705,0.602317224249351,instance,complexity_N1_top25
1,0.2970588235294118,0.4,0.24444444444444446,0.4166666666666667,0.46120915391556927,0.0,0.46204358038141125,0.9988623435722411,1.0,0.6669598679327445,0.8544372374448546,0.9878125594328173,0.1174454531908846,instance,complexity_N1_top25
1,0.3369175627240144,0.2,0.5024875621890548,0.9166666666666666,0.3731467659782314,0.0,0.49569556639394496,0.9982935153583617,1.0,0.6668495108005564,0.8424373373793251,0.9889832275832375,0.8240135867717503,instance,complexity_N1_top25
1,0.42891566265060244,0.0,0.24444444444444446,0.4583333333333333,0.4192484302775208,0.0,0.4154460213223742,0.9931740614334471,1.0,0.6668506529673228,0.8598261063584006,0.990420949604826,0.5090427085812441,instance,complexity_N1_top25
1,0.28457446808510634,0.2,0.26053639846743293,0.625,0.4364534875294874,0.0,0.47006505319760183,0.9982935153583617,1.0,0.6668352048077327,0.8266396730848408,0.9910357991254866,0.8663672613399571,instance,complexity_N1_top25
0,0.38703703703703707,0.4,0.9027777777777778,0.25,0.5884387054432324,0.6666666666666666,0.5783431681471496,1.0,1.0,0.6668893990472198,0.8436575655002236,0.9958403282867861,-0.45612273979409373,instance,complexity_N1_top25
1,0.08823529411764708,0.0,0.07843137254901966,0.4166666666666667,0.2948924597714587,0.0,0.4542645551495432,0.9908987485779295,1.0,0.6667227529299354,0.8275323380212838,0.9807697053314917,1.3737017050379614,instance,complexity_N1_top25
1,0.6167247386759582,0.4,0.2272727272727273,0.375,0.4064332626841731,0.0,0.48109984437427633,0.9988623435722411,1.0,0.6668222561783014,0.8402539425166338,0.9922708515018828,-0.3091009966795794,instance,complexity_N1_top25
1,0.3041666666666667,0.2,0.17000000000000004,0.5,0.28266376549032984,0.0,0.480984603523656,0.9994311717861206,1.0,0.6669717415351407,0.8374042248345195,0.9969743457313684,1.8768572914980488,instance,complexity_N1_top25
1,0.6303921568627451,0.4,0.09722222222222221,0.4583333333333333,0.43950844225649954,0.0,0.4975542621363247,0.9994311717861206,1.0,0.666786770057596,0.8532592275119779,0.9932204073493501,0.2811404263632202,instance,complexity_N1_top25
1,0.29166666666666674,0.2,0.2142857142857143,0.2916666666666667,0.206353862025888,0.0,0.4739194157326925,0.9988623435722411,1.0,0.6667873719127159,0.8335862111799844,0.9956537633152514,1.0194865493882592,instance,complexity_N1_top25
1,0.18435754189944142,0.0,0.24444444444444446,0.5416666666666666,0.3752262497672215,0.0,0.4642156449931786,0.9931740614334471,1.0,0.6668883316522841,0.8440115566566153,0.9935170193902406,0.5547630268197343,instance,complexity_N1_top25
0,0.6489757914338921,0.6,0.7555555555555555,0.5416666666666666,0.5948176535206516,1.0,0.5288273330022152,1.0,1.0,0.6669277946746874,0.851261275057698,0.9894074521826289,-0.9436837378016523,instance,complexity_N1_top25
1,0.08823529411764708,0.6,0.07843137254901966,0.4166666666666667,0.45131877613124244,1.0,0.5008824583609999,1.0,1.0,0.666852642970622,0.83696692852881,0.9853805020561069,0.8929052502362369,instance,complexity_N1_top25
1,0.27213541666666674,0.2,0.07843137254901966,0.4166666666666667,0.4276052363751698,0.0,0.4912618157107097,0.9994311717861206,1.0,0.6668454547857278,0.8435786348015951,0.9919226309196818,0.3281254844524719,instance,complexity_N1_top25
1,0.0,0.2,0.2272727272727273,0.375,0.29748075736902235,0.0,0.48206421318505344,0.9988623435722411,1.0,0.6668164224092238,0.8622912643104353,0.997749683041343,0.30100776274310115,instance,complexity_N1_top25
1,0.23567708333333326,0.2,0.24444444444444446,0.5,0.4038170508066156,0.0,0.4937171606673051,0.9994311717861206,1.0,0.6670091580783016,0.8476087177817548,0.998365208451496,0.7276101587504634,instance,complexity_N1_top25
0,0.5076190476190476,0.6,0.27142857142857146,0.5833333333333334,0.5742204109557485,1.0,0.5326399920044955,1.0,1.0,0.666811970292668,0.833184947513147,0.9926190143295626,-0.9795402639132754,instance,complexity_N1_top25
1,0.25384615384615383,0.2,0.19999999999999996,0.3333333333333333,0.45730952769524735,0.0,0.49530667666953365,0.9988623435722411,1.0,0.6669464442591194,0.8264316794642863,0.9763114878342544,0.21577686847069924,instance,complexity_N1_top25
1,0.5416666666666666,0.8,0.5154639175257731,0.4166666666666667,0.4613391947660417,1.0,0.5964431158614778,1.0,1.0,0.6668368432458021,0.8521954140847654,0.9953222711761008,0.11874586470397044,instance,complexity_N1_top25
1,0.10833333333333339,0.4,0.6037735849056604,0.375,0.4516297734610196,0.0,0.45164828788934297,0.9988623435722411,1.0,0.6668750125513149,0.821615001864008,0.9985790834031546,-0.39430550229060063,instance,complexity_N1_top25
1,0.5273809523809524,0.2,0.07843137254901966,0.4166666666666667,0.39711219101203865,0.0,0.4752502862135951,0.9977246871444824,1.0,0.6669105925757097,0.8224214308275104,0.9984585389148858,1.179062949601825,instance,complexity_N1_top25
1,0.0,0.4,0.19999999999999996,0.4166666666666667,0.17198979661878394,1.0,0.5018782568623096,1.0,0.92,0.13611945150263569,0.7786444717912301,0.9673581487733176,5.249050259208146,instance,complexity_N1_top25
1,0.5902140672782874,0.4,0.24444444444444446,0.4166666666666667,0.41127844587584406,1.0,0.5237368007953269,1.0,1.0,0.6666686471349349,0.8345585386453555,0.996372217498594,0.47133504562883627,instance,complexity_N1_top25
1,0.20234375000000004,0.2,0.24444444444444446,0.5,0.44950717207217206,0.0,0.4735017235098856,0.9988623435722411,1.0,0.667096019469891,0.8738507266457611,0.9910523415201631,0.5216022498719893,instance,complexity_N1_top25
1,0.20833333333333326,0.0,0.26053639846743293,0.4583333333333333,0.17589370012187056,0.0,0.4394998992869885,0.9960182025028441,1.0,0.6667247642917452,0.8372576640884666,0.9865224051936334,-0.26363498375067324,instance,complexity_N1_top25
1,0.0625,0.0,0.19999999999999996,0.2916666666666667,0.32099885101777126,0.0,0.44225747898321455,0.997155858930603,1.0,0.6669897135386345,0.8323041009921838,0.9849137666638161,0.8333583687945266,instance,complexity_N1_top25
0,0.375,0.8,0.27142857142857146,0.5833333333333334,0.7246256908473078,1.0,0.5191639347430854,1.0,0.96,0.6666666666666666,0.8121865802231193,0.9946735881018689,-0.8717604365231323,instance,complexity_N1_top25
0,0.5833333333333334,0.8,0.27142857142857146,0.4166666666666667,0.5726779095034492,1.0,0.5103535147920385,1.0,1.0,0.6668359993416043,0.8358990586627729,0.9903891033257206,-0.041273365708997534,instance,complexity_N1_top25
1,0.24583333333333335,0.2,0.30201342281879195,0.5416666666666666,0.437250876492583,0.0,0.4664040750852021,0.9977246871444824,1.0,0.6668973413864765,0.8686548025068259,0.9852799775460888,0.5689600666613766,instance,complexity_N1_top25
1,0.31805555555555554,0.4,0.5154639175257731,0.4166666666666667,0.3957111213753163,0.0,0.4912974892289895,0.9982935153583617,1.0,0.6669348770948037,0.8493889533244955,0.9907088111676094,0.9530504303333122,instance,complexity_N1_top25
0,0.48328267477203646,0.6,0.4365079365079365,0.4583333333333333,0.7087344935096321,1.0,0.5217882298352544,1.0,0.96,0.6666666666666666,0.8430841970042673,0.9955025967272264,-0.5369345568578849,instance,complexity_N1_top25
1,0.125,0.2,0.26053639846743293,0.625,0.3440891986986373,0.5,0.4695524368475267,0.9994311717861206,1.0,0.6667899639616055,0.8201116990969581,0.9958956547758623,0.3877868894357206,instance,complexity_N1_top25
1,0.1958333333333333,0.0,0.7285714285714286,0.4583333333333333,0.3981047020636216,0.0,0.4778131024842265,0.9954493742889647,1.0,0.6669806452357487,0.8252782226357225,0.9809296551930881,-0.3056671121444922,instance,complexity_N1_top25
1,0.6303921568627451,0.6,0.575,0.25,0.45988534206711684,1.0,0.5735237810014746,1.0,1.0,0.6668398177456171,0.8495887575589188,0.9913289918335356,0.01751295795188127,instance,complexity_N1_top25
1,0.375,0.2,0.575,0.2916666666666667,0.20612065907380162,1.0,0.5686558558285459,1.0,1.0,0.6668228190571494,0.8428509343244486,0.9946854934378956,1.292596964381941,instance,complexity_N1_top25
1,0.6258064516129033,0.8,0.7285714285714286,0.4583333333333333,0.450944773772446,0.5,0.5025352294070463,1.0,1.0,0.667053561089273,0.8449832820188661,0.9997701942724067,-0.444802071099125,instance,complexity_N1_top25
1,0.2549019607843137,0.4,0.575,0.2916666666666667,0.42281822595344337,0.0,0.49614227175565273,0.9994311717861206,1.0,0.6668951852231606,0.8254825461018962,0.97161005125966,0.919180461402339,instance,complexity_N1_top25
1,0.28457446808510634,0.6,0.26053639846743293,0.6666666666666666,0.45925759229453345,0.3333333333333333,0.4838570678677797,0.9988623435722411,1.0,0.666675504477112,0.8553469547294457,0.9763678057786379,-0.2712080183551164,instance,complexity_N1_top25
1,0.32830930537352554,0.2,0.2272727272727273,0.3333333333333333,0.4519313358035078,0.0,0.4540387461572968,0.9977246871444824,1.0,0.6668143343459617,0.878768338203044,0.9951084415851977,-0.12258238897617396,instance,complexity_N1_top25
0,0.49311926605504586,1.0,0.9027777777777778,0.2916666666666667,0.5437181425694781,1.0,0.5305455754196722,1.0,0.96,0.6666666666666666,0.8441152156331487,0.9786821146960984,-0.09511497448347284,instance,complexity_N1_top25
1,0.5346585117227319,1.0,0.7060133630289532,0.4583333333333333,0.46090517287593447,1.0,0.5457953319580396,1.0,1.0,0.6667810678130676,0.8369093348500803,0.993493864234862,-0.3698344486791526,instance,complexity_N1_top25
1,0.44736842105263164,0.4,0.7060133630289532,0.5416666666666666,0.4586743691404368,0.5,0.5407408672474724,1.0,1.0,0.6667340197010461,0.8337152938153983,0.9911938548697473,-0.780965955611744,instance,complexity_N1_top25
1,0.10833333333333339,0.2,0.30201342281879195,0.4166666666666667,0.45119461351114654,0.0,0.46673014432411175,0.9982935153583617,1.0,0.6668682710285228,0.8341526719871704,0.9996192244025124,0.45956361966824133,instance,complexity_N1_top25
1,0.2970588235294118,0.4,0.7060133630289532,0.4583333333333333,0.4493317024400628,0.0,0.4919953950585977,0.9994311717861206,1.0,0.6669803876632697,0.8554358864177674,0.9950126603132979,-0.031260011718900145,instance,complexity_N1_top25
1,0.19083155650319839,0.2,0.5024875621890548,0.5833333333333334,0.40417240421633915,0.0,0.4256034390401595,0.9982935153583617,1.0,0.6669983613432229,0.8555619653248527,0.9888004285466032,1.6888449809038653,instance,complexity_N1_top25
0,0.6737588652482269,0.8,0.9215686274509804,0.3333333333333333,0.5404102065385118,1.0,0.5325683394736884,1.0,1.0,0.6668382321611546,0.8340835205216932,0.9999191894567796,-0.2113760347244132,instance,complexity_N1_top25
1,0.0,0.0,0.24444444444444446,0.5,0.190816576716054,0.0,0.3605483877104193,0.9965870307167235,1.0,0.6670060332891656,0.8626737704328531,0.9972072480862746,1.8350358153487358,instance,complexity_N1_top25
1,0.29761904761904767,0.6,0.7060133630289532,0.4583333333333333,0.461811209640273,1.0,0.5125977271966171,1.0,1.0,0.6668034528549855,0.8399470788080725,0.9941095552272056,0.280915411530849,instance,complexity_N1_top25
0,0.7564102564102564,0.6,0.9027777777777778,0.2916666666666667,0.8260462373658654,1.0,0.5281593821044677,1.0,1.0,0.6668344701728307,0.8483989884131604,0.9912583830103106,-0.7605908520820921,instance,complexity_N1_top25
1,0.22916666666666674,0.4,0.24444444444444446,0.5,0.21862531367144078,1.0,0.5768534433534798,1.0,1.0,0.6668554558006158,0.86027723217544,0.9998007218025264,1.3049473138420125,instance,complexity_N1_top25
1,0.19736842105263164,0.2,0.07843137254901966,0.4166666666666667,0.4373198569684593,0.0,0.47606957736067823,0.9982935153583617,1.0,0.6668118312814749,0.8034942085364536,0.9883960817188769,0.083435713949281,instance,complexity_N1_top25
1,0.044117647058823595,0.2,0.24444444444444446,0.4583333333333333,0.3806016546566827,0.5,0.5106940001843785,1.0,1.0,0.6667560037762729,0.8368418725479733,0.9979576145507307,1.178333873708896,instance,complexity_N1_top25
1,0.6455823293172691,0.8,0.7060133630289532,0.5833333333333334,0.4580876431146539,1.0,0.5405009720075077,1.0,1.0,0.6668713104471424,0.8315977422415175,0.9832876549541255,1.0581583245549262,instance,complexity_N1_top25
1,0.7002551020408163,0.4,0.30201342281879195,0.4166666666666667,0.4497458300009688,0.0,0.4813833840340963,0.9994311717861206,1.0,0.6668136812297557,0.85535175542997,0.9946100162814487,-0.1412303999301449,instance,complexity_N1_top25
1,0.44009216589861755,0.2,0.26053639846743293,0.7916666666666666,0.44383099340454424,0.5,0.5058879134104162,1.0,1.0,0.6668108351348423,0.8513958628739715,0.9955578907361095,0.4544781761307521,instance,complexity_N1_top25
1,0.19083155650319839,0.0,0.5024875621890548,0.9583333333333334,0.42262254786246356,0.0,0.4715318403502019,0.9948805460750854,1.0,0.6669056664000351,0.8624959487719568,0.9995006082916468,1.328928870123023,instance,complexity_N1_top25
1,0.23611111111111116,0.2,0.09722222222222221,0.4583333333333333,0.3256833023413991,0.3333333333333333,0.5191394225163836,1.0,1.0,0.6666787420217162,0.857623239151902,0.9940378059445936,1.3212702724895196,instance,complexity_N1_top25
1,0.5146299483648882,0.6,0.7060133630289532,0.625,0.45852993112647766,1.0,0.5014285531249064,1.0,1.0,0.6671109003860581,0.8468371104602562,0.9998480489434075,-0.018804312626205903,instance,complexity_N1_top25
1,0.16666666666666674,0.2,0.07843137254901966,0.4166666666666667,0.2172901262536927,0.0,0.47598505928773116,0.9982935153583617,1.0,0.6669331766335259,0.8431326727879264,0.9902694580253133,1.5106286206471495,instance,complexity_N1_top25
1,0.0625,0.0,0.24444444444444446,0.4166666666666667,0.42985041074525854,0.0,0.43516580690713247,0.9920364050056882,1.0,0.666842499164381,0.8653505424268757,0.9941091127168918,0.6222167778229682,instance,complexity_N1_top25
1,0.0,0.0,0.2272727272727273,0.3333333333333333,0.4590226611126762,0.0,0.4476879161668015,0.9954493742889647,1.0,0.6668107031060208,0.8151802473351171,0.9911087425631026,-0.5129058625063301,instance,complexity_N1_top25
1,0.35080645161290325,0.2,0.09722222222222221,0.4583333333333333,0.39609528418033035,1.0,0.523591290187811,1.0,1.0,0.6668347743646831,0.8610212495992784,0.9985308247846411,0.9514143442375056,instance,complexity_N1_top25
1,0.6288019863438858,0.6,0.26053639846743293,0.625,0.440943129428529,0.625,0.473847203539701,0.9994311717861206,1.0,0.6669404815307939,0.8721592957094586,0.9928077391529238,0.3676990105764411,instance,complexity_N1_top25
1,0.25234375,0.2,0.24444444444444446,0.4166666666666667,0.4561285833855142,0.0,0.47717860008249513,0.9977246871444824,1.0,0.6670226977961567,0.8444734862052988,0.9889994078380157,-0.018510453247607056,instance,complexity_N1_top25
1,0.2930232558139535,0.2,0.2272727272727273,0.375,0.41262826253135054,0.0,0.4281067433266752,0.9977246871444824,1.0,0.6667247715759418,0.8384553765194492,0.9890655988871816,-0.031109756184501215,instance,complexity_N1_top25
1,0.22580645161290325,0.0,0.26053639846743293,0.625,0.45049865511455955,0.0,0.43169033462856854,0.9926052332195677,1.0,0.6669096485436762,0.8476826372573147,0.9837268793292145,0.7588960421943866,instance,complexity_N1_top25
1,0.37435897435897436,0.0,0.7285714285714286,0.3333333333333333,0.31724950687894,0.0,0.46753740464032656,0.997155858930603,1.0,0.6668481108668249,0.8361378753219766,0.9995579650816299,0.33050130079770695,instance,complexity_N1_top25
1,0.10833333333333339,0.0,0.09722222222222221,0.4583333333333333,0.350598018689832,0.0,0.4343319316123908,0.9965870307167235,1.0,0.6669299692716516,0.8271680558669854,0.9987327378120419,1.0504513028628888,instance,complexity_N1_top25
1,0.5518867924528301,0.6,0.5024875621890548,0.9166666666666666,0.27535256126167706,1.0,0.5047481246361012,1.0,1.0,0.6669395940078818,0.8622709275487179,0.9985555405825749,-0.17172577756687135,instance,complexity_N1_top25
1,0.16666666666666674,0.2,0.575,0.2916666666666667,0.23020107164122994,1.0,0.5057984486357038,1.0,1.0,0.6669229092379259,0.8116520190962373,0.9981597762426625,1.545224156523727,instance,complexity_N1_top25
1,0.18435754189944142,0.6,0.24444444444444446,0.5833333333333334,0.39283484918889056,0.0,0.48412306694643203,0.9994311717861206,1.0,0.6669532393573008,0.8293279054682137,0.9662464579000313,0.6766498934595341,instance,complexity_N1_top25
1,0.5758064516129032,0.8,0.30201342281879195,0.4166666666666667,0.4547917751885183,0.5,0.5509522066512481,1.0,1.0,0.6669544059255512,0.8663430516133108,0.9976586039250616,-0.3264268205041783,instance,complexity_N1_top25
1,0.27976190476190477,0.2,0.26053639846743293,0.75,0.458084781085517,0.0,0.4758812539627786,0.9988623435722411,1.0,0.666749083701943,0.8439518915238817,0.9973095761604381,-0.11371120760550486,instance,complexity_N1_top25
1,0.4083333333333333,0.2,0.30201342281879195,0.4166666666666667,0.46375970457702265,0.3333333333333333,0.4965696963888695,0.9994311717861206,1.0,0.6668263245919802,0.8462858413444106,0.9901801495686019,-0.028634961419101608,instance,complexity_N1_top25
1,0.20833333333333326,0.2,0.5634920634920635,0.5,0.4476241269975074,1.0,0.5020108681655107,1.0,1.0,0.6668021264690968,0.866681690889861,0.998756588823022,-0.032545960046819394,instance,complexity_N1_top25
1,0.3272146847565842,0.0,0.24444444444444446,0.4583333333333333,0.42828048375090555,0.0,0.4153749901420667,0.9948805460750854,1.0,0.6670116689378288,0.8389674060019588,0.9925906618171978,0.8064471055198562,instance,complexity_N1_top25
1,0.511520737327189,0.4,0.2272727272727273,0.3333333333333333,0.43777265869086746,0.0,0.48420813508452876,0.9988623435722411,1.0,0.6667310784155105,0.8436739738370924,0.993393253783488,-0.1567142327988921,instance,complexity_N1_top25
1,0.0,0.0,0.26053639846743293,0.4583333333333333,0.4330665800289717,0.0,0.4502385759852834,0.9948805460750854,0.96,0.6635610042558152,0.8348510935037838,0.989506821546889,0.03434253321308119,instance,complexity_N1_top25
1,0.11940298507462688,0.2,0.17000000000000004,0.4583333333333333,0.4040090782621374,0.5,0.5081644284368927,1.0,1.0,0.6669399041238858,0.8597527916429114,0.9752072957969217,1.1188501033754277,instance,complexity_N1_top25
1,0.4376344086021505,0.0,0.19999999999999996,0.4583333333333333,0.4623749239958169,0.0,0.41503346402914953,0.9960182025028441,0.96,0.6666666666666666,0.8153249044898128,0.9960906858322026,-0.07904368424811521,instance,complexity_N1_top25
1,0.25384615384615383,0.2,0.19999999999999996,0.4583333333333333,0.46216115489636245,0.0,0.47723935725353706,0.9988623435722411,1.0,0.6667312152297715,0.8408359751032944,0.9931089111437078,-0.567799700901529,instance,complexity_N1_top25
1,0.11940298507462688,0.2,0.3137254901960784,0.25,0.4427684360831795,0.0,0.46138594160403656,0.9977246871444824,1.0,0.6667069990731699,0.8380366957028119,0.9969786527807735,0.6909099689479595,instance,complexity_N1_top25
1,0.3041666666666667,0.2,0.26053639846743293,0.625,0.32099820551469394,0.0,0.4867754196758768,0.9994311717861206,1.0,0.6669155573084408,0.8383018048658581,0.9926618196484405,1.3402897397331102,instance,complexity_N1_top25
1,0.3369175627240144,0.0,0.17000000000000004,0.4583333333333333,0.4459823700668958,0.0,0.3951647899581552,0.9920364050056882,1.0,0.6667583818794623,0.8427669063845477,0.9928780500498031,0.48826837080085633,instance,complexity_N1_top25
1,0.0,0.4,0.7285714285714286,0.4166666666666667,0.19702626429058423,0.0,0.49862177197881785,0.9994311717861206,0.96,0.6221055836095336,0.8108436536399611,0.9993911881955266,0.8051049420523582,instance,complexity_N1_top25
1,0.3205128205128205,0.4,0.24444444444444446,0.5416666666666666,0.4028245439557776,0.3333333333333333,0.48258791368795373,0.9982935153583617,1.0,0.6669455823049643,0.8479525761672738,0.9867540997707376,0.8170872533932507,instance,complexity_N1_top25
1,0.19083155650319839,0.2,0.24444444444444446,0.4583333333333333,0.38976101686006503,0.0,0.48737739678873326,0.9982935153583617,1.0,0.6669650937252877,0.8466661135712799,0.9982918935246137,1.3970574636463653,instance,complexity_N1_top25
0,0.45202558635394463,0.4,0.7555555555555555,0.5,0.5982341882225698,0.0,0.48960823335031933,0.9991935483870967,1.0,0.6668630826316838,0.8677555394995699,0.9970983353544705,-1.0515575693599368,instance,complexity_N1_top25
1,0.20273631840796025,0.2,0.24444444444444446,0.5416666666666666,0.39790100624485125,0.0,0.480601678707011,0.9982935153583617,1.0,0.6668895506981533,0.862446082006297,0.9948160389852874,1.086598781851351,instance,complexity_N1_top25
1,0.5758064516129032,0.8,0.5024875621890548,0.6666666666666666,0.45198263488000023,1.0,0.5230703427375127,1.0,1.0,0.6670038212329462,0.8621287559059059,0.9940206851391048,-0.1033780675103765,instance,complexity_N1_top25
1,0.15957446808510634,0.2,0.7060133630289532,0.5,0.4636312774626238,0.0,0.4868459552999521,0.9988623435722411,1.0,0.6668249137103813,0.8155604012611224,0.9641996360701279,-0.1282636906870688,instance,complexity_N1_top25
1,0.625,0.2,0.09722222222222221,0.5416666666666666,0.18086759649504147,1.0,0.5064672516490203,1.0,1.0,0.6669334512928218,0.8338513732299739,0.9882993427534439,1.3952394701978563,instance,complexity_N1_top25
1,0.12745098039215685,0.2,0.5024875621890548,0.9166666666666666,0.31138189025783686,1.0,0.5050570292709988,1.0,1.0,0.6669265702730042,0.8379889791968534,0.9981715484561416,0.6729131846961476,instance,complexity_N1_top25
1,0.3262411347517731,0.4,0.07843137254901966,0.4166666666666667,0.44530680295731007,0.0,0.47685675198349,0.9988623435722411,1.0,0.6668344848023264,0.8428596114851576,0.9954616813270712,1.1790884861715525,instance,complexity_N1_top25
1,0.291025641025641,0.0,0.24444444444444446,0.4583333333333333,0.4289232500529062,0.0,0.45982512291591193,0.9926052332195677,1.0,0.6668818232083267,0.8482336448118462,0.9932428024645328,0.7306482146881308,instance,complexity_N1_top25
1,0.125,0.2,0.19999999999999996,0.2916666666666667,0.17198979661878394,0.0,0.4766519336916477,0.9982935153583617,0.96,0.6113597848838715,0.8124375177560929,0.9641997471623441,3.3113968383569827,instance,complexity_N1_top25
0,0.8091684434968017,0.8,0.83,0.375,0.7641727019949976,1.0,0.5146149177122006,1.0,1.0,0.6668735508287451,0.8445794948822517,0.9992004705464108,-1.1433105821636766,instance,complexity_N1_top25
1,0.4432013769363168,1.0,0.7060133630289532,0.2916666666666667,0.4617113140731994,1.0,0.5655063261799538,1.0,1.0,0.6668712035367959,0.8500907256793859,0.9942339382447228,-0.19757004784004042,instance,complexity_N1_top25
1,0.5902140672782874,0.4,0.19999999999999996,0.4583333333333333,0.45885389992928205,1.0,0.5162459837598901,1.0,1.0,0.6668041063900737,0.8348078790398324,0.9956338815388429,-0.127446410648284,instance,complexity_N1_top25
1,0.7002551020408163,0.6,0.24444444444444446,0.5833333333333334,0.4604904969242719,1.0,0.5600858147898649,1.0,1.0,0.6667752092954029,0.8497783629567489,0.9900619573896131,-0.14387166685196776,instance,complexity_N1_top25
0,0.74765625,0.6,0.3666666666666667,0.20833333333333334,0.5411579150409992,0.25,0.498815460064994,0.9991935483870967,1.0,0.6668268333610557,0.8455539400808229,0.9987168925049288,-0.20539433951531907,instance,complexity_N1_top25
1,0.09302325581395343,0.4,0.26053639846743293,0.375,0.4089515283119559,0.3333333333333333,0.5073026900742014,1.0,1.0,0.6668138979038273,0.8629778068267635,0.9990888471848063,0.6941331623912379,instance,complexity_N1_top25
1,0.15000000000000002,0.0,0.07843137254901966,0.4166666666666667,0.25660592531082616,0.0,0.4679689393085511,0.9965870307167235,1.0,0.6667692222277198,0.8542242461744856,0.9864955623440614,1.5480741546445647,instance,complexity_N1_top25
1,0.5083333333333333,0.8,0.3137254901960784,0.2916666666666667,0.4619400179958014,0.5,0.5289886212279299,1.0,1.0,0.6668243623246067,0.8376632236080502,0.9974772035728089,-0.3624919277070973,instance,complexity_N1_top25
1,0.3709677419354839,0.6,0.19999999999999996,0.4166666666666667,0.45695962786412136,0.5,0.5029191879325555,1.0,1.0,0.6668904743404162,0.8370198477039332,0.9838865295634351,0.47731437953100797,instance,complexity_N1_top25
1,0.09302325581395343,0.6,0.17000000000000004,0.4583333333333333,0.3014742264880611,1.0,0.5167056220015847,1.0,1.0,0.6668091625957012,0.816820175743336,0.9932106339967087,0.4948272149760816,instance,complexity_N1_top25
1,0.3684873949579832,0.8,0.6728395061728395,0.4166666666666667,0.44651032415961955,1.0,0.546435696211754,1.0,1.0,0.6672847623348693,0.8557448285072404,0.9864504961695043,0.24884886482892704,instance,complexity_N1_top25
0,0.5378646803227809,0.8,0.697986577181208,0.375,0.5656273539541307,0.5,0.553956601084073,1.0,1.0,0.6668662822990882,0.863097805917786,0.9999741231374938,-0.7526414639210778,instance,complexity_N1_top25
1,0.475,0.0,0.26053639846743293,0.4583333333333333,0.4558697621198253,0.0,0.48031537763161947,0.997155858930603,1.0,0.6669043404837727,0.8668662427412392,0.9900190490931335,0.5337957273844854,instance,complexity_N1_top25
0,0.74765625,0.8,0.7555555555555555,0.375,0.5483511421355668,0.75,0.5403720602579936,1.0,1.0,0.6668770736462737,0.8505063488342409,0.9965447455234808,-0.5137199159165294,instance,complexity_N1_top25
1,0.34166666666666656,0.2,0.30201342281879195,0.5416666666666666,0.4239603741399476,0.0,0.49472308022652156,0.9988623435722411,1.0,0.6669052687332774,0.8428251291601438,0.996713146100018,0.35771323525905124,instance,complexity_N1_top25
1,0.0714285714285714,0.0,0.2142857142857143,0.2916666666666667,0.22683835419884973,0.0,0.45999225113325337,0.9908987485779295,1.0,0.6669119964514496,0.855049093417439,0.9993755282727531,1.677552389152731,instance,complexity_N1_top25
1,0.20273631840796025,0.0,0.24444444444444446,0.4583333333333333,0.3767569151929038,0.0,0.39395314442328333,0.9914675767918089,1.0,0.6669343106973177,0.8481584518114152,0.9957615405796615,1.193356517377555,instance,complexity_N1_top25
1,0.3973684210526316,0.4,0.07843137254901966,0.4166666666666667,0.42516001740082165,1.0,0.5065897884083868,1.0,1.0,0.6667584866715462,0.8306278292979948,0.9933769967371092,0.7100288435340606,instance,complexity_N1_top25
1,0.22580645161290325,0.2,0.26053639846743293,0.4166666666666667,0.3493725711747331,1.0,0.5061854976992037,1.0,1.0,0.666837104706517,0.8348079466781861,0.9977581704192747,0.8271361578717938,instance,complexity_N1_top25
1,0.35080645161290325,0.8,0.5634920634920635,0.4166666666666667,0.4550378412098627,1.0,0.5052580834548388,1.0,1.0,0.6670581481410196,0.8661800809532619,0.9989699284403605,-0.08630671752685451,instance,complexity_N1_top25
1,0.2970588235294118,0.0,0.19999999999999996,0.4583333333333333,0.4582032396826934,0.0,0.4495402330687843,0.997155858930603,1.0,0.6667973856958277,0.8203062852686369,0.9672163305055622,0.025285384381043684,instance,complexity_N1_top25
1,0.22580645161290325,0.0,0.26053639846743293,0.625,0.4507866167382465,0.0,0.40712142659333816,0.9937428896473265,1.0,0.6668303721421278,0.8351636277027766,0.9879562101298434,0.9130030196667559,instance,complexity_N1_top25
1,0.07446808510638303,0.0,0.09722222222222221,0.5,0.2607360539178935,0.0,0.3934318679384884,0.9965870307167235,1.0,0.6667571811960424,0.8205654687222713,0.9790106579423488,1.559154211470529,instance,complexity_N1_top25
1,0.31666666666666665,0.2,0.19999999999999996,0.3333333333333333,0.39715116771282877,0.0,0.4726403880118403,0.9977246871444824,1.0,0.6668759501844322,0.8231775410388507,0.9983337379953308,0.7429966867094918,instance,complexity_N1_top25
1,0.4065797641216635,0.2,0.24444444444444446,0.4583333333333333,0.435426028752837,0.0,0.4743470259597632,0.9988623435722411,1.0,0.6670119103873621,0.8441163883445064,0.9875611752309549,0.06552010556800328,instance,complexity_N1_top25
1,0.3446969696969697,0.2,0.26053639846743293,0.75,0.4059252186549147,0.0,0.46735182630073835,0.9977246871444824,1.0,0.6668200700159691,0.8516037769046894,0.9996189073539914,1.6967489781299598,instance,complexity_N1_top25
1,0.18435754189944142,0.2,0.5024875621890548,0.9166666666666666,0.4448874706150461,1.0,0.5006039239288689,1.0,1.0,0.6669808916407163,0.8488847218695548,0.9978277959739155,0.3470436260219236,instance,complexity_N1_top25
1,0.20833333333333326,0.0,0.07843137254901966,0.4166666666666667,0.4184913369312865,0.0,0.4372555005399177,0.9960182025028441,1.0,0.6668722224388414,0.8621503854418637,0.9968495001322777,0.9070484812354316,instance,complexity_N1_top25
1,0.55,0.4,0.26053639846743293,0.4583333333333333,0.4046457996616937,0.4,0.5172669354554718,1.0,1.0,0.6669346925401893,0.8553187595378354,0.9962231860962889,0.5755136717876106,instance,complexity_N1_top25
1,0.18674242424242427,0.2,0.30201342281879195,0.5,0.3866956935000198,0.0,0.4676110933844313,0.9982935153583617,1.0,0.6669794760876762,0.8610202811435559,0.9959285635709085,0.6265499933846588,instance,complexity_N1_top25
1,0.2776515151515151,0.6,0.24444444444444446,0.5416666666666666,0.45116393577524994,1.0,0.5147387323046437,1.0,1.0,0.6670637280462965,0.86506048771523,0.9973713133920478,-0.18253518828632365,instance,complexity_N1_top25
1,0.475,0.6,0.3137254901960784,0.3333333333333333,0.46016064874906426,0.4,0.5079031714222424,1.0,1.0,0.6670383086206911,0.8648466106603354,0.9964084080064617,-0.18060164602006734,instance,complexity_N1_top25
1,0.08823529411764708,0.0,0.07843137254901966,0.4166666666666667,0.45842766376985156,0.0,0.45132409981833843,0.9965870307167235,1.0,0.6668164023802905,0.8203915230607334,0.9884981129540624,0.25405439133360197,instance,complexity_N1_top25
1,0.10833333333333339,0.2,0.17000000000000004,0.5,0.3982383674273962,0.0,0.4540679085103124,0.9982935153583617,1.0,0.666780189664017,0.8194843047368326,0.9928610950516222,0.4638738263048164,instance,complexity_N1_top25
1,0.34166666666666656,0.4,0.07843137254901966,0.4166666666666667,0.3478002714592891,1.0,0.514535565516294,1.0,1.0,0.6668213937074537,0.8170596590160691,0.9902448371158494,0.5774522379855597,instance,complexity_N1_top25
1,0.20192307692307687,0.4,0.07843137254901966,0.4166666666666667,0.3818511379321551,1.0,0.5187924102221184,1.0,1.0,0.6668824257176472,0.8622373553595439,0.9845679321291657,0.5261286346806251,instance,complexity_N1_top25
1,0.589149560117302,1.0,0.6037735849056604,0.4583333333333333,0.46094362921193344,1.0,0.549305749265289,1.0,1.0,0.6669536466506395,0.8316927868123445,0.9556472981274353,-0.8903107327865205,instance,complexity_N1_top25
1,0.18674242424242427,0.0,0.24444444444444446,0.4583333333333333,0.29830217219739497,0.0,0.43475819247591596,0.9835039817974972,1.0,0.6670050354416514,0.8254892958105191,0.9707629300159205,0.9883652395573941,instance,complexity_N1_top25
1,0.6303921568627451,0.4,0.6728395061728395,0.4583333333333333,0.45941430079234025,0.5,0.5609921007414479,1.0,1.0,0.6667399449429573,0.8386365945006768,0.9952114559249977,-0.04243430838940916,instance,complexity_N1_top25
1,0.11940298507462688,0.0,0.30201342281879195,0.4166666666666667,0.4224280002462639,0.0,0.4536213666615655,0.9891922639362912,1.0,0.6668778665373237,0.8564256955205533,0.9961287233455615,0.6881204581961446,instance,complexity_N1_top25
1,0.47116644823066844,1.0,0.7060133630289532,0.5416666666666666,0.46013378186383613,0.75,0.5681284084433478,1.0,1.0,0.6668386332035315,0.8577522308506823,0.9954658138095283,-0.16749274401919362,instance,complexity_N1_top25
1,0.11940298507462688,0.8,0.2142857142857143,0.2916666666666667,0.4399159735930064,1.0,0.5173643937343679,1.0,1.0,0.6668492475265153,0.8281419536374767,0.9711135735784778,0.3986262594452374,instance,complexity_N1_top25
1,0.47096774193548385,0.2,0.7060133630289532,0.5833333333333334,0.2794699101583844,0.0,0.44858356302018076,0.9977246871444824,1.0,0.666789280528467,0.846665776687011,0.9855036003722991,0.6526643898889558,instance,complexity_N1_top25
0,0.4117647058823529,0.2,0.9215686274509804,0.20833333333333334,0.5394477908684004,0.0,0.4917157952094552,0.9991935483870967,1.0,0.6669499844364272,0.8142626740021006,0.9834845158429368,0.24168900541068547,instance,complexity_N1_top25
0,0.7083333333333334,0.6,0.48453608247422686,0.2916666666666667,0.8198262235062077,1.0,0.5393381482992714,1.0,1.0,0.666823873330042,0.8286553581251426,0.9734627743030545,-1.4132400069666355,instance,complexity_N1_top25
1,0.07692307692307687,0.6,0.09722222222222221,0.4583333333333333,0.429197302330082,0.0,0.4789815876337863,0.9994311717861206,1.0,0.6669254272584734,0.8390502332440358,0.9934033917204086,0.8823978139464007,instance,complexity_N1_top25
1,0.08823529411764708,0.0,0.26053639846743293,0.625,0.44179299746098577,0.0,0.46906910557480486,0.9965870307167235,1.0,0.6669364704039029,0.8513054710789214,0.9964886906346098,0.31149639190721284,instance,complexity_N1_top25
1,0.375,0.4,0.5634920634920635,0.5416666666666666,0.41830571046438525,0.5,0.5515357851555832,1.0,1.0,0.6668691814590192,0.8440823330870808,0.9884980414440535,0.3488343328045319,instance,complexity_N1_top25
1,0.07446808510638303,0.0,0.17000000000000004,0.4583333333333333,0.3370026254181612,0.0,0.43275684527786973,0.997155858930603,1.0,0.6668363858106071,0.8596576814860137,0.9910137687519696,1.2266207624575578,instance,complexity_N1_top25
1,0.0,0.2,0.7285714285714286,0.4166666666666667,0.2604252639631661,0.0,0.450426865597763,0.9977246871444824,1.0,0.6669407241761678,0.8175444061424986,0.9987070091143624,0.504685872641354,instance,complexity_N1_top25
0,0.4741935483870968,0.6,0.7394636015325671,0.4166666666666667,0.6245246326305406,0.0,0.49582496352133176,0.9991935483870967,1.0,0.6667438816378508,0.8509295497980202,0.9853966760060453,-0.6031891705807266,instance,complexity_N1_top25
1,0.3125,0.4,0.7285714285714286,0.5416666666666666,0.3386995118474382,0.0,0.45685405905839793,0.9988623435722411,1.0,0.6669497811461201,0.8110654207331323,0.9757395928356466,0.5230777518075262,instance,complexity_N1_top25
1,0.10833333333333339,0.2,0.17000000000000004,0.5,0.4119852689002089,0.0,0.41547441796243334,0.9988623435722411,1.0,0.6667572229699558,0.8179935725086979,0.9849841102994693,-0.0005542183324901025,instance,complexity_N1_top25
1,0.5068807339449541,0.6,0.09722222222222221,0.4583333333333333,0.4558265608297005,1.0,0.5320635360558785,1.0,0.96,0.6294172948556437,0.8380515357751962,0.9958476119901853,-0.046519566453874804,instance,complexity_N1_top25
0,0.6075268817204301,0.6,0.27142857142857146,0.5833333333333334,0.5453884833932696,0.5,0.5170456934949521,1.0,1.0,0.6668285473750803,0.8474664178569457,0.9890081610495939,-0.1918000482180204,instance,complexity_N1_top25
1,0.15000000000000002,0.4,0.5634920634920635,0.4583333333333333,0.2778297915072526,0.0,0.4775437113577474,0.9994311717861206,1.0,0.6667528380927359,0.8666073668745335,0.9917766003509652,1.1174079193366067,instance,complexity_N1_top25
0,0.7972636815920398,1.0,0.7555555555555555,0.5833333333333334,0.6677762180264775,1.0,0.5250395971782365,1.0,1.0,0.6668335323833253,0.8384255864398531,0.976527830177187,-0.9219087240255552,instance,complexity_N1_top25
1,0.09302325581395343,0.6,0.575,0.25,0.4106478721381208,1.0,0.5054213366794525,1.0,1.0,0.6669017442822346,0.8601429486984027,0.9861417014406837,0.9441833709216878,instance,complexity_N1_top25
1,0.09302325581395343,0.4,0.5024875621890548,0.9166666666666666,0.2409136858696443,1.0,0.5456712548643768,1.0,1.0,0.6668279716524239,0.847119982115254,0.994101634157761,1.7984218685770612,instance,complexity_N1_top25
0,0.6370370370370371,0.4,0.7555555555555555,0.375,0.5468316680898418,0.0,0.49768655803715167,0.9991935483870967,1.0,0.6667746293534322,0.8562308633661055,0.9800515685255714,0.26183363764160056,instance,complexity_N1_top25
1,0.25,0.6,0.24444444444444446,0.375,0.41553359230504994,1.0,0.5397501767934502,1.0,1.0,0.6671108310981212,0.8534342310837648,0.9914200647402477,0.9106624159027619,instance,complexity_N1_top25
0,0.23369565217391308,0.6,0.42500000000000004,0.3333333333333333,0.5837927090655004,1.0,0.5184355587856148,1.0,1.0,0.6668065847943503,0.8363245696214149,0.9897296563012506,-0.31342567929506454,instance,complexity_N1_top25
1,0.09999999999999998,0.0,0.19999999999999996,0.3333333333333333,0.4337342544989823,0.0,0.4678574804805469,0.9891922639362912,1.0,0.6670137088986379,0.8240149310337935,0.9903472925060065,0.041409891806154675,instance,complexity_N1_top25
1,0.24583333333333335,0.2,0.30201342281879195,0.5416666666666666,0.4399826917853198,0.0,0.4528173117429263,0.9977246871444824,1.0,0.6669887252559566,0.8788514531751782,0.9954738873857673,0.7343607454316133,instance,complexity_N1_top25
1,0.34166666666666656,0.2,0.17000000000000004,0.5,0.30698355945079114,0.5,0.5230135919697991,1.0,1.0,0.6669515672488452,0.8246577616153755,0.9933304952001553,0.975943224875381,instance,complexity_N1_top25
1,0.42464114832535893,0.2,0.2272727272727273,0.3333333333333333,0.17687549372506906,0.0,0.4928368669176736,0.9982935153583617,1.0,0.6667374488103373,0.8429170659652163,0.9781431612320922,-0.8709084368210896,instance,complexity_N1_top25
1,0.11992263056092844,0.2,0.26053639846743293,0.4583333333333333,0.43110785668659635,0.0,0.48946531611128274,0.9977246871444824,1.0,0.6668159507020115,0.8396565019701606,0.998969341639912,0.10932572339186512,instance,complexity_N1_top25
1,0.11111111111111116,0.0,0.24444444444444446,0.5,0.2241002532371255,0.0,0.44104755600878043,0.9943117178612059,1.0,0.6668741111303786,0.8506669095534773,0.9966955693204086,0.9285003497953439,instance,complexity_N1_top25
1,0.29761904761904767,0.2,0.575,0.3333333333333333,0.37083476609103305,0.0,0.45463014150682657,0.9982935153583617,1.0,0.6669234348099848,0.8448007711943036,0.9942002259951067,1.2441499853739661,instance,complexity_N1_top25
1,0.11940298507462688,0.0,0.24444444444444446,0.4583333333333333,0.39668977155053875,0.2,0.42558416147081546,0.9948805460750854,1.0,0.6668654404040755,0.855139510844415,0.9987854047534762,0.5638806507860165,instance,complexity_N1_top25
1,0.27976190476190477,0.4,0.30201342281879195,0.4166666666666667,0.36123625605116416,1.0,0.5614123740018537,1.0,1.0,0.6669259960875707,0.8546576974108688,0.9912932026607515,0.6726393757067279,instance,complexity_N1_top25
1,0.2549019607843137,0.0,0.07843137254901966,0.4166666666666667,0.4389342406815354,0.0,0.45464183768210953,0.997155858930603,1.0,0.666838462190139,0.8337967147100898,0.9896402115527592,0.4637598399303449,instance,complexity_N1_top25
1,0.42197802197802203,0.2,0.26053639846743293,0.4583333333333333,0.36348706970756217,0.2,0.5117442620911068,1.0,1.0,0.6667822556008447,0.8726455272140542,0.9856304983504657,0.5361248807150428,instance,complexity_N1_top25
1,0.47116644823066844,0.0,0.09722222222222221,0.5416666666666666,0.3537428531127782,0.0,0.4038852834458506,0.9948805460750854,1.0,0.6667526630902021,0.841233632441887,0.9977196220542155,0.43261878028401873,instance,complexity_N1_top25
1,0.38188073394495414,0.6,0.7060133630289532,0.4583333333333333,0.4633486088520812,1.0,0.5063454589092805,1.0,0.96,0.6666666666666666,0.8147250364607683,0.9563812819799054,-0.6833272146358492,instance,complexity_N1_top25
1,0.4982404692082112,0.4,0.7060133630289532,0.3333333333333333,0.458956914881938,0.25,0.4827146800255505,0.9988623435722411,1.0,0.6668099222650198,0.8553013131473631,0.9865770512206823,-0.048220322443532915,instance,complexity_N1_top25
0,0.43452380952380953,0.4,0.48453608247422686,0.4583333333333333,0.8280098202747499,0.0,0.4922552265244532,0.9991935483870967,1.0,0.666855451562708,0.858805864144788,0.9937006763936455,-0.2709667382168943,instance,complexity_N1_top25
1,0.3369175627240144,0.0,0.26053639846743293,0.625,0.4385659924461671,0.0,0.41424018012634867,0.9954493742889647,1.0,0.6668810847024668,0.8516129179753404,0.9914399166897951,0.5139878319189598,instance,complexity_N1_top25
1,0.39247311827957,0.2,0.7285714285714286,0.625,0.45123497998672013,1.0,0.5238759504075563,1.0,1.0,0.6668526786019169,0.8324915036087939,0.9900351518961387,0.5633064710025061,instance,complexity_N1_top25
1,0.23567708333333326,0.4,0.19999999999999996,0.2916666666666667,0.406908639960458,1.0,0.502452692447797,1.0,1.0,0.6667501352467193,0.8565868992023333,0.9980266538480098,0.5866150480638688,instance,complexity_N1_top25
1,0.2930232558139535,0.4,0.2272727272727273,0.3333333333333333,0.3721907274147572,0.5,0.49644460669287127,0.9994311717861206,1.0,0.6667496526499334,0.8597972199947974,0.9890185805291593,0.38721418896287924,instance,complexity_N1_top25
1,0.41666666666666674,0.4,0.7285714285714286,0.4166666666666667,0.2950291504525929,0.5,0.5140569116808369,1.0,1.0,0.667011205805242,0.8274545639927432,0.9951629296712242,0.24903429701120933,instance,complexity_N1_top25
1,0.28457446808510634,0.4,0.07843137254901966,0.4166666666666667,0.45108446077440545,1.0,0.5588990949951607,1.0,1.0,0.66677128822859,0.8324597374687223,0.9888142914082817,0.15251810648495226,instance,complexity_N1_top25
1,0.5,0.4,0.26053639846743293,0.4583333333333333,0.25119600327634606,1.0,0.5304806323968522,1.0,1.0,0.6666730898562201,0.8606669000187452,0.9962477724659077,1.9040509735813442,instance,complexity_N1_top25
1,0.07446808510638303,0.0,0.17000000000000004,0.4583333333333333,0.37506382783345493,0.0,0.4055728588722691,0.9886234357224118,1.0,0.666851794371742,0.8336594513706109,0.9941104579263069,1.2322848892742586,instance,complexity_N1_top25
1,0.5645730416372619,0.4,0.19999999999999996,0.4583333333333333,0.4584093877222494,0.2,0.48484788440533,0.9994311717861206,1.0,0.6669173416783165,0.8478294617703221,0.9885486756048697,0.41810777363805784,instance,complexity_N1_top25
1,0.19736842105263164,0.2,0.5154639175257731,0.5,0.4490488560183916,0.0,0.4651358716674805,0.9994311717861206,1.0,0.6668699786599431,0.8431203513184852,0.9982082309838286,-0.6209286315053968,instance,complexity_N1_top25
1,0.3446969696969697,0.2,0.24444444444444446,0.4583333333333333,0.4466276821777509,0.0,0.4601332939383719,0.9982935153583617,1.0,0.6669156371568675,0.848461667955152,0.9949148544448012,0.13989576906292922,instance,complexity_N1_top25
1,0.5258064516129033,0.6,0.7285714285714286,0.4166666666666667,0.45653092316827104,0.6666666666666666,0.5834248100166979,1.0,1.0,0.6671945983786727,0.8560164443926708,0.9941609662536058,-0.4763459830648812,instance,complexity_N1_top25
1,0.5970588235294118,0.6,0.7060133630289532,0.5416666666666666,0.46227041021911564,0.5,0.5003898404378314,1.0,1.0,0.6669233230753152,0.8396334631480677,0.9985548935068749,-0.20885577191825175,instance,complexity_N1_top25
1,0.40666666666666673,0.8,0.7285714285714286,0.5833333333333334,0.43038598894982893,1.0,0.530681012871747,1.0,1.0,0.6670056782245178,0.8327869346273438,0.9590415870382094,0.46028746734800674,instance,complexity_N1_top25
1,0.566289592760181,0.6,0.24444444444444446,0.5416666666666666,0.4582669763840411,0.3333333333333333,0.4699771647881623,0.9988623435722411,1.0,0.6669164352862881,0.8712626564710125,0.9976883210257982,-0.06850886036553167,instance,complexity_N1_top25
1,0.20833333333333326,0.2,0.26053639846743293,0.625,0.35821037484272267,0.0,0.4628976050966811,0.9977246871444824,1.0,0.6667339609668328,0.8499028125803741,0.9950208875461709,0.6125157203937339,instance,complexity_N1_top25
1,0.6734693877551021,0.6,0.26053639846743293,0.4583333333333333,0.4439579540911349,1.0,0.5687647881123978,1.0,1.0,0.6667420366790787,0.8633240143968243,0.9972168626849056,0.04269051596150078,instance,complexity_N1_top25
1,0.44009216589861755,0.0,0.26053639846743293,0.75,0.4266453868471949,0.5,0.46275414585578045,0.9965870307167235,1.0,0.6668356364372111,0.8410884828314462,0.9777092546603423,0.10814122566915085,instance,complexity_N1_top25
1,0.5194444444444444,0.0,0.26053639846743293,0.4583333333333333,0.2968117447115188,0.0,0.4616316795195189,0.9965870307167235,1.0,0.6668139016611105,0.8423364438197375,0.986989138703225,0.8674660004785876,instance,complexity_N1_top25
1,0.08823529411764708,0.0,0.5634920634920635,0.4583333333333333,0.44123822742643437,0.0,0.47110669818659423,0.9965870307167235,1.0,0.666944577377074,0.8358974748087626,0.99947981720241,0.8122841226478248,instance,complexity_N1_top25
1,0.38188073394495414,0.6,0.19999999999999996,0.4583333333333333,0.4623847682307104,0.5,0.47525794617067296,0.9994311717861206,1.0,0.6668446755426319,0.8404682388822153,0.9882551489406894,-0.23854166012254355,instance,complexity_N1_top25
1,0.25234375,0.0,0.3137254901960784,0.3333333333333333,0.45183043929960043,0.0,0.4647949010431117,0.9960182025028441,1.0,0.6668729576474962,0.8532595447625586,0.9979468311755465,0.1870370019113723,instance,complexity_N1_top25
1,0.2557861133280128,0.6,0.24444444444444446,0.4583333333333333,0.40967406740763457,0.0,0.47377903255389464,0.9988623435722411,1.0,0.6669564151418383,0.8498855776352481,0.9976322628286165,0.41285994299377815,instance,complexity_N1_top25
1,0.27976190476190477,0.4,0.26053639846743293,0.4583333333333333,0.4386156687592485,0.0,0.44263582810612023,0.9982935153583617,1.0,0.6668094218213969,0.8348743861815057,0.955485708857887,0.19517229593464394,instance,complexity_N1_top25
0,0.35972850678733037,0.6,0.7555555555555555,0.375,0.5525631511141079,0.0,0.49327311369078475,0.9991935483870967,1.0,0.6670259746597379,0.8732129051425804,0.9953909325524338,-0.603966390621946,instance,complexity_N1_top25
1,0.4432013769363168,1.0,0.7060133630289532,0.7083333333333334,0.46391647245135204,1.0,0.5295179268493921,1.0,1.0,0.6668213500287532,0.8390089870115292,0.9813598589544101,-0.6014824886500842,instance,complexity_N1_top25
1,0.45666666666666667,0.2,0.24444444444444446,0.4583333333333333,0.27051450696228774,0.0,0.4396991576333794,0.9977246871444824,0.96,0.6487938919983695,0.8384797755732099,0.9916182615021092,0.7543664969105347,instance,complexity_N1_top25
1,0.2142857142857143,0.2,0.5024875621890548,0.4166666666666667,0.38186089540455714,0.0,0.4913058059844052,0.9982935153583617,1.0,0.6668846296512592,0.8648883907525368,0.9860341339036529,0.29466207860991156,instance,complexity_N1_top25
1,0.11111111111111116,0.2,0.24444444444444446,0.5833333333333334,0.2520852191821964,0.0,0.4851689450050859,0.9982935153583617,1.0,0.666842937499912,0.8564825439938769,0.9956853491256114,1.4213131244119044,instance,complexity_N1_top25
1,0.08333333333333326,0.2,0.07843137254901966,0.4166666666666667,0.45604414896130985,1.0,0.5014071878648949,1.0,1.0,0.6667777740919131,0.8481844299655321,0.9944833315929699,-0.16036451429080206,instance,complexity_N1_top25
1,0.375,0.4,0.5634920634920635,0.4583333333333333,0.37131547835151524,0.0,0.49916768945601453,0.9994311717861206,1.0,0.667004366374878,0.845514957107163,0.9991441149226589,1.6168453286756912,instance,complexity_N1_top25
1,0.3999999999999999,0.2,0.7285714285714286,0.75,0.43304126217133987,0.0,0.45528699763055014,0.9977246871444824,1.0,0.6669697483055653,0.8263203677424955,0.9840553447681138,-0.21383198745452603,instance,complexity_N1_top25
1,0.21296296296296302,0.0,0.24444444444444446,0.5,0.19626275434714707,0.0,0.4646295659257431,0.9954493742889647,1.0,0.667045023676222,0.8427187354975568,0.9807739929607976,1.0335493289684317,instance,complexity_N1_top25
1,0.11992263056092844,0.4,0.17000000000000004,0.5,0.31475328463795815,1.0,0.5009997784590503,1.0,1.0,0.6669920202865915,0.815125008325584,0.9862588621499836,0.7794160417636873,instance,complexity_N1_top25
0,0.5378646803227809,0.8,0.42500000000000004,0.4166666666666667,0.5571010332935233,1.0,0.5189650659753241,1.0,1.0,0.6671975791083087,0.8428699054637725,0.9782874744141418,-0.41255766017324164,instance,complexity_N1_top25
1,0.2970588235294118,0.0,0.7060133630289532,0.2916666666666667,0.45906753726016136,0.0,0.4476106236345895,0.9954493742889647,1.0,0.6670419235885339,0.8321964345874372,0.9967302809286152,-0.24911744290421403,instance,complexity_N1_top25
1,0.25234375,0.2,0.26053639846743293,0.4583333333333333,0.45237514446912075,0.25,0.4961773926784202,0.9994311717861206,1.0,0.6669452483753899,0.876668579944943,0.9975188331693886,0.3101734342545163,instance,complexity_N1_top25
1,0.19083155650319839,0.2,0.24444444444444446,0.4583333333333333,0.3777291193326423,0.3333333333333333,0.4746544774291179,0.9994311717861206,1.0,0.6669530213866892,0.8737327813963712,0.9984616627388062,1.0247870091656797,instance,complexity_N1_top25
1,0.35,0.6,0.19999999999999996,0.4583333333333333,0.46067721855879196,0.5,0.5386047791403645,1.0,1.0,0.6670686308533621,0.8161007412172068,0.9888970449239753,-0.41758277092104856,instance,complexity_N1_top25
1,0.18435754189944142,0.2,0.24444444444444446,0.4583333333333333,0.31823707823507286,0.0,0.4790376442980451,0.9982935153583617,1.0,0.666910521650916,0.8448848534916906,0.996733605434938,1.2468897575337576,instance,complexity_N1_top25
1,0.25,0.2,0.26053639846743293,0.4583333333333333,0.23423278139657144,0.0,0.49619908981727334,0.9994311717861206,1.0,0.6668245976549425,0.8394296149998165,0.9891642024929702,1.6581707357965692,instance,complexity_N1_top25
1,0.23567708333333326,0.4,0.24444444444444446,0.5,0.4465357577549792,1.0,0.5433915011338504,1.0,1.0,0.667001002288308,0.8462156602895188,0.9980618804207363,0.6889713285401579,instance,complexity_N1_top25
1,0.0,0.4,0.7060133630289532,0.4583333333333333,0.17198979661878394,0.0,0.49846624732688927,0.9994311717861206,0.96,0.24437660930644434,0.8082708462384965,0.9956179419133883,2.3193387985365113,instance,complexity_N1_top25
1,0.08333333333333326,0.2,0.3137254901960784,0.375,0.4411731572509785,0.0,0.4809776945964491,0.9982935153583617,1.0,0.6668910198397119,0.835737598424632,0.9958323630601219,0.8718849059054127,instance,complexity_N1_top25
1,0.125,0.2,0.26053639846743293,0.375,0.17198979661878394,0.0,0.4857378477240837,0.9988623435722411,0.96,0.6666666666666666,0.8613147469388521,0.9935335388877964,3.6275113284409115,instance,complexity_N1_top25
0,0.39569892473118284,0.6,0.8,0.4583333333333333,0.5410310180918181,1.0,0.529779581644097,1.0,1.0,0.6668636528465364,0.8435721446559173,0.9954760157885624,0.0069502880063048505,instance,complexity_N1_top25
1,0.48611111111111116,1.0,0.30201342281879195,0.4166666666666667,0.4343908114022753,1.0,0.6167121369550099,1.0,1.0,0.6669801608684336,0.8429914975754237,0.9995051226524063,0.24821399264142355,instance,complexity_N1_top25
1,0.5068807339449541,0.2,0.7060133630289532,0.5416666666666666,0.46149884230213084,1.0,0.5258657869667731,1.0,1.0,0.6667905364412501,0.8421493561222229,0.9952246035174993,-0.6680964396719427,instance,complexity_N1_top25
1,0.11111111111111116,0.0,0.24444444444444446,0.5,0.3899789018889055,0.0,0.4663765666075016,0.9965870307167235,1.0,0.6670733801475971,0.8363638833358911,0.9979387044444742,0.6659910700853662,instance,complexity_N1_top25
1,0.25234375,0.2,0.24444444444444446,0.4166666666666667,0.4270545014269366,0.3333333333333333,0.48246819807670027,0.9982935153583617,1.0,0.6669091356747151,0.8412058115897588,0.9915128780297721,1.15708528804742,instance,complexity_N1_top25
1,0.2701923076923076,0.2,0.09722222222222221,0.4583333333333333,0.30347998416664856,1.0,0.5340247132516761,1.0,1.0,0.6668094891234977,0.8070629222097767,0.926086415520379,1.041761513568641,instance,complexity_N1_top25
1,0.29166666666666663,0.6,0.5024875621890548,0.9166666666666666,0.45363311176494503,0.5,0.4784116545465815,0.9994311717861206,1.0,0.6668614360638823,0.8513898928015786,0.9775704564008332,0.09196879268892984,instance,complexity_N1_top25
1,0.41641566265060237,0.4,0.24444444444444446,0.5,0.45466587454267715,0.2,0.4965529985118907,0.9994311717861206,1.0,0.6668132475456616,0.8667656611607275,0.9980407087733713,0.0060771090707185185,instance,complexity_N1_top25
0,0.7154255319148937,1.0,0.4365079365079365,0.5,0.5461945451821536,1.0,0.5546329411143833,1.0,1.0,0.6667828303255618,0.8410579912602629,0.978836417148855,-0.009513245904322053,instance,complexity_N1_top25
0,0.5138888888888888,0.8,0.7555555555555555,0.4166666666666667,0.5688417601529506,0.5,0.5056080434612864,1.0,1.0,0.6673363946132941,0.8443395171468243,0.9905529931749897,-0.3023952707215242,instance,complexity_N1_top25
1,0.5068807339449541,0.6,0.5024875621890548,0.9583333333333334,0.43889072352384917,0.5,0.48934505007207874,0.9994311717861206,1.0,0.6670404611691231,0.8302564680926795,0.9984452602496671,0.18424304861635835,instance,complexity_N1_top25
