y,Hostility,kDN,DCP,TD_U,CLD,N1,N2,LSC,F1,F2,F3,F4,L1,level,subset
0,0.30620467365028203,0.42723609991941985,0.5021137655749107,0.5661716741491116,0.5266411103682284,0.42612435912194174,0.4908063675481226,0.9985385095266563,0.9975825946817083,0.7027949652158199,0.8760081596732366,0.9899256035411247,-0.03487453724213116,class,f_classif_top25
1,0.19670267197271177,0.3234792495736214,0.3542485406927028,0.5351525487966647,0.36412982034373287,0.30320122363897234,0.48011177739814215,0.9982615005811167,0.9973166571915861,0.704608118450183,0.8758947266177147,0.9900432186972017,0.9813940703169173,class,f_classif_top25
dataset,0.242,0.3664,0.41541545538564273,0.547984126984127,0.43135532398386583,0.35405042735042735,0.48453577285685073,0.998376089948255,0.9974266666666667,0.7038580773955683,0.8759416500916822,0.989994565227638,0.5609976229899909,class,f_classif_top25
1,0.36452514765398203,0.8,0.6195244055068836,0.7619047619047619,0.6155565700396267,0.5,0.5178796678676796,1.0,1.0,0.6723930781002302,0.8509401500945178,0.9861623261684402,-0.796806316211808,instance,f_classif_top25
0,0.3328021978021978,0.2,0.3804755944931164,0.6190476190476191,0.37895837096522444,0.4,0.4752579269702668,0.9975806451612903,1.0,0.7121045703902663,0.8707229875681142,0.9956945576317624,0.289010357646562,instance,f_classif_top25
0,0.7887665935939593,0.4,0.7286821705426356,0.38095238095238093,0.49962334352714777,0.5,0.49015729563850063,0.9991935483870967,1.0,0.7273476742755414,0.9023032858210533,0.9902537996650508,-0.6265169779153587,instance,f_classif_top25
0,0.36874236874236876,0.0,0.3804755944931164,0.9523809523809523,0.4674994523315743,0.0,0.478021662549428,0.9959677419354839,1.0,0.6994092028585652,0.8967416450994898,0.9994486064816963,-0.19193332805548033,instance,f_classif_top25
0,0.5631867325895439,0.6,0.7126436781609196,0.38095238095238093,0.48182469235891046,1.0,0.5589849209245945,1.0,1.0,0.6921092141503493,0.8271021074684292,0.946938542209593,-0.445359290037109,instance,f_classif_top25
0,0.29524964524964525,0.4,0.3804755944931164,0.6190476190476191,0.3813600075741954,0.0,0.4793611669052542,0.9991935483870967,1.0,0.6720522057570572,0.8566863436097217,0.9874239141673681,1.7252663742773082,instance,f_classif_top25
0,0.535408954811766,0.6,0.7286821705426356,0.3333333333333333,0.7719120905796282,0.0,0.4821200099886307,0.9991935483870967,1.0,0.6929351932496136,0.8697345705441623,0.9894899185188484,-1.45367520020093,instance,f_classif_top25
0,0.37589184276300847,0.0,0.4450261780104712,0.42857142857142855,0.4099041013613717,0.5,0.4668164061956538,0.9959677419354839,1.0,0.7084504708745183,0.9073330052202847,0.999662090245608,-0.44723551780667525,instance,f_classif_top25
1,0.5551288130235499,0.6,0.5482758620689655,0.5238095238095238,0.5313657281201261,1.0,0.5749142888224337,1.0,1.0,0.7093717225484183,0.8850003252650628,0.99052581132496,-0.3443954263626457,instance,f_classif_top25
0,0.30619818777713526,0.2,0.3804755944931164,0.6190476190476191,0.40130604902952716,0.0,0.4328822622019045,0.9967741935483871,1.0,0.7216618157551787,0.8848773957888721,0.9954578232858565,-0.6404373337395405,instance,f_classif_top25
0,0.7028043464116078,0.6,0.7126436781609196,0.2857142857142857,0.5037642907106313,1.0,0.5005772382443947,1.0,1.0,0.6908082350738315,0.890785531153949,0.9948268901008644,0.9317590278981622,instance,f_classif_top25
0,0.5158444827156483,0.4,0.3804755944931164,0.6190476190476191,0.4521171778247096,0.5,0.5234736143546987,1.0,1.0,0.7024291380212688,0.8923282530718716,0.9964443677585155,-0.4868837623430143,instance,f_classif_top25
0,0.596022065156812,0.8,0.5357142857142857,0.6190476190476191,0.6545058448670988,1.0,0.587400417071343,1.0,1.0,0.713738069914129,0.8988051989240259,0.9983240921483755,-1.622492250517947,instance,f_classif_top25
0,0.3214864083285135,0.6,0.3804755944931164,0.3333333333333333,0.38564888382710283,0.5,0.5007658544917031,1.0,1.0,0.7179561630694772,0.8709171219019299,0.987859340153801,0.2845760412335748,instance,f_classif_top25
0,0.463980463980464,0.4,0.3804755944931164,0.8571428571428571,0.44869385456466415,0.5,0.5257489997513549,1.0,1.0,0.694248453040372,0.8836059377964766,0.9960282656336821,-0.25142651991458115,instance,f_classif_top25
0,0.4681189382795776,0.4,0.3804755944931164,0.7142857142857143,0.428750764055259,0.2857142857142857,0.43707136543417713,0.9975806451612903,1.0,0.7047423144909716,0.9065354125915864,0.9993516615036748,0.025117482944753987,instance,f_classif_top25
1,0.6161220922414952,0.8,0.5549738219895288,0.47619047619047616,0.48795840769587795,0.6666666666666666,0.5750514262796222,1.0,1.0,0.7382968965704781,0.8942856453253555,0.9846209496066991,-0.2300447122650066,instance,f_classif_top25
0,0.20780219780219777,0.2,0.3804755944931164,0.7142857142857143,0.3769727691995115,0.0,0.39170131873565217,0.9967741935483871,1.0,0.6908505970127978,0.8398992208245302,0.9975536508266256,2.098699699548171,instance,f_classif_top25
0,0.5652062653240972,0.8,0.7286821705426356,0.5238095238095238,0.7440906167536913,0.3333333333333333,0.4836143342736021,0.9991935483870967,1.0,0.7148393486932504,0.8567244420208315,0.9867419369183702,-0.2091313366838197,instance,f_classif_top25
0,0.6864106753812635,0.6,0.7834394904458599,0.8095238095238095,0.6604152811310279,0.5,0.5289021807069338,1.0,1.0,0.7089696933913321,0.9096411259834605,0.9906905740214419,-0.8955211957492004,instance,f_classif_top25
0,0.34065934065934067,0.2,0.3804755944931164,0.8571428571428571,0.38467267036775016,0.5,0.4937457816132156,0.9991935483870967,1.0,0.7054764786345943,0.8560964017096941,0.9870423320220532,-0.22676970160067764,instance,f_classif_top25
0,0.4132803801515458,0.4,0.3804755944931164,0.7142857142857143,0.3981480169897197,0.25,0.5375911985268254,1.0,1.0,0.7162964273909442,0.9051508121994545,0.999649981211214,-0.5071442421727946,instance,f_classif_top25
0,0.37589184276300847,0.2,0.4450261780104712,0.42857142857142855,0.6092021665240878,0.0,0.47653208446242645,0.9967741935483871,1.0,0.7458430620969998,0.9015357003425504,0.9960420498776156,-1.06669934784575,instance,f_classif_top25
0,0.5219731458537429,0.2,0.5357142857142857,0.7619047619047619,0.4403158430946096,0.0,0.4881436467500845,0.9975806451612903,1.0,0.7015706184922688,0.8904884631294248,0.9939222486614485,0.6882483911575404,instance,f_classif_top25
0,0.5819103612815268,0.0,0.5357142857142857,0.5238095238095238,0.533154760710638,0.0,0.44058652701801315,0.9959677419354839,1.0,0.7005437044325951,0.8884091427319221,0.9870840566226287,-0.13425255482500448,instance,f_classif_top25
0,0.3273273273273273,0.2,0.4450261780104712,0.5238095238095238,0.686420300726947,0.0,0.47736005960732086,0.9967741935483871,1.0,0.7126279871500814,0.869011422138231,0.985293050687922,0.2083077118851886,instance,f_classif_top25
0,0.27446886446886454,0.2,0.3804755944931164,0.6190476190476191,0.38039795365288465,0.0,0.47852777257390355,0.9991935483870967,1.0,0.6966795206747884,0.8523313082199624,0.985406111949565,2.4743633786217156,instance,f_classif_top25
0,0.5354090354090355,0.4,0.4450261780104712,0.47619047619047616,0.5564492521999902,0.5,0.5303484140010332,1.0,1.0,0.6987676182665601,0.8931550578103545,0.9914566610062174,-0.2296224362996051,instance,f_classif_top25
0,0.8354978354978355,0.8,0.3804755944931164,0.6190476190476191,0.47811745368632885,1.0,0.5303763103354795,1.0,1.0,0.6991530229966946,0.8778294416773251,0.9913803944197388,-0.7877675868783873,instance,f_classif_top25
0,0.2387378703168177,0.0,0.3804755944931164,0.42857142857142855,0.39185413443763417,0.0,0.3712968744308702,0.9943548387096774,1.0,0.685973204515151,0.8532925311969943,0.9827562295064458,-0.31747837104778814,instance,f_classif_top25
0,0.4621766315794428,0.8,0.7126436781609196,0.38095238095238093,0.4406627160204587,0.6666666666666666,0.45028996515911734,0.9991935483870967,1.0,0.6925507497761332,0.8486211675482263,0.9794180025011628,-0.034111046561172365,instance,f_classif_top25
0,0.3119688644688644,0.4,0.3804755944931164,0.6190476190476191,0.3840178276138152,0.5,0.49569561781344773,0.9991935483870967,1.0,0.6995506485874711,0.8854784115681152,0.9932016443433652,0.748991499653098,instance,f_classif_top25
0,0.3119688644688644,0.6,0.3804755944931164,0.8095238095238095,0.38281731325708124,0.4,0.4997409150152202,0.9991935483870967,1.0,0.6973692858103173,0.8806865698852973,0.9991127740428603,0.6635466180697387,instance,f_classif_top25
0,0.2285829785829786,0.0,0.3804755944931164,0.8571428571428571,0.40338121214954314,0.0,0.474161023998281,0.9951612903225806,1.0,0.6979700340797333,0.882800407496124,0.9986224667337272,0.7084123830251231,instance,f_classif_top25
0,0.2148962148962149,0.2,0.4450261780104712,0.5238095238095238,0.7831480596344891,0.0,0.450476867875078,0.9975806451612903,0.96,0.6628535228803814,0.8614300869825048,0.9879954419768749,-0.025533396142989776,instance,f_classif_top25
0,0.36874236874236876,0.0,0.3804755944931164,0.38095238095238093,0.4646594367531073,0.0,0.4637364669812155,0.9943548387096774,1.0,0.7021590276276748,0.8590530709162837,0.9843073419440059,0.8328480186520191,instance,f_classif_top25
0,0.37868164555281114,0.4,0.3804755944931164,0.7142857142857143,0.4263133037525436,0.0,0.4657737273591762,0.9983870967741936,1.0,0.7236051231332574,0.8944696366094453,0.9891229123714858,-0.18374900784520473,instance,f_classif_top25
0,0.2606606606606606,0.2,0.4450261780104712,0.47619047619047616,0.6472152213585735,0.0,0.43641693651812374,0.9975806451612903,1.0,0.7223441182511221,0.8452130094945641,0.944288242844594,0.21300404734709855,instance,f_classif_top25
0,0.4621766315794428,0.6,0.7126436781609196,0.38095238095238093,0.43563919205153,0.0,0.43421717588475983,0.9991935483870967,1.0,0.6995858919427155,0.851969593121696,0.9672417918382233,-0.8533493274743564,instance,f_classif_top25
0,0.34096451036732167,0.4,0.7126436781609196,0.38095238095238093,0.7308950696330941,0.0,0.4657167212817589,0.9975806451612903,1.0,0.7315945999051163,0.857572814723587,0.9940416111621225,-1.3290825948379883,instance,f_classif_top25
0,0.41504528191644763,0.4,0.3804755944931164,0.6190476190476191,0.3996675170542777,0.3333333333333333,0.4118654775840451,0.9983870967741936,1.0,0.6979368711380122,0.8463864220595023,0.9903157218492268,0.2985036223051742,instance,f_classif_top25
0,0.3285829785829786,0.0,0.3804755944931164,0.7142857142857143,0.4005707968294827,0.0,0.4533123532071932,0.9959677419354839,1.0,0.7082648412619265,0.8668524374863119,0.9850479599415105,-0.10875897581573254,instance,f_classif_top25
1,0.46980320293203726,0.6,0.1504424778761062,0.5714285714285714,0.5940564404469597,1.0,0.5233751369260321,1.0,1.0,0.7070703752814723,0.8910200162200143,0.9975484479948404,-0.41724262446934923,instance,f_classif_top25
0,0.41504528191644763,0.2,0.3804755944931164,0.38095238095238093,0.3929362166218491,0.0,0.46815331882052513,0.9983870967741936,1.0,0.7018662883045205,0.8684450419531848,0.9980967738271499,-0.20536249529213788,instance,f_classif_top25
0,0.5158444827156483,0.6,0.7126436781609196,0.38095238095238093,0.44772919822561585,0.5,0.4918426002351215,0.9991935483870967,1.0,0.6973156036747856,0.8780167565652204,0.9889016055406895,-0.12999473740594658,instance,f_classif_top25
0,0.4722222222222222,0.2,0.3804755944931164,0.5238095238095238,0.6183908022150262,0.0,0.46967316894939115,0.9975806451612903,1.0,0.7529252141849129,0.8785019585909094,0.9935223043443027,-0.9794014851397208,instance,f_classif_top25
0,0.4634709653092006,0.4,0.4450261780104712,0.5714285714285714,0.5226434087509934,1.0,0.5317302125795944,1.0,1.0,0.712620001718589,0.8651395694206154,0.9563620173841572,0.4572991247577567,instance,f_classif_top25
0,0.4032045203097834,0.2,0.4517241379310345,0.5238095238095238,0.648646760337377,1.0,0.5007586171583787,1.0,1.0,0.8017418602707672,0.9028707831774474,0.9933133382609135,-0.9779430156428893,instance,f_classif_top25
0,0.46313131313131306,0.6,0.4450261780104712,0.5238095238095238,0.549480494906761,1.0,0.5117362903761448,1.0,1.0,0.7355035387659624,0.9064916163244537,0.9936141700483805,-0.40860954390912907,instance,f_classif_top25
0,0.5115995115995116,0.6,0.4450261780104712,0.5238095238095238,0.38726287285651695,1.0,0.5232442742033163,1.0,1.0,0.7057575463292801,0.8907906192564472,0.9898255541585054,0.8771101736138672,instance,f_classif_top25
0,0.32228560494624425,0.0,0.3804755944931164,0.6190476190476191,0.4041555541445834,0.0,0.45323864788013546,0.9951612903225806,1.0,0.6948912090058086,0.870795428463864,0.9966472160515084,1.6447986344406929,instance,f_classif_top25
0,0.35512759723286036,0.0,0.5357142857142857,0.42857142857142855,0.7312541563154125,0.0,0.4533542179405976,0.9959677419354839,1.0,0.7120941972773489,0.8712371923133202,0.997772247678182,-0.5626538170283146,instance,f_classif_top25
0,0.5022247690959347,0.2,0.7834394904458599,0.5714285714285714,0.41925197649473556,0.2,0.49556396228670985,0.9991935483870967,1.0,0.703756534691638,0.9179020675759141,0.9980432562362818,-0.0018665126518765125,instance,f_classif_top25
0,0.4056189382795776,0.6,0.3804755944931164,0.6666666666666666,0.41537670343103905,0.5,0.4892001208876038,0.9991935483870967,1.0,0.7002062178495795,0.8786746066511663,0.9842704109019652,0.5067192635615119,instance,f_classif_top25
0,0.30934065934065924,0.6,0.3804755944931164,0.8571428571428571,0.3773000782729067,1.0,0.5180821225099193,1.0,1.0,0.6901092125201366,0.8594073236598251,0.999291510379282,2.401106245285615,instance,f_classif_top25
0,0.08333333333333337,0.2,0.3804755944931164,0.6190476190476191,0.39465545599535257,0.0,0.4118510276287498,0.9975806451612903,1.0,0.7093364586733549,0.845955910322859,0.9998174129461775,-0.12343535718738881,instance,f_classif_top25
0,0.28387790775850474,0.2,0.5357142857142857,0.42857142857142855,0.5721875664231003,0.0,0.391987176488652,0.9975806451612903,1.0,0.6965399785364885,0.9008861673138178,0.9914664745797785,0.2385336117670968,instance,f_classif_top25
0,0.3119688644688644,0.8,0.3804755944931164,0.42857142857142855,0.3809970105300167,0.5,0.5155918064757696,1.0,1.0,0.6808301523844567,0.8824899640126805,0.9829625058598639,1.6002935266814367,instance,f_classif_top25
0,0.4229975927344348,0.6,0.4450261780104712,0.5238095238095238,0.5957866520632976,0.6666666666666666,0.47024693259438666,0.9991935483870967,1.0,0.7277246450366655,0.9119115784140029,0.993804894757711,-0.8578771708465166,instance,f_classif_top25
0,0.08333333333333337,0.2,0.7878787878787878,0.23809523809523808,0.4454924335165698,0.0,0.47936659332561593,0.9975806451612903,1.0,0.7113918005726448,0.8781428400427052,0.9768144591542152,1.3497339055188755,instance,f_classif_top25
0,0.4619840574266516,0.6,0.3804755944931164,0.6190476190476191,0.42036649855421604,0.5,0.48618896246215526,0.9991935483870967,1.0,0.7055259651013827,0.9046806341992597,0.9966072670910836,-0.8690378531316599,instance,f_classif_top25
0,0.3940496109207766,0.2,0.3804755944931164,0.8571428571428571,0.3939231730653483,0.5,0.44461793867677935,0.9975806451612903,1.0,0.6963479792305245,0.8772816208346668,0.9888694831284905,0.3010040907382106,instance,f_classif_top25
1,0.06855256954266853,0.8,0.4642857142857143,0.38095238095238093,0.27804405174543767,1.0,0.5300027523250097,1.0,1.0,0.7467897863799099,0.8671006088513411,0.9951840927474838,0.9593550808394566,instance,f_classif_top25
0,0.38387790775850483,0.8,0.4450261780104712,0.47619047619047616,0.5603047344692097,0.7142857142857143,0.5408806598937175,1.0,1.0,0.7051009097517379,0.9163420615722826,0.9924232174582605,-0.5397524996974041,instance,f_classif_top25
0,0.43352390852390854,0.6,0.5357142857142857,0.7619047619047619,0.6442541090246849,1.0,0.5298735376075727,1.0,1.0,0.7170473051351194,0.9042565043632348,0.9957907104104865,-0.24924627024341084,instance,f_classif_top25
0,0.34096451036732167,0.4,0.3804755944931164,0.7619047619047619,0.4991494089639935,0.3333333333333333,0.4908543849606912,0.9991935483870967,1.0,0.6875501175430986,0.8893118217901999,0.9966829907966405,-0.6584330480253167,instance,f_classif_top25
0,0.2606606606606606,0.2,0.4450261780104712,0.5238095238095238,0.6886534505256646,0.0,0.4597465735973302,0.9967741935483871,1.0,0.705952678046442,0.8475897623603206,0.9923194891430166,0.550879739792238,instance,f_classif_top25
0,0.6025641025641026,0.6,0.3804755944931164,0.8571428571428571,0.3946676172507987,0.6666666666666666,0.5239594492844093,1.0,1.0,0.7085300845886736,0.88836017473351,0.9967909764218646,0.15979280612259802,instance,f_classif_top25
0,0.7928921568627451,1.0,0.7834394904458599,0.8095238095238095,0.7815012858128716,1.0,0.6082461333072169,1.0,1.0,0.7236644106235894,0.8817802133747741,0.9875277782351289,-2.237427737947932,instance,f_classif_top25
0,0.44487118697645,0.6,0.4517241379310345,0.5238095238095238,0.4869878440357195,0.5,0.4918813541850897,0.9991935483870967,1.0,0.6857465927139815,0.8716571730380926,0.9960734200777793,0.2297770803469874,instance,f_classif_top25
0,0.4032045203097834,0.2,0.4517241379310345,0.5238095238095238,0.518300084831902,0.5,0.44925021525346753,0.9983870967741936,1.0,0.6975919152296898,0.9139823354159357,0.9997471624410731,0.027713564609648977,instance,f_classif_top25
0,0.6679436568861299,0.6,0.5357142857142857,0.8095238095238095,0.6001113413961215,0.6666666666666666,0.4685906811495093,0.9983870967741936,1.0,0.6931453930964967,0.9090386826544075,0.9953260674578741,-1.069495287814994,instance,f_classif_top25
0,0.31949206949206943,0.0,0.3804755944931164,0.7142857142857143,0.397952166732921,0.0,0.4498786004132227,0.9959677419354839,1.0,0.7474598542315429,0.870139756502083,0.9963073409404055,-0.27111975276624223,instance,f_classif_top25
0,0.36874236874236876,0.0,0.3804755944931164,0.8571428571428571,0.40858420349698943,0.0,0.43077775154234155,0.992741935483871,1.0,0.7226340988496165,0.8668903251088982,0.9716271622567016,0.7354923504507299,instance,f_classif_top25
0,0.5472487908560522,0.4,0.4517241379310345,0.5238095238095238,0.46648460431565086,0.6666666666666666,0.5198555708706019,1.0,1.0,0.7085111517552904,0.8757385920315071,0.9919115743717556,0.08331289144322915,instance,f_classif_top25
0,0.41577788264904836,0.4,0.3804755944931164,0.47619047619047616,0.43659995507216076,0.0,0.46932498567569014,0.9991935483870967,1.0,0.6911515989006426,0.8897619411044336,0.9931058921499835,-0.3015943968582056,instance,f_classif_top25
0,0.5001905751905751,0.0,0.4450261780104712,0.5238095238095238,0.6611872604875365,0.0,0.43573956887523047,0.9951612903225806,1.0,0.7067235779884709,0.8719105675343535,0.9909246643318991,-0.7521463125587164,instance,f_classif_top25
0,0.3949890188696159,0.8,0.4450261780104712,0.47619047619047616,0.5129922594241422,1.0,0.5176510809092105,1.0,1.0,0.700887178405162,0.878744885692273,0.9952365231278381,0.2236352346381449,instance,f_classif_top25
0,0.6861376797449412,0.4,0.3804755944931164,0.6190476190476191,0.3871776141935105,0.5,0.48927612922382,0.9991935483870967,1.0,0.6745697272001374,0.8598714883819086,0.9616271995564168,0.6960616423694908,instance,f_classif_top25
1,0.5967954796902166,0.4,0.1504424778761062,0.5238095238095238,0.3786116172816858,0.0,0.4897558104078371,0.9994311717861206,1.0,0.7783643688358878,0.9229230528312978,0.9940788925363041,1.149589304577797,instance,f_classif_top25
0,0.3744688644688644,0.6,0.3804755944931164,0.47619047619047616,0.4021159076807098,1.0,0.5369832393324618,1.0,1.0,0.6760349660083861,0.8696243537050884,0.9999320523030653,0.7621797802989186,instance,f_classif_top25
0,0.24483923483923486,0.6,0.3804755944931164,0.6190476190476191,0.38060019247140786,0.3333333333333333,0.49525489275004475,0.9991935483870967,1.0,0.6933112777938267,0.8816288530216505,0.9783569393691411,0.5872796401210689,instance,f_classif_top25
1,0.5983746315034659,1.0,0.6195244055068836,0.7142857142857143,0.620883566977685,0.75,0.5516326506489315,1.0,1.0,0.685062720675487,0.8755912544643067,0.9981280233022445,-1.0783784945129198,instance,f_classif_top25
0,0.4333967160573554,0.4,0.3804755944931164,0.7142857142857143,0.38529916676330467,0.0,0.39826543001122294,0.9983870967741936,1.0,0.7202966189752873,0.8915340684097224,0.9876100783648251,1.1930371644668094,instance,f_classif_top25
0,0.49835301361127604,0.4,0.3804755944931164,0.8571428571428571,0.43831311572292675,0.0,0.49362221224771907,0.9983870967741936,1.0,0.7330299417950833,0.8789169950022228,0.997515088924301,-0.2893109294786104,instance,f_classif_top25
0,0.46685724185724187,0.4,0.7878787878787878,0.3333333333333333,0.42488842887658607,0.0,0.49809947055945203,0.9991935483870967,1.0,0.7016913661703045,0.9057629289736336,0.9986275485052178,0.5037158924823344,instance,f_classif_top25
0,0.4115378536431168,0.2,0.4450261780104712,0.42857142857142855,0.7611372960098499,1.0,0.5374517630944229,1.0,1.0,0.7279690937330124,0.8780571166274379,0.9949219777853964,-0.9535546572743935,instance,f_classif_top25
0,0.30934065934065924,0.2,0.3804755944931164,0.6190476190476191,0.37815104991884707,0.0,0.4904189740571262,0.9983870967741936,1.0,0.6899222139255545,0.8437233597917851,0.9936334146461068,1.7422967046408842,instance,f_classif_top25
0,0.463980463980464,0.4,0.7834394904458599,0.47619047619047616,0.5201635960099563,0.3333333333333333,0.48409098153736985,0.9991935483870967,1.0,0.7114140534162205,0.8981564040803264,0.9994371380585388,-0.6620476995499419,instance,f_classif_top25
0,0.6096881390593047,0.4,0.4517241379310345,0.42857142857142855,0.4142938172692572,0.0,0.47789867154354826,0.9983870967741936,1.0,0.6865973309498787,0.8753333272228442,0.9928691618726565,1.0081762155110812,instance,f_classif_top25
0,0.46685724185724187,0.4,0.4450261780104712,0.47619047619047616,0.6000220320742984,0.0,0.48344550337726067,0.9983870967741936,1.0,0.6880108151008604,0.8731690588977651,0.999058802090947,-0.8161369716295193,instance,f_classif_top25
0,0.5076311770339883,0.2,0.3804755944931164,0.6190476190476191,0.397067710890152,0.25,0.5185329891262086,1.0,1.0,0.7021738047341374,0.8625644209459524,0.9803108826215585,0.2584410562611592,instance,f_classif_top25
0,0.26335775335775347,0.0,0.3804755944931164,0.6190476190476191,0.3772465436458773,0.0,0.42499248956904834,0.9959677419354839,1.0,0.7069136419613768,0.8419105024486973,0.9747441263398792,1.7777279694012966,instance,f_classif_top25
0,0.2606606606606606,0.2,0.5357142857142857,0.42857142857142855,0.7773012197909139,0.0,0.4591881806913598,0.9975806451612903,1.0,0.7090692699319674,0.8390818251157134,0.9939130245505758,-0.2618008060330194,instance,f_classif_top25
1,0.46980320293203726,0.8,0.6195244055068836,0.7142857142857143,0.6063175110100827,0.7142857142857143,0.5257243626072363,1.0,1.0,0.7118966736925999,0.8973835544487795,0.9860172911758396,-0.6408061328462054,instance,f_classif_top25
0,0.5539085691668315,0.6,0.7286821705426356,0.47619047619047616,0.5176952320626985,0.4,0.49469983049133537,0.9991935483870967,1.0,0.721697346322825,0.9059422471866501,0.984092998060017,-0.28300942970848814,instance,f_classif_top25
0,0.463980463980464,0.2,0.4450261780104712,0.5238095238095238,0.5249008749562506,0.0,0.4332092580117698,0.9975806451612903,1.0,0.6992175358079724,0.8970915050461561,0.9782035208384438,-0.22258806264386785,instance,f_classif_top25
0,0.4743540982346953,0.8,0.4450261780104712,0.5238095238095238,0.5433956463669559,1.0,0.5421837420473176,1.0,1.0,0.7274145261553937,0.8975984552198897,0.9978503399464467,-0.48002788418043885,instance,f_classif_top25
0,0.32228560494624425,0.0,0.3804755944931164,0.6190476190476191,0.3832934041172187,0.0,0.4188377379903938,0.9887096774193549,1.0,0.6995616818519598,0.8685121750371817,0.9725793214093772,1.676431084299521,instance,f_classif_top25
0,0.08333333333333337,0.0,0.3804755944931164,0.6190476190476191,0.40294900847180914,0.0,0.46919898072210786,0.9959677419354839,1.0,0.6954834933920158,0.8733123675955403,0.9745568473526762,0.1528963332570778,instance,f_classif_top25
0,0.2285829785829786,0.0,0.3804755944931164,0.7142857142857143,0.3882158576242838,0.2,0.4661420406964686,0.9959677419354839,1.0,0.6923417263269888,0.8931715535854076,0.999974186287585,0.7060143822877065,instance,f_classif_top25
0,0.3119688644688644,0.2,0.3804755944931164,0.6190476190476191,0.3902984712132361,0.2,0.4498329037622377,0.9967741935483871,1.0,0.6913491512495737,0.8922907053178875,0.9909480689234063,0.4542403669164678,instance,f_classif_top25
1,0.6047503547503548,0.8,0.6195244055068836,0.6666666666666666,0.5968900817530952,0.75,0.5042168703406396,1.0,1.0,0.7141709738600784,0.9025260936678094,0.998870633443893,-0.4182055270651165,instance,f_classif_top25
0,0.25542124542124556,0.2,0.3804755944931164,0.8571428571428571,0.38078135136922187,0.4,0.5097587899883236,1.0,1.0,0.7148133166205785,0.8763460149140923,0.9984138550639314,0.32197462777277364,instance,f_classif_top25
0,0.3916638916638916,0.2,0.3804755944931164,0.7142857142857143,0.38718488697189907,0.0,0.43901200510852834,0.9975806451612903,1.0,0.7102775818860277,0.867577832096685,0.9904893403151754,-0.6230480220187437,instance,f_classif_top25
0,0.5027750027750029,0.2,0.3804755944931164,0.47619047619047616,0.45154944346964454,0.0,0.4930908089457061,0.9983870967741936,1.0,0.7293112338419835,0.8824344994934161,0.9969191266061621,0.3667110772186158,instance,f_classif_top25
0,0.08333333333333337,0.4,0.3804755944931164,0.7142857142857143,0.5395480930487078,0.0,0.46967210981215124,0.9983870967741936,1.0,0.6961514587367851,0.8460166570349575,0.9749531064011103,-1.4610073739937532,instance,f_classif_top25
0,0.4838779077585048,0.6,0.4450261780104712,0.47619047619047616,0.6669081654143523,0.5,0.45530945333650874,0.9991935483870967,1.0,0.7310424516074437,0.8589890968289903,0.9756669748116019,1.4809098091148067,instance,f_classif_top25
0,0.29524964524964525,0.2,0.3804755944931164,0.8095238095238095,0.41490746537620915,0.0,0.4331861171420843,0.9983870967741936,1.0,0.7180310600630505,0.859567430210831,0.9752240516542102,0.6571642889602715,instance,f_classif_top25
0,0.4548197416618469,0.6,0.3804755944931164,0.47619047619047616,0.7751668194009217,1.0,0.5027401473671623,1.0,1.0,0.7220986941385391,0.907868074760486,0.9995762371946111,-0.697638405840579,instance,f_classif_top25
0,0.2656200156200157,0.2,0.3804755944931164,0.8571428571428571,0.3964993598909031,0.0,0.43905146636988546,0.9967741935483871,1.0,0.7090592666129255,0.8668246252488171,0.989107931929388,1.8813963542158156,instance,f_classif_top25
0,0.4619840574266516,0.6,0.3804755944931164,0.3333333333333333,0.5452818981974829,1.0,0.515125885997396,1.0,1.0,0.6991183035415882,0.902486125722625,0.9986393991523445,-0.8780116579438678,instance,f_classif_top25
0,0.3940496109207766,0.0,0.3804755944931164,0.7142857142857143,0.3978542321437394,0.0,0.4051350521977477,0.9959677419354839,1.0,0.7013412022194655,0.8869955595394375,0.9999303870721312,-0.23249870945938303,instance,f_classif_top25
0,0.24409849409849416,0.6,0.3804755944931164,0.5714285714285714,0.5261122965792825,0.0,0.48159060157499667,0.9991935483870967,1.0,0.7037664687626759,0.8445456398557816,0.9975069535425787,-1.4247834689659225,instance,f_classif_top25
0,0.578994822602084,0.2,0.4517241379310345,0.5238095238095238,0.4773450358237903,0.5,0.4903097008727544,0.9991935483870967,1.0,0.7196919461640283,0.8937070991086089,0.9933825698437686,-0.869968937770801,instance,f_classif_top25
0,0.25542124542124556,0.4,0.3804755944931164,0.6190476190476191,0.379434903089257,0.0,0.45616816387200076,0.9983870967741936,1.0,0.6968119565774327,0.8691287008464831,0.9946657302052377,0.2510380760834069,instance,f_classif_top25
0,0.20780219780219777,0.0,0.3804755944931164,0.8571428571428571,0.3779529595014709,0.0,0.402690031509485,0.9903225806451613,1.0,0.6914578690682663,0.8521210294592895,0.9979538813944326,2.0899995631828525,instance,f_classif_top25
0,0.6963776963776964,0.0,0.3804755944931164,0.8571428571428571,0.37894083798764167,0.0,0.4811890673131961,0.9959677419354839,1.0,0.6969647462793992,0.8187197314491312,0.975392847752998,1.9849201387914073,instance,f_classif_top25
0,0.29524964524964525,0.2,0.3804755944931164,0.42857142857142855,0.4013786657906828,0.0,0.3911221072315496,0.9975806451612903,1.0,0.6852333493899107,0.8683208523593632,0.9808119094043678,1.4682383770068719,instance,f_classif_top25
0,0.4478021978021979,0.6,0.3804755944931164,0.6190476190476191,0.3774017454259749,0.4,0.4616214614032914,0.9983870967741936,1.0,0.6890075549833777,0.8703464117949933,0.9994705352549804,1.5693688272745752,instance,f_classif_top25
1,0.4893393393393394,0.8,0.5549738219895288,0.38095238095238093,0.4090911691230321,1.0,0.5415636560849695,1.0,0.96,0.6666666666666666,0.8573116864776246,0.9919078731964027,0.015716682429952358,instance,f_classif_top25
0,0.3285829785829786,0.4,0.3804755944931164,0.6190476190476191,0.4032082867110941,0.0,0.4903924858074581,0.9983870967741936,1.0,0.6950171380348182,0.8790421438394476,0.999280918040781,0.860042139475898,instance,f_classif_top25
0,0.3394334633140602,0.2,0.4450261780104712,0.5238095238095238,0.5021310695071912,0.0,0.4223257522425914,0.9991935483870967,1.0,0.6919325002764599,0.899150671641806,0.9898183686587321,0.2866522521600023,instance,f_classif_top25
0,0.32228560494624425,0.4,0.3804755944931164,0.6190476190476191,0.3955504985752697,0.5,0.5050765830049428,1.0,1.0,0.6973294560090116,0.8797618391138421,0.9809756665918902,0.6459374561356903,instance,f_classif_top25
0,0.4132803801515458,0.4,0.3804755944931164,0.6190476190476191,0.38961982188243943,1.0,0.5191702850790036,1.0,1.0,0.6930271953213355,0.875342256691227,0.9912966021482349,-0.7788876132529149,instance,f_classif_top25
1,0.24976257626338205,0.2,0.4642857142857143,0.38095238095238093,0.22864180997356753,0.6666666666666666,0.5015757806146189,1.0,1.0,0.7232825732791122,0.872538155137258,0.9693662965514133,1.344625042794506,instance,f_classif_top25
0,0.32228560494624425,0.2,0.3804755944931164,0.6190476190476191,0.3945673756907122,0.0,0.48879105449713667,0.9991935483870967,1.0,0.7079077625422385,0.8647027892848053,0.9840697237325672,0.6953092491258249,instance,f_classif_top25
0,0.3557461307461307,0.2,0.4450261780104712,0.5238095238095238,0.4435323392235102,0.25,0.5054469320000947,1.0,1.0,0.720198188709041,0.8900182162312782,0.9969709412179762,0.4198750437606898,instance,f_classif_top25
0,0.38387790775850483,0.4,0.4450261780104712,0.5238095238095238,0.6110670695750958,1.0,0.5519149254396767,1.0,1.0,0.7372445776492008,0.8849122423753714,0.9893823735373707,-0.4589480038493223,instance,f_classif_top25
0,0.3557461307461307,0.2,0.4450261780104712,0.47619047619047616,0.4520479279632508,0.0,0.47309464485631947,0.9983870967741936,1.0,0.7016120429869106,0.872714348668034,0.9895113307220965,0.09803217211827384,instance,f_classif_top25
0,0.5828828828828829,0.4,0.4517241379310345,0.6666666666666666,0.7689563252152066,0.0,0.49354224595455254,0.9991935483870967,1.0,0.7175966514730177,0.8477327856653634,0.9830029597142607,-0.13582717472452394,instance,f_classif_top25
1,0.6448724027671395,0.8,0.5482758620689655,0.6190476190476191,0.3941573379795821,0.6666666666666666,0.5162219791200336,1.0,1.0,0.7323582986065209,0.8823967825236081,0.9940904129494949,-0.15438678877907872,instance,f_classif_top25
0,0.5022247690959347,0.0,0.3804755944931164,0.8571428571428571,0.399786669357589,0.0,0.3945552843242992,0.992741935483871,1.0,0.6997496025307434,0.9015596155967597,0.9992351974335208,0.14886740346680805,instance,f_classif_top25
0,0.8298335032279986,0.6,0.4450261780104712,0.5238095238095238,0.45629387600867644,1.0,0.5132360430397933,1.0,1.0,0.6900523233545403,0.9066354212064555,0.9987354893196235,-0.5316364930629955,instance,f_classif_top25
0,0.3394334633140602,0.0,0.4450261780104712,0.42857142857142855,0.5564697601065696,0.0,0.47331069476618015,0.9919354838709677,1.0,0.7528531170884201,0.9025727887511164,0.9940185359336192,0.33740544269945966,instance,f_classif_top25
0,0.36874236874236876,0.2,0.4450261780104712,0.6190476190476191,0.5227547519773108,0.0,0.47782699467607226,0.9983870967741936,1.0,0.7140770576699936,0.8838911099358999,0.9988314297694515,0.2579256812179306,instance,f_classif_top25
0,0.24409849409849416,0.6,0.3804755944931164,0.6190476190476191,0.40001529002218206,0.0,0.39804486005887096,0.9983870967741936,1.0,0.7177927432289816,0.8609143198310106,0.9996248589877164,0.6454809753235461,instance,f_classif_top25
0,0.6542901542901542,0.6,0.7878787878787878,0.3333333333333333,0.7522753745405051,1.0,0.516251956425823,1.0,1.0,0.7308299771118466,0.8705341497798971,0.9789081056146166,-0.8797172464658474,instance,f_classif_top25
0,0.39524964524964534,0.2,0.3804755944931164,0.42857142857142855,0.3867804065657711,0.0,0.4639003890296354,0.9983870967741936,1.0,0.6837264660766252,0.8610121613172913,0.995441389582121,1.8518309655302625,instance,f_classif_top25
0,0.535408954811766,1.0,0.4450261780104712,0.5714285714285714,0.6075333494619083,0.8571428571428571,0.5702552774509808,1.0,1.0,0.7046383962739308,0.9072764761449134,0.9976895550215928,-0.8040686793578232,instance,f_classif_top25
0,0.2285829785829786,0.2,0.3804755944931164,0.8571428571428571,0.38887821132348455,0.0,0.42255951281701065,0.9967741935483871,1.0,0.7081587072904761,0.8963965353483654,0.9954507527626829,1.0385223700397783,instance,f_classif_top25
0,0.47057523583349825,0.4,0.4450261780104712,0.5238095238095238,0.5845625696734724,0.0,0.4717838298249106,0.9983870967741936,1.0,0.7151484847713454,0.877006412505157,0.9876415938078689,-0.6529839492305457,instance,f_classif_top25
0,0.2109600925390399,0.2,0.3804755944931164,0.7619047619047619,0.38284213810328227,0.0,0.422748497204431,0.9967741935483871,1.0,0.6905473622745023,0.8374299065673703,0.9937334041024186,-0.32338959386110405,instance,f_classif_top25
1,0.5842221173509516,0.8,0.6195244055068836,0.6190476190476191,0.6111781528959213,1.0,0.5088775704304893,1.0,1.0,0.6836024805499991,0.8575633216926692,0.979839877309891,-0.7566771848078195,instance,f_classif_top25
0,0.08333333333333337,0.2,0.3804755944931164,0.47619047619047616,0.38653798619729685,0.3333333333333333,0.44001471590530294,0.9967741935483871,1.0,0.6888392218593257,0.8757071647111399,0.9993123693132229,0.6171084057714462,instance,f_classif_top25
0,0.40366962054078626,0.0,0.3804755944931164,0.8571428571428571,0.38772320004708494,0.0,0.4499211753838095,0.9935483870967742,1.0,0.7084251620764195,0.8586599784478538,0.9682072041795148,0.4902597524620687,instance,f_classif_top25
0,0.28387790775850474,0.0,0.3804755944931164,0.8571428571428571,0.40431561724698917,0.0,0.4297792394986475,0.9911290322580645,1.0,0.6904720975956201,0.8906005055792828,0.977792546156105,1.4335453335547281,instance,f_classif_top25
0,0.49531739075998493,0.0,0.7126436781609196,0.38095238095238093,0.441196117274519,0.0,0.4811245509071187,0.9959677419354839,1.0,0.6865891913412608,0.8351323632855866,0.9786675394566141,-0.4323975542834432,instance,f_classif_top25
0,0.7402386392485403,0.4,0.4450261780104712,0.5238095238095238,0.4166196549642055,1.0,0.5040801467135587,1.0,1.0,0.7245125117043256,0.8796232496221614,0.9999734804170921,-0.17311569856798248,instance,f_classif_top25
0,0.4137681637681637,0.2,0.4450261780104712,0.6190476190476191,0.41604048712457187,0.3333333333333333,0.4421526478730008,0.9967741935483871,1.0,0.6952895626719838,0.8928197066522151,0.99478912957555,0.6973191683036036,instance,f_classif_top25
0,0.6542901542901542,0.2,0.4517241379310345,0.5238095238095238,0.6477248549580467,0.5,0.5248542293557686,1.0,1.0,0.7005387005609117,0.8880860168940594,0.9983183020794218,-0.9489816224346198,instance,f_classif_top25
1,0.3138623202550589,0.4,0.6195244055068836,0.8571428571428571,0.5994226348083801,0.0,0.48089903785271637,0.9988623435722411,1.0,0.6939502204589949,0.8751286899568089,0.9927658158098964,-0.01625487389819174,instance,f_classif_top25
0,0.596022065156812,0.2,0.5357142857142857,0.5238095238095238,0.7181178777438465,0.0,0.42883622895549,0.9991935483870967,0.96,0.6580018655936791,0.8787007952894339,0.9987538876692011,-0.5435902001236652,instance,f_classif_top25
0,0.578994822602084,0.2,0.5357142857142857,0.42857142857142855,0.493047826511246,0.0,0.49478279268456116,0.9991935483870967,1.0,0.6985701262858843,0.8832906380382662,0.9885990368827376,-0.11937124626279104,instance,f_classif_top25
0,0.24409849409849416,0.6,0.3804755944931164,0.6190476190476191,0.37676720391398144,0.0,0.4976872333514498,0.9991935483870967,0.84,0.6213016320942244,0.8169498586710118,0.9971350362869724,1.6240284572281258,instance,f_classif_top25
0,0.4761317587923982,0.4,0.4517241379310345,0.42857142857142855,0.42368431556091213,0.0,0.4888022465576758,0.9991935483870967,1.0,0.7031935434767821,0.9174009507764187,0.999335240479839,0.4294752411494495,instance,f_classif_top25
0,0.4478021978021979,0.2,0.3804755944931164,0.6190476190476191,0.3781162030006968,0.0,0.488234323887317,0.9983870967741936,1.0,0.7060972351445276,0.8539384212906203,0.9901507560789722,0.5766789799528663,instance,f_classif_top25
0,0.5923701076283701,0.4,0.7834394904458599,0.6666666666666666,0.4827631721249065,0.5,0.5097117475769624,1.0,1.0,0.7020279413661733,0.9243485097553078,0.9955371355979936,-0.14728247831620966,instance,f_classif_top25
0,0.33376007586533907,0.6,0.4517241379310345,0.5238095238095238,0.723750789678137,0.6666666666666666,0.43841346652536306,0.9991935483870967,1.0,0.71707194305956,0.8701201061997313,0.9941086347176458,-0.9240839520013527,instance,f_classif_top25
0,0.6096881390593047,0.6,0.4450261780104712,0.6190476190476191,0.5125073251811921,1.0,0.5342300093340626,1.0,1.0,0.6787361745945505,0.8720601254948446,0.9918893698809751,0.6282419136944126,instance,f_classif_top25
1,0.5884621463568831,1.0,0.5482758620689655,0.6666666666666666,0.28917061494090424,1.0,0.5332059286915362,1.0,1.0,0.7169223447897503,0.9020122022200516,0.9937584855962934,1.0244995596575543,instance,f_classif_top25
0,0.5791478460190116,0.2,0.3804755944931164,0.7142857142857143,0.4365566179695257,0.5,0.45097567667193716,0.9967741935483871,1.0,0.7053043477877534,0.8701649076046206,0.9686564598016421,-0.1579573081341923,instance,f_classif_top25
0,0.29524964524964525,0.4,0.3804755944931164,0.6666666666666666,0.4142485689871611,0.6666666666666666,0.5226235466826634,1.0,1.0,0.7006072055799372,0.8745783853574299,0.9723363697600957,0.11288719478518647,instance,f_classif_top25
1,0.666239924134661,1.0,0.5482758620689655,0.47619047619047616,0.37035351723935483,1.0,0.5611938593290839,1.0,1.0,0.7058628534789806,0.872771723030604,0.9691366838054243,-0.05592438747687146,instance,f_classif_top25
0,0.37868164555281114,0.4,0.3804755944931164,0.7142857142857143,0.4026048147021767,0.5,0.47048688421943907,0.9975806451612903,1.0,0.7341783246675607,0.8933727261845757,0.9914079610158087,0.3711694624930233,instance,f_classif_top25
0,0.3717717717717718,0.6,0.4450261780104712,0.47619047619047616,0.7530436037544069,0.5,0.5084615985527466,1.0,1.0,0.7245739727753612,0.8716243003301736,0.9946832148990375,-1.7076098703449916,instance,f_classif_top25
1,0.5162432726360113,1.0,0.5482758620689655,0.47619047619047616,0.5244155195434379,1.0,0.5343214195554064,1.0,1.0,0.7039028058237758,0.8586571328535471,0.9925040218420249,-1.2035322335737102,instance,f_classif_top25
0,0.3609068627450981,0.0,0.5357142857142857,0.42857142857142855,0.5892844236549925,0.0,0.43905267358775457,0.9951612903225806,1.0,0.6875206032699186,0.8820896234560742,0.984271585833393,0.796197955147993,instance,f_classif_top25
0,0.32228560494624425,0.4,0.3804755944931164,0.8571428571428571,0.39124491327030775,0.3333333333333333,0.5103506700530421,1.0,1.0,0.7222434400067571,0.8831093088888593,0.9948030544506808,0.6882401456399948,instance,f_classif_top25
0,0.6262254901960784,0.2,0.4450261780104712,0.5238095238095238,0.6091234500438949,0.25,0.49206876354565354,0.9991935483870967,1.0,0.7230128551524786,0.9000670377582555,0.9865223541478534,-0.8059044088393215,instance,f_classif_top25
0,0.4704337530943925,0.4,0.3804755944931164,0.9047619047619048,0.4063298265504953,0.5,0.5386907429999377,1.0,1.0,0.727327278143102,0.8994189692748443,0.9838833100615691,0.2817369859838041,instance,f_classif_top25
0,0.47380075646139586,0.2,0.4450261780104712,0.42857142857142855,0.4469668139415046,0.0,0.4666914559150268,0.9991935483870967,1.0,0.7455480153784899,0.9014339293629793,0.9817494308686487,0.944934691007981,instance,f_classif_top25
0,0.33376007586533907,0.4,0.4517241379310345,0.5714285714285714,0.520333567550462,0.0,0.4896351026074115,0.9983870967741936,1.0,0.732229204372712,0.8706515023757825,0.9994357781410267,1.1628712165573825,instance,f_classif_top25
0,0.5301967970679626,0.4,0.3804755944931164,0.8571428571428571,0.39225515022461044,0.4,0.4919667692934261,0.9991935483870967,1.0,0.6921455136040172,0.8847948154962291,0.9856347173821708,0.2163124814846376,instance,f_classif_top25
0,0.5106606606606607,0.4,0.4450261780104712,0.6190476190476191,0.6199402663450583,1.0,0.5185801587660779,1.0,1.0,0.700996642037968,0.8633372037299472,0.9942477333889158,-0.36124417879265497,instance,f_classif_top25
0,0.5908028576740234,0.8,0.7126436781609196,0.38095238095238093,0.43237673368905327,1.0,0.555489784157149,1.0,1.0,0.7179589044758041,0.8853769663623667,0.9633752465557278,0.4648379403487847,instance,f_classif_top25
0,0.41577788264904836,0.4,0.3804755944931164,0.47619047619047616,0.38677656723064957,1.0,0.5119651596699747,1.0,1.0,0.6719861304110888,0.838491475272333,0.9530252129836246,0.6384156713510393,instance,f_classif_top25
0,0.4132803801515458,0.4,0.3804755944931164,0.7142857142857143,0.37996433863969037,1.0,0.5080683852631542,1.0,1.0,0.7000940165324764,0.8653139033366266,0.9944893096869566,0.5683156336222636,instance,f_classif_top25
0,0.3107651607651607,0.2,0.3804755944931164,0.5238095238095238,0.3799333903943537,0.5,0.47063806230824434,0.9991935483870967,1.0,0.7016951909166861,0.8414671608804751,0.9856794400788923,0.42380283203555924,instance,f_classif_top25
0,0.37868164555281114,0.4,0.3804755944931164,0.7619047619047619,0.41271700284236035,0.4,0.4546216316101611,0.9983870967741936,1.0,0.6992929281963343,0.9019549474520622,0.9976276939256317,0.23492976004293598,instance,f_classif_top25
0,0.5001905751905751,0.2,0.4450261780104712,0.6190476190476191,0.4858989120669881,0.6666666666666666,0.48533617151490627,0.9967741935483871,1.0,0.6908640204919466,0.8881120825943053,0.977339022458532,0.29507154005877817,instance,f_classif_top25
1,0.6161220922414952,0.6,0.5549738219895288,0.42857142857142855,0.44782573881015786,1.0,0.5124364240532014,1.0,1.0,0.69668562027791,0.9186912692301686,0.9972800286635927,0.09128647902964723,instance,f_classif_top25
0,0.4229975927344348,0.2,0.4450261780104712,0.5238095238095238,0.4765623980704472,0.0,0.47410854558869664,0.9975806451612903,1.0,0.7013343639357748,0.8830964447066393,0.9959385976266073,-0.28092012327274596,instance,f_classif_top25
0,0.4681189382795776,0.0,0.3804755944931164,0.8571428571428571,0.41157143920799777,0.0,0.4534244199146964,0.9959677419354839,1.0,0.7119366595803451,0.8919571403814135,0.9921655634869313,0.02893903340736688,instance,f_classif_top25
0,0.4761317587923982,0.2,0.3804755944931164,0.6190476190476191,0.4030709491619906,0.2,0.48952482563643185,0.9983870967741936,1.0,0.7027023728549963,0.8975123457752193,0.9811805346299932,0.23719705044990402,instance,f_classif_top25
0,0.41577788264904836,0.4,0.7126436781609196,0.2857142857142857,0.48559901662864047,1.0,0.5395941874436734,1.0,1.0,0.7113419401781785,0.8572512964680956,0.9931767587141317,-0.7832210355763272,instance,f_classif_top25
0,0.4295854804329381,0.0,0.4450261780104712,0.42857142857142855,0.44655548164554976,0.0,0.435886622869222,0.9935483870967742,1.0,0.7262489794132689,0.8671461508660566,0.9712099237129782,1.4620559512606042,instance,f_classif_top25
0,0.47380075646139586,0.2,0.4450261780104712,0.38095238095238093,0.5489618360826777,0.0,0.4723149042066659,0.9975806451612903,1.0,0.6843319255716803,0.886303462487104,0.9947112186405034,0.7148802093939626,instance,f_classif_top25
1,0.40903548963267833,0.8,0.6195244055068836,0.47619047619047616,0.6159356346641379,0.5,0.5345285053991469,1.0,1.0,0.6841262034909368,0.8801175409762128,0.9982528773807663,-0.5721778603116786,instance,f_classif_top25
0,0.3286507240933183,0.4,0.4450261780104712,0.5714285714285714,0.513116621117047,1.0,0.5700361607824798,1.0,1.0,0.7220322309841193,0.9083502672636162,0.9931220821609282,-0.9638069081434282,instance,f_classif_top25
0,0.4056189382795776,0.4,0.5357142857142857,0.5238095238095238,0.6133224788235061,0.0,0.4664780709676172,0.9983870967741936,1.0,0.6886558836550789,0.8890295994763864,0.983047362193298,0.15437032805920128,instance,f_classif_top25
0,0.7408221408221408,1.0,0.3804755944931164,0.7142857142857143,0.37848531340888913,1.0,0.5508469323285918,1.0,1.0,0.713416859095743,0.854157672970658,0.9904402642842276,1.4859768793027188,instance,f_classif_top25
0,0.29524964524964525,0.6,0.3804755944931164,0.6190476190476191,0.38197447019101083,0.0,0.49274010944214186,0.9983870967741936,1.0,0.6975459315536361,0.8779142562037247,0.9927785020014378,1.6061679948388554,instance,f_classif_top25
1,0.6671978021978022,1.0,0.6195244055068836,0.6666666666666666,0.6152840992596134,0.5,0.5590137697599116,1.0,1.0,0.7299567696841968,0.8822301674408486,0.9950319625575892,0.402431660819854,instance,f_classif_top25
0,0.2285829785829786,0.4,0.3804755944931164,0.6190476190476191,0.3823971967793783,0.0,0.44464852246748665,0.9975806451612903,1.0,0.693168415145866,0.888799828896259,0.9923440828253559,1.7834467571809403,instance,f_classif_top25
0,0.38387790775850483,0.4,0.4450261780104712,0.6190476190476191,0.5227168951782185,1.0,0.5243272927828468,1.0,1.0,0.7439348503267479,0.8974921903480018,0.9975908025146621,0.4119889107491418,instance,f_classif_top25
0,0.4621766315794428,0.2,0.7126436781609196,0.5714285714285714,0.3955400768587243,0.25,0.4647664513815799,0.9975806451612903,1.0,0.6821896367903464,0.8668134523586026,0.9662918895241354,0.4426176306725563,instance,f_classif_top25
0,0.6549993284985227,0.6,0.5357142857142857,0.6190476190476191,0.6931752679042571,0.5,0.4979931952104186,0.9991935483870967,1.0,0.7339376043801837,0.9059246574483519,0.9962328744467734,-1.3380828667791294,instance,f_classif_top25
0,0.2656200156200157,0.4,0.3804755944931164,0.8571428571428571,0.38535041118632096,0.0,0.45827892604282094,0.9975806451612903,1.0,0.707708317250974,0.8807950740828113,0.9962192859749918,1.7702957542941955,instance,f_classif_top25
0,0.5076311770339883,0.6,0.7126436781609196,0.38095238095238093,0.6397671589402113,0.0,0.4835287925945091,0.9991935483870967,1.0,0.7510895906239444,0.8970462085165445,0.9931340849467204,-1.5957728143096706,instance,f_classif_top25
0,0.46874236874236874,0.6,0.4450261780104712,0.5238095238095238,0.4814777121965237,0.5,0.4774436985718823,0.9991935483870967,1.0,0.7210212752151786,0.8951430147628808,0.9874704240572412,-0.7119886882357086,instance,f_classif_top25
0,0.2285829785829786,0.2,0.3804755944931164,0.42857142857142855,0.37784315777128646,0.0,0.4719862769138976,0.9983870967741936,1.0,0.6822097108024612,0.8648996598960704,0.9933075631932758,2.2742147627871354,instance,f_classif_top25
0,0.7028043464116078,0.2,0.3804755944931164,0.6190476190476191,0.4036975889867467,0.0,0.495329020201584,0.9983870967741936,1.0,0.6851497387709377,0.8770912241039605,0.9963218410612295,0.7093579901394188,instance,f_classif_top25
0,0.488952271612911,0.6,0.4517241379310345,0.5238095238095238,0.4380668518651599,0.0,0.49274970489872505,0.9983870967741936,1.0,0.7302777568942894,0.8782989619861309,0.972861757563234,-0.1335049662047873,instance,f_classif_top25
1,0.40762989237162994,0.4,0.1504424778761062,0.6666666666666666,0.45790704446859176,0.25,0.4713579146331591,0.9994311717861206,1.0,0.7311790394107159,0.9248354740396161,0.9974710949980171,0.8189047045986333,instance,f_classif_top25
0,0.35512759723286036,0.2,0.4450261780104712,0.47619047619047616,0.7536045976265036,0.0,0.4758452563653853,0.9983870967741936,1.0,0.7153201917558345,0.8463819654888948,0.9797262787061866,-0.2940478357253627,instance,f_classif_top25
0,0.5,0.4,0.3804755944931164,0.6190476190476191,0.6347473543225628,0.0,0.49547124256108044,0.9991935483870967,1.0,0.6783448938938731,0.8419266517840828,0.9472759233919007,-0.1527631995849041,instance,f_classif_top25
0,0.4032045203097834,0.2,0.4517241379310345,0.42857142857142855,0.5703356925489307,0.0,0.4760794031431268,0.9983870967741936,1.0,0.710620538503966,0.901636147558595,0.9968901695526355,-0.6056514597885032,instance,f_classif_top25
0,0.5022247690959347,0.6,0.4517241379310345,0.47619047619047616,0.44862450357565054,1.0,0.544764518068746,1.0,1.0,0.6978505349882491,0.9179563915198008,0.9977067398395746,-0.37792991729794856,instance,f_classif_top25
0,0.7542901542901542,1.0,0.3804755944931164,0.5238095238095238,0.667202717177803,1.0,0.5561481678793658,1.0,1.0,0.762138856473915,0.9250488636369899,0.99907201721827,-2.3908726622190613,instance,f_classif_top25
0,0.34837861524978087,0.2,0.4517241379310345,0.42857142857142855,0.42494116723210074,0.5,0.472885376041972,0.9991935483870967,1.0,0.6974183520965976,0.8871054031809593,0.9977228431484859,0.429269252056799,instance,f_classif_top25
0,0.3394334633140602,0.4,0.4450261780104712,0.5238095238095238,0.5853508320619926,0.5,0.4875678084029055,0.9983870967741936,1.0,0.694772344840667,0.8759520959568703,0.9813546112480854,0.45229053441615064,instance,f_classif_top25
0,0.5301967970679626,0.6,0.8495575221238938,0.5238095238095238,0.44268740600860335,0.6666666666666666,0.5169352695376505,1.0,1.0,0.7245509430800638,0.9018017929006855,0.995296005142727,-0.6176119375415563,instance,f_classif_top25
0,0.463980463980464,0.2,0.4450261780104712,0.38095238095238093,0.4067116754944248,0.0,0.4826146049681541,0.9983870967741936,1.0,0.7022773485234394,0.9049186450487153,0.9847748757632707,0.9647483661483238,instance,f_classif_top25
0,0.3835239085239085,0.6,0.4450261780104712,0.5238095238095238,0.552855508826644,0.0,0.4806112164381785,0.9991935483870967,1.0,0.7080971491270278,0.8762184153529324,0.9919648100518197,0.06457474577367209,instance,f_classif_top25
0,0.4016253684965342,0.2,0.3804755944931164,0.7142857142857143,0.3814602300894486,1.0,0.5200599332160573,1.0,1.0,0.67548948341439,0.8787585103538718,0.9974800594457163,1.190196892682907,instance,f_classif_top25
0,0.2656200156200157,0.4,0.3804755944931164,0.8571428571428571,0.44148671663378536,0.3333333333333333,0.467805326980705,0.9975806451612903,1.0,0.7048553020247513,0.8901304222969462,0.9972935569014009,0.4754475053525267,instance,f_classif_top25
1,0.4574414905703249,0.6,0.6195244055068836,0.5238095238095238,0.5778823976269357,0.5,0.49969116916330003,0.9994311717861206,1.0,0.7117504539597996,0.8934028212669736,0.9962926016076558,-0.15116004101646993,instance,f_classif_top25
0,0.44487118697645,0.4,0.4517241379310345,0.5238095238095238,0.5708116005090247,0.3333333333333333,0.4975504772692364,0.9991935483870967,1.0,0.7799123644776144,0.9107661388736993,0.9999542011401659,-0.16382217812396868,instance,f_classif_top25
0,0.5222856049462443,0.8,0.4517241379310345,0.5238095238095238,0.6042217533592678,1.0,0.5081713580749141,1.0,1.0,0.7185744052013286,0.894000213441905,0.9888189580921998,-0.7596510632724645,instance,f_classif_top25
0,0.5354090354090355,0.6,0.4450261780104712,0.5238095238095238,0.47543987374227414,1.0,0.5152916546727943,1.0,0.96,0.6346612246511145,0.8853187467941541,0.999607392543,-0.2431696719242188,instance,f_classif_top25
0,0.37868164555281114,0.4,0.3804755944931164,0.6190476190476191,0.4005853695974907,0.3333333333333333,0.5293429429163864,1.0,1.0,0.709332017054067,0.8955296925511753,0.9972404810150562,-0.04651430527920165,instance,f_classif_top25
0,0.47201797385620925,0.6,0.4450261780104712,0.42857142857142855,0.563532789253168,1.0,0.5259370778040904,1.0,1.0,0.6885457287677449,0.8562382202961727,0.9667823787848945,-0.8736909881613638,instance,f_classif_top25
0,0.5158444827156483,0.4,0.4450261780104712,0.5714285714285714,0.40019894837372416,0.0,0.4535834535860843,0.9983870967741936,1.0,0.699119597136043,0.8871047462932755,0.9998845825266748,0.12173592088308151,instance,f_classif_top25
0,0.2656200156200157,0.0,0.3804755944931164,0.8571428571428571,0.3996010459355336,0.0,0.43139712230544147,0.9943548387096774,1.0,0.7076285445700221,0.8738663470385453,0.9993501285783915,1.2514878490978836,instance,f_classif_top25
0,0.2426739926739927,0.0,0.3804755944931164,0.8571428571428571,0.4331466630992412,0.0,0.45989920378130533,0.9911290322580645,1.0,0.6721892033964935,0.8672108446328229,0.9962522867216766,0.6959374116744458,instance,f_classif_top25
0,0.41299019607843135,0.4,0.4450261780104712,0.5238095238095238,0.7744287232482998,1.0,0.519353319772732,1.0,1.0,0.6748813465252349,0.8468473838329976,0.9966926029926743,-0.9738519124777367,instance,f_classif_top25
0,0.3119688644688644,0.2,0.3804755944931164,0.7142857142857143,0.3880413223403286,0.0,0.445634008024558,0.9975806451612903,1.0,0.696061502516374,0.8979054822934235,0.9998396934736961,0.38018839808027316,instance,f_classif_top25
0,0.41504528191644763,0.2,0.3804755944931164,0.7142857142857143,0.3911882905247376,0.0,0.48759522234286123,0.9983870967741936,1.0,0.6791513572515564,0.8630956449229268,0.989497124571534,0.8002494692337327,instance,f_classif_top25
0,0.3286507240933183,0.6,0.7126436781609196,0.38095238095238093,0.5521973953033377,0.0,0.4554855117673017,0.9991935483870967,1.0,0.7341180051711816,0.8682274044803902,0.9715762221804021,-1.1659500036873134,instance,f_classif_top25
0,0.27446886446886454,0.4,0.3804755944931164,0.6190476190476191,0.3816085739339474,0.0,0.45193312441352373,0.9991935483870967,1.0,0.7230320929174434,0.8632660722286665,0.9875606702175278,0.6076201985298353,instance,f_classif_top25
0,0.4837567273639888,0.0,0.7878787878787878,0.2857142857142857,0.4039222557723391,0.0,0.41081823385804217,0.9959677419354839,1.0,0.7304897207493172,0.8626630569073004,0.9785487205482516,0.9710880511792436,instance,f_classif_top25
0,0.5194710130782745,0.6,0.3804755944931164,0.6190476190476191,0.3945802349917158,0.0,0.4951084055153655,0.9991935483870967,1.0,0.7047855299558,0.8586500697325067,0.9983631726507752,0.6809751189496007,instance,f_classif_top25
1,0.49777523090406517,0.4,0.2713178294573644,0.5714285714285714,0.5617555562967466,0.0,0.456034633767734,0.9994311717861206,1.0,0.7048476366708809,0.9156469688724446,0.994225824043981,0.8472959354254581,instance,f_classif_top25
0,0.6652436946148603,0.0,0.4517241379310345,0.42857142857142855,0.4566624933431227,0.0,0.4315149555397674,0.992741935483871,1.0,0.6990052084924898,0.8706601377222855,0.9969485410632772,0.14283897378479354,instance,f_classif_top25
0,0.5812072503419974,0.8,0.4517241379310345,0.5238095238095238,0.6086448099625911,0.0,0.4932478714076387,0.9991935483870967,1.0,0.7380069953421332,0.8836486390249867,0.9871540513635428,0.24177020641460625,instance,f_classif_top25
0,0.5812072503419974,0.0,0.5357142857142857,0.42857142857142855,0.6979025427758069,0.0,0.4325258561910946,0.9951612903225806,1.0,0.7104214891125109,0.8706326763091131,0.9949842148936939,0.7245194999301473,instance,f_classif_top25
0,0.46685724185724187,0.6,0.7878787878787878,0.2857142857142857,0.4475707832639486,0.6666666666666666,0.5270827374783731,1.0,1.0,0.7015017346863346,0.9013806713420506,0.9929144437244911,-0.572196499006923,instance,f_classif_top25
0,0.47820452030978344,0.2,0.4450261780104712,0.38095238095238093,0.4716399326814088,0.0,0.44284549986533805,0.9967741935483871,1.0,0.703278576093826,0.860496978135611,0.9860188548571154,1.4683067827328362,instance,f_classif_top25
0,0.7250000000000001,0.4,0.3804755944931164,0.5238095238095238,0.786845544191365,0.0,0.4715992024256962,0.9983870967741936,1.0,0.7396883986676861,0.8640192676217255,0.976128930782849,-2.6669371011836573,instance,f_classif_top25
0,0.5993631146213769,0.0,0.4450261780104712,0.6190476190476191,0.5043587091262521,0.0,0.451731556363705,0.989516129032258,1.0,0.7032950776803389,0.8765926583807304,0.9996599887280656,0.6202517058338223,instance,f_classif_top25
0,0.36874236874236876,0.2,0.3804755944931164,0.38095238095238093,0.4408540694902213,0.0,0.4691968911230514,0.9975806451612903,1.0,0.7117056398440142,0.8745818633474168,0.9975771282431612,0.2893440561223953,instance,f_classif_top25
0,0.463980463980464,0.4,0.4450261780104712,0.5238095238095238,0.4963402846268963,0.3333333333333333,0.4706799782034772,0.9975806451612903,1.0,0.6942054054959387,0.9051698473272571,0.9962634250162223,-0.9305612194272556,instance,f_classif_top25
0,0.4681189382795776,0.8,0.3804755944931164,0.6190476190476191,0.412589996646573,1.0,0.5608026430792847,1.0,1.0,0.6844327091856397,0.8936083126919931,0.9991331143858537,0.7426308593623877,instance,f_classif_top25
0,0.4837567273639888,0.4,0.7286821705426356,0.5238095238095238,0.45843930705823555,0.0,0.42864527800789964,0.9975806451612903,1.0,0.7045705494160348,0.8731130233965092,0.9793685099856504,0.3770934510903724,instance,f_classif_top25
0,0.47380075646139586,0.4,0.5357142857142857,0.42857142857142855,0.5836270528904545,0.0,0.44151046206626243,0.9983870967741936,1.0,0.7083161957941884,0.9140616197383382,0.9975298092033829,-0.2189937240746541,instance,f_classif_top25
0,0.4132803801515458,0.4,0.3804755944931164,0.6190476190476191,0.4031647447837471,0.3333333333333333,0.5009505729629904,1.0,1.0,0.6934066571432057,0.8953016333394522,0.9975688564181565,-0.4751188995559255,instance,f_classif_top25
0,0.32207120365015107,0.2,0.3804755944931164,0.6190476190476191,0.3811451266511584,0.3333333333333333,0.5148971320663047,1.0,1.0,0.6875555120753751,0.8515469563237633,0.9935967727596817,0.1594045214876029,instance,f_classif_top25
0,0.311916311916312,0.2,0.7878787878787878,0.23809523809523808,0.4004792403324301,0.5,0.4612207919728142,0.9975806451612903,1.0,0.7499385397955015,0.8880656811713911,0.9999061517147622,0.5988669801445765,instance,f_classif_top25
0,0.3119688644688644,0.0,0.3804755944931164,0.6190476190476191,0.3810185816438686,0.0,0.4463207115268941,0.9935483870967742,1.0,0.6768760091513629,0.8762442527160935,0.9869888559177967,0.4749744701719364,instance,f_classif_top25
0,0.39524964524964534,0.2,0.4450261780104712,0.5238095238095238,0.42341226311947444,0.0,0.4711780519086878,0.9967741935483871,1.0,0.7097802746287328,0.9136430382917966,0.9992563575568959,0.771084171345583,instance,f_classif_top25
0,0.3285829785829786,0.4,0.3804755944931164,0.6190476190476191,0.3834346702053837,0.0,0.4949882081048198,0.9991935483870967,1.0,0.6941177476373838,0.8700472143741713,0.9818439226193917,0.6951260370603444,instance,f_classif_top25
1,0.6714170214170214,1.0,0.6195244055068836,0.6190476190476191,0.5757546886276687,0.5,0.5652280097427174,1.0,1.0,0.6931839525337862,0.8876301337945223,0.9872392167814765,-0.2546558495419954,instance,f_classif_top25
0,0.7358193277310925,1.0,0.7834394904458599,0.7142857142857143,0.7247265650385355,0.8,0.5687047958809164,1.0,1.0,0.7077534559593625,0.8958893710190995,0.9969083012457135,-1.7443602380717902,instance,f_classif_top25
0,0.5022247690959347,0.2,0.3804755944931164,0.6190476190476191,0.4036511359556213,0.0,0.4736984080966614,0.9967741935483871,1.0,0.7063686177434517,0.9098982388952469,0.9964378641996176,0.03348706643438492,instance,f_classif_top25
0,0.3744688644688644,0.4,0.3804755944931164,0.6190476190476191,0.3803328928753886,1.0,0.5078209101087425,1.0,1.0,0.6818196861835153,0.8601555028569254,0.9997654824082595,1.4500023416259713,instance,f_classif_top25
0,0.5923701076283701,0.6,0.8495575221238938,0.6190476190476191,0.6637072361165162,1.0,0.5209732025004566,1.0,1.0,0.7139914617936933,0.9140313500636246,0.9970396229279588,-1.4149998533614863,instance,f_classif_top25
1,0.40903548963267833,0.6,0.6195244055068836,0.42857142857142855,0.6196591661459484,0.5,0.4944681884399299,0.9994311717861206,1.0,0.6877333600932114,0.8503480986435169,0.9830499056141709,-0.5371139625020446,instance,f_classif_top25
0,0.4333967160573554,0.2,0.4517241379310345,0.5238095238095238,0.4946245269921693,0.0,0.43346368311489003,0.9967741935483871,1.0,0.6890212145229185,0.8988883675023832,0.9955764282736482,0.6348418652716715,instance,f_classif_top25
0,0.2387378703168177,0.2,0.3804755944931164,0.42857142857142855,0.3829744212930343,0.42857142857142855,0.4592406720608545,0.9967741935483871,1.0,0.6817487362776475,0.8630226462767315,0.999397517985167,0.3186325498745508,instance,f_classif_top25
0,0.44487118697645,0.2,0.4517241379310345,0.47619047619047616,0.4950756566112364,0.0,0.4778138379793361,0.9991935483870967,1.0,0.6936331009076641,0.8649582155636226,0.966907997389743,0.31617339901563923,instance,f_classif_top25
0,0.5001905751905751,0.4,0.5357142857142857,0.7619047619047619,0.7531863135317766,0.0,0.47690268037320516,0.9983870967741936,1.0,0.7075148187334349,0.8704661748017625,0.9998821304557328,-1.1179973107024792,instance,f_classif_top25
0,0.31949206949206943,0.0,0.3804755944931164,0.8571428571428571,0.37791196319167886,0.2857142857142857,0.4586310201407843,0.9951612903225806,1.0,0.6870815051447008,0.8570851219382899,0.9797634828174726,1.3668962350062035,instance,f_classif_top25
0,0.31949206949206943,0.0,0.3804755944931164,0.7142857142857143,0.3801109622735891,0.25,0.4372615810356688,0.9935483870967742,1.0,0.6940423869749208,0.8755816980351137,0.9882470851989414,1.0408806016392573,instance,f_classif_top25
0,0.3940496109207766,0.4,0.3804755944931164,0.6666666666666666,0.4348742777275877,0.0,0.4528075997311831,0.9983870967741936,1.0,0.6947078398472608,0.897072809103191,0.9940451379679023,-0.22170965247705945,instance,f_classif_top25
0,0.463980463980464,0.6,0.4450261780104712,0.38095238095238093,0.41550650522645405,0.5,0.45370899172134804,0.9991935483870967,1.0,0.702573321929648,0.8950862957991013,0.9996816448230313,0.894677769845537,instance,f_classif_top25
0,0.28387790775850474,0.0,0.4450261780104712,0.5238095238095238,0.47928156413172773,0.0,0.44523551084768753,0.9903225806451613,1.0,0.6936343293848927,0.9198114986202218,0.9945114914837675,0.9452935453948033,instance,f_classif_top25
0,0.562095337095337,0.8,0.5357142857142857,0.7619047619047619,0.629483507805552,1.0,0.5408716686283597,1.0,1.0,0.7106964081298984,0.9083157702551071,0.9973363884019237,-0.3376162860024991,instance,f_classif_top25
0,0.44728560494624425,0.2,0.4517241379310345,0.6666666666666666,0.4217531385013268,1.0,0.5119218694823086,1.0,1.0,0.7038943466731225,0.8835828701114147,0.9909660912129399,0.0714096766561192,instance,f_classif_top25
0,0.2606606606606606,0.0,0.4450261780104712,0.47619047619047616,0.6839935325768619,0.3333333333333333,0.45950694445931284,0.9959677419354839,1.0,0.7360704685243205,0.8542295437928344,0.9818526102832758,0.12010278043106741,instance,f_classif_top25
0,0.08333333333333337,0.0,0.3804755944931164,0.6190476190476191,0.394368605182733,0.0,0.44010065691059574,0.9951612903225806,1.0,0.7322671799493794,0.8639368539056055,0.9874786065483031,0.5287337583989975,instance,f_classif_top25
1,0.5551288130235499,1.0,0.5482758620689655,0.7142857142857143,0.4409291662953331,1.0,0.5666520767274783,1.0,1.0,0.7115329720316815,0.87348213117527,0.9890291124569655,0.1257454637199147,instance,f_classif_top25
0,0.4621766315794428,0.2,0.7126436781609196,0.38095238095238093,0.3920790086515893,0.25,0.47699513640771785,0.9983870967741936,1.0,0.70302383299785,0.8582991381533042,0.9643983258079529,0.864243884148409,instance,f_classif_top25
0,0.6096881390593047,0.4,0.3804755944931164,0.7142857142857143,0.42312908976344843,0.16666666666666666,0.4638129916965771,0.9975806451612903,1.0,0.7036520089705643,0.8903502414541401,0.975054005742288,-0.2691420779691506,instance,f_classif_top25
0,0.30619818777713526,0.0,0.3804755944931164,0.8095238095238095,0.4080586646119241,0.0,0.4577092084522466,0.9959677419354839,1.0,0.6946875554883648,0.867693560910502,0.9997267055953285,-0.33620466806831634,instance,f_classif_top25
0,0.41577788264904836,0.4,0.3804755944931164,0.3333333333333333,0.3811363795406947,0.75,0.47648403424351116,0.9975806451612903,1.0,0.6966761011892498,0.870058881071406,0.9998947619719474,0.9888093922375963,instance,f_classif_top25
1,0.6265573844521213,0.8,0.5482758620689655,0.5238095238095238,0.3457396515388007,1.0,0.5314031240235233,1.0,1.0,0.6739334473985436,0.8406636158537698,0.9993591845865553,-0.08088578817190557,instance,f_classif_top25
0,0.3717717717717718,0.6,0.4450261780104712,0.5714285714285714,0.6908946622748463,0.3333333333333333,0.4653635090063539,0.9991935483870967,1.0,0.7257276754951991,0.8887663638835487,0.9989255232914185,-1.2987887735816626,instance,f_classif_top25
0,0.3906593406593407,0.2,0.3804755944931164,0.6190476190476191,0.37899768549043533,1.0,0.5063336027632539,1.0,1.0,0.680650728707504,0.845398162698999,0.9885276885694042,2.884072548774028,instance,f_classif_top25
0,0.42429784370065493,0.6,0.3804755944931164,0.6190476190476191,0.3954698573943952,0.4,0.5132248632784826,1.0,1.0,0.6880365407173558,0.8673206057219899,0.998543240483983,0.8057627289008831,instance,f_classif_top25
0,0.5993631146213769,1.0,0.5357142857142857,0.5238095238095238,0.689501504769916,1.0,0.524585228304915,1.0,1.0,0.6786820716337558,0.8898720033045947,0.9935328679012043,0.011311128977532203,instance,f_classif_top25
0,0.8224316334072431,0.6,0.5357142857142857,0.42857142857142855,0.49280961194341455,0.0,0.4455440914235016,0.9991935483870967,1.0,0.6983346498596651,0.8813756574010995,0.9883258029893845,0.9724128588543162,instance,f_classif_top25
0,0.5993631146213769,0.8,0.8495575221238938,0.6190476190476191,0.7286435477096359,1.0,0.5477111897852943,1.0,1.0,0.7120752748092982,0.8921855868541603,0.9993717041271969,-0.8495991627150806,instance,f_classif_top25
1,0.5378233684205571,0.4,0.28735632183908044,0.47619047619047616,0.6096828611989602,0.0,0.46736810160080233,0.9994311717861206,1.0,0.6844701411797176,0.8271201593844792,0.9934017396072115,-0.367051123165439,instance,f_classif_top25
0,0.463980463980464,0.6,0.8495575221238938,0.5238095238095238,0.599539964452557,0.5,0.4655787808851536,0.9991935483870967,1.0,0.7100686849376844,0.8874311732204393,0.988471530653961,-1.546488192792225,instance,f_classif_top25
0,0.3394334633140602,0.2,0.4450261780104712,0.5238095238095238,0.4740684491276239,0.25,0.43928865334760814,0.9967741935483871,1.0,0.6867851189459256,0.8980498963128671,0.9872983596221155,0.6348774171675292,instance,f_classif_top25
0,0.7902386392485402,0.8,0.4517241379310345,0.5238095238095238,0.7518306130380156,0.5,0.562316550185227,1.0,1.0,0.7359655707101695,0.8613955463572773,0.9934498690256232,-1.3579191112914408,instance,f_classif_top25
0,0.47201797385620925,0.0,0.4450261780104712,0.5238095238095238,0.5272045309882445,0.0,0.3895824231838495,0.9943548387096774,1.0,0.6973775523935798,0.874015339545084,0.9515062950893212,0.5854981162259684,instance,f_classif_top25
0,0.4056189382795776,0.6,0.3804755944931164,0.9523809523809523,0.4211028826417215,0.6666666666666666,0.5003001702977753,1.0,1.0,0.693467054302505,0.891333247724529,0.9955029029699582,0.3660528904447632,instance,f_classif_top25
0,0.46313131313131306,0.4,0.4517241379310345,0.5238095238095238,0.751571479644246,0.0,0.49949081513725546,0.9991935483870967,1.0,0.7854868294738597,0.9050608393730123,0.9951312913631196,-1.9286870262910725,instance,f_classif_top25
0,0.39652006592287714,0.4,0.3804755944931164,0.7619047619047619,0.4009792315962496,0.0,0.47373980604321264,0.9983870967741936,1.0,0.7090615211338647,0.8736135644864891,0.9926866853490786,0.08162689077483518,instance,f_classif_top25
0,0.5075757575757576,0.4,0.4517241379310345,0.5238095238095238,0.7186559963355769,0.0,0.4869237431457275,0.9991935483870967,1.0,0.703962739823222,0.8806188344805108,0.9993899235223969,-0.297015664568723,instance,f_classif_top25
0,0.3411355311355312,0.6,0.3804755944931164,0.6190476190476191,0.37700971643269376,0.5,0.4558411654447856,0.9991935483870967,1.0,0.6845162665243639,0.8407332034997974,0.9970482620948743,1.7391229827270398,instance,f_classif_top25
0,0.49835301361127604,0.4,0.5357142857142857,0.42857142857142855,0.5686132784260447,0.0,0.4838769504732121,0.9991935483870967,1.0,0.7010235314058327,0.9198307185743044,0.9970904512435782,-0.8413917813378826,instance,f_classif_top25
0,0.4837567273639888,0.2,0.8495575221238938,0.47619047619047616,0.4390888599249442,0.0,0.47635865905040153,0.9983870967741936,1.0,0.7333049692921602,0.8981604892149011,0.9950617703429474,0.20168677117328065,instance,f_classif_top25
0,0.4132803801515458,0.2,0.3804755944931164,0.5238095238095238,0.39187905270759715,0.25,0.4509026501431538,0.9975806451612903,1.0,0.7148972808739733,0.8945800257974175,0.9981633742431893,0.15218950924054003,instance,f_classif_top25
1,0.5171171171171172,1.0,0.5549738219895288,0.42857142857142855,0.22831684290716614,1.0,0.5659086551678623,1.0,1.0,0.7203940771108192,0.8545884018840795,0.9969754251425857,-0.1646325310763879,instance,f_classif_top25
0,0.4413332239938633,0.4,0.7286821705426356,0.5238095238095238,0.43922630825038034,1.0,0.505292738601292,1.0,1.0,0.6971541097486164,0.8958818226876991,0.9962457559769647,-0.1931550436586457,instance,f_classif_top25
0,0.46685724185724187,0.4,0.4450261780104712,0.42857142857142855,0.48138938796950725,0.5,0.4793642303122009,0.9983870967741936,1.0,0.7033239952692699,0.8978623426943068,0.9761362388107867,-0.04106569857408264,instance,f_classif_top25
0,0.3717717717717718,0.6,0.4450261780104712,0.47619047619047616,0.7746301821800108,0.0,0.44003859376938703,0.9983870967741936,1.0,0.7029702878441071,0.8496551914831706,0.9885192438078836,-1.9985586742005887,instance,f_classif_top25
0,0.47201797385620925,0.0,0.4450261780104712,0.5238095238095238,0.5733413335746392,0.0,0.4417040988851769,0.9959677419354839,1.0,0.6961597695629251,0.8987574690891442,0.9975130931041163,-0.07021444761097491,instance,f_classif_top25
0,0.5222856049462443,0.4,0.5357142857142857,0.7619047619047619,0.41145872216410573,0.5,0.5332578610098933,1.0,1.0,0.7275439256294559,0.8975349834740146,0.9998580626565564,0.25132017221888425,instance,f_classif_top25
0,0.4621766315794428,0.8,0.7126436781609196,0.38095238095238093,0.3958630909123254,1.0,0.5176662581987127,1.0,1.0,0.7139881018545363,0.8197824125578994,0.9535754126085098,0.576786863412129,instance,f_classif_top25
0,0.2387378703168177,0.0,0.3804755944931164,0.42857142857142855,0.38089900899258666,0.0,0.40977900417682755,0.9903225806451613,1.0,0.6811992799762315,0.8396082222795164,0.9868103996140015,0.42436235484927826,instance,f_classif_top25
0,0.3835239085239085,0.6,0.4450261780104712,0.5238095238095238,0.7450516645165209,1.0,0.592968393312173,1.0,1.0,0.7085370371961056,0.8649328918675343,0.9926996678961352,-1.0877719563728938,instance,f_classif_top25
0,0.3940496109207766,0.0,0.3804755944931164,0.8571428571428571,0.4147889359756324,0.0,0.4200060146594211,0.9943548387096774,1.0,0.7360928457552939,0.9023200003047481,0.9864928415038301,-0.3923800029771506,instance,f_classif_top25
0,0.4837567273639888,0.2,0.5357142857142857,0.42857142857142855,0.5216289035637619,0.0,0.42731584131458766,0.9967741935483871,1.0,0.6946270522064939,0.8899113289802635,0.9922097017313788,0.2605786418164688,instance,f_classif_top25
0,0.3940496109207766,0.4,0.3804755944931164,0.42857142857142855,0.420087906632099,0.5,0.46147168679740524,0.9991935483870967,1.0,0.6819384609748707,0.8733706531669645,0.9854075750899669,-0.4517134237908003,instance,f_classif_top25
0,0.25542124542124556,0.2,0.3804755944931164,0.9523809523809523,0.37886560073965536,0.0,0.47768031408077594,0.9975806451612903,1.0,0.6933725758363944,0.8680937015813918,0.9858251215815056,0.24294872727122968,instance,f_classif_top25
0,0.35512759723286036,0.4,0.5357142857142857,0.7619047619047619,0.7220334390268495,0.75,0.5251918874020429,1.0,1.0,0.7057695414416917,0.8748045051725893,0.9841557643886898,-0.6607682100426385,instance,f_classif_top25
0,0.6020757020757022,0.4,0.3804755944931164,0.6190476190476191,0.4495629479697788,0.0,0.4866885610431926,0.9983870967741936,1.0,0.7226991328060413,0.8660375688483355,0.9966491542841768,0.015593378139277119,instance,f_classif_top25
1,0.5365290346907994,0.8,0.5482758620689655,0.38095238095238093,0.3870223622680605,0.5,0.518439102643186,1.0,1.0,0.6941133304709503,0.8916515477580341,0.9862775505454777,0.23501613922103284,instance,f_classif_top25
1,0.5261992435386043,0.4,0.5549738219895288,0.6190476190476191,0.5849922689391194,0.0,0.4235813571296029,0.9994311717861206,1.0,0.7328934846185682,0.9082816049085304,0.9940540004096795,-0.8444232402601507,instance,f_classif_top25
0,0.5993631146213769,0.6,0.4517241379310345,0.42857142857142855,0.7642274819707779,1.0,0.5156537824072362,1.0,1.0,0.711537233615814,0.8651112989913042,0.9925754832516687,-0.431639358532915,instance,f_classif_top25
0,0.25542124542124556,0.4,0.3804755944931164,0.8571428571428571,0.37850403458697623,0.3333333333333333,0.4292073642828691,0.9975806451612903,1.0,0.7019549367402497,0.8775629969798351,0.9920258531199284,1.0629718350728414,instance,f_classif_top25
0,0.4295854804329381,0.0,0.5357142857142857,0.42857142857142855,0.6423222483474252,0.0,0.4568313746633398,0.9951612903225806,1.0,0.6836151351027034,0.8667048006629225,0.9808352351760569,0.9557829958485813,instance,f_classif_top25
0,0.4634709653092006,0.6,0.4450261780104712,0.5238095238095238,0.7078508326740861,1.0,0.5073531983532855,1.0,1.0,0.7042863482038937,0.8881775168437369,0.996961398534313,-1.0230015781488253,instance,f_classif_top25
0,0.29524964524964525,0.2,0.3804755944931164,0.6190476190476191,0.394086252819719,0.0,0.45915264774863385,0.9967741935483871,1.0,0.7125560586712308,0.8603901766420284,0.9701134942983888,2.036942390321896,instance,f_classif_top25
0,0.42673505061564765,0.0,0.5357142857142857,0.7619047619047619,0.41696958001759377,0.0,0.39984298726905965,0.9959677419354839,1.0,0.7073230441437294,0.910904942585184,0.9962990421988712,0.7237235920172738,instance,f_classif_top25
0,0.4295854804329381,0.2,0.5357142857142857,0.42857142857142855,0.4649247225366414,0.0,0.43666126350743983,0.9975806451612903,1.0,0.7124167716103419,0.9069545651379214,0.9979610642361004,0.5681691179319039,instance,f_classif_top25
0,0.2426739926739927,0.6,0.3804755944931164,0.5238095238095238,0.5335092124212387,0.0,0.49368807172371376,0.9991935483870967,1.0,0.7077130492942054,0.855377051246032,0.9937825153736304,-0.724318758053931,instance,f_classif_top25
0,0.6864106753812635,0.8,0.8495575221238938,0.6666666666666666,0.7669429285482035,1.0,0.5758094546500874,1.0,1.0,0.6924763307109607,0.8893888600972004,0.9979806443624498,-1.6871920376370002,instance,f_classif_top25
0,0.5354090354090355,0.8,0.4450261780104712,0.6190476190476191,0.5456315912931265,0.0,0.4829890977176441,0.9991935483870967,1.0,0.7084278972623193,0.9047785410259501,0.9991134910706014,-0.07947665766230806,instance,f_classif_top25
0,0.14954954954954947,0.2,0.4517241379310345,0.5238095238095238,0.6068332758796502,0.0,0.49212788650050576,0.9983870967741936,1.0,0.6775971187787669,0.8615053375738323,0.9962478587502195,1.0825698508039676,instance,f_classif_top25
0,0.47201797385620925,0.4,0.5357142857142857,0.42857142857142855,0.7728290544007259,0.5,0.5006673979695901,1.0,1.0,0.6960628512388725,0.8708295740996053,0.9999770212229766,-0.9139426292386613,instance,f_classif_top25
0,0.37868164555281114,0.4,0.3804755944931164,0.6666666666666666,0.4045853493780477,0.0,0.4655319445457332,0.9991935483870967,1.0,0.7193848345108732,0.8792801101784694,0.9852924452104381,-1.0046993655154386,instance,f_classif_top25
0,0.5953173907599849,0.4,0.3804755944931164,0.6190476190476191,0.42399122504931686,1.0,0.5443403265274649,1.0,1.0,0.7660394857390355,0.8482199544482021,0.9681467095127493,-1.3456814619984492,instance,f_classif_top25
0,0.6549993284985227,0.4,0.7834394904458599,0.47619047619047616,0.7576687920352794,0.5,0.455241850763182,0.9975806451612903,1.0,0.698786513451141,0.8786255832922828,0.9862260412545533,-1.5380382854025125,instance,f_classif_top25
1,0.36459096459096463,0.6,0.21656050955414008,0.47619047619047616,0.442142517266499,0.0,0.4913002882230765,0.9988623435722411,1.0,0.7109279457659665,0.8833170411834054,0.9993372622721877,0.9754344008961895,instance,f_classif_top25
0,0.3734426155478787,0.2,0.4517241379310345,0.5238095238095238,0.6632928363056805,0.3333333333333333,0.3747895550485597,0.9967741935483871,1.0,0.7277190979049453,0.8709141514290698,0.9936121929858547,-0.7808298045793757,instance,f_classif_top25
0,0.24483923483923486,0.2,0.3804755944931164,0.8571428571428571,0.3890978224085835,0.3333333333333333,0.5158991209979793,1.0,1.0,0.7003865010592909,0.887432291744013,0.9933869814951098,0.3204443717045994,instance,f_classif_top25
0,0.4286507240933184,0.6,0.8495575221238938,0.47619047619047616,0.49331325253161395,0.0,0.4892348396550642,0.9991935483870967,1.0,0.7216159026401134,0.9046538164398389,0.9840421567105243,-0.47729964967738814,instance,f_classif_top25
0,0.6723491224669544,0.6,0.4517241379310345,0.6190476190476191,0.5231356679416882,1.0,0.5044069650297129,1.0,1.0,0.7028462590204128,0.8593481668343937,0.9734611282765802,0.4221430121973061,instance,f_classif_top25
0,0.4286507240933184,0.2,0.3804755944931164,0.3333333333333333,0.5219708292965062,0.0,0.4662092438885189,0.9991935483870967,1.0,0.7142322706364125,0.9098839156949476,0.9926369024892403,-1.2496788267129357,instance,f_classif_top25
0,0.5076311770339883,0.6,0.3804755944931164,0.7619047619047619,0.40941087584702196,0.0,0.468884535848211,0.9991935483870967,1.0,0.6926597290722829,0.882990530565775,0.9883674800216519,0.5367930576398043,instance,f_classif_top25
0,0.6096881390593047,0.6,0.4517241379310345,0.42857142857142855,0.4690938805162169,0.6,0.5106874109244399,1.0,1.0,0.7047264643997321,0.8848723436531598,0.9589958604463935,0.2300537403699106,instance,f_classif_top25
0,0.35512759723286036,0.2,0.4517241379310345,0.6666666666666666,0.6698826402213118,0.0,0.42955461994199806,0.9983870967741936,1.0,0.7158905236237981,0.8618338746006874,0.9897681605869141,-0.142298718042941,instance,f_classif_top25
0,0.3906593406593407,0.4,0.3804755944931164,0.6190476190476191,0.3793404375608166,0.3333333333333333,0.46841352346881704,0.9991935483870967,1.0,0.6933383001354544,0.8775087077746606,0.9948571594652801,1.9362494945098316,instance,f_classif_top25
0,0.4229975927344348,0.4,0.4450261780104712,0.5714285714285714,0.5145151350291393,0.0,0.47600441891938994,0.9991935483870967,1.0,0.7482699861528388,0.905287037956937,0.9942312078212834,-0.29954746326134385,instance,f_classif_top25
0,0.37589184276300847,0.0,0.3804755944931164,0.8571428571428571,0.40451419254539256,0.4,0.47662423713001745,0.9959677419354839,1.0,0.7050011426968207,0.8998547640918717,0.9871889198989229,0.2643831124438987,instance,f_classif_top25
0,0.39524964524964534,0.4,0.3804755944931164,0.7142857142857143,0.4377488270786184,0.6666666666666666,0.5145122272612852,1.0,1.0,0.7161335114482599,0.9237233444042581,0.9988024465204068,-0.11012199536403731,instance,f_classif_top25
0,0.28387790775850474,0.0,0.3804755944931164,0.8571428571428571,0.40894469715933923,0.0,0.4458260243323805,0.9959677419354839,1.0,0.7340542946654577,0.9100775136445641,0.995247944079588,1.1168958192646623,instance,f_classif_top25
0,0.4681189382795776,0.4,0.3804755944931164,0.8571428571428571,0.4038512808098813,0.0,0.4967652295699284,0.9991935483870967,1.0,0.6952064225200175,0.9151423962510578,0.9963493713298793,0.5421086116075504,instance,f_classif_top25
0,0.4761317587923982,0.6,0.3804755944931164,0.7619047619047619,0.4157606014238032,0.3333333333333333,0.5125579985686142,1.0,1.0,0.7138751256075033,0.909707536573916,0.99830915899874,0.15272903822996506,instance,f_classif_top25
0,0.5022247690959347,0.0,0.3804755944931164,0.7619047619047619,0.41030431398915757,0.25,0.43281590190179964,0.9959677419354839,1.0,0.7046027003406409,0.9112358351210542,0.9952921338023097,-0.10829765727134126,instance,f_classif_top25
0,0.2387378703168177,0.2,0.3804755944931164,0.8571428571428571,0.3773060585404423,0.0,0.4590069950647392,0.9967741935483871,1.0,0.7020735415019821,0.8501377833919848,0.9870165613222499,1.1978636844159507,instance,f_classif_top25
0,0.4295854804329381,0.0,0.5357142857142857,0.42857142857142855,0.4565208895215679,0.0,0.45295748148721726,0.9951612903225806,1.0,0.714580062387448,0.8662574033517862,0.9966225562226774,1.5306022888164033,instance,f_classif_top25
0,0.47380075646139586,0.2,0.5357142857142857,0.42857142857142855,0.4942209313589012,0.14285714285714285,0.4933759091439889,0.9983870967741936,1.0,0.7034520671307825,0.9219693974026371,0.9988656451512014,0.3176598754600717,instance,f_classif_top25
0,0.48724190250016497,0.2,0.3804755944931164,0.6666666666666666,0.415923123615777,0.6666666666666666,0.49483631230291203,0.9991935483870967,1.0,0.7156806452146014,0.9064939419013084,0.9860041431355557,0.6317795062990355,instance,f_classif_top25
0,0.463980463980464,0.4,0.7878787878787878,0.42857142857142855,0.5092683947991788,0.0,0.4726655210141123,0.9975806451612903,1.0,0.7060274419054179,0.899461019667051,0.9931819233835827,-0.8252566494732946,instance,f_classif_top25
0,0.750237423736618,1.0,0.8495575221238938,0.6666666666666666,0.6245460990144923,1.0,0.5724332064219511,1.0,1.0,0.6924025640319326,0.8909403632434895,0.9984014700584182,-0.6691722104831862,instance,f_classif_top25
0,0.47380075646139586,0.8,0.8495575221238938,0.42857142857142855,0.6321523367169329,1.0,0.5580770377857299,1.0,1.0,0.7123953152254567,0.8944031698417869,0.9920190916449814,-0.059822360220110414,instance,f_classif_top25
0,0.44728560494624425,0.4,0.3804755944931164,0.8095238095238095,0.44638653453415367,0.0,0.4790676888864638,0.9975806451612903,1.0,0.6963071729115508,0.9031849217243694,0.9980409099387068,0.3052880844032475,instance,f_classif_top25
0,0.5993631146213769,0.8,0.5357142857142857,0.5714285714285714,0.5126242733701903,1.0,0.5307646469049485,1.0,1.0,0.6954838142301233,0.8834836294690145,0.997349718901076,0.5690582501562039,instance,f_classif_top25
0,0.2387378703168177,0.0,0.3804755944931164,0.6190476190476191,0.38122151251913183,0.0,0.4826252343723906,0.9951612903225806,1.0,0.67977849833954,0.8244842836076169,0.991141601638964,0.6144365577704991,instance,f_classif_top25
0,0.39524964524964534,0.2,0.3804755944931164,0.8095238095238095,0.41721619836247215,0.5,0.4975721254138319,0.9967741935483871,1.0,0.6890731466249361,0.8924391076171649,0.998579452088874,1.175738094507197,instance,f_classif_top25
0,0.46667821667821663,0.4,0.3804755944931164,0.6190476190476191,0.41227301398155103,0.0,0.4972592262088984,0.9991935483870967,1.0,0.6767487283257186,0.8738587809803728,0.9885499208306447,0.8125364612916969,instance,f_classif_top25
0,0.32207120365015107,0.2,0.3804755944931164,0.6190476190476191,0.37868995625683505,0.0,0.4560464900949034,0.9983870967741936,0.96,0.6602902661367636,0.8363447319903498,0.9936292705401116,0.1981097034998679,instance,f_classif_top25
0,0.4413332239938633,0.2,0.4517241379310345,0.47619047619047616,0.4005333395238959,0.3333333333333333,0.47165027581816754,0.9975806451612903,1.0,0.6939711285041613,0.8890663005524843,0.9940876536447485,0.928034047303127,instance,f_classif_top25
0,0.4032045203097834,0.0,0.4517241379310345,0.5238095238095238,0.7234250931255056,0.0,0.46603836471137194,0.9959677419354839,1.0,0.6932193022791746,0.847738696232796,0.9679024614144532,-1.1491282521961623,instance,f_classif_top25
0,0.2387378703168177,0.2,0.3804755944931164,0.6190476190476191,0.38097271333410265,0.0,0.45655002170042336,0.9975806451612903,1.0,0.6838435225676893,0.8581742217932592,0.9955292522997781,0.3549984452575443,instance,f_classif_top25
0,0.20780219780219777,0.0,0.3804755944931164,0.8571428571428571,0.37963225077323115,0.0,0.4252561633422033,0.9943548387096774,1.0,0.6876650567222168,0.8475400702388278,0.989110788939562,2.0169602749400783,instance,f_classif_top25
0,0.6262254901960784,0.8,0.5357142857142857,0.7619047619047619,0.6638180219148095,0.6666666666666666,0.5337243384584105,1.0,1.0,0.7245425963866293,0.9141332476503513,0.9980264897408317,-0.6505965968009256,instance,f_classif_top25
1,0.6255311355311355,0.6,0.6195244055068836,0.6190476190476191,0.5884746518939125,0.5,0.49611582381878905,0.9994311717861206,1.0,0.7070182786040132,0.9057661919976536,0.9952842252821604,-0.4664590774100544,instance,f_classif_top25
0,0.29524964524964525,0.2,0.3804755944931164,0.6190476190476191,0.3946082042242002,0.25,0.455042840144396,0.9983870967741936,1.0,0.6900751439343852,0.882773872731707,0.9925837861911608,0.2634660676108401,instance,f_classif_top25
0,0.6262254901960784,0.2,0.5357142857142857,0.42857142857142855,0.593167186225409,0.0,0.4823794957865739,0.9983870967741936,1.0,0.7075724568526814,0.8680920116388419,0.9965624010911154,0.8260808904591911,instance,f_classif_top25
0,0.5076311770339883,0.8,0.3804755944931164,0.7142857142857143,0.4950088379982468,1.0,0.5895638666607024,1.0,1.0,0.7042614411414376,0.8781369780162688,0.9533745021894183,-0.8856473939593746,instance,f_classif_top25
0,0.35512759723286036,0.2,0.5357142857142857,0.42857142857142855,0.5821473292426554,0.0,0.45491694146322026,0.9975806451612903,1.0,0.7006893416806785,0.8900078488292859,0.9988569700483707,0.672708807489034,instance,f_classif_top25
0,0.3286507240933183,0.4,0.7286821705426356,0.47619047619047616,0.5055652049520035,0.0,0.4581510981461735,0.9983870967741936,1.0,0.7114511387710956,0.8999387357380865,0.9968814669326792,0.24868327459596246,instance,f_classif_top25
0,0.42732732732732737,0.4,0.4450261780104712,0.47619047619047616,0.7336486762821962,0.0,0.4809131087837467,0.9991935483870967,1.0,0.7188953139528631,0.8575728125153103,0.990243973507236,-0.7690985965026897,instance,f_classif_top25
0,0.29524964524964525,0.4,0.3804755944931164,0.8095238095238095,0.39052641664990495,0.25,0.4406420891068339,0.9983870967741936,1.0,0.6930813350807875,0.888804713777959,0.99887476526054,0.5489643480726141,instance,f_classif_top25
0,0.47380075646139586,0.2,0.4450261780104712,0.47619047619047616,0.40066303762144273,0.0,0.48002904384082246,0.9967741935483871,1.0,0.7264614536648141,0.8959112987842275,0.9972306045192271,0.21386653427485264,instance,f_classif_top25
0,0.4413332239938633,0.2,0.3804755944931164,0.7142857142857143,0.3971706436594654,0.0,0.4601750032699521,0.9967741935483871,1.0,0.6960537361490771,0.9122572613875027,0.9997742794280016,0.27723697156870336,instance,f_classif_top25
0,0.8164502164502164,0.6,0.7126436781609196,0.2857142857142857,0.46503977286497455,1.0,0.5001754228179058,1.0,1.0,0.683263538899772,0.8428636320712404,0.9957623155325888,-0.41127631713450263,instance,f_classif_top25
0,0.44487118697645,0.2,0.4517241379310345,0.5238095238095238,0.4914937180982353,0.2,0.5095726316795253,1.0,1.0,0.7069465031720973,0.8957404566769307,0.9892093872591543,0.5055127326056537,instance,f_classif_top25
0,0.4032045203097834,0.0,0.4517241379310345,0.38095238095238093,0.47064216402061276,0.0,0.38583172303981894,0.9903225806451613,1.0,0.7241238794731626,0.896143540403559,0.9986636481645605,0.17451435754582748,instance,f_classif_top25
0,0.26335775335775347,0.2,0.3804755944931164,0.6190476190476191,0.3777045239498844,0.0,0.4489902790012257,0.9975806451612903,1.0,0.6787081836999791,0.8463367587217683,0.9752788686330688,1.6844661070381517,instance,f_classif_top25
0,0.46313131313131306,0.4,0.4450261780104712,0.5238095238095238,0.7721737767018674,0.0,0.4954222247808908,0.9991935483870967,1.0,0.7215683306532731,0.883204483878535,0.991228004169651,-1.3191600558011847,instance,f_classif_top25
0,0.596022065156812,0.2,0.5357142857142857,0.5238095238095238,0.6970271651391878,0.5,0.46008448796052603,0.9991935483870967,1.0,0.7167571175862313,0.8825049597508122,0.9977926089345982,-0.5508279660155619,instance,f_classif_top25
0,0.35512759723286036,0.4,0.4517241379310345,0.6190476190476191,0.7210095500722183,0.3333333333333333,0.45539604824426316,0.9991935483870967,1.0,0.7135513217049054,0.8688825237838738,0.9937001547877193,-0.4771890083012706,instance,f_classif_top25
1,0.6282282282282283,0.6,0.5482758620689655,0.38095238095238093,0.41003128873754646,0.75,0.5446293260775048,1.0,1.0,0.724527247904528,0.8869086270526432,0.9906296110103897,0.8194870558375814,instance,f_classif_top25
0,0.31891330891330893,0.2,0.3804755944931164,0.6190476190476191,0.399044579771878,0.0,0.3757471955200018,0.9967741935483871,1.0,0.6997455915172458,0.8636199899422279,0.9943053781968809,1.7323005375966936,instance,f_classif_top25
0,0.4413332239938633,0.0,0.3804755944931164,0.6190476190476191,0.387059281325703,0.0,0.4662214670288638,0.992741935483871,1.0,0.6903477766620232,0.8659402577679366,0.9944653991570332,0.4264713201457106,instance,f_classif_top25
0,0.2109600925390399,0.2,0.3804755944931164,0.7142857142857143,0.5264466929994561,0.0,0.43432922119842643,0.9983870967741936,1.0,0.6704781342246959,0.8637873017594063,0.9983976796890294,-0.28824011670015076,instance,f_classif_top25
1,0.6255311355311355,0.8,0.6195244055068836,0.7142857142857143,0.6041671491040767,1.0,0.5612059083185472,1.0,1.0,0.6957958344976581,0.8834435199930362,0.9669185500799002,-0.1216552284357008,instance,f_classif_top25
0,0.41721124109183805,0.4,0.8495575221238938,0.3333333333333333,0.47310901683324347,0.3333333333333333,0.5216426377316834,1.0,1.0,0.7095083657614419,0.8938125631372293,0.9950287989229435,-0.10559050790229896,instance,f_classif_top25
0,0.3717717717717718,0.4,0.4450261780104712,0.42857142857142855,0.7404130427228965,0.5,0.5125622402012976,1.0,1.0,0.7328575210522628,0.8926176572777862,0.9967529445294909,-1.096860146903727,instance,f_classif_top25
0,0.5219731458537429,0.6,0.4450261780104712,0.38095238095238093,0.5075608907764654,1.0,0.5014678743337952,1.0,1.0,0.6980158416458424,0.8699012447089355,0.9801170628370012,1.1467219327604783,instance,f_classif_top25
0,0.4295854804329381,0.6,0.5357142857142857,0.42857142857142855,0.53540881726323,1.0,0.5431790324978287,1.0,1.0,0.7188723161323349,0.8753341152587231,0.9848465825028645,0.011036176846560788,instance,f_classif_top25
0,0.41577788264904836,0.2,0.3804755944931164,0.8571428571428571,0.39875235937209574,0.0,0.44753181609965464,0.9983870967741936,1.0,0.6929440818118554,0.846145189895575,0.9615651013956369,1.14976874518161,instance,f_classif_top25
0,0.35512759723286036,0.4,0.8495575221238938,0.3333333333333333,0.7020743798884623,0.3333333333333333,0.481181992910482,0.9983870967741936,1.0,0.7087105751034622,0.8638091185447242,0.9795013183897742,-0.19432659282480105,instance,f_classif_top25
0,0.463980463980464,0.2,0.3804755944931164,0.8571428571428571,0.3897160603441818,0.0,0.4219640977485355,0.9967741935483871,1.0,0.6940550103018147,0.8922316391311547,0.9887979855537682,1.3012092027834516,instance,f_classif_top25
1,0.7445787545787546,1.0,0.6195244055068836,0.8571428571428571,0.6179116677001356,1.0,0.5453750443008207,1.0,1.0,0.7133306874624349,0.8863092028845391,0.9920399370628117,-0.027200703543839272,instance,f_classif_top25
1,0.677928796349849,1.0,0.6195244055068836,0.5238095238095238,0.6179306388223158,1.0,0.597908459370412,1.0,1.0,0.6919052653261232,0.8578058993080532,0.994688468384771,-0.07624543399235141,instance,f_classif_top25
0,0.4413332239938633,0.0,0.3804755944931164,0.6190476190476191,0.39118258788556937,0.0,0.4230235268894451,0.992741935483871,1.0,0.6752844822681588,0.8887171178846274,0.9994600167529117,0.3167799546808345,instance,f_classif_top25
0,0.5791478460190116,0.6,0.7286821705426356,0.38095238095238093,0.4738393193433444,0.5,0.519756541932457,1.0,1.0,0.7267079149929928,0.902291837883531,0.9908072861959873,-0.8916455780462333,instance,f_classif_top25
0,0.44487118697645,0.2,0.4517241379310345,0.5238095238095238,0.5859136170188404,0.25,0.4457146051386126,0.9967741935483871,1.0,0.7104824329193861,0.887116880460235,0.9959343917583872,-0.08188916491724008,instance,f_classif_top25
1,0.1792275277182398,0.4,0.5549738219895288,0.42857142857142855,0.33677058149470285,0.5,0.48975407970803153,0.9994311717861206,1.0,0.7126257797603602,0.8835874577401254,0.9926551527237563,0.7422696784435892,instance,f_classif_top25
0,0.562095337095337,0.8,0.8495575221238938,0.6666666666666666,0.6545455105030191,1.0,0.5019999289288053,1.0,1.0,0.7141547792699665,0.9057992804011732,0.9984834977640304,-1.1799602187308378,instance,f_classif_top25
0,0.42673505061564765,0.4,0.4517241379310345,0.42857142857142855,0.4113276654260478,0.3333333333333333,0.42786072797591523,0.9983870967741936,1.0,0.7098442489251818,0.8969433260050124,0.9959146672680286,0.6744980450234265,instance,f_classif_top25
0,0.2148962148962149,0.0,0.4450261780104712,0.42857142857142855,0.5215443860740376,0.0,0.4591985013289215,0.9943548387096774,1.0,0.6861734651241971,0.8665723957957474,0.9915231486120211,1.5386377036533012,instance,f_classif_top25
0,0.4837567273639888,0.4,0.5357142857142857,0.42857142857142855,0.43201856382410775,0.42857142857142855,0.4692651517984925,0.9983870967741936,1.0,0.6916626302252499,0.8856910219762029,0.9943155307135095,0.40578075954846365,instance,f_classif_top25
0,0.44728560494624425,0.2,0.3804755944931164,0.8571428571428571,0.4134309707740702,0.0,0.4407150283110767,0.9967741935483871,1.0,0.7137721121116675,0.8926247300265996,0.9891300203552683,0.23878845988110742,instance,f_classif_top25
0,0.5158444827156483,0.8,0.4450261780104712,0.6190476190476191,0.3989820265123972,0.5,0.5072028300428943,1.0,1.0,0.7058563398698621,0.8990483961963271,0.9993883596794472,1.0368667005328378,instance,f_classif_top25
1,0.6093406593406594,0.6,0.6195244055068836,0.38095238095238093,0.6229728961920598,1.0,0.5175802249952289,1.0,0.96,0.6627849327610055,0.8217762127138836,0.9946858432761049,-3.2621679035628874,instance,f_classif_top25
0,0.7164502164502164,0.8,0.7126436781609196,0.38095238095238093,0.7137421380846601,1.0,0.6298253766341233,1.0,1.0,0.7105944567492845,0.8213706684708505,0.9699252350188894,-0.14541255364560207,instance,f_classif_top25
0,0.44487118697645,0.2,0.4517241379310345,0.6666666666666666,0.576806903669027,0.0,0.45783047814607436,0.9983870967741936,1.0,0.7122147649350026,0.8552685955173626,0.9810945414426502,1.233844117476051,instance,f_classif_top25
1,0.4460914308331684,0.4,0.1504424778761062,0.5238095238095238,0.42829964877035787,0.3333333333333333,0.47351008784581516,0.9988623435722411,1.0,0.7041015268647647,0.8999614585093966,0.9807649859834747,0.42883752645121787,instance,f_classif_top25
0,0.47380075646139586,0.2,0.4517241379310345,0.6666666666666666,0.44085453230119354,0.0,0.41476430441470036,0.9967741935483871,1.0,0.7184144471282489,0.9010912402254011,0.9800796252975394,0.5200651701069089,instance,f_classif_top25
0,0.578994822602084,0.2,0.4517241379310345,0.47619047619047616,0.483678196653646,0.3333333333333333,0.5526237421393736,1.0,1.0,0.708956491659551,0.9010552955534803,0.9961802709119599,-0.03144020414628359,instance,f_classif_top25
0,0.3214864083285135,0.2,0.3804755944931164,0.3333333333333333,0.472119111408686,0.0,0.4534550791318913,0.9983870967741936,1.0,0.678953081795382,0.8642540689892836,0.9960351689980214,-0.04285280754048013,instance,f_classif_top25
0,0.32228560494624425,0.2,0.3804755944931164,0.6190476190476191,0.38361962754420875,0.0,0.41629970003687145,0.9967741935483871,0.96,0.6530689716821572,0.8467475090645012,0.9991188759452229,2.2292178502771596,instance,f_classif_top25
0,0.4413332239938633,0.4,0.3804755944931164,0.6190476190476191,0.3952363022077311,0.4,0.4592015586754101,0.9983870967741936,1.0,0.7019306728898271,0.9011416224476679,0.9878923350324622,0.32331713234536047,instance,f_classif_top25
0,0.4115378536431168,0.2,0.4517241379310345,0.5238095238095238,0.7027379639630345,1.0,0.5325269557455813,1.0,1.0,0.7193033838998928,0.8838288822087763,0.9975292714306611,-0.04498076948461695,instance,f_classif_top25
0,0.6518077026551603,0.8,0.3804755944931164,0.42857142857142855,0.40056025548299656,1.0,0.5414140317748366,1.0,1.0,0.7026482370553825,0.880302867905995,0.994364729004606,0.6594905973688855,instance,f_classif_top25
0,0.4838779077585048,0.2,0.4450261780104712,0.47619047619047616,0.5897522282796598,0.0,0.4181303626168946,0.9975806451612903,1.0,0.6794388059437773,0.8550900055495877,0.9627094805902816,1.6845279776287054,instance,f_classif_top25
0,0.41504528191644763,0.4,0.3804755944931164,0.7142857142857143,0.3916056436203369,0.4,0.4353027309547217,0.9983870967741936,1.0,0.7034990873436087,0.8462950120385984,0.9759200100952422,0.12200436745520696,instance,f_classif_top25
0,0.40366962054078626,0.6,0.3804755944931164,0.7142857142857143,0.4729874788521452,0.3333333333333333,0.46448429768869726,0.9983870967741936,1.0,0.7022573866709506,0.8801618039298498,0.9920366466277456,-0.2854855951309399,instance,f_classif_top25
0,0.3717717717717718,0.4,0.4517241379310345,0.6666666666666666,0.6889103875293069,0.6666666666666666,0.46592897563327385,0.9991935483870967,1.0,0.7091263816675256,0.8784257503710637,0.99364128457297,-0.7496779508713136,instance,f_classif_top25
0,0.47057523583349825,1.0,0.7126436781609196,0.23809523809523808,0.7386972179121658,1.0,0.5395388225496405,1.0,1.0,0.7439690622552578,0.8780338710252128,0.9779566369275967,-1.715848803827624,instance,f_classif_top25
0,0.6966659951651895,0.8,0.4517241379310345,0.5714285714285714,0.679721116395475,0.5,0.556380523045074,1.0,1.0,0.7515656839044328,0.9036103315887922,0.9963595450405294,-0.3582879609851836,instance,f_classif_top25
0,0.41577788264904836,0.4,0.7126436781609196,0.23809523809523808,0.4042399025744011,1.0,0.5448889155539021,1.0,1.0,0.6862430313296827,0.8659531889582213,0.9795728040883398,0.04387827476270861,instance,f_classif_top25
0,0.32228560494624425,0.2,0.3804755944931164,0.6190476190476191,0.39402510359147186,0.5,0.5067680548381066,1.0,1.0,0.7101979867588852,0.8691637054468357,0.9785728921428525,0.5503886155531025,instance,f_classif_top25
0,0.29524964524964525,0.4,0.3804755944931164,0.8095238095238095,0.42236647871493516,0.0,0.48491535278355014,0.9983870967741936,1.0,0.6949120581738863,0.8824510851680515,0.9918966213528954,0.39834009817593397,instance,f_classif_top25
0,0.463980463980464,0.6,0.4450261780104712,0.5238095238095238,0.5182908334920517,0.5,0.4667805363823826,0.9991935483870967,1.0,0.7034360616120677,0.891166808197828,0.9890310139987354,-0.41208105049062144,instance,f_classif_top25
1,0.6588644688644689,1.0,0.6195244055068836,0.38095238095238093,0.6226066267895254,0.6666666666666666,0.5445112581448417,1.0,1.0,0.7227187657200488,0.8463832881105815,0.9781427437503729,-0.637883650252914,instance,f_classif_top25
0,0.463980463980464,0.2,0.4450261780104712,0.47619047619047616,0.45015419550458946,0.0,0.4721651320569833,0.9975806451612903,1.0,0.7112833828167932,0.8752848844758929,0.9990544598406506,0.3102557732856588,instance,f_classif_top25
0,0.4132803801515458,0.0,0.3804755944931164,0.7142857142857143,0.3905561709336832,0.3333333333333333,0.4286572056514698,0.9951612903225806,1.0,0.7229559661322122,0.8885152655640074,0.9783028960828375,0.3842671704116801,instance,f_classif_top25
0,0.6549993284985227,0.0,0.7834394904458599,0.47619047619047616,0.4983199254581967,0.3333333333333333,0.4469976105358997,0.9959677419354839,1.0,0.7005119407777975,0.8693403765864387,0.9994804272939956,-0.22422261914278133,instance,f_classif_top25
1,0.34570984570984564,0.4,0.5482758620689655,0.38095238095238093,0.2688924203096489,0.6666666666666666,0.4963609250198182,0.9994311717861206,1.0,0.7236816776389106,0.9079025950065059,0.9883729786406544,1.1027518495507227,instance,f_classif_top25
0,0.4132803801515458,0.0,0.3804755944931164,0.8571428571428571,0.40940333425010467,0.0,0.4789765398685827,0.9959677419354839,1.0,0.7001783668640064,0.9016913291738905,0.9893108199024737,-0.008895960555569845,instance,f_classif_top25
0,0.535408954811766,0.8,0.7126436781609196,0.38095238095238093,0.5578710190469347,1.0,0.5019629110714627,1.0,1.0,0.7034572962253813,0.8529271851006832,0.9901869674591197,-0.12395706480303509,instance,f_classif_top25
0,0.5791478460190116,0.6,0.3804755944931164,0.7142857142857143,0.4256170262727724,0.75,0.5314857848124508,1.0,1.0,0.7225667881814813,0.8971123513556307,0.9998305717474726,-0.2504109582348906,instance,f_classif_top25
1,0.1421568627450981,0.2,0.1504424778761062,0.42857142857142855,0.2904488135090375,0.4,0.4877142229261261,0.9988623435722411,1.0,0.7154448412852314,0.9132859766605529,0.9984294287968328,1.6415892429762913,instance,f_classif_top25
0,0.5706008374720031,0.6,0.7834394904458599,0.38095238095238093,0.7528069963388591,1.0,0.5069339222897483,1.0,1.0,0.700687647876706,0.890588645207803,0.9972316461481816,-0.6139329759734227,instance,f_classif_top25
0,0.4056189382795776,0.6,0.3804755944931164,0.3333333333333333,0.5668177460769711,1.0,0.572405180303856,1.0,1.0,0.6836030853040086,0.9042296146063366,0.9940370037987658,-0.5809834374642906,instance,f_classif_top25
0,0.3286507240933183,0.4,0.4450261780104712,0.47619047619047616,0.4468497800975903,1.0,0.5225676558405128,1.0,1.0,0.7037747970811787,0.8930407286380527,0.9892460510895607,-0.02292167982998538,instance,f_classif_top25
0,0.5194710130782745,0.2,0.3804755944931164,0.8571428571428571,0.3824597956623035,0.0,0.48081249840888773,0.9967741935483871,1.0,0.7031632201970782,0.8799562725260679,0.9997293346272155,1.9701646589003408,instance,f_classif_top25
1,0.5110477283870891,0.6,0.5482758620689655,0.5714285714285714,0.46417025156338654,1.0,0.5567574287700712,1.0,1.0,0.7130670530682289,0.9055396663126717,0.9986683042607144,1.0728851003500381,instance,f_classif_top25
0,0.7436497326203209,0.4,0.4450261780104712,0.47619047619047616,0.7092880194384001,1.0,0.6012635733303562,1.0,1.0,0.7293099153290478,0.8743601659422056,0.9981107813748292,-1.0822607585401116,instance,f_classif_top25
0,0.5608974358974359,0.6,0.3804755944931164,0.7142857142857143,0.41370825039482306,1.0,0.5595373822700613,1.0,1.0,0.743893769554293,0.8435262892108935,0.9936368939186568,-1.3856804218156213,instance,f_classif_top25
0,0.4743540982346953,1.0,0.5357142857142857,0.42857142857142855,0.7033717985206422,1.0,0.5475600339102826,1.0,1.0,0.7312931969582384,0.8889469674754287,0.9897901860006292,-0.8131060705792125,instance,f_classif_top25
0,0.7145405836753307,1.0,0.8495575221238938,0.5714285714285714,0.7802393323750882,1.0,0.5603591266477206,1.0,1.0,0.7255185155669158,0.8672186454406652,0.9848706813781234,-2.4186198600957796,instance,f_classif_top25
0,0.2426739926739927,0.4,0.3804755944931164,0.5714285714285714,0.3879272802442345,0.0,0.49307231277954644,0.9991935483870967,1.0,0.6968049068904872,0.8516109719730709,0.98946983202114,0.8918915737429015,instance,f_classif_top25
1,0.3849547180835523,0.6,0.5482758620689655,0.38095238095238093,0.5016984793983786,0.5,0.4700680070419747,0.9994311717861206,1.0,0.708518847852429,0.9073643925219486,0.9966841421058057,0.6631867033682232,instance,f_classif_top25
0,0.47057523583349825,0.4,0.8495575221238938,0.5238095238095238,0.6645988857543402,0.5,0.46489529127618134,0.9983870967741936,1.0,0.7291145020321641,0.8900816268900904,0.9991450270659196,-1.56848278963037,instance,f_classif_top25
0,0.8578431372549019,0.8,0.4450261780104712,0.5238095238095238,0.6375216978479985,1.0,0.5505422574849645,1.0,1.0,0.6913620707572284,0.8913531635522386,0.9725834889911997,-0.49095791396962396,instance,f_classif_top25
0,0.38387790775850483,0.2,0.4450261780104712,0.5238095238095238,0.48558096041579074,0.0,0.47474073383632653,0.9983870967741936,1.0,0.6986572575616096,0.899970860638395,0.9970397209089895,0.5266619113988394,instance,f_classif_top25
0,0.4032045203097834,0.2,0.4517241379310345,0.5238095238095238,0.5181495962396955,1.0,0.5006537459804306,1.0,1.0,0.7363963739105178,0.8934990401159699,0.9953193836176731,-0.0360450202661956,instance,f_classif_top25
0,0.2285829785829786,0.4,0.3804755944931164,0.8571428571428571,0.3985963266839093,0.38461538461538464,0.45937883975080906,0.9983870967741936,1.0,0.6991509563675619,0.9128197360992591,0.987822434786446,0.7331665625522967,instance,f_classif_top25
0,0.4229975927344348,0.4,0.4517241379310345,0.47619047619047616,0.5565532175825604,0.5,0.5164260161747249,1.0,1.0,0.7207195906541284,0.9281036215023452,0.9998832663505681,-0.673808753327582,instance,f_classif_top25
0,0.4286507240933184,0.6,0.7834394904458599,0.47619047619047616,0.5365845532760715,0.5,0.5041813527953545,1.0,1.0,0.7148813941585228,0.9221464806443725,0.9974999584613892,-0.6775718362209769,instance,f_classif_top25
0,0.3107651607651607,0.0,0.3804755944931164,0.8571428571428571,0.3770598800803666,0.0,0.4202146692909853,0.9943548387096774,0.96,0.6657007930491781,0.8287465441403122,0.999071146636732,1.0803337806821347,instance,f_classif_top25
0,0.7887665935939593,1.0,0.4517241379310345,0.5238095238095238,0.7408968409184372,1.0,0.5679713607247174,1.0,1.0,0.7315878896304809,0.8824806871043752,0.9685863340969749,-1.695464112168504,instance,f_classif_top25
0,0.48288288288288284,0.4,0.5357142857142857,0.42857142857142855,0.7877393505976806,1.0,0.546952737518617,1.0,1.0,0.7219154078714276,0.8716832518646767,0.9986327709358366,-2.2125295609254163,instance,f_classif_top25
0,0.29524964524964525,0.4,0.3804755944931164,0.8095238095238095,0.3865637493747234,1.0,0.5014987181563328,1.0,1.0,0.7070222809837056,0.873110886087927,0.9865777820418338,1.1972436686423913,instance,f_classif_top25
0,0.08333333333333337,0.2,0.4517241379310345,0.6666666666666666,0.5747077618853168,0.5,0.45010898068438177,0.9991935483870967,1.0,0.7026772685680359,0.8768954633684035,0.9842189656198058,-0.12197027115029713,instance,f_classif_top25
0,0.3916638916638916,0.6,0.3804755944931164,0.7142857142857143,0.4138042557995735,1.0,0.544894485397867,1.0,1.0,0.7293610004999592,0.873277903760955,0.9974633266876226,0.019122758515053732,instance,f_classif_top25
1,0.6047503547503548,0.6,0.6195244055068836,0.5714285714285714,0.5669996355215975,0.5,0.48885194001815546,0.9994311717861206,1.0,0.6835185559738308,0.9138835318957146,0.9958764805135046,-0.4305747356544747,instance,f_classif_top25
1,0.39031186094069525,0.2,0.6195244055068836,0.7142857142857143,0.5379653695083582,0.3333333333333333,0.46080385092775533,0.9977246871444824,1.0,0.6915319266117698,0.8915097025704877,0.9867707852796661,0.20387997291974644,instance,f_classif_top25
0,0.43352390852390854,0.8,0.4517241379310345,0.6190476190476191,0.5241406915438208,0.6,0.550063285044583,1.0,1.0,0.7181865307349208,0.9007646532274195,0.999689412148418,0.3401969328097487,instance,f_classif_top25
1,0.6213183544471887,0.6,0.6195244055068836,0.5238095238095238,0.5878661751632355,0.3333333333333333,0.44654191568760915,0.9988623435722411,1.0,0.6959935708351905,0.8943646804105222,0.9967416176299246,-0.1024185487367737,instance,f_classif_top25
0,0.6679436568861299,0.8,0.5357142857142857,0.7619047619047619,0.5253231412577732,0.75,0.542372557343722,1.0,1.0,0.7049993792328445,0.9187955333492596,0.9947144877229496,-0.8357406969171334,instance,f_classif_top25
0,0.7152997661472238,0.6,0.5357142857142857,0.7619047619047619,0.478519122872304,1.0,0.5638651488318442,1.0,1.0,0.7129977618632302,0.884358742422515,0.9999756915070873,-0.31788375975358024,instance,f_classif_top25
0,0.47201797385620925,0.2,0.4450261780104712,0.5238095238095238,0.6381507997315791,0.0,0.48684887722092496,0.9991935483870967,1.0,0.7386416402452894,0.8955331402378716,0.9999330582204882,-1.4427557621085236,instance,f_classif_top25
0,0.29524964524964525,0.6,0.3804755944931164,0.6190476190476191,0.3843498401656156,0.3333333333333333,0.47879139177720254,0.9991935483870967,1.0,0.6985177238852344,0.883464995884801,0.9959102823641869,0.6926304864576354,instance,f_classif_top25
0,0.5335638004349661,0.4,0.3804755944931164,0.7142857142857143,0.38761724560948324,0.3333333333333333,0.49533542409906806,0.9983870967741936,1.0,0.7136477440796544,0.8784430032443415,0.98345120643084,0.07030610850600247,instance,f_classif_top25
0,0.2285829785829786,0.4,0.3804755944931164,0.6190476190476191,0.39233070490091226,0.0,0.45230798501265346,0.9991935483870967,1.0,0.694972211197629,0.8167788952441987,0.9379106474939787,1.5104241552672808,instance,f_classif_top25
0,0.28387790775850474,0.0,0.5357142857142857,0.42857142857142855,0.560080106574688,0.0,0.3988551120553794,0.9959677419354839,1.0,0.6891050610005305,0.9077053183729344,0.9916820289569271,0.12313817870933656,instance,f_classif_top25
0,0.3717717717717718,0.0,0.4450261780104712,0.42857142857142855,0.7109709047458372,0.5,0.45057100876483924,0.9959677419354839,1.0,0.74275041864919,0.8872260260540749,0.9988076791549249,-1.6802871672817097,instance,f_classif_top25
1,0.4208521539809883,0.6,0.6195244055068836,0.5714285714285714,0.5676247060478268,0.3333333333333333,0.47249787945442223,0.9994311717861206,1.0,0.6919120265983936,0.900086130317508,0.9939358124095918,0.06230585080957682,instance,f_classif_top25
0,0.5539085691668315,0.4,0.4450261780104712,0.5238095238095238,0.4299602629210503,0.16666666666666666,0.44729817082152024,0.9983870967741936,1.0,0.695418378148782,0.9084273475973247,0.9905533952125549,0.5976836977295158,instance,f_classif_top25
0,0.531440700843512,0.8,0.7126436781609196,0.5714285714285714,0.6872640427196784,1.0,0.5483104839171729,1.0,1.0,0.6942502921649996,0.8765763529430391,0.9982844569165621,-1.546142025142529,instance,f_classif_top25
0,0.29524964524964525,0.4,0.3804755944931164,0.8571428571428571,0.39426658758082755,0.5,0.49548685744402077,0.9991935483870967,1.0,0.7029194713447652,0.858373200245321,0.9901739278008951,2.0541881883814095,instance,f_classif_top25
0,0.3940496109207766,0.0,0.3804755944931164,0.8095238095238095,0.41245274616180405,0.0,0.3747315370401484,0.992741935483871,1.0,0.6879141329947358,0.8926097079821806,0.9966472354024635,0.19091907566690985,instance,f_classif_top25
0,0.33376007586533907,0.4,0.4450261780104712,0.5238095238095238,0.5404687309631226,0.6666666666666666,0.5277432144410996,1.0,1.0,0.7032162654666567,0.8752035067233712,0.9879651976644332,-0.021141693460938703,instance,f_classif_top25
0,0.4286507240933184,0.2,0.3804755944931164,0.8571428571428571,0.4713020397898581,0.4,0.47696976338486896,0.9991935483870967,1.0,0.7397267595643162,0.9151974908917414,0.9984111996077446,-0.7453261227784415,instance,f_classif_top25
0,0.5472487908560522,0.2,0.4517241379310345,0.6190476190476191,0.5561790801605854,1.0,0.515977087006882,1.0,1.0,0.6955110241579168,0.8910136055038363,0.9984239893746887,0.09272350731494287,instance,f_classif_top25
1,0.5967954796902166,0.6,0.5482758620689655,0.5238095238095238,0.4449469290183907,1.0,0.5132675031201808,1.0,1.0,0.7013111056264602,0.8593577317317538,0.989028044297859,0.22387496819834168,instance,f_classif_top25
0,0.3285829785829786,0.6,0.3804755944931164,0.6666666666666666,0.39775745907308013,0.6666666666666666,0.49961278291133915,0.9991935483870967,1.0,0.7284647817313317,0.8865238390960557,0.9976635657500482,0.3970540945232872,instance,f_classif_top25
0,0.4333967160573554,0.2,0.4450261780104712,0.5714285714285714,0.39334211643057637,0.6666666666666666,0.433859453363557,0.9991935483870967,1.0,0.7064192976529028,0.883408320510116,0.9969371142808217,1.4774812136803686,instance,f_classif_top25
0,0.29524964524964525,0.0,0.3804755944931164,0.8571428571428571,0.3948272307317588,0.14285714285714285,0.4522880161147762,0.9903225806451613,1.0,0.6901877736564742,0.9052832496582268,0.9958050436534116,0.8816001348522886,instance,f_classif_top25
0,0.25542124542124556,0.4,0.3804755944931164,0.6666666666666666,0.38430031517101837,0.0,0.49688193821305215,0.9991935483870967,1.0,0.6885748265806154,0.8714106671108062,0.998417073028126,-0.2282911374464233,instance,f_classif_top25
0,0.48724190250016497,0.6,0.3804755944931164,0.42857142857142855,0.4599333306723633,1.0,0.5561637468214937,1.0,1.0,0.7033903682969714,0.9199942843112955,0.9960525871405579,-0.4081330235324977,instance,f_classif_top25
0,0.4229975927344348,0.6,0.4450261780104712,0.5238095238095238,0.5044177442587221,0.5,0.49309435700599114,0.9991935483870967,1.0,0.6954761736083925,0.8891296036583909,0.9942585142160825,0.15465725389147178,instance,f_classif_top25
0,0.44487118697645,0.2,0.4517241379310345,0.5238095238095238,0.5552630046102958,0.5,0.48729270619747844,0.9991935483870967,1.0,0.7135282306891133,0.8862734947813512,0.9856137950490591,-0.012393520202702131,instance,f_classif_top25
0,0.32228560494624425,0.0,0.3804755944931164,0.6190476190476191,0.38314430145178946,0.0,0.42977718209746074,0.989516129032258,1.0,0.7025957036415088,0.8811511895882301,0.9970931876628375,1.2642691506060264,instance,f_classif_top25
0,0.2387378703168177,0.0,0.3804755944931164,0.42857142857142855,0.38589456432726055,0.0,0.42582595684523084,0.9935483870967742,1.0,0.6862817471145926,0.8470048597737231,0.9813199113560077,-0.21091935290096192,instance,f_classif_top25
0,0.3949890188696159,0.6,0.4450261780104712,0.47619047619047616,0.5016271328292041,1.0,0.5018503835813679,1.0,1.0,0.7448135780560347,0.8678154022678097,0.9706616458034537,1.337260697186543,instance,f_classif_top25
1,0.4841555172843516,1.0,0.6195244055068836,0.47619047619047616,0.555356091103382,1.0,0.5294153836450355,1.0,1.0,0.7062745616737424,0.8887614077475099,0.98471128349411,0.4525695032292907,instance,f_classif_top25
0,0.3119688644688644,0.4,0.3804755944931164,0.42857142857142855,0.38344417341138803,0.4,0.48436914074637427,0.9983870967741936,1.0,0.6856599359180268,0.8871579813904988,0.9936146132083779,0.5753981046501315,instance,f_classif_top25
0,0.5819103612815268,0.4,0.4517241379310345,0.42857142857142855,0.608788891138372,0.5,0.5563770860351456,1.0,1.0,0.7091051653796052,0.8997224815389495,0.9976059084948423,-0.8547883619050737,instance,f_classif_top25
0,0.5022247690959347,0.0,0.3804755944931164,0.8571428571428571,0.39055831058350743,0.0,0.3913694102042945,0.9903225806451613,1.0,0.7081626732677282,0.8922645023764837,0.9973410479651852,-0.037923681495916295,instance,f_classif_top25
1,0.5551288130235499,0.6,0.5482758620689655,0.5238095238095238,0.4879059610406389,1.0,0.555552911460927,1.0,1.0,0.7089590687792384,0.8557026933555022,0.9960583945614565,-0.7124127456079788,instance,f_classif_top25
0,0.47380075646139586,0.4,0.3804755944931164,0.7142857142857143,0.40024447528917084,0.25,0.4548648733453706,0.9983870967741936,1.0,0.7106564334181219,0.901298872399189,0.9931658055463916,0.38575893199419004,instance,f_classif_top25
0,0.42732732732732737,0.2,0.4450261780104712,0.42857142857142855,0.722090545134229,0.5,0.5078329504402073,1.0,1.0,0.7328441229834545,0.8737510858937095,0.9895796188291305,-0.9302108977415053,instance,f_classif_top25
0,0.44728560494624425,0.8,0.8495575221238938,0.6666666666666666,0.49988034548815063,1.0,0.5455407536672223,1.0,1.0,0.7017662257330637,0.9136345229948896,0.9935445921081902,-0.5868550015951888,instance,f_classif_top25
0,0.5301967970679626,0.4,0.7834394904458599,0.47619047619047616,0.45448866243390096,1.0,0.5145456489638169,1.0,1.0,0.693038140867752,0.8934919717829469,0.9944718554182864,0.5785891106775198,instance,f_classif_top25
0,0.44487118697645,0.2,0.4517241379310345,0.42857142857142855,0.42587547473413423,0.0,0.45482571526881665,0.9983870967741936,0.96,0.6666666666666666,0.8734017447677498,0.9978383089105184,1.506065509050255,instance,f_classif_top25
0,0.3214864083285135,0.0,0.3804755944931164,0.7142857142857143,0.3826409335342693,0.0,0.43138243436113943,0.9959677419354839,1.0,0.6969705303502014,0.8669484814378718,0.9822880407284366,0.4514259053289456,instance,f_classif_top25
0,0.48724190250016497,0.2,0.4450261780104712,0.5238095238095238,0.4437765110519252,0.0,0.4877914019516548,0.9967741935483871,1.0,0.695828055413816,0.9071918693174484,0.9994350677618147,0.5971433233621535,instance,f_classif_top25
1,0.07407407407407407,0.2,0.6195244055068836,0.5238095238095238,0.38942150101175166,0.0,0.48184132171544425,0.9982935153583617,1.0,0.6793353248694621,0.8899215821138413,0.9841095625642254,0.012974162397903916,instance,f_classif_top25
0,0.3286507240933183,0.4,0.8055555555555556,0.23809523809523808,0.4861231746440462,0.0,0.4736325250343385,0.9975806451612903,1.0,0.7265786040887087,0.8600262949667143,0.9765947070415424,-0.7128702612319742,instance,f_classif_top25
0,0.40366962054078626,0.4,0.3804755944931164,0.7142857142857143,0.4227047999336926,0.2857142857142857,0.48766361572318595,0.9991935483870967,1.0,0.7109799618132614,0.8860160337887387,0.9994808406525265,-0.3309416822009358,instance,f_classif_top25
0,0.32207120365015107,0.2,0.3804755944931164,0.5238095238095238,0.3871684365289183,0.0,0.4438598766085441,0.9967741935483871,1.0,0.6960467899637099,0.8528550988747486,0.9868661715093219,-0.037495737731667256,instance,f_classif_top25
0,0.46874236874236874,0.4,0.4450261780104712,0.6190476190476191,0.5034242641536177,1.0,0.5252538087322598,1.0,1.0,0.6949342190039295,0.8941413780111971,0.9993239775058332,0.017880008587749206,instance,f_classif_top25
0,0.6599691752274377,0.4,0.7286821705426356,0.3333333333333333,0.5094203919093294,0.3333333333333333,0.49330365244816576,0.9991935483870967,1.0,0.7306123535053662,0.9021847768484947,0.994684751473359,-0.7212203349683516,instance,f_classif_top25
0,0.731872931990764,0.6,0.7878787878787878,0.2857142857142857,0.6114969998584034,0.5,0.47915527433068417,0.9991935483870967,1.0,0.6998184940660965,0.8769118344283565,0.9976038935276756,-0.6721010529640301,instance,f_classif_top25
1,0.1837837837837838,0.4,0.4642857142857143,0.7619047619047619,0.34052361704152245,0.0,0.4667230685391225,0.9994311717861206,1.0,0.6938810197036405,0.8889644318309793,0.9994170186767097,0.890576080423606,instance,f_classif_top25
0,0.4229975927344348,0.2,0.4450261780104712,0.6190476190476191,0.4858525588728977,0.25,0.48551637213877163,0.9991935483870967,1.0,0.7344928724347507,0.8833501519134039,0.9964258244663763,0.15905723570787658,instance,f_classif_top25
0,0.8224316334072431,0.8,0.4517241379310345,0.5238095238095238,0.7621466864730909,0.0,0.4560587900280344,0.9991935483870967,1.0,0.6986588172283014,0.8491590932490825,0.9948997118241748,-1.3771396104148148,instance,f_classif_top25
0,0.42429784370065493,0.4,0.7126436781609196,0.38095238095238093,0.4197652845554483,0.5,0.5156429269309896,1.0,1.0,0.6811900991701534,0.85680250284673,0.9838766926085627,0.4896220867159145,instance,f_classif_top25
0,0.3286507240933183,0.4,0.8055555555555556,0.23809523809523808,0.4011004610160601,1.0,0.5254153701492817,1.0,1.0,0.7004015482881197,0.8696170278224947,0.9860713287652033,-0.058326906511372824,instance,f_classif_top25
0,0.3273273273273273,0.0,0.4450261780104712,0.42857142857142855,0.5207155362074115,0.0,0.43678960993166926,0.992741935483871,1.0,0.7328383049741655,0.8768521407413361,0.9932798843420273,0.03651680121812512,instance,f_classif_top25
0,0.32228560494624425,0.4,0.4517241379310345,0.47619047619047616,0.39013526008086064,1.0,0.5213541496275526,1.0,1.0,0.6725598146959301,0.8812043063672289,0.9908474255800614,1.8059176642494386,instance,f_classif_top25
0,0.41721124109183805,0.2,0.8495575221238938,0.5238095238095238,0.5848351554633484,0.0,0.48239164931223133,0.9983870967741936,1.0,0.7063147935478218,0.8959214627936346,0.9907457916753956,-0.664207556964566,instance,f_classif_top25
0,0.24409849409849416,0.4,0.3804755944931164,0.8571428571428571,0.38090476611491353,0.0,0.48953509715501087,0.9983870967741936,1.0,0.7305889043208523,0.852209893737423,0.9906528590766083,0.545991136831637,instance,f_classif_top25
0,0.3411355311355312,0.4,0.3804755944931164,0.42857142857142855,0.3768441914473494,0.0,0.4433507451429395,0.9975806451612903,1.0,0.6739021494709854,0.8261705958881752,0.9946168644624522,1.7860436586225752,instance,f_classif_top25
0,0.46874236874236874,0.4,0.3804755944931164,0.6190476190476191,0.404886529289875,1.0,0.5051142616752595,1.0,1.0,0.6920341051344475,0.8631567461054144,0.9916186980506997,0.5742978294776522,instance,f_classif_top25
0,0.08333333333333337,0.0,0.3804755944931164,0.6190476190476191,0.41136562119226994,0.0,0.4250768794026456,0.9943548387096774,1.0,0.6839846763119352,0.8653976424879081,0.9890603243742697,1.7580317631704243,instance,f_classif_top25
0,0.36153785364311675,0.6,0.4517241379310345,0.6190476190476191,0.7290800583038813,1.0,0.5585672488025024,1.0,1.0,0.7535192165608307,0.860908836595721,0.9884394153708601,-0.9427240178048824,instance,f_classif_top25
0,0.4478021978021979,0.8,0.3804755944931164,0.6190476190476191,0.3779164216815337,0.0,0.4671006246567456,0.9991935483870967,1.0,0.6851555906683913,0.8671298757124962,0.994566148400398,1.4693912489552026,instance,f_classif_top25
0,0.37868164555281114,0.2,0.3804755944931164,0.7142857142857143,0.40493739574273413,0.0,0.4563350290632435,0.9975806451612903,1.0,0.6994964734269931,0.8855437386498011,0.996620939265866,0.08247585283595604,instance,f_classif_top25
0,0.34954954954954953,0.2,0.4517241379310345,0.5238095238095238,0.7660694925587843,0.0,0.4838389682212396,0.9991935483870967,1.0,0.7006195666241937,0.876413746915626,0.9987227229785072,-0.5094546531945591,instance,f_classif_top25
0,0.2656200156200157,0.0,0.3804755944931164,0.8571428571428571,0.3931401337449978,0.0,0.4108970614608567,0.9919354838709677,1.0,0.6994151664268041,0.8817058043684102,0.9935416389766598,1.6956132512997433,instance,f_classif_top25
0,0.311916311916312,0.6,0.3804755944931164,0.7142857142857143,0.43743770996852016,0.6666666666666666,0.4683848316516397,0.9991935483870967,1.0,0.7293312648017948,0.8890926242480732,0.9993829382685555,0.029206445911172406,instance,f_classif_top25
0,0.08333333333333337,0.0,0.3804755944931164,0.6190476190476191,0.4043900321909778,0.0,0.39649686319734745,0.9935483870967742,1.0,0.7061939890244194,0.8488530568223079,0.9772726543562025,-0.791976908544854,instance,f_classif_top25
0,0.39249639249639257,0.4,0.4450261780104712,0.5238095238095238,0.7873815125313669,0.0,0.46831827650847746,0.9991935483870967,1.0,0.7343853104468892,0.8999902095179163,0.9876233980066891,-1.5542513625832028,instance,f_classif_top25
0,0.4032045203097834,0.6,0.8495575221238938,0.47619047619047616,0.6268941132729818,1.0,0.5125266326640752,1.0,1.0,0.7487987384820372,0.9075644729282777,0.9928770896510469,-0.6485087075413006,instance,f_classif_top25
0,0.39524964524964534,0.4,0.3804755944931164,0.3333333333333333,0.432331618440817,0.5,0.5074319505351714,1.0,1.0,0.7079313205022758,0.9064514047942314,0.9860210033917396,0.496610360629074,instance,f_classif_top25
0,0.34065934065934067,0.6,0.8055555555555556,0.2857142857142857,0.4601119631709857,0.0,0.4872729963486623,0.9983870967741936,1.0,0.6897546789621974,0.8338521050706145,0.9682619669760313,-0.015664911544268818,instance,f_classif_top25
0,0.6057198850910508,0.8,0.7286821705426356,0.47619047619047616,0.764379012509386,0.5,0.4959442032895287,0.9991935483870967,1.0,0.7075643480658255,0.8795689048214347,0.9976226411915115,-1.5047847361770497,instance,f_classif_top25
0,0.3214864083285135,0.0,0.3804755944931164,0.8571428571428571,0.3777350853099176,0.0,0.36576227919267823,0.9935483870967742,1.0,0.6902016918595564,0.8469534508161181,0.9994792130476637,1.358002672538137,instance,f_classif_top25
0,0.535408954811766,0.6,0.7126436781609196,0.38095238095238093,0.694016439749241,0.5,0.5250153408116334,1.0,1.0,0.6887991107828201,0.8754896680028533,0.9954508528753558,-0.3840599132223561,instance,f_classif_top25
0,0.3286507240933183,0.4,0.3804755944931164,0.3333333333333333,0.4088896134101846,1.0,0.5493761055140582,1.0,1.0,0.7265790231525775,0.8773251866219849,0.9734190184855621,0.007207331281949967,instance,f_classif_top25
0,0.4761317587923982,0.6,0.4517241379310345,0.5238095238095238,0.4354373899075461,1.0,0.5362792666174621,1.0,1.0,0.7161005770506641,0.9272358480020069,0.9905442635696889,-0.4111582615853004,instance,f_classif_top25
0,0.5908028576740234,0.8,0.4517241379310345,0.5238095238095238,0.5562929618041439,0.6666666666666666,0.5358146636885281,1.0,1.0,0.7340404245153499,0.9081043257955838,0.9977499277099511,-0.9729000905106997,instance,f_classif_top25
0,0.08333333333333337,0.4,0.3804755944931164,0.6190476190476191,0.378409798339992,0.0,0.48165459998748217,0.9991935483870967,1.0,0.682023617872036,0.8394373990263359,0.9870745985782495,1.8404855267322937,instance,f_classif_top25
0,0.3557461307461307,0.2,0.4450261780104712,0.5238095238095238,0.44240740485154617,0.0,0.47620421944697067,0.9975806451612903,1.0,0.7249186049092181,0.9000807672036543,0.9958353771334648,0.18578902246220455,instance,f_classif_top25
0,0.25542124542124556,0.2,0.3804755944931164,0.7142857142857143,0.3806782617122998,0.0,0.46635538786882635,0.9967741935483871,1.0,0.7159693708750876,0.8645202134605375,0.9978014181238885,-0.4680381694354099,instance,f_classif_top25
0,0.29524964524964525,0.4,0.3804755944931164,0.6666666666666666,0.40072878889676966,0.0,0.474137599297464,0.9991935483870967,1.0,0.6874456971849395,0.8788546295343268,0.9921574800036775,0.648188902899938,instance,f_classif_top25
0,0.488952271612911,0.4,0.4517241379310345,0.42857142857142855,0.4876706040712443,0.3333333333333333,0.5446364700610093,1.0,1.0,0.7052477956062064,0.9069872524540066,0.9964169965854627,-0.9843187976150005,instance,f_classif_top25
0,0.463980463980464,0.4,0.4450261780104712,0.5238095238095238,0.4458123839138552,1.0,0.5219854430820036,1.0,1.0,0.7271038102479048,0.8987663610803682,0.9955598978081799,-0.6635721696248662,instance,f_classif_top25
0,0.5819103612815268,0.4,0.5357142857142857,0.5238095238095238,0.5755306087595076,0.6666666666666666,0.49983284166317143,0.9991935483870967,1.0,0.7145816738242048,0.9020413228422197,0.9910167354358173,-0.6621758543682482,instance,f_classif_top25
1,0.17756836659275688,0.4,0.1504424778761062,0.6190476190476191,0.3134863392794366,0.0,0.48510179910615403,0.9982935153583617,1.0,0.7271413965568028,0.8797588382906707,0.9961130730993919,0.3837118986289637,instance,f_classif_top25
0,0.6262254901960784,0.6,0.4450261780104712,0.5238095238095238,0.7325379130645698,0.0,0.4892504760583951,0.9983870967741936,1.0,0.7251658160314317,0.8912163169044126,0.9968870436697337,-0.6050785860884534,instance,f_classif_top25
0,0.4619840574266516,0.0,0.3804755944931164,0.6666666666666666,0.40019412067837357,0.0,0.38953827600985413,0.9943548387096774,1.0,0.7373645846423446,0.8840411271350841,0.9989792119196469,-0.9070516836875818,instance,f_classif_top25
0,0.5539085691668315,0.8,0.7834394904458599,0.5238095238095238,0.7197361744877471,1.0,0.5707898797331865,1.0,1.0,0.7017104166458323,0.904367318893663,0.9762301551769629,-1.2203584515232617,instance,f_classif_top25
0,0.4218273886985543,0.8,0.3804755944931164,0.38095238095238093,0.39266103515828865,1.0,0.5025634085954431,1.0,1.0,0.7017279640027381,0.8681640063276924,0.9926510473226283,0.28841852039418203,instance,f_classif_top25
0,0.4032045203097834,0.2,0.4517241379310345,0.5238095238095238,0.685071592274759,0.0,0.4662235090619177,0.9967741935483871,1.0,0.7015958725174763,0.8592745325700938,0.989262626294988,-0.45282354507864503,instance,f_classif_top25
0,0.38387790775850483,0.8,0.4450261780104712,0.5714285714285714,0.5921319247804993,1.0,0.507188307461554,1.0,1.0,0.7148597821285694,0.8995051163196781,0.9912939686255883,-0.8152710384076918,instance,f_classif_top25
0,0.890971239981141,0.6,0.4450261780104712,0.5238095238095238,0.7157085032897371,1.0,0.5071614336768161,1.0,1.0,0.7574873661329117,0.86240826486348,0.9750572564479525,-1.5159474271991045,instance,f_classif_top25
0,0.4032045203097834,0.2,0.4517241379310345,0.6666666666666666,0.5385357505005419,0.3333333333333333,0.45621080303399353,0.9983870967741936,1.0,0.7041096006632263,0.8785680212440481,0.9995655206556228,0.3381841306801961,instance,f_classif_top25
0,0.0,0.6,0.5357142857142857,0.38095238095238093,0.7153378541000894,1.0,0.513027760616791,1.0,0.88,0.6379967486318999,0.8480536008014643,0.9935014741096985,1.1660133038444722,instance,f_classif_top25
0,0.3107651607651607,0.6,0.3804755944931164,0.7142857142857143,0.37760710002620856,0.5,0.5600262487606911,1.0,0.96,0.6584646681658127,0.8480935913914395,0.9954294256729366,1.108096034408463,instance,f_classif_top25
0,0.3557461307461307,0.6,0.4450261780104712,0.6666666666666666,0.43224697647614585,0.0,0.4779917313641515,0.9983870967741936,1.0,0.7116280741913024,0.8754096908462238,0.9851468902664288,0.8015663225721152,instance,f_classif_top25
0,0.7234477124183007,0.8,0.8495575221238938,0.7142857142857143,0.6497849421814633,0.8,0.5714628083330029,1.0,1.0,0.7037162098817386,0.9129867965837819,0.9988593634427526,-1.264185366505122,instance,f_classif_top25
0,0.3717717717717718,1.0,0.5357142857142857,0.6190476190476191,0.6356606489273636,1.0,0.5503313148346756,1.0,1.0,0.740168223626031,0.891766496357902,0.9849900108114605,-0.8332700277146862,instance,f_classif_top25
0,0.14954954954954947,0.4,0.4517241379310345,0.5238095238095238,0.7695024953972205,0.0,0.47737595591528637,0.9983870967741936,1.0,0.7015382598044047,0.8330844162441278,0.9860192656971805,-0.9363087281562953,instance,f_classif_top25
0,0.8944103934202944,0.6,0.4517241379310345,0.5238095238095238,0.4862390633504382,0.8,0.562339742574615,1.0,1.0,0.7219167763148417,0.8698074074429448,0.9723358838855369,0.36884437914472384,instance,f_classif_top25
0,0.44728560494624425,0.4,0.3804755944931164,0.8571428571428571,0.4643343309890068,0.0,0.4733932448322109,0.9975806451612903,1.0,0.7019836019049575,0.893068854471002,0.9984427678140447,-0.46029899216144765,instance,f_classif_top25
0,0.5830687830687831,0.6,0.8495575221238938,0.47619047619047616,0.7808945606291701,1.0,0.5386860221374568,1.0,1.0,0.7044179313390736,0.8939764234333946,0.9980913565825361,-2.436046041611659,instance,f_classif_top25
0,0.4761317587923982,0.0,0.4517241379310345,0.47619047619047616,0.47608808810880576,0.0,0.4559770397706653,0.9951612903225806,1.0,0.7093543459810583,0.9048458398653509,0.996884556586704,0.46695653141265486,instance,f_classif_top25
0,0.531440700843512,0.6,0.7126436781609196,0.38095238095238093,0.7618219780161976,0.0,0.48665127204738456,0.9991935483870967,1.0,0.7144977386502599,0.8504360526514578,0.9759339597932373,-2.2458224429702955,instance,f_classif_top25
0,0.35512759723286036,0.4,0.4517241379310345,0.5238095238095238,0.7072439675615493,0.25,0.4481359608765315,0.9983870967741936,1.0,0.7003367295575661,0.8819239386227004,0.99610654070484,-0.6542435611845684,instance,f_classif_top25
0,0.8207724722817602,0.4,0.7834394904458599,0.5238095238095238,0.7681178619603216,0.6,0.4906598869614961,0.9991935483870967,1.0,0.7530933517073739,0.8815472653139383,0.9884324849253009,-2.135151196038591,instance,f_classif_top25
0,0.39652006592287714,0.4,0.3804755944931164,0.5238095238095238,0.4625399037846819,1.0,0.5214958999342191,1.0,1.0,0.7065184043921541,0.8776236730321807,0.9805463684216223,-0.2968522056576241,instance,f_classif_top25
0,0.3107651607651607,0.0,0.3804755944931164,0.5714285714285714,0.3809375126582242,0.0,0.389226839807048,0.9959677419354839,1.0,0.6830182737579794,0.838972777349034,0.9967169216058591,0.09024984430290407,instance,f_classif_top25
0,0.4295854804329381,0.0,0.4450261780104712,0.42857142857142855,0.5034521172153652,0.0,0.41295559773368473,0.992741935483871,1.0,0.6893670654926567,0.8657119176106489,0.9586314980703013,0.9225151925090151,instance,f_classif_top25
0,0.37411121598238173,0.0,0.3804755944931164,0.7142857142857143,0.3800833336199628,0.0,0.373802075464713,0.9903225806451613,0.88,0.6529991500475524,0.8198644345596898,0.9830682637488123,0.8790912012991151,instance,f_classif_top25
0,0.47337861524978087,0.6,0.7286821705426356,0.3333333333333333,0.4548871971802776,0.0,0.4971999048268617,0.9991935483870967,1.0,0.7136408119010085,0.8751708236827561,0.9854380860022605,-0.32761591897540543,instance,f_classif_top25
1,0.2971956535883922,0.8,0.6195244055068836,0.7142857142857143,0.6012863220239084,0.3333333333333333,0.47411484481431065,0.9994311717861206,1.0,0.6987410657428363,0.8979115894104504,0.9940013175688847,-0.20637522216336932,instance,f_classif_top25
1,0.5,0.6,0.6195244055068836,0.6190476190476191,0.6027295840941087,0.0,0.4760908399731537,0.9988623435722411,1.0,0.716945031901051,0.8549353521862004,0.992212550297015,-0.17470400504158892,instance,f_classif_top25
0,0.39524964524964534,0.2,0.3804755944931164,0.8571428571428571,0.3887080680932361,0.3333333333333333,0.524509431074767,1.0,1.0,0.6925173707702438,0.8823486037125532,0.9825062757973895,0.006293982751207904,instance,f_classif_top25
0,0.24409849409849416,0.2,0.3804755944931164,0.6190476190476191,0.41578365394620265,0.0,0.41540905308483744,0.9967741935483871,1.0,0.6767979351748159,0.8642846720473456,0.9966444343711625,-0.07213771257352213,instance,f_classif_top25
0,0.39524964524964534,0.2,0.4450261780104712,0.6190476190476191,0.41871715023972844,0.5,0.4750226482585147,0.9983870967741936,1.0,0.7016088975917314,0.8954051120664459,0.9921115966819046,1.2142987800031544,instance,f_classif_top25
0,0.4295854804329381,0.2,0.4450261780104712,0.38095238095238093,0.5068961751464761,0.0,0.4492025980903682,0.9975806451612903,1.0,0.6983792149701509,0.8695095819672259,0.97665449704041,0.9766269996804673,instance,f_classif_top25
0,0.2109600925390399,0.4,0.3804755944931164,0.38095238095238093,0.45505992292761055,0.0,0.4886908282614181,0.9991935483870967,1.0,0.6935459209982583,0.8644217395266677,0.9976259240467752,-1.3246122382964856,instance,f_classif_top25
0,0.46685724185724187,0.6,0.7878787878787878,0.3333333333333333,0.5146414380783891,0.5,0.5255598726692124,1.0,1.0,0.6973286728803256,0.9126900747161693,0.9930152022660791,-0.5565081575026455,instance,f_classif_top25
0,0.6549993284985227,0.2,0.7834394904458599,0.47619047619047616,0.6844718117729469,0.0,0.47942294715397793,0.9975806451612903,1.0,0.7139745108532004,0.8694023523469929,0.9672292998889441,-1.1351674446618625,instance,f_classif_top25
1,0.6714170214170214,0.4,0.6195244055068836,0.6190476190476191,0.5513926814158393,0.0,0.4866948316088161,0.9994311717861206,1.0,0.6898001349879134,0.8711759011545507,0.9879688613736632,0.44354597130348095,instance,f_classif_top25
0,0.578994822602084,0.2,0.5357142857142857,0.42857142857142855,0.4202861481369039,0.0,0.46263688160225713,0.9967741935483871,1.0,0.6917366503536491,0.8820356034192771,0.9942208584374828,-0.005970352855755536,instance,f_classif_top25
0,0.570539787410953,0.2,0.7126436781609196,0.38095238095238093,0.43581048606596084,0.75,0.49538521406986835,0.9991935483870967,1.0,0.7194379681328649,0.8659606792900086,0.9937454531697414,0.1643956600082567,instance,f_classif_top25
0,0.5993631146213769,0.6,0.4450261780104712,0.6190476190476191,0.6609609398876216,0.5,0.541573922695911,1.0,1.0,0.7084346607468365,0.8860131504033362,0.9992528765223624,-0.3032296465488968,instance,f_classif_top25
0,0.4295854804329381,0.4,0.4450261780104712,0.38095238095238093,0.5523580119700249,0.0,0.40257845041462803,0.9975806451612903,1.0,0.7032602965124594,0.8490786324840854,0.9491370643302309,0.5711710777804782,instance,f_classif_top25
0,0.4704337530943925,0.4,0.8495575221238938,0.47619047619047616,0.4387318955633235,0.5,0.3979480394273296,0.9991935483870967,1.0,0.7185261458203767,0.8976686325100005,0.9989862874796778,0.31156473642813204,instance,f_classif_top25
0,0.6549993284985227,0.4,0.5357142857142857,0.5238095238095238,0.7595325635837135,0.5,0.49024403486413526,0.9983870967741936,1.0,0.7085900956105743,0.8538923809355704,0.9894605687712273,-1.40248249936688,instance,f_classif_top25
0,0.5791478460190116,0.4,0.3804755944931164,0.42857142857142855,0.40911344071828293,0.0,0.49115134732295596,0.9991935483870967,1.0,0.6959385945409348,0.8818290272190025,0.9917654382965283,0.7180186581782758,instance,f_classif_top25
1,0.6880311355311355,0.6,0.6195244055068836,0.7142857142857143,0.6157350690068074,1.0,0.5543405700728024,1.0,1.0,0.6907289249767682,0.8871157553660757,0.9900689829767199,-0.40328183877268015,instance,f_classif_top25
0,0.4333967160573554,0.0,0.4450261780104712,0.47619047619047616,0.3962287532209652,0.0,0.37769389856883373,0.9943548387096774,1.0,0.6866565538971194,0.8910535598239241,0.9983613205328544,0.5421401788534753,instance,f_classif_top25
1,0.5770024072655651,0.2,0.5549738219895288,0.47619047619047616,0.3830263354599498,1.0,0.5119113493922578,1.0,1.0,0.7130578083325922,0.8950250205852918,0.9835006268471379,0.7618873635411728,instance,f_classif_top25
0,0.3285829785829786,0.2,0.3804755944931164,0.9523809523809523,0.39132911347972454,0.0,0.46395163912799664,0.9967741935483871,1.0,0.6818025584361517,0.8962568882090847,0.9967714851021795,0.4664224838642255,instance,f_classif_top25
0,0.5406965915440491,0.8,0.4517241379310345,0.5238095238095238,0.4529884070197042,1.0,0.5125392850020001,1.0,1.0,0.7231647654098086,0.8991145537387686,0.9991948751527366,-0.2691309562824837,instance,f_classif_top25
0,0.08333333333333337,0.2,0.3804755944931164,0.6190476190476191,0.390452802208676,0.0,0.44693309601026054,0.9967741935483871,1.0,0.6889101925292533,0.8834169670191873,0.9835670359184152,0.12253187479884821,instance,f_classif_top25
0,0.3119688644688644,0.4,0.3804755944931164,0.42857142857142855,0.3811216494813494,0.0,0.4857920342413916,0.9991935483870967,1.0,0.681236515387748,0.8690986206903806,0.977391090798316,0.7310147125135478,instance,f_classif_top25
0,0.5990021008403361,0.8,0.4517241379310345,0.5238095238095238,0.7644606548977371,1.0,0.5368289950128606,1.0,1.0,0.7470009417072625,0.8448164590054549,0.95991716364666,-1.3895357500032697,instance,f_classif_top25
0,0.39524964524964534,0.0,0.3804755944931164,0.8571428571428571,0.38022954717452373,0.25,0.4602839235511381,0.9951612903225806,1.0,0.702528399111549,0.8847664365812992,0.9989416882413539,1.0336611509632188,instance,f_classif_top25
0,0.2109600925390399,0.2,0.3804755944931164,0.8571428571428571,0.3928503170548886,0.0,0.4187355167204938,0.9967741935483871,1.0,0.6901273970743852,0.8542198719181124,0.9956112347998902,-0.09732865807295936,instance,f_classif_top25
0,0.08333333333333337,0.0,0.3804755944931164,0.6190476190476191,0.4003561880553158,0.0,0.4249933773220328,0.992741935483871,1.0,0.6853759726298405,0.8653777737157909,0.9806719332544473,1.040740930463911,instance,f_classif_top25
0,0.6262254901960784,0.4,0.8495575221238938,0.47619047619047616,0.6908538287642906,0.0,0.499594003519084,0.9983870967741936,1.0,0.7060823758114186,0.8884148049917586,0.9842803745309245,-0.8285188643099799,instance,f_classif_top25
1,0.33422211735095164,0.2,0.6195244055068836,0.6190476190476191,0.6169107981417278,0.0,0.4591718848366624,0.9977246871444824,1.0,0.6908769294620217,0.8373872736389001,0.9780059355426797,-0.9594264185805197,instance,f_classif_top25
1,0.16337054758107394,0.4,0.21656050955414008,0.8095238095238095,0.21690473930996385,0.0,0.4925698841431484,0.9994311717861206,1.0,0.7018478320876786,0.8694657937832901,0.9926923311582161,1.5105395691157228,instance,f_classif_top25
0,0.3328021978021978,0.0,0.3804755944931164,0.6190476190476191,0.3802826580821548,0.0,0.43371434600909076,0.9951612903225806,1.0,0.6824322733568632,0.863121254829441,0.9972505013172855,0.8560307169452814,instance,f_classif_top25
0,0.8355754339736033,1.0,0.8495575221238938,0.47619047619047616,0.7588024338339869,1.0,0.5646838915814438,1.0,1.0,0.6967724547216481,0.8755376668701892,0.9929473878371196,-1.738552352077321,instance,f_classif_top25
1,0.2976872468397892,0.2,0.2713178294573644,0.5238095238095238,0.4357513341251109,0.0,0.4665526572791924,0.9982935153583617,1.0,0.6874048723414543,0.8826669344115158,0.9786442948427259,0.2319535954430649,instance,f_classif_top25
1,0.4460914308331684,0.6,0.21656050955414008,0.5238095238095238,0.23656920604704856,0.5,0.529299330068723,1.0,1.0,0.6988015712504759,0.8657076145276092,0.9940269222680168,1.0842033560386735,instance,f_classif_top25
1,0.22646040134256962,0.0,0.21656050955414008,0.6190476190476191,0.29210510751709584,0.0,0.44004951028313766,0.9965870307167235,1.0,0.7048448515086808,0.9044866442744488,0.9972960140773349,0.8262636121215842,instance,f_classif_top25
0,0.8123366013071895,0.8,0.8495575221238938,0.5714285714285714,0.7408799330103255,1.0,0.5486975220658479,1.0,1.0,0.7118172449870169,0.9042504172003347,0.9951508203143413,-1.3332596581204839,instance,f_classif_top25
1,0.12132352941176483,0.0,0.21212121212121215,0.38095238095238093,0.21689400193640018,0.0,0.4337341564530459,0.9965870307167235,1.0,0.7045385795070458,0.8673524921822228,0.9847793233954399,3.0408036247298686,instance,f_classif_top25
1,0.3434343434343434,0.2,0.21656050955414008,0.8095238095238095,0.21216176507742457,1.0,0.5383144875953154,1.0,1.0,0.7065702118136344,0.84733290646096,0.9861147697419773,3.7820447977372575,instance,f_classif_top25
1,0.2524080789088847,0.2,0.6195244055068836,0.5238095238095238,0.4488923772921475,0.0,0.4641214695520829,0.9982935153583617,1.0,0.6976854995430476,0.9083914979086325,0.9980358191799162,1.7786546299218264,instance,f_classif_top25
1,0.20710784313725483,0.0,0.1504424778761062,0.5238095238095238,0.22345720882387532,0.0,0.4111687286723431,0.9931740614334471,1.0,0.7205746806232574,0.8895711849168202,0.9982511047163874,2.4244215378193688,instance,f_classif_top25
1,0.18579208739391806,0.0,0.1504424778761062,0.6666666666666666,0.21461385491032925,0.0,0.4716851306044081,0.997155858930603,1.0,0.7113277142501092,0.8584609748296217,0.9890920824973938,2.8786476798621483,instance,f_classif_top25
1,0.429460212589047,0.2,0.28735632183908044,0.47619047619047616,0.29621560031428695,0.5,0.5124853192798171,1.0,1.0,0.6847620976064426,0.8825414411310281,0.9952818959574391,1.5957197221341521,instance,f_classif_top25
1,0.31358932461873634,0.2,0.1504424778761062,0.6666666666666666,0.3685481636654915,1.0,0.5193581547524205,1.0,1.0,0.7458870151569177,0.9244936857307939,0.9991446206776056,1.4699408842726953,instance,f_classif_top25
1,0.21892610313662952,0.6,0.28735632183908044,0.47619047619047616,0.2143688626235653,0.0,0.3761734665875317,0.9988623435722411,0.96,0.6558110427776435,0.8689254664176359,0.9895320355957238,0.8772343579145191,instance,f_classif_top25
1,0.4857027357027358,0.6,0.6195244055068836,0.8095238095238095,0.46835388765331465,1.0,0.5387115639564495,1.0,1.0,0.6816216947584747,0.8882142476496533,0.9914190440295627,0.07800648037785847,instance,f_classif_top25
1,0.11599531116794548,0.4,0.6195244055068836,0.7619047619047619,0.5344551390359661,0.0,0.4959365399424971,0.9994311717861206,1.0,0.6971091912085675,0.8724262415448999,0.9947983130867989,0.7868747202366387,instance,f_classif_top25
1,0.23753913852923747,0.2,0.2713178294573644,0.5714285714285714,0.2435330538556955,1.0,0.5116293439094115,1.0,1.0,0.7215306970139039,0.863687763111958,0.9971347327293767,1.0609374207797138,instance,f_classif_top25
1,0.4645910451882339,0.0,0.28735632183908044,0.47619047619047616,0.305715990162573,0.0,0.43348141976096133,0.9960182025028441,1.0,0.6827458728853797,0.8714987766696984,0.9976880129148004,0.885579537467304,instance,f_classif_top25
1,0.32765087753304556,0.6,0.21656050955414008,0.6190476190476191,0.21967397744344896,0.0,0.4988106629928293,0.9994311717861206,1.0,0.7071981688904821,0.8603354891929719,0.9963883076902083,2.1599219182308245,instance,f_classif_top25
1,0.3849547180835523,0.6,0.21656050955414008,0.6190476190476191,0.49810417686509234,0.42857142857142855,0.5502666787233776,1.0,1.0,0.7031545350872742,0.925959553401271,0.997782138444383,0.4908536844701163,instance,f_classif_top25
1,0.24034929023145823,0.2,0.2713178294573644,0.5238095238095238,0.39424471607258027,0.0,0.47105979759819394,0.9988623435722411,1.0,0.7334817619780861,0.8778704663192092,0.9907614316048804,-0.11866153838663723,instance,f_classif_top25
1,0.2591778591778592,0.0,0.6195244055068836,0.6190476190476191,0.6113855307748998,0.0,0.4672463615493202,0.997155858930603,1.0,0.7042162553928332,0.8485284213507478,0.9870342048031826,0.5992034581598247,instance,f_classif_top25
1,0.16842105263157892,0.4,0.21656050955414008,0.6190476190476191,0.21281323376752148,0.5,0.4842635065167257,0.9994311717861206,0.96,0.666009488360267,0.8306094022928083,0.9611855026519003,0.7620834326456142,instance,f_classif_top25
1,0.10781499202551836,0.4,0.21212121212121215,0.42857142857142855,0.21258849769968047,0.0,0.4792601210953309,0.9988623435722411,1.0,0.6786216165835873,0.8598857606736036,0.9860092498483711,0.5911177337801983,instance,f_classif_top25
1,0.16498251347322557,0.2,0.21656050955414008,0.6190476190476191,0.21540868175642913,0.0,0.49938677946277055,0.9994311717861206,1.0,0.7302923916369013,0.8662262070052112,0.9993994491600304,3.419088588252717,instance,f_classif_top25
1,0.10886901047084108,0.2,0.21656050955414008,0.42857142857142855,0.22080512289328558,0.0,0.48933737952190615,0.9982935153583617,1.0,0.6813645011783198,0.8835445447341356,0.9914005423333431,2.678845162093867,instance,f_classif_top25
0,0.5142972642972643,0.6,0.3804755944931164,0.6190476190476191,0.42857452167539634,1.0,0.5200453946041813,1.0,1.0,0.7246544459645282,0.883576184573782,0.99194192208657,-0.5532495023649167,instance,f_classif_top25
1,0.3443810617204224,0.8,0.6195244055068836,0.6666666666666666,0.42846470078817456,1.0,0.5133081563617351,1.0,0.96,0.6666666666666666,0.8756363162437724,0.9995286689592731,-0.5408528125401025,instance,f_classif_top25
1,0.3923688229660117,0.2,0.28735632183908044,0.38095238095238093,0.43140057015200284,0.4,0.457356150850474,0.9988623435722411,1.0,0.7170127425063488,0.8731980322965832,0.9774382483735801,0.2071446118269507,instance,f_classif_top25
1,0.3320563431138702,0.0,0.1504424778761062,0.42857142857142855,0.35852331311497887,0.0,0.4854202452412313,0.997155858930603,1.0,0.7291061573975419,0.9026489179213381,0.9934699003668894,2.1066653402969755,instance,f_classif_top25
0,0.491937564499484,0.6,0.7286821705426356,0.38095238095238093,0.7582086139780151,1.0,0.5016308719315445,1.0,0.96,0.6638414351964571,0.8596915407862278,0.9940661574366124,0.011749224272826384,instance,f_classif_top25
1,0.4664361995650338,0.2,0.6195244055068836,0.2857142857142857,0.5686267402779906,0.0,0.48531097062464335,0.9994311717861206,1.0,0.7049185493105474,0.8881932065639719,0.9987176343484038,-0.4388479642787049,instance,f_classif_top25
1,0.23905658754729975,0.4,0.5482758620689655,0.5714285714285714,0.2325895209531717,0.0,0.46196154974719483,0.9994311717861206,1.0,0.7521720314947666,0.8609537573134619,0.9878367093257265,2.0068909106334014,instance,f_classif_top25
1,0.10886901047084108,0.0,0.1504424778761062,0.42857142857142855,0.21933281219709977,0.0,0.4636165947949311,0.9954493742889647,1.0,0.7072324054144419,0.8682223351058161,0.9833665492178841,2.128958551391763,instance,f_classif_top25
1,0.3849547180835523,0.2,0.21656050955414008,0.47619047619047616,0.44480366927763004,0.5,0.4743151636912052,0.9982935153583617,1.0,0.6836187988975281,0.8749132052498656,0.9974437524802248,0.8516185917288607,instance,f_classif_top25
1,0.18579208739391806,0.2,0.4642857142857143,0.42857142857142855,0.2136905576204658,1.0,0.5204006213670412,1.0,1.0,0.7323541278789221,0.8462942066465453,0.9669155252448328,2.2782515375995054,instance,f_classif_top25
1,0.06666666666666676,0.4,0.28735632183908044,0.23809523809523808,0.2298604600465381,0.0,0.45748140307256036,0.9994311717861206,1.0,0.7279926036833643,0.8865335776763347,0.9959182033646232,1.7213933723976145,instance,f_classif_top25
1,0.11599531116794548,0.0,0.21212121212121215,0.42857142857142855,0.300023236397728,0.0,0.3983423028434925,0.997155858930603,1.0,0.7039712766475897,0.8727224340181852,0.9940498358061185,1.59015766443092,instance,f_classif_top25
1,0.5451802583381531,0.6,0.6195244055068836,0.5238095238095238,0.5879308896420543,1.0,0.5138124897328229,1.0,1.0,0.6919706511235507,0.8811377313735855,0.9970619470861097,-0.500383363269678,instance,f_classif_top25
1,0.21127880976952174,0.2,0.21656050955414008,0.6190476190476191,0.22353400722339345,0.3333333333333333,0.48200367607004946,0.9988623435722411,1.0,0.6955458751135349,0.8706431774895532,0.9985307415767506,2.0793289990279793,instance,f_classif_top25
1,0.19574420677361848,0.2,0.21656050955414008,0.8095238095238095,0.21745956711386277,0.0,0.4842140897559747,0.9988623435722411,1.0,0.7242922576988035,0.8544605266103676,0.982473300650988,1.9733335068732758,instance,f_classif_top25
1,0.3400308247725623,0.2,0.2713178294573644,0.5714285714285714,0.5383928435436419,0.0,0.4493860530455033,0.9982935153583617,1.0,0.7117777829943841,0.9073087591878378,0.9940942245087264,0.03804600399248627,instance,f_classif_top25
1,0.2735721000729058,0.2,0.4642857142857143,0.42857142857142855,0.44406165105645357,0.5,0.4665008869222568,0.9994311717861206,1.0,0.7002150004740281,0.8918777900084326,0.9975888864885877,0.8976434541652614,instance,f_classif_top25
1,0.29898989898989903,0.2,0.1504424778761062,0.42857142857142855,0.21454074639619475,0.3333333333333333,0.48200968044074033,0.9988623435722411,1.0,0.7286096963940694,0.8539680694480246,0.99419496749081,3.2228673289820944,instance,f_classif_top25
1,0.14590604750787828,0.0,0.1504424778761062,0.42857142857142855,0.2125253563139059,0.0,0.458737698629771,0.9931740614334471,1.0,0.7432853601211105,0.8733233365299619,0.9881189230476336,2.9453428492722797,instance,f_classif_top25
1,0.37041451956706195,0.6,0.1504424778761062,0.42857142857142855,0.2993143270391819,0.5,0.47275980939229345,0.9994311717861206,1.0,0.7247297335185331,0.8670712552681595,0.9879409293853129,1.7332083746965865,instance,f_classif_top25
1,0.12794547643618837,0.2,0.21656050955414008,0.6190476190476191,0.21715119790612258,0.0,0.45916982588362676,0.9982935153583617,1.0,0.7018482504695335,0.8609265806391925,0.9881156682978433,3.06975190674068,instance,f_classif_top25
1,0.12794547643618837,0.0,0.1504424778761062,0.42857142857142855,0.21348607886248777,0.0,0.4230715844919687,0.9937428896473265,1.0,0.6880977365132608,0.8240172873472309,0.9991914795180623,4.2300420415569135,instance,f_classif_top25
1,0.309727794469532,0.2,0.2713178294573644,0.42857142857142855,0.35275320360867957,0.0,0.4977402474533542,0.9994311717861206,1.0,0.6950269904267232,0.8676722027501268,0.9799871534945216,0.4233476665046394,instance,f_classif_top25
1,0.575702156299345,0.6,0.28735632183908044,0.47619047619047616,0.45443001133980887,1.0,0.5657592562665095,1.0,1.0,0.6748625081604018,0.8521808923727353,0.9920777435463703,-0.41653510436048047,instance,f_classif_top25
1,0.468559299156488,0.2,0.28735632183908044,0.23809523809523808,0.36711081477168606,0.0,0.4766112077671196,0.9994311717861206,1.0,0.7010463756942473,0.8463298313916863,0.9778894551632328,-0.3561060276768508,instance,f_classif_top25
1,0.5551288130235499,0.4,0.5482758620689655,0.5714285714285714,0.30139880134216235,0.0,0.4750425720281294,0.9988623435722411,1.0,0.7045423561014833,0.8737754122455565,0.9710271760635579,1.0123916506367385,instance,f_classif_top25
1,0.12794547643618837,0.0,0.5549738219895288,0.6190476190476191,0.31424578784567625,0.0,0.4721880586292352,0.997155858930603,1.0,0.707871210091357,0.895417983155312,0.9990692201989742,1.7060488212931448,instance,f_classif_top25
0,0.7979804494897375,0.8,0.7834394904458599,0.5238095238095238,0.7696969369306101,0.5,0.4950168207534854,0.9991935483870967,1.0,0.7074315406087398,0.8626799398399058,0.9982138667780835,-2.390508392885812,instance,f_classif_top25
1,0.2976872468397892,0.2,0.4642857142857143,0.7619047619047619,0.37746558579191775,0.0,0.39593322503674433,0.9982935153583617,1.0,0.6940350139447159,0.8888789001830719,0.9995059145855265,0.7622071064546189,instance,f_classif_top25
1,0.2847002338527762,0.6,0.6195244055068836,0.7619047619047619,0.598238538239148,0.0,0.4794232574043261,0.9994311717861206,1.0,0.7230603018587098,0.8812463627897733,0.9878098639904451,0.3598637540245559,instance,f_classif_top25
1,0.12794547643618837,0.0,0.2713178294573644,0.5238095238095238,0.256867237883041,0.0,0.4532849441257807,0.9965870307167235,1.0,0.7270147199476443,0.8284519017681409,0.9481947169369244,0.8004548291232813,instance,f_classif_top25
1,0.12794547643618837,0.2,0.5482758620689655,0.5238095238095238,0.2364110577183226,0.0,0.4655656350085856,0.9994311717861206,1.0,0.7229020073514504,0.8409454981630851,0.9628573882470796,1.8094216007169,instance,f_classif_top25
1,0.5527143950537556,0.8,0.1504424778761062,0.6666666666666666,0.5304554124999834,0.8,0.5357181663836244,1.0,1.0,0.6971419273997648,0.9329459118664358,0.9984297758512368,0.5863102471643165,instance,f_classif_top25
1,0.24570984570984578,0.0,0.6195244055068836,0.5238095238095238,0.3023354253106162,0.0,0.46590155476815986,0.9960182025028441,1.0,0.7263061272180955,0.8730093671600556,0.9929710927504687,1.968554788059932,instance,f_classif_top25
0,0.5158444827156483,0.4,0.4450261780104712,0.5714285714285714,0.41941460114663065,0.5,0.49226225076506447,0.9983870967741936,1.0,0.7474346376279115,0.9093165162061058,0.9932925761214679,-0.7227369576459758,instance,f_classif_top25
1,0.6047503547503548,1.0,0.6195244055068836,0.6666666666666666,0.5987627500588366,1.0,0.5276586891520257,1.0,1.0,0.7064753189379873,0.8648122684255845,0.9942516451211363,-1.120829454437356,instance,f_classif_top25
0,0.7145405836753307,0.8,0.7834394904458599,0.6666666666666666,0.7669871820434551,0.8,0.5103291078309575,1.0,1.0,0.7100789832624594,0.8831246909093892,0.9936052917829831,-2.0510853130118663,instance,f_classif_top25
1,0.1516265597147951,0.2,0.1504424778761062,0.42857142857142855,0.2279577724187029,0.0,0.4601015574385692,0.9988623435722411,1.0,0.7263560513600494,0.8992253161323542,0.9840603444249284,2.583963087756882,instance,f_classif_top25
1,0.16442456602639677,0.2,0.1504424778761062,0.42857142857142855,0.3956079465053758,0.0,0.44275038592915283,0.9982935153583617,1.0,0.7167569968648501,0.9076019575188772,0.9954816866306634,1.2688596882925587,instance,f_classif_top25
1,0.36478758169934644,0.2,0.1504424778761062,0.42857142857142855,0.21231325191768458,0.5,0.5225076765812448,1.0,1.0,0.7073951568782461,0.8593616483926405,0.9834830003380656,4.542468145519221,instance,f_classif_top25
1,0.4379046629046629,0.2,0.1504424778761062,0.6666666666666666,0.292964859455345,0.0,0.4443150068959134,0.9977246871444824,1.0,0.7271318425515534,0.9031917561659594,0.9974160549047982,1.7756177486683753,instance,f_classif_top25
0,0.7783338773437783,0.4,0.7286821705426356,0.47619047619047616,0.5663368239923856,0.0,0.43809526808923616,0.9991935483870967,1.0,0.6915253752652388,0.8973036140065634,0.9867214008660742,-0.523891412227782,instance,f_classif_top25
1,0.1792275277182398,0.2,0.21656050955414008,0.6190476190476191,0.21976031776004196,0.0,0.4203070818531136,0.9977246871444824,1.0,0.7168539241630616,0.8813087241680472,0.9879820625529145,2.552020995185842,instance,f_classif_top25
1,0.3450006715014773,0.6,0.1504424778761062,0.42857142857142855,0.2904300086488183,0.25,0.53679352809953,1.0,1.0,0.7246625835187903,0.8920530609825204,0.9979454325135907,1.814113347126471,instance,f_classif_top25
1,0.3849547180835523,0.4,0.6195244055068836,0.5238095238095238,0.5003764917649794,0.0,0.48292331377503595,0.9988623435722411,1.0,0.7073035029891622,0.8784385857879833,0.9841451760026826,0.5261098124300739,instance,f_classif_top25
1,0.10781499202551836,0.2,0.21656050955414008,0.8095238095238095,0.21285479941059504,0.0,0.46659044701790653,0.9988623435722411,1.0,0.7025176340943574,0.898701052188413,0.9962959939082805,2.0052055168513787,instance,f_classif_top25
1,0.40762989237162994,0.8,0.21656050955414008,0.8095238095238095,0.47988614405052377,0.6666666666666666,0.48344927714294206,0.9994311717861206,1.0,0.6999991875727544,0.9303009239223211,0.9982322938316964,0.7801836460426916,instance,f_classif_top25
1,0.23708118623372865,0.2,0.4642857142857143,0.7142857142857143,0.5903221082630724,0.0,0.4746313728745908,0.9977246871444824,1.0,0.7208907309546211,0.8899942574088128,0.9984853072728631,0.8187054590423728,instance,f_classif_top25
1,0.27428127428127425,0.4,0.6195244055068836,0.38095238095238093,0.3904990760545567,0.0,0.4844531291160832,0.9994311717861206,1.0,0.7253254076038033,0.8897266453968029,0.9992340635307214,1.8760084596454614,instance,f_classif_top25
1,0.5849547180835524,0.8,0.28735632183908044,0.23809523809523808,0.5856849161533465,0.5,0.5150196647127472,1.0,1.0,0.688227525283645,0.8528781754462752,0.9938782845099233,-0.8629928396705463,instance,f_classif_top25
1,0.20201955051026255,0.2,0.1504424778761062,0.6666666666666666,0.23033488999890117,0.25,0.4561426158573765,0.9982935153583617,1.0,0.7007471909245387,0.8873802726451082,0.9955114882304402,2.3169500904630818,instance,f_classif_top25
0,0.44444444444444453,1.0,0.5357142857142857,0.5238095238095238,0.7869749081412362,1.0,0.5130119311232701,1.0,1.0,0.7042097316021135,0.845933025729115,0.9776914802265042,-3.9294967596266934,instance,f_classif_top25
1,0.3400308247725623,0.4,0.5482758620689655,0.38095238095238093,0.4307402307630637,0.0,0.49710656673726217,0.9994311717861206,1.0,0.703613326335978,0.9144737803971564,0.9993979570186088,1.4865442575124457,instance,f_classif_top25
1,0.25636464263124603,0.0,0.21656050955414008,0.6190476190476191,0.21777006168872592,0.0,0.46778519002312824,0.9960182025028441,1.0,0.7087857217360819,0.9075615499726963,0.9962092149696765,2.84000762261376,instance,f_classif_top25
1,0.24976257626338205,0.0,0.1504424778761062,0.42857142857142855,0.2182996803782954,0.0,0.4277159412713559,0.984641638225256,1.0,0.6926222787644362,0.8766416607486183,0.987802885730345,1.8935876715835118,instance,f_classif_top25
1,0.12642802741812653,0.6,0.2713178294573644,0.42857142857142855,0.34609816546218336,1.0,0.5047023958026968,1.0,1.0,0.7003189263486935,0.8392057746126557,0.9992968537369902,0.13448340323509655,instance,f_classif_top25
1,0.5110477283870891,1.0,0.6195244055068836,0.6190476190476191,0.5701070736494654,1.0,0.5190832358885149,1.0,1.0,0.704743541301049,0.8543294063018854,0.993354987046891,0.29073879347711534,instance,f_classif_top25
1,0.2735721000729058,0.2,0.4642857142857143,0.42857142857142855,0.23573057385318597,1.0,0.5221353734505729,1.0,1.0,0.7039914001065896,0.877337888501357,0.978308319042528,1.6621925144431229,instance,f_classif_top25
0,0.43976183520442946,0.6,0.4450261780104712,0.5714285714285714,0.7812500401841239,1.0,0.5208277437906552,1.0,1.0,0.6843960805799141,0.8928932473562311,0.9997653300691244,-2.62918819880432,instance,f_classif_top25
1,0.4998094248094248,0.2,0.5549738219895288,0.38095238095238093,0.22548985181854608,1.0,0.5226217976746966,1.0,1.0,0.7119974339622562,0.8902041040871401,0.9975311919271774,2.712433179965761,instance,f_classif_top25
1,0.27942476416650175,0.4,0.2713178294573644,0.5714285714285714,0.31427472777007726,1.0,0.5121218651034891,1.0,1.0,0.700456121617017,0.8895615430043269,0.9944475629373422,0.6293563702169707,instance,f_classif_top25
1,0.20201955051026255,0.6,0.21656050955414008,0.5714285714285714,0.2385610858679117,0.6666666666666666,0.4980813898160106,0.9994311717861206,1.0,0.697854735410211,0.8589059258691301,0.9913993280793851,2.0137490465291545,instance,f_classif_top25
1,0.179043179043179,0.2,0.21212121212121215,0.42857142857142855,0.2724721775267641,0.0,0.4584219122028398,0.9982935153583617,1.0,0.7224480025269137,0.8684389252697009,0.9980140249968575,1.985748172766442,instance,f_classif_top25
1,0.12794547643618837,0.0,0.21656050955414008,0.6190476190476191,0.23698955640807923,0.0,0.46875775913296003,0.9948805460750854,1.0,0.6764790130400908,0.8783481512586603,0.9994862829959822,2.0015770626983667,instance,f_classif_top25
1,0.386047728387089,0.6,0.21656050955414008,0.6190476190476191,0.349864921116426,0.0,0.4992429465903885,0.9994311717861206,1.0,0.6938688069475113,0.8801550342135989,0.9910981422696211,1.8267150885330197,instance,f_classif_top25
0,0.7609434124527004,1.0,0.4517241379310345,0.5238095238095238,0.747328622650894,1.0,0.5799263598908604,1.0,1.0,0.7299453050937866,0.8374216815393675,0.9965293180738237,-1.5769658841613332,instance,f_classif_top25
1,0.40162138475021913,0.4,0.5482758620689655,0.5238095238095238,0.3089871284111857,0.0,0.4496373739877757,0.9994311717861206,1.0,0.714064842961324,0.8937718832615604,0.9986375225900771,1.4047471955721582,instance,f_classif_top25
0,0.6139522716129109,0.4,0.8495575221238938,0.6190476190476191,0.5093811574787575,1.0,0.5007478816518542,1.0,1.0,0.7155961020409886,0.9103994995619838,0.9944705568379356,-1.1847146830211353,instance,f_classif_top25
1,0.16337054758107394,0.2,0.21656050955414008,0.8095238095238095,0.212331900623834,0.3333333333333333,0.4955587070196854,0.9994311717861206,1.0,0.7101746443867544,0.8505319682729754,0.9985077142507407,1.7906448938132273,instance,f_classif_top25
1,0.40063688537862296,0.4,0.21656050955414008,0.6666666666666666,0.3882896447885623,0.6666666666666666,0.5063861030351506,1.0,1.0,0.68688207686566,0.9006980296670696,0.9910680011338372,0.38826722788376183,instance,f_classif_top25
1,0.30636464263124596,0.2,0.2713178294573644,0.42857142857142855,0.21391190629631052,1.0,0.512569745410291,1.0,1.0,0.7382014110070374,0.8640547164624174,0.9721506861256407,2.2559151273054825,instance,f_classif_top25
1,0.1777777777777777,0.0,0.2713178294573644,0.5714285714285714,0.21205976054405218,0.0,0.42624841108908207,0.9948805460750854,1.0,0.6703962498606517,0.8080523338361101,0.9759568649581996,1.8950947766698087,instance,f_classif_top25
1,0.21306022408963587,0.0,0.21656050955414008,0.6190476190476191,0.21722695808585002,0.0,0.4356959936958813,0.9943117178612059,1.0,0.718128239109559,0.8535385671649861,0.973600830075243,2.539268205848196,instance,f_classif_top25
0,0.690272205530468,0.8,0.7834394904458599,0.5238095238095238,0.5936336519535129,0.5,0.5106815498415633,1.0,1.0,0.6828783028481388,0.9116098915859513,0.9988810630274962,-0.46208905871319955,instance,f_classif_top25
0,0.32500000000000007,0.4,0.3804755944931164,0.7142857142857143,0.41870536335567277,0.6666666666666666,0.441798212563587,0.9991935483870967,1.0,0.7197882082828782,0.8852965402923171,0.9977621714415208,-0.8801511004648386,instance,f_classif_top25
1,0.18766339869281046,0.2,0.1504424778761062,0.6666666666666666,0.21804431440923927,0.0,0.4596212455930614,0.9977246871444824,1.0,0.752966743895082,0.8678184139020345,0.9821683001951967,2.589352853925343,instance,f_classif_top25
1,0.1792275277182398,0.0,0.21656050955414008,0.5238095238095238,0.25878061489887083,0.0,0.438390245335359,0.9926052332195677,1.0,0.6942857004051016,0.8671593663747846,0.9867035359257204,2.1451762003180193,instance,f_classif_top25
1,0.23708118623372865,0.2,0.6195244055068836,0.5238095238095238,0.4602205772236245,0.5,0.503724539119691,1.0,1.0,0.6856253052835601,0.8915445584677316,0.9867940968080825,0.8744221902155984,instance,f_classif_top25
1,0.16442456602639677,0.2,0.1504424778761062,0.6666666666666666,0.22989282939586092,0.0,0.48118686222504836,0.9988623435722411,1.0,0.6827180455203096,0.8840309988414242,0.9968366264093061,1.798758108923402,instance,f_classif_top25
0,0.7257187257187256,0.8,0.3804755944931164,0.8095238095238095,0.6279854085772706,0.5,0.5356289166890766,1.0,1.0,0.6949540692180242,0.9018574037697775,0.9979838951666073,-1.1303374112645386,instance,f_classif_top25
1,0.27428127428127425,0.0,0.21212121212121215,0.38095238095238093,0.3141224674002151,0.0,0.45001670412540673,0.9965870307167235,1.0,0.725674658100344,0.9107611973592245,0.9972264075711871,2.330792801480676,instance,f_classif_top25
1,0.49777523090406517,0.6,0.28735632183908044,0.2857142857142857,0.319433241667593,0.0,0.4837745448507139,0.9988623435722411,1.0,0.7256157557895713,0.909689258144457,0.998370281992003,1.4365113526705067,instance,f_classif_top25
1,0.17833400483481066,0.2,0.4642857142857143,0.38095238095238093,0.21233490533996996,0.0,0.405646748020664,0.9988623435722411,1.0,0.7613021456152684,0.8511470001208152,0.9428270796260962,3.543804297022754,instance,f_classif_top25
1,0.1516265597147951,0.2,0.1504424778761062,0.6666666666666666,0.24869069654183884,0.5,0.4003199976254944,0.9977246871444824,1.0,0.7143851477170858,0.9009429355837968,0.9790971752945786,2.025582330638423,instance,f_classif_top25
1,0.40063688537862296,0.4,0.21656050955414008,0.6190476190476191,0.2138430113874103,0.0,0.4880777240880314,0.9994311717861206,1.0,0.7144558964653274,0.9078720263851998,0.998553283987991,2.3395871386482043,instance,f_classif_top25
1,0.10833333333333339,1.0,0.6195244055068836,0.3333333333333333,0.469694678034731,1.0,0.5343200766123095,1.0,1.0,0.7051316253985407,0.8534776473302125,0.9805838949289858,-0.42414081155169425,instance,f_classif_top25
1,0.1421568627450981,0.6,0.1504424778761062,0.42857142857142855,0.3576717357365887,0.5,0.5070917707372273,1.0,1.0,0.6993706557062672,0.9041501347201195,0.9972494977618436,1.023319173289518,instance,f_classif_top25
1,0.26812706800923625,0.4,0.21212121212121215,0.42857142857142855,0.24426652877239563,0.0,0.48644960992811026,0.9982935153583617,1.0,0.7297859651340872,0.885601398178819,0.98658495347595,1.8923695413540274,instance,f_classif_top25
1,0.2222222222222222,0.6,0.21656050955414008,0.47619047619047616,0.22449408396365544,1.0,0.5097956622084929,1.0,0.96,0.6666666666666666,0.8632423029740214,0.9972043335798529,0.7875910121310726,instance,f_classif_top25
1,0.2488031762412568,0.4,0.21656050955414008,0.8571428571428571,0.22731573238731562,0.0,0.4552885583458077,0.9988623435722411,1.0,0.7067269987281144,0.873771450031075,0.9808383686723366,1.0448437149544558,instance,f_classif_top25
1,0.32570215629934507,0.6,0.6195244055068836,0.47619047619047616,0.5309940552573592,0.0,0.45114154347133995,0.9994311717861206,1.0,0.6826627975400853,0.8889034104297978,0.9937411658433268,0.4188284760048829,instance,f_classif_top25
1,0.18766339869281046,0.2,0.4642857142857143,0.38095238095238093,0.22714356222557852,0.0,0.48328185043363703,0.9988623435722411,1.0,0.7393289480023147,0.8886340228646268,0.9777896521228461,2.6388493726629894,instance,f_classif_top25
1,0.24034929023145823,0.0,0.2713178294573644,0.5238095238095238,0.25859185761407877,0.0,0.46910884239475736,0.9943117178612059,1.0,0.7212306876857638,0.8584059627860654,0.9979956806785594,0.6219953108240925,instance,f_classif_top25
0,0.488952271612911,0.4,0.3804755944931164,0.7619047619047619,0.4531106875421539,0.5,0.4924842236549978,0.9991935483870967,1.0,0.6925310610226324,0.8989979086811857,0.9822526255486581,-0.5646133999270604,instance,f_classif_top25
1,0.12794547643618837,0.0,0.4642857142857143,0.38095238095238093,0.2142319859714612,0.0,0.4429328533352386,0.9954493742889647,1.0,0.6842011409083234,0.863484935386937,0.9917769655873584,2.360386131447621,instance,f_classif_top25
1,0.3849547180835523,0.6,0.4642857142857143,0.38095238095238093,0.3516575574240228,0.0,0.4979613023862275,0.9994311717861206,1.0,0.7065930842121494,0.8505981109493546,0.9903208362068011,0.4155532182454379,instance,f_classif_top25
1,0.1421568627450981,0.2,0.5482758620689655,0.38095238095238093,0.26814922058588986,0.0,0.4562191148097371,0.9977246871444824,1.0,0.6997255205803794,0.8960588065044144,0.9949076592801951,1.4044421595422625,instance,f_classif_top25
1,0.14590604750787828,0.0,0.28735632183908044,0.47619047619047616,0.232921521015301,0.0,0.40583868061838424,0.9880546075085325,1.0,0.6972429935373784,0.8779427072856051,0.9949551028950442,1.4978297559667157,instance,f_classif_top25
0,0.690272205530468,0.8,0.7286821705426356,0.5238095238095238,0.7736949533021158,1.0,0.5179904124776634,1.0,1.0,0.7517935417817387,0.8771905491704307,0.994620162310742,-2.019354937690743,instance,f_classif_top25
1,0.401020102010201,0.4,0.2713178294573644,0.5238095238095238,0.3952101955500251,0.5,0.5321022042728742,1.0,1.0,0.7260271361610037,0.8992214042976002,0.9940165372881162,1.3858613217007094,instance,f_classif_top25
0,0.6723491224669544,0.6,0.7834394904458599,0.38095238095238093,0.786460244256134,1.0,0.5317026843485926,1.0,0.96,0.6666666666666666,0.8389152079008844,0.9986109872713983,-2.2494832686658164,instance,f_classif_top25
1,0.3905358752776129,0.4,0.6195244055068836,0.7619047619047619,0.4210060169148232,0.3333333333333333,0.49698775271289297,0.9994311717861206,1.0,0.7033854770449376,0.8955771096897078,0.9851057800174574,0.3636343849543414,instance,f_classif_top25
1,0.2097613607514598,0.4,0.5482758620689655,0.38095238095238093,0.38062335056768637,0.5,0.5013276490267126,1.0,1.0,0.7166370187615168,0.8750117769151836,0.9931000968069416,0.6679916968863294,instance,f_classif_top25
0,0.5830687830687831,0.8,0.7126436781609196,0.3333333333333333,0.7876412133922509,1.0,0.5491177727155911,1.0,0.92,0.6666666666666666,0.8858762100287143,0.993144424379136,-2.4226648718293036,instance,f_classif_top25
1,0.2976872468397892,0.2,0.4642857142857143,0.7619047619047619,0.41281855363891795,0.3333333333333333,0.41036729991196064,0.9977246871444824,1.0,0.6970327503384034,0.8826456128856434,0.9838895857251502,0.40401837346568165,instance,f_classif_top25
1,0.2641806722689074,0.2,0.1504424778761062,0.42857142857142855,0.2346635897357799,0.0,0.4483855089821276,0.9988623435722411,1.0,0.6965032038373512,0.86472802814988,0.9695548613370774,2.9289312704890342,instance,f_classif_top25
0,0.4276826445538102,0.4,0.3804755944931164,0.6190476190476191,0.38314640579871073,0.5,0.583633354293126,1.0,1.0,0.6944394131155789,0.8563802637314456,0.9980643330386709,1.0584339864152936,instance,f_classif_top25
1,0.41808963871847304,0.4,0.5482758620689655,0.38095238095238093,0.3955747046019845,1.0,0.5304917586342311,1.0,1.0,0.6841050467446734,0.9013396363029684,0.9944288524256931,1.6426606409288673,instance,f_classif_top25
1,0.10781499202551836,0.2,0.21656050955414008,0.5238095238095238,0.21207237488026154,1.0,0.5163293472463631,1.0,0.96,0.6463562884908086,0.8302909279431187,0.9985593034508763,1.485375730589307,instance,f_classif_top25
1,0.3380159425733483,0.2,0.1504424778761062,0.5238095238095238,0.3271732314703776,1.0,0.5377127272702841,1.0,1.0,0.7120127575343264,0.9090688535471781,0.9859065599528695,1.6409716413008415,instance,f_classif_top25
0,0.5869408369408369,0.8,0.4517241379310345,0.5238095238095238,0.684638149376099,0.0,0.47008590238349446,0.9991935483870967,1.0,0.7158440916119948,0.8936855990454774,0.9943193448745885,-0.955016765263541,instance,f_classif_top25
1,0.30636464263124596,0.2,0.21656050955414008,0.8095238095238095,0.24354301845569937,0.0,0.45005912622280564,0.9977246871444824,1.0,0.7105193757620917,0.9218056979744356,0.9943031862668695,1.5606043309317128,instance,f_classif_top25
1,0.18766339869281046,0.2,0.1504424778761062,0.5238095238095238,0.22139880860163796,0.0,0.48967175681646447,0.9988623435722411,1.0,0.7091396874701313,0.875460351470505,0.9788614669849677,1.7769490639361338,instance,f_classif_top25
1,0.24570984570984578,0.6,0.6195244055068836,0.6190476190476191,0.4754903184854853,1.0,0.517386424115597,1.0,1.0,0.7007660896464114,0.8874814501247955,0.9744444802855715,1.7189555431040242,instance,f_classif_top25
1,0.309727794469532,0.0,0.21656050955414008,0.8095238095238095,0.21749006223742662,0.0,0.4413767286666411,0.9954493742889647,1.0,0.7048624590124644,0.8546394441873375,0.9616649336095368,0.7497441840040778,instance,f_classif_top25
1,0.6588644688644689,0.6,0.6195244055068836,0.47619047619047616,0.6132436696297098,1.0,0.5299824317007018,1.0,1.0,0.6945704978036906,0.857634437739271,0.9833579893458217,-0.5888465133016793,instance,f_classif_top25
1,0.3037478529003953,0.0,0.21656050955414008,0.38095238095238093,0.2811485891795692,0.0,0.4197785178454556,0.9926052332195677,1.0,0.7178230300183248,0.8347275188609221,0.9749889601469306,1.8041104984360778,instance,f_classif_top25
1,0.12642802741812653,0.0,0.2713178294573644,0.5238095238095238,0.22736228605298042,0.0,0.4617775958849706,0.9965870307167235,1.0,0.6872704843244167,0.8081286115776877,0.9727223268861468,0.3418965419683924,instance,f_classif_top25
1,0.04166666666666663,0.4,0.6195244055068836,0.5238095238095238,0.21221468025511747,1.0,0.5173363255781295,1.0,0.96,0.6522925611251834,0.8676142676652627,0.9723623376966786,1.9622357988615002,instance,f_classif_top25
1,0.3849547180835523,0.8,0.6195244055068836,0.5238095238095238,0.5789200555625436,1.0,0.5090654448310346,1.0,1.0,0.7004186960704331,0.8708596301659859,0.9770695518943611,-0.24654307765286368,instance,f_classif_top25
1,0.045454545454545414,0.2,0.28735632183908044,0.47619047619047616,0.213249515931487,0.0,0.47600161362025417,0.9977246871444824,0.96,0.6655506750880978,0.8118291471733623,0.9975412277338165,2.6974056726549778,instance,f_classif_top25
1,0.17833400483481066,0.0,0.1504424778761062,0.42857142857142855,0.2279000347381342,0.0,0.474478937811766,0.9960182025028441,1.0,0.7424166094263627,0.8812638618873919,0.9860476401991208,2.8196637376526748,instance,f_classif_top25
1,0.309727794469532,0.4,0.5482758620689655,0.6190476190476191,0.25904152580914397,0.3333333333333333,0.5005662767087437,1.0,1.0,0.7365384736929774,0.8826147791629072,0.985759016460776,0.5463060689404892,instance,f_classif_top25
1,0.4923688229660117,0.2,0.28735632183908044,0.5714285714285714,0.5134790785364319,0.0,0.4323497625773812,0.9982935153583617,1.0,0.6845986002041038,0.8513793528239978,0.986917641416694,-0.10529165444345952,instance,f_classif_top25
0,0.8207724722817602,0.8,0.7834394904458599,0.5238095238095238,0.7564695877662075,0.75,0.4892623264604231,0.9991935483870967,1.0,0.6943038926888606,0.8732693324061408,0.9962903965412798,-1.7027931098723554,instance,f_classif_top25
1,0.13664678824861898,0.2,0.1504424778761062,0.42857142857142855,0.21730496241263753,0.0,0.48846648991700503,0.9988623435722411,1.0,0.7188670147242363,0.8882798965569438,0.9984962043952105,2.7867767470998643,instance,f_classif_top25
1,0.10886901047084108,0.0,0.1504424778761062,0.5714285714285714,0.3227601509910438,0.0,0.4204151934452144,0.9954493742889647,1.0,0.7193456574825695,0.8964762680626458,0.9755712316320787,1.7445107346019821,instance,f_classif_top25
1,0.10781499202551836,0.2,0.1504424778761062,0.6666666666666666,0.21231887427528467,0.5,0.45505901478977795,0.9988623435722411,1.0,0.6826632939391551,0.8568529920808748,0.9991766283794749,2.277066144818066,instance,f_classif_top25
1,0.4574414905703249,0.4,0.4642857142857143,0.7619047619047619,0.5132963240814797,0.5,0.5042549909812406,1.0,1.0,0.6970579068011795,0.8706234511517139,0.9778229448573976,0.6639343473939072,instance,f_classif_top25
1,0.19574420677361848,0.2,0.1504424778761062,0.6666666666666666,0.21722812060718022,0.0,0.496573796877007,0.9982935153583617,1.0,0.6839307172041643,0.861415711067601,0.9793260867620113,2.245142203257027,instance,f_classif_top25
1,0.2841424204090238,0.0,0.2713178294573644,0.5714285714285714,0.22355960376745665,0.0,0.4296161262746483,0.9965870307167235,1.0,0.7173491929549775,0.8598389368272165,0.9958037922637757,2.7925105681298557,instance,f_classif_top25
1,0.1335886335886336,0.0,0.28735632183908044,0.47619047619047616,0.29890203897776324,0.0,0.45210678515885205,0.997155858930603,1.0,0.7076407243214586,0.8741310813784238,0.9915333667487624,2.192883018303625,instance,f_classif_top25
1,0.3320563431138702,0.0,0.1504424778761062,0.42857142857142855,0.5354279441531445,0.0,0.3740969260868071,0.9931740614334471,1.0,0.7045239516249242,0.9072948578477593,0.9946639956080567,1.0307876912072405,instance,f_classif_top25
1,0.11478758169934655,0.0,0.21656050955414008,0.6190476190476191,0.21385520487355425,0.0,0.46023069121155824,0.997155858930603,1.0,0.7192581368639986,0.8705194780672924,0.9982808116485589,2.778864446579561,instance,f_classif_top25
1,0.2765522875816995,0.0,0.5482758620689655,0.5238095238095238,0.2443936692710847,0.0,0.38868598360118367,0.9965870307167235,1.0,0.6732595821121855,0.8857013065872485,0.9976677794598828,1.4213242087621223,instance,f_classif_top25
1,0.29286682373207673,0.0,0.21656050955414008,0.8095238095238095,0.2655968472086797,0.0,0.44267898890685575,0.997155858930603,1.0,0.7238327666832934,0.8830469955811,0.9996896353282172,0.7187469317722731,instance,f_classif_top25
1,0.20201955051026255,0.2,0.21656050955414008,0.6190476190476191,0.22720112468622594,0.0,0.46566595739331085,0.9977246871444824,1.0,0.6883140643426583,0.861434709897763,0.982977514511946,2.6732995411032,instance,f_classif_top25
1,0.11478758169934655,0.4,0.2713178294573644,0.42857142857142855,0.3135413813936661,0.3333333333333333,0.5096828059267502,1.0,1.0,0.794759813743682,0.9029498532512663,0.9913643643055644,0.9975946666306208,instance,f_classif_top25
1,0.4091971423259766,0.4,0.2713178294573644,0.5238095238095238,0.5528271070603656,0.0,0.4480360999064853,0.9994311717861206,1.0,0.7107422737400749,0.8993238668874796,0.9991830350981024,-0.06386747549906006,instance,f_classif_top25
1,0.20201955051026255,0.2,0.1504424778761062,0.7619047619047619,0.23679333490186982,0.4,0.5211176596631588,1.0,1.0,0.7133070407577574,0.862516630935487,0.9901719748541151,2.6099919757715515,instance,f_classif_top25
1,0.29898989898989903,0.0,0.1504424778761062,0.42857142857142855,0.21458086592627829,0.0,0.4305619625062437,0.9937428896473265,1.0,0.7164178340911882,0.8742837767111336,0.9915233037965581,2.7528884487427714,instance,f_classif_top25
1,0.20201955051026255,0.4,0.1504424778761062,0.42857142857142855,0.21903204575882496,0.0,0.4613832896167177,0.9988623435722411,1.0,0.7068895680529107,0.8290687965495175,0.9758673427302946,2.7732237294917605,instance,f_classif_top25
1,0.13664678824861898,0.2,0.1504424778761062,0.42857142857142855,0.21366709689384622,0.0,0.4822016460094246,0.9988623435722411,1.0,0.709447099738405,0.8816809674652092,0.9898275144304332,2.8502540470807887,instance,f_classif_top25
1,0.3923688229660117,0.0,0.28735632183908044,0.47619047619047616,0.46633740966240955,0.0,0.40942186633711497,0.997155858930603,1.0,0.6858999271185346,0.8607082018494517,0.9903685192162219,0.21174234578084972,instance,f_classif_top25
1,0.26812706800923625,0.4,0.2713178294573644,0.5238095238095238,0.30321863352009515,0.5,0.5067293754444758,1.0,1.0,0.7113354199730245,0.8794662111534136,0.9985861586059719,1.2131029100931152,instance,f_classif_top25
1,0.12794547643618837,0.0,0.21656050955414008,0.38095238095238093,0.22614886146571667,0.0,0.4200556159987806,0.9943117178612059,1.0,0.752061424357147,0.8582241119756259,0.9864431292302215,2.7624909253139482,instance,f_classif_top25
1,0.1421568627450981,0.4,0.1504424778761062,0.42857142857142855,0.2987937622311219,0.5,0.5006212337293865,1.0,1.0,0.7053645661010116,0.9032014999801491,0.993127873100458,1.5588079739447835,instance,f_classif_top25
1,0.12642802741812653,0.0,0.2713178294573644,0.42857142857142855,0.2722488789003229,0.0,0.4002723904690664,0.9943117178612059,1.0,0.6847214001026253,0.8440513198909504,0.9919223928381538,0.9823013894185111,instance,f_classif_top25
1,0.3320563431138702,0.2,0.1504424778761062,0.42857142857142855,0.2698434718584629,0.5,0.4989655974072258,0.9994311717861206,1.0,0.6897465480485159,0.8920010776915138,0.9996281855557565,1.9469670169511792,instance,f_classif_top25
1,0.675,0.8,0.6195244055068836,0.6666666666666666,0.589598346345976,1.0,0.5338714572539962,1.0,1.0,0.7188343704830001,0.8423025842200044,0.9571624568984427,0.19347189187090974,instance,f_classif_top25
1,0.4923688229660117,0.4,0.28735632183908044,0.5238095238095238,0.5462757403258799,0.4,0.5228678802013622,1.0,1.0,0.6996077276621321,0.8749865232980931,0.991320326295684,0.08315725930231237,instance,f_classif_top25
1,0.3923688229660117,0.2,0.28735632183908044,0.23809523809523808,0.35331207521386554,0.0,0.46811092737663507,0.9988623435722411,1.0,0.6743966998095016,0.8173160844552397,0.9935811962710476,-1.19731661340094,instance,f_classif_top25
1,0.6938018122228649,0.4,0.6195244055068836,0.8095238095238095,0.5233958192516808,0.0,0.4716066989946681,0.9988623435722411,1.0,0.6757092706422605,0.8980598568227852,0.9990940105510367,0.7657015208495697,instance,f_classif_top25
1,0.5312576312576314,0.6,0.21212121212121215,0.38095238095238093,0.39228122134728405,0.0,0.49673102668265,0.9994311717861206,1.0,0.7029775479416747,0.8908951726156625,0.9941057348739423,1.5189484402005033,instance,f_classif_top25
1,0.179043179043179,0.2,0.1504424778761062,0.42857142857142855,0.21565334417695947,0.0,0.47650721786514205,0.9988623435722411,1.0,0.751174010377673,0.8916552173900726,0.9850379892923801,2.906886634394145,instance,f_classif_top25
1,0.23708118623372865,0.4,0.6195244055068836,0.6666666666666666,0.5403749935096785,1.0,0.5050800572021662,1.0,1.0,0.7007422491137045,0.8833293709522791,0.9981931151912625,0.44461776725262503,instance,f_classif_top25
1,0.10886901047084108,0.6,0.4642857142857143,0.7619047619047619,0.319593623983505,0.0,0.49858003989409283,0.9994311717861206,1.0,0.7091797219948209,0.8791848600124611,0.9851470078078479,1.618058683589898,instance,f_classif_top25
1,0.22166612265622165,0.4,0.2713178294573644,0.5238095238095238,0.5246268011544554,1.0,0.5035942434471476,1.0,1.0,0.725781604242003,0.8536944450135837,0.974513447687371,-0.23879213479138983,instance,f_classif_top25
1,0.31166733816814407,0.6,0.5482758620689655,0.6190476190476191,0.4324256206798321,1.0,0.5099698191397242,1.0,1.0,0.7250759744488662,0.869401420333807,0.9966028028219882,0.1897235154857514,instance,f_classif_top25
1,0.6593406593406594,1.0,0.19444444444444442,0.2857142857142857,0.6044865396046248,1.0,0.5298716066208069,1.0,1.0,0.6807761638373118,0.8736882547644435,0.9885997434249715,-0.3682923707938025,instance,f_classif_top25
1,0.2894451159459216,0.4,0.28735632183908044,0.23809523809523808,0.2909775757351035,0.4,0.5190582393147021,1.0,1.0,0.729880693348856,0.8566651942550452,0.9995638998151157,1.5164703703189861,instance,f_classif_top25
1,0.18354978354978346,0.2,0.28735632183908044,0.5238095238095238,0.4246253879560473,0.0,0.49493986702169335,0.9988623435722411,1.0,0.6784469544186992,0.8472863710542943,0.9947190042596676,-0.5436782663481755,instance,f_classif_top25
1,0.386047728387089,0.6,0.6195244055068836,1.0,0.5525417593145193,0.3333333333333333,0.521464606400829,1.0,1.0,0.6861634774786435,0.899080907154749,0.9969655540814872,1.0178508343127015,instance,f_classif_top25
1,0.29792429792429787,0.4,0.1504424778761062,0.6666666666666666,0.5740870905847397,0.3333333333333333,0.4785021340047121,0.9988623435722411,1.0,0.6944152271360192,0.8789548257713286,0.9924594714763133,0.0914500046081132,instance,f_classif_top25
1,0.1421568627450981,0.0,0.21212121212121215,0.38095238095238093,0.4498511524289822,0.2,0.46344671504990187,0.9948805460750854,1.0,0.7087028118277533,0.9138314763177648,0.9959720674866938,1.1017888874090676,instance,f_classif_top25
1,0.4091971423259766,0.0,0.2713178294573644,0.5714285714285714,0.4272618499634252,0.0,0.45156411031572175,0.9965870307167235,1.0,0.7140317431456253,0.9009894868909349,0.9999675332014328,0.15662059359812575,instance,f_classif_top25
1,0.3320563431138702,0.0,0.1504424778761062,0.42857142857142855,0.36914056425890884,0.2,0.4883643885986645,0.9965870307167235,1.0,0.7060296653419413,0.9062397368806369,0.9972435824298699,1.0571825282307072,instance,f_classif_top25
1,0.17303130929791266,0.2,0.1504424778761062,0.6666666666666666,0.21216448103424218,0.0,0.44571630459010914,0.9977246871444824,1.0,0.7072211032313077,0.8976465771380289,0.9999653126871474,2.9113497130914174,instance,f_classif_top25
1,0.24034929023145823,0.4,0.2713178294573644,0.5714285714285714,0.48559649076604894,0.3333333333333333,0.4760562386447136,0.9994311717861206,1.0,0.7070696065704031,0.8895372301420729,0.99912093238394,0.38070988915586945,instance,f_classif_top25
1,0.2024782135076254,0.0,0.21656050955414008,0.6190476190476191,0.24635988435080813,0.0,0.44750776405457726,0.997155858930603,1.0,0.7009229898117989,0.8879822383149523,0.9915719053186907,2.424431822283841,instance,f_classif_top25
1,0.1792275277182398,0.2,0.2713178294573644,0.42857142857142855,0.3036080012831609,0.4,0.45672281591784114,0.9994311717861206,1.0,0.7199900465669336,0.8714082935891867,0.9829662577568693,1.1329815829411198,instance,f_classif_top25
1,0.1792275277182398,0.6,0.21656050955414008,0.8095238095238095,0.2330573100081622,0.0,0.46117010085289833,0.9994311717861206,1.0,0.7309543938526621,0.8631727807481623,0.983044177187097,1.7940000283549176,instance,f_classif_top25
1,0.19251119251119253,0.4,0.6195244055068836,0.6190476190476191,0.4056410060634358,1.0,0.5477133729531832,1.0,1.0,0.6815693575031105,0.853163787485101,0.9836070840426778,0.22292123143431897,instance,f_classif_top25
1,0.6448724027671395,0.6,0.21656050955414008,0.8571428571428571,0.2503853923834366,1.0,0.5551784864819538,1.0,1.0,0.6999274238275767,0.8659582116190079,0.9812410866552921,0.7103288361178567,instance,f_classif_top25
1,0.30636464263124596,0.4,0.2713178294573644,0.5238095238095238,0.21236457978138196,0.0,0.474141748207067,0.9994311717861206,1.0,0.7104321925841792,0.8528179425024348,0.9634689404060757,1.8333508475288094,instance,f_classif_top25
0,0.6352124183006536,0.8,0.8495575221238938,0.2857142857142857,0.7878993187539342,1.0,0.5423678764191847,1.0,1.0,0.670768546053622,0.8396733625649786,0.9790753480983793,-4.270131501791437,instance,f_classif_top25
1,0.2524080789088847,0.4,0.4642857142857143,0.8095238095238095,0.3123416599325445,1.0,0.5694681126097867,1.0,1.0,0.7159838595067364,0.8884028005990849,0.9965067720057001,1.535083061860131,instance,f_classif_top25
1,0.3849547180835523,0.2,0.6195244055068836,0.5238095238095238,0.4030510066341693,0.0,0.4954089088633987,0.9994311717861206,1.0,0.7040795703170383,0.8557041179557794,0.9960359806961336,1.2342653510314623,instance,f_classif_top25
1,0.4293991625279969,0.6,0.28735632183908044,0.23809523809523808,0.5422410924682765,1.0,0.5642281809556845,1.0,1.0,0.711817992909676,0.8618035637277067,0.9871635696990382,-1.3060509895997043,instance,f_classif_top25
1,0.2765522875816995,0.4,0.1504424778761062,0.42857142857142855,0.25858103766254315,0.0,0.4914660406195759,0.9994311717861206,1.0,0.7007043869953937,0.8976768020115812,0.9976085712560642,1.718618311178337,instance,f_classif_top25
0,0.6150452819164476,0.6,0.4517241379310345,0.5238095238095238,0.4620055092023937,0.6,0.4985747982508667,0.9991935483870967,1.0,0.7149333816950415,0.9267228814129744,0.9995333331534194,-0.10154236246349665,instance,f_classif_top25
1,0.11478758169934655,0.0,0.2713178294573644,0.42857142857142855,0.23101614086802597,0.0,0.44362477084587504,0.9920364050056882,1.0,0.70669463972766,0.8626255638326856,0.954842601486558,1.841562276337677,instance,f_classif_top25
1,0.17833400483481066,0.2,0.1504424778761062,0.6666666666666666,0.2602812565237539,0.0,0.4814857356812453,0.9988623435722411,1.0,0.7184430980209381,0.846579212413069,0.9774247594386645,1.8926676588616356,instance,f_classif_top25
1,0.7343799843799843,0.4,0.28735632183908044,0.47619047619047616,0.5767159286809694,0.0,0.4754024802371042,0.9994311717861206,1.0,0.6850873444234651,0.8645451549595857,0.9939575070440283,-0.8885419589005886,instance,f_classif_top25
1,0.32570215629934507,0.8,0.19444444444444442,0.2857142857142857,0.43801856730187605,1.0,0.5303103185505285,1.0,1.0,0.6930226352518273,0.8893555213451347,0.9898501058431506,0.9770418349720658,instance,f_classif_top25
1,0.24976257626338205,0.0,0.1504424778761062,0.6666666666666666,0.21615829626856542,0.0,0.46165131611075416,0.9965870307167235,1.0,0.6953539297699749,0.8645525688626159,0.9985276702257041,2.5028684863853443,instance,f_classif_top25
1,0.3450006715014773,0.4,0.1504424778761062,0.42857142857142855,0.38515388412527946,1.0,0.5155716662476818,1.0,1.0,0.7367413808370463,0.892279199771263,0.9811464393296013,0.8989933172162565,instance,f_classif_top25
1,0.16442456602639677,0.0,0.1504424778761062,0.42857142857142855,0.2585755352218929,0.2,0.4274079815701103,0.9943117178612059,1.0,0.69287603760369,0.9041201435399006,0.9992969739034435,1.2403511352670336,instance,f_classif_top25
1,0.4293991625279969,0.4,0.5482758620689655,0.6190476190476191,0.3503584722503432,1.0,0.511061153470511,1.0,1.0,0.7170817290041072,0.8597395990500953,0.9980029612766317,-0.47546543243106537,instance,f_classif_top25
1,0.4998094248094248,0.4,0.1504424778761062,0.42857142857142855,0.2745879564173901,0.5,0.4474421812787873,0.9994311717861206,1.0,0.6884245420653294,0.8895353944492694,0.9993133584154702,0.8296308656113155,instance,f_classif_top25
1,0.1187558356676005,0.0,0.2713178294573644,0.42857142857142855,0.21885411864323506,0.0,0.46960391634486676,0.9965870307167235,1.0,0.7172239786096852,0.8453533249476465,0.9599005022382134,2.3485194133919474,instance,f_classif_top25
1,0.17303130929791266,0.0,0.2713178294573644,0.5238095238095238,0.21235894125450783,0.0,0.4900582981166127,0.997155858930603,1.0,0.7187587412250114,0.8922219118735097,0.99639649573946,1.5877633807245488,instance,f_classif_top25
1,0.5127580974998351,0.2,0.28735632183908044,0.47619047619047616,0.5530005062325993,1.0,0.5033005334625991,1.0,1.0,0.6751154066054348,0.8713368705125588,0.9984843388700961,-1.7624350339020234,instance,f_classif_top25
1,0.4777143950537557,0.2,0.2713178294573644,0.38095238095238093,0.5251705693176428,1.0,0.5009882858688627,1.0,1.0,0.7124364258491949,0.9021099147075818,0.9873456823193812,0.550950195722618,instance,f_classif_top25
1,0.10833333333333339,0.2,0.19444444444444442,0.2857142857142857,0.21379415599343393,0.0,0.46160828285597855,0.9977246871444824,1.0,0.7489575942910199,0.8804149550042227,0.9892235197297516,2.2133610223087476,instance,f_classif_top25
1,0.18766339869281046,0.2,0.2713178294573644,0.5714285714285714,0.30467552274421894,1.0,0.516824058888778,1.0,1.0,0.7257751972863067,0.8919984367738705,0.9991969224690349,1.6004679362092749,instance,f_classif_top25
1,0.2514229720518064,0.0,0.28735632183908044,0.47619047619047616,0.26951607737241723,0.0,0.43007078016997236,0.9943117178612059,1.0,0.6871333064467453,0.8523021371948044,0.9718865295084811,-0.035741888372546944,instance,f_classif_top25
0,0.29524964524964525,0.2,0.3804755944931164,0.7142857142857143,0.4839050376316289,0.0,0.4835836417010866,0.9975806451612903,1.0,0.7034974047808085,0.8822764602531394,0.9985831012815548,-0.6286572550310655,instance,f_classif_top25
1,0.13131313131313138,0.2,0.5482758620689655,0.5714285714285714,0.2623134890278185,0.0,0.4850803222589707,0.9982935153583617,1.0,0.7036363810495513,0.8545538157045466,0.9959460004020568,0.6271451645799497,instance,f_classif_top25
1,0.2514229720518064,0.0,0.28735632183908044,0.47619047619047616,0.5087558425047133,0.0,0.39075620784074017,0.997155858930603,1.0,0.6894867869914828,0.863313122016089,0.996963988742393,-0.19747813256426314,instance,f_classif_top25
1,0.4091971423259766,0.2,0.2713178294573644,0.5714285714285714,0.5234673655546054,0.0,0.45419043249999824,0.9977246871444824,1.0,0.6930179504420939,0.9114840685672383,0.9989663464812492,0.19176392923704766,instance,f_classif_top25
1,0.6241081572369915,0.4,0.1504424778761062,0.42857142857142855,0.4909381349233529,0.0,0.4869848315010966,0.9994311717861206,1.0,0.7217539184583135,0.8966309186560463,0.9998593084393358,1.1874647232798932,instance,f_classif_top25
1,0.13664678824861898,0.2,0.1504424778761062,0.42857142857142855,0.22634727272909994,0.2857142857142857,0.4570537751921667,0.9988623435722411,1.0,0.7171675905154343,0.9008160431916151,0.9975297336512676,2.147544283413769,instance,f_classif_top25
1,0.07407407407407407,0.0,0.28735632183908044,0.47619047619047616,0.2366287854740327,0.0,0.4262983093367331,0.9931740614334471,1.0,0.7773053264790618,0.8748111115336406,0.9811810169518694,1.9980993829963212,instance,f_classif_top25
1,0.4225681725681726,0.6,0.6195244055068836,0.5238095238095238,0.6181571822380615,0.5,0.5009581772413874,1.0,1.0,0.6849819902534239,0.8650967571870413,0.99035692571822,-1.0585269773994983,instance,f_classif_top25
1,0.275,0.8,0.1504424778761062,0.6666666666666666,0.21232140055023718,1.0,0.5305345781324526,1.0,1.0,0.7145455372843041,0.8880682002351301,0.9901934923131839,2.2985214226806687,instance,f_classif_top25
1,0.5016469863887238,0.4,0.6195244055068836,0.5238095238095238,0.41855744608337286,1.0,0.524704585861004,1.0,1.0,0.695900432383942,0.8973867883981991,0.9929384895803175,0.8167326791555176,instance,f_classif_top25
1,0.2894451159459216,0.4,0.4642857142857143,0.38095238095238093,0.21546724979315418,1.0,0.5008877045453698,1.0,1.0,0.6834448839875514,0.8618066672876656,0.9887264232463144,1.7162340801077443,instance,f_classif_top25
1,0.27428127428127425,0.4,0.6195244055068836,0.38095238095238093,0.2428418517083481,0.0,0.44972126722524164,0.9988623435722411,1.0,0.7014432876573223,0.8582573904876799,0.9908972663060294,2.240370567909337,instance,f_classif_top25
1,0.5378233684205571,0.8,0.28735632183908044,0.47619047619047616,0.6005379051704968,0.5,0.5479880645322602,1.0,1.0,0.6971670223342857,0.8606225666079759,0.9968289457892345,-0.11545002485978853,instance,f_classif_top25
1,0.439102564102564,0.6,0.19444444444444442,0.2857142857142857,0.611743796711829,1.0,0.5115278983022649,1.0,1.0,0.7431768117226577,0.8585875283988723,0.9785329236952477,0.5381956015836793,instance,f_classif_top25
1,0.1421568627450981,0.0,0.5482758620689655,0.38095238095238093,0.2559778506553214,0.0,0.44936224244590617,0.9943117178612059,1.0,0.7132279653875261,0.8822212739742207,0.998945378240006,2.010520012011566,instance,f_classif_top25
1,0.4574414905703249,0.4,0.6195244055068836,0.38095238095238093,0.43411631064894707,0.0,0.4763389037144168,0.9994311717861206,1.0,0.6878738389483461,0.8762065772300878,0.9954516599992513,0.37067503859108536,instance,f_classif_top25
1,0.12132352941176483,0.0,0.21212121212121215,0.38095238095238093,0.21739912529679323,0.0,0.40195171545962827,0.9948805460750854,1.0,0.6887821161149674,0.8588245008573863,0.9998994170255306,2.615301152086061,instance,f_classif_top25
0,0.6150452819164476,0.8,0.7286821705426356,0.38095238095238093,0.6089648751874167,0.5,0.5015660458781167,1.0,1.0,0.7053713212419509,0.8438353011463608,0.9946528797509837,-1.372408901751835,instance,f_classif_top25
0,0.6485395986574305,1.0,0.7286821705426356,0.5238095238095238,0.6018245133743764,1.0,0.5963886437211819,1.0,1.0,0.6948841497818554,0.8685445667564166,0.998399531478765,-0.6680305849406344,instance,f_classif_top25
1,0.4998094248094248,0.4,0.1504424778761062,0.42857142857142855,0.32664116745304594,0.0,0.496701371859827,0.9994311717861206,1.0,0.7398554297812834,0.9119636611448603,0.9981917032964472,1.9590351573722287,instance,f_classif_top25
1,0.4664361995650338,0.2,0.2713178294573644,0.47619047619047616,0.5991307433932364,0.0,0.4678142927395602,0.9977246871444824,1.0,0.7490357109779429,0.8827752340827193,0.9964012859690451,-1.0517138865534716,instance,f_classif_top25
1,0.18799019607843126,0.2,0.2713178294573644,0.5714285714285714,0.23201903746371527,0.0,0.47222828906673187,0.9982935153583617,1.0,0.7137721234510712,0.8795044691907701,0.9992014735699141,1.8188865911724184,instance,f_classif_top25
1,0.5867196198484541,0.8,0.6195244055068836,0.6190476190476191,0.5774334802571999,1.0,0.5039226140023417,1.0,1.0,0.6967454329419495,0.9065624750200065,0.9983850730066189,0.15476586864685166,instance,f_classif_top25
1,0.25635026737967914,0.2,0.21656050955414008,0.6190476190476191,0.2177609944416341,0.0,0.47691434342627026,0.9982935153583617,1.0,0.7088150191834502,0.8638783094264159,0.9792480343031915,2.7574475259131597,instance,f_classif_top25
1,0.526621384750219,0.4,0.6195244055068836,0.38095238095238093,0.5893157597051414,0.6666666666666666,0.47765123439214596,0.9994311717861206,1.0,0.7021772329925772,0.9042920932522581,0.9981457372829804,-0.9310865500096099,instance,f_classif_top25
1,0.07407407407407407,0.4,0.6195244055068836,0.7142857142857143,0.24143772084022042,0.0,0.4696512472199451,0.9994311717861206,1.0,0.6730234675594801,0.8655070401433909,0.9488384180595589,0.8157520453899556,instance,f_classif_top25
1,0.7047503547503547,1.0,0.6195244055068836,0.6666666666666666,0.6089607878503561,1.0,0.53924808530582,1.0,1.0,0.6980397396769821,0.8817735614327656,0.9803001176142021,-0.49679744739850495,instance,f_classif_top25
1,0.2765522875816995,0.4,0.21656050955414008,0.6190476190476191,0.3340578572202514,0.3333333333333333,0.5082191533903178,1.0,1.0,0.7090452241647165,0.9088807709905911,0.9956137637956508,0.7134708901594562,instance,f_classif_top25
1,0.16450216450216448,0.2,0.6195244055068836,0.6666666666666666,0.4725327070678603,0.3333333333333333,0.47183007034990754,0.9988623435722411,1.0,0.7157240029547267,0.8749064241069077,0.9446247873958167,1.3467674499003646,instance,f_classif_top25
1,0.36111111111111116,0.2,0.28735632183908044,0.23809523809523808,0.25625394380259914,0.0,0.4612488093458743,0.9977246871444824,0.96,0.6638145804136667,0.8037302414634543,0.9977319588807454,-0.44932655845998243,instance,f_classif_top25
1,0.25367647058823517,0.4,0.21656050955414008,0.47619047619047616,0.21220057611596727,0.0,0.48357890951666593,0.9994311717861206,0.96,0.6572075112218269,0.8052346995675294,0.9758941122276822,2.7029585817982533,instance,f_classif_top25
1,0.2024782135076254,0.0,0.21656050955414008,0.6190476190476191,0.24640789979908256,0.0,0.46174725573408903,0.9960182025028441,1.0,0.7075813845193205,0.8920524480257223,0.999881867233959,2.2493927924249157,instance,f_classif_top25
1,0.29792429792429787,0.0,0.6195244055068836,0.47619047619047616,0.36619286971709364,0.0,0.40731603008766504,0.9960182025028441,1.0,0.7141923344063786,0.8964048236509561,0.9992473052764034,1.372605266362774,instance,f_classif_top25
1,0.6384621463568831,0.4,0.5482758620689655,0.6190476190476191,0.30801250175265293,1.0,0.5146322009359285,1.0,1.0,0.75389385996452,0.8896732580388408,0.9993502296094002,0.7839287639625669,instance,f_classif_top25
1,0.24877450980392146,0.0,0.1504424778761062,0.6666666666666666,0.2248831474555854,0.0,0.38990728622571136,0.9897610921501706,1.0,0.7801322511336395,0.8959074539750048,0.9943160377143603,2.7722522031304466,instance,f_classif_top25
1,0.4777143950537557,0.4,0.21656050955414008,0.6190476190476191,0.4332648812387072,0.0,0.4665789972573319,0.9988623435722411,1.0,0.6964831280551703,0.9137002904886167,0.9985470055351428,0.4234034250050078,instance,f_classif_top25
1,0.17303130929791266,0.0,0.1504424778761062,0.42857142857142855,0.2120900979909487,0.0,0.4782293278452522,0.997155858930603,1.0,0.7400907464828548,0.8635879667321704,0.9971325128657681,4.183017874321359,instance,f_classif_top25
1,0.3849547180835523,0.2,0.2713178294573644,0.42857142857142855,0.4003980204995473,0.0,0.4905645192065923,0.9994311717861206,1.0,0.7219824742896789,0.8871918527785038,0.9910673652056929,1.1165854399810142,instance,f_classif_top25
1,0.1421568627450981,0.0,0.1504424778761062,0.42857142857142855,0.2221895086943526,0.0,0.43472206162257443,0.9903299203640501,1.0,0.7655364304399792,0.8860266627543656,0.994763880552374,2.8551811541530383,instance,f_classif_top25
1,0.2591778591778592,0.8,0.6195244055068836,0.7142857142857143,0.6223391683093031,0.5,0.5394955147758543,1.0,1.0,0.7267799572614443,0.8503732907714415,0.9843846470910721,-0.817343939524065,instance,f_classif_top25
1,0.2641806722689074,0.4,0.21656050955414008,0.6190476190476191,0.25580621319693864,0.75,0.572427187085691,1.0,1.0,0.7163927710556803,0.89703879175394,0.9965060821683926,2.2879223463111,instance,f_classif_top25
1,0.29898989898989903,0.2,0.1504424778761062,0.42857142857142855,0.21308903825515835,0.2,0.5175038556845843,1.0,1.0,0.7462465263056882,0.8755258063800774,0.998453533325365,3.6069470441653064,instance,f_classif_top25
1,0.24034929023145823,0.0,0.2713178294573644,0.5238095238095238,0.3312408920752258,0.0,0.47936747337519725,0.9954493742889647,1.0,0.6821762638761082,0.867020568818737,0.9834669247572796,0.21318254976252343,instance,f_classif_top25
1,0.3481922973448398,0.2,0.21656050955414008,0.38095238095238093,0.48766171522843405,0.5,0.5096748608619517,1.0,1.0,0.6986023907769552,0.8718843542312149,0.9651189693517942,-0.24094517741616264,instance,f_classif_top25
1,0.5238682412076019,0.6,0.5482758620689655,0.6190476190476191,0.5095435723084373,1.0,0.5394809400366183,1.0,1.0,0.7014973625466693,0.9063144505494111,0.9956008197704227,0.5375322063220521,instance,f_classif_top25
1,0.1421568627450981,0.2,0.1504424778761062,0.42857142857142855,0.23707251755015551,0.0,0.4503167876534899,0.9982935153583617,1.0,0.7046025253830908,0.8894526784535643,0.9873242140495468,2.230292551408794,instance,f_classif_top25
1,0.07407407407407407,0.4,0.6195244055068836,0.6666666666666666,0.27307624024550925,0.0,0.489420470741343,0.9988623435722411,1.0,0.7192913959075541,0.8731514773058133,0.9754158541759699,2.3607050807067695,instance,f_classif_top25
1,0.309727794469532,0.2,0.21656050955414008,0.8095238095238095,0.2710521079529723,0.0,0.4707150897832123,0.9977246871444824,1.0,0.7421178245695081,0.8980118952926003,0.9973962365696221,0.8424412277813114,instance,f_classif_top25
1,0.4225681725681726,0.8,0.28735632183908044,0.23809523809523808,0.5553408109857401,1.0,0.5200019790457261,1.0,1.0,0.7042117979530578,0.8692306056635184,0.9757114924417203,-0.8565037239887634,instance,f_classif_top25
1,0.5377685708974054,0.4,0.28735632183908044,0.47619047619047616,0.38227077143432836,1.0,0.512068948932031,1.0,1.0,0.7023719720652052,0.8646140980085221,0.9900158721144405,1.5837259904218235,instance,f_classif_top25
1,0.3320563431138702,0.0,0.6195244055068836,0.5238095238095238,0.5078598686040877,0.0,0.46100266601586126,0.9965870307167235,1.0,0.7257677495109329,0.9006361646364601,0.9966688059336724,1.3830542234710799,instance,f_classif_top25
1,0.546426579555414,0.4,0.1504424778761062,0.42857142857142855,0.5601736088974286,1.0,0.535926292278678,1.0,1.0,0.7077710302079367,0.9098699531179197,0.9995936601891435,0.6349235650938325,instance,f_classif_top25
1,0.6258887840176184,0.2,0.28735632183908044,0.47619047619047616,0.5701767057670052,1.0,0.5202075069507913,1.0,1.0,0.6766059569857106,0.828139381489856,0.9963622438894101,-0.2962029764360231,instance,f_classif_top25
1,0.4091971423259766,0.0,0.2713178294573644,0.5714285714285714,0.4341099032748834,0.0,0.39640285981321666,0.9965870307167235,1.0,0.7137681507217508,0.882896052553635,0.993385788922566,0.23815928473210357,instance,f_classif_top25
1,0.21892610313662952,0.4,0.1504424778761062,0.5714285714285714,0.2124935182631088,1.0,0.502854634182925,1.0,0.96,0.659718767745162,0.8835719362092246,0.9971975287077091,1.9740246082371,instance,f_classif_top25
1,0.1335886335886336,0.2,0.28735632183908044,0.47619047619047616,0.41589713763730957,0.0,0.46589375325468974,0.9994311717861206,1.0,0.7055089777044976,0.8408726291205544,0.98330618689405,1.1255245358006187,instance,f_classif_top25
1,0.19114832535885162,0.2,0.21656050955414008,0.6190476190476191,0.21293625937889676,0.0,0.4889824663633249,0.9994311717861206,1.0,0.699475539983248,0.8680100165277412,0.9923440674617618,2.3985114094623268,instance,f_classif_top25
1,0.4293991625279969,0.4,0.5482758620689655,0.6190476190476191,0.48240901461259567,0.3333333333333333,0.502100388070484,1.0,1.0,0.6997344663232973,0.8914144822717092,0.9858790447498444,-0.2095544467622334,instance,f_classif_top25
1,0.3434343434343434,0.0,0.1504424778761062,0.6666666666666666,0.21262848341826712,0.3333333333333333,0.4691916704933933,0.997155858930603,1.0,0.7216796745633743,0.8749706245335307,0.9935861491255196,3.613166434968681,instance,f_classif_top25
1,0.49777523090406517,1.0,0.6195244055068836,0.7142857142857143,0.57684963276039,1.0,0.5345627476703347,1.0,1.0,0.7227596783186123,0.8970088696823556,0.997167663080607,0.9862005308521166,instance,f_classif_top25
1,0.3400308247725623,0.4,0.21656050955414008,0.6190476190476191,0.42786694556346383,0.5,0.5083677301681061,1.0,1.0,0.7040318611116703,0.9127731591042838,0.9955629302056993,0.9572962498202382,instance,f_classif_top25
1,0.19114832535885162,0.2,0.21656050955414008,0.6190476190476191,0.22043412687672037,0.0,0.4463168385902395,0.9982935153583617,1.0,0.6847291194054838,0.8840818023723997,0.995968124959058,1.9575540669179479,instance,f_classif_top25
1,0.24976257626338205,0.0,0.1504424778761062,0.6666666666666666,0.32533197601444075,0.25,0.48499125582317604,0.997155858930603,1.0,0.7233736820307736,0.9146444514152607,0.996625608626554,1.1998480054531075,instance,f_classif_top25
1,0.33422211735095164,0.4,0.28735632183908044,0.23809523809523808,0.44529036306503056,1.0,0.5192448859742217,1.0,1.0,0.7055958799390138,0.8325172724325484,0.9976289724438234,-1.5034780546620892,instance,f_classif_top25
1,0.25636464263124603,0.0,0.2713178294573644,0.42857142857142855,0.3863927856674487,0.0,0.4511113239359247,0.9937428896473265,1.0,0.717102880430478,0.8642098100146474,0.9860596224431842,0.8988063683290558,instance,f_classif_top25
1,0.5666032839426447,0.4,0.5482758620689655,0.5714285714285714,0.5674834502571687,0.5,0.5002379981480306,1.0,1.0,0.715024573993963,0.8915040047973843,0.9834289661763259,-0.45724510445177474,instance,f_classif_top25
1,0.2524080789088847,0.2,0.1504424778761062,0.42857142857142855,0.3981161670344605,0.0,0.47950329399459724,0.9982935153583617,1.0,0.7327223917728104,0.8965929346498135,0.9993750616629901,1.4193381124666886,instance,f_classif_top25
0,0.8633532117513811,0.8,0.7834394904458599,0.7142857142857143,0.7432336198966906,1.0,0.5315554007140488,1.0,1.0,0.7119053623978623,0.9052948557553048,0.9990667076112356,-1.5221249176945113,instance,f_classif_top25
1,0.309727794469532,0.2,0.21656050955414008,0.8095238095238095,0.32552311768016484,0.25,0.4754860328101911,0.9977246871444824,1.0,0.7327949650071623,0.9068203891957125,0.9991241859735802,1.077361586860147,instance,f_classif_top25
1,0.33422211735095164,0.2,0.6195244055068836,0.6666666666666666,0.5681605636554731,0.0,0.44722902471491577,0.9977246871444824,1.0,0.7088122926353504,0.8275908600664077,0.9781500414975111,0.3995721415934651,instance,f_classif_top25
1,0.45570657412762683,0.6,0.6195244055068836,0.6190476190476191,0.5998308005857592,0.3333333333333333,0.5119632321812585,1.0,1.0,0.6922098737074015,0.8674266767177464,0.9866607794673307,0.8761862384385657,instance,f_classif_top25
1,0.4091971423259766,0.0,0.2713178294573644,0.5714285714285714,0.4172101419839591,0.0,0.4620177780100293,0.997155858930603,1.0,0.7098786191926272,0.8911247408073065,0.9993507829796037,-0.14129759240535278,instance,f_classif_top25
0,0.6057198850910508,1.0,0.5357142857142857,0.42857142857142855,0.7865213143947278,1.0,0.6386583321792637,1.0,1.0,0.6678439024726949,0.8551189058716482,0.9968389686407316,-0.7563880636701396,instance,f_classif_top25
1,0.07407407407407407,0.8,0.5482758620689655,0.6190476190476191,0.2172654109082811,1.0,0.5161942277956342,1.0,0.92,0.6625547344536181,0.8685512585958126,0.9997111007537461,-0.023847321420705777,instance,f_classif_top25
1,0.258062435500516,0.0,0.21656050955414008,0.6190476190476191,0.23029457637389628,0.0,0.31771321900107996,0.9897610921501706,1.0,0.6882067978478581,0.8910495995023229,0.9998703022183303,0.9698175783843671,instance,f_classif_top25
1,0.5451802583381531,0.8,0.6195244055068836,0.47619047619047616,0.235567600800636,1.0,0.512457282296201,1.0,1.0,0.6846614009130615,0.8595762133927027,0.9948437727963281,-0.5325492017202504,instance,f_classif_top25
1,0.675,0.8,0.6195244055068836,0.5238095238095238,0.4643984157080552,1.0,0.518805024910052,1.0,1.0,0.6906365817906771,0.8906303509822955,0.9935577099021765,1.1469299389868914,instance,f_classif_top25
1,0.3923688229660117,0.8,0.28735632183908044,0.38095238095238093,0.41794279820891755,0.4,0.5146059976024242,1.0,1.0,0.6888933246802864,0.8916571006545772,0.9961340796571223,0.19776767992777156,instance,f_classif_top25
0,0.43434343434343436,1.0,0.5357142857142857,0.5238095238095238,0.7863856844000205,1.0,0.6256005082143408,1.0,1.0,0.7308257999167406,0.8606516138206929,0.9979793168575477,-3.5508684979983314,instance,f_classif_top25
1,0.12132352941176483,0.0,0.1504424778761062,0.7142857142857143,0.2132621876268338,0.0,0.4569826489028014,0.9965870307167235,1.0,0.7095876573182387,0.8720824009046391,0.9742630928752102,3.0432232503955823,instance,f_classif_top25
1,0.18766339869281046,0.0,0.1504424778761062,0.42857142857142855,0.22221919514812455,0.0,0.4727362582235046,0.9965870307167235,1.0,0.710886117554958,0.8618926536712256,0.9854328461608234,2.5462832961925574,instance,f_classif_top25
1,0.6241081572369915,0.4,0.28735632183908044,0.23809523809523808,0.2937118742813216,0.0,0.4549042388970055,0.9982935153583617,1.0,0.6778478610447932,0.827618755261126,0.9641608357369432,-0.08927892998455049,instance,f_classif_top25
1,0.5723173554461898,0.8,0.6195244055068836,0.7142857142857143,0.6209651578371824,1.0,0.5861995034685925,1.0,1.0,0.6907118241138994,0.854270210975431,0.9715485157396331,-2.511492094186128,instance,f_classif_top25
1,0.5551288130235499,0.6,0.5482758620689655,0.5714285714285714,0.3281066443932172,1.0,0.5055915659424917,1.0,1.0,0.7275654159310144,0.8534888278691194,0.9927468562343644,0.8366190525484247,instance,f_classif_top25
1,0.42228190702364454,0.4,0.5482758620689655,0.5714285714285714,0.5580664899411606,0.3333333333333333,0.48469542744089056,0.9982935153583617,1.0,0.721666918872452,0.8929362801116247,0.9920917511220994,-0.240325361268775,instance,f_classif_top25
1,0.40762989237162994,0.4,0.1504424778761062,0.7142857142857143,0.2551649684252978,0.6666666666666666,0.44641348783568924,0.9994311717861206,1.0,0.685952051907354,0.8852256813854424,0.9925784378614042,1.6961116544017958,instance,f_classif_top25
1,0.16442456602639677,0.2,0.1504424778761062,0.42857142857142855,0.31764531610369806,0.0,0.4804952436716651,0.9994311717861206,1.0,0.711672184449853,0.8967541776572677,0.9942312399746184,1.9281303899340827,instance,f_classif_top25
1,0.16090169992609005,0.2,0.1504424778761062,0.42857142857142855,0.242007146660481,0.0,0.4509669838878947,0.9982935153583617,1.0,0.7076406608064634,0.8574845977244668,0.9931896531423557,1.5160877585740744,instance,f_classif_top25
1,0.29792429792429787,0.2,0.5549738219895288,0.47619047619047616,0.2962274110733558,1.0,0.5216394778101697,1.0,1.0,0.6796502990639155,0.8861283516462959,0.9971551295185347,1.3495521981519087,instance,f_classif_top25
1,0.23708118623372865,0.0,0.1504424778761062,0.42857142857142855,0.32656969259385793,0.0,0.4468006106025155,0.9948805460750854,1.0,0.6945440564640284,0.8800413510197067,0.988838219170602,1.5452361059876187,instance,f_classif_top25
1,0.2514229720518064,0.2,0.28735632183908044,0.47619047619047616,0.5633973729604449,0.0,0.45966586813342514,0.9988623435722411,1.0,0.7096436637019959,0.8727892966769705,0.9870420390245286,0.24859186445005152,instance,f_classif_top25
0,0.6094641247223871,0.8,0.3804755944931164,0.8571428571428571,0.5902013435136363,0.5,0.47453585219201644,0.9991935483870967,1.0,0.6950177175695246,0.8784820000909671,0.9908546405649861,-0.8551757296797216,instance,f_classif_top25
1,0.5713492759066816,0.6,0.1504424778761062,0.5714285714285714,0.5350078261499737,1.0,0.5274740991491909,1.0,1.0,0.7122562411450915,0.9046709549655779,0.9983423916279629,0.45557302129401733,instance,f_classif_top25
0,0.6485395986574305,0.8,0.7286821705426356,0.5238095238095238,0.5143951076386801,0.5,0.48893007748127115,0.9991935483870967,1.0,0.703836636763931,0.900324654608768,0.9898617950568368,0.07789073368883216,instance,f_classif_top25
1,0.12794547643618837,0.4,0.21656050955414008,0.47619047619047616,0.2181500290844146,0.2,0.4828835773865092,0.9982935153583617,1.0,0.730736292478132,0.8624842541883724,0.992106304872801,2.951685625552211,instance,f_classif_top25
1,0.16337054758107394,0.4,0.21656050955414008,0.8095238095238095,0.2123820588706451,1.0,0.5201938318620924,1.0,1.0,0.7386839578933848,0.8553240525797822,0.9616110158453535,2.7863002417727136,instance,f_classif_top25
1,0.10886901047084108,0.0,0.21656050955414008,0.6190476190476191,0.21287500642179158,0.0,0.46220099687016214,0.9914675767918089,1.0,0.6932879270024299,0.8674086894198061,0.998410311494458,4.159606372851689,instance,f_classif_top25
1,0.18799019607843126,0.2,0.2713178294573644,0.5714285714285714,0.22314260227913563,1.0,0.5012329459816491,1.0,1.0,0.7484106434794721,0.8756338344625592,0.9969364115044046,2.5137384339563758,instance,f_classif_top25
1,0.1516265597147951,0.0,0.1504424778761062,0.7142857142857143,0.24962316470323237,0.0,0.4648815601296532,0.9960182025028441,1.0,0.700663851273555,0.9079665457827315,0.9995176159650626,1.9617733730209017,instance,f_classif_top25
1,0.2514229720518064,0.2,0.28735632183908044,0.47619047619047616,0.541108740445826,0.25,0.4837010104525644,0.9994311717861206,1.0,0.7048422088407573,0.8893701223233235,0.9807130585900995,0.40996794678735543,instance,f_classif_top25
1,0.37041451956706195,0.2,0.21656050955414008,0.6190476190476191,0.2926535153415113,0.0,0.44714897785135765,0.9994311717861206,1.0,0.7149967634542144,0.8880460418728982,0.9988094362968122,0.9831538133757113,instance,f_classif_top25
1,0.5867196198484541,0.6,0.6195244055068836,0.6190476190476191,0.6111879061753649,0.0,0.4827571770551736,0.9994311717861206,1.0,0.7014564012951368,0.8732951842717693,0.9985435254458551,0.04933796206282027,instance,f_classif_top25
1,0.575702156299345,0.4,0.6195244055068836,0.7142857142857143,0.5857753031931889,0.5,0.5322936672551065,1.0,1.0,0.6878517918144275,0.863545046750804,0.9776766015411904,0.7249654350965102,instance,f_classif_top25
1,0.5261992435386043,0.4,0.1504424778761062,0.6666666666666666,0.4264849855241901,0.5,0.45273590551723153,0.9988623435722411,1.0,0.7338373206553265,0.903562559695633,0.9957421978315841,0.3248395549439174,instance,f_classif_top25
1,0.3320563431138702,0.0,0.21656050955414008,0.5714285714285714,0.27958908861972354,0.0,0.4529001369506077,0.9965870307167235,1.0,0.6991036821642206,0.9033195894193333,0.9954477140718286,1.9445088759417881,instance,f_classif_top25
1,0.41808963871847304,0.2,0.5549738219895288,0.38095238095238093,0.36396492544050707,0.0,0.452782819669847,0.9977246871444824,1.0,0.6859926724575021,0.8620757253216749,0.9970647614088326,0.7043204173962632,instance,f_classif_top25
1,0.2024782135076254,0.0,0.2713178294573644,0.42857142857142855,0.2344648649390032,0.0,0.46199701509214697,0.9954493742889647,1.0,0.6999887877087149,0.8769664814745306,0.9831612905015501,1.0391730569221889,instance,f_classif_top25
1,0.5713492759066816,0.4,0.1504424778761062,0.5714285714285714,0.3666518757961132,0.25,0.418808836265536,0.9994311717861206,1.0,0.7203414489684901,0.907099110747948,0.9815372760149466,1.4140830533330673,instance,f_classif_top25
1,0.17833400483481066,0.2,0.1504424778761062,0.6190476190476191,0.22274354573835126,0.0,0.4725375119758938,0.9988623435722411,1.0,0.7280106464842695,0.8633977589969739,0.9641688224155778,1.782695376318667,instance,f_classif_top25
1,0.24570984570984578,0.0,0.6195244055068836,0.6190476190476191,0.5685631768330147,0.2,0.4703051361902576,0.997155858930603,1.0,0.7317655415581363,0.8933899994161565,0.9996875174810397,0.8816119849017374,instance,f_classif_top25
0,0.6966659951651895,0.4,0.7834394904458599,0.42857142857142855,0.7444682892857588,1.0,0.5162952315923717,1.0,1.0,0.7194466214799092,0.9061232609606462,0.9992335742893986,-1.9545516176563291,instance,f_classif_top25
1,0.6255311355311355,0.6,0.6195244055068836,0.5714285714285714,0.619471403007499,0.5,0.4907413896434847,0.9994311717861206,1.0,0.6810374457117156,0.8609654158913778,0.9684008924242532,-1.6326362660304372,instance,f_classif_top25
1,0.23708118623372865,0.0,0.21656050955414008,0.38095238095238093,0.38876842036806847,0.0,0.45362967327238235,0.9954493742889647,1.0,0.7176390569215878,0.8889846525436437,0.9885490116777472,1.586488429288399,instance,f_classif_top25
1,0.2765522875816995,0.2,0.4642857142857143,0.38095238095238093,0.3167957425287706,0.0,0.4300603925256302,0.9994311717861206,1.0,0.7039880094507963,0.8881419523329203,0.9869297419404502,1.1802713557264397,instance,f_classif_top25
1,0.17756836659275688,0.4,0.1504424778761062,0.5714285714285714,0.35040852115971177,0.0,0.49309165453395853,0.9988623435722411,1.0,0.7071450117713257,0.8625184380319522,0.988058633108212,-0.039098802150618804,instance,f_classif_top25
1,0.386047728387089,0.6,0.2713178294573644,0.5238095238095238,0.39180283802070387,0.5,0.5043489798935489,1.0,1.0,0.7094693130983861,0.879588263116507,0.9979603309350457,0.4396729690332954,instance,f_classif_top25
1,0.5967954796902166,0.6,0.5482758620689655,0.38095238095238093,0.3633917504035381,0.3333333333333333,0.4753869477598255,0.9994311717861206,1.0,0.689619689039221,0.8988272661862692,0.9896980603814173,1.0379881114881724,instance,f_classif_top25
0,0.47337861524978087,0.2,0.3804755944931164,0.6190476190476191,0.4109550281287293,0.0,0.48430944052253766,0.9991935483870967,1.0,0.6841807437820178,0.8436283444834561,0.9586994810721945,0.14983219014414562,instance,f_classif_top25
1,0.5521978021978022,0.8,0.6195244055068836,0.7142857142857143,0.6217555289555122,0.6666666666666666,0.5394942412447864,1.0,1.0,0.7154432569612139,0.8552523280816473,0.9985990134776319,-0.7826259259781827,instance,f_classif_top25
1,0.1981209150326798,0.0,0.21212121212121215,0.38095238095238093,0.21211206578559638,0.0,0.45149809392864526,0.9965870307167235,1.0,0.7214056504677907,0.8458531387577622,0.9763142173984465,4.567312701461225,instance,f_classif_top25
1,0.3942801149089492,0.2,0.2713178294573644,0.42857142857142855,0.21643675438240895,0.0,0.48540691876108377,0.9988623435722411,0.96,0.6649569934265778,0.8503506614558247,0.9659094286078167,0.2766746866813894,instance,f_classif_top25
1,0.12132352941176483,0.6,0.1504424778761062,0.6666666666666666,0.23520474840402628,1.0,0.5218424149279335,1.0,1.0,0.7027577185665065,0.8804252176572352,0.9999501788379538,1.189173780345368,instance,f_classif_top25
1,0.20710784313725483,0.0,0.1504424778761062,0.6666666666666666,0.23421456548686298,0.0,0.4797462897430552,0.997155858930603,1.0,0.7516910864618322,0.9086911720888595,0.9999301974650632,2.5251003894160102,instance,f_classif_top25
1,0.1421568627450981,0.0,0.21212121212121215,0.42857142857142855,0.3044459989562118,0.0,0.43133476002324656,0.9931740614334471,1.0,0.6945946646477208,0.9100133778410844,0.9969803369943128,1.5168012827471837,instance,f_classif_top25
1,0.404682609240015,0.6,0.6195244055068836,0.8095238095238095,0.5985755475971043,0.0,0.4819539812270628,0.9988623435722411,1.0,0.7216364162040075,0.870579938779143,0.9944047484990619,0.47398449850615815,instance,f_classif_top25
1,0.2024782135076254,0.0,0.2713178294573644,0.42857142857142855,0.257453524264364,0.0,0.46154237093141437,0.997155858930603,1.0,0.6778182440728371,0.885581653772611,0.9907980661539161,1.3450180593261212,instance,f_classif_top25
1,0.065390749601276,0.2,0.2713178294573644,0.38095238095238093,0.22373506944240246,0.0,0.46447011518089976,0.9982935153583617,1.0,0.7040455812469201,0.8445843413489199,0.9971285927067107,1.3938321858633895,instance,f_classif_top25
1,0.16894257703081228,0.2,0.1504424778761062,0.7619047619047619,0.2353931501435687,0.0,0.40693801774932625,0.9977246871444824,1.0,0.705433457950982,0.8837398565035589,0.9926091618692704,2.5409639895751917,instance,f_classif_top25
1,0.2514229720518064,0.0,0.28735632183908044,0.23809523809523808,0.3788461916415744,0.0,0.3761592057090166,0.9869169510807736,1.0,0.6980986803310207,0.8415230403873193,0.9799491738105297,-0.555499026706516,instance,f_classif_top25
0,0.6094641247223871,0.4,0.3804755944931164,0.8571428571428571,0.49501079914086965,0.0,0.4724446162780864,0.9991935483870967,1.0,0.6976732438735203,0.8982792659676364,0.9990192954261481,-0.15723940102998815,instance,f_classif_top25
1,0.6969597069597069,0.8,0.6195244055068836,0.8095238095238095,0.6213426556963257,0.0,0.4959792249021454,0.9994311717861206,1.0,0.6773212948274057,0.8549691177791909,0.9925152363796694,-1.118276395102855,instance,f_classif_top25
1,0.16498251347322557,0.2,0.21656050955414008,0.8095238095238095,0.22661437139584467,0.3333333333333333,0.5479220701795009,1.0,1.0,0.7043434651405956,0.8967342198167303,0.9974952237271022,2.3415775917801533,instance,f_classif_top25
1,0.4460914308331684,0.4,0.5549738219895288,0.47619047619047616,0.36481590710590883,0.3333333333333333,0.44763774737712614,0.9988623435722411,1.0,0.7217881924917047,0.9028840969019716,0.9995649791491469,0.7932023617484897,instance,f_classif_top25
1,0.20102010201020104,0.6,0.2713178294573644,0.5238095238095238,0.3148288621785117,1.0,0.5186836476054733,1.0,1.0,0.68302034633847,0.870224114737631,0.984610083807373,-0.5751687601543356,instance,f_classif_top25
1,0.2976872468397892,0.2,0.21656050955414008,0.38095238095238093,0.4690800169188384,0.0,0.4438042780513932,0.9977246871444824,1.0,0.7306866649056162,0.8972063259580314,0.9975610578569025,0.4649407394467864,instance,f_classif_top25
1,0.40762989237162994,0.2,0.21656050955414008,0.6190476190476191,0.3273536788242021,0.0,0.4416814954899275,0.9977246871444824,1.0,0.6922118842145709,0.9019068265824393,0.9730380534106103,0.9670102818668774,instance,f_classif_top25
0,0.596022065156812,0.4,0.5357142857142857,0.42857142857142855,0.7416881139189685,1.0,0.5068822917927716,1.0,1.0,0.7428232257068621,0.883075956794588,0.9893861720626652,-0.8588840027894415,instance,f_classif_top25
1,0.3400308247725623,0.0,0.2713178294573644,0.5238095238095238,0.3616039421546784,0.0,0.468141833457809,0.9965870307167235,1.0,0.7000123326969376,0.8900442050751978,0.987845484625481,1.0851416702709482,instance,f_classif_top25
1,0.504682609240015,0.6,0.6195244055068836,0.47619047619047616,0.4619790953516866,0.0,0.485111181611552,0.9994311717861206,1.0,0.7486920333173823,0.8929906141407118,0.9973948803216173,1.642309758507414,instance,f_classif_top25
0,0.6936353573687539,1.0,0.7834394904458599,0.5238095238095238,0.787931020957449,1.0,0.5998441093458673,1.0,1.0,0.6795844046214935,0.8435766783555014,0.9918406363069321,-3.291345694351326,instance,f_classif_top25
1,0.36452514765398203,0.0,0.28735632183908044,0.47619047619047616,0.5552523065196079,0.0,0.4427235197376591,0.9960182025028441,1.0,0.6957338169434264,0.8553684200876722,0.9939500553151432,0.3000365734157083,instance,f_classif_top25
1,0.1335886335886336,0.2,0.6195244055068836,0.5238095238095238,0.21849191472039226,0.0,0.443944433411553,0.9977246871444824,1.0,0.6865550609348173,0.8299482530605823,0.9978537082079147,1.540752173631319,instance,f_classif_top25
1,0.13664678824861898,0.0,0.4642857142857143,0.42857142857142855,0.2547719412805435,0.0,0.4406130955025722,0.997155858930603,1.0,0.7072318941258813,0.8955868127956113,0.9960806844878535,2.0979392763046643,instance,f_classif_top25
1,0.43681326741045623,0.4,0.28735632183908044,0.23809523809523808,0.523469399140388,0.0,0.44132352184423096,0.9988623435722411,1.0,0.7195894902957212,0.826324950676262,0.9880760700551586,-0.9494184012510133,instance,f_classif_top25
1,0.4574414905703249,0.4,0.6195244055068836,0.8095238095238095,0.5633564104500387,0.0,0.48462246961154853,0.9988623435722411,1.0,0.6890603540566624,0.8721186446542768,0.9894581830963937,0.2502174327239184,instance,f_classif_top25
1,0.24976257626338205,0.0,0.4642857142857143,0.47619047619047616,0.28535259645431754,0.0,0.43707765984187263,0.9960182025028441,1.0,0.6918882686132817,0.891283559780327,0.9958591774056964,0.9407713620518198,instance,f_classif_top25
1,0.5110477283870891,0.4,0.6195244055068836,0.47619047619047616,0.4668805916860309,1.0,0.507321894807576,1.0,1.0,0.7149679358524996,0.8977657502042757,0.9894211914460711,0.5317028994326416,instance,f_classif_top25
1,0.14590604750787828,0.0,0.21656050955414008,0.6190476190476191,0.21603469844970824,0.0,0.45639621167721767,0.9960182025028441,1.0,0.6969820321104674,0.8548317471049317,0.9953265895852327,2.474171422224162,instance,f_classif_top25
1,0.4460914308331684,0.4,0.1504424778761062,0.6666666666666666,0.34702602047785264,0.0,0.47082106930106726,0.9994311717861206,1.0,0.7424102072474368,0.9164245315848721,0.9967981072627012,1.1243574664958795,instance,f_classif_top25
1,0.4130591630591631,1.0,0.5482758620689655,0.38095238095238093,0.3887952470765646,1.0,0.534854990150263,1.0,1.0,0.6969280658704525,0.909300528000523,0.998186321455393,0.450344221216973,instance,f_classif_top25
1,0.5331427581427581,0.4,0.21212121212121215,0.42857142857142855,0.3829425913888801,0.2,0.49951326177741184,0.9994311717861206,1.0,0.7578825219490073,0.9083101721069673,0.9831143655758809,1.2748813805216332,instance,f_classif_top25
1,0.1837837837837838,0.2,0.1504424778761062,0.42857142857142855,0.22436574825349015,0.0,0.4650502995551433,0.9988623435722411,1.0,0.6903106563643749,0.8528811456449893,0.9756415090922861,2.3729349594251214,instance,f_classif_top25
1,0.12642802741812653,0.2,0.1504424778761062,0.42857142857142855,0.2636939995180413,0.0,0.4316998755568707,0.9982935153583617,1.0,0.7321566662858126,0.8647923887422071,0.9889161498429531,2.0113887336674225,instance,f_classif_top25
1,0.20201955051026255,0.2,0.5549738219895288,0.6190476190476191,0.31804504047892135,0.0,0.48759578008378346,0.9977246871444824,1.0,0.6977706036728415,0.8613570574629936,0.9786716405983209,1.741641774236392,instance,f_classif_top25
1,0.2894451159459216,0.2,0.21656050955414008,0.5238095238095238,0.2178711167430455,0.5,0.4713143295818719,0.9994311717861206,1.0,0.7181081927656127,0.8517935926460527,0.9956641394576845,1.7894213449170973,instance,f_classif_top25
0,0.6936353573687539,0.6,0.7834394904458599,0.6190476190476191,0.7766852628510255,1.0,0.5477578960928164,1.0,1.0,0.6952983405861848,0.8646872801126451,0.9977413244582057,-1.7453289752636711,instance,f_classif_top25
1,0.24570984570984578,0.2,0.28735632183908044,0.47619047619047616,0.3579809350868412,0.0,0.498634545139509,0.9994311717861206,1.0,0.6996022474942026,0.8845022184829129,0.9929980279092931,1.2286680101387284,instance,f_classif_top25
1,0.6969597069597069,1.0,0.6195244055068836,0.6190476190476191,0.6226044458051644,1.0,0.5613474901819095,1.0,1.0,0.677040902351712,0.8468584838429577,0.9755166669353138,-1.7347180353596114,instance,f_classif_top25
1,0.4293991625279969,0.6,0.2713178294573644,0.5714285714285714,0.5717867435645498,0.5,0.482114810527872,0.9994311717861206,1.0,0.7016297818371972,0.8937346464995906,0.9937621022946689,-0.16666703423917623,instance,f_classif_top25
1,0.5451802583381531,0.6,0.6195244055068836,0.47619047619047616,0.5950333441969068,1.0,0.5029925723571358,1.0,1.0,0.70254850377861,0.8864780723253506,0.986492222824296,-0.9257091328072543,instance,f_classif_top25
1,0.5365290346907994,0.8,0.5482758620689655,0.6190476190476191,0.2422908261549545,1.0,0.5274702683952959,1.0,1.0,0.6899204410409852,0.8671001235759052,0.997049726108086,-0.08087505907888083,instance,f_classif_top25
1,0.5238682412076019,0.8,0.5482758620689655,0.38095238095238093,0.5565275904472501,1.0,0.5842391873209818,1.0,1.0,0.7018654436678486,0.9141530270194963,0.9987666572414504,0.3679454478755053,instance,f_classif_top25
1,0.526621384750219,0.8,0.5482758620689655,0.47619047619047616,0.5894999537344838,0.5,0.48883500727262374,0.9994311717861206,1.0,0.7080956631593663,0.8843660818202038,0.9955965895900915,-1.140460899812124,instance,f_classif_top25
1,0.279021879021879,0.4,0.21656050955414008,0.8095238095238095,0.2398565460964298,0.5,0.5233518299238915,1.0,1.0,0.7095033704128305,0.9177198512934045,0.9968319713337669,0.9444365500160073,instance,f_classif_top25
1,0.43681326741045623,0.8,0.28735632183908044,0.38095238095238093,0.6111127834582076,1.0,0.5288491192654934,1.0,1.0,0.6838373286136527,0.8253834249247162,0.9878511346543664,-0.4129509996065089,instance,f_classif_top25
1,0.1335886335886336,0.2,0.28735632183908044,0.47619047619047616,0.3486595756838552,0.0,0.462159165865753,0.9982935153583617,1.0,0.702976120721283,0.8645309802955023,0.9706956363318209,1.5754046581475778,instance,f_classif_top25
1,0.4645910451882339,0.2,0.28735632183908044,0.47619047619047616,0.3608253913503533,0.5,0.4516567107467371,0.9994311717861206,1.0,0.7002155158239117,0.8830940504802957,0.9954980669434758,0.22729619669766,instance,f_classif_top25
1,0.2488031762412568,0.0,0.21656050955414008,0.8095238095238095,0.24813449936277043,0.0,0.40297580186856086,0.9897610921501706,1.0,0.6979075853586075,0.9010512307493742,0.9989871166639555,0.9967019190250449,instance,f_classif_top25
1,0.404682609240015,0.4,0.6195244055068836,0.6190476190476191,0.5877012083577021,0.0,0.4863407509530304,0.9994311717861206,1.0,0.7600775282055289,0.8711692490594661,0.9984906436517491,0.9352908878544,instance,f_classif_top25
1,0.18799019607843126,0.0,0.21212121212121215,0.42857142857142855,0.2213458952446724,0.0,0.4575639788093646,0.9965870307167235,1.0,0.6965255172126521,0.8747299906265337,0.9963937136617812,1.7179871376530407,instance,f_classif_top25
1,0.5726726726726727,0.4,0.1504424778761062,0.42857142857142855,0.22794709244835865,0.0,0.4202443311687942,0.9982935153583617,1.0,0.7237406774271591,0.8581618867116301,0.999490022476469,2.721691101376363,instance,f_classif_top25
1,0.12794547643618837,0.0,0.21656050955414008,0.38095238095238093,0.22353844319116412,0.0,0.43659142256801464,0.9965870307167235,1.0,0.7174295640971631,0.8312778074392142,0.9897744825209659,3.583017776355949,instance,f_classif_top25
1,0.5551288130235499,0.4,0.2713178294573644,0.5238095238095238,0.3908491370826971,1.0,0.5135229837974411,1.0,1.0,0.716169609990875,0.882909246330568,0.9969693910876941,0.33252721393348855,instance,f_classif_top25
1,0.45570657412762683,0.0,0.6195244055068836,0.7619047619047619,0.45035739932835606,0.0,0.45907567189445975,0.997155858930603,1.0,0.7095650157876556,0.8860035817283315,0.9977674631270491,1.9783020560141622,instance,f_classif_top25
0,0.6555555555555557,1.0,0.4517241379310345,0.5714285714285714,0.7878756027293385,1.0,0.5551041909948171,1.0,1.0,0.7099239091473619,0.8511293670111253,0.9923951562285312,-3.4903379378722263,instance,f_classif_top25
1,0.19574420677361848,0.2,0.1504424778761062,0.6666666666666666,0.26793564460604796,0.0,0.48669351458884236,0.9977246871444824,1.0,0.6910040837911989,0.8921355459091579,0.9883174828009076,1.0828558407137387,instance,f_classif_top25
1,0.10833333333333339,0.6,0.19444444444444442,0.2857142857142857,0.21278686177840506,1.0,0.5151988781401431,1.0,1.0,0.6932231010011152,0.8642601853328467,0.994855852628457,0.7910794754671633,instance,f_classif_top25
1,0.25636464263124603,0.2,0.2713178294573644,0.42857142857142855,0.24339988095678533,0.5,0.47886081947283987,0.9982935153583617,1.0,0.741066478354231,0.8758922794093337,0.9962065680962747,1.8031173197513843,instance,f_classif_top25
1,0.35347985347985345,0.2,0.21212121212121215,0.38095238095238093,0.2474298013774,1.0,0.5282780383527282,1.0,1.0,0.7024112248559651,0.8681425208362612,0.9918922353868269,2.8513122461882956,instance,f_classif_top25
1,0.36452514765398203,0.0,0.28735632183908044,0.47619047619047616,0.6099225732350366,0.0,0.38641895472718546,0.9965870307167235,1.0,0.6942326218883549,0.8559147301369933,0.9828452627524452,-0.8456425612262839,instance,f_classif_top25
1,0.18766339869281046,0.2,0.1504424778761062,0.5238095238095238,0.23487475940184366,0.25,0.5204575036708875,1.0,1.0,0.6977742086005534,0.8889524215158826,0.9986252924454181,2.1971320345313954,instance,f_classif_top25
1,0.179043179043179,0.0,0.21212121212121215,0.38095238095238093,0.2544774866383027,0.0,0.4443693582247069,0.9960182025028441,1.0,0.7187731034430638,0.8795797408404973,0.998092843480966,1.6503705351229423,instance,f_classif_top25
1,0.1654411764705882,0.2,0.1504424778761062,0.5238095238095238,0.22359486370579928,0.5,0.4923772742265088,0.9994311717861206,1.0,0.6937840928944183,0.8859796228616755,0.9952283948520876,1.6899774428589482,instance,f_classif_top25
1,0.16450216450216448,0.2,0.28735632183908044,0.47619047619047616,0.3691708085151374,0.0,0.47925511677743815,0.9977246871444824,1.0,0.7015497597131715,0.8292995145931319,0.9606080729960302,-0.5247789647642724,instance,f_classif_top25
1,0.26812706800923625,0.4,0.21212121212121215,0.42857142857142855,0.24070616750839946,1.0,0.5184747483120673,1.0,1.0,0.7108299903331258,0.8726855274039402,0.9978382180318828,1.507455814461935,instance,f_classif_top25
1,0.4379046629046629,0.4,0.1504424778761062,0.7142857142857143,0.3508611650035415,1.0,0.5267274904987271,1.0,1.0,0.721618058199402,0.9249295004703074,0.9942362569596991,1.6806294892388864,instance,f_classif_top25
1,0.6671978021978022,0.8,0.6195244055068836,0.6666666666666666,0.6211494349516815,1.0,0.546662826792395,1.0,1.0,0.739940984197861,0.8572618900826936,0.9717117535154275,-0.9908521646440176,instance,f_classif_top25
0,0.4286507240933184,0.6,0.3804755944931164,0.6190476190476191,0.46555685184538087,0.0,0.49568047799947357,0.9991935483870967,1.0,0.7036003334542976,0.8841432305836547,0.995600740340502,-0.18154867161342483,instance,f_classif_top25
1,0.18479373467590288,0.4,0.2713178294573644,0.5238095238095238,0.2373930434026824,0.3333333333333333,0.5028795791986636,1.0,1.0,0.6878817553782988,0.8687383671635495,0.9936335029000922,0.7513364578465247,instance,f_classif_top25
1,0.40903548963267833,0.4,0.6195244055068836,0.47619047619047616,0.519751258016058,0.0,0.42583150480459975,0.9982935153583617,1.0,0.7163299028941579,0.8474224446122085,0.956058142013318,0.8834020696562356,instance,f_classif_top25
1,0.10886901047084108,0.2,0.1504424778761062,0.7142857142857143,0.3591394386322748,1.0,0.5170202941216979,1.0,1.0,0.7078925240195441,0.8959292592125507,0.999361452547397,1.3645837606486908,instance,f_classif_top25
1,0.32570215629934507,0.2,0.1504424778761062,0.5714285714285714,0.22395395366704868,0.0,0.46241982353483524,0.9988623435722411,1.0,0.6747329365297635,0.8839015761061277,0.990382552416111,1.5469485731615096,instance,f_classif_top25
1,0.29286682373207673,0.4,0.21656050955414008,0.6190476190476191,0.3434191634249487,0.6666666666666666,0.5880199786616433,1.0,1.0,0.7144176130631313,0.8847745842671446,0.9927300480470156,0.8059098639327539,instance,f_classif_top25
1,0.4208521539809883,0.4,0.2713178294573644,0.38095238095238093,0.5807527544242271,0.5,0.531110181577455,1.0,1.0,0.7110963388686345,0.8822967537879082,0.9985767803607761,-0.4832778067891368,instance,f_classif_top25
1,0.6047503547503548,0.4,0.6195244055068836,0.8095238095238095,0.580785048840232,0.0,0.4697071556761143,0.9982935153583617,1.0,0.69530767442839,0.9054349204510674,0.9983946913690634,0.01513494514459314,instance,f_classif_top25
1,0.45570657412762683,0.4,0.6195244055068836,0.9047619047619048,0.5716987113356534,0.0,0.4675188253978021,0.9994311717861206,1.0,0.6943987350520449,0.8807905985078355,0.9817890840880598,0.8689329947663874,instance,f_classif_top25
1,0.34570984570984564,0.6,0.5482758620689655,0.6190476190476191,0.3124203208063113,0.0,0.491642717791135,0.9994311717861206,1.0,0.7047983728328853,0.9074829073761126,0.9985286229177507,0.7834248062614328,instance,f_classif_top25
1,0.3923688229660117,0.2,0.28735632183908044,0.23809523809523808,0.3235500845387017,0.0,0.46185694687751366,0.9977246871444824,1.0,0.7117187348746633,0.8747581397500906,0.9924751846954043,0.44685368845740964,instance,f_classif_top25
1,0.16842105263157892,0.0,0.1504424778761062,0.42857142857142855,0.22146037429577514,0.0,0.45631581070886296,0.9943117178612059,1.0,0.7356146077919574,0.8749680375021304,0.9994103221342328,1.8461914270770599,instance,f_classif_top25
1,0.2514229720518064,0.0,0.6195244055068836,0.6190476190476191,0.4944826334069695,0.0,0.44496651786755315,0.9954493742889647,1.0,0.7000961786347232,0.8814755210492718,0.9766767905536047,0.37307546715788636,instance,f_classif_top25
1,0.504682609240015,0.4,0.21212121212121215,0.42857142857142855,0.38160152131599767,1.0,0.5016018361350275,1.0,1.0,0.6927979989076594,0.9040831677131372,0.9951989993226769,1.7321871319826327,instance,f_classif_top25
0,0.6962521470996048,1.0,0.7286821705426356,0.5238095238095238,0.6998520721523818,1.0,0.5587787854307378,1.0,1.0,0.6857392636091143,0.8589695746656428,0.9705438120181773,-0.7133828886697077,instance,f_classif_top25
1,0.16442456602639677,0.0,0.5549738219895288,0.38095238095238093,0.36226991294072164,0.0,0.4387006433048388,0.9937428896473265,1.0,0.7129136018876959,0.900572383104492,0.9995058600978338,1.1779153924536387,instance,f_classif_top25
0,0.7511968237587433,0.6,0.7286821705426356,0.5238095238095238,0.7273414185611647,0.5,0.5104784463164873,1.0,1.0,0.7118114574447951,0.8603171246747082,0.991563719021116,-1.1391380697316547,instance,f_classif_top25
1,0.10781499202551836,0.2,0.21656050955414008,0.8095238095238095,0.21831077514340386,0.0,0.43969722512944065,0.9977246871444824,1.0,0.7000720893855169,0.8923953121297887,0.9877537229424577,0.6150413737515956,instance,f_classif_top25
1,0.06666666666666676,0.2,0.4642857142857143,0.38095238095238093,0.21224211589388692,0.0,0.48021526810395754,0.9988623435722411,0.96,0.6654863566147194,0.8842047998326763,0.9927495828693473,2.053459156925119,instance,f_classif_top25
1,0.526621384750219,0.8,0.5482758620689655,0.6190476190476191,0.42089990869594607,1.0,0.5110936125602432,1.0,1.0,0.7642022638990511,0.8665414899430633,0.9821833766762855,0.01936944842891209,instance,f_classif_top25
1,0.2976872468397892,0.4,0.2713178294573644,0.5238095238095238,0.4917567610283867,0.5,0.47595150316928736,0.9994311717861206,1.0,0.7144144230537239,0.8809384932852202,0.9951680670643495,0.14012056961438546,instance,f_classif_top25
1,0.1187558356676005,0.0,0.2713178294573644,0.5714285714285714,0.21326396271519987,0.0,0.4503830309803327,0.9948805460750854,1.0,0.7016523387664799,0.8324446378304813,0.9936532519360903,3.352660627300807,instance,f_classif_top25
1,0.3400308247725623,0.2,0.1504424778761062,0.42857142857142855,0.2790951267583093,0.5,0.5633086638146274,1.0,1.0,0.6977203235551748,0.8994080084432113,0.9983446729385439,1.6848324878579604,instance,f_classif_top25
0,0.49531739075998493,0.4,0.8495575221238938,0.6666666666666666,0.7509320338753963,1.0,0.5106566185588076,1.0,1.0,0.7609833873034244,0.9022678476780132,0.9979886842054896,-1.4018127943385819,instance,f_classif_top25
1,0.5551288130235499,0.4,0.5482758620689655,0.6190476190476191,0.31245367916913735,0.0,0.49747742280492113,0.9994311717861206,1.0,0.7131999097998136,0.8870927858220746,0.9864260518743337,0.8604421874842579,instance,f_classif_top25
1,0.12132352941176483,0.0,0.1504424778761062,0.42857142857142855,0.2157859015428122,0.0,0.43686497985457107,0.9943117178612059,1.0,0.709650501580948,0.8805665975718406,0.9997842901044565,3.0364018130745336,instance,f_classif_top25
1,0.24976257626338205,0.2,0.21656050955414008,0.8095238095238095,0.2802879794946319,0.3333333333333333,0.4544297264462991,0.9994311717861206,1.0,0.7041115513547658,0.9140623604120021,0.998991702177822,1.5681781727148478,instance,f_classif_top25
1,0.4998094248094248,0.0,0.1504424778761062,0.42857142857142855,0.21887764382892172,0.0,0.47263584534413094,0.9965870307167235,1.0,0.7087387208123439,0.8663375961849531,0.9945542226277131,3.1418824746077885,instance,f_classif_top25
1,0.1792275277182398,0.2,0.1504424778761062,0.42857142857142855,0.2538463980024286,0.2,0.4667798055222536,0.9988623435722411,1.0,0.6994671655377745,0.8990757886914065,0.9988312887166483,1.8474155526853175,instance,f_classif_top25
1,0.4664361995650338,1.0,0.6195244055068836,0.5238095238095238,0.603429547545277,1.0,0.5365614055709345,1.0,1.0,0.7011582665002972,0.8710833657291118,0.9921825215125882,-0.8071140782080516,instance,f_classif_top25
1,0.32765087753304556,0.4,0.1504424778761062,0.5714285714285714,0.22458357116933142,0.4,0.5340804423885037,1.0,1.0,0.7105915801517702,0.8679412948000289,0.9921885058924258,1.542001171941033,instance,f_classif_top25
1,0.3905358752776129,0.4,0.6195244055068836,0.6666666666666666,0.6110320726520335,0.0,0.49095947179557275,0.9994311717861206,1.0,0.7002588088896817,0.8828223073775959,0.9981641847134254,-0.8377998438626418,instance,f_classif_top25
1,0.2847002338527762,0.2,0.1504424778761062,0.42857142857142855,0.5169041316271737,0.0,0.4752254173877054,0.9977246871444824,1.0,0.7363476545203425,0.8983967634209074,0.9946755389820944,1.6568964556728942,instance,f_classif_top25
0,0.37868164555281114,0.2,0.8495575221238938,0.47619047619047616,0.43731173631964926,0.0,0.46887446020637147,0.9967741935483871,1.0,0.7115977356986873,0.9061210943473748,0.9943393878588468,-0.0341143354927341,instance,f_classif_top25
1,0.11111111111111116,0.2,0.4642857142857143,0.38095238095238093,0.2126217092135319,0.0,0.47805628464842975,0.9977246871444824,0.88,0.6623564015178964,0.8209555852298844,0.9934561265663958,2.9287422903064737,instance,f_classif_top25
0,0.5539085691668315,0.6,0.7834394904458599,0.5714285714285714,0.7601286422215336,1.0,0.5445742398893116,1.0,1.0,0.6722665392065376,0.8787694524717996,0.9906616659415945,-0.8989546391979734,instance,f_classif_top25
1,0.16498251347322557,0.0,0.21656050955414008,0.38095238095238093,0.23278190926734255,0.0,0.4572364239026201,0.9954493742889647,1.0,0.7138459847002755,0.882053519166551,0.9856131931668377,1.6822998929497377,instance,f_classif_top25
1,0.439102564102564,1.0,0.6195244055068836,0.8095238095238095,0.6112710335557057,1.0,0.5265166966587602,1.0,1.0,0.7062548454924924,0.8615362950095675,0.9932347079851804,0.5687684947890516,instance,f_classif_top25
1,0.3942801149089492,0.2,0.4642857142857143,0.42857142857142855,0.21532179053434508,0.5,0.5200916804112673,1.0,0.96,0.6605557986395638,0.8678001190385014,0.9944151569678472,1.423197186153836,instance,f_classif_top25
1,0.439102564102564,0.0,0.28735632183908044,0.47619047619047616,0.4605518096411041,0.0,0.4356714461526433,0.9948805460750854,1.0,0.7557431868742865,0.8423369624233515,0.9817268946666634,1.7274716158077368,instance,f_classif_top25
1,0.2987745098039216,0.2,0.1504424778761062,0.6666666666666666,0.4086822412859953,0.0,0.4804767575658485,0.9994311717861206,1.0,0.7018075309263228,0.9144822596386781,0.994040877430791,1.452199973787209,instance,f_classif_top25
1,0.2524080789088847,0.6,0.4642857142857143,0.8095238095238095,0.30360603385216833,0.0,0.49632034882907017,0.9994311717861206,1.0,0.7121142843562235,0.8637300596020683,0.9946660290011743,0.9863008278233614,instance,f_classif_top25
0,0.7023127531602107,0.4,0.7286821705426356,0.38095238095238093,0.44979429301541185,0.0,0.49982052026588897,0.9991935483870967,1.0,0.714750837616541,0.8706071302232159,0.9913322388893032,0.08928542983440355,instance,f_classif_top25
1,0.31166733816814407,0.2,0.5482758620689655,0.5238095238095238,0.260873610107461,0.0,0.45597627499981064,0.9982935153583617,1.0,0.7327878913140755,0.858336084335908,0.963027941435889,1.8465109611304513,instance,f_classif_top25
1,0.18766339869281046,0.4,0.4642857142857143,0.38095238095238093,0.2732740664207366,0.3333333333333333,0.49141829188614117,0.9994311717861206,1.0,0.697278510281146,0.8887098713520956,0.9989460287977292,2.142628845191734,instance,f_classif_top25
1,0.16894257703081228,0.2,0.1504424778761062,0.7142857142857143,0.31357351881992673,0.4,0.5002516810581434,1.0,1.0,0.7193264586771082,0.8948115526763972,0.998774557355818,1.7749809088444521,instance,f_classif_top25
1,0.23905658754729975,0.2,0.21656050955414008,0.38095238095238093,0.2294409715774549,0.5,0.554834057287581,1.0,1.0,0.680094345197684,0.8346132124718038,0.965577628177448,2.7919401285112606,instance,f_classif_top25
1,0.4091971423259766,0.4,0.2713178294573644,0.5714285714285714,0.4759958557082502,0.3333333333333333,0.4837146845358382,0.9988623435722411,1.0,0.7138199085506468,0.8843650393048519,0.9972233907560497,-0.09399437356735438,instance,f_classif_top25
1,0.309727794469532,0.4,0.21656050955414008,0.6190476190476191,0.260156710866695,0.5,0.4954946286334869,0.9994311717861206,1.0,0.7334117561042287,0.8906483740170436,0.9984641640233276,1.2642683517750457,instance,f_classif_top25
1,0.24976257626338205,0.0,0.1504424778761062,0.7142857142857143,0.22021693530985498,0.0,0.3961427387408729,0.9891922639362912,1.0,0.728016600736886,0.8683292630625278,0.9823828074940228,2.5513937767898707,instance,f_classif_top25
1,0.6034799340771229,0.6,0.28735632183908044,0.2857142857142857,0.4079239918885612,0.0,0.4742842064877606,0.9994311717861206,1.0,0.689247962480783,0.8583111203058474,0.9611972954794613,0.8281257703633595,instance,f_classif_top25
1,0.3481922973448398,0.6,0.6195244055068836,0.5238095238095238,0.5482954354209295,0.0,0.49426770776412443,0.9994311717861206,1.0,0.6713599704457742,0.8671805062605326,0.9923756592328407,1.4349521772273233,instance,f_classif_top25
1,0.4208521539809883,0.0,0.2713178294573644,0.5714285714285714,0.5276615033225672,0.5,0.4514661953361584,0.9965870307167235,1.0,0.7049811268865537,0.8875033860911556,0.9997158911671868,0.09664394896556827,instance,f_classif_top25
1,0.5451802583381531,0.6,0.6195244055068836,0.47619047619047616,0.3761524629928984,0.0,0.47707025195126285,0.9994311717861206,1.0,0.690640303695206,0.8926358036147849,0.9773503156651862,-0.07697391409299693,instance,f_classif_top25
1,0.5378233684205571,0.4,0.6195244055068836,0.7142857142857143,0.5389934432111789,1.0,0.5030506820710385,1.0,1.0,0.7263840952223882,0.8608474904777127,0.9983255096780522,-0.11903415462640035,instance,f_classif_top25
1,0.5867196198484541,0.6,0.6195244055068836,0.6666666666666666,0.6046938847193558,0.6666666666666666,0.4789545167223773,0.9994311717861206,1.0,0.6859114434499888,0.8837741966473408,0.9794435952663811,0.4133326718336839,instance,f_classif_top25
1,0.17833400483481066,0.0,0.1504424778761062,0.42857142857142855,0.22164576110243706,0.0,0.44020423740283277,0.9931740614334471,1.0,0.7505554162635626,0.9007094255984527,0.9990228913906657,2.6738246781347588,instance,f_classif_top25
1,0.46980320293203726,0.4,0.6195244055068836,0.6190476190476191,0.6086937289782451,1.0,0.5176454173073087,1.0,1.0,0.6958221666450949,0.8682411196155065,0.9942791720593982,-0.3514525620432561,instance,f_classif_top25
1,0.386047728387089,0.6,0.1504424778761062,0.5238095238095238,0.3590290109998283,0.5,0.5385410438314633,1.0,1.0,0.7166900083281772,0.8974512516856819,0.9902508776706679,1.7032116481749204,instance,f_classif_top25
1,0.1335886335886336,0.0,0.1504424778761062,0.42857142857142855,0.21449949960588066,0.0,0.47035192481787447,0.997155858930603,1.0,0.76715951024355,0.8952519349739341,0.9963704142334187,3.8815165124916775,instance,f_classif_top25
1,0.10886901047084108,0.2,0.5549738219895288,0.47619047619047616,0.4092064746818734,0.0,0.4706403572056528,0.9977246871444824,1.0,0.7045280101011144,0.9087558403210778,0.9941878831016567,1.1328146351391084,instance,f_classif_top25
1,0.546426579555414,0.6,0.5549738219895288,0.38095238095238093,0.5184678671191838,1.0,0.536974653900943,1.0,1.0,0.6931501788610925,0.9025932910631349,0.9896407325432314,0.7916656305202281,instance,f_classif_top25
1,0.19574420677361848,0.0,0.1504424778761062,0.6666666666666666,0.2137611459185086,0.0,0.46423586533930594,0.997155858930603,1.0,0.7425736177867075,0.8724566748028725,0.977336298039934,3.2466250584665604,instance,f_classif_top25
1,0.1516265597147951,0.0,0.1504424778761062,0.42857142857142855,0.23738925930145316,0.0,0.3550527968643067,0.9891922639362912,1.0,0.702507297904405,0.8979685763506424,0.9982075899313502,2.395960630683757,instance,f_classif_top25
1,0.1516265597147951,0.4,0.21212121212121215,0.38095238095238093,0.2243696719051531,0.0,0.4477143439263418,0.9994311717861206,1.0,0.7173593150565616,0.8880674174163778,0.9877388285549608,3.158942298803414,instance,f_classif_top25
0,0.8120098039215686,1.0,0.7286821705426356,0.6190476190476191,0.7776428467459251,1.0,0.5564330004380706,1.0,1.0,0.7178480992262088,0.8641650342255,0.9949784848158051,-1.9358095556914643,instance,f_classif_top25
1,0.12132352941176483,0.0,0.1504424778761062,0.6666666666666666,0.21543343902340162,0.0,0.431090624188219,0.9937428896473265,1.0,0.7471379351592046,0.8866320483632754,0.9950744198142776,2.9361645828479115,instance,f_classif_top25
1,0.309727794469532,0.2,0.1504424778761062,0.7142857142857143,0.2498473334474841,0.3333333333333333,0.4890569979025423,0.9982935153583617,1.0,0.6895083744622046,0.8858052637190099,0.9837956932846175,1.1578183710043755,instance,f_classif_top25
1,0.3320563431138702,0.6,0.6195244055068836,0.5714285714285714,0.3928055016329399,1.0,0.5128375290774967,1.0,1.0,0.7056957375751423,0.8891276761874595,0.9905204038989267,1.3148230414865436,instance,f_classif_top25
1,0.3514604013425695,0.6,0.21656050955414008,0.8095238095238095,0.2363919198197823,1.0,0.521118589643617,1.0,1.0,0.689565430183257,0.8918668936250254,0.9958987257965198,0.6056735615502746,instance,f_classif_top25
1,0.36452514765398203,0.6,0.28735632183908044,0.47619047619047616,0.5508661343562217,0.5,0.5095239902922668,1.0,1.0,0.7024578470450562,0.892330636880401,0.9966282856923672,-0.15914438510431705,instance,f_classif_top25
1,0.675,0.6,0.6195244055068836,0.6666666666666666,0.31341907225735444,0.0,0.4908031629398314,0.9994311717861206,1.0,0.6825631181046383,0.8594814421286638,0.985070695362859,0.7189342827814235,instance,f_classif_top25
0,0.4548197416618469,0.6,0.3804755944931164,0.3333333333333333,0.4190729545440143,1.0,0.5753753773840997,1.0,1.0,0.6761744598094312,0.8453149435125492,0.97715237294824,0.6610457203925236,instance,f_classif_top25
1,0.17472910216718274,0.0,0.2713178294573644,0.5238095238095238,0.21443918554100289,0.2,0.424773050149005,0.9937428896473265,0.96,0.6651959078053572,0.8235860316619278,0.966499085366736,2.745872445024848,instance,f_classif_top25
1,0.25976136075145984,0.0,0.2713178294573644,0.42857142857142855,0.38168158674786623,0.0,0.4740231793025511,0.9965870307167235,1.0,0.7566929326210782,0.8928623834434687,0.9763750742973193,0.9646306578839821,instance,f_classif_top25
1,0.11599531116794548,0.2,0.21212121212121215,0.42857142857142855,0.2351240775858897,0.0,0.4148951831006711,0.9988623435722411,1.0,0.694673873843954,0.8725361293009785,0.9940616355077434,1.4244144635490161,instance,f_classif_top25
1,0.14590604750787828,0.0,0.21212121212121215,0.38095238095238093,0.2122507206176093,0.0,0.45214647989382983,0.9943117178612059,1.0,0.7138392734319449,0.8709853197594221,0.9983169422101619,2.5288188313796267,instance,f_classif_top25
0,0.7475919210911153,0.6,0.5357142857142857,0.5238095238095238,0.648444475613079,0.5,0.5378471144351779,1.0,1.0,0.7082197842946222,0.896163905558831,0.992961604546701,-1.0566807604769477,instance,f_classif_top25
1,0.2514229720518064,0.2,0.21212121212121215,0.42857142857142855,0.2257110519260112,0.5,0.4642953925388036,0.9994311717861206,0.96,0.6622574987160338,0.8383215943676542,0.9992441407122586,0.5933417369056765,instance,f_classif_top25
1,0.12794547643618837,0.0,0.4642857142857143,0.38095238095238093,0.2332117438702065,0.0,0.45411591255530026,0.9965870307167235,1.0,0.744961350546695,0.8743594523021148,0.9806825747380595,1.9083617954523233,instance,f_classif_top25
1,0.2112334064060407,0.4,0.1504424778761062,0.5238095238095238,0.230605592750182,0.5,0.49695646758196965,0.9994311717861206,1.0,0.7187492959009665,0.8876153134840916,0.9997981285805632,1.63746916521918,instance,f_classif_top25
1,0.2514229720518064,0.2,0.28735632183908044,0.47619047619047616,0.24019695656753104,0.0,0.35748487305666843,0.9988623435722411,1.0,0.6971249355304847,0.8739205131905424,0.992342172560271,1.4072773013635627,instance,f_classif_top25
1,0.6255311355311355,0.8,0.6195244055068836,0.5238095238095238,0.6198718533146016,1.0,0.5465296993482355,1.0,1.0,0.686230111638331,0.8523233239853206,0.9823941850905051,-1.269514353492358,instance,f_classif_top25
1,0.23232323232323238,0.2,0.1504424778761062,0.42857142857142855,0.2122527013929873,0.0,0.4623125769038695,0.9982935153583617,1.0,0.7838002034246824,0.891016939623242,0.9844697384558125,4.74938132911127,instance,f_classif_top25
1,0.2514229720518064,0.2,0.28735632183908044,0.23809523809523808,0.23785003759432988,0.0,0.480883171488138,0.9994311717861206,1.0,0.6776723975077867,0.8375812209988354,0.9736725136130455,-0.3133720497370299,instance,f_classif_top25
1,0.3037478529003953,0.2,0.21656050955414008,0.38095238095238093,0.23969422598785067,0.5,0.529750045203204,1.0,1.0,0.7099310443796162,0.84068363633424,0.9876340589000275,1.3399779726852479,instance,f_classif_top25
0,0.24483923483923486,0.2,0.3804755944931164,0.6190476190476191,0.38277679974781076,0.0,0.4974571318125929,0.9991935483870967,1.0,0.6936549954730664,0.8402964850497971,0.995387743262503,0.5135472048350698,instance,f_classif_top25
1,0.0,0.0,0.1504424778761062,0.42857142857142855,0.21205721582708364,0.0,0.4323803336761497,0.9891922639362912,0.96,0.49633396691869197,0.8419499169415883,0.9663808507407351,4.332104601994334,instance,f_classif_top25
1,0.5378233684205571,1.0,0.28735632183908044,0.2857142857142857,0.5416495317911834,1.0,0.5404753209493682,1.0,1.0,0.6998912696340145,0.8752590026752081,0.9819660126569721,0.42032194611121815,instance,f_classif_top25
1,0.49777523090406517,0.6,0.1504424778761062,0.42857142857142855,0.4127775422250376,0.5,0.5219008967144019,1.0,1.0,0.7189685254309761,0.9293439359395643,0.9929468164418913,1.06746551524345,instance,f_classif_top25
1,0.40063688537862296,0.4,0.21656050955414008,0.5238095238095238,0.23900089895753085,0.5,0.46058425048997054,0.9994311717861206,1.0,0.7257046426488325,0.8770584843865222,0.9780535395996344,1.7074888677467464,instance,f_classif_top25
1,0.16337054758107394,0.2,0.21212121212121215,0.38095238095238093,0.21559765734835423,0.0,0.47208969413766677,0.9977246871444824,1.0,0.7134824998104228,0.8739185903080068,0.992114119590758,2.16175438033505,instance,f_classif_top25
1,0.23753913852923747,0.4,0.2713178294573644,0.5714285714285714,0.33333523494115047,0.3333333333333333,0.4987139287452049,0.9994311717861206,1.0,0.7590222607032338,0.8924477149990392,0.9994116674606941,1.0749994831961038,instance,f_classif_top25
1,0.31358932461873634,0.2,0.5549738219895288,0.47619047619047616,0.39649977642481515,0.0,0.4291785581806027,0.9982935153583617,1.0,0.6926166741050062,0.9073272446162446,0.9927512608038656,1.2858075181335462,instance,f_classif_top25
1,0.3514604013425695,0.6,0.2713178294573644,0.5714285714285714,0.3920553282319289,0.8333333333333334,0.528832052477866,1.0,1.0,0.7076222136847061,0.8885064293405732,0.9975965966157633,0.6572697429591623,instance,f_classif_top25
1,0.21306022408963587,0.4,0.21656050955414008,0.6190476190476191,0.23811063607433747,0.3333333333333333,0.5106336534937422,1.0,1.0,0.691070680178614,0.8886123306841022,0.9919635767326791,2.1239955206169765,instance,f_classif_top25
1,0.4225681725681726,0.6,0.28735632183908044,0.5238095238095238,0.45299293768704707,0.5,0.4415933292193063,0.9994311717861206,1.0,0.678208771221588,0.8470947419444008,0.980493273604776,0.6627237328230593,instance,f_classif_top25
1,0.40063688537862296,0.8,0.4642857142857143,0.5714285714285714,0.3289478660923453,1.0,0.519560682937354,1.0,1.0,0.6964482347983331,0.8920821454321477,0.9857675149157753,0.42129165670724716,instance,f_classif_top25
1,0.16637488328664796,0.4,0.1504424778761062,0.42857142857142855,0.24468140303570396,0.5,0.4897666994182114,0.9994311717861206,1.0,0.6904811218635151,0.8565508889179054,0.9832931094828432,2.7107524549537656,instance,f_classif_top25
1,0.2735721000729058,0.2,0.21656050955414008,0.8095238095238095,0.23083742503869703,0.0,0.4696807200318337,0.9977246871444824,1.0,0.726797711285318,0.8875324349852889,0.9990441550810163,0.8310139964224487,instance,f_classif_top25
1,0.6265573844521213,0.8,0.5482758620689655,0.38095238095238093,0.2723356152115387,0.6666666666666666,0.5347913080195699,1.0,1.0,0.7091094218436911,0.8602778622263664,0.994439280776133,0.9537838184092648,instance,f_classif_top25
1,0.1335886335886336,0.2,0.21656050955414008,0.6190476190476191,0.4343982659520462,0.0,0.47489660539692535,0.9988623435722411,1.0,0.7053624891279264,0.9115997969515608,0.9969639479358281,1.8763145009220936,instance,f_classif_top25
1,0.2971956535883922,0.8,0.6195244055068836,0.6190476190476191,0.6084159625443822,0.6666666666666666,0.4743970113412289,0.9994311717861206,1.0,0.6958468839709988,0.8900499803675266,0.9935071522734109,-0.7582625510452359,instance,f_classif_top25
1,0.11599531116794548,0.0,0.21212121212121215,0.38095238095238093,0.3467508058756533,0.0,0.46968774327875973,0.9948805460750854,1.0,0.7047849403848324,0.9073200088077958,0.9981667690727879,0.6738599934665858,instance,f_classif_top25
1,0.429460212589047,0.6,0.28735632183908044,0.47619047619047616,0.5530518521528073,0.6666666666666666,0.5240346556045683,1.0,1.0,0.6978827598014666,0.8706076522703724,0.9935638430525741,0.27257563873855045,instance,f_classif_top25
1,0.40162138475021913,0.4,0.5482758620689655,0.6190476190476191,0.4845652604251107,0.0,0.484626287455332,0.9988623435722411,1.0,0.7454629784119692,0.9046127662038721,0.9994569746296689,0.3030804717138086,instance,f_classif_top25
1,0.6282282282282283,0.4,0.1504424778761062,0.42857142857142855,0.2223801051714301,1.0,0.5362682928908877,1.0,1.0,0.7151224414203,0.8595758195619027,0.9836156427765035,2.8311628592313527,instance,f_classif_top25
1,0.18354978354978346,0.8,0.6195244055068836,0.7619047619047619,0.6026702325515468,0.5,0.4939147602336126,0.9994311717861206,1.0,0.7063298587921063,0.8567513374517169,0.999862954894005,1.0673558460616923,instance,f_classif_top25
1,0.1187558356676005,0.4,0.2713178294573644,0.5714285714285714,0.2272242760033606,0.0,0.4707298981642326,0.9994311717861206,1.0,0.7338491884712158,0.8572079383433059,0.993918202169859,1.9314602718471823,instance,f_classif_top25
0,0.7010101010101011,1.0,0.8495575221238938,0.38095238095238093,0.7878867604870963,1.0,0.6172116030919195,1.0,1.0,0.7013201067106892,0.8219873185884967,0.9800960339006315,-4.4110861356607955,instance,f_classif_top25
1,0.1335886335886336,0.0,0.1504424778761062,0.42857142857142855,0.24887018188950455,0.0,0.45629095838485334,0.9937428896473265,1.0,0.7037388716474285,0.8881383081752884,0.9951750541474288,3.0146657727020356,instance,f_classif_top25
1,0.18766339869281046,0.2,0.4642857142857143,0.7142857142857143,0.234784714737709,0.0,0.47789944420062824,0.9994311717861206,1.0,0.7094164435305894,0.8744309817448648,0.9935469484243198,2.110201786620433,instance,f_classif_top25
1,0.1792275277182398,0.6,0.21656050955414008,0.5238095238095238,0.23489665435232254,1.0,0.5034957677162109,1.0,0.96,0.6573355456438424,0.8409922742924542,0.976747958173869,2.3927032657732914,instance,f_classif_top25
1,0.24976257626338205,0.0,0.1504424778761062,0.6666666666666666,0.2994859786278251,0.2,0.41259978788878293,0.9965870307167235,1.0,0.7121008423595296,0.9084909377887825,0.9883055924581208,1.3707608909967985,instance,f_classif_top25
1,0.30333400483481066,0.4,0.4642857142857143,0.42857142857142855,0.25934697163465714,0.0,0.44285793678352714,0.9988623435722411,1.0,0.71807218508652,0.9042045521357752,0.9989253919072865,0.8526173306216104,instance,f_classif_top25
1,0.4998094248094248,0.0,0.1504424778761062,0.42857142857142855,0.23441781055861977,0.5,0.47751201341119576,0.9960182025028441,1.0,0.7192149770647002,0.8739377075299725,0.9881936938589772,2.770934702743105,instance,f_classif_top25
1,0.24976257626338205,0.2,0.1504424778761062,0.6666666666666666,0.2722577632707933,0.5,0.49678091448204487,0.9994311717861206,1.0,0.7110582933783847,0.8992590487213122,0.9866152631909999,0.7791813692206992,instance,f_classif_top25
1,0.2641806722689074,0.4,0.1504424778761062,0.42857142857142855,0.23607173446700774,0.0,0.4836670680766063,0.9988623435722411,1.0,0.7166090201001557,0.898637221481074,0.9797585931841304,3.160048587442321,instance,f_classif_top25
1,0.12132352941176483,0.0,0.21212121212121215,0.38095238095238093,0.22195304105641028,0.0,0.4552968470999329,0.997155858930603,1.0,0.7193380914706042,0.9008634233169619,0.9954639310656256,2.8088375257601963,instance,f_classif_top25
1,0.16894257703081228,0.4,0.1504424778761062,0.42857142857142855,0.22273553298705712,0.0,0.3877613351619795,0.9982935153583617,1.0,0.7142072986115399,0.8710547840859963,0.9850551160365907,2.952603403813537,instance,f_classif_top25
1,0.17833400483481066,0.0,0.21656050955414008,0.5714285714285714,0.22956345181355509,0.0,0.4107345812856057,0.9965870307167235,1.0,0.7327621477071528,0.8964682050682689,0.9931127686113772,1.9447091213388465,instance,f_classif_top25
1,0.17833400483481066,0.0,0.28735632183908044,0.47619047619047616,0.21449608643422352,0.0,0.4646296960576084,0.9954493742889647,1.0,0.7092694267673286,0.8714568580112573,0.9939356338636673,2.3903721985727313,instance,f_classif_top25
1,0.1792275277182398,0.6,0.4642857142857143,0.38095238095238093,0.2247620371944989,0.0,0.45656891424479484,0.9988623435722411,1.0,0.7078259370926697,0.8726278834598091,0.9983828013756999,2.1018294599529406,instance,f_classif_top25
1,0.18479373467590288,0.4,0.2713178294573644,0.5238095238095238,0.23500108922733565,1.0,0.5024257536306322,1.0,1.0,0.7098046319136897,0.8426048583627233,0.9952976334330278,0.22364936172192734,instance,f_classif_top25
1,0.42228190702364454,0.4,0.6195244055068836,0.5238095238095238,0.5072075520994759,0.3333333333333333,0.48848236838445436,0.9994311717861206,1.0,0.6902621701436374,0.9046406612090139,0.9905943822042436,-0.012363406749109405,instance,f_classif_top25
1,0.5842221173509516,0.2,0.28735632183908044,0.47619047619047616,0.6037545939315793,0.4,0.48744654621309524,0.9994311717861206,1.0,0.6812339621071071,0.8616139822253173,0.9945020733751668,-0.3260054690056174,instance,f_classif_top25
1,0.12132352941176483,0.0,0.1504424778761062,0.42857142857142855,0.2142360625143095,0.5,0.46254269583760654,0.9960182025028441,1.0,0.7317620017764813,0.8773042078795612,0.9898683702437812,2.128915308779066,instance,f_classif_top25
1,0.1654411764705882,0.0,0.4642857142857143,0.7619047619047619,0.2653351884859124,0.0,0.475858949672342,0.997155858930603,1.0,0.6962494102417954,0.8801995275125749,0.9901459114128687,1.4259133141535776,instance,f_classif_top25
1,0.3037478529003953,0.0,0.1504424778761062,0.6666666666666666,0.4523138943322621,0.0,0.46281005284285137,0.9965870307167235,1.0,0.7130090371914177,0.906448362251969,0.9957309522693882,1.1066721632061585,instance,f_classif_top25
1,0.17472910216718274,0.0,0.21656050955414008,0.6666666666666666,0.2123903525043609,0.0,0.44148706812244365,0.9931740614334471,1.0,0.6822041304729698,0.8357643390506513,0.9916978322181775,4.3521328410449165,instance,f_classif_top25
1,0.4645910451882339,0.2,0.5482758620689655,0.38095238095238093,0.27431515478036383,0.0,0.48367682620108643,0.9994311717861206,1.0,0.7430828611720097,0.8816880442354202,0.9923042616020301,0.7121651183288172,instance,f_classif_top25
1,0.12794547643618837,0.2,0.21656050955414008,0.8095238095238095,0.21317560133197083,0.0,0.43014505663113534,0.9977246871444824,1.0,0.7113012633215727,0.857362048772319,0.9662820612936627,3.1295192500658167,instance,f_classif_top25
1,0.4379046629046629,0.4,0.21656050955414008,0.6190476190476191,0.29129049412125274,0.0,0.46803680838680306,0.9994311717861206,1.0,0.708275895844433,0.8966655431393548,0.994600885671031,1.4287241504529593,instance,f_classif_top25
1,0.2854594163246693,0.2,0.5482758620689655,0.6190476190476191,0.21531452684259078,1.0,0.5007316632998943,1.0,1.0,0.7754046879476975,0.896746807184736,0.9949746024578916,2.866995230703168,instance,f_classif_top25
1,0.4574414905703249,0.2,0.6195244055068836,0.5238095238095238,0.47321051655573465,0.0,0.4131294932266061,0.9977246871444824,1.0,0.6912043664178402,0.8959443527436092,0.994809450936038,1.132060782858195,instance,f_classif_top25
1,0.41104772838708914,0.0,0.2713178294573644,0.5714285714285714,0.4855109853738109,0.0,0.4528770320713744,0.997155858930603,1.0,0.698616250167268,0.8767528292991033,0.987566187327198,0.16851668827586183,instance,f_classif_top25
1,0.3097937346759029,0.2,0.2713178294573644,0.5714285714285714,0.3833866848646591,1.0,0.524744597848791,1.0,1.0,0.709357488874428,0.8746093374830564,0.9988399310914019,1.0489661569105166,instance,f_classif_top25
1,0.18799019607843126,0.2,0.2713178294573644,0.5714285714285714,0.22364532416436955,1.0,0.5471074840037837,1.0,1.0,0.7229580152833732,0.8624697633614585,0.9711276447083919,2.3773418025732957,instance,f_classif_top25
0,0.47337861524978087,0.6,0.7286821705426356,0.3333333333333333,0.46116243536633406,0.0,0.4878049135952597,0.9983870967741936,1.0,0.7439133394369739,0.8823254955300225,0.9994867487835809,-0.39362310415239715,instance,f_classif_top25
1,0.179043179043179,0.2,0.21212121212121215,0.42857142857142855,0.3838267248843401,0.0,0.46523208869556865,0.9982935153583617,1.0,0.7678185932618931,0.8866337504379223,0.9874488676163701,1.3970112200875682,instance,f_classif_top25
1,0.3400308247725623,0.4,0.1504424778761062,0.6190476190476191,0.47550080971709063,0.4,0.5279277542489353,1.0,1.0,0.7016213003909513,0.9171275450953235,0.9991011043871335,0.702710812447199,instance,f_classif_top25
1,0.22646040134256962,0.0,0.21656050955414008,0.8095238095238095,0.25541102889541606,0.0,0.44582601317894466,0.9937428896473265,1.0,0.7040733076266744,0.882096287606133,0.9862719575592593,0.9149317998385932,instance,f_classif_top25
1,0.07407407407407407,0.2,0.28735632183908044,0.47619047619047616,0.2186509805967849,0.0,0.4535487495122805,0.9977246871444824,1.0,0.7022631210845571,0.8915058478751965,0.9913550249442195,1.8528887997495411,instance,f_classif_top25
1,0.5967954796902166,0.4,0.5482758620689655,0.5238095238095238,0.3613041323536227,0.5,0.5338356943369174,1.0,1.0,0.6938350618290983,0.871250258300428,0.9839142981546903,0.4994485057004893,instance,f_classif_top25
1,0.31358932461873634,0.4,0.21656050955414008,0.8095238095238095,0.2799169559907355,0.3333333333333333,0.5121472712977924,1.0,1.0,0.6818950242504687,0.8961500453207624,0.9953587343656639,1.1326477761197868,instance,f_classif_top25
1,0.3849547180835523,0.6,0.1504424778761062,0.6666666666666666,0.4354252159220168,0.6666666666666666,0.5261955498030051,1.0,1.0,0.6974704162739762,0.9102999722883297,0.9986560185554584,0.7141786835789172,instance,f_classif_top25
1,0.25635026737967914,0.4,0.21656050955414008,0.8095238095238095,0.22661089553693048,1.0,0.5024875444286003,1.0,1.0,0.6935968117566225,0.8641737535994071,0.9934529790264257,1.4657405916024224,instance,f_classif_top25
1,0.2514229720518064,0.2,0.21212121212121215,0.42857142857142855,0.2122807332768834,0.0,0.45191488467594887,0.9994311717861206,0.96,0.6506735599066574,0.8571156622842211,0.9926699263087645,1.954197093615046,instance,f_classif_top25
1,0.3514604013425695,0.6,0.2713178294573644,0.5238095238095238,0.44120428698389336,0.0,0.4917823920853881,0.9994311717861206,1.0,0.7054881684224714,0.860881567826588,0.9938420504122496,0.32560667864168363,instance,f_classif_top25
1,0.40063688537862296,0.4,0.21656050955414008,0.6190476190476191,0.2274902156822446,0.0,0.4848495824531588,0.9994311717861206,1.0,0.740116665591686,0.8915751314710437,0.9945504812413993,1.3579993199970275,instance,f_classif_top25
1,0.309727794469532,0.6,0.21656050955414008,0.8095238095238095,0.394255566370314,1.0,0.522983022870041,1.0,1.0,0.7141600489654266,0.8982171068425283,0.9996144899540701,0.7277442815315688,instance,f_classif_top25
1,0.5726726726726727,0.6,0.4642857142857143,0.7619047619047619,0.2827312002479182,0.6666666666666666,0.48702471851310336,0.9994311717861206,1.0,0.7194008463217174,0.8731118299661728,0.9990543175074271,1.3203731869294655,instance,f_classif_top25
1,0.36452514765398203,0.4,0.28735632183908044,0.38095238095238093,0.6107350223502976,0.3333333333333333,0.47938228460016785,0.9988623435722411,1.0,0.6875198283473609,0.8616657962866165,0.9854909268264015,-1.436636164427521,instance,f_classif_top25
1,0.3849547180835523,0.2,0.2713178294573644,0.42857142857142855,0.5151133955251411,1.0,0.5072460933385203,1.0,1.0,0.6903579646723081,0.8884061469208381,0.9955190058347728,-0.0769498810682046,instance,f_classif_top25
1,0.5664760914760913,0.4,0.21656050955414008,0.8095238095238095,0.3527824832858325,0.5,0.5075659908142665,1.0,1.0,0.7264015549868754,0.9064714238128153,0.999615389402633,0.5963297851638257,instance,f_classif_top25
1,0.2854594163246693,0.6,0.1504424778761062,0.7142857142857143,0.21751081976943748,1.0,0.5921607185713404,1.0,1.0,0.7585280788480181,0.8848859413646085,0.9966551036944702,2.660521145368363,instance,f_classif_top25
1,0.17472910216718274,0.2,0.21656050955414008,0.6666666666666666,0.21297825936253434,0.5,0.4569787428320403,0.9982935153583617,0.96,0.6643502585026262,0.8234928446271776,0.9956569117667344,2.605600491193036,instance,f_classif_top25
0,0.3916638916638916,0.6,0.3804755944931164,0.6190476190476191,0.40397066459100606,1.0,0.5012388284502716,1.0,1.0,0.7106672541314877,0.8502250884200734,0.9665660814819125,0.6046255385992693,instance,f_classif_top25
1,0.25976136075145984,0.2,0.2713178294573644,0.42857142857142855,0.5700377365924921,0.0,0.4989535023666909,0.9994311717861206,0.92,0.6289086459406391,0.8828820784949393,0.9984212407312472,-0.6399917567833655,instance,f_classif_top25
1,0.31812706800923607,0.4,0.2713178294573644,0.42857142857142855,0.2753478877438299,1.0,0.5071080366938112,1.0,1.0,0.7169697785188117,0.8667451434258996,0.9512646514095564,0.6562444920100331,instance,f_classif_top25
1,0.14590604750787828,0.2,0.1504424778761062,0.42857142857142855,0.2124444587953721,0.5,0.5990199960350295,1.0,1.0,0.6710460518139573,0.8694692244650101,0.9985938710853637,2.1785352329312815,instance,f_classif_top25
1,0.5713492759066816,0.8,0.1504424778761062,0.6666666666666666,0.488509385021029,0.5,0.4073040176418281,0.9994311717861206,1.0,0.7229515250131268,0.9158179066753652,0.9976875908062163,0.6871341545614049,instance,f_classif_top25
1,0.32765087753304556,0.2,0.21656050955414008,0.8095238095238095,0.214270012048979,0.0,0.4939373251196353,0.9994311717861206,1.0,0.682506706076058,0.8439329317260953,0.9941346150760615,0.5859765018422485,instance,f_classif_top25
1,0.2514229720518064,0.0,0.28735632183908044,0.23809523809523808,0.3683399639307474,0.0,0.39596515562883716,0.9960182025028441,1.0,0.6890772950721048,0.8469799378692336,0.9873244946716766,0.10057279369515496,instance,f_classif_top25
1,0.16498251347322557,0.6,0.4642857142857143,0.7142857142857143,0.24827605705438138,0.0,0.48754687674071495,0.9994311717861206,1.0,0.7063639702166559,0.8776079664128353,0.9851662257825634,1.187697049597725,instance,f_classif_top25
1,0.3923688229660117,0.2,0.28735632183908044,0.47619047619047616,0.30003532548198597,0.0,0.42435245082050044,0.9982935153583617,1.0,0.6986535860250042,0.8589891390159217,0.9705726161693107,0.49877345868363854,instance,f_classif_top25
1,0.16894257703081228,0.0,0.21212121212121215,0.38095238095238093,0.2151760875327104,0.0,0.39836031520097503,0.997155858930603,1.0,0.7174538913644316,0.8681366292754384,0.9917147800729342,3.693927780639336,instance,f_classif_top25
1,0.309727794469532,0.0,0.21656050955414008,0.6190476190476191,0.22494956537276806,0.0,0.45297540851313534,0.9943117178612059,1.0,0.7294256963371443,0.8801627009955922,0.993997719902507,2.025997045890093,instance,f_classif_top25
1,0.3320563431138702,0.0,0.21656050955414008,0.6190476190476191,0.42123588220367114,0.0,0.4502655705080627,0.9960182025028441,1.0,0.6912411078748865,0.9089872962431879,0.9975967064393125,1.4796838334495126,instance,f_classif_top25
1,0.25636464263124603,0.4,0.2713178294573644,0.42857142857142855,0.2438498874154229,0.0,0.47184450293257374,0.9994311717861206,1.0,0.7565947472697584,0.8874932436277265,0.9989184074155674,1.476132825519726,instance,f_classif_top25
1,0.36452514765398203,0.0,0.28735632183908044,0.47619047619047616,0.5824225409788154,0.0,0.4699508487129993,0.9960182025028441,1.0,0.6929207925890563,0.8519137327208287,0.989140836302659,-0.5575596677580104,instance,f_classif_top25
1,0.18354978354978346,0.2,0.28735632183908044,0.47619047619047616,0.6013902131654252,0.0,0.4821196530089846,0.9988623435722411,1.0,0.6878408149667963,0.8300601149590808,0.9508834949413781,-0.34657073822850964,instance,f_classif_top25
1,0.30636464263124596,0.2,0.21656050955414008,0.6190476190476191,0.2137155692286382,1.0,0.5051160943120595,1.0,1.0,0.695750728324254,0.9004343749540549,0.9976989445126307,3.066578677600654,instance,f_classif_top25
1,0.16894257703081228,0.0,0.1504424778761062,0.42857142857142855,0.21248235339452515,0.0,0.4059040641095292,0.9903299203640501,1.0,0.7021447568693842,0.8880594281755978,0.9976176053121983,3.913922062499637,instance,f_classif_top25
1,0.34444444444444444,0.2,0.2713178294573644,0.42857142857142855,0.21423133004402484,0.0,0.47998072528603986,0.9982935153583617,1.0,0.7382122244567677,0.8615277703615937,0.9744496159331891,2.1254179433570926,instance,f_classif_top25
1,0.40762989237162994,0.2,0.1504424778761062,0.42857142857142855,0.3735885836672551,0.0,0.45033826330657867,0.9982935153583617,1.0,0.6882761315312101,0.9003892814258319,0.9999040033566575,0.6571312022727075,instance,f_classif_top25
1,0.309727794469532,0.0,0.2713178294573644,0.6190476190476191,0.26266918414541285,0.0,0.43915400381276304,0.9937428896473265,1.0,0.7069282919328634,0.8995500094999344,0.9985011121653276,1.2540642945928155,instance,f_classif_top25
1,0.12132352941176483,0.2,0.1504424778761062,0.7142857142857143,0.2266560478617407,0.0,0.43020822382298707,0.9982935153583617,1.0,0.7414629113042502,0.8758555873557021,0.971944416184601,1.6699613587664868,instance,f_classif_top25
1,0.16498251347322557,0.4,0.21656050955414008,0.38095238095238093,0.21608412373127378,0.0,0.49298019537437676,0.9994311717861206,1.0,0.6884581171357619,0.859837535287641,0.9983897547162213,2.414550317621567,instance,f_classif_top25
1,0.6714170214170214,0.6,0.6195244055068836,0.6666666666666666,0.5963766696549465,0.0,0.4936290817553396,0.9994311717861206,1.0,0.7019404757482421,0.8627184723146705,0.9933875292310461,-0.8091204567792519,instance,f_classif_top25
1,0.0,0.0,0.1504424778761062,0.6666666666666666,0.2120572170935503,0.0,0.4596713078516481,0.9954493742889647,0.96,0.6071137519272338,0.8322243489601822,0.9881738160968842,5.026017208013504,instance,f_classif_top25
1,0.5277777777777779,0.0,0.6195244055068836,0.5714285714285714,0.36057707323487687,0.0,0.4554867797611919,0.9960182025028441,1.0,0.7218181219374218,0.8673134977064956,0.998018648508868,0.8708914672394926,instance,f_classif_top25
1,0.25636464263124603,0.0,0.2713178294573644,0.42857142857142855,0.2984956720498292,0.0,0.46211719024629616,0.9960182025028441,1.0,0.7112020651985452,0.8822421435406433,0.989351880373501,1.728228087913324,instance,f_classif_top25
1,0.5110477283870891,0.4,0.21656050955414008,0.8095238095238095,0.4451239569247867,0.0,0.46842894336808494,0.9994311717861206,1.0,0.7005965780703169,0.8929295960098764,0.9834563074342998,0.29662048829823245,instance,f_classif_top25
1,0.16450216450216448,1.0,0.6195244055068836,0.5238095238095238,0.5342900790085605,1.0,0.5406959397198784,1.0,1.0,0.6821949743775504,0.8767305068288016,0.9990219489908452,0.546029167835858,instance,f_classif_top25
1,0.11599531116794548,0.0,0.21212121212121215,0.38095238095238093,0.28982908259336515,0.0,0.4560361948018786,0.9965870307167235,1.0,0.6888102477816075,0.8847814240890663,0.9931745486045096,2.644525555640374,instance,f_classif_top25
1,0.30333400483481066,0.8,0.5482758620689655,0.5714285714285714,0.37991049114619335,0.3333333333333333,0.5793442898512201,1.0,1.0,0.7125096230071195,0.9075578563689983,0.987161441654637,0.8523332604770031,instance,f_classif_top25
1,0.18766339869281046,0.0,0.1504424778761062,0.42857142857142855,0.23409927028085226,0.0,0.410760773942207,0.9908987485779295,1.0,0.723837931917926,0.8902231087930832,0.9732303964353209,2.4198403806015585,instance,f_classif_top25
1,0.5110477283870891,0.8,0.2713178294573644,0.5714285714285714,0.5728667602033654,1.0,0.509024860036609,1.0,1.0,0.6983156069586356,0.9032672130010597,0.9912252470712518,-0.4800163724702181,instance,f_classif_top25
1,0.5279820261437909,0.2,0.5482758620689655,0.38095238095238093,0.3811560135679154,0.5,0.4441216425046266,0.9994311717861206,1.0,0.7040298543154577,0.8742739137810531,0.9995246533385511,0.9490450484925199,instance,f_classif_top25
1,0.2488031762412568,0.2,0.21656050955414008,0.8095238095238095,0.22381359082871066,0.25,0.3925391189392665,0.9988623435722411,1.0,0.6959476296848298,0.892879381734454,0.9989665410682522,1.3480129572164372,instance,f_classif_top25
1,0.4039779348431879,0.0,0.21656050955414008,0.6190476190476191,0.23157196173342054,0.5,0.448889554715983,0.997155858930603,1.0,0.7376869266490754,0.8968243412646605,0.9904310842230062,2.511411248614524,instance,f_classif_top25
1,0.46980320293203726,0.4,0.6195244055068836,0.6190476190476191,0.5979640262426339,0.3333333333333333,0.48614149253822303,0.9988623435722411,1.0,0.7065019384683485,0.9039123623522919,0.9885326174277098,-0.06421908818934267,instance,f_classif_top25
1,0.42228190702364454,0.4,0.6195244055068836,0.2857142857142857,0.36790985099407236,0.0,0.4897268891818538,0.9994311717861206,1.0,0.693957239383492,0.866490851402159,0.980666356880815,0.29362565142200037,instance,f_classif_top25
1,0.1654411764705882,0.2,0.1504424778761062,0.5238095238095238,0.21630213458688674,0.0,0.4446510790964323,0.9982935153583617,1.0,0.6744431908025911,0.883753687269096,0.9927328884174634,2.953920821437032,instance,f_classif_top25
1,0.25045045045045045,0.0,0.4642857142857143,0.38095238095238093,0.21391530914965917,0.0,0.4225731984460628,0.997155858930603,1.0,0.6813804526890043,0.8347429919966725,0.9895404934947596,3.119622184881942,instance,f_classif_top25
1,0.2847002338527762,0.4,0.4642857142857143,0.7142857142857143,0.5361476784273739,0.3333333333333333,0.504250346885782,1.0,1.0,0.7103717138061237,0.9080224274168525,0.9927926435489942,0.3207496664081106,instance,f_classif_top25
1,0.5360195360195361,0.4,0.6195244055068836,0.5238095238095238,0.48593018051105896,0.0,0.45180004294026843,0.9982935153583617,1.0,0.7032979282222211,0.9002015816560448,0.9958134898448258,0.8627927629843508,instance,f_classif_top25
1,0.10781499202551836,0.0,0.21656050955414008,0.6190476190476191,0.21605454090324583,0.0,0.398167977438071,0.9948805460750854,1.0,0.7022321584889051,0.8732695736975422,0.9968361668303718,1.3963441846207905,instance,f_classif_top25
1,0.2524080789088847,0.8,0.6195244055068836,0.5714285714285714,0.4050787019443731,0.5,0.5735823131879201,1.0,1.0,0.7374861322289501,0.9047047440894336,0.9931321595662421,1.0783971483436676,instance,f_classif_top25
0,0.2285829785829786,0.2,0.3804755944931164,0.6190476190476191,0.38570766073158314,0.0,0.44986490329552864,0.9967741935483871,1.0,0.6979376111426006,0.8231670386455922,0.9966542006456872,0.7831268243802826,instance,f_classif_top25
1,0.2735721000729058,0.6,0.4642857142857143,0.5714285714285714,0.2658661930322812,0.5,0.5071291732640215,1.0,1.0,0.689709119505743,0.8743710370124015,0.9887708295863136,1.467104532326153,instance,f_classif_top25
1,0.3400308247725623,0.2,0.2713178294573644,0.42857142857142855,0.41002697721518644,0.5,0.48122087082566856,0.9994311717861206,1.0,0.7199711225203859,0.9081215280137848,0.995927001836885,0.974632495514687,instance,f_classif_top25
1,0.20710784313725483,0.2,0.21656050955414008,0.8095238095238095,0.22835793654998338,0.3333333333333333,0.5017782026283022,1.0,1.0,0.6887594835729743,0.8886058662371471,0.9956568400552209,1.8605756218365994,instance,f_classif_top25
1,0.2976872468397892,0.0,0.5482758620689655,0.38095238095238093,0.4993971742295159,0.0,0.46124311824040465,0.997155858930603,1.0,0.7274421313259011,0.8804623174033543,0.9904826695341434,1.081607045748638,instance,f_classif_top25
1,0.29898989898989903,0.4,0.1504424778761062,0.5238095238095238,0.22344330118775746,0.0,0.4595291840329485,0.9988623435722411,1.0,0.7143071065721969,0.8663502105236267,0.9936727078272563,1.9994766883382757,instance,f_classif_top25
1,0.20201955051026255,0.2,0.4642857142857143,0.38095238095238093,0.28964614640724495,0.0,0.4668422414303538,0.9982935153583617,1.0,0.6814270991990097,0.8522094275626635,0.9643365054836693,1.7476707704285455,instance,f_classif_top25
1,0.2112334064060407,0.4,0.2713178294573644,0.5714285714285714,0.22526729552893687,0.0,0.452472333926472,0.9988623435722411,1.0,0.6864317923256283,0.877470334283348,0.9968507333711393,0.8000733336711906,instance,f_classif_top25
1,0.4460914308331684,0.4,0.1504424778761062,0.6190476190476191,0.496915864913129,0.0,0.482766378304188,0.9982935153583617,1.0,0.7238183163673237,0.928452790192354,0.9993799913948703,0.4528895813746575,instance,f_classif_top25
1,0.16442456602639677,0.2,0.1504424778761062,0.6666666666666666,0.2259161503200472,0.0,0.4807830460722806,0.9994311717861206,1.0,0.6918458860438448,0.8841638581070582,0.9953828736670969,1.5077794772690187,instance,f_classif_top25
1,0.10886901047084108,0.0,0.28735632183908044,0.47619047619047616,0.2543576772254359,0.0,0.4061269574978519,0.984641638225256,1.0,0.700509841487873,0.8469458792880407,0.995392211337191,1.211171381714068,instance,f_classif_top25
1,0.22222222222222232,0.6,0.4642857142857143,0.38095238095238093,0.2120580086857583,1.0,0.5182737652475602,1.0,0.96,0.6385982111852291,0.8784233863147048,0.9858221873146029,3.612442044456075,instance,f_classif_top25
1,0.24469974469974476,0.4,0.21656050955414008,0.6190476190476191,0.24063992208497254,0.0,0.49805408793820327,0.9994311717861206,1.0,0.7000042740738728,0.9049308162173992,0.9989961936229169,2.4804962027612523,instance,f_classif_top25
1,0.23708118623372865,0.0,0.21656050955414008,0.38095238095238093,0.5010825716523685,0.3333333333333333,0.45076123588463834,0.997155858930603,1.0,0.6893537224809949,0.8932107076310071,0.9846907545377022,0.6584705479178378,instance,f_classif_top25
1,0.24570984570984578,0.4,0.21212121212121215,0.38095238095238093,0.24428569512187087,1.0,0.5270136870146434,1.0,1.0,0.7014084946317708,0.9045465584336498,0.993689579532805,1.8464424425682615,instance,f_classif_top25
1,0.4225681725681726,0.6,0.6195244055068836,0.47619047619047616,0.5260358617044876,0.5,0.5271509242772385,1.0,1.0,0.674534623447087,0.8647871525302315,0.9754262080438351,0.09657444319572188,instance,f_classif_top25
1,0.20208916900093377,0.0,0.2713178294573644,0.42857142857142855,0.2186300830311219,0.0,0.4454800532152632,0.9943117178612059,1.0,0.7051531622371409,0.8309522127556204,0.9807400864094447,2.0140176218469907,instance,f_classif_top25
1,0.2741702741702742,0.2,0.19444444444444442,0.2857142857142857,0.2366101700422295,0.0,0.48327291193283106,0.9988623435722411,1.0,0.7374143264171669,0.9085863585128396,0.996859207524227,1.8886835797651682,instance,f_classif_top25
1,0.21306022408963587,0.2,0.21656050955414008,0.6190476190476191,0.21861477582328714,0.0,0.39079316181141277,0.9988623435722411,1.0,0.7220258370787725,0.8754146511812074,0.996562655468078,2.716472338409714,instance,f_classif_top25
1,0.4645910451882339,0.2,0.21656050955414008,0.5714285714285714,0.29068946143123897,1.0,0.5683001705603923,1.0,1.0,0.7116832026886871,0.9087681693974722,0.9989338551518061,1.2744452106130775,instance,f_classif_top25
1,0.5331427581427581,0.4,0.1504424778761062,0.42857142857142855,0.37178672145170666,0.0,0.4464328070893542,0.9988623435722411,1.0,0.7116277764994783,0.8954712751273122,0.9949674235348742,1.7065400581797585,instance,f_classif_top25
1,0.3320563431138702,0.2,0.21656050955414008,0.5238095238095238,0.3275784004876533,0.25,0.48349865126538916,0.9982935153583617,1.0,0.6957379657108006,0.8928875991115413,0.9908670042617493,1.1899792309758406,instance,f_classif_top25
1,0.11599531116794548,0.0,0.1504424778761062,0.42857142857142855,0.2984996967864707,0.0,0.43410356925608595,0.9943117178612059,1.0,0.7341248645371528,0.9171379387886663,0.9891966723739922,2.2277453108333214,instance,f_classif_top25
1,0.8009259259259259,0.4,0.2713178294573644,0.5238095238095238,0.5845229645086363,0.5,0.4895596873995782,0.9994311717861206,1.0,0.6984428368980569,0.8763913215236792,0.9996375712012133,-0.30452348433178655,instance,f_classif_top25
1,0.45570657412762683,0.4,0.6195244055068836,0.6190476190476191,0.5609329419413713,0.5,0.509574165365553,1.0,1.0,0.7163806427937933,0.8650187241828509,0.9893470343470528,1.1728905622386985,instance,f_classif_top25
1,0.2841424204090238,0.4,0.2713178294573644,0.5714285714285714,0.26218791398466335,0.5,0.529727562040889,1.0,1.0,0.7305270874717349,0.8818121390233589,0.9821456071349576,2.1043918096078515,instance,f_classif_top25
1,0.1187558356676005,0.2,0.2713178294573644,0.5714285714285714,0.23648190907079059,0.3333333333333333,0.5118578344029794,1.0,1.0,0.7162137867778819,0.8419012756793357,0.9544894332675677,1.0583442613827385,instance,f_classif_top25
1,0.10781499202551836,0.2,0.2713178294573644,0.42857142857142855,0.2216774764215267,0.6666666666666666,0.4962548193270476,0.9994311717861206,1.0,0.7224078910148259,0.8505212586795046,0.997782697574157,1.510087533355987,instance,f_classif_top25
1,0.5127580974998351,0.6,0.6195244055068836,0.6190476190476191,0.6109991733244774,1.0,0.5349682210752518,1.0,1.0,0.6983952957292301,0.8808992100539657,0.997521575556004,-1.0932948996692635,instance,f_classif_top25
1,0.309727794469532,0.4,0.21656050955414008,0.47619047619047616,0.3044356212608893,0.5,0.5009854456471114,1.0,1.0,0.7120577923475395,0.8935350146754736,0.9694561369850949,1.3355184861883223,instance,f_classif_top25
1,0.3037478529003953,0.2,0.2713178294573644,0.5714285714285714,0.4908309704839511,0.0,0.4261670528510193,0.9982935153583617,1.0,0.7282986672533265,0.8987106630539401,0.9990763190210558,1.2413749271015337,instance,f_classif_top25
1,0.07407407407407407,0.2,0.21212121212121215,0.38095238095238093,0.23422080360890823,0.5,0.5027432763222778,1.0,1.0,0.7069782292918549,0.8742555350259126,0.9992388188209174,2.4943213546438123,instance,f_classif_top25
1,0.24469974469974476,0.0,0.19444444444444442,0.2857142857142857,0.29156446987990436,0.0,0.447749490294425,0.997155858930603,1.0,0.690588697609333,0.8787930810125034,0.9917760014958672,2.0881906287002168,instance,f_classif_top25
1,0.31166733816814407,0.4,0.5482758620689655,0.6190476190476191,0.2695072480680135,1.0,0.5254472065729021,1.0,1.0,0.6921593529672125,0.8693578055443735,0.9960062001143116,1.078801418269229,instance,f_classif_top25
1,0.16498251347322557,0.4,0.21656050955414008,0.6190476190476191,0.2550522637331435,0.3333333333333333,0.5205150968843408,1.0,1.0,0.7276144876874419,0.8892845010801631,0.9953861734953962,2.3985718376674563,instance,f_classif_top25
1,0.12794547643618837,0.0,0.1504424778761062,0.42857142857142855,0.21311612320675177,0.0,0.39832944253256775,0.9857792946530148,0.92,0.6538167961061808,0.8290625169609543,0.9676137091997224,4.281850394006342,instance,f_classif_top25
1,0.1335886335886336,0.0,0.21212121212121215,0.38095238095238093,0.24572239952623887,0.0,0.4399296053498972,0.9931740614334471,1.0,0.712102696081005,0.8877286212786971,0.9934313268749747,2.3101476082487507,instance,f_classif_top25
1,0.42228190702364454,0.2,0.2713178294573644,0.5714285714285714,0.5101181322815337,0.0,0.4867656688363856,0.9977246871444824,1.0,0.7041690170016011,0.9042082387975264,0.9987313059581442,-0.005197229015878551,instance,f_classif_top25
1,0.2488031762412568,0.0,0.21656050955414008,0.6190476190476191,0.21547555257255863,0.0,0.4227845149731262,0.9886234357224118,1.0,0.7020758247368698,0.8514235424942644,0.9937116816524981,2.129054312510785,instance,f_classif_top25
1,0.4998094248094248,0.4,0.1504424778761062,0.42857142857142855,0.22015049604999193,0.0,0.4319233647068932,0.9994311717861206,1.0,0.7140102762698963,0.8959968131163842,0.9978251112157257,1.6321705880792319,instance,f_classif_top25
1,0.526621384750219,0.4,0.6195244055068836,0.47619047619047616,0.6083158959114556,0.0,0.48251853286222524,0.9982935153583617,0.92,0.6431679877021742,0.8525802091694379,0.9829593695759415,-1.1159559464705322,instance,f_classif_top25
1,0.18479373467590288,0.4,0.2713178294573644,0.38095238095238093,0.21425881084417375,0.0,0.4711634195737906,0.9994311717861206,0.92,0.6431939922478079,0.8584838022204125,0.9878016234673253,1.8124946032188054,instance,f_classif_top25
1,0.3923688229660117,0.4,0.28735632183908044,0.47619047619047616,0.5284682362993646,0.5,0.5080841577211093,1.0,1.0,0.689043457731978,0.8738782738323387,0.9755701249549311,0.04219289364780821,instance,f_classif_top25
1,0.1421568627450981,0.0,0.1504424778761062,0.42857142857142855,0.3270089010270736,0.0,0.43843405709507044,0.9948805460750854,1.0,0.73100796012685,0.908494537044146,0.9901496136117763,1.3602089259140033,instance,f_classif_top25
1,0.22646040134256962,0.2,0.21656050955414008,0.6190476190476191,0.25523199735074337,0.0,0.46062841530278875,0.9982935153583617,1.0,0.7263454569883491,0.879709876500592,0.998506897408857,1.5529713405949623,instance,f_classif_top25
1,0.5586667760061366,0.8,0.6195244055068836,0.6666666666666666,0.6007151134843007,1.0,0.5183168656027305,1.0,1.0,0.704689405331214,0.912192923538827,0.9920630612742745,-0.43640620718189577,instance,f_classif_top25
0,0.6723491224669544,0.8,0.8495575221238938,0.7142857142857143,0.7702063496884123,0.0,0.4855218636644375,0.9991935483870967,1.0,0.6808930365580582,0.8642345228579805,0.993925530713214,-0.4845897271705443,instance,f_classif_top25
0,0.8355754339736033,1.0,0.8495575221238938,0.6666666666666666,0.6854226863201328,1.0,0.5321676107590841,1.0,1.0,0.6924719201211322,0.9084528614761135,0.9972666947284974,-1.0022391666623562,instance,f_classif_top25
1,0.4777143950537557,0.4,0.21656050955414008,0.6190476190476191,0.29960411076435667,0.0,0.4512784721620777,0.9994311717861206,1.0,0.7087344721921551,0.8834845177700421,0.9870228762375306,1.3367697153114038,instance,f_classif_top25
1,0.5967954796902166,0.6,0.5482758620689655,0.47619047619047616,0.3969724258456575,1.0,0.5100462535751111,1.0,1.0,0.7188975749631622,0.8861401604748532,0.9876379338625515,0.10573914651115082,instance,f_classif_top25
0,0.34065934065934067,0.2,0.3804755944931164,0.7142857142857143,0.3865588985561067,0.3333333333333333,0.47975507134600404,0.9991935483870967,1.0,0.6865818681595762,0.8749383200455463,0.9815962948913353,0.30353659842294883,instance,f_classif_top25
1,0.10781499202551836,0.0,0.21656050955414008,0.5238095238095238,0.21506625983570454,0.0,0.4196234277115566,0.9920364050056882,1.0,0.7177308441768955,0.8695474855301768,0.9999780659449322,2.562047234886066,instance,f_classif_top25
0,0.41577788264904836,1.0,0.7126436781609196,0.38095238095238093,0.6060578273722487,1.0,0.5326067022353727,1.0,1.0,0.7286828331760861,0.8914092197686935,0.9982048179426598,-0.5851954572123338,instance,f_classif_top25
1,0.5521978021978022,0.6,0.6195244055068836,0.5238095238095238,0.6215128172928214,1.0,0.5385419357286358,1.0,1.0,0.670467201867873,0.8660856588805441,0.9883256617155807,-1.467350162361993,instance,f_classif_top25
1,0.429460212589047,0.4,0.28735632183908044,0.47619047619047616,0.4527537542358301,1.0,0.5267127182762742,1.0,1.0,0.6907613457742822,0.8511103655315382,0.9932674571364233,0.702407196322275,instance,f_classif_top25
1,0.31358932461873634,0.4,0.21656050955414008,0.6190476190476191,0.3168524627307742,0.6,0.521657246427063,1.0,1.0,0.6995871225719291,0.912493176810708,0.9889030016977011,1.1432894013950525,instance,f_classif_top25
1,0.5238682412076019,0.4,0.2713178294573644,0.5714285714285714,0.4148315380678401,0.0,0.48879471376088723,0.9988623435722411,1.0,0.6829890239733662,0.889836381526535,0.9905807084297529,0.7552031177686419,instance,f_classif_top25
1,0.404682609240015,0.4,0.6195244055068836,0.8095238095238095,0.6023991740810183,0.6666666666666666,0.5180647866773869,1.0,1.0,0.6966144149069476,0.879380922440615,0.9992387395839226,0.6986150681887762,instance,f_classif_top25
0,0.6485395986574305,0.4,0.7286821705426356,0.5238095238095238,0.5774294003379051,1.0,0.5090366847942014,1.0,1.0,0.6857249369345012,0.8848260390658155,0.9882157121044624,0.2451450851770838,instance,f_classif_top25
1,0.3849547180835523,0.4,0.2713178294573644,0.5714285714285714,0.5339245033969515,0.0,0.4744917454519806,0.9994311717861206,1.0,0.7282697769119453,0.9075276514596758,0.989489563854581,0.04258146691069936,instance,f_classif_top25
1,0.12794547643618837,0.0,0.21656050955414008,0.6190476190476191,0.2130792116777841,0.0,0.4563776823864305,0.997155858930603,1.0,0.6899194301061847,0.8641897609648909,0.9845014554541989,3.6450151729406257,instance,f_classif_top25
1,0.3905358752776129,0.8,0.2713178294573644,0.5238095238095238,0.5249214201328757,1.0,0.5277318576777227,1.0,1.0,0.6882831661136978,0.8498012535391295,0.9896932307945551,-0.48637351009060953,instance,f_classif_top25
1,0.0942350332594235,0.0,0.1504424778761062,0.42857142857142855,0.21357842385868792,0.0,0.44581272041347575,0.9954493742889647,1.0,0.7011990874489561,0.8536421957614907,0.9700282518741191,1.6308331739075352,instance,f_classif_top25
1,0.1421568627450981,0.0,0.4642857142857143,0.7619047619047619,0.2516052073216598,0.0,0.4718963441492665,0.9965870307167235,1.0,0.7012459454639154,0.8914128769863784,0.9972529841917643,1.8235272091638912,instance,f_classif_top25
1,0.3905358752776129,0.4,0.21656050955414008,0.8095238095238095,0.409438233805585,0.0,0.4972830259907388,0.9982935153583617,1.0,0.6892695794520974,0.8983715664207171,0.9968824122361636,0.22240586328975978,instance,f_classif_top25
0,0.8088516746411484,1.0,0.7834394904458599,0.8095238095238095,0.7851321831640878,1.0,0.5570313797846169,1.0,1.0,0.6931847957102015,0.8809492640732909,0.9853447295423943,-1.45469499424758,instance,f_classif_top25
1,0.8009259259259259,1.0,0.6195244055068836,0.42857142857142855,0.601824053114968,1.0,0.523881080824926,1.0,1.0,0.7350006782102515,0.8832530413882277,0.999606527886103,0.3626415509967027,instance,f_classif_top25
0,0.7358193277310925,1.0,0.7834394904458599,0.7142857142857143,0.7857210702500959,1.0,0.5418015058342327,1.0,0.96,0.6666666666666666,0.8446669549084301,0.9923624577328966,-3.801689065002592,instance,f_classif_top25
1,0.1187558356676005,0.2,0.2713178294573644,0.42857142857142855,0.2288469092906495,0.0,0.46059947099444143,0.9988623435722411,1.0,0.6687795657927064,0.8312943596247205,0.9882743766284502,2.4198509422625434,instance,f_classif_top25
1,0.1335886335886336,0.0,0.19444444444444442,0.2857142857142857,0.21439751785369543,0.0,0.4283685914577987,0.9852104664391353,0.92,0.6399475261896765,0.8598735611030883,0.9903021833085375,3.4908715264905212,instance,f_classif_top25
1,0.2847002338527762,0.4,0.4642857142857143,0.7619047619047619,0.5169498479689961,0.0,0.42900969415238255,0.9982935153583617,1.0,0.6936930760909884,0.8914662684413688,0.9957733782295577,-0.16308582592770207,instance,f_classif_top25
1,0.4208521539809883,0.6,0.1504424778761062,0.42857142857142855,0.49720754432730596,0.3333333333333333,0.5416761663277887,1.0,1.0,0.7186460827983612,0.909417401410295,0.9969594807399115,1.3576878093310938,instance,f_classif_top25
1,0.439102564102564,0.6,0.19444444444444442,0.2857142857142857,0.6048241419427706,0.0,0.4977044763514006,0.9994311717861206,1.0,0.6877895711017366,0.8654023964136991,0.9842625008202521,1.094993162797995,instance,f_classif_top25
1,0.1335886335886336,0.0,0.4642857142857143,0.42857142857142855,0.29453846682511553,0.0,0.44444671354871135,0.9943117178612059,1.0,0.6843877295431884,0.8872809914996773,0.9952828512055211,2.00983732027226,instance,f_classif_top25
1,0.0,0.2,0.28735632183908044,0.47619047619047616,0.21206150869869178,1.0,0.5022730626514101,1.0,0.96,0.6346744177978431,0.8549903357965846,0.9829029409693658,2.739077402342584,instance,f_classif_top25
1,0.526621384750219,0.6,0.2713178294573644,0.38095238095238093,0.5828544795072214,0.5,0.5291463098531435,1.0,1.0,0.7051410126711953,0.8840193608684804,0.9957961810622118,0.42311210125148596,instance,f_classif_top25
1,0.526621384750219,0.6,0.28735632183908044,0.2857142857142857,0.4204183718592325,1.0,0.5112354942911481,1.0,1.0,0.6949515141329327,0.8391205537546429,0.93600099310827,-0.5395091835039787,instance,f_classif_top25
1,0.12642802741812653,0.0,0.2713178294573644,0.42857142857142855,0.2956825919486702,0.0,0.42747843503850325,0.997155858930603,1.0,0.7214344075714404,0.8391092033717621,0.9603586532033973,1.424554882272876,instance,f_classif_top25
1,0.32570215629934507,0.6,0.28735632183908044,0.47619047619047616,0.23142460854629615,0.0,0.453271303357875,0.9988623435722411,1.0,0.6813605493247558,0.8723739663816336,0.9909897800920423,1.6630772304375518,instance,f_classif_top25
1,0.4187927496580027,0.2,0.5482758620689655,0.6190476190476191,0.24968032491656766,0.25,0.48637114184404096,0.9994311717861206,1.0,0.7454342961366027,0.8709598395334237,0.9959306769814577,0.7570231672273592,instance,f_classif_top25
1,0.3320563431138702,0.4,0.21656050955414008,0.6190476190476191,0.3950271867734687,0.4,0.499017961909373,0.9994311717861206,1.0,0.71762868862102,0.9153447421998706,0.9845790899448356,1.426805348092505,instance,f_classif_top25
1,0.2524080789088847,0.0,0.1504424778761062,0.42857142857142855,0.3465097951022117,0.0,0.4256781364377924,0.9823663253697383,1.0,0.6985616467479255,0.8863667208135131,0.9943643342577441,2.052932004947143,instance,f_classif_top25
1,0.1516265597147951,0.0,0.21212121212121215,0.38095238095238093,0.21873421965516177,0.0,0.44142301539120443,0.9954493742889647,1.0,0.712249219236187,0.8721862836316845,0.9957592641678169,2.5313073126900467,instance,f_classif_top25
1,0.4645910451882339,0.2,0.2713178294573644,0.5714285714285714,0.37755923411735204,0.0,0.49530674414824605,0.9988623435722411,1.0,0.6840993229857487,0.8928678113561059,0.99765356713203,-0.07171835008054639,instance,f_classif_top25
1,0.12794547643618837,0.0,0.2713178294573644,0.42857142857142855,0.21761277574517024,0.0,0.4355965901305713,0.9960182025028441,0.92,0.6599072338863754,0.8330625634256374,0.9960603323719416,2.608550011673357,instance,f_classif_top25
0,0.5301967970679626,0.8,0.3804755944931164,0.6190476190476191,0.4066430130565334,1.0,0.5668878018208401,1.0,1.0,0.7075810927726529,0.8834542900900741,0.9990668228049667,0.2049392104443582,instance,f_classif_top25
1,0.04166666666666663,0.2,0.6195244055068836,0.5238095238095238,0.2124328918907783,0.0,0.45015190707561725,0.9982935153583617,0.96,0.6519790878428413,0.8456740488478138,0.978092768740133,1.7989951545854947,instance,f_classif_top25
1,0.5360195360195361,0.2,0.6195244055068836,0.5238095238095238,0.5452806529836689,0.16666666666666666,0.4026296409983081,0.9977246871444824,1.0,0.7045926748043436,0.9140463159928287,0.998625220607002,0.8233393609395362,instance,f_classif_top25
1,0.21306022408963587,0.0,0.21656050955414008,0.6190476190476191,0.21398908071073286,0.0,0.4829212531043223,0.997155858930603,0.96,0.658532668476454,0.8678594516966419,0.9703425222457388,3.688741027254607,instance,f_classif_top25
1,0.4664361995650338,0.4,0.2713178294573644,0.5714285714285714,0.5948501687034978,0.2,0.4753155338056425,0.9982935153583617,1.0,0.709702050984307,0.8944607214828797,0.9991501508444017,-0.5732560344451625,instance,f_classif_top25
1,0.3320563431138702,0.2,0.21656050955414008,0.47619047619047616,0.4618115719754663,0.0,0.46418202897169236,0.9982935153583617,1.0,0.7009259634551468,0.9127391940886502,0.9959370204852424,1.6761971828689244,instance,f_classif_top25
1,0.3450006715014773,0.4,0.4642857142857143,0.6666666666666666,0.2818908404199494,0.3333333333333333,0.5574178485319581,1.0,1.0,0.727803366653173,0.8816700667898054,0.990542079737182,1.9480118976793828,instance,f_classif_top25
1,0.4225681725681726,0.2,0.6195244055068836,0.6666666666666666,0.6223686448850856,0.0,0.498548033039659,0.9994311717861206,0.84,0.6655822275279442,0.809112360319106,0.9815477592697037,-0.863098549923366,instance,f_classif_top25
1,0.25976136075145984,0.4,0.5549738219895288,0.38095238095238093,0.3418318140611065,0.0,0.4932994944431306,0.9994311717861206,1.0,0.7191071033330738,0.8953816032497065,0.9948729169998599,1.3945187502235632,instance,f_classif_top25
1,0.2524080789088847,0.0,0.6195244055068836,0.5238095238095238,0.28921862573234447,0.0,0.4666777885387674,0.997155858930603,1.0,0.7180171417223554,0.8916843334932777,0.9977816963823535,1.8649690852687555,instance,f_classif_top25
1,0.3037478529003953,0.4,0.21656050955414008,0.6190476190476191,0.2256868389442016,0.5,0.47081654097409653,0.9994311717861206,1.0,0.7110259343888437,0.8750433764033799,0.9898370637795172,1.1337702888366388,instance,f_classif_top25
1,0.179043179043179,0.2,0.5482758620689655,0.7142857142857143,0.26235137649533735,0.0,0.49506202378270614,0.9988623435722411,1.0,0.7459138910199385,0.8960559991834681,0.9995709326085657,1.670218032983377,instance,f_classif_top25
1,0.20102010201020104,0.4,0.6195244055068836,0.2857142857142857,0.25867796326259684,0.0,0.4485496899407502,0.9994311717861206,1.0,0.6991526128273283,0.889458005657722,0.9929401255840224,1.446581554268315,instance,f_classif_top25
0,0.7542901542901542,0.6,0.3804755944931164,0.6666666666666666,0.4898902841480016,1.0,0.5121958300236994,1.0,1.0,0.7097024875472984,0.9053462195761688,0.9989877917542797,-0.9914057713479898,instance,f_classif_top25
1,0.19114832535885162,0.4,0.21656050955414008,0.6190476190476191,0.2153447320823253,0.5,0.536341458584235,1.0,1.0,0.7320079239857304,0.880613679475966,0.9991349895431237,2.11977494316382,instance,f_classif_top25
1,0.401020102010201,0.6,0.2713178294573644,0.38095238095238093,0.28923663377740727,1.0,0.5220431770132112,1.0,1.0,0.7517399698961994,0.8673364206243059,0.9954587221850131,1.6937577390974219,instance,f_classif_top25
1,0.3097937346759029,0.4,0.2713178294573644,0.5714285714285714,0.5656743413656402,0.0,0.4689449227957313,0.9982935153583617,1.0,0.7061069828566177,0.8853899787066675,0.9996889773490961,-0.5133210317520932,instance,f_classif_top25
1,0.2976872468397892,0.2,0.21656050955414008,0.38095238095238093,0.5627589474607363,0.3333333333333333,0.5081936755720016,1.0,1.0,0.7251567699466782,0.897255888167975,0.9988204870475915,0.23308848562233925,instance,f_classif_top25
1,0.2976872468397892,0.4,0.21656050955414008,0.38095238095238093,0.520758689244659,0.0,0.48858722770914864,0.9994311717861206,1.0,0.7227809336501552,0.9050996574933123,0.9970174391478459,0.6933301915348488,instance,f_classif_top25
0,0.6150452819164476,0.8,0.4517241379310345,0.5238095238095238,0.5350456791043982,0.0,0.49850216967234706,0.9991935483870967,1.0,0.708451166945426,0.8602979997861137,0.9987939716898757,-0.04778209119354876,instance,f_classif_top25
1,0.309727794469532,0.4,0.21656050955414008,0.47619047619047616,0.2638452668031013,0.0,0.4722879865969648,0.9988623435722411,1.0,0.7291183372552764,0.8695384111410799,0.987509519883692,1.247582627629508,instance,f_classif_top25
1,0.309727794469532,0.4,0.21656050955414008,0.6190476190476191,0.2643914122445309,0.0,0.4914963604068068,0.9988623435722411,1.0,0.71370949865396,0.8849233813460746,0.9923492308250558,1.422830547489788,instance,f_classif_top25
1,0.40063688537862296,0.2,0.1504424778761062,0.7142857142857143,0.28109111441150364,0.4,0.5095056152915791,1.0,1.0,0.7166338177360231,0.9060092683773852,0.9967948280523153,1.3821044616435834,instance,f_classif_top25
1,0.429460212589047,0.2,0.28735632183908044,0.47619047619047616,0.3650669117373583,0.5,0.5054431271688777,1.0,1.0,0.7107883842477318,0.859883188025961,0.9910829793105304,1.2110641561572928,instance,f_classif_top25
1,0.18579208739391806,0.2,0.21656050955414008,0.6190476190476191,0.2194643064135141,0.3333333333333333,0.5103843770109158,1.0,1.0,0.6932115338300666,0.8678889942449678,0.975697507148552,1.750948989594676,instance,f_classif_top25
1,0.5238682412076019,0.8,0.6195244055068836,0.5714285714285714,0.563511848566156,0.6,0.52515925509977,1.0,1.0,0.701071758986479,0.9126334845628381,0.9983762559149909,-0.18986151012437993,instance,f_classif_top25
1,0.6255311355311355,0.6,0.6195244055068836,0.6666666666666666,0.6195628959618669,0.6666666666666666,0.46862384386334843,0.9994311717861206,1.0,0.7024327098266717,0.8734585181189582,0.9936548519626928,-1.203543297624793,instance,f_classif_top25
1,0.41808963871847304,0.4,0.5482758620689655,0.42857142857142855,0.2471910815235363,0.0,0.4637860171433492,0.9994311717861206,1.0,0.7090216787662899,0.8775361226717502,0.9963855313410324,0.4388539880160149,instance,f_classif_top25
0,0.7810738968633706,1.0,0.7126436781609196,0.2857142857142857,0.7874363901817578,1.0,0.5780491401485839,1.0,0.92,0.6666666666666666,0.8646030615196476,0.9980242398008279,-0.9590785573358999,instance,f_classif_top25
0,0.7475919210911153,0.8,0.5357142857142857,0.8095238095238095,0.5436364550425853,0.5,0.4972510557802353,0.9991935483870967,1.0,0.7177438483805468,0.8965880959909655,0.996351031990589,-1.1559793363069069,instance,f_classif_top25
1,0.40162138475021913,0.0,0.2713178294573644,0.5714285714285714,0.42048736820722155,0.0,0.4291961555151027,0.997155858930603,1.0,0.7078066045867079,0.8939370909491245,0.9867867851895112,0.6342415653115102,instance,f_classif_top25
1,0.2514229720518064,0.2,0.28735632183908044,0.47619047619047616,0.29903199116348755,0.0,0.34486497528945603,0.9988623435722411,1.0,0.6861273340109604,0.8652276228941027,0.9608337999451406,0.9117492733636181,instance,f_classif_top25
1,0.27428127428127425,0.4,0.1504424778761062,0.42857142857142855,0.28594260842306135,0.25,0.493685317517072,0.9994311717861206,1.0,0.7343500804573401,0.9080067369411734,0.9817170758968013,2.0895371486977985,instance,f_classif_top25
1,0.36452514765398203,0.6,0.6195244055068836,0.7142857142857143,0.613728432116042,0.0,0.4549885750907341,0.9988623435722411,1.0,0.6918466212452925,0.8669364775382985,0.9961455049716366,-0.7338076045881834,instance,f_classif_top25
1,0.3037478529003953,0.0,0.1504424778761062,0.42857142857142855,0.3995628164038616,0.0,0.44675230889963125,0.9965870307167235,1.0,0.7072016652143395,0.9016797643930718,0.9819217329759421,1.209863403071537,instance,f_classif_top25
1,0.504682609240015,0.6,0.6195244055068836,0.9047619047619048,0.5930459605394288,1.0,0.5399184350870854,1.0,1.0,0.7265606212954578,0.9081244638843554,0.9999826356030657,-0.020845751564989384,instance,f_classif_top25
1,0.10781499202551836,0.0,0.21656050955414008,0.6190476190476191,0.2221306530481323,0.0,0.39374846868953706,0.9926052332195677,1.0,0.7025091713997565,0.8886237431135329,0.9955018897035839,1.8097020606058454,instance,f_classif_top25
0,0.7596507097685417,0.8,0.7286821705426356,0.5238095238095238,0.7011201515500444,1.0,0.5130791259212875,1.0,1.0,0.7560626697268993,0.8718289674128643,0.9895548508296703,-0.3525328290750029,instance,f_classif_top25
1,0.11478758169934655,0.0,0.2713178294573644,0.42857142857142855,0.23105007628899116,0.0,0.41601623087452555,0.9920364050056882,1.0,0.7395035123541381,0.8412709918402435,0.9904822854342493,2.9301093469172375,instance,f_classif_top25
1,0.2765522875816995,0.6,0.1504424778761062,0.42857142857142855,0.30188977858891786,0.0,0.47623254408564075,0.9994311717861206,1.0,0.71511248098594,0.8942020329196622,0.9984738129724009,1.5564236855400797,instance,f_classif_top25
1,0.1335886335886336,0.2,0.5549738219895288,0.38095238095238093,0.23367449344644464,1.0,0.5240965495941766,1.0,0.96,0.6666666666666666,0.8477881813813671,0.9810095325846688,3.466254950469474,instance,f_classif_top25
1,0.16894257703081228,0.0,0.2713178294573644,0.5714285714285714,0.23054131794255045,0.0,0.4514925604390978,0.997155858930603,1.0,0.7121880972089568,0.8868664381887644,0.9984066797160108,2.256803088100526,instance,f_classif_top25
1,0.2641806722689074,0.2,0.21656050955414008,0.6190476190476191,0.22252785764271116,0.5,0.4843959029997468,0.9994311717861206,1.0,0.6878833688138793,0.8685770576296847,0.9924844759756614,2.4057518793004564,instance,f_classif_top25
1,0.6047503547503548,0.2,0.1504424778761062,0.6666666666666666,0.5665251534088526,0.0,0.4776672690596808,0.9988623435722411,1.0,0.7202062501945881,0.9059097209423196,0.9887801336239705,0.008954517245240202,instance,f_classif_top25
1,0.23708118623372865,0.2,0.6195244055068836,0.5238095238095238,0.5394418802959218,0.0,0.4238291479007176,0.9977246871444824,1.0,0.6937908070360832,0.8794134297188279,0.9960249580047185,0.6996061436395886,instance,f_classif_top25
1,0.16442456602639677,0.0,0.1504424778761062,0.42857142857142855,0.27022933616216116,0.0,0.4228845410286809,0.997155858930603,1.0,0.7001228812594013,0.9146500294170196,0.9959714709906308,1.5058748246136966,instance,f_classif_top25
1,0.1516265597147951,0.0,0.1504424778761062,0.6666666666666666,0.22896854350924273,0.0,0.45993026498573775,0.997155858930603,1.0,0.7206605645054796,0.9098025856310191,0.9976431575428855,2.182615431053432,instance,f_classif_top25
1,0.2735721000729058,0.2,0.21656050955414008,0.6190476190476191,0.22658109802609616,0.0,0.49043932545992397,0.9988623435722411,1.0,0.7040321090239057,0.8794476409459604,0.9962544092694522,2.7316407796735866,instance,f_classif_top25
1,0.17833400483481066,0.4,0.28735632183908044,0.47619047619047616,0.27941829749248637,0.5,0.5603238629913074,1.0,1.0,0.6974160319498794,0.892850988854535,0.9987634454474839,0.8629287117586327,instance,f_classif_top25
1,0.1335886335886336,0.0,0.1504424778761062,0.6666666666666666,0.2263304705065815,0.0,0.4276657560729875,0.9954493742889647,1.0,0.721501142349003,0.8622175596684457,0.9923323453727857,1.792191267991833,instance,f_classif_top25
1,0.36452514765398203,0.2,0.28735632183908044,0.47619047619047616,0.6077685016278699,0.3333333333333333,0.48043123565571577,0.9988623435722411,1.0,0.6998823646865686,0.8596085049840861,0.990976768206911,-0.05317034359450351,instance,f_classif_top25
1,0.5862318362318362,0.8,0.4642857142857143,0.8095238095238095,0.5450245659889686,0.5,0.5072137992759855,1.0,1.0,0.7068726882461229,0.9104282949206012,0.9996169890815606,0.6533922884177599,instance,f_classif_top25
0,0.29524964524964525,0.6,0.3804755944931164,0.7142857142857143,0.4027095311005986,0.5,0.5007257286012268,1.0,1.0,0.6943836342715604,0.8871701278877466,0.983016621619326,-0.8316491008313035,instance,f_classif_top25
1,0.5110477283870891,0.4,0.4642857142857143,0.7619047619047619,0.3860774756736546,1.0,0.5095329717717721,1.0,1.0,0.6903346506824384,0.9055648306402121,0.9990993694840092,1.5284928319859217,instance,f_classif_top25
1,0.3400308247725623,0.0,0.1504424778761062,0.42857142857142855,0.3445394459469493,0.0,0.4226649403318763,0.9960182025028441,1.0,0.7079270880522979,0.9149561700461329,0.9931725038834627,1.7353510428526637,instance,f_classif_top25
0,0.6549993284985227,0.8,0.7834394904458599,0.47619047619047616,0.6661295985908325,1.0,0.5612025260479703,1.0,1.0,0.7143157078318054,0.8935036355154756,0.982441101652632,-1.5367451159653887,instance,f_classif_top25
1,0.44135954135954136,0.4,0.2713178294573644,0.5238095238095238,0.3492097349110057,0.5,0.5220947256509708,1.0,1.0,0.7183905356988031,0.8936027097273974,0.9971153881928083,0.9729736372554144,instance,f_classif_top25
1,0.14590604750787828,0.0,0.1504424778761062,0.42857142857142855,0.21502786858710676,0.0,0.4431733796942702,0.9937428896473265,1.0,0.7078328612453527,0.8706590236842893,0.9899776303756093,2.3332491084735425,instance,f_classif_top25
1,0.40762989237162994,0.2,0.1504424778761062,0.5238095238095238,0.3912288595013017,0.3333333333333333,0.4658495561410404,0.9994311717861206,1.0,0.7070049821479915,0.917004396970851,0.9995021166934854,1.313622534705246,instance,f_classif_top25
1,0.5331427581427581,0.2,0.21212121212121215,0.38095238095238093,0.4637263342501511,0.0,0.4831112820980178,0.9982935153583617,1.0,0.6898729302906033,0.8917892553627792,0.9868054135138139,0.624710450759305,instance,f_classif_top25
0,0.6966659951651895,0.4,0.5357142857142857,0.42857142857142855,0.7379262136281234,0.0,0.48568505335931744,0.9991935483870967,1.0,0.722027277415816,0.8929310127240164,0.994620662584328,-0.56120223416532,instance,f_classif_top25
1,0.17472910216718274,0.2,0.21656050955414008,0.6190476190476191,0.2120753384008096,0.0,0.4893587712721368,0.9994311717861206,1.0,0.6997845832691976,0.8360793590430545,0.9999378408204482,3.9540689427957108,instance,f_classif_top25
1,0.6588644688644689,0.4,0.6195244055068836,0.5714285714285714,0.6222022242601343,0.0,0.4717072788218464,0.9988623435722411,1.0,0.6895595476710169,0.8410176346137915,0.9802746160071575,-1.9203204646228687,instance,f_classif_top25
1,0.1335886335886336,0.4,0.19444444444444442,0.2857142857142857,0.5044837062298759,1.0,0.5039917369194076,1.0,1.0,0.6913386369566427,0.8777045427916065,0.9983445276462509,1.2083472991194706,instance,f_classif_top25
1,0.1335886335886336,0.0,0.6195244055068836,0.38095238095238093,0.31849478020970634,0.0,0.4291278093493921,0.9937428896473265,1.0,0.6891176309162014,0.8696449398201866,0.9950310182964566,2.943557186624462,instance,f_classif_top25
1,0.39031186094069525,0.8,0.5482758620689655,0.38095238095238093,0.3899094721669015,0.5,0.4853826023807235,0.9994311717861206,1.0,0.6818158917112643,0.8858996293234341,0.9992673689852942,-0.2439841132537746,instance,f_classif_top25
1,0.3380159425733483,0.0,0.2713178294573644,0.5714285714285714,0.40950868592723577,0.0,0.4497322659896763,0.997155858930603,1.0,0.697311712294959,0.9104653215822774,0.9948599133795218,1.3869768576393036,instance,f_classif_top25
1,0.4460914308331684,0.4,0.5549738219895288,0.47619047619047616,0.4302379879894489,0.4,0.4450122646114233,0.9988623435722411,1.0,0.700339270728065,0.9148289248318342,0.9941984222218537,0.634676016739768,instance,f_classif_top25
1,0.3849547180835523,0.0,0.6195244055068836,0.47619047619047616,0.5968244516921581,0.0,0.439298898662451,0.9965870307167235,1.0,0.7080010368013336,0.8857391324062043,0.9970637229849112,0.003892203361174446,instance,f_classif_top25
1,0.2514229720518064,0.2,0.1504424778761062,0.42857142857142855,0.45016746752204373,0.25,0.4890573366858082,0.9994311717861206,1.0,0.7235574607029609,0.9006494215205828,0.9941140127628177,0.9797774926385108,instance,f_classif_top25
1,0.386047728387089,0.2,0.6195244055068836,0.5238095238095238,0.45905650629895656,0.0,0.47877448054467486,0.9982935153583617,1.0,0.6903003041536961,0.906397546751641,0.9984171215390154,1.0873534799599238,instance,f_classif_top25
0,0.6883326618318559,0.6,0.4517241379310345,0.5714285714285714,0.6006383142613216,1.0,0.5367020756393313,1.0,1.0,0.7195182018149173,0.8498841007425451,0.9910549839787942,-0.0857232572340529,instance,f_classif_top25
1,0.5723173554461898,0.8,0.6195244055068836,0.5714285714285714,0.617370114359332,1.0,0.5963517445999333,1.0,1.0,0.677712622892528,0.8607979345896646,0.9761344152680087,-0.9275261403800379,instance,f_classif_top25
1,0.2841424204090238,0.2,0.5549738219895288,0.47619047619047616,0.27478764131305766,0.5,0.5130894784615707,1.0,1.0,0.6905156172217156,0.875249319247379,0.9887582201941437,1.8292901479374177,instance,f_classif_top25
1,0.16442456602639677,0.0,0.21212121212121215,0.38095238095238093,0.22090803847812301,0.0,0.45182108955212785,0.9960182025028441,1.0,0.6873002813437082,0.8918166726634777,0.9960362306656465,1.9645879183656647,instance,f_classif_top25
1,0.18354978354978346,0.4,0.28735632183908044,0.47619047619047616,0.5938304177102512,0.5,0.4775940886940345,0.9994311717861206,1.0,0.6723720329988387,0.8234715718096101,0.9857462889846703,-0.23569990717143097,instance,f_classif_top25
1,0.39031186094069525,0.6,0.5482758620689655,0.38095238095238093,0.5475285734554779,1.0,0.5251672162167635,1.0,1.0,0.6966194681496346,0.8928498271574499,0.999370880548646,0.41604488077817237,instance,f_classif_top25
1,0.2765522875816995,0.2,0.4642857142857143,0.38095238095238093,0.25544335862618495,0.5,0.5057080266325535,1.0,1.0,0.6885377727836474,0.8976027317771195,0.9941053910242922,1.0126667664902598,instance,f_classif_top25
1,0.18579208739391806,0.0,0.21656050955414008,0.5714285714285714,0.21474936937606343,0.0,0.4684430013084131,0.9960182025028441,1.0,0.7358403715971882,0.8649108975026688,0.9988542364897548,2.253106267038213,instance,f_classif_top25
1,0.14590604750787828,0.0,0.1504424778761062,0.42857142857142855,0.21951361568705247,0.0,0.4074631212447093,0.9880546075085325,1.0,0.7348296627140741,0.8964292222691834,0.9995984874829883,2.156650490073255,instance,f_classif_top25
1,0.23708118623372865,0.0,0.4642857142857143,0.7142857142857143,0.4536866837795873,0.0,0.43929622463631035,0.997155858930603,1.0,0.7088329106272452,0.87802300308682,0.9946460601678031,1.2823122680341565,instance,f_classif_top25
1,0.6880311355311355,0.6,0.6195244055068836,0.7619047619047619,0.6099534600501434,0.6666666666666666,0.5250679226808093,1.0,1.0,0.7232293687907683,0.8906792760120652,0.9987182271273825,-0.4924937895888615,instance,f_classif_top25
0,0.562095337095337,1.0,0.8495575221238938,0.6666666666666666,0.7316872436353833,1.0,0.5656454734440174,1.0,1.0,0.7101656065453922,0.9048997815093996,0.9969213718535024,-1.1786981576119426,instance,f_classif_top25
1,0.4923688229660117,0.4,0.28735632183908044,0.5238095238095238,0.47171842589826585,0.0,0.4295504176206728,0.9988623435722411,1.0,0.7299695639851435,0.847368002240719,0.9413588875597395,-0.006902159713231793,instance,f_classif_top25
1,0.4187927496580027,0.4,0.5482758620689655,0.47619047619047616,0.311783277320442,0.5,0.5125597886257242,1.0,1.0,0.7126464711016127,0.8604160979477617,0.9786173548355236,0.21879326745105301,instance,f_classif_top25
1,0.17833400483481066,0.2,0.1504424778761062,0.42857142857142855,0.2126200758894451,0.0,0.42101275258387194,0.9977246871444824,1.0,0.726520593582854,0.9069700629771268,0.9932789440223416,2.593437208999487,instance,f_classif_top25
1,0.35347985347985345,0.4,0.6195244055068836,0.5714285714285714,0.3696875995930896,0.0,0.4591845277316,0.9988623435722411,1.0,0.7049062341301822,0.878712394013466,0.9988823220916474,1.0123752511477708,instance,f_classif_top25
1,0.17833400483481066,0.0,0.4642857142857143,0.38095238095238093,0.21308663304640463,0.0,0.41192461245710976,0.9960182025028441,1.0,0.7298946593495327,0.8580654247550328,0.9800222661413635,3.260889931818827,instance,f_classif_top25
1,0.3849547180835523,0.0,0.2713178294573644,0.5238095238095238,0.5625413888683012,0.0,0.42799284901595636,0.9948805460750854,1.0,0.7148874811587225,0.8982967671130592,0.9979239779215291,0.06854535083248327,instance,f_classif_top25
1,0.309727794469532,0.0,0.21656050955414008,0.8095238095238095,0.3554969436728719,0.0,0.4631319579961263,0.997155858930603,1.0,0.6890488227911655,0.9089602835122501,0.9946664366696596,0.8522179761210082,instance,f_classif_top25
1,0.3380159425733483,0.2,0.21656050955414008,0.6190476190476191,0.29027902052231,0.0,0.46569449665172624,0.9994311717861206,1.0,0.7379188120782053,0.9166841738614309,0.9990214019400869,1.3080626466917251,instance,f_classif_top25
1,0.1335886335886336,0.0,0.1504424778761062,0.42857142857142855,0.22640290107108463,0.0,0.4704254688631623,0.9960182025028441,1.0,0.713791964504131,0.8852288674532321,0.9802833207779569,3.1196634146793683,instance,f_classif_top25
1,0.17756836659275688,0.0,0.1504424778761062,0.42857142857142855,0.22445853096690105,0.0,0.4434950210984261,0.9960182025028441,1.0,0.7150116372921737,0.8704545837363985,0.9976094949230623,1.0195074329303793,instance,f_classif_top25
1,0.3942801149089492,0.2,0.2713178294573644,0.42857142857142855,0.25953469186237665,0.0,0.4948158716170178,0.9994311717861206,1.0,0.6991886624729613,0.8536510520402371,0.978815751914515,0.7823396303826605,instance,f_classif_top25
1,0.5521978021978022,0.6,0.6195244055068836,0.5238095238095238,0.6096318261037631,1.0,0.5051993766964322,1.0,1.0,0.7084792097188475,0.868843267862313,0.9953449058948244,0.006137721083519976,instance,f_classif_top25
1,0.32765087753304556,0.4,0.21656050955414008,0.6190476190476191,0.2399444850237939,0.0,0.4714400534803068,0.9988623435722411,1.0,0.6847070836675428,0.8612470188961123,0.9974800580610261,0.9389727169525279,instance,f_classif_top25
1,0.5238682412076019,0.2,0.6195244055068836,0.5238095238095238,0.5761412444345905,0.0,0.48681205320272136,0.9982935153583617,1.0,0.685065890686053,0.9060137987984924,0.9952461365437038,-0.2653450007819121,instance,f_classif_top25
1,0.5365290346907994,0.6,0.5549738219895288,0.47619047619047616,0.3215454624782831,0.5,0.5478532040302262,1.0,1.0,0.6864843306718633,0.8878937842855851,0.9935221879334079,1.1405815045314036,instance,f_classif_top25
1,0.11478758169934655,0.0,0.21656050955414008,0.6190476190476191,0.22161741448691463,0.0,0.4282893172646781,0.9903299203640501,1.0,0.7422815038489595,0.8646321057317496,0.9958253754722313,2.224903617631793,instance,f_classif_top25
1,0.17756836659275688,0.2,0.1504424778761062,0.42857142857142855,0.26937947532278284,0.3333333333333333,0.49760681018285957,0.9994311717861206,1.0,0.7069989444696696,0.8670653621765855,0.9956810838394308,1.5124164351005709,instance,f_classif_top25
1,0.1792275277182398,0.6,0.21656050955414008,0.5238095238095238,0.26957147184701746,0.3333333333333333,0.477149030902969,0.9994311717861206,1.0,0.6966681816525392,0.8805724094853745,0.9859138775335246,1.6000933868793954,instance,f_classif_top25
1,0.065390749601276,0.4,0.5549738219895288,0.5714285714285714,0.21495370475393533,1.0,0.5248158278992632,1.0,1.0,0.6903024781130588,0.8309902096103783,0.9970849422304595,1.2987037020248808,instance,f_classif_top25
1,0.10886901047084108,0.0,0.5549738219895288,0.47619047619047616,0.28814530935813565,0.0,0.4000585778201966,0.9960182025028441,1.0,0.7212060164682114,0.8810137336745165,0.9856262964564773,1.348330524310293,instance,f_classif_top25
1,0.40063688537862296,0.4,0.1504424778761062,0.42857142857142855,0.3988354274568453,0.5,0.5185387180027076,1.0,1.0,0.7065415113886337,0.9071695684200377,0.9967028380756877,0.12324645547390675,instance,f_classif_top25
1,0.11599531116794548,0.0,0.2713178294573644,0.5714285714285714,0.34082851138151893,0.0,0.39452678868885627,0.9948805460750854,1.0,0.6905575957043828,0.9098394080112852,0.9983019459189367,1.330190327909092,instance,f_classif_top25
1,0.45570657412762683,0.2,0.6195244055068836,0.5238095238095238,0.6145887930511525,0.0,0.44552505102511164,0.9982935153583617,1.0,0.6842889773583132,0.8384078744713328,0.9817978390795139,0.6566028378643292,instance,f_classif_top25
1,0.36452514765398203,0.2,0.28735632183908044,0.47619047619047616,0.604998812145791,0.0,0.3817675374791487,0.9977246871444824,1.0,0.6927365721381441,0.8403837897290609,0.9547220174341009,-0.5699289818202535,instance,f_classif_top25
1,0.18766339869281046,0.2,0.1504424778761062,0.42857142857142855,0.2736361339060537,0.5,0.4511608815651156,0.9982935153583617,1.0,0.7076649773188878,0.9082261356921145,0.9932837850342814,2.1676977357176734,instance,f_classif_top25
1,0.11478758169934655,0.0,0.2713178294573644,0.42857142857142855,0.23060387687284967,0.0,0.4306397639154933,0.9920364050056882,1.0,0.7637620290579414,0.8850472945489978,0.9946995707540172,2.2100111235278956,instance,f_classif_top25
1,0.3097937346759029,0.4,0.2713178294573644,0.5714285714285714,0.42964585599563465,0.5,0.49989399466183715,0.9994311717861206,1.0,0.7140257311507671,0.8827029407993716,0.9959111486734288,0.21807585574499405,instance,f_classif_top25
1,0.0,0.0,0.28735632183908044,0.47619047619047616,0.21212843994929365,0.0,0.4477382071036127,0.9897610921501706,0.96,0.6502424902931955,0.840080265708351,0.9940992738257527,2.7624657198201024,instance,f_classif_top25
1,0.6241081572369915,0.8,0.6195244055068836,0.7619047619047619,0.6121604113217712,1.0,0.538332569224646,1.0,1.0,0.7021911041514091,0.877456923258564,0.9916822744520339,-0.7229381831152917,instance,f_classif_top25
1,0.13664678824861898,0.0,0.1504424778761062,0.42857142857142855,0.2362516408228319,0.0,0.42060284358109856,0.9863481228668942,1.0,0.6971868945337827,0.8829531566350428,0.999308436529851,1.6968037174961819,instance,f_classif_top25
1,0.12794547643618837,0.2,0.2713178294573644,0.42857142857142855,0.2530489841875436,1.0,0.5009081790908116,1.0,1.0,0.6774535647209923,0.8811170209765266,0.9932073011038451,1.9413271298385388,instance,f_classif_top25
1,0.4225681725681726,0.8,0.6195244055068836,0.47619047619047616,0.6178968714811754,1.0,0.520326204125371,1.0,0.96,0.6618979531760789,0.8615450866560497,0.9897918692793998,-0.3793069954035773,instance,f_classif_top25
1,0.23708118623372865,0.2,0.1504424778761062,0.6666666666666666,0.47734582241382617,0.3333333333333333,0.48959504060383985,0.9988623435722411,1.0,0.7219730900385377,0.8764431539412348,0.9945561473433048,1.220327677798683,instance,f_classif_top25
1,0.4645910451882339,0.4,0.28735632183908044,0.38095238095238093,0.5665492742427226,0.3333333333333333,0.4914768893314735,0.9994311717861206,1.0,0.691242885210448,0.8821412136191366,0.9917864959612958,-0.6665431934618691,instance,f_classif_top25
1,0.6047503547503548,1.0,0.19444444444444442,0.2857142857142857,0.5302587649829194,1.0,0.5674011494269374,1.0,1.0,0.7156060376370671,0.8676939563366237,0.9967622175820428,0.24309258308104356,instance,f_classif_top25
1,0.12794547643618837,0.0,0.1504424778761062,0.7142857142857143,0.21250348484754256,0.0,0.46962719735350755,0.9937428896473265,1.0,0.7241574388872185,0.8513724081938827,0.9968630038003301,3.9584184145126007,instance,f_classif_top25
1,0.5294247641665017,0.2,0.28735632183908044,0.47619047619047616,0.32951330118135413,0.5,0.46571530426846075,0.9982935153583617,1.0,0.7223461755814593,0.906245878963891,0.9955681369237377,1.2708597038314515,instance,f_classif_top25
1,0.4460914308331684,0.4,0.21656050955414008,0.47619047619047616,0.3450635466026264,0.25,0.5160299472043914,1.0,1.0,0.7097870523370485,0.8804358453013426,0.9754932794058764,0.9626624881983576,instance,f_classif_top25
1,0.24570984570984578,0.0,0.21212121212121215,0.38095238095238093,0.5110976455813456,0.2,0.4073435553489402,0.9960182025028441,1.0,0.7013514337109481,0.9009214995694276,0.9962352200344495,0.8181539432523701,instance,f_classif_top25
1,0.11599531116794548,0.2,0.1504424778761062,0.42857142857142855,0.31109279799719936,0.16666666666666666,0.4267162509701229,0.9982935153583617,1.0,0.7093790302868339,0.9039440226027802,0.9966392272122209,1.847602738398949,instance,f_classif_top25
1,0.4857027357027358,0.0,0.1504424778761062,0.42857142857142855,0.3500692156400248,0.0,0.3913729313846742,0.9931740614334471,1.0,0.7089855993077057,0.875455510729076,0.9942630629170728,1.206186847657711,instance,f_classif_top25
1,0.1335886335886336,0.4,0.19444444444444442,0.2857142857142857,0.22839881132437112,1.0,0.5086882007605698,1.0,1.0,0.6679941475964267,0.8655345893865798,0.9930217517725891,2.533284664544441,instance,f_classif_top25
1,0.16842105263157892,0.2,0.21656050955414008,0.6190476190476191,0.34198357589724526,0.0,0.4946989317264926,0.9988623435722411,1.0,0.7245947908665513,0.8760955381866116,0.9721058527104511,1.1545874996869276,instance,f_classif_top25
1,0.37041451956706195,0.4,0.21656050955414008,0.6666666666666666,0.2791506878204971,0.3333333333333333,0.4597253007535884,0.9994311717861206,1.0,0.7107235318654256,0.8852814541805281,0.9913169207624276,1.0283286586031741,instance,f_classif_top25
0,0.7358193277310925,0.6,0.5357142857142857,0.7142857142857143,0.7322910433662684,1.0,0.5458419114825541,1.0,1.0,0.7075418183081729,0.8795145273220131,0.9879849763943328,-1.954230379498768,instance,f_classif_top25
1,0.3849547180835523,0.0,0.2713178294573644,0.5238095238095238,0.526106921061498,0.0,0.41648247084838363,0.9954493742889647,1.0,0.7146534408612054,0.8702797509870573,0.9884473420788955,0.38019627332495337,instance,f_classif_top25
1,0.32570215629934507,0.6,0.28735632183908044,0.47619047619047616,0.3562855529848681,0.0,0.47314093164523596,0.9994311717861206,1.0,0.7083564201672662,0.8416310619059635,0.9742696140161172,1.674669760629135,instance,f_classif_top25
1,0.7047503547503547,0.4,0.6195244055068836,0.6666666666666666,0.5500665219427434,1.0,0.5477966956678522,1.0,1.0,0.7129737229735309,0.8974398484627761,0.9914611758808007,0.9853751381936988,instance,f_classif_top25
1,0.468559299156488,0.4,0.28735632183908044,0.5238095238095238,0.35375037673042664,0.3333333333333333,0.48104017415900535,0.9994311717861206,1.0,0.6872736147910876,0.8657358773482953,0.9820418183954995,0.3063199056198478,instance,f_classif_top25
1,0.16842105263157892,0.0,0.21656050955414008,0.5714285714285714,0.22896780208901824,0.0,0.3981266705682768,0.9948805460750854,1.0,0.6962581537934244,0.8871288668657361,0.9981871754684507,1.2644128564053294,instance,f_classif_top25
0,0.6295854804329379,0.8,0.7834394904458599,0.6666666666666666,0.6470048285272474,1.0,0.547079737572147,1.0,1.0,0.6920067212604487,0.900060304870762,0.9992604485688137,-1.1814529343744633,instance,f_classif_top25
1,0.24570984570984578,0.2,0.6195244055068836,0.6190476190476191,0.5784257601261195,0.5,0.4624689721021562,0.9982935153583617,1.0,0.71469791285585,0.876849742982158,0.9935778986237896,1.2431712288809915,instance,f_classif_top25
1,0.0,0.0,0.1504424778761062,0.6666666666666666,0.21205721792282406,0.0,0.466245719711748,0.997155858930603,0.96,0.5831339741681548,0.8514510708585571,0.9885969834576429,4.201269781976469,instance,f_classif_top25
1,0.19574420677361848,0.0,0.1504424778761062,0.42857142857142855,0.21385313718990373,0.0,0.4279173374206833,0.9931740614334471,1.0,0.7043300947991227,0.8699957865242729,0.9997871701179222,3.566509228273293,instance,f_classif_top25
1,0.36452514765398203,0.2,0.28735632183908044,0.47619047619047616,0.6183640527222557,0.0,0.47495103707056274,0.9988623435722411,1.0,0.724765280818051,0.8400964245871329,0.9920572652355718,-0.30541245765788594,instance,f_classif_top25
1,0.12794547643618837,0.0,0.21656050955414008,0.38095238095238093,0.23593032281914394,0.0,0.46242649860924556,0.997155858930603,0.96,0.6601447448417734,0.8563983425041869,0.9988840733681792,1.619739465886606,instance,f_classif_top25
1,0.18579208739391806,0.2,0.4642857142857143,0.42857142857142855,0.21635266907439066,0.0,0.462225837849328,0.9982935153583617,1.0,0.7071647863060768,0.8778463836555188,0.9983149004340142,1.8693174670579698,instance,f_classif_top25
1,0.52261705574589,0.4,0.5549738219895288,0.38095238095238093,0.21583965524501314,1.0,0.5245036507605831,1.0,1.0,0.6712548897171516,0.8783550660330565,0.9896795942089475,2.2410492762999423,instance,f_classif_top25
1,0.2894451159459216,0.2,0.21656050955414008,0.47619047619047616,0.22641774670970866,0.5,0.4526091221841134,0.9982935153583617,1.0,0.7213662476980347,0.8500414729486659,0.9456851147434907,2.7752593901470144,instance,f_classif_top25
1,0.18766339869281046,0.0,0.1504424778761062,0.7142857142857143,0.3682193518480815,0.3333333333333333,0.4827050468102656,0.997155858930603,1.0,0.7159142626135222,0.904401169313781,0.9760812341839331,1.0309445934340482,instance,f_classif_top25
1,0.3923688229660117,0.6,0.28735632183908044,0.2857142857142857,0.2335483821868175,0.0,0.48121672449283315,0.9994311717861206,0.92,0.6518488475967124,0.8179675631828967,0.9976553970391395,-0.4111004603287279,instance,f_classif_top25
1,0.468559299156488,0.2,0.28735632183908044,0.47619047619047616,0.25073195516784585,0.0,0.48025372062932936,0.9977246871444824,1.0,0.7065045952111143,0.8711582647929909,0.9986282813794614,1.3217227249346062,instance,f_classif_top25
0,0.26335775335775347,0.0,0.3804755944931164,0.6190476190476191,0.37718034989848326,0.0,0.4254413969243994,0.9951612903225806,1.0,0.6950345731105474,0.8475277137484732,0.9978317796650535,2.0329323190510036,instance,f_classif_top25
1,0.21306022408963587,0.0,0.21656050955414008,0.6190476190476191,0.23381332188155202,0.0,0.42662164945840875,0.997155858930603,1.0,0.7219685130865384,0.8827461594580375,0.9966657545791435,3.0468073652096304,instance,f_classif_top25
1,0.10886901047084108,0.0,0.1504424778761062,0.6666666666666666,0.3100847804679051,0.0,0.45148557695273506,0.9943117178612059,1.0,0.7129326134391549,0.8922686309277958,0.9981155128923391,0.9310288008773681,instance,f_classif_top25
1,0.25635026737967914,0.2,0.21656050955414008,0.6190476190476191,0.24301598565335025,0.3333333333333333,0.5383670111469465,1.0,1.0,0.7095950339414197,0.8917160592420705,0.9997287781038359,1.7672936075699193,instance,f_classif_top25
1,0.1335886335886336,0.0,0.1504424778761062,0.42857142857142855,0.25342937311327207,0.0,0.4112687906283571,0.997155858930603,1.0,0.6923147861662778,0.8703642736204279,0.9968874859035355,2.1354434267740334,instance,f_classif_top25
1,0.11478758169934655,0.0,0.2713178294573644,0.42857142857142855,0.21257361366333366,0.0,0.4531623105617487,0.9926052332195677,1.0,0.7028042373753867,0.839470242660836,0.983902503604659,4.474295977236466,instance,f_classif_top25
1,0.3320563431138702,0.0,0.1504424778761062,0.42857142857142855,0.35507333868838276,0.0,0.4548388452367935,0.997155858930603,1.0,0.6859634572713798,0.8875367074167104,0.9984957222583376,1.5162517635304507,instance,f_classif_top25
1,0.1421568627450981,0.4,0.1504424778761062,0.42857142857142855,0.3740726353207862,0.0,0.43424382778220694,0.9994311717861206,1.0,0.6986382927050971,0.9119771669286909,0.9836739029221863,1.0784733920657676,instance,f_classif_top25
1,0.12132352941176483,0.0,0.1504424778761062,0.42857142857142855,0.23546510779478153,0.0,0.42700852226140695,0.9943117178612059,1.0,0.6959638867200737,0.8709287430646241,0.9593202493184958,2.088623563869895,instance,f_classif_top25
1,0.24976257626338205,0.2,0.4642857142857143,0.47619047619047616,0.3474480562935784,0.0,0.4905646792820767,0.9994311717861206,1.0,0.7033904819407618,0.9051826985128542,0.9948037755032318,0.32743707915828507,instance,f_classif_top25
1,0.2591778591778592,0.0,0.6195244055068836,0.6190476190476191,0.6134188577446876,0.0,0.4750505321512589,0.9960182025028441,1.0,0.7131459772893668,0.8438603766805148,0.977423636153928,-0.6233967524553492,instance,f_classif_top25
1,0.2488031762412568,0.2,0.5482758620689655,0.6190476190476191,0.21849960193241047,0.0,0.4495456775829312,0.9977246871444824,1.0,0.7270771006447121,0.8656378581704095,0.9977626755541966,1.2200253450639094,instance,f_classif_top25
1,0.10781499202551836,0.0,0.5549738219895288,0.47619047619047616,0.2122213230799636,0.0,0.39807841374379793,0.9903299203640501,0.96,0.6651428515516756,0.842544868459984,0.9940202096652017,3.273215179890218,instance,f_classif_top25
1,0.22166612265622165,0.2,0.2713178294573644,0.42857142857142855,0.3705852921961239,0.3333333333333333,0.514390274886285,1.0,1.0,0.7104315490030335,0.858293042094651,0.988404026667012,0.39030219248658826,instance,f_classif_top25
1,0.18766339869281046,0.2,0.1504424778761062,0.42857142857142855,0.22407098273925763,0.0,0.4809168016471723,0.9982935153583617,1.0,0.6974763095630058,0.8724387308645117,0.9979065552464479,2.188868462531939,instance,f_classif_top25
0,0.8350174865267744,0.8,0.7834394904458599,0.5238095238095238,0.7647990603736814,1.0,0.5610743991542528,1.0,1.0,0.7307564093424673,0.8855747491331784,0.9907823254302326,-2.344833747503579,instance,f_classif_top25
1,0.11478758169934655,0.0,0.21656050955414008,0.6190476190476191,0.22583654385870178,0.0,0.4378670613209994,0.9931740614334471,1.0,0.7364856344360682,0.8637159560416443,0.9993440996117431,1.664105160872028,instance,f_classif_top25
1,0.1516265597147951,0.2,0.1504424778761062,0.6666666666666666,0.24053685523829849,0.0,0.46281965512711365,0.9988623435722411,1.0,0.7509945902856839,0.9010703937204585,0.9939374840954108,1.8828551840152026,instance,f_classif_top25
1,0.309727794469532,0.2,0.21656050955414008,0.6190476190476191,0.2936541655178134,0.0,0.44300306389929023,0.9994311717861206,1.0,0.7142257317379228,0.9006743299072859,0.9997820400820068,1.022956859656099,instance,f_classif_top25
1,0.10886901047084108,0.2,0.4642857142857143,0.42857142857142855,0.21230513709210808,0.0,0.4662721190328649,0.9982935153583617,1.0,0.6858452075426997,0.8335087614979361,0.9871432457578676,2.2730374892644396,instance,f_classif_top25
1,0.2591778591778592,0.4,0.6195244055068836,0.6190476190476191,0.6185799426718613,0.0,0.47610896270088465,0.9982935153583617,0.88,0.6666666666666666,0.8503081100637772,0.9964267155046619,-0.15510241017746057,instance,f_classif_top25
1,0.2847002338527762,0.6,0.4642857142857143,0.5714285714285714,0.5395301394951134,0.6666666666666666,0.5562969563649992,1.0,1.0,0.708919141252506,0.898524126056767,0.9975853073603206,0.31863314686741384,instance,f_classif_top25
1,0.24976257626338205,0.2,0.21656050955414008,0.8095238095238095,0.2914673139209518,0.0,0.47798319531968736,0.9994311717861206,1.0,0.7132011730543805,0.9066530624647088,0.9979317730208287,1.3812052744747458,instance,f_classif_top25
1,0.5016469863887238,0.8,0.21656050955414008,0.6190476190476191,0.412344627024253,1.0,0.5377168920567399,1.0,1.0,0.7362084932343308,0.8748485217212231,0.9975678011579846,1.177977808754061,instance,f_classif_top25
1,0.11478758169934655,0.2,0.21656050955414008,0.6190476190476191,0.21475756204770324,0.0,0.4775708843637315,0.9982935153583617,1.0,0.7191909430120502,0.8910193562529996,0.9850978514230824,3.0360583592017836,instance,f_classif_top25
0,0.5819103612815268,0.6,0.4517241379310345,0.42857142857142855,0.5619083971194311,0.6666666666666666,0.464647265574859,0.9991935483870967,1.0,0.7083821120675312,0.893078991536284,0.9987627486949242,-0.4701972057714788,instance,f_classif_top25
1,0.11599531116794548,0.4,0.21212121212121215,0.42857142857142855,0.5489316167027068,0.5,0.5109865110071845,1.0,1.0,0.6978950167432921,0.9022258100888583,0.9985562407108873,0.5018722274675431,instance,f_classif_top25
1,0.4460914308331684,0.4,0.21656050955414008,0.47619047619047616,0.2527822964319021,0.0,0.48606435917000135,0.9988623435722411,1.0,0.7101245508331183,0.8726418364839776,0.9949509583862055,1.7656784791951547,instance,f_classif_top25
1,0.4208521539809883,0.2,0.2713178294573644,0.42857142857142855,0.5329711914565931,0.0,0.4775058486527476,0.9994311717861206,1.0,0.6794149306668682,0.88855983413592,0.9978900050688574,-0.4179101474007231,instance,f_classif_top25
1,0.429460212589047,0.6,0.28735632183908044,0.47619047619047616,0.31999619513479305,0.0,0.4893692664517282,0.9994311717861206,1.0,0.6973978719553141,0.8467564789506021,0.9840799013129654,0.7382167648673137,instance,f_classif_top25
1,0.2488031762412568,0.2,0.2713178294573644,0.5238095238095238,0.2404282606984145,0.3333333333333333,0.4882926477331062,0.9988623435722411,1.0,0.7122546428444605,0.868885772486513,0.9997455333403089,0.5611153130433663,instance,f_classif_top25
1,0.06140971239981141,0.0,0.21656050955414008,0.8095238095238095,0.23805073169271174,0.0,0.4173469788534542,0.9960182025028441,1.0,0.7090185103339396,0.8848562186543912,0.984727008962299,1.613014736155674,instance,f_classif_top25
1,0.1516265597147951,0.0,0.21212121212121215,0.38095238095238093,0.25459816130941537,0.0,0.4080245455132554,0.9960182025028441,1.0,0.6996359723256893,0.8968033889619688,0.9970506710884923,2.0122007395506194,instance,f_classif_top25
1,0.3400308247725623,0.2,0.2713178294573644,0.42857142857142855,0.5099435638326603,1.0,0.5060811789699211,1.0,1.0,0.6780682182869763,0.9078295100159588,0.9959064007019938,0.6627977215600649,instance,f_classif_top25
1,0.16442456602639677,0.2,0.28735632183908044,0.47619047619047616,0.2589212914609721,1.0,0.544286451315696,1.0,1.0,0.6886755616106095,0.8671316855468606,0.9920862956089236,0.9447996979720367,instance,f_classif_top25
1,0.4574414905703249,0.4,0.6195244055068836,0.5238095238095238,0.5064256902521354,0.0,0.4202369777299555,0.9982935153583617,1.0,0.6917514924047908,0.8913444234589631,0.9997553765825575,0.7234020536180774,instance,f_classif_top25
1,0.25636464263124603,0.0,0.2713178294573644,0.5714285714285714,0.3206727315963861,0.0,0.4417235015534222,0.9948805460750854,1.0,0.708205747788197,0.9000996378731521,0.9893438596127834,0.816484949268114,instance,f_classif_top25
1,0.3320563431138702,0.0,0.21656050955414008,0.6190476190476191,0.2643771344162972,0.0,0.45798454539172984,0.9960182025028441,1.0,0.6771458213636217,0.8961754393883362,0.997162421146576,1.9440340344974951,instance,f_classif_top25
1,0.2971956535883922,0.4,0.1504424778761062,0.42857142857142855,0.5324060311135352,0.0,0.4744479940788032,0.9982935153583617,1.0,0.7061419008893879,0.8949766108113327,0.993174039038134,-0.12228004357513365,instance,f_classif_top25
1,0.3320563431138702,0.0,0.21656050955414008,0.6190476190476191,0.3200908911079458,0.0,0.4698047928638259,0.997155858930603,1.0,0.7084825739712496,0.8998515927187889,0.9924115108796688,1.6520642218212114,instance,f_classif_top25
0,0.7542901542901542,0.8,0.3804755944931164,0.8095238095238095,0.6535894114175241,1.0,0.5390450799884725,1.0,1.0,0.7167519010182868,0.8943209199377562,0.989128711458132,-1.5914226791920476,instance,f_classif_top25
1,0.10781499202551836,0.2,0.1504424778761062,0.5238095238095238,0.2120823665127694,0.0,0.4947398405035438,0.9988623435722411,0.92,0.6217583370699449,0.8470140692182663,0.9988743869057399,3.129954008074257,instance,f_classif_top25
1,0.3849547180835523,0.4,0.5482758620689655,0.38095238095238093,0.5108879500418673,0.5,0.48879237754563565,0.9994311717861206,1.0,0.7133032046988554,0.9063802879635122,0.999979638604898,0.49278507600368254,instance,f_classif_top25
1,0.5842221173509516,0.8,0.6195244055068836,0.6190476190476191,0.5161700558215382,0.0,0.4848312647851971,0.9994311717861206,1.0,0.7001727169471521,0.8751652732258914,0.9779964225414337,0.1072277087591571,instance,f_classif_top25
1,0.5884621463568831,0.6,0.2713178294573644,0.47619047619047616,0.24061561382425728,1.0,0.5665901808630338,1.0,1.0,0.7548274737035288,0.8733107727728084,0.997115302603444,2.0271471756001453,instance,f_classif_top25
0,0.24483923483923486,0.6,0.3804755944931164,0.7142857142857143,0.37897187324545123,0.0,0.4889566995973199,0.9991935483870967,1.0,0.6771141321432377,0.8596757896335805,0.9970812228016939,1.2786694227557935,instance,f_classif_top25
1,0.1335886335886336,0.4,0.21212121212121215,0.42857142857142855,0.29602335419718273,0.0,0.4745526006197869,0.9982935153583617,1.0,0.7134421212645052,0.8480329385853729,0.9733555731422797,2.2286672675871815,instance,f_classif_top25
1,0.22222222222222232,0.6,0.28735632183908044,0.2857142857142857,0.21347214070288467,0.0,0.4549325427644627,0.9994311717861206,1.0,0.7025299051277607,0.8543429922926051,0.9936838576672088,2.4809578478741194,instance,f_classif_top25
1,0.3037478529003953,0.2,0.21656050955414008,0.38095238095238093,0.27968485609405036,0.0,0.46871774875984895,0.9977246871444824,1.0,0.6674543421229711,0.8648530076985438,0.9979605285263633,1.9418528321796265,instance,f_classif_top25
1,0.386047728387089,0.2,0.19444444444444442,0.2857142857142857,0.39810047254045167,0.0,0.4933463892249822,0.9988623435722411,1.0,0.7753385373362428,0.8975117104456908,0.9991270681984041,1.7366088310408572,instance,f_classif_top25
1,0.1335886335886336,0.0,0.6195244055068836,0.6190476190476191,0.37323841877851327,0.0,0.4455384160676227,0.9863481228668942,1.0,0.6698685343086822,0.8498952341934884,0.9571231378436682,1.7596147884749926,instance,f_classif_top25
0,0.848373440285205,1.0,0.8495575221238938,0.7619047619047619,0.766874588895139,1.0,0.5722768453075205,1.0,1.0,0.7355692929556411,0.9072406974393972,0.99787412454811,-2.1667214309410383,instance,f_classif_top25
1,0.12794547643618837,0.4,0.21656050955414008,0.42857142857142855,0.21494581045055,0.0,0.45287395629812566,0.9994311717861206,1.0,0.6782841986530966,0.8416156880830735,0.9841598720001922,3.4062380822900327,instance,f_classif_top25
1,0.5862318362318362,0.6,0.6195244055068836,0.5714285714285714,0.5752265724975288,1.0,0.5610516610483562,1.0,1.0,0.6856136758631701,0.8513394809104661,0.9937083070817408,0.10920323345926804,instance,f_classif_top25
1,0.5586667760061366,0.6,0.6195244055068836,0.5238095238095238,0.5324215550055293,1.0,0.5164748561594283,1.0,1.0,0.7030421750076927,0.8891189119758665,0.9999451831653675,0.29684901036662353,instance,f_classif_top25
1,0.18766339869281046,0.6,0.1504424778761062,0.42857142857142855,0.2993521761103158,1.0,0.5115793092124588,1.0,1.0,0.6894651852216027,0.8940299048695965,0.9988920857399151,1.6496922442083843,instance,f_classif_top25
1,0.17833400483481066,0.2,0.1504424778761062,0.6666666666666666,0.22948475109013167,0.0,0.479945018383481,0.9988623435722411,1.0,0.7791950044905832,0.8899533659871871,0.9899231937154558,1.291407162484282,instance,f_classif_top25
1,0.16498251347322557,0.0,0.21656050955414008,0.38095238095238093,0.21420812113335702,0.0,0.4285072082125059,0.9954493742889647,1.0,0.7222097024560721,0.8817344552645533,0.9949206394905336,2.66146662893195,instance,f_classif_top25
0,0.4798534798534798,0.2,0.3804755944931164,0.3333333333333333,0.48354702347558365,0.0,0.4265657019908037,0.9967741935483871,1.0,0.6670123730841737,0.8533611212586578,0.993653016123024,0.33718657913949374,instance,f_classif_top25
1,0.5261992435386043,0.4,0.1504424778761062,0.6666666666666666,0.38794903217928045,0.5,0.5111622589805684,1.0,1.0,0.7092995742416845,0.904878751734002,0.9888838471008966,0.8146758555895157,instance,f_classif_top25
0,0.2656200156200157,0.0,0.3804755944931164,0.8571428571428571,0.38597803012469023,0.0,0.43942855320561525,0.9951612903225806,1.0,0.7091107801710635,0.8816126208347238,0.9998996797220029,1.1685172682178373,instance,f_classif_top25
0,0.3876447876447876,0.6,0.4450261780104712,0.47619047619047616,0.7855830646998405,1.0,0.5123064870369828,1.0,1.0,0.7071578469229425,0.8934329021431797,0.9788152999088532,-0.9644650160821271,instance,f_classif_top25
0,0.5828828828828829,0.4,0.4517241379310345,0.6666666666666666,0.7759529320201848,0.0,0.4697802523440978,0.9991935483870967,1.0,0.7509611360723666,0.8594416809532174,0.9572821789152096,-0.09931574102445806,instance,f_classif_top25
0,0.44267399267399277,0.4,0.3804755944931164,0.6190476190476191,0.42418323793803436,0.0,0.4993099937043233,0.9991935483870967,1.0,0.6983831096885486,0.885982873827366,0.99720920661736,-0.2919863472228785,instance,f_classif_top25
0,0.125,0.0,0.3804755944931164,0.6190476190476191,0.48922446226844596,0.0,0.38231646584031387,0.9911290322580645,1.0,0.6881214138062999,0.8488751471435162,0.9924696340620988,-1.2066899868685208,instance,f_classif_top25
0,0.3030402930402931,0.0,0.3804755944931164,0.6190476190476191,0.3772586872990482,0.0,0.4577395728414676,0.9943548387096774,1.0,0.7084524926034674,0.8141822856352102,0.9717687400285338,0.8095769768080464,instance,f_classif_top25
0,0.7105548840540783,0.2,0.7126436781609196,0.38095238095238093,0.6300922562943848,0.6666666666666666,0.57156800851706,1.0,1.0,0.7146560149840112,0.8597699058213913,0.9794213005124529,-0.8021015317509546,instance,f_classif_top25
0,0.463980463980464,0.4,0.7878787878787878,0.42857142857142855,0.4698650052679628,0.0,0.4803387282940318,0.9983870967741936,1.0,0.7148045860484267,0.9009953983602219,0.9999435730674119,0.003791315904587298,instance,f_classif_top25
0,0.7436497326203209,0.8,0.4450261780104712,0.5238095238095238,0.7712940709959644,0.5,0.5007479843152542,1.0,1.0,0.7322435704371618,0.8580946358012916,0.9915837756055437,-1.591947428473801,instance,f_classif_top25
0,0.36874236874236876,0.2,0.4450261780104712,0.42857142857142855,0.5357838175756614,0.0,0.42709522532621136,0.9991935483870967,1.0,0.7438060481085043,0.8909902286326065,0.9987259487754103,-0.08371736828464366,instance,f_classif_top25
0,0.463980463980464,0.4,0.4450261780104712,0.5238095238095238,0.3978969747317448,0.2,0.4180004299777369,0.9975806451612903,1.0,0.7372173841819107,0.9043322156875216,0.9939245347955098,0.832586347169805,instance,f_classif_top25
0,0.535408954811766,0.8,0.7286821705426356,0.47619047619047616,0.6889196403140897,0.5,0.5277757111773553,1.0,1.0,0.7095866324347534,0.8943198205291438,0.9991649495051171,-0.7465738262800397,instance,f_classif_top25
1,0.30575980392156854,0.4,0.21656050955414008,0.6666666666666666,0.21275456609117016,0.5,0.47247427907465,0.9994311717861206,1.0,0.6867350372569767,0.8305225654826457,0.9882734342168145,2.7264807335312087,instance,f_classif_top25
0,0.7511968237587433,0.4,0.4517241379310345,0.6190476190476191,0.7375700761601965,1.0,0.5007458699401113,1.0,1.0,0.6998033842436852,0.8677600537518283,0.9976438755602586,0.13068819617372388,instance,f_classif_top25
0,0.16208791208791207,0.0,0.3804755944931164,0.9523809523809523,0.39497390475226746,0.5,0.45059100994362,0.9943548387096774,1.0,0.6745755810633391,0.8540627839349944,0.9903599512932849,-0.20518842989271702,instance,f_classif_top25
0,0.44487118697645,0.2,0.7286821705426356,0.47619047619047616,0.610553150169001,0.0,0.48084862459841826,0.9983870967741936,1.0,0.7174315547303403,0.873915604741637,0.9954065003694815,0.6381220624436558,instance,f_classif_top25
0,0.6815628815628816,0.6,0.3804755944931164,0.6190476190476191,0.5354672234995295,1.0,0.5616015347902072,1.0,0.96,0.6666666666666666,0.8163466616939137,0.968250073953622,2.02426019510138,instance,f_classif_top25
0,0.3609068627450981,0.2,0.4517241379310345,0.5238095238095238,0.6974217572103178,1.0,0.5322802228391162,1.0,1.0,0.708462404910151,0.8541683536091454,0.9830512053292155,-1.0041361290394208,instance,f_classif_top25
0,0.5586404586404587,0.4,0.8495575221238938,0.5238095238095238,0.7782609879574107,0.0,0.4987369570067286,0.9991935483870967,1.0,0.6914892610513814,0.851597163413376,0.9658123854661369,-2.025053363832535,instance,f_classif_top25
0,0.5869408369408369,0.6,0.7286821705426356,0.47619047619047616,0.460207735727434,0.5,0.5087908766774905,1.0,1.0,0.7508624548991163,0.9140815385270661,0.9983374372048186,-0.366560317866819,instance,f_classif_top25
0,0.3734426155478787,0.2,0.4517241379310345,0.5238095238095238,0.6400091008183527,0.0,0.48089922060538925,0.9975806451612903,1.0,0.7151476433372073,0.8496501688980597,0.9926087576078104,0.30288354169298265,instance,f_classif_top25
0,0.29524964524964525,0.2,0.3804755944931164,0.7142857142857143,0.38122564375577117,0.5,0.5046671793873898,1.0,1.0,0.7211719043965642,0.8735330738258514,0.9913691611545509,2.3206004455126354,instance,f_classif_top25
0,0.4333967160573554,0.6,0.4517241379310345,0.5238095238095238,0.5364839680016341,0.0,0.44077807374685385,0.9991935483870967,1.0,0.7094591582529639,0.8842494895797227,0.9971557458596509,-0.2678840001246299,instance,f_classif_top25
0,0.44267399267399277,0.8,0.3804755944931164,0.7142857142857143,0.39896375533934314,1.0,0.5430664887153374,1.0,1.0,0.7054548837799074,0.8874723630805748,0.9970328759770541,-0.09423950395221718,instance,f_classif_top25
1,0.5279820261437909,0.8,0.5549738219895288,0.6190476190476191,0.3404025828182631,1.0,0.5160730134424537,1.0,1.0,0.7346289059341584,0.887717554380107,0.9979304002076916,0.8197338342900166,instance,f_classif_top25
0,0.5652062653240972,0.0,0.4517241379310345,0.42857142857142855,0.6194604923950452,0.0,0.430329648518299,0.9935483870967742,1.0,0.7165347716707626,0.8460859448651896,0.982699337430255,0.27579473133115767,instance,f_classif_top25
0,0.2148962148962149,0.0,0.3804755944931164,0.8095238095238095,0.4305337424781883,0.0,0.4776842483522211,0.9943548387096774,0.96,0.6577324660244405,0.8456598571687232,0.9985153702888201,-0.8163694975790118,instance,f_classif_top25
0,0.33791208791208793,0.8,0.3804755944931164,0.47619047619047616,0.3828912409491326,1.0,0.5261778416832252,1.0,1.0,0.7052789402053989,0.8148875655671459,0.9965241213555226,2.1115159177273517,instance,f_classif_top25
0,0.3481140649852307,0.4,0.3804755944931164,0.8095238095238095,0.4668701403849568,0.0,0.45459793374542334,0.9983870967741936,1.0,0.7061587387418775,0.8802728746223946,0.9988434001078704,-0.7018078989716544,instance,f_classif_top25
0,0.3609068627450981,0.6,0.7834394904458599,0.47619047619047616,0.7871815517648952,0.5,0.4364857501608884,0.9983870967741936,1.0,0.6891154206949653,0.8269761808856468,0.9488293484283337,-1.7923627425138802,instance,f_classif_top25
0,0.5909645103673216,0.2,0.3804755944931164,0.6190476190476191,0.37765091558665986,0.0,0.42339522605962454,0.9975806451612903,1.0,0.7061380510332311,0.8543096827974078,0.9979960959403036,2.390323719539413,instance,f_classif_top25
0,0.6485395986574305,0.2,0.7286821705426356,0.5238095238095238,0.48252094623138475,1.0,0.5072401016703728,1.0,1.0,0.7169873767466964,0.8649211749502029,0.9874933342541933,0.2552307667029244,instance,f_classif_top25
0,0.8142079126060819,1.0,0.5357142857142857,0.5238095238095238,0.728099531581466,1.0,0.5248115566610823,1.0,1.0,0.7295771747806907,0.885727457125555,0.9888422732541549,-0.5792696697053482,instance,f_classif_top25
0,0.463980463980464,0.2,0.3804755944931164,0.42857142857142855,0.4065975071888758,0.0,0.4895109722856972,0.9991935483870967,1.0,0.6942648853846018,0.8921832608459812,0.9972464652514745,1.1529925547220872,instance,f_classif_top25
0,0.8142079126060819,1.0,0.5357142857142857,0.5238095238095238,0.7645299301068449,1.0,0.5937789053734458,1.0,1.0,0.7152755167764708,0.8698575294123431,0.9875327601377824,-1.6006995929429457,instance,f_classif_top25
0,0.4032045203097834,0.4,0.4517241379310345,0.6190476190476191,0.6614648580919694,0.5,0.466935655587862,0.9983870967741936,1.0,0.7373296014967732,0.871709414880429,0.991712854982161,-0.07077631701678534,instance,f_classif_top25
0,0.42429784370065493,0.2,0.7286821705426356,0.5238095238095238,0.42689075676077093,0.3333333333333333,0.47837308257415845,0.9975806451612903,1.0,0.6861440856374591,0.8787178004630063,0.9812677688504963,-0.33853087739404797,instance,f_classif_top25
0,0.27446886446886454,0.2,0.3804755944931164,0.7142857142857143,0.39113573466659557,0.0,0.4504607868397761,0.9983870967741936,1.0,0.7062734582919685,0.8546899014200479,0.9552386379908787,1.1175344454832643,instance,f_classif_top25
0,0.3366910866910867,0.6,0.3804755944931164,0.5238095238095238,0.4435212812708852,0.5,0.48441682144526876,0.9983870967741936,1.0,0.683175344411721,0.8454708888917841,0.996573425073158,0.19558424328359156,instance,f_classif_top25
0,0.20780219780219777,0.2,0.3804755944931164,0.7142857142857143,0.3784403152147644,0.0,0.4927936491751109,0.9991935483870967,1.0,0.7106013689327808,0.8372224699330232,0.9947896695105883,1.5987934416836416,instance,f_classif_top25
0,0.7979108309990662,0.8,0.4450261780104712,0.5714285714285714,0.7371780549608881,1.0,0.57810178740533,1.0,1.0,0.6754436572203663,0.8639799226507169,0.9995233516045237,-1.5036517985755073,instance,f_classif_top25
0,0.3734426155478787,0.4,0.4517241379310345,0.6666666666666666,0.7485586216522683,1.0,0.5045292620400226,1.0,1.0,0.7040810603839358,0.8187248122087136,0.9779428490925901,-0.020268928161980972,instance,f_classif_top25
0,0.45561893827957756,0.0,0.3804755944931164,0.7142857142857143,0.5140815311094928,0.0,0.4394756331826877,0.992741935483871,1.0,0.7275845887189937,0.8681915759928244,0.9982920882864486,0.531457431123335,instance,f_classif_top25
0,0.4681189382795776,0.2,0.3804755944931164,0.6190476190476191,0.39431317140540323,0.5,0.46555944290926043,0.9983870967741936,1.0,0.6976674663421338,0.8849194497111437,0.9822398258660804,0.5760179604449682,instance,f_classif_top25
0,0.3557461307461307,0.6,0.4450261780104712,0.47619047619047616,0.41894964152531344,0.5,0.4857402508795122,0.9991935483870967,1.0,0.6899249558140439,0.9018210400658507,0.996764571102693,0.7254450856226515,instance,f_classif_top25
0,0.5335372069317024,0.6,0.3804755944931164,0.5238095238095238,0.6395465973217132,1.0,0.5127387226005522,1.0,0.96,0.6666666666666666,0.8250662980156375,0.9963597926252492,-2.147737291816648,instance,f_classif_top25
0,0.8540939524921218,0.6,0.4450261780104712,0.5714285714285714,0.7793408553559553,0.0,0.4975772608743906,0.9991935483870967,1.0,0.6982731530506942,0.8817271050787799,0.9984605127187007,-1.188282280103993,instance,f_classif_top25
0,0.3328021978021978,0.0,0.3804755944931164,0.8095238095238095,0.37765064311418906,0.0,0.45310698779803604,0.9951612903225806,1.0,0.7170084860377606,0.8682338584779228,0.985798834550438,1.4851784323294972,instance,f_classif_top25
1,0.7612621296831823,0.8,0.6195244055068836,0.6190476190476191,0.6178220329958155,0.5,0.49768069451515773,0.9994311717861206,1.0,0.6801887676801308,0.8576663908931528,0.99900738353685,-0.40596587382899185,instance,f_classif_top25
0,0.5923701076283701,0.4,0.7834394904458599,0.47619047619047616,0.45093153140057973,0.5,0.519478608768245,1.0,1.0,0.6967531415496302,0.8969561032579686,0.9837567622716953,0.19366322401433092,instance,f_classif_top25
0,0.125,0.2,0.7286821705426356,0.3333333333333333,0.5027903321546255,0.0,0.4184862922528064,0.9967741935483871,1.0,0.7331161085792393,0.8597054839326509,0.9977184263279137,-1.2737956313004315,instance,f_classif_top25
0,0.4295854804329381,0.2,0.3804755944931164,0.6666666666666666,0.38856536471880276,0.0,0.49171179454917535,0.9983870967741936,1.0,0.7245525366372494,0.8724119266752516,0.9969477470809892,0.960023555493071,instance,f_classif_top25
1,0.4187927496580027,0.4,0.5482758620689655,0.5714285714285714,0.2852416186127682,0.2,0.4981149563476934,0.9994311717861206,1.0,0.7018479186920642,0.8571014553141068,0.9323041801851691,0.7888294329296257,instance,f_classif_top25
0,0.30934065934065924,0.4,0.3804755944931164,0.42857142857142855,0.3769590078146511,0.0,0.47600317363488376,0.9991935483870967,1.0,0.6850446709227251,0.8354488316425841,0.9725515683234038,2.142312111188408,instance,f_classif_top25
0,0.531440700843512,0.8,0.7126436781609196,0.38095238095238093,0.6848561812336129,1.0,0.5345985679505808,1.0,1.0,0.6956073575585312,0.8801389954621939,0.9944466483913598,-0.5887038715610857,instance,f_classif_top25
0,0.3744688644688644,0.2,0.3804755944931164,0.7142857142857143,0.3817597738269979,0.0,0.458028994093465,0.9975806451612903,1.0,0.6934732137354318,0.8615589623015741,0.9905646469564761,1.431504655804023,instance,f_classif_top25
1,0.5279820261437909,0.6,0.4642857142857143,0.42857142857142855,0.23179549393130205,1.0,0.5568853897268342,1.0,1.0,0.6866245755500943,0.8571755764641656,0.946715034544624,0.4692816123434652,instance,f_classif_top25
1,0.5943810617204224,0.2,0.6195244055068836,0.8095238095238095,0.5586454155220001,0.5,0.5066211636743645,1.0,1.0,0.7026600882623295,0.9041875917287204,0.997500549275215,0.1292865042704032,instance,f_classif_top25
0,0.46223142910259485,0.4,0.7126436781609196,0.38095238095238093,0.3995186259265754,1.0,0.5103041959232535,1.0,1.0,0.6777558344417329,0.868476611528887,0.9930166212122251,0.2739534015312679,instance,f_classif_top25
0,0.47337861524978087,0.6,0.4517241379310345,0.5238095238095238,0.3882062721110613,1.0,0.5106910793362789,1.0,1.0,0.6964546803593139,0.8763188390690108,0.9872994482609403,1.8632413252458306,instance,f_classif_top25
0,0.47380075646139586,0.0,0.4517241379310345,0.5238095238095238,0.4847646367078591,0.25,0.46013648596056544,0.9959677419354839,1.0,0.705491939997231,0.9097793059846586,0.9971771284284512,0.19745840190822642,instance,f_classif_top25
0,0.4621766315794428,0.4,0.3804755944931164,0.42857142857142855,0.39146319875643754,1.0,0.5279685407599926,1.0,1.0,0.6801429673248399,0.864677158850684,0.9974535404097277,-0.1218030741669435,instance,f_classif_top25
0,0.4032045203097834,0.0,0.4517241379310345,0.5238095238095238,0.44511090703751,0.0,0.4544460249042491,0.9951612903225806,1.0,0.7168540127839567,0.8945552132206197,0.994311518054345,-0.14132185231112104,instance,f_classif_top25
0,0.5990021008403361,0.6,0.5357142857142857,0.5238095238095238,0.7784236969289545,0.6666666666666666,0.4356759965589255,0.9991935483870967,1.0,0.7236281675921368,0.8639345882679561,0.9976793937796227,-1.76508733683323,instance,f_classif_top25
1,0.409035409035409,0.4,0.5549738219895288,0.6190476190476191,0.4089925013630368,1.0,0.5295407538689765,1.0,1.0,0.712517045236208,0.8905533110520305,0.9854814624495052,0.3536737797184159,instance,f_classif_top25
0,0.2387378703168177,0.2,0.3804755944931164,0.6190476190476191,0.3774241086439202,0.0,0.47306749924625,0.9991935483870967,1.0,0.6829017256382947,0.8578038707670115,0.9774703708599438,1.0010620319531867,instance,f_classif_top25
0,0.3717717717717718,0.4,0.4450261780104712,0.42857142857142855,0.6888416618735086,0.0,0.4990467495975961,0.9991935483870967,1.0,0.679247568951264,0.8879508987144239,0.9978944157512802,-0.8190401578405654,instance,f_classif_top25
0,0.3659308527729581,0.4,0.3804755944931164,0.47619047619047616,0.42318798366292854,0.5,0.4971927070496519,0.9991935483870967,1.0,0.6940274487688385,0.8451956750239117,0.9969707603375825,1.0486177852325507,instance,f_classif_top25
0,0.3557461307461307,0.0,0.4450261780104712,0.47619047619047616,0.5342343757805809,0.0,0.45439098695890234,0.9943548387096774,1.0,0.678802726285848,0.8626275311531737,0.9925959667502109,0.930445858570066,instance,f_classif_top25
0,0.35512759723286036,0.4,0.5357142857142857,0.7619047619047619,0.6878173898809022,0.5,0.5454627666059626,1.0,1.0,0.7169204769596306,0.8910304091182933,0.9959636094805984,-0.570137100310593,instance,f_classif_top25
0,0.16208791208791207,0.2,0.3804755944931164,0.6666666666666666,0.377688469648259,0.0,0.4047478142528175,0.9975806451612903,0.96,0.6652601194107504,0.8469357631474562,0.9972916550464948,1.1818815541923744,instance,f_classif_top25
1,0.19574420677361848,0.0,0.1504424778761062,0.5238095238095238,0.2150323443007161,0.0,0.4542786252006894,0.9954493742889647,1.0,0.7224477483403282,0.8499351603653739,0.9780510102172456,2.570390475621108,instance,f_classif_top25
0,0.48724190250016497,0.6,0.5357142857142857,0.42857142857142855,0.47977386362084007,0.0,0.45327693825615134,0.9991935483870967,1.0,0.6936059716842867,0.8975797484550031,0.9943361935963566,0.8147402886882923,instance,f_classif_top25
1,0.35347985347985345,0.2,0.5549738219895288,0.47619047619047616,0.40300319742597945,0.0,0.4804191432446254,0.9988623435722411,1.0,0.7092548154271738,0.8874480578284444,0.9929656812091449,0.9520352113512921,instance,f_classif_top25
0,0.49835301361127604,0.4,0.5357142857142857,0.42857142857142855,0.47628921543767344,0.0,0.4718507995127673,0.9991935483870967,1.0,0.6897525486625627,0.916166151521902,0.998154591112495,-0.45658540084895094,instance,f_classif_top25
0,0.47337861524978087,0.4,0.3804755944931164,0.6190476190476191,0.3843506355119902,0.0,0.47966214819483566,0.9983870967741936,1.0,0.6729178967800918,0.8870255639011027,0.9945391021350399,1.2405066139416965,instance,f_classif_top25
0,0.4032045203097834,0.0,0.4517241379310345,0.6666666666666666,0.4553051991782462,0.0,0.4248901893888324,0.9919354838709677,1.0,0.6904903192954729,0.8716104598032886,0.9992162807827565,0.9941947234420472,instance,f_classif_top25
1,0.3036223036223036,0.8,0.6195244055068836,0.6666666666666666,0.6228388367906252,0.5,0.4616391131434143,0.9994311717861206,1.0,0.717575094225974,0.8453531080101251,0.9712931154656527,-1.3513568384024675,instance,f_classif_top25
0,0.4761317587923982,0.8,0.3804755944931164,0.6190476190476191,0.3917895798606096,1.0,0.5553397052068647,1.0,1.0,0.7095937943266094,0.8937930744770115,0.9953654887697558,0.283916482830794,instance,f_classif_top25
0,0.6020757020757022,0.2,0.3804755944931164,0.7142857142857143,0.4100034937030528,0.3333333333333333,0.4660671274328917,0.9975806451612903,1.0,0.7338448266381311,0.8838564963346589,0.979234068559685,0.353918969463826,instance,f_classif_top25
0,0.6076311770339882,0.6,0.7834394904458599,0.47619047619047616,0.7004000482630833,1.0,0.5110565057981885,1.0,1.0,0.7043557293575176,0.8872812074268656,0.9692788878294697,-0.5779005999128308,instance,f_classif_top25
1,0.4187927496580027,0.6,0.4642857142857143,0.38095238095238093,0.23003597736094478,0.25,0.46831113116601697,0.9988623435722411,1.0,0.7265725466765571,0.8577009540449291,0.9794804983057985,0.9222471600497186,instance,f_classif_top25
0,0.4340929009640666,0.4,0.4517241379310345,0.6190476190476191,0.7469543450046258,1.0,0.5295582610343437,1.0,1.0,0.6897383389958296,0.8640805790080137,0.9929869911328566,0.5905821543810938,instance,f_classif_top25
0,0.5777180929763555,0.2,0.7834394904458599,0.47619047619047616,0.49197288035673603,0.0,0.49902744061917503,0.9991935483870967,1.0,0.6977566912030818,0.9071817330836712,0.9920108580541109,0.9566132981195506,instance,f_classif_top25
0,0.2387378703168177,0.4,0.3804755944931164,0.8571428571428571,0.38711551213029705,0.0,0.41273624803980846,0.9991935483870967,1.0,0.7107019037436245,0.8368893177452229,0.9388836641494118,-0.26032198007797946,instance,f_classif_top25
0,0.37411121598238173,0.4,0.7126436781609196,0.38095238095238093,0.38455825901708074,0.0,0.46152501611432617,0.9991935483870967,1.0,0.68447165122516,0.8461847803918048,0.9803965804920913,0.8466282696467118,instance,f_classif_top25
0,0.7105548840540783,0.8,0.7834394904458599,0.47619047619047616,0.6463753118754262,1.0,0.5759168756492696,1.0,1.0,0.6941700243809656,0.8906633713368046,0.9948661110689397,-0.6329440130372999,instance,f_classif_top25
0,0.3835239085239085,0.6,0.4450261780104712,0.38095238095238093,0.6886041931690884,0.5,0.4989600316587144,0.9991935483870967,1.0,0.6933627186554003,0.9150109614521797,0.998543066773594,-0.39908971083667444,instance,f_classif_top25
0,0.6295854804329379,0.2,0.3804755944931164,0.8095238095238095,0.4712368470688749,0.0,0.4759855239778219,0.9983870967741936,1.0,0.6951355772238297,0.8727418908540139,0.9820085448179823,0.3870772538599859,instance,f_classif_top25
0,0.22875457875457883,0.6,0.3804755944931164,0.6190476190476191,0.41546182310293023,0.4,0.5103273768498096,1.0,1.0,0.6928561337723299,0.8565616291193774,0.9768759615459923,-0.34405673952977683,instance,f_classif_top25
0,0.6599691752274377,0.8,0.8495575221238938,0.7142857142857143,0.4943105221684364,1.0,0.5370010182678584,1.0,1.0,0.717641042624052,0.9250552163915176,0.9992737529962846,-0.7133066536748894,instance,f_classif_top25
0,0.37411121598238173,0.0,0.7126436781609196,0.38095238095238093,0.45542089367213123,0.0,0.4416593923166836,0.9959677419354839,1.0,0.6882460492625633,0.8266326931467198,0.9514745621058689,0.9565532469982505,instance,f_classif_top25
0,0.49531739075998493,0.6,0.3804755944931164,0.9523809523809523,0.527160284951021,0.0,0.4028260747637098,0.9983870967741936,1.0,0.6918158231970319,0.8963874669566206,0.9993475010253091,-1.056056802321746,instance,f_classif_top25
0,0.22875457875457883,0.2,0.3804755944931164,0.6190476190476191,0.3895258144274849,1.0,0.5468697054851361,1.0,1.0,0.6811731928273977,0.8497743515455674,0.9948119200665607,-0.2836530655333716,instance,f_classif_top25
1,0.4130591630591631,0.6,0.19444444444444442,0.2857142857142857,0.5296157287579927,1.0,0.5126284857055192,1.0,1.0,0.7400908621640363,0.9022434281398,0.9954810970538519,0.0008131528886714219,instance,f_classif_top25
0,0.5539085691668315,0.6,0.4450261780104712,0.42857142857142855,0.49914851901495183,0.3333333333333333,0.489559373510312,0.9983870967741936,1.0,0.7113796894581135,0.9125373305012053,0.9995713674936945,0.039604754573041266,instance,f_classif_top25
0,0.491937564499484,0.6,0.7286821705426356,0.5238095238095238,0.6684658072467622,0.0,0.493080535226584,0.9991935483870967,1.0,0.710589401276544,0.8719418637928615,0.9988307215109705,-0.49763774753029694,instance,f_classif_top25
0,0.34837861524978087,0.2,0.3804755944931164,0.6190476190476191,0.38117412141603724,0.0,0.4598324971630502,0.9975806451612903,1.0,0.7120922432094279,0.8803990870224578,0.985496187537433,1.6186480289765273,instance,f_classif_top25
0,0.20780219780219777,0.0,0.3804755944931164,0.6190476190476191,0.37726840898732605,0.0,0.42976577828884455,0.9959677419354839,1.0,0.7014019917658386,0.8129306570632686,0.9928269615347111,3.6830257516194025,instance,f_classif_top25
0,0.47337861524978087,0.8,0.4517241379310345,0.5238095238095238,0.394317538201046,0.0,0.4753764227427687,0.9991935483870967,1.0,0.7245411573623615,0.8976790934173094,0.9914873560631853,1.321625091520838,instance,f_classif_top25
1,0.5110477283870891,1.0,0.2713178294573644,0.5238095238095238,0.5236326929901738,1.0,0.5488319430393258,1.0,1.0,0.6814212929189286,0.8785913666188246,0.9779200554503992,0.6479580403567029,instance,f_classif_top25
0,0.4229975927344348,0.4,0.4450261780104712,0.47619047619047616,0.59575605366055,0.0,0.49395781725958166,0.9991935483870967,1.0,0.6766946784019844,0.9051857146230495,0.9975660295687787,-1.2590558121179638,instance,f_classif_top25
0,0.29524964524964525,0.6,0.3804755944931164,0.6190476190476191,0.38264826750886116,1.0,0.5334997494074463,1.0,1.0,0.7338144337165008,0.8637900896412378,0.9993706113058122,1.633211962903677,instance,f_classif_top25
1,0.4293991625279969,0.8,0.28735632183908044,0.38095238095238093,0.5788836750459841,1.0,0.5111591134131246,1.0,1.0,0.6952474689168218,0.8641924340430055,0.9750721368394577,-1.7468652734580317,instance,f_classif_top25
0,0.49531739075998493,0.4,0.3804755944931164,0.9523809523809523,0.4575118119418523,0.0,0.4118390652968038,0.9983870967741936,1.0,0.701147881833946,0.8859356035936004,0.9761283911391961,-0.7448910502726078,instance,f_classif_top25
0,0.45561893827957756,0.8,0.4517241379310345,0.38095238095238093,0.6615005098651412,1.0,0.549979664580577,1.0,1.0,0.705983172827199,0.8912232663719317,0.9953609069653911,0.46615952714836423,instance,f_classif_top25
0,0.44487118697645,0.6,0.4450261780104712,0.5238095238095238,0.4098237717255647,1.0,0.5452012184587829,1.0,1.0,0.7147047437808731,0.9055731731748254,0.9952679980891722,0.8798390913408626,instance,f_classif_top25
0,0.46223142910259485,0.2,0.3804755944931164,0.6666666666666666,0.3853765934169151,0.0,0.4990980652151942,0.9991935483870967,1.0,0.7179395894595691,0.8826813793730557,0.9921073581493971,0.70370422434647,instance,f_classif_top25
0,0.750237423736618,1.0,0.8495575221238938,0.6666666666666666,0.7057711324557486,1.0,0.5252559212468499,1.0,1.0,0.7023254998286041,0.8818323294637987,0.9982089526806006,-1.1318276826797664,instance,f_classif_top25
0,0.34837861524978087,0.0,0.3804755944931164,0.6190476190476191,0.38208959276537835,0.0,0.4305148418893421,0.9903225806451613,1.0,0.6967405136663037,0.860434866711837,0.9789108244677881,1.0625081312497937,instance,f_classif_top25
0,0.6485395986574305,1.0,0.8495575221238938,0.5714285714285714,0.7270206229822236,1.0,0.5285965066915905,1.0,1.0,0.6887450583408908,0.8794075534345959,0.9968894880587317,-1.5747030317057038,instance,f_classif_top25
0,0.37589184276300847,0.0,0.3804755944931164,0.8095238095238095,0.3979205490304738,0.0,0.4066788805719611,0.9959677419354839,1.0,0.7305699522159618,0.8935661812737312,0.9774846616730132,0.31452672379509494,instance,f_classif_top25
0,0.16208791208791207,0.2,0.3804755944931164,0.42857142857142855,0.37818793551178764,0.0,0.49216474279153233,0.9991935483870967,0.92,0.651086308401531,0.7957460736404763,0.978276797542239,1.3103397211116499,instance,f_classif_top25
0,0.49835301361127604,0.4,0.5357142857142857,0.42857142857142855,0.6257456749342234,1.0,0.5080764910943181,1.0,1.0,0.7165859767428144,0.8806877374685694,0.9940507765648231,-0.931216902346132,instance,f_classif_top25
0,0.5812072503419974,0.2,0.5357142857142857,0.5238095238095238,0.7448536673413154,0.0,0.46199139041137793,0.9967741935483871,1.0,0.7193650943316833,0.8682896655829448,0.9839399630838185,-0.5678899769471647,instance,f_classif_top25
1,0.5217954796902164,0.2,0.1504424778761062,0.5238095238095238,0.270772067676747,0.0,0.45133976880549376,0.9977246871444824,1.0,0.7054306560851025,0.8385137955976656,0.9500417792689845,-0.7187088772451395,instance,f_classif_top25
0,0.34837861524978087,0.2,0.3804755944931164,0.6190476190476191,0.39741286252261915,0.0,0.44533861438682465,0.9975806451612903,1.0,0.6968802543300538,0.8972036974892699,0.9969503114788252,0.8061025919177421,instance,f_classif_top25
1,0.5659070990359334,0.8,0.2713178294573644,0.47619047619047616,0.35667655515015806,1.0,0.5128421828791477,1.0,1.0,0.6855779957822019,0.8712046109812644,0.9812388705530792,-1.0462528605006096,instance,f_classif_top25
0,0.5115995115995116,0.0,0.4450261780104712,0.42857142857142855,0.4170296234364872,0.0,0.45062767324684194,0.9959677419354839,1.0,0.7232528311170042,0.8945803380747683,0.9987237364625886,0.698350591682049,instance,f_classif_top25
0,0.45561893827957756,0.2,0.4517241379310345,0.6666666666666666,0.45788031443824323,0.4,0.4725696697509951,0.9991935483870967,1.0,0.7049029591037943,0.8853383231467151,0.9955098299999654,0.45997107890947153,instance,f_classif_top25
0,0.4286507240933184,0.4,0.3804755944931164,0.8095238095238095,0.4759398300492968,0.6666666666666666,0.5005732027505498,1.0,1.0,0.7060795720108662,0.9012829740988724,0.9995063769250185,-0.8574208205958591,instance,f_classif_top25
1,0.5551288130235499,0.4,0.21656050955414008,0.8095238095238095,0.4877901544689581,0.5,0.4593384260722483,0.9994311717861206,1.0,0.7282558073780182,0.9025313308674506,0.9901482641475493,-0.16550228954170734,instance,f_classif_top25
0,0.4681189382795776,0.0,0.3804755944931164,0.5714285714285714,0.4564409748115361,0.0,0.4160017448508416,0.9959677419354839,1.0,0.710218493484048,0.8956784126470911,0.9797925829691141,-0.2546286915109143,instance,f_classif_top25
0,0.42673505061564765,0.6,0.8495575221238938,0.5714285714285714,0.7357743838600113,1.0,0.5221882514279701,1.0,1.0,0.695818638273464,0.8805174144643844,0.992343429507658,-0.7464250870947056,instance,f_classif_top25
0,0.3609068627450981,0.2,0.4517241379310345,0.6190476190476191,0.7757443846353027,0.0,0.49585982114788096,0.9991935483870967,1.0,0.6897378608219511,0.8396108260231767,0.9976709017080113,1.054807747189228,instance,f_classif_top25
0,0.37589184276300847,0.4,0.3804755944931164,0.6190476190476191,0.40260826220617174,0.0,0.4343942296431019,0.9983870967741936,1.0,0.7022338869404924,0.9021395554854419,0.9961217612962676,0.1285641057824802,instance,f_classif_top25
0,0.7264278999270941,0.4,0.5357142857142857,0.42857142857142855,0.6301194381618579,0.0,0.47249472041226603,0.9991935483870967,1.0,0.7261635755001383,0.9127697373377839,0.9943693101832315,-0.8258224349078478,instance,f_classif_top25
0,0.37868164555281114,0.8,0.4517241379310345,0.5238095238095238,0.44885895879893334,1.0,0.5019335392212724,1.0,1.0,0.6908496854188936,0.8942453710136499,0.9991785444635045,-0.2588046182698974,instance,f_classif_top25
0,0.20780219780219777,0.0,0.3804755944931164,0.8571428571428571,0.3782307456960933,0.5,0.42690670944213405,0.9935483870967742,1.0,0.692747795133841,0.8762885620442792,0.9991239545942234,1.5917372125069795,instance,f_classif_top25
1,0.6805079305079305,0.8,0.6195244055068836,0.7142857142857143,0.622070876724838,1.0,0.5485904547669429,1.0,1.0,0.6952500671549612,0.8232855753254253,0.9678260559786815,-1.5305469087432026,instance,f_classif_top25
0,0.7512254901960784,0.6,0.7834394904458599,0.7142857142857143,0.6945071172811222,1.0,0.5587784936971795,1.0,1.0,0.7213805326116481,0.9043520328379635,0.9955872972607921,-0.9849266093607808,instance,f_classif_top25
0,0.5539085691668315,0.6,0.4450261780104712,0.5238095238095238,0.6027999857551922,0.5,0.5052662677169109,1.0,1.0,0.7018404886157348,0.9056950909878644,0.995584691636517,-0.3384710441447733,instance,f_classif_top25
0,0.43352390852390854,0.8,0.5357142857142857,0.7619047619047619,0.5405310778515257,0.6666666666666666,0.5374702336551966,1.0,1.0,0.7142800960311567,0.8863644251336621,0.9990037096922756,-0.45384165782424424,instance,f_classif_top25
0,0.3876447876447876,0.2,0.4450261780104712,0.47619047619047616,0.6821590040742588,1.0,0.5211635492635427,1.0,1.0,0.678837165910121,0.8751250500369138,0.9935361731377892,1.0607491265733475,instance,f_classif_top25
0,0.5652062653240972,0.4,0.4517241379310345,0.42857142857142855,0.5711530001582815,0.0,0.4932737875250084,0.9991935483870967,0.96,0.6362523111869565,0.8520988403250529,0.9991750545724415,-0.1484223167633408,instance,f_classif_top25
0,0.4276826445538102,0.2,0.3804755944931164,0.6190476190476191,0.3857840408219106,1.0,0.5167629695502447,1.0,1.0,0.7000664703928908,0.869994750970553,0.9776736515181591,0.9610022330095936,instance,f_classif_top25
0,0.35075956763073324,0.2,0.4450261780104712,0.42857142857142855,0.7861799282915548,0.0,0.4524101664909629,0.9991935483870967,1.0,0.684432052314984,0.8333418499624565,0.9833282302982544,-0.9515431869276774,instance,f_classif_top25
0,0.43352390852390854,0.6,0.4517241379310345,0.6190476190476191,0.5249429549471976,0.5,0.50036836194582,1.0,1.0,0.6942076240274995,0.8956898216103945,0.9840936136506444,0.3308100405050257,instance,f_classif_top25
0,0.4229975927344348,0.6,0.4450261780104712,0.38095238095238093,0.5515353430235798,0.6666666666666666,0.5895989863475612,1.0,1.0,0.7038784713589377,0.8960254529424476,0.9900175325616585,-0.9714160131962379,instance,f_classif_top25
0,0.36153785364311675,0.6,0.4517241379310345,0.6190476190476191,0.7599078978235546,1.0,0.5624460724625038,1.0,1.0,0.7275714324266465,0.878505820940161,0.9909855269735324,-1.4929451910092026,instance,f_classif_top25
0,0.19907407407407407,0.0,0.7286821705426356,0.47619047619047616,0.3950987996048728,0.0,0.4752384512151373,0.9943548387096774,1.0,0.6907809449586311,0.873187152004942,0.9839588190971795,1.150477353187333,instance,f_classif_top25
0,0.5923701076283701,0.8,0.3804755944931164,0.2857142857142857,0.5099919746907465,1.0,0.5300661148700615,1.0,1.0,0.6736057827238614,0.8973167527697907,0.9726182821261424,-0.37574345968794154,instance,f_classif_top25
0,0.33791208791208793,0.2,0.3804755944931164,0.42857142857142855,0.38056474256571493,0.0,0.48760374876611445,0.9991935483870967,1.0,0.6708372938591616,0.8445769140713932,0.9884964194438878,1.6097357188139634,instance,f_classif_top25
0,0.5608974358974359,0.2,0.3804755944931164,0.7142857142857143,0.3974885242192734,0.0,0.4770676878991428,0.9967741935483871,1.0,0.6848332388190608,0.8751128405316807,0.9994722287702537,-1.030871959434879,instance,f_classif_top25
1,0.5279820261437909,0.6,0.5482758620689655,0.47619047619047616,0.5618224046272753,0.5,0.5694652373764021,1.0,1.0,0.6928849140084506,0.8616776788578474,0.9977078942373339,-2.1256108226292807,instance,f_classif_top25
0,0.4634709653092006,0.6,0.5357142857142857,0.5238095238095238,0.7696017553025072,0.3333333333333333,0.4565617521970061,0.9991935483870967,1.0,0.7088412633189474,0.8778131516675746,0.9897769711109908,-1.1709721676823663,instance,f_classif_top25
1,0.5318810617204224,0.6,0.21656050955414008,0.8095238095238095,0.5327364723816049,0.0,0.45888245607578726,0.9994311717861206,1.0,0.6932266694652042,0.9137265497453092,0.9979090461115725,0.582192644272381,instance,f_classif_top25
0,0.588952271612911,0.4,0.4517241379310345,0.6666666666666666,0.4142864495769324,0.5,0.5057295861737084,1.0,1.0,0.6845032704210802,0.8966220296888285,0.9929395642398159,1.3484359779546893,instance,f_classif_top25
0,0.488952271612911,0.0,0.3804755944931164,0.7142857142857143,0.41963485003744505,0.0,0.4835637934910533,0.9943548387096774,1.0,0.6908121605385241,0.8612631046338513,0.9978502001609308,0.42269396381869917,instance,f_classif_top25
0,0.6902062653240972,0.6,0.4450261780104712,0.5238095238095238,0.7347675592276733,0.0,0.49234217274907066,0.9983870967741936,1.0,0.7151131678196102,0.8790137070921089,0.9977868615505572,-0.879915464448102,instance,f_classif_top25
0,0.4295854804329381,0.2,0.5357142857142857,0.42857142857142855,0.5730145802876591,0.0,0.4829315003582717,0.9975806451612903,1.0,0.6943624151950374,0.872798053766515,0.996215747240586,1.1195595997443601,instance,f_classif_top25
0,0.5608974358974359,0.4,0.8055555555555556,0.23809523809523808,0.4957699492884915,0.0,0.4876809547787647,0.9991935483870967,1.0,0.6840093422725951,0.8497837064327929,0.9955288536343934,-1.8506747630387392,instance,f_classif_top25
1,0.44135954135954136,0.6,0.2713178294573644,0.5714285714285714,0.21592771017997014,1.0,0.5828115451815322,1.0,1.0,0.709299788166303,0.8440232315027749,0.9822624201367562,1.4066705201507153,instance,f_classif_top25
0,0.6679436568861299,0.8,0.4450261780104712,0.42857142857142855,0.6359035585121676,1.0,0.5329477138511479,1.0,1.0,0.6883724851668341,0.9083663303795108,0.988282429073266,-1.2829982784034402,instance,f_classif_top25
0,0.125,0.4,0.8495575221238938,0.5714285714285714,0.5150801022629392,0.0,0.4596916341042535,0.9975806451612903,1.0,0.7101070626767808,0.9028707590718963,0.9976403777833044,-0.9055101829151899,instance,f_classif_top25
0,0.125,0.0,0.8495575221238938,0.47619047619047616,0.6901864214301772,0.0,0.4120288021660621,0.9959677419354839,1.0,0.702752869209864,0.8461468825880947,0.9980422842821481,-0.10306963256903635,instance,f_classif_top25
0,0.4229975927344348,0.8,0.4450261780104712,0.5238095238095238,0.5336420720813476,0.0,0.4965255522521136,0.9991935483870967,1.0,0.7043846434870272,0.9054714889173819,0.9886534060295356,0.00025992592889384497,instance,f_classif_top25
0,0.37589184276300847,0.4,0.7126436781609196,0.38095238095238093,0.6042717853174723,0.0,0.4840795846928293,0.9991935483870967,1.0,0.7186795293268228,0.8606661484673243,0.9957546776974601,-0.6783280396732314,instance,f_classif_top25
0,0.3609068627450981,0.2,0.7286821705426356,0.47619047619047616,0.7803865786805043,0.0,0.47516035386665334,0.9991935483870967,1.0,0.7544856618542949,0.8460221557223485,0.9763829145654451,-0.39000178272224945,instance,f_classif_top25
0,0.2573260073260073,0.6,0.3804755944931164,0.5238095238095238,0.40176937760768094,0.0,0.4939547440191364,0.9983870967741936,1.0,0.71637343842874,0.8683816146846575,0.9995757150018612,1.1314330932455996,instance,f_classif_top25
0,0.5335638004349661,0.4,0.3804755944931164,0.6190476190476191,0.3862049962119861,0.0,0.46972271318588266,0.9983870967741936,1.0,0.6948841828152208,0.8835915981556927,0.9977687135917769,0.525276805819541,instance,f_classif_top25
0,0.4032045203097834,0.0,0.4517241379310345,0.5238095238095238,0.514695269238296,0.0,0.43428398070597485,0.9943548387096774,1.0,0.6869215096609308,0.8848183525386656,0.9853397507416961,0.29101096823554046,instance,f_classif_top25
1,0.7551607651607651,1.0,0.6195244055068836,0.6190476190476191,0.6218431783172487,1.0,0.5726656340763848,1.0,1.0,0.6820147530139656,0.8635905917016862,0.9952555126479995,-1.940388441383059,instance,f_classif_top25
0,0.16208791208791207,0.4,0.3804755944931164,0.7142857142857143,0.3792540475153062,0.25,0.4462772698595553,0.9991935483870967,1.0,0.6986621166336258,0.844680032515752,0.9801676214819762,0.6451169097726376,instance,f_classif_top25
0,0.3906593406593407,0.6,0.3804755944931164,0.6190476190476191,0.37710374813900693,1.0,0.5158087240999234,1.0,1.0,0.6960427253435464,0.8530884413964449,0.9999209662250619,2.619454969304761,instance,f_classif_top25
1,0.5279820261437909,0.8,0.5549738219895288,0.6190476190476191,0.30061712131390905,1.0,0.5348377445686965,1.0,1.0,0.7002421036449932,0.8836378437064156,0.9939294008678323,-0.1766280032788474,instance,f_classif_top25
0,0.30619818777713526,0.2,0.3804755944931164,0.8095238095238095,0.41710585081769647,0.0,0.4336682562648446,0.9967741935483871,1.0,0.69326109583927,0.8893584015266742,0.9983690010568083,-0.22975881624746614,instance,f_classif_top25
0,0.5518790849673203,0.6,0.7286821705426356,0.47619047619047616,0.7699417896302673,1.0,0.5101554610616392,1.0,1.0,0.6861328355218586,0.8543122334605302,0.991843979202674,-1.5280724570337842,instance,f_classif_top25
1,0.504682609240015,0.6,0.6195244055068836,0.8571428571428571,0.5670451637251439,0.5,0.49871168907212926,0.9994311717861206,1.0,0.7227031526458152,0.8928332174683389,0.9929599446504558,0.7554967642753088,instance,f_classif_top25
1,0.5261992435386043,0.4,0.6195244055068836,0.5238095238095238,0.5846029785108334,1.0,0.5173287122324928,1.0,1.0,0.6988280555688646,0.9184176664266697,0.9917884921718433,-0.1321540833110741,instance,f_classif_top25
0,0.3328021978021978,0.0,0.3804755944931164,0.6190476190476191,0.3820830515692887,0.0,0.44591528048116047,0.9959677419354839,1.0,0.7103950598121376,0.8610658332933753,0.9995858682527906,1.1699740914301888,instance,f_classif_top25
0,0.16208791208791207,0.0,0.3804755944931164,0.6190476190476191,0.3782514052499626,0.0,0.4320500732655258,0.9943548387096774,1.0,0.6775031226566552,0.8549255344588927,0.9958912033186276,0.914622811710605,instance,f_classif_top25
0,0.27446886446886454,0.0,0.3804755944931164,0.6190476190476191,0.4060587513831695,0.0,0.4620716553444293,0.9959677419354839,1.0,0.6844748731668231,0.8417538504000128,0.9459801665854708,1.423369036187986,instance,f_classif_top25
1,0.5238682412076019,0.8,0.6195244055068836,0.8095238095238095,0.598011706994603,0.5,0.4857884587747182,0.9994311717861206,1.0,0.6914698308055836,0.8967539190028405,0.9996863750163182,-0.10398705926758538,instance,f_classif_top25
0,0.37411121598238173,0.4,0.7126436781609196,0.38095238095238093,0.47731968494599064,0.0,0.4676348641376037,0.9975806451612903,1.0,0.691847631829414,0.8486836501531845,0.9907437339380523,0.5516283234809701,instance,f_classif_top25
0,0.19907407407407407,0.8,0.3804755944931164,0.6190476190476191,0.37737943065796575,1.0,0.5043969538914566,1.0,0.96,0.6397710872912657,0.8252939575243236,0.9542414387119074,2.004367306624317,instance,f_classif_top25
0,0.4333967160573554,0.4,0.3804755944931164,0.6190476190476191,0.38227052931525485,0.0,0.45263853248251873,0.9991935483870967,1.0,0.6773267320217302,0.8664086880906494,0.9966765699705887,1.2047179762962115,instance,f_classif_top25
0,0.36874236874236876,0.2,0.4450261780104712,0.6190476190476191,0.6376897744295502,0.0,0.4897252603374431,0.9975806451612903,0.96,0.6638152851983656,0.8526224749953119,0.9800373869620068,-0.06032636858216215,instance,f_classif_top25
0,0.4681189382795776,0.6,0.7834394904458599,0.5714285714285714,0.5495474844742024,0.5,0.48833192344272625,0.9983870967741936,1.0,0.6984812852379253,0.8957951438459691,0.9894528872454802,-1.1505864098255134,instance,f_classif_top25
0,0.32207120365015107,0.0,0.3804755944931164,0.5238095238095238,0.3804383965488135,0.0,0.45958077854384416,0.9919354838709677,1.0,0.6967902516606762,0.8575436596471495,0.983006415861869,0.9568402175525198,instance,f_classif_top25
0,0.7234477124183007,0.6,0.7834394904458599,0.38095238095238093,0.7107740560892796,1.0,0.5200710066810972,1.0,1.0,0.686894233198915,0.9030006134157391,0.9973416880357738,-2.0135598284334333,instance,f_classif_top25
0,0.31949206949206943,0.2,0.3804755944931164,0.8571428571428571,0.38794001308717474,0.5,0.5196198190664714,1.0,1.0,0.6937648257521933,0.8730425914533875,0.9950789844105363,0.3605579204999057,instance,f_classif_top25
0,0.3411355311355312,0.6,0.3804755944931164,0.6190476190476191,0.3910004713418329,1.0,0.5339024604271839,1.0,1.0,0.6751154688001727,0.847121265998896,0.9635263451903081,0.6657439384723334,instance,f_classif_top25
0,0.4218273886985543,0.4,0.4450261780104712,0.47619047619047616,0.4031469168086551,0.5,0.5339318871303499,1.0,1.0,0.6896820533227049,0.8759952772296664,0.9926206533830036,1.0324320798840085,instance,f_classif_top25
1,0.6164760914760914,0.6,0.4642857142857143,0.38095238095238093,0.3053985913441428,1.0,0.5003538265501527,1.0,1.0,0.7120622164643613,0.8968934512900872,0.996432443198807,-0.49106662752756286,instance,f_classif_top25
0,0.44267399267399277,0.4,0.3804755944931164,0.47619047619047616,0.3778109720102676,0.5,0.5331967276276666,1.0,1.0,0.7262955953139089,0.8412870187285191,0.994131249460716,1.220194594246707,instance,f_classif_top25
0,0.40366962054078626,0.0,0.3804755944931164,0.8571428571428571,0.3930259104347089,0.0,0.4440054847873317,0.9911290322580645,1.0,0.716872263984279,0.8649409343962943,0.9773632180369415,1.0949807623720904,instance,f_classif_top25
0,0.488952271612911,0.4,0.7834394904458599,0.7142857142857143,0.452573906696376,0.6666666666666666,0.5010922877889078,1.0,1.0,0.7021602314912454,0.9093126828565172,0.9821258314184792,0.07692847141044756,instance,f_classif_top25
0,0.3411355311355312,0.4,0.3804755944931164,0.6190476190476191,0.3871072029862521,0.0,0.49362177769035276,0.9991935483870967,1.0,0.6937042070933013,0.8404463705056093,0.9816123255257828,0.945952590705895,instance,f_classif_top25
0,0.4218273886985543,0.2,0.3804755944931164,0.47619047619047616,0.48489496438179946,0.0,0.48359051534775843,0.9967741935483871,1.0,0.6860825608209051,0.8829567034397372,0.9910437636482909,0.25331698178387485,instance,f_classif_top25
0,0.7393207282913166,1.0,0.4450261780104712,0.47619047619047616,0.7784855817499465,1.0,0.565032155375325,1.0,1.0,0.7110362256082553,0.8554333894921929,0.9819205298647046,-2.2847166265718224,instance,f_classif_top25
0,0.41577788264904836,0.4,0.3804755944931164,0.6190476190476191,0.39733618527867975,0.5,0.49340399432641946,0.9991935483870967,1.0,0.6886394409181495,0.8897118867809746,0.9982334701427579,0.35418479181493473,instance,f_classif_top25
0,0.7234477124183007,0.4,0.4450261780104712,0.5238095238095238,0.670775666521258,0.5,0.4581382565564647,0.9975806451612903,1.0,0.727661196784824,0.8975718128629473,0.9895005265262578,-0.9957963256719033,instance,f_classif_top25
1,0.39743589743589736,0.6,0.19444444444444442,0.23809523809523808,0.40361803437963756,0.0,0.49161647552148136,0.9994311717861206,1.0,0.6942412526705923,0.8775185759952724,0.9984412674472531,1.847896045612046,instance,f_classif_top25
0,0.7975217864923747,0.6,0.4450261780104712,0.5238095238095238,0.6500046879531027,0.3333333333333333,0.4788679748202649,0.9991935483870967,1.0,0.7089538561652933,0.9009625338977222,0.998369978040939,-1.1372296077194126,instance,f_classif_top25
0,0.35075956763073324,0.2,0.3804755944931164,0.3333333333333333,0.5175003134610998,0.0,0.4898454316201001,0.9991935483870967,1.0,0.7087930105633887,0.8790561927658406,0.9905708247360683,0.4913901808614463,instance,f_classif_top25
0,0.5115995115995116,0.4,0.3804755944931164,0.6190476190476191,0.3788719388792656,0.5,0.5069943212853005,1.0,1.0,0.7012608887353335,0.8650231935179233,0.9881495610812326,1.7767123505774431,instance,f_classif_top25
0,0.05555555555555547,0.2,0.3804755944931164,1.0,0.45153305813749567,0.0,0.47753850721912994,0.9983870967741936,1.0,0.7109534257900625,0.8126523634827179,0.9777436018644587,-0.047300521978104415,instance,f_classif_top25
0,0.43352390852390854,0.2,0.4450261780104712,0.5238095238095238,0.6511642727131148,1.0,0.5129089136425425,1.0,1.0,0.7202400314179306,0.8628871840395087,0.9978754192671028,-0.92146894414518,instance,f_classif_top25
0,0.6354748523460179,0.2,0.7126436781609196,0.38095238095238093,0.3803189660107362,0.0,0.49741041730113456,0.9991935483870967,1.0,0.7173930177061688,0.8555836262769353,0.9727062613202151,1.9709604368136957,instance,f_classif_top25
0,0.5812072503419974,0.2,0.5357142857142857,0.5238095238095238,0.7540017396885181,0.0,0.44828942649370673,0.9983870967741936,1.0,0.6960016361370114,0.8738574618988437,0.9938620380154255,-0.19365010499351773,instance,f_classif_top25
0,0.7800198784180478,1.0,0.7834394904458599,0.7142857142857143,0.7835859051711304,1.0,0.5362503151792305,1.0,1.0,0.7173361020761911,0.8970498324481507,0.9969480687128038,-2.967072089735741,instance,f_classif_top25
0,0.6465201465201464,1.0,0.4450261780104712,0.47619047619047616,0.7520215758190245,1.0,0.5828075282454301,1.0,1.0,0.7364096157984902,0.880996143879024,0.9890372636733752,-2.0075426364499966,instance,f_classif_top25
0,0.48724190250016497,0.2,0.7126436781609196,0.38095238095238093,0.4675589566532854,0.0,0.4684224250551491,0.9967741935483871,1.0,0.6751070953701925,0.879121637193862,0.9950591922034775,0.23740431230470174,instance,f_classif_top25
0,0.4295854804329381,0.2,0.3804755944931164,0.47619047619047616,0.5969467193058635,1.0,0.50366301996869,1.0,1.0,0.6939501301929663,0.8756974934697611,0.9936643921291957,1.6987233537021167,instance,f_classif_top25
0,0.5639188060240692,0.4,0.8495575221238938,0.47619047619047616,0.5886347708742669,0.0,0.42925784477286144,0.9991935483870967,1.0,0.7330520181322473,0.8867121596224004,0.9955335232357614,-0.7497713710843069,instance,f_classif_top25
0,0.2285829785829786,0.2,0.3804755944931164,0.7142857142857143,0.38712984296728437,0.0,0.4901490006018002,0.9967741935483871,1.0,0.7154635713700235,0.890941638801755,0.9857556876348309,0.6957925290685845,instance,f_classif_top25
1,0.6671978021978022,1.0,0.6195244055068836,0.7142857142857143,0.6231423307266208,1.0,0.5335715339612135,1.0,1.0,0.6968732448285866,0.8390364820408522,0.9885980212568338,-1.6429445491464614,instance,f_classif_top25
0,0.311916311916312,0.2,0.3804755944931164,0.7142857142857143,0.39384106060203405,0.0,0.43874323796200687,0.9967741935483871,1.0,0.723153626531247,0.8736857832516547,0.9887656245715027,1.0574900664240985,instance,f_classif_top25
0,0.4229975927344348,0.4,0.4450261780104712,0.5238095238095238,0.5334493123927447,1.0,0.553934703647318,1.0,1.0,0.7396081359674515,0.8921964551464263,0.981111057380582,0.32594671287310445,instance,f_classif_top25
0,0.47201797385620925,0.6,0.7126436781609196,0.2857142857142857,0.5491087735153487,1.0,0.5030479611294734,1.0,1.0,0.7303705738356706,0.8458407290554624,0.9947660267141668,1.120611579850214,instance,f_classif_top25
0,0.7264278999270941,0.8,0.5357142857142857,0.42857142857142855,0.67699170236164,1.0,0.5488844837376643,1.0,1.0,0.6935350087100154,0.9016456363892023,0.9993169057514546,-0.48372172888368636,instance,f_classif_top25
0,0.34837861524978087,0.4,0.3804755944931164,0.6190476190476191,0.390736817254994,0.0,0.40215048562523203,0.9983870967741936,1.0,0.6746523716276273,0.8682350100820585,0.999992506471527,1.008915735911803,instance,f_classif_top25
0,0.33791208791208793,0.4,0.3804755944931164,0.6190476190476191,0.38255208967455356,0.3333333333333333,0.5114225504309159,1.0,1.0,0.6696296596206959,0.8331343213002175,0.9747216571658318,0.29266484645276025,instance,f_classif_top25
0,0.5222856049462443,0.8,0.7834394904458599,0.8571428571428571,0.5565562221667922,0.6666666666666666,0.5056476003189394,1.0,1.0,0.7045856017216058,0.914876772558454,0.9997415590954839,-0.5568367184374783,instance,f_classif_top25
0,0.45357342044458615,0.8,0.8495575221238938,0.42857142857142855,0.5756662731485501,1.0,0.5233234354519589,1.0,1.0,0.7068464757862561,0.8806237563934437,0.9839026145940618,-1.425804264111543,instance,f_classif_top25
0,0.4137681637681637,0.2,0.5357142857142857,0.6666666666666666,0.42064986416105776,0.25,0.4645886670316409,0.9975806451612903,1.0,0.6898283619657193,0.885645782923532,0.9893169873479261,0.2912144724676381,instance,f_classif_top25
0,0.488952271612911,0.4,0.3804755944931164,0.7142857142857143,0.5099448073725174,1.0,0.5235689809991442,1.0,1.0,0.6941846805513486,0.8643557221060924,0.9878673383111867,-0.7966449964648262,instance,f_classif_top25
0,0.7783338773437783,0.4,0.7286821705426356,0.47619047619047616,0.617610922201003,0.3333333333333333,0.5113701810238827,1.0,1.0,0.70144459018455,0.9019126873526004,0.9961028888755556,-0.4575572466226127,instance,f_classif_top25
0,0.47201797385620925,0.6,0.4517241379310345,0.6190476190476191,0.6917773978497497,0.0,0.4830574399652927,0.9983870967741936,1.0,0.7015855572336224,0.874225818207394,0.9738645626926952,0.582293541804958,instance,f_classif_top25
0,0.4634709653092006,0.6,0.4517241379310345,0.6190476190476191,0.5392953235183326,0.3333333333333333,0.4825747110354167,0.9991935483870967,1.0,0.7184758527420447,0.8898953628604278,0.997543414180494,-0.07071393331742923,instance,f_classif_top25
0,0.4798534798534798,0.2,0.3804755944931164,0.42857142857142855,0.5338464303316729,0.5,0.5348572000398133,1.0,1.0,0.7006361472622533,0.8614975599165962,0.9972611032560542,-1.0032158560256674,instance,f_classif_top25
0,0.3609068627450981,0.0,0.4517241379310345,0.6190476190476191,0.714096860500004,0.0,0.4327883941251556,0.9943548387096774,1.0,0.6822776011654316,0.8345452317209786,0.9798493322500051,0.610293705487713,instance,f_classif_top25
1,0.42399267399267393,0.2,0.6195244055068836,0.6190476190476191,0.6209381170601507,0.0,0.4708544404645547,0.9988623435722411,1.0,0.7026275152046644,0.8337962784194365,0.9713135137841139,-1.6864339813854181,instance,f_classif_top25
0,0.46685724185724187,0.6,0.7878787878787878,0.2857142857142857,0.5330724231864096,0.6666666666666666,0.5002215662983281,1.0,1.0,0.7074517540569951,0.8685245021813315,0.9951334534838069,-0.07625208988246716,instance,f_classif_top25
0,0.5001905751905751,0.8,0.4450261780104712,0.47619047619047616,0.7716200455681534,1.0,0.5179268745638737,1.0,1.0,0.7238898819170598,0.8755589765855774,0.9827108569094832,-1.80380091884194,instance,f_classif_top25
0,0.3285829785829786,0.2,0.3804755944931164,0.7142857142857143,0.38500231246493255,1.0,0.5079245601808866,1.0,1.0,0.7001746085783692,0.8806543844110137,0.9968364553993326,0.26793083605863593,instance,f_classif_top25
0,0.4032045203097834,0.2,0.5357142857142857,0.5238095238095238,0.6262399854519844,0.5,0.5157703500267986,1.0,1.0,0.6776437573512456,0.8797851477678253,0.9918582474947081,-0.562803802703469,instance,f_classif_top25
0,0.0,0.0,0.3804755944931164,0.3333333333333333,0.7572050507545076,0.0,0.4608949417938294,0.9911290322580645,0.96,0.6534599826521096,0.8664101433042625,0.9893957319772223,1.5205847245022572,instance,f_classif_top25
0,0.47201797385620925,0.2,0.4517241379310345,0.6190476190476191,0.6254811460619977,0.0,0.4885352113928092,0.9991935483870967,1.0,0.7184742048371799,0.8559580614067408,0.9884389454816097,-0.05530237093194716,instance,f_classif_top25
0,0.4056189382795776,0.4,0.4517241379310345,0.5238095238095238,0.568283887573123,1.0,0.5214933794296811,1.0,1.0,0.7154905901818108,0.8794508693759344,0.9718286781042533,0.5744572774215038,instance,f_classif_top25
0,0.46223142910259485,0.8,0.3804755944931164,0.5714285714285714,0.5879064293756575,1.0,0.545710681324413,1.0,1.0,0.6956101185340509,0.8524154656674525,0.9771921111961076,-1.0192165690040744,instance,f_classif_top25
0,0.4016253684965342,0.0,0.3804755944931164,0.8571428571428571,0.39095876203929814,0.3333333333333333,0.4561944788888411,0.9959677419354839,1.0,0.6851310772266623,0.9018272237974267,0.9920085209026579,0.6020284799078287,instance,f_classif_top25
0,0.34837861524978087,0.2,0.3804755944931164,0.6190476190476191,0.37951116412226704,0.3333333333333333,0.46350183050475513,0.9967741935483871,1.0,0.7090410338009966,0.8740561064410108,0.9967841836020459,2.064119423112113,instance,f_classif_top25
0,0.4795482295482296,0.4,0.3804755944931164,0.7142857142857143,0.38038440756266656,1.0,0.5203832944099578,1.0,1.0,0.7007764658082326,0.8526203013150503,0.9910498875786729,1.3875651054021734,instance,f_classif_top25
0,0.6723491224669544,0.6,0.8495575221238938,0.5714285714285714,0.6844993763341882,0.6,0.5676054337183728,1.0,1.0,0.7048965418565581,0.896700473166424,0.9884816873857327,-0.9797582252992244,instance,f_classif_top25
0,0.4548197416618469,0.2,0.3804755944931164,0.3333333333333333,0.5701435913877881,0.0,0.4862834023306223,0.9991935483870967,1.0,0.6815477516010933,0.8695413569727988,0.997186341797596,1.2116176117957536,instance,f_classif_top25
0,0.46223142910259485,0.6,0.3804755944931164,0.5238095238095238,0.3815367227902887,1.0,0.5522089748264684,1.0,1.0,0.6815297408112535,0.8525378198618904,0.9899239716336835,0.538378452704123,instance,f_classif_top25
0,0.7023127531602107,0.6,0.7834394904458599,0.47619047619047616,0.4311720787003428,0.5,0.4986750312465934,0.9991935483870967,1.0,0.7063840306889395,0.9108511007266435,0.9951528687197362,-0.12139219184593979,instance,f_classif_top25
0,0.3481140649852307,0.4,0.3804755944931164,0.3333333333333333,0.394696184350272,0.16666666666666666,0.48042354601879456,0.9983870967741936,1.0,0.6981583462392185,0.8729246182839657,0.9919188449060231,0.58625162994182,instance,f_classif_top25
0,0.3030402930402931,0.4,0.3804755944931164,0.8571428571428571,0.3809451879553035,0.3333333333333333,0.5146726879445478,1.0,1.0,0.6851418189702367,0.8802897358879812,0.9991010962434174,1.0911906173473822,instance,f_classif_top25
0,0.6723491224669544,0.6,0.7286821705426356,0.5238095238095238,0.6995119123784335,1.0,0.5204435519512133,1.0,1.0,0.6943914395740064,0.8588534975326635,0.9998465673669986,-1.9247579067540852,instance,f_classif_top25
0,0.3609068627450981,0.4,0.7834394904458599,0.5714285714285714,0.7146725808559463,1.0,0.5274660677113436,1.0,1.0,0.7409775526596053,0.874507855550585,0.9984283738303974,-0.5867141408393761,instance,f_classif_top25
0,0.5425585094296752,0.8,0.8495575221238938,0.6666666666666666,0.4743092503675408,1.0,0.5315119936840387,1.0,1.0,0.6978749637694798,0.8914269134473559,0.9981037147682315,-0.06490614419457405,instance,f_classif_top25
0,0.4413332239938633,0.4,0.4450261780104712,0.47619047619047616,0.4188847513043489,0.0,0.4876309636041344,0.9991935483870967,1.0,0.6891426452653671,0.8872119168537589,0.9989981281804091,0.2646497895546078,instance,f_classif_top25
1,0.5365290346907994,0.6,0.5482758620689655,0.6666666666666666,0.349844815034842,1.0,0.5475334866094141,1.0,1.0,0.7194046155104469,0.8837038713661771,0.9977198727707449,0.23927128257269456,instance,f_classif_top25
0,0.125,0.2,0.8495575221238938,0.3333333333333333,0.5210902219129155,0.0,0.46716442483438536,0.9975806451612903,1.0,0.6929116885097175,0.8676030666677819,0.9953635271561706,-0.37750959308802556,instance,f_classif_top25
0,0.3609068627450981,0.2,0.5357142857142857,0.42857142857142855,0.7761821958749948,0.3333333333333333,0.4525377862241182,0.9991935483870967,1.0,0.708745278361263,0.8598981326645284,0.9892822642942734,-0.07660506823536126,instance,f_classif_top25
0,0.41577788264904836,0.2,0.3804755944931164,0.5238095238095238,0.3930163903775655,0.5,0.4732819620647033,0.9975806451612903,1.0,0.6681864396342344,0.8602729192633555,0.9967270802132943,-0.2582293137947817,instance,f_classif_top25
0,0.5335638004349661,0.8,0.7286821705426356,0.38095238095238093,0.40447024744316196,1.0,0.5191181698110151,1.0,1.0,0.6907459745887853,0.8867864189717719,0.9983608238748161,1.3545908745386221,instance,f_classif_top25
0,0.2606606606606606,0.2,0.4450261780104712,0.5238095238095238,0.74304016998342,0.0,0.45696268091355585,0.9975806451612903,1.0,0.6730043135942787,0.8450904658040597,0.9858482636509323,-1.2140470093352786,instance,f_classif_top25
0,0.34837861524978087,0.6,0.7286821705426356,0.5238095238095238,0.42380306248794586,0.0,0.43802380352587256,0.9983870967741936,1.0,0.6989715364374396,0.8887703295501421,0.9922469512999771,0.352310091348784,instance,f_classif_top25
0,0.46313131313131306,0.4,0.8055555555555556,0.2857142857142857,0.6452288686148684,0.0,0.48567809475024326,0.9991935483870967,1.0,0.7113243701853763,0.9259076329510658,0.9967981441679101,-1.0239145408869614,instance,f_classif_top25
1,0.5573260073260073,0.8,0.6195244055068836,0.5714285714285714,0.6223590795680597,0.6666666666666666,0.5620499865273684,1.0,1.0,0.7213638237617438,0.8307099783392985,0.9906294169426874,-1.6352968120867648,instance,f_classif_top25
0,0.2656200156200157,0.2,0.3804755944931164,0.8571428571428571,0.4025113497997209,0.0,0.4249380294776094,0.9975806451612903,1.0,0.7161529348048015,0.8933214770034836,0.9906422193990855,0.8970253104247669,instance,f_classif_top25
1,0.3849547180835523,0.2,0.2713178294573644,0.42857142857142855,0.5217682173541802,0.25,0.46323111794830696,0.9977246871444824,1.0,0.7149514038288558,0.8991714025794724,0.996501039627984,-0.5087419976513216,instance,f_classif_top25
0,0.3609068627450981,0.0,0.5357142857142857,0.5238095238095238,0.7376776836625445,0.0,0.4557100300688275,0.9951612903225806,1.0,0.6861821097284652,0.8702763555664335,0.9864032836058985,-0.7485698714258062,instance,f_classif_top25
0,0.5354090354090355,0.4,0.4450261780104712,0.42857142857142855,0.5027090188716427,0.5,0.48909309247787536,0.9991935483870967,1.0,0.690027565099289,0.8869560613103519,0.9804719476287045,-1.1229966982592354,instance,f_classif_top25
0,0.43352390852390854,0.6,0.4517241379310345,0.6190476190476191,0.7663382309335276,1.0,0.5080604922461442,1.0,1.0,0.6814123265307692,0.8680453291619754,0.9910784806562197,-0.502149560846078,instance,f_classif_top25
0,0.29524964524964525,0.2,0.3804755944931164,0.6190476190476191,0.3972079361464985,0.0,0.47694735013852885,0.9975806451612903,1.0,0.7025531855835014,0.8712172087766089,0.991744704926992,0.5705941165371409,instance,f_classif_top25
0,0.4276826445538102,0.4,0.3804755944931164,0.3333333333333333,0.3798805675880893,1.0,0.5048708587098557,1.0,1.0,0.7026312500400054,0.8593101046356975,0.9973964561486912,2.560438575521377,instance,f_classif_top25
0,0.19907407407407407,0.6,0.7286821705426356,0.5714285714285714,0.6870356842668058,1.0,0.5163215812690192,1.0,1.0,0.7086701030536701,0.8988618145998372,0.9956753816768501,-0.7275698107185,instance,f_classif_top25
0,0.47057523583349825,0.4,0.7834394904458599,0.47619047619047616,0.5563770936110409,0.0,0.4524392064482885,0.9991935483870967,1.0,0.7090416162277806,0.8997302935597372,0.9990585873960545,-1.3681017286727053,instance,f_classif_top25
0,0.6864106753812635,0.6,0.7834394904458599,0.5714285714285714,0.6967939735092908,1.0,0.5220355338290126,1.0,1.0,0.6864818261055403,0.9005201708524452,0.9850981850612136,-0.33522449276177035,instance,f_classif_top25
0,0.3744688644688644,0.4,0.3804755944931164,0.6190476190476191,0.400885862458051,0.0,0.4770272114558276,0.9991935483870967,1.0,0.706666139428358,0.8873860967933095,0.9757462417426704,0.6294818210306194,instance,f_classif_top25
0,0.3030402930402931,0.4,0.3804755944931164,0.6190476190476191,0.3781208213467022,0.0,0.4950945142247005,0.9991935483870967,1.0,0.6913046591662076,0.8534304379108371,0.987605538674872,1.0739061176440667,instance,f_classif_top25
0,0.598378615249781,0.2,0.3804755944931164,0.8571428571428571,0.40921444770334414,0.0,0.47240167497016083,0.9967741935483871,1.0,0.7159989966213852,0.8844628842913066,0.9969604161506515,-0.17716296595222186,instance,f_classif_top25
1,0.32990386076911393,0.4,0.5482758620689655,0.5714285714285714,0.21794221124882013,0.5,0.47403477788399884,0.9994311717861206,1.0,0.7067753092807835,0.8234791320283814,0.9516746356206851,1.3739490022627843,instance,f_classif_top25
0,0.24483923483923486,0.4,0.3804755944931164,0.6190476190476191,0.3821928445532823,0.25,0.4687971807502932,0.9975806451612903,1.0,0.6976280403740188,0.8751133066930747,0.9939821522657842,1.1511812938983834,instance,f_classif_top25
0,0.43352390852390854,0.6,0.4450261780104712,0.5714285714285714,0.4880344692226104,0.0,0.49758844472027497,0.9991935483870967,1.0,0.688182871348804,0.8686654405626917,0.9964019586279166,-0.43726804276076764,instance,f_classif_top25
0,0.49531739075998493,0.4,0.3804755944931164,0.7142857142857143,0.42690560491348095,0.0,0.47340231263127075,0.9983870967741936,1.0,0.7337318870074014,0.8847633126553798,0.9976680033723307,0.21718785069163343,instance,f_classif_top25
0,0.4276826445538102,0.4,0.3804755944931164,0.8095238095238095,0.3772755570732491,0.0,0.47394758337800824,0.9975806451612903,0.96,0.6622517354535067,0.8326502687454626,0.9951465373757273,1.900521102495251,instance,f_classif_top25
0,0.3916638916638916,0.2,0.3804755944931164,0.5238095238095238,0.5787815051300087,0.0,0.4949876585898859,0.9983870967741936,1.0,0.7227229756734711,0.8656030000357804,0.9938121803318204,0.8194002457049585,instance,f_classif_top25
0,0.4056189382795776,0.6,0.8495575221238938,0.7142857142857143,0.6508743857918429,0.5,0.5161044048618197,1.0,1.0,0.7044345505699715,0.8903222195130388,0.9802422281799769,-1.2845361365769907,instance,f_classif_top25
0,0.37589184276300847,0.0,0.4450261780104712,0.42857142857142855,0.6893086858234764,0.0,0.43249399470246974,0.9951612903225806,1.0,0.697093654591748,0.866536634234336,0.9967990246690341,0.36227727334891624,instance,f_classif_top25
0,0.47337861524978087,0.4,0.3804755944931164,0.7142857142857143,0.39979012264041613,1.0,0.5038056897454243,1.0,1.0,0.7222526781742412,0.8828831872958343,0.9901825564509807,-0.038614094939477955,instance,f_classif_top25
0,0.5989798979897991,0.6,0.4450261780104712,0.47619047619047616,0.6752609646450489,0.3333333333333333,0.5431645388918354,1.0,1.0,0.7135719395733454,0.887021748430137,0.9735037419640047,-1.6633600282122685,instance,f_classif_top25
0,0.4276826445538102,0.6,0.3804755944931164,0.8571428571428571,0.3827852310692861,1.0,0.5728779369662043,1.0,1.0,0.6954366581895943,0.8776175537885564,0.9949498813189851,1.208125339086515,instance,f_classif_top25
0,0.5115995115995116,0.4,0.3804755944931164,0.5714285714285714,0.3833803983373202,1.0,0.5034463824886505,1.0,1.0,0.7009118472967746,0.8418414748615531,0.9867700077359024,2.041579265771192,instance,f_classif_top25
0,0.5989798979897991,0.0,0.4450261780104712,0.47619047619047616,0.4867900048157826,0.0,0.46183115601202285,0.992741935483871,1.0,0.704216722604466,0.8628220717232576,0.9968509625016078,-0.530285702749927,instance,f_classif_top25
0,0.4548197416618469,0.8,0.3804755944931164,0.3333333333333333,0.5068182134180352,1.0,0.5424294424991989,1.0,1.0,0.6843487215387121,0.8710749824292299,0.993622310385026,-0.00845365694011506,instance,f_classif_top25
0,0.36153785364311675,0.4,0.4450261780104712,0.5238095238095238,0.6143694396298933,0.5,0.5004247901348613,1.0,1.0,0.7088236495029968,0.8859061715774683,0.9974415993419739,-0.14441615575279573,instance,f_classif_top25
0,0.6902062653240972,0.6,0.4450261780104712,0.5238095238095238,0.5101441687275174,1.0,0.5350570594664101,1.0,1.0,0.7044483347982691,0.8906574607151163,0.9849647398343814,0.3497128441757559,instance,f_classif_top25
1,0.6726726726726726,1.0,0.5549738219895288,0.6190476190476191,0.2560112541794557,1.0,0.5490110502825474,1.0,1.0,0.6990021373420721,0.8618354613943032,0.9929080459223656,0.3369672904635967,instance,f_classif_top25
0,0.5706008374720031,0.8,0.4517241379310345,0.6190476190476191,0.5416562251764333,1.0,0.5502339363502858,1.0,1.0,0.6925310348751358,0.8862370300420568,0.9979764409795427,0.5481806502849277,instance,f_classif_top25
0,0.11111111111111116,0.2,0.5357142857142857,0.42857142857142855,0.7878715918363585,0.0,0.43899241142329426,0.9975806451612903,1.0,0.6722568890875078,0.832785108518286,0.9755362766035597,-0.48689308372506934,instance,f_classif_top25
0,0.37589184276300847,0.0,0.7126436781609196,0.38095238095238093,0.4812462956214465,0.0,0.3419766115933308,0.9959677419354839,1.0,0.6977144747949375,0.8580604224909196,0.996298259505957,0.38464126700392387,instance,f_classif_top25
1,0.5312576312576314,0.6,0.5549738219895288,0.42857142857142855,0.6022644969636587,0.0,0.49255722770766575,0.9994311717861206,1.0,0.7115172435739119,0.8866778036075871,0.9982440645919082,-1.1599623268870927,instance,f_classif_top25
0,0.4137681637681637,0.8,0.3804755944931164,0.8095238095238095,0.415406677622918,1.0,0.537431548622804,1.0,1.0,0.712758389453192,0.8816112686136824,0.9968440603620385,-0.5499524744274878,instance,f_classif_top25
0,0.5539085691668315,0.8,0.4517241379310345,0.6190476190476191,0.5338701635385342,0.6666666666666666,0.4987776534579065,0.9991935483870967,1.0,0.691786160453536,0.9155018939578815,0.9995752343452875,-0.30628614443960267,instance,f_classif_top25
0,0.2285829785829786,0.4,0.3804755944931164,0.9523809523809523,0.3970439141943931,0.25,0.49442754606063677,0.9991935483870967,1.0,0.7004844301693154,0.8964978749309533,0.9988929920732343,1.006387556435339,instance,f_classif_top25
0,0.4218273886985543,0.2,0.3804755944931164,0.6190476190476191,0.38076993166252004,0.5,0.46622055585815503,0.9983870967741936,1.0,0.6941078937192475,0.8560180253414366,0.9905420818318634,2.0487046367270616,instance,f_classif_top25
0,0.31891330891330893,0.6,0.3804755944931164,0.5714285714285714,0.37926926416101103,1.0,0.5191697158893311,1.0,1.0,0.7098952389280765,0.8539749428742829,0.9976160019054554,2.7573358515936985,instance,f_classif_top25
0,0.2656200156200157,0.0,0.3804755944931164,0.3333333333333333,0.40598094388937955,0.0,0.4094432979605528,0.9903225806451613,1.0,0.6989349507456308,0.8847097044756805,0.9936857401815963,1.0178631831065164,instance,f_classif_top25
1,0.5016469863887238,0.2,0.21656050955414008,0.5714285714285714,0.4518929932874981,0.0,0.4878994239468101,0.9988623435722411,1.0,0.6922329667759063,0.8928251493189893,0.996229568055384,1.4210026204962045,instance,f_classif_top25
0,0.4333967160573554,0.2,0.3804755944931164,0.7142857142857143,0.3838866275508741,0.3333333333333333,0.4050617161158342,0.9975806451612903,1.0,0.7242429988253122,0.8906601344639559,0.9961903767802758,1.8510776816911967,instance,f_classif_top25
0,0.2109600925390399,0.2,0.3804755944931164,0.5238095238095238,0.45532520546547617,0.0,0.43937161970396954,0.9991935483870967,0.96,0.6666666666666666,0.841999740937002,0.9801747505220426,-0.7583738722613814,instance,f_classif_top25
0,0.3557461307461307,0.2,0.4450261780104712,0.6190476190476191,0.41364674809736274,0.0,0.47837261672040954,0.9983870967741936,1.0,0.7113333954475475,0.8923340479790215,0.9840534182623054,0.9855264933749989,instance,f_classif_top25
0,0.08333333333333337,0.2,0.3804755944931164,0.5714285714285714,0.6428541970393459,0.0,0.4810029690929323,0.9975806451612903,1.0,0.6889249477659648,0.8225141282517893,0.992787373025099,-0.3130532815130386,instance,f_classif_top25
1,0.5586667760061366,0.8,0.6195244055068836,0.5238095238095238,0.6142824893289867,1.0,0.5226079006900782,1.0,1.0,0.7111207906469912,0.8847658150451301,0.9994762281314139,-1.0311842258791293,instance,f_classif_top25
0,0.31949206949206943,0.0,0.3804755944931164,0.6190476190476191,0.39348565211774567,0.0,0.43559945663131117,0.9951612903225806,1.0,0.6807563494389712,0.8507109045398096,0.9869457949637523,-0.14337773623079142,instance,f_classif_top25
1,0.5664760914760913,0.6,0.5482758620689655,0.47619047619047616,0.4337312872759165,1.0,0.5112671353765428,1.0,1.0,0.698761352250284,0.8561389552545481,0.9993449987667119,-0.48165972454799494,instance,f_classif_top25
0,0.5539085691668315,0.8,0.7834394904458599,0.5714285714285714,0.5749636247969052,1.0,0.5213108865182701,1.0,1.0,0.7109057940446053,0.918377494566683,0.9971886539566628,-0.9988293524236466,instance,f_classif_top25
0,0.2782045203097834,0.6,0.7286821705426356,0.47619047619047616,0.705316646703087,1.0,0.5201913044394291,1.0,1.0,0.7325721868701485,0.8711072400911523,0.9816936868632958,-0.9787738772321908,instance,f_classif_top25
0,0.47380075646139586,0.2,0.4450261780104712,0.5714285714285714,0.48311492384919275,0.0,0.4692403660659673,0.9975806451612903,1.0,0.6931663396547332,0.9111934724235262,0.997867853257125,-0.4926762469026921,instance,f_classif_top25
0,0.5586404586404587,0.4,0.7286821705426356,0.47619047619047616,0.7643628181369083,0.5,0.49807049230076395,0.9991935483870967,1.0,0.7277841280269003,0.8678290316075394,0.9941997238932715,-2.6243692030026615,instance,f_classif_top25
0,0.3557461307461307,0.4,0.7878787878787878,0.23809523809523808,0.4127694647065705,0.0,0.4862228335763443,0.9975806451612903,1.0,0.7034110563094497,0.8863867493977008,0.9997905022864597,1.094960498044892,instance,f_classif_top25
0,0.43352390852390854,0.6,0.4517241379310345,0.6190476190476191,0.7085413274192259,0.5,0.5120195471846312,1.0,1.0,0.6768848681481565,0.8638284981645361,0.9961589072190548,0.8176380795880813,instance,f_classif_top25
0,0.2148962148962149,0.2,0.3804755944931164,0.8571428571428571,0.3829933323949799,0.0,0.4584646685945799,0.9975806451612903,1.0,0.678273824773822,0.8377773457578458,0.9571444683336242,0.7938807238663117,instance,f_classif_top25
0,0.3744688644688644,0.4,0.3804755944931164,0.6190476190476191,0.37888342360478444,0.6,0.4972635957792466,0.9991935483870967,1.0,0.7062693998851791,0.8583979914117792,0.9988872309595935,2.0122196681425497,instance,f_classif_top25
0,0.3717717717717718,0.0,0.4517241379310345,0.5238095238095238,0.5379468161453302,0.0,0.4208347082581323,0.9943548387096774,1.0,0.7317110169385248,0.8893791681826226,0.9996500673054147,-0.6902545696025656,instance,f_classif_top25
0,0.5022247690959347,0.4,0.3804755944931164,0.7619047619047619,0.3908299997714808,0.3333333333333333,0.4997035581250058,0.9991935483870967,1.0,0.6964546354992227,0.8970280231970204,0.9999415909499432,0.21429679336264193,instance,f_classif_top25
0,0.34096451036732167,0.4,0.3804755944931164,0.6190476190476191,0.379115708885562,0.0,0.47403610202198065,0.9991935483870967,1.0,0.7240512636396257,0.8501947789189523,0.9851044423614996,1.4536530965368242,instance,f_classif_top25
0,0.37411121598238173,0.6,0.7126436781609196,0.38095238095238093,0.40323177833078183,0.5,0.5150606369376856,1.0,1.0,0.700462571650616,0.8373827535903854,0.9982422596279091,0.06908870478317053,instance,f_classif_top25
1,0.5573260073260073,0.6,0.6195244055068836,0.6190476190476191,0.613930681989475,0.75,0.4900487041321495,0.9988623435722411,1.0,0.7166476963656623,0.86288401291397,0.9852837806916338,-0.4543265113379536,instance,f_classif_top25
0,0.47738294425411,0.6,0.3804755944931164,0.3333333333333333,0.4302260303701617,0.5,0.4387827353580833,0.9983870967741936,1.0,0.6760439445176686,0.873297588442718,0.9998260029977688,-0.5333958632494985,instance,f_classif_top25
0,0.125,0.0,0.3804755944931164,0.42857142857142855,0.4244372740598754,0.0,0.4630583653568334,0.9935483870967742,1.0,0.6851158431648203,0.8684162804944716,0.9939014786319429,-0.38725406371311943,instance,f_classif_top25
0,0.570539787410953,0.8,0.7126436781609196,0.47619047619047616,0.4990467689550472,0.75,0.5303321169403711,1.0,1.0,0.6826028596692515,0.869253618450495,0.9924635598786699,-0.265989302918984,instance,f_classif_top25
0,0.44487118697645,0.4,0.4517241379310345,0.7142857142857143,0.6250874220129191,0.0,0.48058021127604156,0.9983870967741936,1.0,0.7067650427683785,0.8580133190108699,0.9987645871869788,0.2593074727490007,instance,f_classif_top25
0,0.125,0.2,0.7878787878787878,0.23809523809523808,0.46293459810572213,0.5,0.4884732541932939,0.9991935483870967,1.0,0.6801087367102033,0.8703411360873894,0.9855060996572156,0.3283357831239183,instance,f_classif_top25
0,0.41577788264904836,0.0,0.3804755944931164,0.8571428571428571,0.38530198236679947,0.0,0.44536153437296355,0.9838709677419355,1.0,0.724517492149218,0.8705894108897422,0.9968856555422396,0.16057256341229145,instance,f_classif_top25
0,0.3411355311355312,0.6,0.3804755944931164,0.47619047619047616,0.37920085678310567,1.0,0.5695610776175963,1.0,1.0,0.6771016426378711,0.839145064497416,0.9944719808629431,0.26796338469528796,instance,f_classif_top25
0,0.8366294524189261,1.0,0.7834394904458599,0.7142857142857143,0.7874639631012912,1.0,0.55581420107314,1.0,1.0,0.6716928607014578,0.8682454748614582,0.9936805692988919,-1.3976600546639955,instance,f_classif_top25
0,0.30619818777713526,0.0,0.3804755944931164,0.5714285714285714,0.4101658194464787,0.0,0.44388068252917023,0.992741935483871,1.0,0.6779224053592836,0.8582120361511179,0.9984818375616128,-0.11902894393374758,instance,f_classif_top25
0,0.4056189382795776,0.0,0.5357142857142857,0.5238095238095238,0.5036267424329816,0.0,0.45153857347090165,0.9943548387096774,1.0,0.7056223990012277,0.8621712683847492,0.9960227098034704,-0.8865203153098346,instance,f_classif_top25
0,0.37589184276300847,0.6,0.7126436781609196,0.38095238095238093,0.5081975777975521,0.0,0.34683562043312177,0.9983870967741936,1.0,0.6870735244796857,0.8558430366463832,0.9809908666998657,0.1777397582036913,instance,f_classif_top25
0,0.47380075646139586,0.2,0.4450261780104712,0.5714285714285714,0.39895879556780045,0.3333333333333333,0.5067209059790798,1.0,1.0,0.7023246255273397,0.9127721182189837,0.9972374062641189,0.9177074903611661,instance,f_classif_top25
0,0.5075757575757576,0.2,0.4517241379310345,0.5238095238095238,0.5995528266414782,0.5,0.5041345352650429,1.0,1.0,0.6904523394040756,0.884679578570777,0.9952268604740647,1.254372716190014,instance,f_classif_top25
0,0.4032045203097834,0.2,0.4517241379310345,0.5238095238095238,0.606411494384509,0.0,0.47860909820802366,0.9991935483870967,1.0,0.6922309781719539,0.8698274903785428,0.9976593546267475,0.7096843770868081,instance,f_classif_top25
0,0.25481974166184695,0.4,0.3804755944931164,0.47619047619047616,0.4851587708049162,1.0,0.5091768496071736,1.0,1.0,0.6990835016951984,0.8448750286548916,0.9860729533160674,1.3318165901171002,instance,f_classif_top25
1,0.7712454212454213,1.0,0.6195244055068836,0.38095238095238093,0.6187529551356331,1.0,0.5533649495062143,1.0,1.0,0.6870623522565721,0.8543096095522762,0.9945259146179011,0.40762142334360507,instance,f_classif_top25
0,0.31891330891330893,0.4,0.3804755944931164,0.38095238095238093,0.3935558208422192,0.0,0.4824011977410848,0.9983870967741936,1.0,0.700029131514906,0.8779015383792681,0.9967531180226072,0.927919149247784,instance,f_classif_top25
0,0.19907407407407407,0.4,0.7286821705426356,0.47619047619047616,0.39384528127405993,0.3333333333333333,0.49487032182090795,0.9991935483870967,1.0,0.7025923315696412,0.8863027741593028,0.9839423397374351,0.4469074550039986,instance,f_classif_top25
0,0.33376007586533907,0.4,0.4517241379310345,0.6190476190476191,0.7284017958609064,1.0,0.5093286669712833,1.0,1.0,0.7147303448423086,0.8773587961910375,0.9793634103859443,-1.2998293924611575,instance,f_classif_top25
0,0.26335775335775347,0.2,0.3804755944931164,0.8571428571428571,0.3785319207701128,0.3333333333333333,0.45998553065290215,0.9975806451612903,1.0,0.6950040736650489,0.8589861624136945,0.9825938273624975,1.333205404947876,instance,f_classif_top25
0,0.47337861524978087,0.4,0.7286821705426356,0.38095238095238093,0.4444871561212512,0.3333333333333333,0.46899277596703937,0.9991935483870967,1.0,0.6990257888119961,0.8943015028649773,0.9931566317833249,0.3973652803174097,instance,f_classif_top25
1,0.6880311355311355,0.4,0.6195244055068836,0.7142857142857143,0.6197175427767411,0.6666666666666666,0.5241583620871488,1.0,1.0,0.7130389879524807,0.8863924243993919,0.9908495354102183,-1.253821879049631,instance,f_classif_top25
0,0.2109600925390399,0.0,0.3804755944931164,0.6190476190476191,0.4188333023810671,0.0,0.46737304527562684,0.9935483870967742,1.0,0.6792946320489882,0.8396533031830887,0.9596029588110727,-1.210761543632495,instance,f_classif_top25
0,0.34837861524978087,0.4,0.7126436781609196,0.38095238095238093,0.3951208790489448,0.0,0.43585876999336604,0.9975806451612903,1.0,0.7204591911832672,0.8310958951865922,0.9864342440176473,1.435320089000342,instance,f_classif_top25
0,0.5335638004349661,0.6,0.3804755944931164,0.6190476190476191,0.38648973328607406,0.6,0.528975652741933,1.0,1.0,0.6898753611205755,0.8862870245961577,0.9997125581030406,0.5929951113776524,instance,f_classif_top25
0,0.2109600925390399,0.0,0.3804755944931164,0.6190476190476191,0.3768760155270633,0.0,0.4444558396121019,0.992741935483871,0.84,0.6151209584336257,0.8002802119619409,0.980010645166209,1.9226061727633008,instance,f_classif_top25
0,0.8390983000739098,0.2,0.4517241379310345,0.42857142857142855,0.601238623136497,1.0,0.5379960798931442,1.0,1.0,0.6829844177603818,0.8895620327842322,0.9971227208620277,-0.6841378063667404,instance,f_classif_top25
0,0.38387790775850483,0.6,0.4450261780104712,0.5714285714285714,0.614406833557534,1.0,0.5128975716680333,1.0,1.0,0.6971852733597134,0.8940143721256978,0.9909580447393649,-1.1115074080917704,instance,f_classif_top25
0,0.36874236874236876,0.4,0.4450261780104712,0.42857142857142855,0.403181155687682,1.0,0.522064575829575,1.0,1.0,0.7596801543984649,0.8940393598585628,0.9962865483455734,0.5151917217400732,instance,f_classif_top25
0,0.6354090354090354,0.8,0.4450261780104712,0.5238095238095238,0.623700319593228,1.0,0.5151828161415951,1.0,1.0,0.7052787797784764,0.8869080187455609,0.999172382643493,-0.6817896332897596,instance,f_classif_top25
0,0.3285829785829786,0.0,0.3804755944931164,0.8571428571428571,0.3805095834102854,0.0,0.4195250529787833,0.989516129032258,1.0,0.6865161216688307,0.879075928324583,0.9820703952143087,0.887198268841349,instance,f_classif_top25
1,0.48840048840048844,0.8,0.6195244055068836,0.5238095238095238,0.6191929340978458,0.5,0.5152319320098064,1.0,1.0,0.7340050502779073,0.8788331412181435,0.9958710851153422,-1.2645426193982057,instance,f_classif_top25
0,0.5539085691668315,1.0,0.7834394904458599,0.47619047619047616,0.7344052848271838,1.0,0.5525199258208362,1.0,1.0,0.709258339156835,0.8560825785861792,0.9873559708951666,-1.1676817132196464,instance,f_classif_top25
0,0.125,0.2,0.7878787878787878,0.2857142857142857,0.6313679864749644,0.0,0.46260741149124507,0.9983870967741936,1.0,0.6996723390033387,0.8575543967595738,0.9897083055717284,-0.8723826571080496,instance,f_classif_top25
0,0.6150452819164476,0.2,0.4517241379310345,0.5238095238095238,0.5387113226845136,0.25,0.4502511609134796,0.9975806451612903,1.0,0.7081177294197645,0.9049724505773614,0.9923024458781956,-0.25454865563767304,instance,f_classif_top25
0,0.46874236874236874,1.0,0.7834394904458599,0.47619047619047616,0.7143891358448906,1.0,0.5338063532741344,1.0,1.0,0.7125110255628907,0.8795446447809218,0.9966751784993221,-1.669551953080886,instance,f_classif_top25
0,0.30619818777713526,0.4,0.3804755944931164,0.9523809523809523,0.4069352078266527,0.5,0.47041866648047725,0.9983870967741936,1.0,0.6939735062001233,0.877677338186921,0.9845013948894534,-0.37834394674510874,instance,f_classif_top25
1,0.5573260073260073,0.8,0.6195244055068836,0.7142857142857143,0.6198789339760191,1.0,0.5127129393798437,1.0,1.0,0.7091456822722836,0.8543501098550422,0.9963883119555367,-0.8748989873919303,instance,f_classif_top25
0,0.2782045203097834,0.0,0.7286821705426356,0.47619047619047616,0.6178418446578547,0.0,0.4070286403665013,0.9911290322580645,1.0,0.7205280327841609,0.8750166721522031,0.9897091757248886,-0.7485429506153426,instance,f_classif_top25
0,0.3609068627450981,0.2,0.7286821705426356,0.5238095238095238,0.765691412295463,0.0,0.45638589645637917,0.9967741935483871,1.0,0.7049443229600967,0.8323453584701812,0.9561641580714243,-0.5353621666371278,instance,f_classif_top25
0,0.46685724185724187,0.8,0.4450261780104712,0.47619047619047616,0.6733686820327976,1.0,0.519003702889659,1.0,1.0,0.7156170136083527,0.8779889328501157,0.99801140950686,-2.311486709894923,instance,f_classif_top25
1,0.36386232025505894,0.8,0.5482758620689655,0.6190476190476191,0.5442670718055702,0.0,0.48175026344311433,0.9994311717861206,1.0,0.7303909348877584,0.8793101953612024,0.9976596823812325,0.42815273461359543,instance,f_classif_top25
0,0.3273273273273273,0.2,0.4450261780104712,0.5238095238095238,0.6129219945304171,0.0,0.47799661110105296,0.9975806451612903,1.0,0.7377302416866688,0.8639493294335834,0.9689064668716013,0.024275934038376,instance,f_classif_top25
1,0.6492404323692667,0.8,0.5549738219895288,0.6190476190476191,0.5282280419148404,0.5,0.4826688204658679,0.9994311717861206,1.0,0.7120948687423074,0.8640401862405132,0.98554327912781,-0.2831307954560226,instance,f_classif_top25
0,0.4016253684965342,0.2,0.3804755944931164,0.8571428571428571,0.3915037044743791,0.0,0.49082663506894675,0.9967741935483871,1.0,0.6957311722432036,0.8877225773516219,0.9900775640832417,1.0092325493067924,instance,f_classif_top25
0,0.4634709653092006,0.0,0.4517241379310345,0.6190476190476191,0.6905953966067632,0.25,0.43996529271691565,0.9951612903225806,1.0,0.6825072479059204,0.8640860936296787,0.9867577055136096,0.06311390935076222,instance,f_classif_top25
0,0.3273273273273273,0.0,0.4450261780104712,0.47619047619047616,0.4984290311913071,0.0,0.440582191142871,0.992741935483871,1.0,0.7171330968064809,0.8704124326820416,0.9884916927399056,0.9362593481538272,instance,f_classif_top25
0,0.5993631146213769,0.6,0.7834394904458599,0.47619047619047616,0.6186341792439941,0.5,0.48200728841330853,0.9983870967741936,1.0,0.7081451112774825,0.8869603941415276,0.9829334462467546,0.002405176220276473,instance,f_classif_top25
0,0.3609068627450981,0.8,0.4517241379310345,0.6190476190476191,0.6154067283941975,0.6666666666666666,0.5553415119604175,1.0,1.0,0.6895329658837324,0.8788568951890976,0.9990751133239225,0.05404271210244096,instance,f_classif_top25
1,0.6620879120879122,0.8,0.6195244055068836,0.5714285714285714,0.6216270855160961,1.0,0.5173501695542158,1.0,1.0,0.6970908579236947,0.8318862002950667,0.9888034424280107,-1.6957121333229648,instance,f_classif_top25
0,0.7393207282913166,0.6,0.4450261780104712,0.5714285714285714,0.7814782176768507,0.0,0.4980558535930397,0.9991935483870967,1.0,0.6940536928169385,0.8600567227418875,0.9707258650949058,-2.4646872580122556,instance,f_classif_top25
0,0.750237423736618,0.8,0.5357142857142857,0.5238095238095238,0.7509388670180678,0.5,0.48846441859375167,0.9991935483870967,1.0,0.7267420611064179,0.8677276336423075,0.9853328549832656,-1.0850186777711213,instance,f_classif_top25
0,0.46874236874236874,0.8,0.8495575221238938,0.6666666666666666,0.481371938009617,0.6666666666666666,0.534794929666053,1.0,1.0,0.7053491750932535,0.8975771223216904,0.997425246123521,-0.09176667623618748,instance,f_classif_top25
0,0.7979804494897375,0.6,0.4450261780104712,0.5714285714285714,0.7746865649540045,1.0,0.5243553795190483,1.0,1.0,0.7221247276501568,0.83687936640094,0.928059511638708,-1.5040542989183228,instance,f_classif_top25
0,0.44267399267399277,0.8,0.3804755944931164,0.5238095238095238,0.4312781046672315,0.5,0.5195868018138251,1.0,1.0,0.7061325224460515,0.831919409939368,0.9779821163051476,0.47475281847913586,instance,f_classif_top25
1,0.6588644688644689,0.8,0.6195244055068836,0.5238095238095238,0.6134095165460731,1.0,0.5433124020963425,1.0,1.0,0.6951779225348599,0.851064983551541,0.9698218404671481,-0.6079754655069007,instance,f_classif_top25
0,0.5812072503419974,0.4,0.4517241379310345,0.42857142857142855,0.6805278429627722,0.0,0.4973121998093616,0.9991935483870967,1.0,0.7376460990754111,0.8572012637716844,0.9964585064432245,0.7467749578153037,instance,f_classif_top25
0,0.3394334633140602,0.0,0.4450261780104712,0.5238095238095238,0.4482522298793078,0.0,0.44527455446995845,0.9935483870967742,1.0,0.6921237527212889,0.9184366187079624,0.9937054489401124,0.38297580124678077,instance,f_classif_top25
0,0.5989798979897991,0.4,0.4450261780104712,0.5238095238095238,0.7629590469367696,0.0,0.49612450544610265,0.9983870967741936,0.96,0.6666666666666666,0.8808739598204626,0.9917032738521199,-1.2953843074754183,instance,f_classif_top25
0,0.5354090354090355,0.6,0.7878787878787878,0.3333333333333333,0.5214432535150072,1.0,0.5404353488755429,1.0,1.0,0.6930141015655437,0.8915493656864243,0.9995030391741502,-1.0669097186818142,instance,f_classif_top25
0,0.4704337530943925,0.4,0.3804755944931164,0.7142857142857143,0.4078987297515891,0.5,0.5269730741721887,1.0,1.0,0.7077230623757605,0.8765053267132763,0.9935931874720605,0.7943848889819796,instance,f_classif_top25
0,0.46223142910259485,0.6,0.3804755944931164,0.6666666666666666,0.4167089141732322,0.0,0.4923229961842759,0.9991935483870967,1.0,0.6901248230081909,0.8965537270653801,0.9956759906019869,-0.2924599791173373,instance,f_classif_top25
0,0.33791208791208793,0.4,0.3804755944931164,0.42857142857142855,0.3775639847922011,1.0,0.5061097713169158,1.0,1.0,0.6689159912937874,0.8144106853909681,0.9929182780376828,1.7884035551401873,instance,f_classif_top25
0,0.44487118697645,0.6,0.4517241379310345,0.7142857142857143,0.4750901686824852,0.4,0.5156049388633583,1.0,1.0,0.7058183654314524,0.8713327288046149,0.9969600980714316,1.0279682083917026,instance,f_classif_top25
0,0.4333967160573554,0.8,0.4517241379310345,0.5238095238095238,0.413892011864864,0.5,0.5048652867374122,1.0,1.0,0.6988370251229874,0.8944370205780485,0.9991060198857267,1.077180215877854,instance,f_classif_top25
0,0.47057523583349825,0.8,0.7286821705426356,0.38095238095238093,0.641835368326259,0.6666666666666666,0.45495765813027533,0.9991935483870967,1.0,0.7259965729784594,0.9002142236131916,0.9972937482404337,-1.4699873877866834,instance,f_classif_top25
1,0.25635026737967914,0.6,0.21212121212121215,0.47619047619047616,0.2656330129981589,1.0,0.5140710079033675,1.0,1.0,0.7503662846683279,0.8753373287926831,0.9865525486396081,1.5737754924531542,instance,f_classif_top25
0,0.36874236874236876,0.4,0.4450261780104712,0.42857142857142855,0.5745668386588854,0.5,0.47637823358723363,0.9991935483870967,1.0,0.7105618217918972,0.8968427282967787,0.9967027595964112,-0.5738721240227306,instance,f_classif_top25
0,0.4621766315794428,0.8,0.3804755944931164,0.42857142857142855,0.3800843966898868,0.75,0.49228049538955887,0.9991935483870967,1.0,0.6846360647194253,0.8637043132315818,0.9865170355622376,1.3905821947404755,instance,f_classif_top25
0,0.4115378536431168,0.4,0.4517241379310345,0.7142857142857143,0.6946219958595709,0.4,0.49182126885283517,0.9975806451612903,1.0,0.7310654604098403,0.896169507631655,0.995086009247858,-0.8725812036599295,instance,f_classif_top25
0,0.6883326618318559,0.8,0.4517241379310345,0.6190476190476191,0.7083802700237612,1.0,0.5252776631003848,1.0,1.0,0.6994106968505576,0.8626192130185634,0.9658436485558253,-0.3688498206919287,instance,f_classif_top25
0,0.7158575795909763,0.4,0.7286821705426356,0.5238095238095238,0.674462379642062,0.0,0.482192104644794,0.9983870967741936,1.0,0.7124110612027944,0.8604452181841702,0.9499969903123914,-0.8048627235447903,instance,f_classif_top25
0,0.34837861524978087,0.2,0.3804755944931164,0.6190476190476191,0.38252417053988574,0.0,0.45655938520183825,0.9991935483870967,1.0,0.7207036231937866,0.8545992264335871,0.9632268014049369,1.9549122420818266,instance,f_classif_top25
0,0.43352390852390854,0.6,0.5357142857142857,0.42857142857142855,0.4989116313622297,1.0,0.5207167608874421,1.0,1.0,0.7460049894607271,0.9034278886015844,0.9967241831374902,0.6629517115492338,instance,f_classif_top25
0,0.5162162162162163,0.8,0.4517241379310345,0.47619047619047616,0.7865670261927666,0.0,0.49707065079757085,0.9991935483870967,1.0,0.6684539005656958,0.853484309355635,0.9786690562914503,0.02960932555774226,instance,f_classif_top25
0,0.24409849409849416,0.2,0.3804755944931164,0.42857142857142855,0.3770203597041272,0.0,0.46171184923660347,0.9975806451612903,0.96,0.6494193156385661,0.8291972819962493,0.9956668997832259,1.6274122286597892,instance,f_classif_top25
0,0.34096451036732167,0.2,0.3804755944931164,0.7142857142857143,0.4329121860639641,0.0,0.47786392410933043,0.9983870967741936,1.0,0.7266300407215861,0.869896621594848,0.978393051107468,-0.2920414593361467,instance,f_classif_top25
0,0.47380075646139586,0.2,0.8495575221238938,0.7142857142857143,0.5755521417768047,0.5,0.49408475133952645,0.9991935483870967,1.0,0.6991020758212937,0.9100706969010542,0.9999644300001502,-0.3023968585186868,instance,f_classif_top25
0,0.4016253684965342,0.2,0.3804755944931164,0.8571428571428571,0.3787870513557415,0.6666666666666666,0.5245679818081211,1.0,1.0,0.692357709995638,0.863631192586763,0.9861582439505691,1.1229956700498092,instance,f_classif_top25
0,0.2782045203097834,0.6,0.4517241379310345,0.42857142857142855,0.649075291642634,0.0,0.472326160379262,0.9983870967741936,1.0,0.678276914955838,0.8804643819863804,0.9994687377113736,-0.2181563210343063,instance,f_classif_top25
0,0.47201797385620925,0.8,0.4517241379310345,0.6190476190476191,0.4976828513941444,1.0,0.5659053247004153,1.0,1.0,0.6791212026341036,0.8594682691302993,0.9915980862519653,0.8731233012951024,instance,f_classif_top25
0,0.4056189382795776,0.2,0.8495575221238938,0.47619047619047616,0.6566678750837314,0.25,0.4328171542325916,0.9983870967741936,1.0,0.7166332146581722,0.8870381657779787,0.9961606884088713,-0.7186897152802242,instance,f_classif_top25
0,0.44487118697645,0.0,0.4517241379310345,0.5238095238095238,0.45420223892129064,0.0,0.4636618776778121,0.9959677419354839,1.0,0.6810246618086864,0.8938299162706538,0.9983059903678433,1.174148176888938,instance,f_classif_top25
0,0.7553002553002554,0.4,0.7834394904458599,0.5714285714285714,0.7795751935116482,1.0,0.5288906985785207,1.0,1.0,0.6689262260548812,0.8826015330490614,0.9968000313397664,-1.8479716955199186,instance,f_classif_top25
1,0.6620879120879122,0.6,0.6195244055068836,0.5714285714285714,0.6220491762476479,1.0,0.504802343720576,1.0,1.0,0.6886726451270498,0.817896033754983,0.9929226037871784,-2.1751641391654832,instance,f_classif_top25
0,0.43976183520442946,0.4,0.4450261780104712,0.5714285714285714,0.6462145946692899,0.5,0.5092360671136354,1.0,1.0,0.6928533402825836,0.8727193303503225,0.9884652738697234,-1.16200046062742,instance,f_classif_top25
1,0.6810866910866911,0.4,0.6195244055068836,0.7142857142857143,0.5919240344879239,0.0,0.4501908620675077,0.9988623435722411,1.0,0.7004423792905411,0.8811894409952763,0.9990110358740127,-1.2903744824453294,instance,f_classif_top25
0,0.4681189382795776,0.2,0.3804755944931164,0.8571428571428571,0.39459890195778213,0.0,0.4614390132874311,0.9983870967741936,1.0,0.6905475476743556,0.8986799447087531,0.9961604184129798,0.5562156974770696,instance,f_classif_top25
0,0.45357342044458615,0.2,0.4450261780104712,0.6190476190476191,0.45918783636555904,0.25,0.4693913120000903,0.9975806451612903,1.0,0.7367712156679496,0.8865258491047646,0.9920866550854771,-0.5575343616328323,instance,f_classif_top25
0,0.05555555555555547,0.2,0.3804755944931164,0.6190476190476191,0.49085801463591505,0.0,0.4511963472757011,0.9991935483870967,1.0,0.7325732496524906,0.8417108559106046,0.9487623277879772,-0.12923216083422823,instance,f_classif_top25
0,0.5222856049462443,0.6,0.3804755944931164,0.9523809523809523,0.46811360554167103,0.6666666666666666,0.4803480870574858,0.9991935483870967,1.0,0.7089269076849849,0.9155844268911033,0.9977882232754441,-0.46003613910722435,instance,f_classif_top25
0,0.42429784370065493,0.2,0.3804755944931164,0.8571428571428571,0.3970820412568006,0.25,0.4388197764419277,0.9983870967741936,1.0,0.688339564204459,0.895201312721642,0.9987542005932409,0.08771607238333502,instance,f_classif_top25
0,0.4016253684965342,0.4,0.3804755944931164,0.6190476190476191,0.38301062076075,0.5,0.45437011900054924,0.9975806451612903,1.0,0.6960642864692378,0.8862376507388037,0.9883395609004265,1.6162340840640177,instance,f_classif_top25
0,0.4032045203097834,0.4,0.4517241379310345,0.6190476190476191,0.5394741891047902,0.3333333333333333,0.4625017995880012,0.9983870967741936,1.0,0.6903613123598106,0.8926625314264979,0.9925193832665438,0.480537465964134,instance,f_classif_top25
0,0.31949206949206943,0.4,0.3804755944931164,0.9523809523809523,0.3926483099481607,0.5,0.5079050444925146,1.0,1.0,0.6810858383310906,0.8494151908447806,0.9639918667977625,0.60700957497692,instance,f_classif_top25
0,0.391973791973792,1.0,0.7834394904458599,0.8095238095238095,0.7839735166934453,1.0,0.5985638942466953,1.0,1.0,0.6901981854674418,0.8630431164569161,0.9968058459730861,-1.6359767659865356,instance,f_classif_top25
0,0.3744688644688644,0.4,0.3804755944931164,0.7142857142857143,0.37753559564887895,1.0,0.500757881611466,1.0,1.0,0.6803861993566707,0.8476683974208532,0.9732505137877586,2.946921371538659,instance,f_classif_top25
1,0.3036223036223036,0.6,0.6195244055068836,0.6190476190476191,0.6229849234650222,0.0,0.44435056376912474,0.9988623435722411,1.0,0.6907160884425929,0.8483979860903668,0.996388628366049,-2.3409715103628397,instance,f_classif_top25
0,0.3030402930402931,0.2,0.3804755944931164,0.6190476190476191,0.378400419029566,0.5,0.4903769359531571,0.9975806451612903,1.0,0.6881961202649564,0.8626880477838701,0.997159378381561,1.2147463910868024,instance,f_classif_top25
0,0.24409849409849416,0.2,0.3804755944931164,0.42857142857142855,0.37767521479385546,0.0,0.4503105297981965,0.9967741935483871,0.96,0.658527703978445,0.830115172164122,0.9781447904276931,0.8191494777282,instance,f_classif_top25
0,0.39524964524964534,0.8,0.3804755944931164,0.5714285714285714,0.45609587466203194,1.0,0.5314638237872445,1.0,1.0,0.6990534275867464,0.9244152407942652,0.9980991237762689,-0.26792891851754463,instance,f_classif_top25
0,0.5777180929763555,0.0,0.7834394904458599,0.47619047619047616,0.4485255269751621,0.0,0.4321738771996537,0.9951612903225806,1.0,0.7112698720981825,0.9117742885102217,0.9904409820369521,0.12486371157486342,instance,f_classif_top25
0,0.7624608614707624,1.0,0.7286821705426356,0.47619047619047616,0.6066615724099111,1.0,0.5498263956717828,1.0,1.0,0.7060720980625241,0.8850341590552456,0.9880940049426821,-0.4851013468211799,instance,f_classif_top25
0,0.05555555555555547,0.4,0.3804755944931164,0.6190476190476191,0.6592336150993564,1.0,0.523860587908928,1.0,0.96,0.6666666666666666,0.8355591652017096,0.9960244038848401,0.7684582987979761,instance,f_classif_top25
1,0.5279820261437909,0.6,0.5482758620689655,0.5714285714285714,0.4227498117343577,0.0,0.47438700374154563,0.9994311717861206,1.0,0.6968324052384642,0.8289022152542594,0.9677877457806847,-1.8438656803372797,instance,f_classif_top25
0,0.6020757020757022,0.4,0.4450261780104712,0.38095238095238093,0.5329977659737152,0.0,0.4832956719128342,0.9983870967741936,1.0,0.7024515801378621,0.8880426414279882,0.9974622809552625,0.1706494796505704,instance,f_classif_top25
0,0.3609068627450981,0.4,0.4517241379310345,0.7142857142857143,0.5307885131017539,1.0,0.5119502034786849,1.0,1.0,0.6953692358332982,0.8227285929157955,0.926163688810747,0.808396826075465,instance,f_classif_top25
0,0.4634709653092006,0.4,0.4450261780104712,0.42857142857142855,0.6030800023354655,0.5,0.46481073127803063,0.9983870967741936,1.0,0.6971427082915379,0.8792631704656122,0.9913990768701907,-0.018245597549412896,instance,f_classif_top25
0,0.35512759723286036,0.2,0.4517241379310345,0.5238095238095238,0.6078432924211691,0.14285714285714285,0.48126014947613327,0.9975806451612903,1.0,0.718273884399695,0.8871437707086257,0.9975019333899895,-0.11604268725403591,instance,f_classif_top25
0,0.3609068627450981,0.8,0.4517241379310345,0.5238095238095238,0.7839147963397893,0.5,0.4991826877344059,0.9991935483870967,1.0,0.7192640143838674,0.8576948566102638,0.9816323859223839,-1.1826968337786572,instance,f_classif_top25
0,0.6096881390593047,0.6,0.7286821705426356,0.3333333333333333,0.4536897226435189,0.0,0.4859606812485877,0.9991935483870967,1.0,0.7156744018817789,0.8928114211724576,0.9976427926177734,-0.7806451531032972,instance,f_classif_top25
0,0.42429784370065493,0.8,0.4517241379310345,0.42857142857142855,0.5720886399487539,0.5,0.47373456779289136,0.9991935483870967,1.0,0.6856886756636252,0.8628019099679579,0.9946721872685022,-0.9958879051622831,instance,f_classif_top25
0,0.20780219780219777,0.0,0.3804755944931164,0.6190476190476191,0.3769912289387851,0.3333333333333333,0.41056385260462736,0.9935483870967742,1.0,0.68378946588422,0.838567784419526,0.9775865502350338,2.3270974347376794,instance,f_classif_top25
0,0.2387378703168177,0.4,0.3804755944931164,0.6190476190476191,0.3771172965156614,1.0,0.5151707086672286,1.0,1.0,0.6905335380981988,0.8328987611654999,0.9967037520977705,1.405053837705474,instance,f_classif_top25
0,0.4056189382795776,0.6,0.4517241379310345,0.5238095238095238,0.5304604740766444,0.0,0.49949712947533986,0.9991935483870967,1.0,0.73022986303814,0.8967441963908713,0.9946996334499907,-0.40796873529331384,instance,f_classif_top25
0,0.2782045203097834,0.4,0.4450261780104712,0.47619047619047616,0.6503898188535846,0.0,0.4590479865168279,0.9975806451612903,1.0,0.7082242347565035,0.8676120861426538,0.994400990175928,-0.7374985491882498,instance,f_classif_top25
0,0.5909645909645909,0.8,0.3804755944931164,0.6190476190476191,0.4435546037665917,1.0,0.5406068498954804,1.0,1.0,0.7094216993772914,0.8504941586192749,0.9966169235460949,-0.15585191892211142,instance,f_classif_top25
0,0.3481140649852307,0.2,0.3804755944931164,0.6190476190476191,0.3852487728817927,0.0,0.4858928695265161,0.9983870967741936,1.0,0.696553418450275,0.8731266001091607,0.9978666155463659,0.7417935492498432,instance,f_classif_top25
0,0.48724190250016497,0.6,0.5357142857142857,0.42857142857142855,0.7057031602207048,1.0,0.533150426771444,1.0,1.0,0.6939906129654314,0.8934046594892968,0.9965853386369262,-0.15733242574477124,instance,f_classif_top25
0,0.4137681637681637,0.6,0.3804755944931164,0.7142857142857143,0.41269169788475024,0.5,0.5085064390718291,1.0,1.0,0.6818839136742406,0.8680430876008742,0.992918542017358,-0.056966253446196116,instance,f_classif_top25
0,0.6485395986574305,0.6,0.4450261780104712,0.5238095238095238,0.7593669847022109,0.6666666666666666,0.5150856428964717,1.0,1.0,0.718257253757015,0.8736537801771863,0.9986144510577379,-0.8181530449222655,instance,f_classif_top25
0,0.4016253684965342,0.4,0.3804755944931164,0.6190476190476191,0.3828881238839168,1.0,0.5031688512330991,1.0,0.96,0.6486830742074754,0.8646450841416321,0.9929918937880137,0.8819976224222609,instance,f_classif_top25
0,0.20780219780219777,0.0,0.3804755944931164,0.7142857142857143,0.3774255076753473,0.0,0.3909221642180347,0.992741935483871,1.0,0.7100276559606516,0.8461814015876051,0.9841018808074313,2.5417410335557062,instance,f_classif_top25
0,0.4032045203097834,0.4,0.7878787878787878,0.47619047619047616,0.6259068514731124,1.0,0.5010374029641491,1.0,1.0,0.7496999738977057,0.8831196034367949,0.9873928444253641,-0.47651880189237034,instance,f_classif_top25
0,0.4681189382795776,0.6,0.8495575221238938,0.3333333333333333,0.4115706952721131,0.5,0.5259797453084776,1.0,1.0,0.6949761551819423,0.8868515522507288,0.9749960974214603,-0.2190831698654154,instance,f_classif_top25
0,0.3609068627450981,0.4,0.5357142857142857,0.42857142857142855,0.7836989250056642,1.0,0.5190776733383333,1.0,1.0,0.7344576881001781,0.8725348821789559,0.9975610096902189,-0.06946399528693499,instance,f_classif_top25
0,0.6962521470996048,1.0,0.8495575221238938,0.6666666666666666,0.515245113448617,1.0,0.5323159373413597,1.0,1.0,0.7158119426125028,0.9012711661189634,0.9995583572486048,-1.2501161116301904,instance,f_classif_top25
0,0.32500000000000007,1.0,0.3804755944931164,0.8571428571428571,0.5339467783466404,1.0,0.5201722652136385,1.0,1.0,0.694384948908208,0.8843398887088876,0.998560533416782,-0.3945510461289718,instance,f_classif_top25
0,0.42429784370065493,0.4,0.3804755944931164,0.7142857142857143,0.42675522898195384,0.5,0.47488434725992523,0.9983870967741936,1.0,0.689023524069601,0.8716356289856344,0.9855131837578408,-0.4928169652708187,instance,f_classif_top25
0,0.3119688644688644,0.2,0.3804755944931164,0.8571428571428571,0.37986390992925323,1.0,0.5263771701145115,1.0,1.0,0.6948475147187932,0.8783878157916358,0.9875430056076255,0.7548562179441827,instance,f_classif_top25
0,0.4032045203097834,0.0,0.4517241379310345,0.47619047619047616,0.4646808616579018,0.6,0.4259356685561202,0.9959677419354839,1.0,0.7111878910983772,0.8993573581485176,0.9885932940453199,0.2895370080572152,instance,f_classif_top25
0,0.34837861524978087,0.4,0.4517241379310345,0.42857142857142855,0.4601275281163257,0.0,0.4564523251703816,0.9991935483870967,0.96,0.6666666666666666,0.9003505840922369,0.9871123145249505,0.6059738378336119,instance,f_classif_top25
0,0.2782045203097834,0.4,0.7286821705426356,0.47619047619047616,0.7053421797636136,0.0,0.4307242026022112,0.9991935483870967,1.0,0.7467295673561196,0.8759903515068126,0.9910864837082062,-1.541115585405366,instance,f_classif_top25
0,0.5406965915440491,0.4,0.3804755944931164,0.3333333333333333,0.4058270990401762,1.0,0.5103044175439972,1.0,1.0,0.7242861576069323,0.8770735843629351,0.9946585004043765,0.5624242492563851,instance,f_classif_top25
1,0.28354978354978355,0.2,0.28735632183908044,0.38095238095238093,0.26209147340944516,0.3333333333333333,0.5801906590409195,1.0,1.0,0.6792858259602866,0.8282719993334795,0.9397468112280438,0.47768124565988945,instance,f_classif_top25
0,0.49531739075998493,0.4,0.3804755944931164,0.6190476190476191,0.6967793394279287,0.0,0.49633746422570524,0.9975806451612903,1.0,0.6924903760233435,0.876977229942342,0.9927677510757265,-1.3684107059802852,instance,f_classif_top25
0,0.37411121598238173,0.0,0.3804755944931164,0.8571428571428571,0.3775298780231382,0.0,0.4144227127043343,0.9959677419354839,0.88,0.6322964914805511,0.8389040669861777,0.994053146249354,1.9815171328923629,instance,f_classif_top25
0,0.43352390852390854,0.4,0.4450261780104712,0.5714285714285714,0.5792181279437177,0.6666666666666666,0.4974631295469003,0.9991935483870967,1.0,0.6946082277612682,0.8941331699430387,0.9879588099242963,0.06519035600205972,instance,f_classif_top25
0,0.11111111111111116,0.8,0.5357142857142857,0.42857142857142855,0.7874267458147072,1.0,0.5154636092319509,1.0,1.0,0.7059465067535977,0.8426408412022695,0.9834522598221218,-2.1287253907647603,instance,f_classif_top25
0,0.3557461307461307,0.2,0.4450261780104712,0.6190476190476191,0.39782681357314953,0.0,0.434278119008216,0.9983870967741936,1.0,0.7077550603979746,0.8866921387210173,0.9864000267495321,0.9656264953408378,instance,f_classif_top25
0,0.42673505061564765,0.2,0.4517241379310345,0.6666666666666666,0.46030993279883115,0.5,0.4482091921348097,0.9975806451612903,1.0,0.6818530159147912,0.8813448718870572,0.9980167527879082,0.8169717736678267,instance,f_classif_top25
0,0.5027750027750029,0.6,0.3804755944931164,0.47619047619047616,0.47764607974448414,1.0,0.5163242128487493,1.0,1.0,0.698024901867327,0.8597344463536595,0.9918992111906568,1.1198271887504294,instance,f_classif_top25
0,0.31949206949206943,0.2,0.3804755944931164,0.6190476190476191,0.40596453584706244,1.0,0.5120618195658214,1.0,1.0,0.6824929676196246,0.8547598096258683,0.9985922523565216,0.2623279803201023,instance,f_classif_top25
0,0.39652006592287714,0.4,0.3804755944931164,0.6190476190476191,0.3798053300055648,0.5,0.4878033165351051,0.9991935483870967,1.0,0.6985679475709866,0.8751178838502525,0.9892339042810333,1.5385837814305594,instance,f_classif_top25
0,0.3734426155478787,0.2,0.4517241379310345,0.5238095238095238,0.6705889542389589,0.3333333333333333,0.41830603729479965,0.9983870967741936,1.0,0.7185636859708514,0.873014036645854,0.9828654289968085,-0.6824627464546005,instance,f_classif_top25
1,0.12201834862385319,0.2,0.5549738219895288,0.38095238095238093,0.26810215073522414,0.0,0.436271826434382,0.9977246871444824,1.0,0.702092372561619,0.8751303088333735,0.9902907187017944,0.7411060144900462,instance,f_classif_top25
0,0.37589184276300847,0.4,0.3804755944931164,0.8095238095238095,0.42693159146293624,0.5,0.4859223208650708,0.9991935483870967,1.0,0.7278481712933801,0.8899765279246761,0.9667782792810417,-0.004894806593608236,instance,f_classif_top25
0,0.24483923483923486,0.4,0.3804755944931164,0.6190476190476191,0.3982631818485589,0.0,0.4733094837452396,0.9983870967741936,1.0,0.6817626945275844,0.8655660286116625,0.9838627941107347,-0.3586345972964494,instance,f_classif_top25
0,0.41577788264904836,0.8,0.7126436781609196,0.38095238095238093,0.40570913782429907,1.0,0.5216759263103268,1.0,1.0,0.7143726715594251,0.8706753751158661,0.9983638147860243,0.780178380806429,instance,f_classif_top25
0,0.24483923483923486,0.2,0.3804755944931164,0.3333333333333333,0.3821819147758466,0.0,0.47016858492705715,0.9991935483870967,1.0,0.6965031570816632,0.8564665114522204,0.999465350824668,0.4106273397258888,instance,f_classif_top25
0,0.47201797385620925,0.4,0.4450261780104712,0.6190476190476191,0.4585561884052779,0.0,0.4946497261578757,0.9991935483870967,1.0,0.6826753944900679,0.8719052233184929,0.9854238565610944,2.1475163642194848,instance,f_classif_top25
0,0.5539085691668315,0.4,0.7834394904458599,0.47619047619047616,0.7641699490939589,1.0,0.5955193547048168,1.0,1.0,0.6932082011803622,0.8463177133814876,0.9997113488792962,-0.5393437514527254,instance,f_classif_top25
0,0.488952271612911,0.8,0.7834394904458599,0.5238095238095238,0.5984388767455971,1.0,0.5873263633618584,1.0,1.0,0.6812664678659222,0.8860785822413146,0.9985538065731151,-1.171142598938222,instance,f_classif_top25
0,0.29524964524964525,0.4,0.4450261780104712,0.38095238095238093,0.39655579721981715,0.0,0.4647712625909808,0.9975806451612903,1.0,0.7052691390994891,0.8888165772907227,0.9916256538838761,0.41819684936716534,instance,f_classif_top25
1,0.2488031762412568,0.2,0.5482758620689655,0.5238095238095238,0.2301791911786052,0.0,0.46293253714650295,0.9988623435722411,1.0,0.7026724325989523,0.8612575423954821,0.9847287695052235,1.5500520752313984,instance,f_classif_top25
0,0.34096451036732167,0.2,0.3804755944931164,0.7142857142857143,0.4293094754036548,0.0,0.46368123876507217,0.9991935483870967,1.0,0.7529195215063622,0.8744039388456047,0.9808142942468121,-0.7844895430682046,instance,f_classif_top25
0,0.3916638916638916,0.2,0.3804755944931164,0.5238095238095238,0.5346612969789402,0.0,0.4336006481625524,0.9967741935483871,1.0,0.7217412857871234,0.889766124181248,0.9854361134061583,0.34048271523638185,instance,f_classif_top25
0,0.22875457875457883,0.4,0.3804755944931164,0.42857142857142855,0.3862948944161966,0.0,0.406479904921599,0.9975806451612903,1.0,0.6780658741633798,0.8511665201377628,0.9921380590696302,-0.10250972942715804,instance,f_classif_top25
0,0.45357342044458615,0.4,0.3804755944931164,0.7142857142857143,0.4778199752550887,1.0,0.5497396440595659,1.0,1.0,0.6898622621849391,0.8803542026740984,0.9997098848580445,-0.7899351146896105,instance,f_classif_top25
0,0.33376007586533907,0.4,0.4517241379310345,0.6190476190476191,0.6584069496886973,0.3333333333333333,0.5125324803283104,1.0,1.0,0.7134399929563433,0.8537372746013553,0.989544542131927,0.6777542447366668,instance,f_classif_top25
1,0.11478758169934655,0.0,0.1504424778761062,0.5238095238095238,0.21700653708101703,0.0,0.4472944083558412,0.9954493742889647,1.0,0.721415725425999,0.8733485398180951,0.9995851162755428,3.1049350612779274,instance,f_classif_top25
1,0.6880311355311355,0.6,0.6195244055068836,0.7142857142857143,0.6177463023727938,0.0,0.49794910637740475,0.9994311717861206,1.0,0.708122672278006,0.8728180523521004,0.9673601158246845,-0.8697026504589205,instance,f_classif_top25
0,0.4132803801515458,0.6,0.3804755944931164,0.7142857142857143,0.40035571155695027,0.6666666666666666,0.49829870586503666,0.9991935483870967,1.0,0.6931585111790175,0.8730192597215333,0.9868999728082952,-0.22769593774776656,instance,f_classif_top25
0,0.37868164555281114,0.2,0.3804755944931164,0.7619047619047619,0.39576055561718915,0.2,0.5027213128372454,1.0,1.0,0.6885902442906137,0.896925873549573,0.994653299174359,0.5423344679463294,instance,f_classif_top25
0,0.19907407407407407,0.4,0.7286821705426356,0.3333333333333333,0.39761095035757865,0.5,0.455590089983955,0.9975806451612903,1.0,0.698090250686504,0.8514571568127018,0.990505679725947,0.8186384255869023,instance,f_classif_top25
0,0.44487118697645,0.8,0.4517241379310345,0.6190476190476191,0.7371168382637956,1.0,0.5257344324935274,1.0,1.0,0.7094022567917206,0.8822720609987497,0.9942926474376447,-1.4363069519463691,instance,f_classif_top25
0,0.16208791208791207,0.4,0.3804755944931164,0.42857142857142855,0.3775625401049223,0.0,0.47580248607845177,0.9991935483870967,1.0,0.7114909015730863,0.840841100786303,0.9925645727936045,1.4099361634700012,instance,f_classif_top25
0,0.3835239085239085,0.4,0.7286821705426356,0.3333333333333333,0.7060937673237117,1.0,0.5349665757297938,1.0,1.0,0.7031652611872269,0.881410509765769,0.9964877888823315,-1.4614151871393966,instance,f_classif_top25
1,0.5573260073260073,0.6,0.6195244055068836,0.5714285714285714,0.6176540235635606,1.0,0.5292420313634393,1.0,1.0,0.6864294512397171,0.8355687580541364,0.9893150506788689,-1.0105677929223174,instance,f_classif_top25
0,0.2782045203097834,0.4,0.7286821705426356,0.47619047619047616,0.5617090864066068,0.5,0.48646702774515205,0.9991935483870967,1.0,0.6997078505118965,0.8896056775670003,0.9627298008326319,-0.6421836734735412,instance,f_classif_top25
0,0.5586404586404587,0.8,0.4450261780104712,0.42857142857142855,0.7765759229777949,1.0,0.5166600259172532,1.0,1.0,0.668093686433588,0.8070003796838537,0.9827949024595518,-0.6523473191664408,instance,f_classif_top25
0,0.6936353573687539,0.8,0.4517241379310345,0.42857142857142855,0.7263044869329027,0.5,0.5138425137586217,1.0,1.0,0.729582488023723,0.8757605417164157,0.9966748582466676,-0.04295388135634979,instance,f_classif_top25
0,0.37589184276300847,0.6,0.3804755944931164,0.6190476190476191,0.3891167837239434,1.0,0.5258348584761633,1.0,1.0,0.7012686695381234,0.879362898723958,0.9983308184100858,0.6505894301549956,instance,f_classif_top25
0,0.3609068627450981,0.6,0.7834394904458599,0.47619047619047616,0.7202435105888467,0.0,0.49573084842396875,0.9991935483870967,1.0,0.6986041374945616,0.8505605734975801,0.9936808544798729,-0.20762939561440755,instance,f_classif_top25
0,0.2387378703168177,0.4,0.3804755944931164,0.6190476190476191,0.38914827650993,0.0,0.4971321160176537,0.9991935483870967,1.0,0.6845708227283088,0.8123471903303929,0.9576545509669067,0.17202465398012434,instance,f_classif_top25
0,0.42673505061564765,0.6,0.3804755944931164,0.7619047619047619,0.38677681654122326,1.0,0.5168308998787777,1.0,1.0,0.6927381207636755,0.8838422987391009,0.9997241437416282,1.59335865854208,instance,f_classif_top25
1,0.45275120914394773,0.8,0.5549738219895288,0.5714285714285714,0.5224701066788393,1.0,0.5466060110283344,1.0,1.0,0.6950402358830411,0.8631618004813372,0.9806539671715551,0.1959409903100442,instance,f_classif_top25
0,0.5777180929763555,0.6,0.4450261780104712,0.5238095238095238,0.4304686789017499,0.0,0.4160081665891119,0.9991935483870967,1.0,0.6939474949291926,0.8870044524531305,0.9952419743742279,0.6772717089686531,instance,f_classif_top25
0,0.4056189382795776,0.2,0.4517241379310345,0.5238095238095238,0.4901262953691382,0.0,0.4921506158247463,0.9975806451612903,0.92,0.6619083490430178,0.8768124423852193,0.9843773104640632,-0.07132504462303758,instance,f_classif_top25
0,0.35075956763073324,0.2,0.4450261780104712,0.42857142857142855,0.6642002453166428,0.5,0.5584372710770886,1.0,1.0,0.7020064670795546,0.8549315247016803,0.9753434110133592,0.46475051800181666,instance,f_classif_top25
0,0.47201797385620925,0.2,0.4450261780104712,0.5238095238095238,0.39579783949510317,0.0,0.4442128716872117,0.9983870967741936,1.0,0.7172298139108872,0.8603865253609666,0.9976277547201998,1.8529518140412764,instance,f_classif_top25
0,0.4505445744251714,0.6,0.5357142857142857,0.42857142857142855,0.4010739517395363,0.5,0.4918024388833445,0.9991935483870967,0.96,0.6666666666666666,0.8853777075961387,0.9913157775846809,1.6955730665697129,instance,f_classif_top25
0,0.3481140649852307,0.2,0.3804755944931164,0.47619047619047616,0.3846745324420424,0.5,0.49867795261895576,0.9991935483870967,1.0,0.6961558970529509,0.8703660097277001,0.9954498696372979,1.8853864571516346,instance,f_classif_top25
0,0.125,0.0,0.7878787878787878,0.23809523809523808,0.7256337849548968,0.0,0.44843242697514063,0.9951612903225806,1.0,0.7116450030798099,0.8765296444245025,0.9962111510171984,-0.10655606326160053,instance,f_classif_top25
0,0.47201797385620925,0.4,0.4517241379310345,0.6190476190476191,0.710325294676536,0.3333333333333333,0.5253547908807583,1.0,1.0,0.67782130668525,0.8624350153955919,0.9525330738160125,0.1285268878038233,instance,f_classif_top25
0,0.596022065156812,0.8,0.5357142857142857,0.5238095238095238,0.7222820028239282,1.0,0.517983488598242,1.0,1.0,0.7327358926106299,0.8848659972942923,0.9940994881690055,-1.7035213954100368,instance,f_classif_top25
0,0.6400452819164475,0.4,0.4450261780104712,0.5238095238095238,0.42195854715693937,1.0,0.539525090014559,1.0,1.0,0.7158231116360287,0.877610213288094,0.9668139269982505,1.0209963541785299,instance,f_classif_top25
0,0.6565656565656566,1.0,0.5357142857142857,0.5238095238095238,0.787852062571085,1.0,0.5927904636456931,1.0,1.0,0.7059788860245071,0.8515863231399865,0.9824212057762907,-3.8081012979366946,instance,f_classif_top25
0,0.4016253684965342,0.4,0.3804755944931164,0.47619047619047616,0.38004803748736626,1.0,0.5400905133399099,1.0,1.0,0.6902572968746744,0.8695291421973357,0.9968054934479835,1.474364984683791,instance,f_classif_top25
0,0.39652006592287714,0.4,0.3804755944931164,0.6190476190476191,0.38166459038339084,0.0,0.4344371902342078,0.9983870967741936,1.0,0.6964318860953749,0.8737249801746289,0.987381090674726,1.4290541628833113,instance,f_classif_top25
0,0.16208791208791207,0.2,0.3804755944931164,0.7142857142857143,0.5578279634006681,0.0,0.4651950803677526,0.9975806451612903,1.0,0.6705814504506489,0.8139332048742588,0.9647020592455046,-0.5922024613196193,instance,f_classif_top25
1,0.5261992435386043,0.8,0.5549738219895288,0.6190476190476191,0.6001688934284072,1.0,0.5573114320206054,1.0,1.0,0.7044394932729866,0.9022601400090977,0.9998240390373769,-0.9107625245979712,instance,f_classif_top25
0,0.3030402930402931,0.6,0.3804755944931164,0.7142857142857143,0.3786876865613631,0.0,0.45934913398235455,0.9991935483870967,1.0,0.6956839451041795,0.8617291614146185,0.992191720932225,0.7647039864769096,instance,f_classif_top25
0,0.4056189382795776,0.8,0.7834394904458599,0.38095238095238093,0.5144789159851424,0.6666666666666666,0.5555989789825218,1.0,1.0,0.6903421368508442,0.9167436615817245,0.9968673563797936,-0.35486061553473147,instance,f_classif_top25
0,0.30934065934065924,0.2,0.3804755944931164,0.7142857142857143,0.37784205146729544,0.0,0.45451919309107625,0.9983870967741936,1.0,0.6929036977838147,0.854788282078713,0.9891645390713284,1.9482652428599243,instance,f_classif_top25
0,0.7436497326203209,0.4,0.4450261780104712,0.5238095238095238,0.7631438616797735,1.0,0.5145793328865309,1.0,1.0,0.719343707951197,0.861158830070645,0.9961338956920074,-1.1185028977557847,instance,f_classif_top25
0,0.6818729319907639,0.6,0.7286821705426356,0.47619047619047616,0.7617985825236742,1.0,0.5273613376343826,1.0,1.0,0.7197945289137643,0.8631438936602666,0.9929425286267716,-0.9307449409679855,instance,f_classif_top25
0,0.4229975927344348,0.6,0.4450261780104712,0.5238095238095238,0.4872717451148295,0.25,0.5041521748217767,1.0,1.0,0.713744768192819,0.9225243299773215,0.9979931019065982,-0.4159352160155332,instance,f_classif_top25
0,0.05555555555555547,0.4,0.4450261780104712,0.6666666666666666,0.38253662323537413,0.0,0.4957511841811896,0.9991935483870967,0.96,0.6666666666666666,0.8313703610435933,0.986167350781346,2.755968433217264,instance,f_classif_top25
0,0.41577788264904836,0.4,0.3804755944931164,0.6190476190476191,0.3881778529114184,0.0,0.4753605973098912,0.9991935483870967,1.0,0.6967155305895887,0.8179889783654215,0.9908836184342459,0.620961827830368,instance,f_classif_top25
0,0.19907407407407407,0.4,0.3804755944931164,0.7142857142857143,0.3835319997388128,0.5,0.513924219134974,1.0,1.0,0.703447379057682,0.867300176208935,0.9511365350736117,0.6354476860624217,instance,f_classif_top25
0,0.5706008374720031,0.6,0.3804755944931164,0.38095238095238093,0.43295850962794924,0.5,0.5277880814479582,1.0,1.0,0.7094620783459741,0.8779746024589626,0.9948719526133283,0.8607034227964149,instance,f_classif_top25
0,0.05555555555555547,0.0,0.7286821705426356,0.3333333333333333,0.778003699913371,0.0,0.4367148382789784,0.9935483870967742,0.8,0.6559224498343623,0.7914400302207295,0.9200425810996712,-1.2317311148930254,instance,f_classif_top25
0,0.16208791208791207,0.4,0.3804755944931164,0.6190476190476191,0.3820480988567942,0.25,0.4935909179527158,0.9991935483870967,1.0,0.6773219286432407,0.8825918872059073,0.9994261129426503,0.27791455493753353,instance,f_classif_top25
1,0.6518859350147694,0.8,0.28735632183908044,0.5238095238095238,0.6075640599113284,0.6666666666666666,0.48842979323724955,0.9994311717861206,1.0,0.7050363248764255,0.8787520723053914,0.9965905437034732,-0.9824152436879109,instance,f_classif_top25
0,0.37868164555281114,0.8,0.7126436781609196,0.38095238095238093,0.4348365721811157,0.5,0.4927781096218804,0.9991935483870967,1.0,0.6992092391283473,0.8685008476896755,0.9959740104166419,0.5281452370442743,instance,f_classif_top25
0,0.33791208791208793,0.4,0.3804755944931164,0.7142857142857143,0.37760172337252534,0.5,0.5334783154743976,1.0,1.0,0.6881079864013551,0.8145244623055532,0.9637604503816078,1.3260359889427782,instance,f_classif_top25
0,0.49835301361127604,0.2,0.5357142857142857,0.42857142857142855,0.4514087500198638,0.2,0.45626805053979624,0.9983870967741936,1.0,0.6925669266154,0.9068587955556547,0.9856296646872059,-0.05741194659884993,instance,f_classif_top25
0,0.5908028576740234,1.0,0.7286821705426356,0.5714285714285714,0.4048615458056387,1.0,0.5825515905910836,1.0,1.0,0.7123236886032691,0.8937632619330426,0.9965130651588364,1.074041382299453,instance,f_classif_top25
0,0.5001905751905751,0.4,0.4450261780104712,0.42857142857142855,0.7586892029403849,0.0,0.4647863342032369,0.9983870967741936,1.0,0.6875957843378128,0.8966796758751238,0.9920071588373175,-0.47971422942241865,instance,f_classif_top25
0,0.45357342044458615,0.4,0.4450261780104712,0.38095238095238093,0.5101958342628913,0.5,0.5014628449920377,1.0,1.0,0.7054852601343884,0.8900758953564591,0.9980764952324266,-0.3401822067355962,instance,f_classif_top25
0,0.7012254901960784,0.8,0.8495575221238938,0.6666666666666666,0.6572387904509168,1.0,0.5196660102972513,1.0,1.0,0.7145232103316524,0.9109026108445224,0.9910127518106293,-0.9666708647568709,instance,f_classif_top25
0,0.4634709653092006,0.2,0.4450261780104712,0.42857142857142855,0.5809536440401767,0.0,0.4976146312472616,0.9991935483870967,1.0,0.7309630302606857,0.8627678567763841,0.9664620801159695,-0.49131304905370815,instance,f_classif_top25
0,0.2838283828382838,0.8,0.3804755944931164,0.2857142857142857,0.7875097379249543,1.0,0.5292303548502918,1.0,1.0,0.6805242416887248,0.8592901812564296,0.9944884250597064,-1.0620274937180616,instance,f_classif_top25
0,0.4229975927344348,0.6,0.4450261780104712,0.38095238095238093,0.5300678291435291,0.5,0.5354946482446173,1.0,1.0,0.6981913914240149,0.8937379710650791,0.9922927057504803,-0.19510383868064055,instance,f_classif_top25
0,0.05555555555555547,0.4,0.3804755944931164,0.7142857142857143,0.564935032525889,1.0,0.5189917139981483,1.0,1.0,0.6963745210246988,0.8422511461251859,0.9866275279706546,0.2736158176826154,instance,f_classif_top25
0,0.47337861524978087,0.6,0.3804755944931164,0.7142857142857143,0.37940190356658604,0.0,0.49671964982477257,0.9991935483870967,1.0,0.7125362207888296,0.8743256958181691,0.9987143224107468,2.2698169906971772,instance,f_classif_top25
0,0.22875457875457883,0.4,0.3804755944931164,0.9523809523809523,0.3823237324702792,0.3333333333333333,0.46701201511744983,0.9983870967741936,1.0,0.6866784844876269,0.8746510502695248,0.9957022738849546,0.5275291108921238,instance,f_classif_top25
0,0.38387790775850483,0.6,0.5357142857142857,0.6190476190476191,0.6567114290833251,0.75,0.5285233948768687,1.0,1.0,0.7008366497233296,0.8980466733203653,0.9981885398986803,-1.215536050234368,instance,f_classif_top25
0,0.4218273886985543,0.2,0.3804755944931164,0.47619047619047616,0.3866622214905066,0.0,0.4867117815676252,0.9991935483870967,1.0,0.6864490912246959,0.8714984537915974,0.9981323322561345,1.2719729424491684,instance,f_classif_top25
0,0.47057523583349825,0.6,0.7126436781609196,0.38095238095238093,0.7457839692774306,1.0,0.5289440044017059,1.0,1.0,0.6952224391010028,0.8656191361553922,0.9945892399864977,-0.4230285673534901,instance,f_classif_top25
1,0.6282282282282283,0.8,0.5549738219895288,0.47619047619047616,0.33459354788449025,0.0,0.4904059203280846,0.9994311717861206,1.0,0.6738061065117368,0.8635150518820066,0.9994370039222534,1.178263298841365,instance,f_classif_top25
0,0.488952271612911,0.4,0.4517241379310345,0.5714285714285714,0.5985270444937246,0.0,0.4887038792679983,0.9991935483870967,1.0,0.6773107738403349,0.8670665019112427,0.9807149277588951,-1.3910949671829589,instance,f_classif_top25
1,0.5261992435386043,0.8,0.4642857142857143,0.47619047619047616,0.3193262819277164,1.0,0.5212496948749715,1.0,1.0,0.7210996525317339,0.9020899610859568,0.9905420464946764,0.852649175194411,instance,f_classif_top25
0,0.46874236874236874,0.6,0.4450261780104712,0.42857142857142855,0.4957008788774975,0.0,0.4667587361504726,0.9991935483870967,1.0,0.7282397766415639,0.8726421378990261,0.9934976951685283,-0.07220366669837687,instance,f_classif_top25
0,0.31891330891330893,0.4,0.3804755944931164,0.6190476190476191,0.38112957348749466,0.2,0.4960240107202376,0.9991935483870967,1.0,0.6949627496226158,0.8741550451989066,0.995860284500802,1.8233411971225366,instance,f_classif_top25
0,0.43352390852390854,0.8,0.4517241379310345,0.6190476190476191,0.46884704375579334,1.0,0.5304976635507381,1.0,1.0,0.6951914598100931,0.8980861912546618,0.9929976046506689,1.132745277558058,instance,f_classif_top25
0,0.2285829785829786,0.2,0.3804755944931164,0.7142857142857143,0.3909368021914794,0.25,0.485383757206061,0.9983870967741936,1.0,0.6910300822251236,0.8997869329756825,0.9995628410880781,0.3987514998793857,instance,f_classif_top25
0,0.43352390852390854,0.4,0.4517241379310345,0.7142857142857143,0.5083675231508924,0.0,0.4893425131126673,0.9991935483870967,1.0,0.736024898225201,0.9000475110139021,0.9977700840287922,0.9338578538641429,instance,f_classif_top25
0,0.2674262342974,0.4,0.7126436781609196,0.38095238095238093,0.6005888984184239,0.0,0.48568263364417363,0.9983870967741936,1.0,0.6671760698118119,0.8476600878630893,0.9726011281915786,2.3128742454941142,instance,f_classif_top25
0,0.47201797385620925,0.6,0.5357142857142857,0.5238095238095238,0.6625230208403212,0.0,0.4613591811063168,0.9983870967741936,1.0,0.6903195716130942,0.8749735078930289,0.9900381297503302,-0.022052874931824312,instance,f_classif_top25
0,0.2782045203097834,0.0,0.7286821705426356,0.47619047619047616,0.6422568278950044,0.0,0.4009793053277957,0.9935483870967742,1.0,0.7155267533514093,0.8707490732795778,0.9953675891980939,-0.9004287853954435,instance,f_classif_top25
0,0.37411121598238173,0.4,0.3804755944931164,0.8571428571428571,0.37809463011460653,0.0,0.4579485600789037,0.9991935483870967,1.0,0.6855342615823268,0.8444095416372849,0.9919907911754551,0.3224115104809347,instance,f_classif_top25
0,0.3835239085239085,0.0,0.4450261780104712,0.47619047619047616,0.6746825135170148,0.0,0.4626714271497644,0.9943548387096774,1.0,0.7003540550227069,0.870339355195001,0.9778983150416499,0.8049830088840214,instance,f_classif_top25
0,0.6864106753812635,0.4,0.8495575221238938,0.6666666666666666,0.6176425899141711,0.75,0.5041508823544686,1.0,1.0,0.6901230761783499,0.918775042527959,0.9935877242613442,-1.1602254746898604,instance,f_classif_top25
0,0.5993631146213769,0.2,0.4450261780104712,0.5238095238095238,0.6579048954467178,0.5,0.5048647907185941,1.0,1.0,0.6988314792892292,0.8911075433587523,0.9948285881434231,-0.22611743138215828,instance,f_classif_top25
0,0.4704337530943925,0.4,0.3804755944931164,0.8571428571428571,0.39894365921108565,0.0,0.4843080138883735,0.9991935483870967,1.0,0.7104576737995669,0.8864642512021621,0.9841082552550023,0.47142288660526577,instance,f_classif_top25
0,0.2148962148962149,0.4,0.3804755944931164,0.8095238095238095,0.3776865792401086,0.0,0.4976133954882559,0.9991935483870967,0.92,0.6587428901591831,0.843961280195368,0.9911319621780907,1.4579197666729402,instance,f_classif_top25
0,0.7257187257187256,0.2,0.7878787878787878,0.2857142857142857,0.6045155047728492,0.0,0.47277006741480065,0.9975806451612903,1.0,0.7175989700578764,0.8819517340014997,0.9799223109812816,-0.9677020143578108,instance,f_classif_top25
0,0.49835301361127604,1.0,0.5357142857142857,0.42857142857142855,0.6935806234579772,1.0,0.5289836091523287,1.0,1.0,0.7557043039050623,0.8967048494452036,0.9957284116638769,-1.0742221040790707,instance,f_classif_top25
0,0.6076311770339882,0.6,0.7126436781609196,0.38095238095238093,0.46048285538210176,1.0,0.5160787420655952,1.0,1.0,0.7027519984278243,0.8507526560893989,0.9828934100748394,0.8799669665996116,instance,f_classif_top25
0,0.6902062653240972,0.4,0.7286821705426356,0.6190476190476191,0.7563884400085343,0.75,0.5089947591843687,1.0,1.0,0.6917024056436691,0.8771148286257241,0.9925938526798821,-1.0215662303441984,instance,f_classif_top25
0,0.0,0.2,0.7286821705426356,0.47619047619047616,0.7877562724788905,1.0,0.5236664518756577,1.0,0.96,0.6530005794986926,0.8267341898878168,0.9708442254677886,-1.3272041929159712,instance,f_classif_top25
0,0.31891330891330893,0.4,0.3804755944931164,0.6190476190476191,0.37953690745067004,0.0,0.4706692738702968,0.9983870967741936,1.0,0.7023426161086046,0.8500744566243535,0.9920630329062736,1.0911854712049185,instance,f_classif_top25
0,0.46667821667821663,0.6,0.3804755944931164,0.6190476190476191,0.483020365398212,0.0,0.45190240978657426,0.9991935483870967,1.0,0.7280193940822748,0.8608903786867907,0.9992692064929439,0.5228956173937936,instance,f_classif_top25
0,0.46685724185724187,0.8,0.4450261780104712,0.5714285714285714,0.484849871198491,0.5,0.5123104307292279,1.0,1.0,0.7040702138047084,0.8975291911123751,0.9958199857034844,-0.4195809229313079,instance,f_classif_top25
0,0.20780219780219777,0.4,0.3804755944931164,0.8571428571428571,0.3774715437493378,0.3333333333333333,0.4708248661102813,0.9983870967741936,1.0,0.6735033276540217,0.8587320678707622,0.9843373163735524,1.7214172483407593,instance,f_classif_top25
0,0.4218273886985543,0.6,0.4450261780104712,0.6666666666666666,0.48589944404752605,0.0,0.4766605554964466,0.9991935483870967,1.0,0.6885659185172025,0.8671551362644988,0.9930602025590382,0.41770684631714144,instance,f_classif_top25
0,0.3609068627450981,0.2,0.4450261780104712,0.5238095238095238,0.7561484540024174,0.0,0.4327019290687074,0.9975806451612903,1.0,0.7027855055739646,0.8631029338279602,0.9641574536561203,0.4807786743185499,instance,f_classif_top25
0,0.16666666666666663,0.4,0.8055555555555556,0.23809523809523808,0.7866448038499626,1.0,0.5143186234449451,1.0,0.96,0.6666666666666666,0.869087663453923,0.9998029009850057,-2.0618763591471425,instance,f_classif_top25
0,0.3744688644688644,0.4,0.3804755944931164,0.6190476190476191,0.3782591773133256,1.0,0.504670807753421,1.0,1.0,0.700704363154594,0.8616313839351922,0.9951649031558961,1.5840951115649187,instance,f_classif_top25
0,0.31891330891330893,0.2,0.3804755944931164,0.6190476190476191,0.3805123984869342,0.0,0.47110445040987425,0.9975806451612903,1.0,0.6843872893321579,0.8407887911639961,0.9942405845980136,2.147327874198066,instance,f_classif_top25
0,0.47820452030978344,0.6,0.4517241379310345,0.6666666666666666,0.47349670993999887,0.5,0.49835934437746787,0.9991935483870967,1.0,0.6969042428092843,0.8700084620211018,0.9980052509085249,1.146815330058153,instance,f_classif_top25
0,0.3481140649852307,0.0,0.3804755944931164,0.8095238095238095,0.3826519713126538,0.0,0.45569333213447405,0.9943548387096774,1.0,0.7220834913235579,0.8492837350961424,0.9687625520127766,1.304553391263065,instance,f_classif_top25
0,0.6361376797449412,0.2,0.4517241379310345,0.42857142857142855,0.4618887300392386,0.0,0.48503509575154913,0.9975806451612903,0.96,0.6563392739012855,0.8791977404275972,0.9975974358363019,-1.4477010308727685,instance,f_classif_top25
0,0.4704337530943925,0.6,0.5357142857142857,0.6190476190476191,0.40583521233147724,0.5,0.4892298560150674,0.9991935483870967,1.0,0.7125734508508994,0.8964424264636619,0.9916854033706965,0.9595627795040954,instance,f_classif_top25
0,0.47337861524978087,0.6,0.3804755944931164,0.3333333333333333,0.41908550457220783,1.0,0.5152850663174158,1.0,1.0,0.7116912418654792,0.8720587279370392,0.9794504519001483,1.3211458224893737,instance,f_classif_top25
0,0.6936353573687539,0.6,0.7834394904458599,0.38095238095238093,0.7833396243313777,0.5,0.47385587809727436,0.9991935483870967,1.0,0.7151639042673587,0.9020224014964302,0.9996165731511136,-1.753635242623758,instance,f_classif_top25
0,0.5869408369408369,0.2,0.4450261780104712,0.5238095238095238,0.4504966208835912,0.0,0.49533552381738966,0.9975806451612903,1.0,0.7151757230721176,0.8982234313294266,0.9970497447309925,0.05186670181067532,instance,f_classif_top25
0,0.4761317587923982,0.0,0.4517241379310345,0.47619047619047616,0.4300420830212533,0.0,0.47663445065755405,0.9943548387096774,1.0,0.7109347439509208,0.8774289520325687,0.9944358176863791,-0.18935427003375277,instance,f_classif_top25
1,0.45570657412762683,0.4,0.6195244055068836,0.6190476190476191,0.5734713313621354,1.0,0.5090481697880851,1.0,0.96,0.6662108576281702,0.8389692188330663,0.987798597328143,1.0180512307623237,instance,f_classif_top25
0,0.3734426155478787,0.2,0.4517241379310345,0.6190476190476191,0.6430400121986457,0.3333333333333333,0.47849138504006106,0.9991935483870967,1.0,0.6909868836783862,0.8517151425328034,0.997210850110703,-0.37252337228469445,instance,f_classif_top25
0,0.3119688644688644,0.4,0.3804755944931164,0.6190476190476191,0.380066487110561,0.0,0.4623818380362372,0.9975806451612903,1.0,0.6861787918287569,0.8781681328759265,0.992234295815728,0.8583474917388296,instance,f_classif_top25
0,0.125,0.6,0.3804755944931164,0.47619047619047616,0.6114269922215915,0.0,0.47904654519829437,0.9991935483870967,1.0,0.7100290454979268,0.8299029976727514,0.9712405552988811,-0.40064476227629736,instance,f_classif_top25
0,0.3835239085239085,0.0,0.4450261780104712,0.5238095238095238,0.5382372308801977,0.0,0.43246412484142305,0.9887096774193549,1.0,0.7412658730627855,0.9085707396548428,0.9943116543641994,0.8325821719241799,instance,f_classif_top25
0,0.3328021978021978,0.2,0.3804755944931164,0.6190476190476191,0.38340140577732784,0.3333333333333333,0.4566005210496241,0.9975806451612903,1.0,0.7311931776112038,0.8802918585628678,0.9979674616120413,0.2644771421066385,instance,f_classif_top25
0,0.19907407407407407,0.2,0.7286821705426356,0.3333333333333333,0.4288302588250854,0.0,0.4657628601395495,0.9975806451612903,1.0,0.6904527396311175,0.871126153980763,0.988745037095625,-0.5206575497029112,instance,f_classif_top25
0,0.4132803801515458,0.4,0.3804755944931164,0.47619047619047616,0.3856019252330647,0.3333333333333333,0.5796221983727414,1.0,1.0,0.6976345104047117,0.8770455137976216,0.9975266817496896,0.8002803054541628,instance,f_classif_top25
0,0.42673505061564765,0.6,0.4450261780104712,0.47619047619047616,0.5072281774042777,1.0,0.5048545242852902,1.0,1.0,0.7051606976893169,0.8724776541370973,0.9889104114319693,1.0440986744282432,instance,f_classif_top25
0,0.3659308527729581,0.2,0.3804755944931164,0.47619047619047616,0.49570240783485175,0.5,0.48167468601264485,0.9983870967741936,1.0,0.6789150255330595,0.8506572787880872,0.9876307523152185,0.2801810313679918,instance,f_classif_top25
0,0.4634709653092006,0.6,0.4450261780104712,0.5238095238095238,0.6675606112495355,0.6666666666666666,0.5452250160070433,1.0,1.0,0.6830508261763623,0.8903325151860713,0.9987304752518533,-0.24194245325908312,instance,f_classif_top25
0,0.6485395986574305,0.8,0.7286821705426356,0.5238095238095238,0.6093209015213729,1.0,0.554608430828861,1.0,1.0,0.6920663956114,0.8786474598082,0.9945850964719009,0.04064910816943105,instance,f_classif_top25
0,0.39652006592287714,0.4,0.7126436781609196,0.38095238095238093,0.4042123944581967,0.0,0.49728206463025315,0.9991935483870967,1.0,0.720974686885026,0.8775664125411298,0.9921204404037963,0.7143278155069255,instance,f_classif_top25
0,0.26335775335775347,0.2,0.3804755944931164,0.6190476190476191,0.3770969125842286,0.0,0.42825353642610564,0.9975806451612903,1.0,0.6771217505018574,0.8384578876832407,0.9960861448590813,2.322872230680253,instance,f_classif_top25
0,0.3411355311355312,0.4,0.3804755944931164,0.6190476190476191,0.3896106448626342,0.5,0.53188724592115,1.0,1.0,0.7155318800361422,0.853809840282765,0.9927942456202085,0.3051790239193003,instance,f_classif_top25
0,0.8366294524189261,1.0,0.7834394904458599,0.5714285714285714,0.7855779314072366,1.0,0.5564563700296095,1.0,1.0,0.7013664248382288,0.872711537146642,0.9854935825574858,-2.4243396864904985,instance,f_classif_top25
0,0.5425585094296752,1.0,0.4450261780104712,0.5714285714285714,0.42611893215247243,1.0,0.5484298575887167,1.0,1.0,0.6975181039445629,0.8849154491990658,0.9981307290826075,-0.4893532716597218,instance,f_classif_top25
0,0.17218813905930475,0.4,0.7126436781609196,0.38095238095238093,0.6228214298410173,0.0,0.49534363908105383,0.9983870967741936,1.0,0.7072457004580492,0.8630022761010459,0.9911736016734436,0.12843736192137065,instance,f_classif_top25
0,0.4413332239938633,0.2,0.3804755944931164,0.6190476190476191,0.38539837420754397,0.5,0.3961956289729508,0.9991935483870967,1.0,0.6970639646046571,0.8906765503099564,0.9985899282486878,0.8124089449416144,instance,f_classif_top25
0,0.6700961392308862,0.6,0.4517241379310345,0.6190476190476191,0.7829394418847408,1.0,0.5400278338856799,1.0,1.0,0.7172722829240494,0.8460413276333698,0.9968538647216766,-0.9752519058488953,instance,f_classif_top25
0,0.4634709653092006,0.6,0.4450261780104712,0.42857142857142855,0.6174058384557622,0.5714285714285714,0.5064729125974533,1.0,1.0,0.685712882812102,0.8782229775543341,0.972948667961546,-0.131672395448804,instance,f_classif_top25
0,0.46223142910259485,0.2,0.3804755944931164,0.5238095238095238,0.4038595295340961,0.6666666666666666,0.5409117723707468,1.0,1.0,0.6966753052530349,0.8576660795572637,0.9859228673643606,0.1002713777625613,instance,f_classif_top25
0,0.6361376797449412,0.0,0.4517241379310345,0.6190476190476191,0.3972581965791988,0.0,0.4784296399264467,0.9951612903225806,1.0,0.7120263585851402,0.8695029438141755,0.9952240247446039,1.183613110255542,instance,f_classif_top25
1,0.18479373467590288,0.2,0.21656050955414008,0.47619047619047616,0.22661278209362734,0.0,0.4732767916388444,0.9988623435722411,1.0,0.7102209446459333,0.8648833796063523,0.9886225611677127,1.398235171485874,instance,f_classif_top25
1,0.13312945973496426,0.2,0.6195244055068836,0.6190476190476191,0.58896132510759,0.0,0.46859445838867697,0.9977246871444824,1.0,0.725642670579482,0.8330007744404287,0.9603022774382802,0.0315106057258671,instance,f_classif_top25
1,0.40802620802620804,0.0,0.21656050955414008,0.8095238095238095,0.24954008573226927,0.0,0.4467367937234812,0.997155858930603,1.0,0.7052969942696056,0.8685413485394525,0.9931651874307832,1.3773218697863443,instance,f_classif_top25
1,0.25635026737967914,0.0,0.1504424778761062,0.5238095238095238,0.24778356366090826,0.0,0.4555713036717882,0.9948805460750854,1.0,0.7510988179790784,0.8893116841775468,0.9967996555384945,1.708204818803803,instance,f_classif_top25
1,0.179043179043179,0.0,0.21212121212121215,0.38095238095238093,0.2659939910502347,0.0,0.38533415875991506,0.9960182025028441,1.0,0.7173418541116335,0.9084395248738558,0.9993309288780294,1.7949281500356031,instance,f_classif_top25
1,0.48840048840048844,0.6,0.6195244055068836,0.5238095238095238,0.5514918285854485,0.0,0.464517715545269,0.9994311717861206,1.0,0.7084827970347835,0.8857728852065918,0.9953071494186212,0.4866380978228258,instance,f_classif_top25
1,0.0942350332594235,0.4,0.5482758620689655,0.6666666666666666,0.4306240073652914,0.0,0.48438219409736727,0.9994311717861206,1.0,0.7040427464164798,0.862007645269014,0.976087378264259,-0.1363647133597051,instance,f_classif_top25
1,0.5781726113014456,0.8,0.6195244055068836,0.7142857142857143,0.595288499722924,1.0,0.562342165260334,1.0,1.0,0.6958004487202839,0.8650580712070631,0.9893899432593276,-0.6936493908361681,instance,f_classif_top25
1,0.045454545454545414,0.0,0.28735632183908044,0.47619047619047616,0.21787050041336958,0.0,0.4410314571497035,0.9948805460750854,0.96,0.6666666666666666,0.8229204322710401,0.9949664961835362,0.08853227001684855,instance,f_classif_top25
1,0.12132352941176483,0.0,0.1504424778761062,0.42857142857142855,0.21384183780243687,0.0,0.44916638848009105,0.9960182025028441,1.0,0.7189764874598059,0.8875918013523091,0.9924058060938781,2.9821642200972,instance,f_classif_top25
1,0.3514604013425695,0.2,0.21656050955414008,0.42857142857142855,0.22666061058271947,0.0,0.4866295825457503,0.9988623435722411,1.0,0.7207012915475455,0.8807537079334368,0.9999124704685686,1.458764404791574,instance,f_classif_top25
1,0.24570984570984578,0.0,0.1504424778761062,0.42857142857142855,0.2836737211584959,0.0,0.44964475504710577,0.997155858930603,1.0,0.7071365904373703,0.8988011017026558,0.9932128355327652,1.7600113954087424,instance,f_classif_top25
1,0.2971956535883922,0.6,0.6195244055068836,0.8095238095238095,0.48988069545852353,0.5,0.48863826343355565,0.9994311717861206,1.0,0.6746898298871598,0.8711439782626458,0.9997743518827629,0.4539049099007746,instance,f_classif_top25
1,0.39792429792429795,0.8,0.6195244055068836,0.6666666666666666,0.5830015230574167,0.3333333333333333,0.4799196094179854,0.9994311717861206,1.0,0.713982078972451,0.8882329551333935,0.9998543173490942,-0.19228048870704031,instance,f_classif_top25
1,0.4777143950537557,0.8,0.4642857142857143,0.7142857142857143,0.47470714362986277,0.0,0.4949386058518147,0.9994311717861206,1.0,0.7080031344897635,0.9034698666502807,0.9993155551670694,0.5031410419346662,instance,f_classif_top25
1,0.19574420677361848,0.0,0.1504424778761062,0.5714285714285714,0.22675303058166463,0.0,0.4628337597585923,0.9954493742889647,1.0,0.6970848098380477,0.8845319434622073,0.995159153953333,2.3991684141260397,instance,f_classif_top25
1,0.0942350332594235,0.4,0.28735632183908044,0.47619047619047616,0.46366655395959144,0.0,0.4528338408360084,0.9982935153583617,1.0,0.6874032462115885,0.8523208362976082,0.9716485993591109,0.435954091157716,instance,f_classif_top25
1,0.13664678824861898,0.0,0.1504424778761062,0.42857142857142855,0.22264973879513172,0.0,0.4217094074197757,0.9903299203640501,1.0,0.7241426325168213,0.8894570085290833,0.9978673120562713,2.102022104528155,instance,f_classif_top25
0,0.7933662667607622,0.6,0.3804755944931164,0.6190476190476191,0.5088434324375167,1.0,0.5185801880930547,1.0,1.0,0.6884035120084159,0.8787171373358623,0.9581666975067453,-1.0964045131594924,instance,f_classif_top25
1,0.06855256954266853,0.0,0.21212121212121215,0.38095238095238093,0.2137541009766607,0.0,0.4604487672548696,0.997155858930603,1.0,0.7282182671675013,0.8207309401271391,0.9203198555305739,1.744714024647437,instance,f_classif_top25
1,0.2606792717086833,0.0,0.1504424778761062,0.6666666666666666,0.285452534774298,0.0,0.37999827366880556,0.9965870307167235,1.0,0.7223369026552935,0.9021709834838407,0.9987693409305439,1.794594156918291,instance,f_classif_top25
1,0.16842105263157892,0.4,0.1504424778761062,0.42857142857142855,0.21470332895426647,0.0,0.49426236109318145,0.9994311717861206,1.0,0.6843656226516668,0.8613668802077048,0.988548582036611,2.796836922808557,instance,f_classif_top25
1,0.24570984570984578,0.0,0.21212121212121215,0.38095238095238093,0.3490710756860005,0.0,0.42309218128062465,0.997155858930603,1.0,0.7265883809918539,0.9156776666706838,0.9923843953645145,1.470529929512677,instance,f_classif_top25
1,0.5360195360195361,0.4,0.6195244055068836,0.5238095238095238,0.6063349135402131,0.0,0.4966000668316245,0.9994311717861206,1.0,0.6934025756384672,0.8665850213341707,0.9857282339857414,-0.6321955732254347,instance,f_classif_top25
1,0.3380159425733483,0.0,0.21656050955414008,0.6190476190476191,0.5070203832728924,0.0,0.4547813084022506,0.9965870307167235,1.0,0.7074249806373667,0.9011407086129353,0.9993461529914601,-0.0550778661380046,instance,f_classif_top25
1,0.12201834862385319,0.4,0.1504424778761062,0.42857142857142855,0.2388253004625952,0.5,0.48068956293757426,0.9994311717861206,1.0,0.7197374412346641,0.8842003570727961,0.9956614258185204,2.0565321861373707,instance,f_classif_top25
1,0.17016649677200135,0.0,0.6195244055068836,0.7142857142857143,0.4930564742556717,0.0,0.40323816309203264,0.997155858930603,1.0,0.6868012291594007,0.8557342789872305,0.9856227489047678,0.739946970013821,instance,f_classif_top25
1,0.0942350332594235,0.2,0.28735632183908044,0.23809523809523808,0.5531525335574328,0.0,0.4325884555864018,0.9977246871444824,1.0,0.699993711100444,0.8486647028485451,0.9787868619026151,-0.701034447795709,instance,f_classif_top25
1,0.5967954796902166,0.2,0.1504424778761062,0.5714285714285714,0.2754603445968815,0.0,0.4575215176761809,0.9994311717861206,1.0,0.749457703871435,0.8948133113779996,0.9912748639516449,1.693595279177873,instance,f_classif_top25
1,0.045454545454545414,0.0,0.1504424778761062,0.42857142857142855,0.21448737880469854,0.0,0.38467591066192464,0.9960182025028441,1.0,0.6996731273267042,0.815019228800286,0.9553896259178608,2.2909040376950416,instance,f_classif_top25
1,0.6241081572369915,0.4,0.28735632183908044,0.47619047619047616,0.5208970979021703,1.0,0.5217357363025621,1.0,1.0,0.7126261683770533,0.8843134241180489,0.9984647254934756,1.004885252323948,instance,f_classif_top25
1,0.1517704517704518,0.4,0.5482758620689655,0.3333333333333333,0.2504383670936501,0.0,0.442321812006471,0.9994311717861206,0.96,0.6666666666666666,0.8491649915250169,0.9988132243344906,-2.68581288201564,instance,f_classif_top25
1,0.5333217833217834,0.2,0.4642857142857143,0.7619047619047619,0.42934390304068726,0.0,0.4826220500644448,0.9977246871444824,1.0,0.6992954254341711,0.9007730512899456,0.9971056849384476,-0.20017664232305768,instance,f_classif_top25
0,0.7423015580910317,1.0,0.8495575221238938,0.6666666666666666,0.787422682754959,1.0,0.5839628280215223,1.0,1.0,0.6997532511820317,0.8779901991793124,0.9976208436590365,-2.87495944824161,instance,f_classif_top25
1,0.08700980392156854,0.0,0.1504424778761062,0.42857142857142855,0.21236817474797492,0.0,0.4239724323159011,0.9920364050056882,0.92,0.6309063944958053,0.8303241327663425,0.9399288236180111,4.108385065065653,instance,f_classif_top25
1,0.185103785103785,0.4,0.6195244055068836,0.6190476190476191,0.26270500694096954,0.5,0.43518067910859115,0.9982935153583617,0.96,0.6577821167745881,0.8422959905547492,0.9879592869748365,-2.1083860996951302,instance,f_classif_top25
1,0.46980320293203726,0.4,0.28735632183908044,0.47619047619047616,0.5812784976638311,0.5,0.4835606104408775,0.9982935153583617,1.0,0.7068002038776314,0.8714786256131614,0.9896397234688302,-0.13810001096192934,instance,f_classif_top25
1,0.2531172531172531,0.4,0.6195244055068836,0.8095238095238095,0.2823662745492924,0.5,0.5383629251794453,1.0,1.0,0.7082065803384882,0.8820907601227616,0.9971460023803362,1.5954216786703712,instance,f_classif_top25
1,0.40063688537862296,0.4,0.5549738219895288,0.5238095238095238,0.3049303953566799,0.0,0.4926187635428224,0.9982935153583617,1.0,0.7145862161247832,0.9007582943915878,0.998843271678558,2.079150264197709,instance,f_classif_top25
1,0.2987745098039216,0.4,0.21656050955414008,0.7142857142857143,0.444604785527301,1.0,0.567331471843749,1.0,1.0,0.7044034749840745,0.9197305141873173,0.9994836892517346,0.2738435633294067,instance,f_classif_top25
1,0.23052898692172563,0.4,0.5549738219895288,0.42857142857142855,0.3861527307239182,0.0,0.4819353337782425,0.9982935153583617,1.0,0.6943858218180612,0.89085034177091,0.9981891741952417,1.0424165835067125,instance,f_classif_top25
1,0.11599531116794548,0.2,0.1504424778761062,0.5238095238095238,0.2803900956229987,0.0,0.4888520940180734,0.9988623435722411,1.0,0.7424765471555612,0.8766132996031044,0.9915468905639875,2.005053923886316,instance,f_classif_top25
1,0.32765087753304556,0.2,0.2713178294573644,0.5238095238095238,0.22308147187148564,0.5,0.44253499517673356,0.9982935153583617,1.0,0.7072326866391562,0.8546565879662321,0.9820507954197198,0.9031469696299714,instance,f_classif_top25
1,0.10558960657970562,0.2,0.5549738219895288,0.5238095238095238,0.43819303039606217,0.5,0.5485672007797514,1.0,1.0,0.73921153280758,0.8373333700736763,0.9337499387083064,-0.6543250765486234,instance,f_classif_top25
1,0.179043179043179,0.2,0.6195244055068836,0.5714285714285714,0.27513432246917346,0.0,0.47485426954291154,0.9977246871444824,1.0,0.7126976923059816,0.8979433796446739,0.99317310707093,1.6669742991036398,instance,f_classif_top25
1,0.32765087753304556,0.2,0.1504424778761062,0.6666666666666666,0.27356714965562734,0.0,0.4820182873552801,0.9988623435722411,1.0,0.7294042331704365,0.9006863895805917,0.9949759969584762,2.1581530966868123,instance,f_classif_top25
1,0.40063688537862296,0.2,0.1504424778761062,0.6666666666666666,0.2315764195900324,0.0,0.4712264919241128,0.9988623435722411,1.0,0.7426411181143112,0.9057696150620539,0.9894796309423791,1.9009703148700043,instance,f_classif_top25
1,0.1837837837837838,0.6,0.4642857142857143,0.7142857142857143,0.22495137204152493,0.0,0.44905658779012025,0.9988623435722411,1.0,0.6903495257517621,0.8463521542624415,0.9954711392324196,2.1105961037258116,instance,f_classif_top25
1,0.5862318362318362,0.8,0.6195244055068836,0.7619047619047619,0.5427242536162568,1.0,0.5072924344464427,1.0,1.0,0.7070235991641264,0.8964714409006979,0.9992964380073299,0.44543839584982464,instance,f_classif_top25
1,0.06140971239981141,0.0,0.5549738219895288,0.3333333333333333,0.2252626968873921,0.0,0.3952050462616836,0.9943117178612059,1.0,0.7175034586181265,0.860827407841808,0.9812748085809668,0.7030803088284401,instance,f_classif_top25
1,0.39792429792429795,0.6,0.6195244055068836,0.7142857142857143,0.6128730146560103,0.5,0.48072236216611486,0.9988623435722411,1.0,0.6961590664690425,0.8781039520674141,0.9978904659299063,-0.7843388086528292,instance,f_classif_top25
1,0.045454545454545414,0.0,0.28735632183908044,0.47619047619047616,0.2120715753429464,0.0,0.44054744846750127,0.9960182025028441,0.92,0.6387236472985588,0.8139332426019554,0.9961414200515291,2.0617106601571926,instance,f_classif_top25
1,0.065390749601276,0.6,0.5549738219895288,0.6666666666666666,0.21758213695875772,1.0,0.5106426874202925,1.0,1.0,0.7168550689025124,0.8550980621171947,0.993335335812674,0.7544847186644946,instance,f_classif_top25
1,0.22330039990590445,0.0,0.21656050955414008,0.6190476190476191,0.511274699432335,0.0,0.4648798552647009,0.9965870307167235,1.0,0.7088574248656029,0.8752282471470317,0.9947792480106532,0.4286642072062243,instance,f_classif_top25
1,0.185103785103785,0.0,0.5549738219895288,0.6190476190476191,0.32281315926700227,0.0,0.4106774669662425,0.9960182025028441,1.0,0.7001194767022059,0.8514787462004473,0.9964375816154857,-1.3174152944533053,instance,f_classif_top25
1,0.5443810617204223,0.4,0.1504424778761062,0.42857142857142855,0.27587241635460125,1.0,0.509753360212557,1.0,1.0,0.7110994609335137,0.8721426638625749,0.9693289238613004,-0.06421633751114159,instance,f_classif_top25
1,0.3599547180835524,0.4,0.5549738219895288,0.47619047619047616,0.5965887675963584,0.25,0.5065932458024501,1.0,1.0,0.7288819372312031,0.8730177986881595,0.9979575062890522,-0.718633861319018,instance,f_classif_top25
1,0.16337054758107394,0.0,0.1504424778761062,0.42857142857142855,0.21211618706091784,0.0,0.4350765380657562,0.9903299203640501,1.0,0.7009473409979003,0.8412128654236423,0.9712073690943482,3.7225337173082154,instance,f_classif_top25
0,0.8315789473684211,1.0,0.8495575221238938,0.47619047619047616,0.7692988528649388,1.0,0.5895308057224105,1.0,1.0,0.727962629824213,0.8605499949992539,0.9844363170396063,-1.6448300949092491,instance,f_classif_top25
1,0.24570984570984578,0.2,0.21212121212121215,0.42857142857142855,0.5079994185997779,0.0,0.40845287501618655,0.9977246871444824,1.0,0.705810838688853,0.91793246550893,0.9990927215074535,0.8838053246278218,instance,f_classif_top25
1,0.4924242424242423,0.8,0.5482758620689655,0.6190476190476191,0.22499805529301653,1.0,0.5418288915871081,1.0,1.0,0.71112947325239,0.8824269310446407,0.9979403676122631,1.2555476154929683,instance,f_classif_top25
1,0.5732649493843525,0.4,0.4642857142857143,0.7619047619047619,0.3310421256756485,0.0,0.46990404650750006,0.9988623435722411,1.0,0.7166373029873594,0.8754449028364922,0.9956866140755527,-0.239299554355216,instance,f_classif_top25
1,0.24877450980392146,0.6,0.1504424778761062,0.6666666666666666,0.28571680218552,0.3333333333333333,0.5063118493606649,1.0,1.0,0.7293426581284406,0.9114071952091319,0.9980051653969437,1.5676435928288444,instance,f_classif_top25
1,0.17553567713750784,0.2,0.4642857142857143,0.42857142857142855,0.23261051722546172,0.0,0.45357169867194913,0.9982935153583617,1.0,0.6943207010739888,0.8647187020738216,0.9759690571979667,0.7489264980889346,instance,f_classif_top25
1,0.3737745098039216,0.2,0.21656050955414008,0.8095238095238095,0.3081918824284702,0.0,0.4774810361871741,0.9994311717861206,1.0,0.6919195007587494,0.8862685829581791,0.9987462346236626,0.5570548348106814,instance,f_classif_top25
1,0.30575980392156854,0.4,0.5549738219895288,0.6190476190476191,0.42812996448987384,0.0,0.4358858851613753,0.9982935153583617,1.0,0.6850646615237554,0.860737259252369,0.9924519431975116,-0.4373641522053564,instance,f_classif_top25
1,0.2746928746928746,0.0,0.2713178294573644,0.5238095238095238,0.26955441918687983,0.0,0.40441725131954165,0.9948805460750854,1.0,0.6797165851025984,0.8754730500341067,0.9947950588724608,0.9492656478980188,instance,f_classif_top25
0,0.743635357368754,0.6,0.7286821705426356,0.38095238095238093,0.7816647824858522,1.0,0.5046217137077582,1.0,1.0,0.6990919773792561,0.8596502091361629,0.9737403026413073,-3.116108726695907,instance,f_classif_top25
1,0.09103177524230155,0.0,0.1504424778761062,0.6666666666666666,0.21206646590494715,0.0,0.354188410541861,0.9943117178612059,1.0,0.7134529165947806,0.8438452533667189,0.9733000382885508,4.319250311630009,instance,f_classif_top25
0,0.24483923483923486,0.8,0.3804755944931164,0.7142857142857143,0.4311782280618318,1.0,0.520754555962606,1.0,1.0,0.6980641860062501,0.8830623357532371,0.9846904419535444,-0.11053295643869682,instance,f_classif_top25
0,0.4413332239938633,0.8,0.3804755944931164,0.6190476190476191,0.38341940587237866,1.0,0.5311460437470188,1.0,1.0,0.7183497051181086,0.8851681572180872,0.9973289723257905,0.951487064563986,instance,f_classif_top25
1,0.6047503547503548,0.6,0.6195244055068836,0.7142857142857143,0.5960018294706338,0.5,0.5086711260534023,1.0,1.0,0.699724402229087,0.8913191463115053,0.9954512155243198,-1.1939722480923405,instance,f_classif_top25
1,0.32201834862385326,0.6,0.6195244055068836,0.47619047619047616,0.42417848442727213,0.6666666666666666,0.5095966324750285,1.0,1.0,0.7012112155335288,0.8767713433477807,0.9975220505880318,-0.5429283786086088,instance,f_classif_top25
1,0.5377685708974054,0.6,0.5549738219895288,0.42857142857142855,0.5482966485571377,1.0,0.5283788401312257,1.0,1.0,0.6991787841137821,0.8914763566890873,0.9992780669510654,0.024503409743413602,instance,f_classif_top25
1,0.33210784313725483,0.0,0.21212121212121215,0.38095238095238093,0.2438132855856735,0.0,0.4821343504002812,0.9965870307167235,1.0,0.6897159297546132,0.8978767187077213,0.9978277526007073,1.9936532997668623,instance,f_classif_top25
1,0.677928796349849,0.4,0.6195244055068836,0.6190476190476191,0.4908560036341778,0.0,0.4620051427485532,0.9988623435722411,1.0,0.7057034650370096,0.8171795460413601,0.9507687556078519,1.557078371360586,instance,f_classif_top25
1,0.24877450980392146,0.0,0.1504424778761062,0.42857142857142855,0.2169719046248701,0.0,0.4539897350889579,0.9960182025028441,1.0,0.7245467099236952,0.8861045006319569,0.979010091477044,2.409027958286614,instance,f_classif_top25
1,0.12201834862385319,0.2,0.21656050955414008,0.5714285714285714,0.29460837276656693,0.2,0.49613651400454406,0.9988623435722411,1.0,0.7066858055100755,0.8818945396845812,0.9989502147546132,1.146152724392289,instance,f_classif_top25
1,0.25045045045045045,0.4,0.4642857142857143,0.38095238095238093,0.2922451126498272,0.0,0.4771182030589929,0.9982935153583617,0.96,0.651288416062713,0.856867373473402,0.9971062428233767,-1.1318118130421821,instance,f_classif_top25
1,0.2112334064060407,0.0,0.2713178294573644,0.5714285714285714,0.3931664615604076,0.0,0.4309617246894326,0.9965870307167235,1.0,0.6967815568595743,0.8510329184022144,0.9826417754112745,0.680654391811074,instance,f_classif_top25
1,0.17553567713750784,0.2,0.1504424778761062,0.42857142857142855,0.21952069279043995,0.0,0.4137862810288514,0.9977246871444824,1.0,0.7106784412747302,0.8607966955563636,0.9882900547753155,1.2623101852808707,instance,f_classif_top25
1,0.504682609240015,0.4,0.6195244055068836,0.6190476190476191,0.43210464618543215,0.5,0.4557456580690902,0.9994311717861206,1.0,0.7680949354565406,0.8786498888988516,0.9668180840718333,1.4216865464070323,instance,f_classif_top25
1,0.5573260073260073,0.4,0.21212121212121215,0.42857142857142855,0.565990608513952,0.0,0.45172018823506754,0.9982935153583617,1.0,0.6751366238906855,0.8846803358637917,0.986837835462518,0.5089614582821903,instance,f_classif_top25
1,0.4460914308331684,0.6,0.5549738219895288,0.6190476190476191,0.430965748617594,0.5,0.5088118323470783,1.0,1.0,0.6929488926201359,0.9278432980498751,0.9988718194637883,0.5982280621615332,instance,f_classif_top25
1,0.179043179043179,0.0,0.6195244055068836,0.6190476190476191,0.2725843587848778,0.0,0.4388676685810433,0.9960182025028441,1.0,0.7298536804247039,0.8217013976967563,0.9984704961955336,0.2398406338273894,instance,f_classif_top25
1,0.35347985347985345,0.8,0.5549738219895288,0.6190476190476191,0.30852845641207827,0.0,0.48796477623836043,0.9994311717861206,1.0,0.7062931736377872,0.852549499898256,0.9836560559938161,1.698992176900504,instance,f_classif_top25
1,0.18579208739391806,0.0,0.21656050955414008,0.6190476190476191,0.22251254418286415,0.0,0.4136070859578761,0.9954493742889647,1.0,0.7030911283544251,0.8731293322696861,0.9809853998801547,2.865215285727111,instance,f_classif_top25
1,0.0942350332594235,0.0,0.1504424778761062,0.42857142857142855,0.21857835268677606,0.0,0.41308862654678435,0.9937428896473265,1.0,0.6941884151431515,0.8381163403740055,0.9556293600431716,1.7582948063505481,instance,f_classif_top25
1,0.39792429792429795,0.4,0.6195244055068836,0.6190476190476191,0.5077343407375184,0.0,0.42368628019966137,0.9988623435722411,1.0,0.7137710153053072,0.8719970477209616,0.9836562426237161,-0.31126967941337236,instance,f_classif_top25
1,0.258062435500516,0.2,0.2713178294573644,0.5238095238095238,0.3328086815472675,1.0,0.5117004276517253,1.0,1.0,0.6872386352496432,0.8933933982559544,0.9858788205102043,-0.5917793127447436,instance,f_classif_top25
1,0.16090169992609005,0.0,0.6195244055068836,0.6190476190476191,0.2925643179602705,0.0,0.45477668891656997,0.9960182025028441,1.0,0.7025031646726309,0.8534093829083436,0.9957254596054984,1.310761580417335,instance,f_classif_top25
1,0.06855256954266853,0.2,0.21212121212121215,0.38095238095238093,0.3392792678610329,0.0,0.4697534179064595,0.9982935153583617,0.96,0.6558405955098405,0.8759042559054133,0.9972878279393975,0.08563314257054133,instance,f_classif_top25
1,0.3905358752776129,0.2,0.6195244055068836,0.8095238095238095,0.29970234940091844,0.0,0.485828117591074,0.9994311717861206,1.0,0.6923105239115894,0.8930445576958662,0.9945996324748204,0.5090520742686511,instance,f_classif_top25
1,0.17016649677200135,0.2,0.6195244055068836,0.6190476190476191,0.43822741925393305,0.0,0.4395031605647898,0.9982935153583617,1.0,0.6879053874746961,0.8552377797098032,0.9789516068098708,0.6803969254030856,instance,f_classif_top25
1,0.16666666666666663,0.0,0.28735632183908044,0.47619047619047616,0.2120716845040299,0.0,0.44299869614890885,0.997155858930603,0.96,0.6446347258717678,0.8425686838830919,0.9978338782354365,3.026587610644424,instance,f_classif_top25
1,0.30636464263124596,0.6,0.2713178294573644,0.5714285714285714,0.21210319654266374,1.0,0.5039097536764789,1.0,1.0,0.6964849028440905,0.8289103168151845,0.9700941813709894,3.5348457198788235,instance,f_classif_top25
1,0.7047503547503547,0.8,0.6195244055068836,0.7142857142857143,0.6060294801374724,1.0,0.54165809184801,1.0,1.0,0.6939735291596191,0.8749689221670154,0.9997589926099706,-0.9678534979915573,instance,f_classif_top25
1,0.16842105263157892,0.2,0.1504424778761062,0.6666666666666666,0.2137569422177652,0.3333333333333333,0.5210782934755104,1.0,1.0,0.7127223704650889,0.8560868903507138,0.9974728901342568,2.2094516933644583,instance,f_classif_top25
1,0.10781499202551836,0.0,0.1504424778761062,0.42857142857142855,0.21219328286931305,0.0,0.38421298361322676,0.9891922639362912,1.0,0.6895804538846492,0.8453119580894847,0.9707185506558819,3.505810269531496,instance,f_classif_top25
1,0.06855256954266853,0.0,0.5549738219895288,0.5238095238095238,0.33591579220249435,0.0,0.4214591602439427,0.997155858930603,1.0,0.6897019256357169,0.8733506222521903,0.9959295418707347,-0.2802881423729464,instance,f_classif_top25
1,0.2531172531172531,0.2,0.1504424778761062,0.42857142857142855,0.21555368114127216,0.0,0.43967878016381445,0.9977246871444824,1.0,0.7128334237168036,0.8959119131103942,0.9985432951470905,2.7916681666284746,instance,f_classif_top25
1,0.31812706800923607,0.6,0.2713178294573644,0.5714285714285714,0.22495106273130716,1.0,0.5180602831464334,1.0,1.0,0.6972672022392611,0.8614887476790797,0.9677891284604392,1.194048168682276,instance,f_classif_top25
1,0.10558960657970562,0.8,0.5482758620689655,0.38095238095238093,0.4102892893816823,0.0,0.494672819198516,0.9994311717861206,1.0,0.6991352680735784,0.896032695986455,0.9866336028582567,0.3641282270083724,instance,f_classif_top25
1,0.22330039990590445,0.2,0.6195244055068836,0.5238095238095238,0.5105669870984184,0.0,0.46715010048908956,0.9988623435722411,1.0,0.7008165128170374,0.8882276162073207,0.999580216259617,0.4623064885017083,instance,f_classif_top25
1,0.24877450980392146,0.0,0.1504424778761062,0.42857142857142855,0.21617108009175479,0.25,0.4455864346288083,0.9954493742889647,1.0,0.7434556316826362,0.8868771563868997,0.968739053114281,3.3755600468029314,instance,f_classif_top25
1,0.5331427581427581,0.2,0.5549738219895288,0.5238095238095238,0.47109794155129636,0.0,0.46067985909789566,0.9977246871444824,1.0,0.7092875189750939,0.8812994010204632,0.9805288822326609,1.092057846377616,instance,f_classif_top25
1,0.4171171171171171,0.6,0.4642857142857143,0.7142857142857143,0.21316553583919023,0.0,0.4838491023242514,0.9994311717861206,1.0,0.712679191974403,0.8594599077392623,0.9694610934869364,1.2108781873939833,instance,f_classif_top25
1,0.16090169992609005,0.0,0.6195244055068836,0.6190476190476191,0.3138222961923264,0.0,0.4112247113233064,0.9943117178612059,1.0,0.702580822107177,0.8418876957801673,0.9925832662289752,0.8717703938482707,instance,f_classif_top25
1,0.06140971239981141,0.0,0.21656050955414008,0.6190476190476191,0.21860459750933037,0.0,0.4398627718719673,0.9965870307167235,1.0,0.7094981749714488,0.8441310834393693,0.9907624392126889,1.1552072604857138,instance,f_classif_top25
1,0.1517704517704518,0.4,0.6195244055068836,0.5714285714285714,0.3239123981614206,0.0,0.43077223969744083,0.9994311717861206,1.0,0.6781652913316475,0.8714152390616028,0.9983253529425739,-0.632570145505811,instance,f_classif_top25
1,0.24570984570984578,0.2,0.1504424778761062,0.42857142857142855,0.2901987570599952,0.0,0.42529307030639507,0.9982935153583617,1.0,0.7238322717664221,0.8890841706666986,0.9937553077910455,1.207705923046028,instance,f_classif_top25
1,0.5377685708974054,0.6,0.6195244055068836,0.6190476190476191,0.49480090033243396,0.6666666666666666,0.5138028877755536,1.0,1.0,0.6954247404700441,0.8589107365828664,0.9343158805284607,0.9957756826941264,instance,f_classif_top25
1,0.5295662469056077,0.2,0.6195244055068836,0.5238095238095238,0.6009482856838573,0.0,0.4620923407935623,0.9977246871444824,1.0,0.7020423904800599,0.8714808413258956,0.9926595858661651,-0.6341962818659483,instance,f_classif_top25
1,0.13312945973496426,0.0,0.1504424778761062,0.6666666666666666,0.24329950431762126,0.0,0.44258750492717236,0.9937428896473265,1.0,0.7315097755210488,0.8694173241831238,0.9993365495166523,2.967663076031749,instance,f_classif_top25
1,0.4841555172843516,0.6,0.5549738219895288,0.47619047619047616,0.5046181251766366,0.5,0.4328345901365799,0.9994311717861206,1.0,0.7189011961578997,0.9013529914368006,0.9945626438639726,0.7266679419600186,instance,f_classif_top25
1,0.5551288130235499,0.6,0.2713178294573644,0.5714285714285714,0.5412263402530835,0.0,0.43376375435412573,0.9994311717861206,1.0,0.6792539587468356,0.8960635350941172,0.9947533364449821,-0.5300137074620951,instance,f_classif_top25
0,0.8897807637906647,1.0,0.4450261780104712,0.47619047619047616,0.6233535051558392,0.8,0.572339573983007,1.0,1.0,0.7053683815247254,0.8458983964646716,0.9861005359717758,0.5834897213387632,instance,f_classif_top25
1,0.309727794469532,0.6,0.21656050955414008,0.8095238095238095,0.35477719579256517,0.5,0.44281713779357257,0.9988623435722411,1.0,0.7017484789862769,0.9157181328371603,0.9938620984791394,0.03527013046957203,instance,f_classif_top25
1,0.10558960657970562,0.2,0.5549738219895288,0.6190476190476191,0.5667765083109021,1.0,0.5061215432516473,1.0,1.0,0.678537979869673,0.8388955032259756,0.9806853894661923,-1.7896443113788125,instance,f_classif_top25
1,0.10558960657970562,0.2,0.5549738219895288,0.47619047619047616,0.5963071574686679,1.0,0.5403791685957438,1.0,1.0,0.686617146513569,0.8564840356466328,0.9982315996096529,-1.2520721906846066,instance,f_classif_top25
1,0.179043179043179,0.0,0.1504424778761062,0.6666666666666666,0.2126753132285678,0.0,0.45808869242283023,0.997155858930603,1.0,0.7250939682287192,0.9166394764885,0.9912373331032259,3.147536551685404,instance,f_classif_top25
1,0.5294247641665017,0.6,0.2713178294573644,0.42857142857142855,0.2816847039983049,0.6666666666666666,0.48633686432379497,0.9994311717861206,1.0,0.7180327822659701,0.8804728856815517,0.9984899296123045,1.0162268418058198,instance,f_classif_top25
1,0.546426579555414,0.4,0.5549738219895288,0.6190476190476191,0.5720944654872364,0.0,0.42458340990511223,0.9988623435722411,1.0,0.6877618089746638,0.8965076699740807,0.9929682147186843,0.3518789677828762,instance,f_classif_top25
1,0.5360195360195361,0.4,0.5549738219895288,0.47619047619047616,0.5022590634635048,1.0,0.504846051772788,1.0,1.0,0.6943068052373134,0.8848576583995269,0.9834907214265073,0.13374217481229092,instance,f_classif_top25
1,0.4780268541462571,0.4,0.4642857142857143,0.7142857142857143,0.4419052856901239,0.0,0.48098750197037754,0.9988623435722411,1.0,0.6927635047076983,0.8933174589841739,0.9954265534059924,-0.6984221962418085,instance,f_classif_top25
1,0.5318810617204224,0.8,0.6195244055068836,0.8095238095238095,0.5919000579356867,1.0,0.5299790613368642,1.0,1.0,0.6950396122774317,0.9030380031754109,0.9846763949864542,-0.36341967630918404,instance,f_classif_top25
1,0.17016649677200135,0.0,0.6195244055068836,0.6190476190476191,0.500915625874542,0.0,0.4361406020976144,0.9954493742889647,1.0,0.7299282537248065,0.8618575088654805,0.9947915490302597,0.9491548983000997,instance,f_classif_top25
1,0.3347563053851398,0.4,0.5482758620689655,0.38095238095238093,0.23234081030247183,0.0,0.47945643218149514,0.9988623435722411,1.0,0.6935952231539972,0.8588327919020847,0.966216641608356,0.14185732773644866,instance,f_classif_top25
1,0.314102564102564,0.8,0.28735632183908044,0.5238095238095238,0.262550043559446,1.0,0.5061002405778254,1.0,1.0,0.6835207534048638,0.8761014274324579,0.9958567889674375,1.0558758276438804,instance,f_classif_top25
1,0.2514229720518064,0.2,0.28735632183908044,0.23809523809523808,0.2242763004924978,0.0,0.48726978245015085,0.9988623435722411,0.96,0.6374170407086658,0.8430940933225852,0.9953750201988129,-0.39366078754601685,instance,f_classif_top25
1,0.3942801149089492,0.4,0.2713178294573644,0.42857142857142855,0.22406113077892875,1.0,0.5216199145301317,1.0,1.0,0.705306289962565,0.8793884943836657,0.9879966235752784,1.9016674907239073,instance,f_classif_top25
1,0.258062435500516,1.0,0.5482758620689655,0.6190476190476191,0.32778116949201275,1.0,0.58212294048251,1.0,1.0,0.7110000453932227,0.8939139968834717,0.9978342103642662,-0.1241334476459864,instance,f_classif_top25
1,0.23052898692172563,0.0,0.1504424778761062,0.42857142857142855,0.4310130559558055,0.0,0.4460639961116831,0.9960182025028441,1.0,0.7050255745121122,0.8851975811358277,0.9873333385753226,0.6670505228869104,instance,f_classif_top25
1,0.5333217833217834,0.2,0.6195244055068836,0.7142857142857143,0.5850414292118203,0.0,0.48892616037833114,0.9977246871444824,1.0,0.720829966165357,0.8675562263800286,0.9993599430822312,-0.3126410722991153,instance,f_classif_top25
1,0.10902876001885897,0.0,0.21212121212121215,0.38095238095238093,0.21287266672660632,0.0,0.4560436284722019,0.9914675767918089,1.0,0.7028878085853394,0.885681204035464,0.9984010543307809,1.9518514999522578,instance,f_classif_top25
1,0.06855256954266853,0.4,0.5549738219895288,0.5238095238095238,0.32668442903983885,0.0,0.45356194864471133,0.9994311717861206,1.0,0.7458797468607602,0.868830520804298,0.9905284508058516,1.0613213830780464,instance,f_classif_top25
1,0.5261992435386043,0.0,0.5549738219895288,0.6190476190476191,0.5785404338788904,0.3333333333333333,0.46883961957570464,0.9965870307167235,1.0,0.7450710841339436,0.8955484691243215,0.9923709593393529,-1.0748420419490337,instance,f_classif_top25
1,0.22166612265622165,0.8,0.2713178294573644,0.42857142857142855,0.4379132613851091,1.0,0.5579352589720995,1.0,1.0,0.7039008766591429,0.8824666895625833,0.9956992427870326,0.2606974879869439,instance,f_classif_top25
1,0.5781726113014456,0.8,0.6195244055068836,0.6190476190476191,0.6093471544883856,0.6666666666666666,0.5733990141721175,1.0,1.0,0.7060288035753718,0.8715298105206974,0.997773567618923,-0.4429667074809304,instance,f_classif_top25
1,0.12132352941176483,0.0,0.1504424778761062,0.42857142857142855,0.21307801811474336,0.0,0.471290185114146,0.9965870307167235,1.0,0.69630740715805,0.878805610716785,0.9991381546723088,2.5783898454045096,instance,f_classif_top25
0,0.8042557932263815,0.8,0.8495575221238938,0.5238095238095238,0.7760807164948806,1.0,0.5403296371387549,1.0,1.0,0.7017803480286792,0.8708981186315637,0.9981879959559505,-1.9086359253753387,instance,f_classif_top25
1,0.19574420677361848,0.0,0.21656050955414008,0.8095238095238095,0.21681821419554625,0.0,0.4603495898331075,0.997155858930603,1.0,0.7240053831662657,0.8692088158996887,0.9735187707255822,2.9580996173674143,instance,f_classif_top25
0,0.5909645909645909,0.8,0.4450261780104712,0.42857142857142855,0.5785217518629132,1.0,0.5727361524826418,1.0,1.0,0.7214505745250916,0.875557756571132,0.9980563832089926,-0.5308166678828752,instance,f_classif_top25
1,0.3320563431138702,0.4,0.5549738219895288,0.47619047619047616,0.48661454657257364,0.25,0.473863255496595,0.9994311717861206,1.0,0.7030776707420079,0.9172557833347083,0.9934942320220624,0.9952997756855176,instance,f_classif_top25
1,0.23052898692172563,0.4,0.21656050955414008,0.8095238095238095,0.2588484191597029,0.5,0.5215576164549218,1.0,1.0,0.683447912391871,0.8859788963766101,0.9976255018495855,1.2518247518186707,instance,f_classif_top25
1,0.185103785103785,0.0,0.5549738219895288,0.6190476190476191,0.5434367483284371,0.0,0.4615639827136956,0.9965870307167235,1.0,0.7045674380643169,0.8484407501363919,0.9991357723526049,-2.24203958751567,instance,f_classif_top25
1,0.12132352941176483,0.2,0.1504424778761062,0.42857142857142855,0.21363914854818472,0.0,0.4513819061844937,0.9982935153583617,1.0,0.714810694898328,0.8573290261000187,0.998628233800985,2.802131411593584,instance,f_classif_top25
1,0.07407407407407407,0.0,0.1504424778761062,0.7142857142857143,0.21208125025303293,0.0,0.41889321997542106,0.9931740614334471,1.0,0.7020526566443621,0.8695058360513152,0.9984790411719956,3.9914816942062217,instance,f_classif_top25
1,0.1517704517704518,0.4,0.5549738219895288,0.47619047619047616,0.5074908714655931,0.0,0.48506485151482015,0.9988623435722411,1.0,0.7009818987280628,0.8958944228603951,0.9946689495612819,-0.9959177255906001,instance,f_classif_top25
0,0.4056189382795776,0.8,0.7834394904458599,0.42857142857142855,0.7572635787307584,1.0,0.5030039666467521,1.0,1.0,0.7131247971063528,0.8833952282118002,0.9996040098560428,-1.4852734335434532,instance,f_classif_top25
1,0.6785135916714864,0.8,0.28735632183908044,0.47619047619047616,0.35949643310373414,0.5,0.5138415426040268,1.0,1.0,0.7010230972536808,0.847951466630562,0.9866734854396665,0.36443818343044115,instance,f_classif_top25
1,0.5380159425733484,0.6,0.6195244055068836,0.5238095238095238,0.5295279735348442,0.3333333333333333,0.5184161669962488,1.0,1.0,0.7055237685681686,0.9074450738705075,0.9962014472545583,0.628227610412437,instance,f_classif_top25
1,0.5666032839426447,0.6,0.5549738219895288,0.47619047619047616,0.6112932975389631,0.5,0.5044079818441245,1.0,1.0,0.7269935391278477,0.8818314288399385,0.9983540180385176,-1.8022422992160216,instance,f_classif_top25
1,0.0942350332594235,0.0,0.6195244055068836,0.6190476190476191,0.5392676986398599,0.0,0.4368898802932071,0.9965870307167235,1.0,0.6878375963125739,0.8771793906533769,0.9941244776036147,-0.15223694009478567,instance,f_classif_top25
1,0.1792275277182398,0.6,0.21656050955414008,0.47619047619047616,0.3298274179475492,1.0,0.5306046503943926,1.0,1.0,0.7129398895304054,0.8700431708527462,0.9892292778268624,0.9890073924091674,instance,f_classif_top25
1,0.5256459017653048,0.0,0.21656050955414008,0.6190476190476191,0.4559613221848512,0.0,0.47479882540525675,0.997155858930603,1.0,0.7299821476605933,0.9159049185203749,0.9951346777770447,-0.631220274828372,instance,f_classif_top25
1,0.5333217833217834,0.8,0.6195244055068836,0.5714285714285714,0.5741930229733248,1.0,0.5161783336393777,1.0,1.0,0.6923309171524178,0.8812020060869851,0.9849961368988573,-0.2793552550164382,instance,f_classif_top25
1,0.41104772838708914,0.2,0.5549738219895288,0.47619047619047616,0.3810949262967057,0.0,0.4762405455195169,0.9977246871444824,1.0,0.7007853312283254,0.8819180493624625,0.9613759365366283,-0.3855707197383306,instance,f_classif_top25
1,0.5602381647955705,0.8,0.19444444444444442,0.23809523809523808,0.3108712032050943,1.0,0.5579214265821046,1.0,1.0,0.7009064808106742,0.8918967368975624,0.9883205197594507,1.8870062234340157,instance,f_classif_top25
1,0.5551288130235499,0.4,0.5482758620689655,0.38095238095238093,0.23895703433820176,0.5,0.5143049731256513,1.0,1.0,0.6952875767273478,0.8747324235525149,0.9943485456416306,0.9655782697241464,instance,f_classif_top25
1,0.18579208739391806,0.0,0.1504424778761062,0.42857142857142855,0.23246587667027657,0.0,0.43989399556312314,0.9954493742889647,1.0,0.7093216841622648,0.8859499348087557,0.9860833242528457,1.9079233878413755,instance,f_classif_top25
1,0.3514604013425695,0.4,0.21656050955414008,0.5714285714285714,0.43598865931284225,0.0,0.4839833792190549,0.9988623435722411,1.0,0.691514195136981,0.8800811744449111,0.98333088792504,-0.36310877762326044,instance,f_classif_top25
1,0.5664760914760913,0.4,0.4642857142857143,0.7142857142857143,0.29313653753358837,1.0,0.5581943139885577,1.0,1.0,0.730837776824338,0.8735654003928872,0.9967782256219477,0.8688396325792136,instance,f_classif_top25
1,0.1777777777777777,0.2,0.5482758620689655,0.5238095238095238,0.21215220033844495,0.0,0.46276597326903524,0.9988623435722411,1.0,0.686982622889942,0.8132934763248052,0.9475095972943101,0.24627716029189115,instance,f_classif_top25
1,0.08868501529051986,0.0,0.6195244055068836,0.6190476190476191,0.43304372179469197,0.0,0.42913324898052263,0.9914675767918089,0.88,0.6381628459535945,0.8274448034782361,0.9988003440755079,0.2003811005918145,instance,f_classif_top25
1,0.12201834862385319,0.2,0.1504424778761062,0.6666666666666666,0.36226099367506326,0.0,0.4531487689383128,0.9977246871444824,1.0,0.6993964033000241,0.8758234730926394,0.985875002264344,1.2648329180701803,instance,f_classif_top25
0,0.7887211902304782,0.8,0.8495575221238938,0.5238095238095238,0.7521624254988434,1.0,0.5497462576068828,1.0,1.0,0.7244134035106982,0.8354864580117416,0.9686014371897813,-1.842083672693367,instance,f_classif_top25
0,0.4505445744251714,0.4,0.4450261780104712,0.6190476190476191,0.42206545181295974,0.0,0.47749206003413125,0.9991935483870967,1.0,0.6902014953263853,0.8597467639517782,0.9802547970803975,1.3649984751236268,instance,f_classif_top25
1,0.17303130929791266,0.2,0.5482758620689655,0.38095238095238093,0.21221907688087016,0.0,0.46753205272435483,0.9982935153583617,1.0,0.7053960342062763,0.8809864336136957,0.992218995440462,2.9222747982405384,instance,f_classif_top25
1,0.5983746315034659,0.6,0.6195244055068836,0.5238095238095238,0.6109028715151735,1.0,0.5221626663642815,1.0,1.0,0.6974470464849742,0.8761603072595945,0.9899641064727399,-0.9359284499388634,instance,f_classif_top25
1,0.6050109811303841,1.0,0.5549738219895288,0.47619047619047616,0.5111899573509714,1.0,0.5381144565759687,1.0,1.0,0.7107488105004971,0.8857555428077143,0.9890489358455423,-0.3260996783255759,instance,f_classif_top25
1,0.4379046629046629,0.4,0.4642857142857143,0.7619047619047619,0.2704324085199724,0.5,0.5113234737107962,1.0,1.0,0.7306652379638672,0.8945565604568018,0.9935123200902644,1.610748166588931,instance,f_classif_top25
0,0.31949206949206943,0.6,0.3804755944931164,0.8571428571428571,0.3838230222971327,1.0,0.5411647904822443,1.0,1.0,0.6895590627917307,0.8778627115347164,0.9973412420239262,0.9322789326561575,instance,f_classif_top25
1,0.5494554255748285,0.2,0.5549738219895288,0.19047619047619047,0.5626055019602627,1.0,0.5081922737396307,1.0,1.0,0.69250601790909,0.865731973844991,0.9788500903712262,-0.8106592734611181,instance,f_classif_top25
1,0.23052898692172563,0.0,0.5549738219895288,0.19047619047619047,0.30938960458729114,0.0,0.45118176128827037,0.9965870307167235,1.0,0.7037765307825279,0.8501659112214023,0.9950657437664144,1.2856418558354408,instance,f_classif_top25
1,0.16637488328664796,0.2,0.1504424778761062,0.6190476190476191,0.21701832832012435,0.3333333333333333,0.49265846832279303,0.9988623435722411,1.0,0.6855457389980691,0.8388412695160027,0.9875470484851466,2.9280394888723635,instance,f_classif_top25
1,0.2531172531172531,0.4,0.21212121212121215,0.23809523809523808,0.27803477259810905,0.6666666666666666,0.5505774338617762,1.0,1.0,0.7220179753718122,0.8941272439548554,0.9976839821574571,1.3682450037925935,instance,f_classif_top25
1,0.5573260073260073,0.4,0.6195244055068836,0.5714285714285714,0.6035040721053273,0.5,0.5323540512009918,1.0,1.0,0.7153176998787997,0.8812844966895876,0.9929497521728466,-0.3229027270458382,instance,f_classif_top25
1,0.09103177524230155,0.0,0.1504424778761062,0.6666666666666666,0.2281619733513076,0.0,0.4074608452493438,0.9960182025028441,1.0,0.6677874845314289,0.8168900976717198,0.9908854137596883,2.289052138686536,instance,f_classif_top25
1,0.3305583305583305,0.6,0.6195244055068836,0.47619047619047616,0.22183893827155188,0.0,0.49080736180707185,0.9994311717861206,1.0,0.7202152071347181,0.861057815817836,0.998926588797355,1.3832480257926012,instance,f_classif_top25
1,0.5770024072655651,0.4,0.5549738219895288,0.38095238095238093,0.3765783524857024,0.2,0.4542950111645536,0.9988623435722411,1.0,0.6992265523187086,0.8964595362271115,0.9813134847777666,1.326661565889427,instance,f_classif_top25
1,0.25045045045045045,0.2,0.4642857142857143,0.6666666666666666,0.23230324504377065,0.0,0.49281061819806227,0.9994311717861206,1.0,0.6924445656012586,0.8587499786886481,0.9515569419357913,0.5165149578731889,instance,f_classif_top25
1,0.5963303794592139,0.4,0.6195244055068836,0.5238095238095238,0.5978018094126708,0.3333333333333333,0.506969865439668,1.0,1.0,0.6941172314774281,0.9013618187346595,0.9997587568028149,0.24286688654486654,instance,f_classif_top25
0,0.46874236874236874,0.6,0.4450261780104712,0.5238095238095238,0.4617759429463367,0.5,0.533711194815961,1.0,1.0,0.6986102811559592,0.8899599875621024,0.9907238264738127,-0.25787096259481657,instance,f_classif_top25
1,0.5256459017653048,0.2,0.21656050955414008,0.6190476190476191,0.45573901807278305,0.5,0.4892319266637777,0.9982935153583617,1.0,0.7413624007422305,0.8966919276196481,0.9842515248861421,0.05508374799516667,instance,f_classif_top25
0,0.6094641247223871,0.4,0.3804755944931164,0.7619047619047619,0.43442557507189344,0.5,0.49095433952446665,0.9991935483870967,1.0,0.702985479796705,0.8998771644085376,0.9860493313222952,0.022587345194921664,instance,f_classif_top25
1,0.4360811939759308,0.6,0.1504424778761062,0.5238095238095238,0.2859060775115293,0.3333333333333333,0.4480700068214115,0.9988623435722411,1.0,0.7174852640731866,0.8926812405063405,0.9814917756315986,1.0432908380191719,instance,f_classif_top25
1,0.2854594163246693,0.2,0.4642857142857143,0.38095238095238093,0.2646942300493492,0.0,0.47891290895020366,0.9988623435722411,1.0,0.6937946337113213,0.8517700719647273,0.96468000114864,0.49448452493701617,instance,f_classif_top25
1,0.16842105263157892,0.2,0.1504424778761062,0.6666666666666666,0.2234421196468227,0.0,0.49226077280249647,0.9994311717861206,1.0,0.6947815650372332,0.8691617177746481,0.9966514075980997,1.649294658950454,instance,f_classif_top25
1,0.4039779348431879,0.2,0.1504424778761062,0.42857142857142855,0.3341353990819468,0.0,0.4852237260710007,0.9988623435722411,1.0,0.7099756700543202,0.8679120377276477,0.9980173595377876,0.3393460033944621,instance,f_classif_top25
1,0.22166612265622165,0.2,0.2713178294573644,0.47619047619047616,0.5739344786254734,0.0,0.4612114844155284,0.9977246871444824,1.0,0.7329739809953024,0.8708701223527953,0.9968216851381106,-0.8436749247547234,instance,f_classif_top25
1,0.3347563053851398,0.4,0.5482758620689655,0.6190476190476191,0.21450790216483168,0.0,0.48849800969989854,0.9988623435722411,1.0,0.6734470275276321,0.8595271512183786,0.995107867887345,0.17486619992487598,instance,f_classif_top25
1,0.17756836659275688,0.0,0.1504424778761062,0.6666666666666666,0.27641054265877474,0.0,0.46121908014159485,0.997155858930603,1.0,0.6986383781288297,0.8666334211255076,0.972677233646944,1.057689904296422,instance,f_classif_top25
1,0.4645909645909646,0.6,0.5549738219895288,0.47619047619047616,0.3614727030564917,0.6666666666666666,0.524225823048922,1.0,1.0,0.7111686996147532,0.9032958435258803,0.9992554671878228,1.1855118631693409,instance,f_classif_top25
1,0.421005177397916,0.6,0.5482758620689655,0.6190476190476191,0.49277738349055156,1.0,0.5212270517754007,1.0,1.0,0.6960404734445141,0.8711962313283677,0.9784346660214354,0.44948022740361115,instance,f_classif_top25
1,0.3599547180835524,0.2,0.5482758620689655,0.38095238095238093,0.35263014076410226,0.0,0.4986421300304138,0.9994311717861206,1.0,0.7181114881219226,0.8627922071679965,0.9945728593869035,0.9139120631959069,instance,f_classif_top25
0,0.7512254901960784,0.6,0.7834394904458599,0.42857142857142855,0.7643118338103708,0.0,0.4614964270655757,0.9983870967741936,1.0,0.7360342707555382,0.8999057028271138,0.9982880013327913,-2.836713679476608,instance,f_classif_top25
1,0.06140971239981141,0.0,0.2713178294573644,0.5238095238095238,0.23752118526618127,0.0,0.4266051266360049,0.9965870307167235,1.0,0.7064836270380512,0.8712731031513988,0.9977599718370236,1.6299067123131536,instance,f_classif_top25
1,0.4379046629046629,0.2,0.21656050955414008,0.8095238095238095,0.30154757192403403,0.0,0.4785764266046294,0.9988623435722411,1.0,0.6858674559989566,0.8955257117581716,0.9964418671839621,0.7403195292434387,instance,f_classif_top25
1,0.24034929023145823,0.2,0.2713178294573644,0.5238095238095238,0.25689763223811835,1.0,0.501335794180862,1.0,1.0,0.7389358731451893,0.9088183135622215,0.990543155502634,0.7138680082083124,instance,f_classif_top25
0,0.6779816513761467,0.6,0.3804755944931164,0.3333333333333333,0.6550431721486886,0.5,0.516162751546872,1.0,1.0,0.7188089055234588,0.8768730779174959,0.9916473135443463,0.6440354118953313,instance,f_classif_top25
1,0.17303130929791266,0.0,0.1504424778761062,0.42857142857142855,0.21228669203899309,0.0,0.46855198849099555,0.9937428896473265,1.0,0.711258974271786,0.8764470116736486,0.9759643923295752,3.877566327418999,instance,f_classif_top25
1,0.10781499202551836,0.0,0.1504424778761062,0.42857142857142855,0.21220757586658584,0.0,0.40849128278648095,0.9920364050056882,0.96,0.6427579683586928,0.8556031300679977,0.9991165389807695,2.417795636474486,instance,f_classif_top25
1,0.21306022408963587,0.6,0.21656050955414008,0.5714285714285714,0.23435911067419124,1.0,0.5003244137078671,1.0,1.0,0.7203629641748339,0.886952518346244,0.9972199044131823,2.1363330547115416,instance,f_classif_top25
1,0.10781499202551836,0.0,0.4642857142857143,0.42857142857142855,0.21208298762913308,0.0,0.4360686815494076,0.9943117178612059,1.0,0.6826042499308467,0.879510544556828,0.9986699179011427,3.19158975509422,instance,f_classif_top25
1,0.06855256954266853,0.4,0.5549738219895288,0.38095238095238093,0.22236201205217743,0.0,0.47874854238712505,0.9982935153583617,1.0,0.6962526414399842,0.8405350377030704,0.9944437680506889,-0.08289894019835851,instance,f_classif_top25
1,0.09103177524230155,0.0,0.1504424778761062,0.6666666666666666,0.21386233649769304,0.0,0.44845123640229223,0.9920364050056882,1.0,0.7283190003711053,0.8642201719432608,0.9831913110717343,2.702535536760332,instance,f_classif_top25
1,0.13131313131313138,0.2,0.5549738219895288,0.5238095238095238,0.21210968302919958,0.0,0.4719984167130993,0.9988623435722411,1.0,0.688241905114552,0.8835759728709692,0.9977839401763561,3.416565959811171,instance,f_classif_top25
1,0.49777523090406517,0.8,0.5482758620689655,0.47619047619047616,0.5998812725310508,0.5,0.4881201124550233,0.9994311717861206,1.0,0.7028039377929531,0.9076707497605908,0.9945487343160614,-0.34915336386371726,instance,f_classif_top25
1,0.5842221173509516,0.6,0.6195244055068836,0.6190476190476191,0.6026275841960217,1.0,0.5311856513466081,1.0,1.0,0.6812602660444557,0.8733324191573836,0.9933265998500607,-0.6487934826464398,instance,f_classif_top25
0,0.7668705402650356,1.0,0.8495575221238938,0.47619047619047616,0.7852318271082388,1.0,0.54955436524134,1.0,1.0,0.7407118412098211,0.8833136814286614,0.9987355947698562,-2.767109018795676,instance,f_classif_top25
1,0.3380159425733483,0.0,0.5549738219895288,0.47619047619047616,0.3821044648531581,0.0,0.4627456236770475,0.997155858930603,1.0,0.7035660990022984,0.904622278516704,0.9993341445279986,0.5578034073307687,instance,f_classif_top25
1,0.404682609240015,0.0,0.5549738219895288,0.5238095238095238,0.5450645551411856,0.0,0.47358329010741096,0.997155858930603,1.0,0.7013390219697341,0.8988773527215735,0.9928989831134465,0.6295984497164488,instance,f_classif_top25
0,0.4286507240933184,0.2,0.3804755944931164,0.9523809523809523,0.45890501026903874,0.6666666666666666,0.4467663328633871,0.9967741935483871,1.0,0.6959445573248381,0.9149703655920647,0.9907262494589747,-0.6576055024864681,instance,f_classif_top25
1,0.6810866910866911,0.2,0.5482758620689655,0.3333333333333333,0.4127393483327336,0.0,0.4351583066465341,0.9977246871444824,1.0,0.6967668047507521,0.8825420554320837,0.9978398568199598,-1.1889653089357177,instance,f_classif_top25
1,0.14590604750787828,0.0,0.1504424778761062,0.42857142857142855,0.2334181430549393,0.0,0.45291181284314186,0.997155858930603,1.0,0.693760546500261,0.8717327920172998,0.9936867926802667,1.6446030452105376,instance,f_classif_top25
1,0.314102564102564,0.6,0.28735632183908044,0.47619047619047616,0.48637882965570045,0.0,0.48967122168256505,0.9994311717861206,1.0,0.6778163466166033,0.8300566089878753,0.974509734512882,0.2530211289264229,instance,f_classif_top25
1,0.3171171171171171,0.6,0.2713178294573644,0.5238095238095238,0.49067875314741627,0.5,0.48865574444117454,0.9994311717861206,1.0,0.7046991524466168,0.8792000296793323,0.9829207670130578,-1.2165318435163097,instance,f_classif_top25
1,0.6093406593406594,0.6,0.6195244055068836,0.6190476190476191,0.6183632940154354,1.0,0.5105583785421253,1.0,1.0,0.6817188924004661,0.8672695918260497,0.9841754816232497,-1.275354048762024,instance,f_classif_top25
1,0.4009978991596638,0.0,0.2713178294573644,0.5238095238095238,0.2640864781790774,0.0,0.46653837470693815,0.9965870307167235,1.0,0.721812965763228,0.8479684512134034,0.9963711768357795,1.665862248380301,instance,f_classif_top25
1,0.16090169992609005,0.0,0.1504424778761062,0.42857142857142855,0.39341341743087466,0.0,0.4384951497566648,0.9943117178612059,1.0,0.695907146608107,0.8835772761526076,0.9914405546860675,0.6633460605804586,instance,f_classif_top25
1,0.3535353535353535,0.4,0.19444444444444442,0.2857142857142857,0.4122669061722434,0.5,0.47911397259201083,0.9994311717861206,1.0,0.695137817919074,0.9003022427974924,0.9962190974197414,-0.10989271792394703,instance,f_classif_top25
0,0.8310574229691877,1.0,0.8495575221238938,0.6666666666666666,0.7833899793455651,1.0,0.5722009776424248,1.0,1.0,0.7147542771796376,0.8784181663912848,0.994218817507977,-3.0224226985249683,instance,f_classif_top25
1,0.32765087753304556,0.0,0.1504424778761062,0.42857142857142855,0.21842906240560944,0.0,0.443976178951096,0.9948805460750854,1.0,0.6993450690582519,0.8558663180163516,0.9909104670357366,0.8103181059354913,instance,f_classif_top25
1,0.25635026737967914,0.2,0.21656050955414008,0.8095238095238095,0.2477379737465375,0.25,0.4739517350564384,0.9994311717861206,1.0,0.7376841237595992,0.885261294365497,0.9981839606736232,1.5375730524960867,instance,f_classif_top25
0,0.4016253684965342,0.6,0.3804755944931164,0.6190476190476191,0.3837800600541439,0.0,0.49231941142456837,0.9991935483870967,1.0,0.7007392885791114,0.860243841306114,0.9636652430421142,1.5575203523646806,instance,f_classif_top25
1,0.1792275277182398,0.2,0.21656050955414008,0.5238095238095238,0.3854289348497497,0.0,0.44551568309632483,0.9988623435722411,1.0,0.695045178631349,0.8988108746640822,0.9893968822490437,0.545949822606082,instance,f_classif_top25
1,0.4998094248094248,0.6,0.5549738219895288,0.6190476190476191,0.34381771935294303,0.3333333333333333,0.5270854692733221,1.0,1.0,0.6913099988472288,0.8842487328240983,0.9999945326829757,0.4918246938081379,instance,f_classif_top25
1,0.7047503547503547,0.4,0.6195244055068836,0.5714285714285714,0.6131342783835078,1.0,0.5229462908210838,1.0,1.0,0.6957334288102642,0.8551347148480611,0.971193762461645,-1.352754826983378,instance,f_classif_top25
1,0.3097937346759029,0.2,0.2713178294573644,0.5714285714285714,0.31668988244458285,0.3333333333333333,0.481508949239303,0.9982935153583617,1.0,0.7046040461441238,0.8869155764914661,0.9839961868420684,0.8262349018455996,instance,f_classif_top25
1,0.4379046629046629,0.4,0.4642857142857143,0.7142857142857143,0.3314454425299195,0.75,0.5038715247251171,1.0,1.0,0.7143235328608067,0.901196253145214,0.9988084521175834,1.0998106743215008,instance,f_classif_top25
1,0.27428127428127425,0.2,0.1504424778761062,0.6666666666666666,0.21224777170045223,0.5,0.5295426819656045,1.0,1.0,0.7375129984362166,0.9026181924246667,0.9992092738424752,3.605712112616952,instance,f_classif_top25
1,0.23052898692172563,0.2,0.1504424778761062,0.5238095238095238,0.4285429772105388,0.0,0.490617573494464,0.9982935153583617,1.0,0.7213608737755273,0.8616544775096788,0.9986282081450877,1.1899367653284068,instance,f_classif_top25
1,0.6340691472270421,1.0,0.6195244055068836,0.5238095238095238,0.6089533070518853,1.0,0.5137587363773641,1.0,1.0,0.684782972094989,0.8605184580511244,0.9879731593287534,-0.6264321153666392,instance,f_classif_top25
1,0.6059503890792235,0.4,0.6195244055068836,0.6190476190476191,0.5430632401275318,0.5,0.5221256696275338,1.0,1.0,0.6955421795010187,0.8690124494269054,0.997475141369704,0.5192685004644123,instance,f_classif_top25
1,0.3559503890792234,0.4,0.6195244055068836,0.6190476190476191,0.589735823874819,0.0,0.4789210946905438,0.9994311717861206,1.0,0.7387279979884513,0.8972246804347946,0.9923884408419721,0.2635751461273949,instance,f_classif_top25
1,0.5318810617204224,0.2,0.21656050955414008,0.38095238095238093,0.5930018668733434,0.5,0.4889521924953386,0.9988623435722411,1.0,0.6879117221187854,0.9042832973877638,0.9910734613089702,-0.22737530232742606,instance,f_classif_top25
1,0.06855256954266853,0.2,0.1504424778761062,0.5714285714285714,0.4365716512159796,1.0,0.5547128873704421,1.0,1.0,0.6987692537571618,0.8858356732007153,0.9801370421424044,0.4731436786656713,instance,f_classif_top25
0,0.48888888888888893,0.8,0.4517241379310345,0.5238095238095238,0.7850680016472062,1.0,0.5425957059462135,1.0,1.0,0.6981842763233875,0.8375281982176442,0.9996828730485376,-0.7802692128395886,instance,f_classif_top25
1,0.045454545454545414,0.0,0.1504424778761062,0.42857142857142855,0.21212638176298093,0.0,0.43129921386875913,0.9931740614334471,0.96,0.6562912441353262,0.8469854370743818,0.9785669788567295,2.739830234112782,instance,f_classif_top25
1,0.1517704517704518,0.2,0.21212121212121215,0.38095238095238093,0.21263417574541776,0.0,0.4230908552803858,0.9977246871444824,0.96,0.6208553402434771,0.8660560979343377,0.982672979331355,0.6251334150595006,instance,f_classif_top25
1,0.48840048840048844,0.6,0.5549738219895288,0.5714285714285714,0.5782126425822754,0.0,0.4985279865114076,0.9994311717861206,1.0,0.7149814414735802,0.8707659374286885,0.9946329836866316,-0.3779360733247785,instance,f_classif_top25
1,0.09103177524230155,0.0,0.1504424778761062,0.42857142857142855,0.21208593977612766,0.0,0.42835751315669,0.9914675767918089,1.0,0.6769457240963261,0.8271723109986785,0.992233563326185,2.752831125380143,instance,f_classif_top25
1,0.20710784313725483,0.2,0.1504424778761062,0.5238095238095238,0.21840538785189784,0.5,0.48157699956227384,0.9994311717861206,1.0,0.7170075976282555,0.8884740707770963,0.9952877415959138,2.450271527847115,instance,f_classif_top25
1,0.21879274965800277,0.0,0.1504424778761062,0.6190476190476191,0.22080955925762397,0.0,0.4099601365174438,0.9897610921501706,1.0,0.6993372753533792,0.8632492441217064,0.9808486261895543,2.079488900161898,instance,f_classif_top25
1,0.06140971239981141,0.0,0.1504424778761062,0.7619047619047619,0.21386740002432703,0.0,0.46002512031004716,0.9920364050056882,1.0,0.718891353028745,0.8406984990947377,0.9908899063201797,2.7566838888121312,instance,f_classif_top25
1,0.04166666666666663,0.8,0.6195244055068836,0.5238095238095238,0.21205760716746802,1.0,0.5104322848988472,1.0,0.96,0.5459813052145065,0.866786361666806,0.9655521885855871,1.1798467404017963,instance,f_classif_top25
1,0.40063688537862296,0.2,0.1504424778761062,0.42857142857142855,0.21657240405482742,0.0,0.49809122088504565,0.9988623435722411,1.0,0.6998019949601468,0.8824619274126942,0.9906018686413735,2.491861598556374,instance,f_classif_top25
1,0.2576984419089682,0.2,0.1504424778761062,0.42857142857142855,0.21224746474272826,0.25,0.5126838428404932,1.0,1.0,0.7160983177565902,0.8664694569498106,0.9983948809191758,3.303826902979996,instance,f_classif_top25
1,0.2097613607514598,0.6,0.5549738219895288,0.47619047619047616,0.4939296894569264,0.0,0.4918239058004149,0.9994311717861206,1.0,0.7218021668977318,0.8725842925740251,0.974733399407529,0.516881259644798,instance,f_classif_top25
1,0.06855256954266853,0.0,0.1504424778761062,0.7619047619047619,0.28932255305504445,0.0,0.4131715052945808,0.9954493742889647,1.0,0.7003301923335836,0.8717363825504666,0.9791332151767883,0.7724123317554783,instance,f_classif_top25
1,0.309727794469532,0.0,0.2713178294573644,0.5238095238095238,0.31944891165416645,0.0,0.4569688681141163,0.997155858930603,1.0,0.6870786690631471,0.8923044289377685,0.9867525940769658,1.1955415674439254,instance,f_classif_top25
1,0.24570984570984578,0.0,0.21212121212121215,0.38095238095238093,0.38737869258849866,0.0,0.4544831116076097,0.997155858930603,1.0,0.7169200643704627,0.9130941841860546,0.9957898951524929,1.5413369318069212,instance,f_classif_top25
1,0.5451802583381531,0.6,0.6195244055068836,0.47619047619047616,0.5447579647862854,0.0,0.499506337058633,0.9994311717861206,1.0,0.7113602731610355,0.8666208817825845,0.9796244923135496,-1.6893744989553077,instance,f_classif_top25
1,0.18766339869281046,0.2,0.5549738219895288,0.42857142857142855,0.26336514161362495,1.0,0.5161855762029046,1.0,1.0,0.695361436101154,0.885875068139839,0.9991730745303682,0.8802326994072461,instance,f_classif_top25
1,0.21998012158195224,0.2,0.5549738219895288,0.42857142857142855,0.21213772804073683,0.0,0.4686598108852926,0.9982935153583617,1.0,0.7008399072569121,0.8652934765445309,0.9934704122519505,2.5919422058276558,instance,f_classif_top25
1,0.41104772838708914,0.4,0.2713178294573644,0.5714285714285714,0.4781133760468505,0.0,0.4881149558717168,0.9994311717861206,1.0,0.6804152059027649,0.8880667632486942,0.999961209045666,-1.1922330837042545,instance,f_classif_top25
0,0.3119688644688644,0.2,0.4517241379310345,0.47619047619047616,0.3991525083002846,0.2,0.4439874954506987,0.9967741935483871,1.0,0.6993117066050575,0.9063178625396989,0.9972771719747759,0.2881702079580794,instance,f_classif_top25
1,0.12132352941176483,0.2,0.1504424778761062,0.42857142857142855,0.22674500399234887,0.3333333333333333,0.510248600695051,1.0,1.0,0.7487378584909321,0.867282630203019,0.9748897805150085,2.142258878810362,instance,f_classif_top25
1,0.17756836659275688,0.2,0.1504424778761062,0.42857142857142855,0.22541676746817363,0.0,0.48320587705034923,0.9982935153583617,1.0,0.7198229216019242,0.8694758120008282,0.9799413787451271,1.6106902662068663,instance,f_classif_top25
1,0.22099673202614378,0.2,0.1504424778761062,0.42857142857142855,0.32580097263975205,1.0,0.5214005107873998,1.0,1.0,0.717165771343506,0.905488702706876,0.9856107435436376,1.26188718041066,instance,f_classif_top25
1,0.4091971423259766,0.4,0.2713178294573644,0.5714285714285714,0.5450139290924222,1.0,0.5150312128675807,1.0,1.0,0.6983429650237998,0.882507738708831,0.9982438571805775,-0.5490192851413077,instance,f_classif_top25
0,0.7113149847094802,0.8,0.3804755944931164,0.47619047619047616,0.77630134018347,1.0,0.5254833609223653,1.0,1.0,0.7063510789621168,0.8527489963289804,0.960257628246602,-0.9187167678442677,instance,f_classif_top25
1,0.279021879021879,0.4,0.4642857142857143,0.7142857142857143,0.21207454518135122,0.0,0.46757829053122224,0.9982935153583617,1.0,0.685757258279291,0.8702289258107265,0.9871733306661773,2.5415017494949472,instance,f_classif_top25
1,0.35347985347985345,0.4,0.5549738219895288,0.47619047619047616,0.2846964232092387,0.5,0.525416542427487,1.0,1.0,0.7200994327503155,0.8848871882827887,0.9989928338466196,2.0148448429065757,instance,f_classif_top25
1,0.2741702741702742,0.0,0.21656050955414008,0.8095238095238095,0.2150357581045762,0.0,0.4257146351626513,0.9960182025028441,1.0,0.7378124151941284,0.8953852565774632,0.9936103106685975,0.9617998706796023,instance,f_classif_top25
1,0.179043179043179,0.2,0.21212121212121215,0.38095238095238093,0.26404418052895273,0.3333333333333333,0.4937943617508801,0.9994311717861206,1.0,0.7127467320755887,0.9037365919802481,0.9912076825883538,1.6742381592971607,instance,f_classif_top25
1,0.3599547180835524,0.8,0.5549738219895288,0.6190476190476191,0.5798749264325451,1.0,0.5589835677953342,1.0,1.0,0.7152007269726245,0.8834392860331001,0.9773884632291007,-0.4210334732777213,instance,f_classif_top25
1,0.2841424204090238,0.2,0.2713178294573644,0.5714285714285714,0.2767749492313204,0.0,0.4873571262369234,0.9994311717861206,1.0,0.6985625469311333,0.8759325781495853,0.9911413039013965,1.1377256462093523,instance,f_classif_top25
1,0.16337054758107394,0.0,0.21656050955414008,0.6190476190476191,0.2133655874204443,0.0,0.44804360675969646,0.9931740614334471,1.0,0.7237702774340655,0.8461979814864804,0.9770877796106506,1.103387450771373,instance,f_classif_top25
1,0.279021879021879,0.4,0.2713178294573644,0.42857142857142855,0.23926705457822928,1.0,0.5184090512373742,1.0,0.96,0.6640815067346528,0.8606642747575917,0.9962171733329147,1.2413711185939884,instance,f_classif_top25
1,0.1517704517704518,0.2,0.5549738219895288,0.6666666666666666,0.23532540469885033,1.0,0.5255219604458916,1.0,1.0,0.6803283624918052,0.8537934840695459,0.9834366513438283,-0.7526894044318001,instance,f_classif_top25
0,0.37589184276300847,0.6,0.4450261780104712,0.42857142857142855,0.5100284323961518,0.6666666666666666,0.5320776677333273,1.0,1.0,0.692883196540889,0.8879159987966984,0.9980110941812889,-0.3151185117006095,instance,f_classif_top25
1,0.4893393393393394,0.0,0.21212121212121215,0.38095238095238093,0.249558133813862,0.0,0.44445358972109983,0.9960182025028441,1.0,0.6847101824258802,0.8533982256960709,0.9845261900704387,0.6038680236509948,instance,f_classif_top25
1,0.309727794469532,0.0,0.2713178294573644,0.5238095238095238,0.3487928619388171,0.0,0.44727559386699256,0.997155858930603,1.0,0.6837209524234277,0.8735975861091209,0.9854819795963349,-0.5464520141766521,instance,f_classif_top25
1,0.2702020202020202,0.4,0.5482758620689655,0.38095238095238093,0.23025505120049017,0.0,0.42167094458258836,0.9988623435722411,1.0,0.6982668784239274,0.8666644768710866,0.9980194135606063,0.03484691958244997,instance,f_classif_top25
1,0.5983746315034659,1.0,0.6195244055068836,0.7142857142857143,0.6167880083657201,0.5,0.5555474497284105,1.0,1.0,0.6946533326140758,0.8634617577471954,0.9907192641867436,-1.121236266975373,instance,f_classif_top25
1,0.3450006715014773,0.4,0.21656050955414008,0.5238095238095238,0.2414036886589806,0.5,0.4654841832859421,0.9988623435722411,1.0,0.6876362710178756,0.8543955003178593,0.9941258165314698,1.139762818788593,instance,f_classif_top25
1,0.6442538692538693,0.4,0.5549738219895288,0.6190476190476191,0.604919630271631,0.5,0.502461723396326,1.0,1.0,0.7082958688020922,0.8947108341378319,0.994199718196057,-0.9541178597073895,instance,f_classif_top25
0,0.6464646464646464,0.6,0.4517241379310345,0.5238095238095238,0.7780054489971037,0.0,0.48763804089223217,0.9983870967741936,1.0,0.7331628348638466,0.8989293664273051,0.998320376576907,-1.3946817960809732,instance,f_classif_top25
1,0.4379046629046629,0.4,0.1504424778761062,0.42857142857142855,0.24019676052936723,1.0,0.5210412509702735,1.0,1.0,0.6985824548730943,0.8811285726142819,0.9972657540603157,1.8977593446008396,instance,f_classif_top25
1,0.39743589743589736,0.6,0.19444444444444442,0.2857142857142857,0.5209515611425889,0.0,0.43297988083648975,0.9994311717861206,1.0,0.6995701610867052,0.8832621031925757,0.9996305530925637,0.6811151313297698,instance,f_classif_top25
1,0.5664760914760913,0.4,0.5482758620689655,0.5238095238095238,0.3941237284382745,0.3333333333333333,0.48094897785660895,0.9994311717861206,1.0,0.6915388800460375,0.8881293171384058,0.9972737608097595,-0.15157417237722745,instance,f_classif_top25
1,0.40063688537862296,0.0,0.4642857142857143,0.42857142857142855,0.4168117835559265,0.0,0.46144096755038566,0.997155858930603,1.0,0.6903939784643661,0.8986729750750065,0.9925312231475839,-0.17954054768556363,instance,f_classif_top25
1,0.24570984570984578,0.0,0.21212121212121215,0.38095238095238093,0.3669684709765519,0.0,0.39514207624041375,0.9920364050056882,1.0,0.6915385004833763,0.8902514336608748,0.993293426058352,1.0539474584949156,instance,f_classif_top25
1,0.18868501529051984,0.2,0.5549738219895288,0.3333333333333333,0.3568604162408159,0.0,0.4764082199322457,0.9994311717861206,1.0,0.7006396973627173,0.8164739960761064,0.9958643644234481,-0.32758458222303183,instance,f_classif_top25
1,0.3171171171171171,0.4,0.2713178294573644,0.5238095238095238,0.6027088251873124,0.0,0.44599364432507493,0.9994311717861206,1.0,0.7161037692734112,0.872519744473879,0.9902164066820712,-1.3365681883172715,instance,f_classif_top25
1,0.08700980392156854,0.0,0.1504424778761062,0.6666666666666666,0.21207215263991314,0.0,0.3393781317515192,0.9965870307167235,1.0,0.6780044483091907,0.8378163025626009,0.9845782707522885,5.131537797945973,instance,f_classif_top25
1,0.4379046629046629,0.2,0.21656050955414008,0.8095238095238095,0.24923237281987343,0.0,0.4526223223146225,0.9988623435722411,1.0,0.7132361626184737,0.8794466075124268,0.9941958931992336,0.7518691817887866,instance,f_classif_top25
1,0.4360811939759308,0.6,0.1504424778761062,0.42857142857142855,0.3748402149184079,0.0,0.49083990374913,0.9988623435722411,1.0,0.7126594955250345,0.8944285401173779,0.9969523373928919,0.6273582448645012,instance,f_classif_top25
1,0.2606792717086833,0.4,0.5549738219895288,0.38095238095238093,0.2246332698675072,0.5,0.46441259075347996,0.9994311717861206,1.0,0.7209872748187868,0.883007474093122,0.9826282911592601,2.9425653499084916,instance,f_classif_top25
0,0.7790032679738562,0.8,0.8495575221238938,0.3333333333333333,0.5320839495418506,1.0,0.5298331055301579,1.0,1.0,0.6954474943974059,0.9043481156024754,0.9940731933636439,-0.20879808987193946,instance,f_classif_top25
1,0.2112334064060407,0.6,0.2713178294573644,0.5238095238095238,0.34172849579285314,0.3333333333333333,0.4920174366334088,0.9994311717861206,1.0,0.7168751556946293,0.8852183201635339,0.9873517840377376,1.1912220896341998,instance,f_classif_top25
1,0.16090169992609005,0.0,0.21656050955414008,0.8095238095238095,0.28686268776969115,0.5,0.4136961730591543,0.997155858930603,1.0,0.7096655380545276,0.8801578332394243,0.9978994546644592,1.0372186011417148,instance,f_classif_top25
1,0.4841555172843516,0.4,0.5549738219895288,0.6190476190476191,0.5506669265090595,0.0,0.48745628106147265,0.9988623435722411,1.0,0.708477054294797,0.8899190769945658,0.9904484475650007,0.6491881101991759,instance,f_classif_top25
1,0.29286682373207673,0.2,0.21656050955414008,0.8095238095238095,0.26809000570687347,0.0,0.4840346426400973,0.9977246871444824,1.0,0.7099011128547554,0.8964347878013784,0.9788994190153598,1.5723958820089958,instance,f_classif_top25
1,0.06140971239981141,0.2,0.1504424778761062,0.7619047619047619,0.21224095679042948,0.0,0.468743822365576,0.9994311717861206,1.0,0.6726866509109081,0.8239927171093216,0.9953698598168489,1.781569266223549,instance,f_classif_top25
1,0.46980320293203726,0.8,0.6195244055068836,0.7142857142857143,0.6111078968148717,1.0,0.5173679994340827,1.0,1.0,0.6879380841224028,0.8970646229452186,0.9982812666632492,-1.4026192922381733,instance,f_classif_top25
1,0.3138623202550589,0.6,0.6195244055068836,0.8571428571428571,0.6087928168840238,0.0,0.4421748797300966,0.9994311717861206,1.0,0.7234154487634081,0.8713676769165812,0.9768781746424804,-0.6678938485978271,instance,f_classif_top25
1,0.17016649677200135,0.2,0.21212121212121215,0.38095238095238093,0.33197260066887846,0.0,0.4600473101106892,0.9982935153583617,1.0,0.7567123530149072,0.8668311272754875,0.9888131038125665,1.3502239847302024,instance,f_classif_top25
1,0.504682609240015,0.4,0.6195244055068836,0.5714285714285714,0.46241997463240314,0.3333333333333333,0.4978296618337327,0.9994311717861206,1.0,0.7030743489575554,0.9007736880323748,0.9944918767800729,0.7507552102903363,instance,f_classif_top25
0,0.8244643228624922,1.0,0.4450261780104712,0.6190476190476191,0.7861308424962982,1.0,0.5905670545485774,1.0,1.0,0.6865033948937187,0.8448943256780207,0.979447494789551,-1.101891704210501,instance,f_classif_top25
1,0.12642802741812653,0.2,0.2713178294573644,0.42857142857142855,0.4822794075547321,0.0,0.4693987929312392,0.9977246871444824,0.96,0.6666666666666666,0.8218621932073255,0.9790800633368513,-0.5757417850034108,instance,f_classif_top25
1,0.5770024072655651,0.0,0.21656050955414008,0.6190476190476191,0.301643193053466,0.0,0.444918220799282,0.9948805460750854,1.0,0.7099568871745122,0.9038575114651379,0.9996622727067941,1.2947229154422428,instance,f_classif_top25
1,0.11599531116794548,0.4,0.21212121212121215,0.38095238095238093,0.3990108267719251,0.0,0.47795459530697404,0.9988623435722411,1.0,0.7215577684548685,0.9124082152242466,0.9976301990300706,1.4552994712666367,instance,f_classif_top25
1,0.4009978991596638,0.6,0.5482758620689655,0.38095238095238093,0.24280155309585716,0.5,0.49905057369319916,0.9994311717861206,1.0,0.7008404201292463,0.8618855628710519,0.9968797515900576,0.8543340817247158,instance,f_classif_top25
1,0.10886901047084108,0.0,0.1504424778761062,0.7142857142857143,0.33795589422520633,0.0,0.44122452456596173,0.9960182025028441,1.0,0.7303850448061727,0.9082399326325868,0.9927038778485995,1.6193895619039946,instance,f_classif_top25
1,0.06140971239981141,0.4,0.5549738219895288,0.47619047619047616,0.489594210678604,0.0,0.4800687635630029,0.9988623435722411,1.0,0.6886488616147726,0.85870247825408,0.9816464604534584,-0.915538124254769,instance,f_classif_top25
1,0.279021879021879,0.2,0.21656050955414008,0.6190476190476191,0.21236507150155154,0.0,0.49509099238857124,0.9982935153583617,1.0,0.7466832830284243,0.899304171668536,0.998742743902825,2.0480321780423942,instance,f_classif_top25
1,0.409035409035409,0.6,0.1504424778761062,0.47619047619047616,0.3459927097875066,1.0,0.5571290408190778,1.0,1.0,0.7189197381286669,0.8787731090490696,0.9834128982321939,0.24714221574270023,instance,f_classif_top25
0,0.47201797385620925,0.4,0.4517241379310345,0.5238095238095238,0.608312434220898,0.3333333333333333,0.45954196142079407,0.9983870967741936,1.0,0.6915343289954098,0.8877784683061093,0.9977482119468293,0.098622754919963,instance,f_classif_top25
1,0.045454545454545414,0.0,0.5482758620689655,0.38095238095238093,0.21282690810441246,0.0,0.46641144119735123,0.9960182025028441,1.0,0.6860615152463195,0.849965731839983,0.9973539674999966,1.6789697482591202,instance,f_classif_top25
1,0.12201834862385319,0.2,0.5549738219895288,0.5714285714285714,0.21381109369467266,0.0,0.4641965065762609,0.9977246871444824,1.0,0.7081008148864716,0.8791026494806979,0.9796518896311192,1.5675836794074842,instance,f_classif_top25
1,0.6605665366859397,0.6,0.5549738219895288,0.3333333333333333,0.35196544617663106,1.0,0.5398824447871038,1.0,1.0,0.7279387521411957,0.8744245597871158,0.9916481825237224,0.6515479013242031,instance,f_classif_top25
1,0.16090169992609005,0.8,0.5549738219895288,0.47619047619047616,0.5302982886259026,0.5,0.49823847640730146,0.9994311717861206,1.0,0.68352558570359,0.8808567431518353,0.9940195865427586,-0.7748579967800161,instance,f_classif_top25
1,0.4841555172843516,0.4,0.5549738219895288,0.6190476190476191,0.5143350703951671,1.0,0.5125473213022101,1.0,1.0,0.6895412906605287,0.870471582565667,0.993019082203958,0.5849783557162901,instance,f_classif_top25
1,0.3599547180835524,0.2,0.5549738219895288,0.38095238095238093,0.5711138437863787,0.0,0.46675533421358684,0.9982935153583617,1.0,0.7001365532894986,0.8853051553444036,0.9965076652055278,0.10461318359286398,instance,f_classif_top25
1,0.1777777777777777,0.6,0.5482758620689655,0.3333333333333333,0.21208247716415463,1.0,0.5182240609578517,1.0,1.0,0.6846226669089508,0.8309413191804375,0.9963301678304216,2.076263129443422,instance,f_classif_top25
1,0.065390749601276,0.2,0.2713178294573644,0.5238095238095238,0.21447492124494139,0.0,0.47943999039126406,0.9982935153583617,1.0,0.7048069427590011,0.8756885977117203,0.9996715215086914,2.721362099863797,instance,f_classif_top25
1,0.39031186094069525,0.4,0.1504424778761062,0.42857142857142855,0.5773092719044464,0.6666666666666666,0.5245389464431824,1.0,1.0,0.6906443905807508,0.8952216897129067,0.9999975224216324,-0.4673680664398998,instance,f_classif_top25
1,0.20208916900093377,0.0,0.2713178294573644,0.5238095238095238,0.22255554332840644,0.0,0.4630556738532957,0.9965870307167235,1.0,0.6970889493365946,0.8350535679067355,0.9983978287205105,2.2216015615485523,instance,f_classif_top25
1,0.3320563431138702,0.6,0.21656050955414008,0.6190476190476191,0.3441956914528955,1.0,0.5355893469224937,1.0,1.0,0.7106586253605752,0.9268731015876815,0.9954268468704158,1.3359160676159014,instance,f_classif_top25
1,0.09103177524230155,0.0,0.1504424778761062,0.6666666666666666,0.21211373674332995,0.0,0.4310414068788153,0.9965870307167235,1.0,0.7028777839960444,0.8119494311522922,0.9531296251033287,4.233766802680468,instance,f_classif_top25
1,0.4857027357027358,0.0,0.6195244055068836,0.6190476190476191,0.55376382873391,0.0,0.46843244336268286,0.9948805460750854,1.0,0.704638889568675,0.8915432474577472,0.9935920146009424,0.13226969655033263,instance,f_classif_top25
1,0.09103177524230155,0.0,0.1504424778761062,0.42857142857142855,0.21503039544184455,0.0,0.4688338405175766,0.9937428896473265,1.0,0.7028474389626416,0.8478214620021673,0.9834767675223698,2.9326597883738863,instance,f_classif_top25
1,0.08868501529051986,0.2,0.1504424778761062,0.7619047619047619,0.21497639546238062,0.0,0.44321560213780653,0.9988623435722411,1.0,0.6913556811333407,0.8418553779176102,0.9987737771369631,0.9534018146032827,instance,f_classif_top25
1,0.12132352941176483,0.2,0.1504424778761062,0.42857142857142855,0.21280066963336308,0.5,0.559067911314256,1.0,1.0,0.734972704053678,0.8700775971374126,0.9880823077933387,3.845114987418461,instance,f_classif_top25
1,0.2112334064060407,0.0,0.2713178294573644,0.5238095238095238,0.21547666271306776,0.0,0.4654488312645627,0.997155858930603,1.0,0.719169436723337,0.8756534161612187,0.9989026516033855,1.9914142243210478,instance,f_classif_top25
1,0.5217954796902164,0.4,0.5482758620689655,0.3333333333333333,0.25756881236296536,0.0,0.49388341612945186,0.9988623435722411,1.0,0.7076869349391017,0.8476796917770892,0.9950861546082167,-0.46353398900054404,instance,f_classif_top25
1,0.5295662469056077,0.4,0.1504424778761062,0.5714285714285714,0.5101405073132642,0.5,0.46333611779179806,0.9988623435722411,1.0,0.710157002652327,0.9137178537550469,0.9964796862910036,0.1470823184437893,instance,f_classif_top25
1,0.5204517704517706,0.2,0.19444444444444442,0.2857142857142857,0.6137198545876338,0.0,0.4770611168756601,0.9977246871444824,1.0,0.6880098589473396,0.8307720225918075,0.9965317632784779,-1.8302134822401326,instance,f_classif_top25
1,0.1187558356676005,0.0,0.2713178294573644,0.42857142857142855,0.22871118195309253,0.0,0.4333391559148816,0.9960182025028441,1.0,0.747325624122645,0.855908651748983,0.9815148635168554,2.144993599078122,instance,f_classif_top25
1,0.2702020202020202,0.0,0.19444444444444442,0.2857142857142857,0.6031029173340441,0.0,0.4383839289603705,0.997155858930603,1.0,0.7102828695701399,0.8583413349704138,0.9878015547604082,-0.8849901118501595,instance,f_classif_top25
1,0.3184371184371185,0.4,0.6195244055068836,0.5714285714285714,0.5578872035130692,1.0,0.5679140477116098,1.0,0.96,0.6409988490165662,0.8336522776248393,0.9727743699947073,-1.234473421993369,instance,f_classif_top25
1,0.5551288130235499,0.8,0.5482758620689655,0.38095238095238093,0.5691318341482579,0.0,0.48515231047092977,0.9994311717861206,1.0,0.6793962022766536,0.8561326925081886,0.990337093928922,-1.3906842781477613,instance,f_classif_top25
1,0.25045045045045045,0.2,0.4642857142857143,0.38095238095238093,0.3415825989321052,0.0,0.4972806067555431,0.9994311717861206,1.0,0.689075181312894,0.8716544786970273,0.9851128143646926,-0.11555599936711605,instance,f_classif_top25
1,0.0,0.2,0.1504424778761062,0.6666666666666666,0.21205723039842983,0.0,0.49774082071211323,0.9994311717861206,0.96,0.6120979097499687,0.8457608475379175,0.9963237601555458,4.912050582121823,instance,f_classif_top25
1,0.10558960657970562,0.4,0.5482758620689655,0.5238095238095238,0.5551299173724727,0.0,0.46325356484600744,0.9994311717861206,1.0,0.6961329224252906,0.8625366400205418,0.9877145699917174,-1.0849561182044916,instance,f_classif_top25
1,0.06140971239981141,0.0,0.2713178294573644,0.5714285714285714,0.21270507786957865,0.0,0.4216332947215956,0.9903299203640501,0.88,0.612698540323437,0.8473097404035574,0.9991249963079277,-1.7949691859062114,instance,f_classif_top25
1,0.10558960657970562,0.4,0.5549738219895288,0.42857142857142855,0.5365108912912668,0.3333333333333333,0.4904696865041195,0.9994311717861206,1.0,0.7045783107783725,0.8573377907056104,0.9886162785615618,0.3581564887586405,instance,f_classif_top25
1,0.16337054758107394,0.2,0.1504424778761062,0.7142857142857143,0.21458175217130104,0.0,0.4894027218600232,0.9977246871444824,1.0,0.7250337169066885,0.8686895809655162,0.9940567614140081,2.053124653294034,instance,f_classif_top25
1,0.08700980392156854,0.4,0.21656050955414008,0.6190476190476191,0.21238270288473615,0.0,0.47783015120831995,0.9982935153583617,1.0,0.713611822066289,0.8807095392086017,0.996539580192519,3.1916215987559773,instance,f_classif_top25
1,0.40762989237162994,0.8,0.21656050955414008,0.5714285714285714,0.4695117976395258,0.6,0.4780696056513224,0.9994311717861206,1.0,0.69951882859275,0.9115544419493385,0.9993932814731935,0.089544880752977,instance,f_classif_top25
1,0.20663373323923784,0.2,0.6195244055068836,0.6190476190476191,0.5354412174545897,0.3333333333333333,0.521535239466159,1.0,1.0,0.6849909910706034,0.8524323270805957,0.9997756544285934,0.6780627663602998,instance,f_classif_top25
1,0.25045045045045045,0.4,0.4642857142857143,0.7142857142857143,0.21492918090469004,0.0,0.4769607086835236,0.9994311717861206,1.0,0.7045834162443795,0.857383396963476,0.9860382993876274,1.4891031904900864,instance,f_classif_top25
1,0.5377685708974054,0.8,0.6195244055068836,0.7142857142857143,0.6207588226697824,0.0,0.4935963878394053,0.9994311717861206,1.0,0.6951551706527931,0.8662934693630727,0.9805655246075294,-1.5189883252642087,instance,f_classif_top25
1,0.4091971423259766,0.4,0.28735632183908044,0.2857142857142857,0.3571824336362196,1.0,0.5112427629000065,1.0,1.0,0.6998243841993137,0.8994427407357324,0.9884961111696808,0.7226911262244684,instance,f_classif_top25
1,0.09103177524230155,0.0,0.1504424778761062,0.42857142857142855,0.21206185729574933,0.0,0.3210539063833473,0.9835039817974972,1.0,0.706191820931621,0.820395010268262,0.9930132931252237,3.626469418355999,instance,f_classif_top25
1,0.16090169992609005,0.6,0.4642857142857143,0.8095238095238095,0.42755131312362393,0.6666666666666666,0.5243440580095255,1.0,1.0,0.6939001334610271,0.886611830817302,0.9817202561241991,0.7463407959862891,instance,f_classif_top25
1,0.5586667760061366,0.4,0.6195244055068836,0.7142857142857143,0.6021083347741963,1.0,0.5501339041249764,1.0,1.0,0.7045070466511715,0.8841966014941296,0.9845958836799601,-1.188027794396896,instance,f_classif_top25
1,0.17016649677200135,1.0,0.6195244055068836,0.47619047619047616,0.5728474395845629,0.5,0.5684091625473533,1.0,1.0,0.6990960474188845,0.8891378913223271,0.9990361894192689,0.5032293140581574,instance,f_classif_top25
1,0.39031186094069525,0.4,0.5549738219895288,0.19047619047619047,0.576368253183442,0.0,0.4435382542801355,0.9982935153583617,1.0,0.6963696314989132,0.8924032198624703,0.9896340583858814,-0.18389561089873518,instance,f_classif_top25
0,0.4743540982346953,0.8,0.4517241379310345,0.5238095238095238,0.5545615530416179,1.0,0.533901030008848,1.0,1.0,0.6972614390214749,0.8832831637564966,0.9785459273809749,0.836675427411431,instance,f_classif_top25
1,0.5110477283870891,0.6,0.5482758620689655,0.38095238095238093,0.5653093691933163,0.0,0.47351155389450417,0.9994311717861206,1.0,0.714450061590891,0.9115760011545392,0.9992994910958748,0.6320497927787441,instance,f_classif_top25
1,0.06855256954266853,0.0,0.1504424778761062,0.42857142857142855,0.21551093943317873,0.0,0.4459186982918566,0.9880546075085325,1.0,0.7218803641671792,0.8548328937798533,0.9663003705377168,3.008532837998109,instance,f_classif_top25
1,0.12642802741812653,0.0,0.5549738219895288,0.38095238095238093,0.44177194126823005,0.0,0.4687223270825118,0.9954493742889647,1.0,0.6795179336456394,0.8182455980718752,0.9930598308166365,-0.7946023648208697,instance,f_classif_top25
1,0.36386232025505894,0.8,0.1504424778761062,0.42857142857142855,0.5126360036913549,1.0,0.5043148538558772,1.0,1.0,0.6840959840329,0.8529095291628721,0.9805226863635033,-0.012798126572814705,instance,f_classif_top25
1,0.5295662469056077,0.4,0.2713178294573644,0.5238095238095238,0.5620754547478888,0.3333333333333333,0.4929490119791339,0.9994311717861206,1.0,0.7117050852128965,0.90093214124282,0.998035780635697,0.18365059713694698,instance,f_classif_top25
1,0.30575980392156854,0.0,0.21212121212121215,0.38095238095238093,0.21265405318680264,0.0,0.42701198538621343,0.9948805460750854,1.0,0.7038398417085776,0.8480290504120224,0.9958292338552462,3.16151017305973,instance,f_classif_top25
1,0.5770024072655651,0.4,0.21656050955414008,0.6190476190476191,0.38902724280408363,0.5,0.5039299275143154,1.0,1.0,0.7063700290924937,0.9186524986548662,0.9974723336696095,1.110582348604051,instance,f_classif_top25
1,0.3037478529003953,0.2,0.1504424778761062,0.42857142857142855,0.4169770479519682,0.0,0.4735627424426504,0.9982935153583617,1.0,0.7227023991861878,0.8983764376109966,0.9992027522630118,1.124637226110281,instance,f_classif_top25
1,0.16637488328664796,0.4,0.21656050955414008,0.6190476190476191,0.2345867019243018,0.0,0.47077919560663317,0.9988623435722411,1.0,0.6855295490118763,0.8719369567164302,0.9889319807451769,1.5885058412973034,instance,f_classif_top25
0,0.7542901542901542,0.8,0.3804755944931164,0.8571428571428571,0.5478675299045574,1.0,0.567266906416451,1.0,1.0,0.7045004068323689,0.8650505911394271,0.9955324308864016,-0.816236249848772,instance,f_classif_top25
1,0.25635026737967914,0.4,0.21656050955414008,0.6190476190476191,0.29790718111421144,0.16666666666666666,0.4997447269863281,0.9988623435722411,1.0,0.696812798380469,0.9032550682799914,0.9984618545697095,1.0812123786717251,instance,f_classif_top25
1,0.2514229720518064,0.6,0.28735632183908044,0.47619047619047616,0.3046555442201355,0.5,0.5027356870366846,1.0,1.0,0.7117110306146871,0.8692205890264292,0.99473615229893,0.7315183182131408,instance,f_classif_top25
0,0.4656465646564657,0.4,0.3804755944931164,0.47619047619047616,0.6870039745372786,0.0,0.45657598701598934,0.9991935483870967,1.0,0.697027444632472,0.8977646236449148,0.9938897738273791,-0.2798356839353888,instance,f_classif_top25
1,0.18579208739391806,0.0,0.4642857142857143,0.42857142857142855,0.26061596249179175,0.0,0.45157853652763724,0.9965870307167235,1.0,0.7098387385260422,0.9009080957835462,0.9883665998374561,1.3621748438648669,instance,f_classif_top25
1,0.409035409035409,1.0,0.6195244055068836,0.8095238095238095,0.5495136299876361,1.0,0.5536819315483049,1.0,1.0,0.6959272254439635,0.865949648895546,0.9520141440235746,-0.08564979951348412,instance,f_classif_top25
1,0.23312945973496435,0.2,0.5549738219895288,0.47619047619047616,0.21211011446015876,1.0,0.5110378486296228,1.0,1.0,0.7186953554416685,0.8747340412099822,0.9885290081929374,3.6101651865308217,instance,f_classif_top25
1,0.2531172531172531,0.4,0.6195244055068836,0.8571428571428571,0.5229454593776338,1.0,0.5521209219300303,1.0,1.0,0.7016406363014428,0.8671086935268868,0.9904348325089585,0.0856182408521223,instance,f_classif_top25
1,0.08700980392156854,0.2,0.1504424778761062,0.6666666666666666,0.21205955480380556,0.0,0.43210605070347785,0.9988623435722411,1.0,0.6967541650354835,0.8622187756927271,0.9984264790512093,5.708234370013967,instance,f_classif_top25
1,0.5732649493843525,0.6,0.5549738219895288,0.47619047619047616,0.548313471608936,1.0,0.5228570719788135,1.0,1.0,0.7145929542862643,0.908105461064479,0.9985013199494821,-0.12562278287395226,instance,f_classif_top25
1,0.20663373323923784,0.2,0.2713178294573644,0.5238095238095238,0.2645479414609402,0.0,0.47948901610656025,0.9977246871444824,1.0,0.7642674165488094,0.8757735640120017,0.9989462427230388,1.0320402615200372,instance,f_classif_top25
1,0.09103177524230155,0.0,0.1504424778761062,0.6666666666666666,0.2120917682441391,0.0,0.4843748772266946,0.9960182025028441,1.0,0.7247812260846348,0.8678604758458238,0.9850567396614737,3.1279392507907136,instance,f_classif_top25
1,0.7366422466422466,0.8,0.6195244055068836,0.5238095238095238,0.6190363774875006,1.0,0.5315713279419514,1.0,1.0,0.7118002053204958,0.8568623594387604,0.9620391043520515,-0.8867878938755003,instance,f_classif_top25
1,0.3380159425733483,0.0,0.21656050955414008,0.8095238095238095,0.33612868322155376,0.0,0.44100222669351896,0.9965870307167235,1.0,0.7167496431341382,0.906856022848696,0.9985193841118457,0.7275857915875189,instance,f_classif_top25
1,0.13312945973496426,0.0,0.21212121212121215,0.38095238095238093,0.2831511059410269,0.0,0.4717112968692192,0.9965870307167235,1.0,0.7295001239358725,0.8745117919883963,0.9964244250736193,1.6076537758098397,instance,f_classif_top25
1,0.5312576312576314,0.8,0.5549738219895288,0.38095238095238093,0.5835572011968613,0.5,0.5864331540871448,1.0,1.0,0.7040396479953255,0.8928887932276514,0.992844524654138,0.02770504431038054,instance,f_classif_top25
1,0.4857027357027358,0.2,0.28735632183908044,0.47619047619047616,0.3406450271428164,0.0,0.4910232418123929,0.9982935153583617,1.0,0.6974332272103373,0.8912825852084558,0.9999294109653732,1.1473512259451635,instance,f_classif_top25
1,0.12201834862385319,0.6,0.5549738219895288,0.47619047619047616,0.2268676917191323,1.0,0.5218804942959767,1.0,1.0,0.7091512418700565,0.9105560223675621,0.9983604225405616,1.9513068526825206,instance,f_classif_top25
1,0.2514229720518064,0.4,0.28735632183908044,0.23809523809523808,0.6103788009025325,0.0,0.4714547674832855,0.9982935153583617,1.0,0.7047267894901692,0.8313984639482641,0.9778914970398406,-1.1641050508152653,instance,f_classif_top25
1,0.5967954796902166,0.2,0.2713178294573644,0.47619047619047616,0.31832391632103396,1.0,0.5739029044124553,1.0,1.0,0.6964580857503044,0.8681429129451093,0.9778594448355931,0.21580080903416707,instance,f_classif_top25
1,0.6047503547503548,0.6,0.5549738219895288,0.5714285714285714,0.5305609935987841,1.0,0.561655489255515,1.0,1.0,0.6999113772236647,0.9200508650577873,0.9971664015417613,-0.6479776892327304,instance,f_classif_top25
0,0.588952271612911,1.0,0.7834394904458599,0.38095238095238093,0.6189870807159189,1.0,0.6058070569905714,1.0,1.0,0.6966289450244109,0.8868803746548823,0.9953664001293463,0.5579163211896092,instance,f_classif_top25
1,0.279021879021879,0.6,0.5549738219895288,0.6190476190476191,0.23332389625651073,0.0,0.4918140499292699,0.9994311717861206,1.0,0.7118891839469703,0.8806408492386243,0.9932294370324597,0.9194066403646309,instance,f_classif_top25
1,0.2854594163246693,0.8,0.2713178294573644,0.42857142857142855,0.22289870261681693,1.0,0.5186526684499934,1.0,1.0,0.7288256589357354,0.8841380137277831,0.9826351566125022,1.931585729068646,instance,f_classif_top25
1,0.4009978991596638,0.8,0.1504424778761062,0.5714285714285714,0.24867080358227145,0.6666666666666666,0.5213678430814285,1.0,1.0,0.7409119838402936,0.8759100058203103,0.9999655016875197,1.3396647455458264,instance,f_classif_top25
1,0.08868501529051986,0.6,0.1504424778761062,0.7619047619047619,0.3214611365899359,0.5,0.503748956500073,1.0,1.0,0.6729996405638944,0.8701119121081955,0.9903070677721102,0.6473712629695094,instance,f_classif_top25
0,0.7012254901960784,0.6,0.8495575221238938,0.8095238095238095,0.7668099508650146,1.0,0.5397625377659455,1.0,1.0,0.7272056082868612,0.8936165112230641,0.9872438010120289,-1.874084947206222,instance,f_classif_top25
1,0.3450006715014773,0.6,0.1504424778761062,0.42857142857142855,0.24374020055134127,1.0,0.567881302023439,1.0,1.0,0.7013420600863817,0.8710445833253609,0.9942471154981761,2.6165176309187133,instance,f_classif_top25
1,0.22166612265622165,0.4,0.5549738219895288,0.47619047619047616,0.5720170336145237,0.25,0.4849032984168331,0.9994311717861206,1.0,0.6943236787405961,0.8784236158758663,0.9989075988990418,-0.49388290144064395,instance,f_classif_top25
1,0.18868501529051984,0.0,0.21656050955414008,0.8571428571428571,0.2474881082922522,0.0,0.4533977878618063,0.9965870307167235,0.96,0.6580026453963755,0.8550495119029782,0.9984597173884541,-0.23777024351044337,instance,f_classif_top25
1,0.5127580974998351,0.6,0.21656050955414008,0.6190476190476191,0.4910057336913075,0.3333333333333333,0.49939765387761637,0.9994311717861206,1.0,0.7452651366091482,0.91551008969152,0.998724407036161,0.09507913413102516,instance,f_classif_top25
1,0.5494554255748285,0.6,0.5549738219895288,0.19047619047619047,0.6071426219151729,1.0,0.5384612420018577,1.0,1.0,0.7182766297866635,0.8633522411252358,0.9908059039327266,-0.6210769852470653,instance,f_classif_top25
1,0.22099673202614378,0.2,0.1504424778761062,0.42857142857142855,0.2583739179864131,0.0,0.486048675548413,0.9982935153583617,1.0,0.7445602208018605,0.9077196600631487,0.9941444484745268,1.8363373602160105,instance,f_classif_top25
1,0.10558960657970562,0.4,0.5482758620689655,0.38095238095238093,0.5452547880632815,0.5,0.5715425651144688,1.0,1.0,0.7247709801792456,0.8740970483831855,0.9826778278904618,-0.45503752685714,instance,f_classif_top25
1,0.12201834862385319,0.0,0.1504424778761062,0.6666666666666666,0.24417056152549022,0.0,0.42126217218201856,0.9960182025028441,1.0,0.7038794213845274,0.8621673384100823,0.9947494013810392,1.8757769701940485,instance,f_classif_top25
1,0.36459096459096463,0.8,0.6195244055068836,0.8095238095238095,0.5940602814018345,1.0,0.5180735601507309,1.0,1.0,0.7085744708334253,0.8646417026624892,0.9718639309385064,0.0004957791530990976,instance,f_classif_top25
1,0.16090169992609005,0.2,0.4642857142857143,0.7619047619047619,0.4279535325341699,0.0,0.4974660187898433,0.9994311717861206,1.0,0.6938744086975135,0.8612955872441707,0.9999522211357541,0.21056005543440395,instance,f_classif_top25
1,0.4293991625279969,0.4,0.28735632183908044,0.38095238095238093,0.41491483320829514,0.0,0.4669235732119127,0.9988623435722411,1.0,0.7025520640854035,0.872117779886786,0.9987239287824528,-0.1798330079019973,instance,f_classif_top25
1,0.6059503890792235,0.2,0.6195244055068836,0.6190476190476191,0.5747899203782297,0.0,0.46301044829215476,0.9988623435722411,1.0,0.7235436033520457,0.849955562172789,0.9964808266329362,0.4463334032454859,instance,f_classif_top25
1,0.5770024072655651,0.8,0.5549738219895288,0.6190476190476191,0.4174631604002915,1.0,0.5248356525038969,1.0,1.0,0.7091374920760126,0.8879262611245778,0.9816643645872191,-0.0707949293253848,instance,f_classif_top25
1,0.2854594163246693,0.2,0.4642857142857143,0.38095238095238093,0.21811663682004828,0.0,0.49511436833544054,0.9988623435722411,1.0,0.7127749524079826,0.8372559844468356,0.9966512850472606,1.4200814653894243,instance,f_classif_top25
1,0.17756836659275688,0.4,0.5482758620689655,0.38095238095238093,0.2747509785829202,0.0,0.45468170608286085,0.9982935153583617,1.0,0.7261117441531729,0.8763087062060788,0.9943419167384439,0.5768549760991124,instance,f_classif_top25
1,0.5664760914760913,0.0,0.2713178294573644,0.5238095238095238,0.2462989411995936,0.0,0.46770977907743816,0.9960182025028441,1.0,0.7147191841723611,0.8801110412458445,0.9905466604168383,0.07488854744048118,instance,f_classif_top25
1,0.4998094248094248,0.6,0.5549738219895288,0.6190476190476191,0.5116823106311683,1.0,0.5094932848780962,1.0,1.0,0.6865129228812368,0.8864279138266195,0.9941501712806704,-0.45061139248454635,instance,f_classif_top25
1,0.28868501529051993,0.6,0.6195244055068836,0.5238095238095238,0.2151105386061648,0.5,0.4950673118214586,0.9994311717861206,1.0,0.6849252762069324,0.8657344942184902,0.9651942844669323,2.4132933543386192,instance,f_classif_top25
1,0.20663373323923784,0.6,0.6195244055068836,0.38095238095238093,0.5753415595819504,1.0,0.5032912009912627,1.0,1.0,0.6716491746538372,0.84433666907521,0.9825379451437986,-0.9435752301054293,instance,f_classif_top25
0,0.7468827468827468,0.8,0.3804755944931164,0.7142857142857143,0.5944940982607984,0.8,0.4803166046378219,0.9991935483870967,1.0,0.7241189334808932,0.8923924873725686,0.9944928149487189,-1.0123932408345513,instance,f_classif_top25
0,0.4837567273639888,0.0,0.3804755944931164,0.6190476190476191,0.4400674395643993,0.0,0.4348578585532654,0.9959677419354839,1.0,0.7046313082186627,0.8929105610009088,0.9973997573063793,-0.5664418406699125,instance,f_classif_top25
1,0.20102010201020104,0.4,0.6195244055068836,0.5238095238095238,0.3548394540051629,0.0,0.46588986649097386,0.9982935153583617,1.0,0.6953562106656784,0.8815110873685744,0.9853984151278898,0.5809704301407879,instance,f_classif_top25
1,0.2514229720518064,0.2,0.28735632183908044,0.23809523809523808,0.4050688128236746,0.0,0.4909562141963226,0.9988623435722411,0.92,0.6455396327984999,0.8275747884384976,0.9530516251944406,-0.7560006750865357,instance,f_classif_top25
0,0.2573260073260073,0.4,0.8055555555555556,0.2857142857142857,0.3813437404322201,0.0,0.4785607249849173,0.9983870967741936,1.0,0.7141519651268858,0.8626017157465264,0.991099151034423,0.7235813380387225,instance,f_classif_top25
1,0.27942476416650175,0.2,0.28735632183908044,0.38095238095238093,0.2137039295308168,0.0,0.4344431561165484,0.9977246871444824,1.0,0.702414632507534,0.8717307307986332,0.9927093050439831,2.631832710448533,instance,f_classif_top25
1,0.06140971239981141,0.2,0.2713178294573644,0.38095238095238093,0.2682016882970143,0.0,0.4884158647191089,0.9982935153583617,1.0,0.7630798941942929,0.8887347098736272,0.9955227628581795,0.8086935022614242,instance,f_classif_top25
1,0.5318810617204224,0.2,0.1504424778761062,0.42857142857142855,0.3839881972840291,0.0,0.4647964999843722,0.9988623435722411,1.0,0.7037269138898942,0.8966750342246204,0.9998846421464604,1.061982596655097,instance,f_classif_top25
1,0.10886901047084108,0.4,0.5549738219895288,0.6666666666666666,0.44881591081565825,0.0,0.44436297063063357,0.9988623435722411,1.0,0.725107435401515,0.902074584193685,0.9885033608077936,0.7754987411935131,instance,f_classif_top25
1,0.17756836659275688,0.2,0.5482758620689655,0.6190476190476191,0.22291713770286226,0.0,0.4822842296536364,0.9994311717861206,1.0,0.7080842980374901,0.8368854911634567,0.9911805619378304,0.3281079076663773,instance,f_classif_top25
1,0.43479373467590277,0.2,0.2713178294573644,0.5714285714285714,0.21304864024038156,0.0,0.489846572684437,0.9994311717861206,1.0,0.7067467878010774,0.8459022629878813,0.9996023316071254,1.4338320963155866,instance,f_classif_top25
0,0.4032045203097834,0.2,0.4517241379310345,0.6190476190476191,0.5507938579607442,1.0,0.529951985240185,1.0,1.0,0.6878201059193453,0.8592753428488487,0.9728037433797706,0.6766469751154112,instance,f_classif_top25
1,0.06855256954266853,0.0,0.1504424778761062,0.42857142857142855,0.3756469232687819,0.0,0.44320109952955966,0.9960182025028441,1.0,0.7236469383978801,0.8545927148240477,0.998454842622157,0.8271994631267441,instance,f_classif_top25
1,0.12132352941176483,0.2,0.1504424778761062,0.42857142857142855,0.21249275210581803,0.0,0.4350629424451917,0.9977246871444824,1.0,0.7323812455115267,0.8464397528632074,0.9611244914707565,4.145038511026855,instance,f_classif_top25
1,0.16842105263157892,0.0,0.1504424778761062,0.6666666666666666,0.2126044384978093,0.0,0.4330857346311079,0.9897610921501706,1.0,0.6807600311926074,0.8625715926151151,0.9967195535469258,1.9703586195581722,instance,f_classif_top25
1,0.17303130929791266,0.2,0.1504424778761062,0.5238095238095238,0.2120902495227871,0.0,0.4907235730194357,0.9994311717861206,1.0,0.702238358620653,0.8852067068113211,0.9990184915317762,2.409425636769607,instance,f_classif_top25
1,0.06855256954266853,0.0,0.1504424778761062,0.7619047619047619,0.2660236776228553,0.0,0.38515319156171823,0.9914675767918089,1.0,0.7176085530959624,0.8706111661035998,0.9847143927580964,0.9634847627267692,instance,f_classif_top25
1,0.5261992435386043,0.4,0.5482758620689655,0.38095238095238093,0.5750962488673331,0.0,0.4241490341231684,0.9988623435722411,1.0,0.7257902984746764,0.9048900764744089,0.9991291505941026,-0.044897521932416994,instance,f_classif_top25
1,0.3097937346759029,0.6,0.2713178294573644,0.5714285714285714,0.3942671023906884,0.6666666666666666,0.5077169036978377,1.0,1.0,0.7149037110154415,0.9086769819843379,0.9983043287917032,0.763416655126526,instance,f_classif_top25
1,0.3380159425733483,0.4,0.5549738219895288,0.6190476190476191,0.5101209177588178,1.0,0.5389716978866462,1.0,1.0,0.7323027400392265,0.891972156473786,0.9934951834736679,-0.18819150107552182,instance,f_classif_top25
1,0.36459096459096463,0.6,0.6195244055068836,0.42857142857142855,0.4854884927533175,1.0,0.5130584230135752,1.0,1.0,0.7025225634376792,0.8754607132271305,0.9867632629242888,1.05837897245924,instance,f_classif_top25
1,0.5331427581427581,0.4,0.5549738219895288,0.19047619047619047,0.5385450126007849,0.0,0.4350636136135013,0.9982935153583617,1.0,0.7067064688754056,0.9018925314404761,0.9841789964412704,0.025941383228834065,instance,f_classif_top25
1,0.4841555172843516,0.4,0.5549738219895288,0.6190476190476191,0.3007761935972496,0.5,0.4965656648168081,0.9994311717861206,1.0,0.6919255892755969,0.9003337187907979,0.9930200660908446,0.8439992247689282,instance,f_classif_top25
1,0.4379046629046629,0.2,0.21656050955414008,0.8095238095238095,0.2516223848982727,0.0,0.4708624028514359,0.9982935153583617,1.0,0.7120983522423096,0.9051372429014077,0.9980448941872851,1.8607529226668613,instance,f_classif_top25
1,0.7255311355311356,0.2,0.2713178294573644,0.5714285714285714,0.5889427111329294,0.0,0.4929129171034776,0.9988623435722411,1.0,0.698642411844846,0.8620676920405212,0.9890575298346069,-1.9495257130122416,instance,f_classif_top25
1,0.33333333333333337,0.6,0.6195244055068836,0.7142857142857143,0.2727326211723583,1.0,0.5032022362490016,1.0,1.0,0.7071464203302514,0.8923338669640725,0.9944535201916441,1.7516917809446904,instance,f_classif_top25
1,0.4805289869217255,0.4,0.5549738219895288,0.19047619047619047,0.5155855413912868,1.0,0.5057054860964829,1.0,1.0,0.6702645464048714,0.869407780439598,0.9923811643650426,-0.5854593701892277,instance,f_classif_top25
1,0.06855256954266853,0.0,0.5549738219895288,0.47619047619047616,0.29193042506850403,0.0,0.45169069319567845,0.9960182025028441,1.0,0.7058415908256609,0.8424764735662973,0.993678394120568,1.392438309591082,instance,f_classif_top25
1,0.5443810617204223,0.4,0.1504424778761062,0.7619047619047619,0.37155333025946147,0.5714285714285714,0.48459207187532505,0.9994311717861206,1.0,0.6929780696643943,0.8939812362727728,0.999552553928382,0.056035692663163106,instance,f_classif_top25
1,0.27942476416650175,0.4,0.1504424778761062,0.42857142857142855,0.2320606006386023,0.0,0.4581186227891597,0.9988623435722411,1.0,0.711082898221659,0.9063762131033453,0.9999163290355286,2.019327293627166,instance,f_classif_top25
1,0.3599547180835524,0.8,0.19444444444444442,0.2857142857142857,0.6074807303620771,0.0,0.494902746120475,0.9994311717861206,1.0,0.705627028617105,0.8690035694975832,0.9747073310439208,-0.4964653732357513,instance,f_classif_top25
1,0.2741702741702742,0.0,0.21656050955414008,0.6190476190476191,0.21621444085974934,0.0,0.43020084519014834,0.9948805460750854,1.0,0.6991241969449103,0.8925717166810991,0.9995415638432206,0.9667349909926038,instance,f_classif_top25
1,0.21127880976952174,0.2,0.21656050955414008,0.47619047619047616,0.2554816147116643,0.0,0.4560366487975053,0.9988623435722411,1.0,0.7118346067762799,0.8620113794939911,0.9961269235594034,1.7172209211592446,instance,f_classif_top25
0,0.41721124109183805,0.6,0.5357142857142857,0.7619047619047619,0.5670245165432044,1.0,0.5088606191029876,1.0,1.0,0.7162036069200332,0.8802556807334053,0.9845691718979569,-0.03155002061304839,instance,f_classif_top25
1,0.5333217833217834,0.6,0.6195244055068836,0.7142857142857143,0.5909695030806597,1.0,0.5488675121919546,1.0,1.0,0.719372699948454,0.8514693915856973,0.9820917342454202,0.38257278397349576,instance,f_classif_top25
1,0.3347563053851398,0.4,0.5482758620689655,0.5714285714285714,0.2413353781157812,0.0,0.43103926320762476,0.9994311717861206,1.0,0.7068093495906788,0.8715045334964199,0.9952508942670008,0.015994258231004473,instance,f_classif_top25
0,0.6723491224669544,0.6,0.7834394904458599,0.42857142857142855,0.6932776456850952,1.0,0.5122819440936035,1.0,1.0,0.7139401259259278,0.8781114104505799,0.9944021859564294,-1.3033604005498374,instance,f_classif_top25
1,0.179043179043179,0.4,0.21212121212121215,0.38095238095238093,0.2152859060564371,0.0,0.4959941849447791,0.9994311717861206,1.0,0.7289541141855498,0.9100934962518207,0.984335994757293,2.6666198648357518,instance,f_classif_top25
1,0.2746928746928746,0.0,0.5549738219895288,0.47619047619047616,0.22249496835113325,0.0,0.389361475354006,0.9954493742889647,0.96,0.6663712516168054,0.8342687123354979,0.97990478688425,2.3533678912824945,instance,f_classif_top25
1,0.20710784313725483,0.4,0.21656050955414008,0.6190476190476191,0.23413900296459383,0.0,0.43689713686521126,0.9994311717861206,1.0,0.693677111405162,0.8919851005162891,0.9913476331345462,1.4819736495792502,instance,f_classif_top25
1,0.22646040134256962,0.6,0.2713178294573644,0.5238095238095238,0.4028358172597909,0.5,0.475252166458502,0.9994311717861206,1.0,0.7052191293011546,0.8819262092760435,0.9959363718968084,1.1744441214803583,instance,f_classif_top25
1,0.2531172531172531,0.2,0.1504424778761062,0.7142857142857143,0.21518730789514567,0.0,0.42150811395146337,0.9982935153583617,1.0,0.6935815912535055,0.9005363807396901,0.9977548487808722,2.2121314995327497,instance,f_classif_top25
1,0.08868501529051986,0.2,0.1504424778761062,0.6666666666666666,0.21262055527497264,0.0,0.46030809655757865,0.9977246871444824,1.0,0.7047585935463827,0.8471608952203994,0.9929548658575542,2.64372572090432,instance,f_classif_top25
1,0.3535353535353535,0.4,0.4642857142857143,0.7619047619047619,0.2221778928551572,0.0,0.43882449700306037,0.9988623435722411,1.0,0.7001407135300421,0.8968770110008822,0.9927600214695622,0.585422808157463,instance,f_classif_top25
1,0.0942350332594235,0.4,0.5549738219895288,0.19047619047619047,0.3990078156686381,0.3333333333333333,0.46094574521963816,0.9988623435722411,1.0,0.682688702291138,0.8567214160463749,0.9917427951773364,0.222360345378035,instance,f_classif_top25
1,0.3514604013425695,0.4,0.2713178294573644,0.5714285714285714,0.5752501834888745,0.5,0.4753786975519154,0.9994311717861206,1.0,0.7033575901854118,0.9092984352344498,0.9985412092375787,-0.38351163016938966,instance,f_classif_top25
1,0.6255311355311355,0.6,0.6195244055068836,0.42857142857142855,0.6191517649746942,1.0,0.5339496703741681,1.0,1.0,0.6799233981945705,0.8153784646261768,0.9771021884660231,-2.6782079584961154,instance,f_classif_top25
1,0.06140971239981141,0.0,0.2713178294573644,0.5238095238095238,0.21548891989347008,0.0,0.4305070070888253,0.9960182025028441,1.0,0.666938581369093,0.8172451757297526,0.9636936722824823,-0.31322334595772944,instance,f_classif_top25
1,0.41808963871847304,0.6,0.5549738219895288,0.42857142857142855,0.41017500420050546,0.0,0.48709198990132163,0.9994311717861206,1.0,0.6681862545834193,0.8739500695548489,0.9842415343461345,0.2936928131813031,instance,f_classif_top25
1,0.30575980392156854,0.2,0.5549738219895288,0.38095238095238093,0.22111359542939252,0.0,0.446540919144905,0.9977246871444824,1.0,0.7509910393652154,0.877064177330629,0.9979376552370842,2.2031934966018576,instance,f_classif_top25
1,0.0942350332594235,0.0,0.4642857142857143,0.7142857142857143,0.4048678930539876,0.0,0.43329537101581794,0.9954493742889647,1.0,0.6836667760867883,0.8490185268679437,0.9849746056071088,0.895352709713424,instance,f_classif_top25
1,0.185103785103785,0.0,0.5549738219895288,0.6190476190476191,0.39633367497596644,0.0,0.4571683528125914,0.997155858930603,0.96,0.6610986271575544,0.8465756804423222,0.9854934778587057,-1.370550047583981,instance,f_classif_top25
1,0.185103785103785,0.4,0.5549738219895288,0.19047619047619047,0.2576522845255562,0.0,0.48248924703887175,0.9988623435722411,1.0,0.6814806441906405,0.8502553636470799,0.9986459627675028,-1.1044246731483371,instance,f_classif_top25
1,0.12132352941176483,0.0,0.1504424778761062,0.42857142857142855,0.22518737098537578,0.0,0.4169700095683597,0.9954493742889647,1.0,0.7548515529247889,0.8676645835466953,0.9815170160083312,2.1741932493770424,instance,f_classif_top25
1,0.12201834862385319,0.6,0.5549738219895288,0.42857142857142855,0.27770720049380826,0.5,0.5034682025896318,1.0,1.0,0.704237339908051,0.8921508467676774,0.9917879599330592,1.732753299514988,instance,f_classif_top25
0,0.833625116713352,1.0,0.8495575221238938,0.2857142857142857,0.78204746933883,1.0,0.5740790985347597,1.0,0.8,0.6491054513345227,0.8290170481577624,0.9983043761363716,-2.4191535276771914,instance,f_classif_top25
1,0.13664678824861898,0.2,0.1504424778761062,0.42857142857142855,0.2244820001295506,0.0,0.4271474219581659,0.9988623435722411,1.0,0.7079280546390064,0.8962687615980294,0.9966880319254451,2.224021689311353,instance,f_classif_top25
1,0.179043179043179,0.0,0.21212121212121215,0.38095238095238093,0.38747373473273816,0.0,0.4457274544565093,0.9948805460750854,1.0,0.7054498976834849,0.8754071381549327,0.9870512458813882,0.6059152616004128,instance,f_classif_top25
1,0.6892348392348393,0.8,0.6195244055068836,0.6190476190476191,0.6206645964656506,1.0,0.5782961710733007,1.0,1.0,0.6734207616031572,0.8454774638940193,0.9891559690925061,-0.015276514474234778,instance,f_classif_top25
1,0.32201834862385326,0.2,0.6195244055068836,0.47619047619047616,0.25526577420007834,0.0,0.4688360859925568,0.9994311717861206,1.0,0.6738363295881853,0.8610618907507188,0.9885074505847301,-1.1413768198139227,instance,f_classif_top25
1,0.45930340845595075,0.4,0.5549738219895288,0.6190476190476191,0.576756903636526,0.0,0.4821178124648723,0.9994311717861206,1.0,0.7326879723433126,0.8792898935129037,0.9961807974581562,0.22245695624140363,instance,f_classif_top25
0,0.5194710130782745,0.4,0.4450261780104712,0.38095238095238093,0.4100396829341889,0.25,0.4905488789906284,0.9991935483870967,1.0,0.6945636176792152,0.8717936823022303,0.9952969218764216,1.332640229311902,instance,f_classif_top25
1,0.06140971239981141,0.0,0.21656050955414008,0.8095238095238095,0.22763139223551354,0.0,0.41451008815795465,0.9943117178612059,1.0,0.7046012920415039,0.8747716709144416,0.9896426235666962,1.5688738968991724,instance,f_classif_top25
1,0.12201834862385319,0.0,0.1504424778761062,0.47619047619047616,0.21209302221532533,0.0,0.48401648072331527,0.9960182025028441,1.0,0.6974274896742058,0.844855792041139,0.993896287341069,4.340603223754871,instance,f_classif_top25
1,0.4857027357027358,0.2,0.6195244055068836,0.6190476190476191,0.5551235450189526,0.0,0.4774108379330051,0.9982935153583617,1.0,0.6802100562849936,0.8448940554959223,0.9870861765554505,-0.27788504989165924,instance,f_classif_top25
1,0.7047503547503547,1.0,0.6195244055068836,0.7142857142857143,0.6180949484342306,1.0,0.5819585218190908,1.0,1.0,0.7044306008971684,0.877818536882895,0.9841459930796356,-1.378971504821972,instance,f_classif_top25
1,0.22099673202614378,0.2,0.1504424778761062,0.42857142857142855,0.2545056361834318,0.4,0.4976035371811439,0.9994311717861206,1.0,0.7045120953503041,0.8842379286223182,0.9835449345007397,1.7831496175248678,instance,f_classif_top25
1,0.5261992435386043,0.6,0.4642857142857143,0.7142857142857143,0.34776643818554753,0.3333333333333333,0.5019744552929147,1.0,1.0,0.6998303690391491,0.8922164321612073,0.950780916097783,0.3346973718309905,instance,f_classif_top25
1,0.5261992435386043,0.6,0.1504424778761062,0.5238095238095238,0.42156015515948886,0.5,0.5581357152630912,1.0,1.0,0.7001270946671769,0.8914643508347108,0.9943122325692785,-0.327588778011964,instance,f_classif_top25
1,0.065390749601276,0.0,0.21656050955414008,0.6190476190476191,0.2131291471921447,0.0,0.4618881066424738,0.997155858930603,1.0,0.7108816682146609,0.8754746902594412,0.9976839603611015,2.8887826929918896,instance,f_classif_top25
1,0.39792429792429795,0.0,0.1504424778761062,0.7619047619047619,0.28406205813099916,0.0,0.4584532076608244,0.9960182025028441,1.0,0.7073692704911111,0.8924639033560006,0.9960334458527121,0.34355014151382773,instance,f_classif_top25
1,0.5360195360195361,0.8,0.5549738219895288,0.47619047619047616,0.5584665042658696,0.6666666666666666,0.4953596493332052,0.9994311717861206,1.0,0.6975176899137542,0.8975762497289665,0.9736279560394351,-0.025800258359305297,instance,f_classif_top25
1,0.5318810617204224,0.8,0.6195244055068836,0.5714285714285714,0.5561750830805142,0.3333333333333333,0.4973653642051483,0.9994311717861206,1.0,0.6851256514679929,0.8908254277630975,0.9920815696890822,-0.15368724385076193,instance,f_classif_top25
1,0.5360195360195361,0.4,0.5549738219895288,0.6190476190476191,0.5577954701480039,0.0,0.46346721185796136,0.9988623435722411,1.0,0.7094526022996459,0.8949404990884653,0.9882121013712076,-0.5438400308029949,instance,f_classif_top25
0,0.39249639249639257,0.6,0.7286821705426356,0.47619047619047616,0.7877212774488848,0.6666666666666666,0.49848782988465157,0.9991935483870967,1.0,0.7201603089652301,0.9050832502923322,0.9905499054454744,-2.170984553902358,instance,f_classif_top25
1,0.1421568627450981,0.0,0.1504424778761062,0.42857142857142855,0.2974855565465585,0.0,0.4595874286867485,0.9960182025028441,1.0,0.713704516305647,0.9090309154115181,0.9867136800364592,1.6064286945209632,instance,f_classif_top25
0,0.7419375644994841,0.8,0.7286821705426356,0.5238095238095238,0.6088248139204967,0.6666666666666666,0.48888734109871557,0.9991935483870967,1.0,0.6842087397228802,0.909663341620243,0.994416249490904,0.45134927715794126,instance,f_classif_top25
1,0.41104772838708914,0.2,0.21656050955414008,0.38095238095238093,0.5738074367631584,0.25,0.4391944429984119,0.9977246871444824,1.0,0.7113390594664489,0.8911881278978293,0.9985573186461207,-0.4704030725577801,instance,f_classif_top25
1,0.39031186094069525,0.6,0.6195244055068836,0.7142857142857143,0.6076280619437106,1.0,0.5136724562622312,1.0,1.0,0.6905462428819094,0.8997755168399647,0.9963188330338578,-1.1359436925453679,instance,f_classif_top25
1,0.4130591630591631,0.6,0.19444444444444442,0.2857142857142857,0.612054668950595,0.5,0.4921293096124094,0.9994311717861206,1.0,0.7355132843603291,0.8890738097672353,0.9969069831861617,-1.1988539846020347,instance,f_classif_top25
1,0.11478758169934655,0.0,0.2713178294573644,0.42857142857142855,0.23134821800808292,0.3333333333333333,0.4666800701678072,0.9960182025028441,1.0,0.7360458156453266,0.8878754417625874,0.9952761025769719,2.2190000555041327,instance,f_classif_top25
1,0.10902876001885897,0.4,0.21212121212121215,0.38095238095238093,0.23273820006714585,0.5,0.5074618329115901,1.0,1.0,0.7380751492490102,0.8756294894685168,0.984651108786357,1.694538661788375,instance,f_classif_top25
1,0.32201834862385326,0.4,0.5549738219895288,0.19047619047619047,0.23189384161856957,1.0,0.5009444289520888,1.0,1.0,0.6945189371680179,0.8395216371873948,0.9897816964441397,0.3904966209587202,instance,f_classif_top25
1,0.13664678824861898,0.0,0.1504424778761062,0.42857142857142855,0.21801905675481115,0.0,0.4253140735346598,0.987485779294653,1.0,0.691345366083696,0.87281493131197,0.9904387467653294,2.2338228010778836,instance,f_classif_top25
1,0.41693121693121693,0.6,0.28735632183908044,0.47619047619047616,0.22142535931544127,0.5,0.6094232566266713,1.0,1.0,0.7123265529229212,0.8911866628139523,0.991326780885728,1.9729552061128839,instance,f_classif_top25
1,0.39743589743589736,0.6,0.19444444444444442,0.2857142857142857,0.5720840972481845,0.3333333333333333,0.46663855262156273,0.9994311717861206,1.0,0.6984011974674048,0.8786609565473992,0.9977965422355954,0.4186960706801058,instance,f_classif_top25
1,0.5331427581427581,0.4,0.5482758620689655,0.3333333333333333,0.39938660213755917,0.0,0.46106298824533465,0.9988623435722411,1.0,0.7241460249991589,0.8885329894309676,0.9918392707396151,-0.004170018060517202,instance,f_classif_top25
1,0.12132352941176483,0.2,0.1504424778761062,0.7142857142857143,0.2878334811339319,0.0,0.47931863907628636,0.9988623435722411,1.0,0.7411451107137658,0.8921633320926187,0.9815354182185047,1.0810801064588065,instance,f_classif_top25
1,0.18579208739391806,0.2,0.4642857142857143,0.7619047619047619,0.2571693787501371,0.3333333333333333,0.5653388593031503,1.0,1.0,0.7162353572295624,0.8676074305091867,0.9870352289573652,1.4963062917278442,instance,f_classif_top25
1,0.13664678824861898,0.2,0.1504424778761062,0.42857142857142855,0.2463061433615441,0.0,0.4941324885385001,0.9988623435722411,1.0,0.7138271119418891,0.895114628799003,0.9968704516874923,1.6521599679802568,instance,f_classif_top25
1,0.30333400483481066,0.4,0.4642857142857143,0.7619047619047619,0.4285119659808134,1.0,0.5271589639973316,1.0,1.0,0.7210425126155563,0.911713368117957,0.997866373530755,0.34740163858185374,instance,f_classif_top25
0,0.6678921568627452,0.6,0.8495575221238938,0.6666666666666666,0.7624355081406569,1.0,0.5146773003738422,1.0,1.0,0.6970792315616059,0.9066587921919449,0.994711165791929,-2.003048417246395,instance,f_classif_top25
0,0.7158575795909763,0.6,0.7286821705426356,0.5238095238095238,0.6585131611052486,0.6666666666666666,0.5476897376144965,1.0,1.0,0.7126746318168619,0.8767974680958516,0.9527770583888312,-1.5598571175683593,instance,f_classif_top25
1,0.06855256954266853,0.0,0.1504424778761062,0.5714285714285714,0.43961670512109496,0.0,0.43230605456416527,0.9954493742889647,1.0,0.6971749904031823,0.8485879030651334,0.981390399987434,-0.24035297026666322,instance,f_classif_top25
1,0.185103785103785,0.2,0.6195244055068836,0.47619047619047616,0.4935776251586659,0.5,0.5075051544966696,1.0,1.0,0.6734815599410449,0.8435228262799174,0.99372669566371,-1.778337388815253,instance,f_classif_top25
0,0.42592592592592593,0.6,0.3804755944931164,0.6190476190476191,0.7837861427924416,1.0,0.5239799005901902,1.0,0.96,0.6666666666666666,0.8215816362777392,0.9509358475452234,-1.3723754688056655,instance,f_classif_top25
1,0.11599531116794548,0.2,0.1504424778761062,0.6666666666666666,0.2146529914022544,0.0,0.4760405738402623,0.9994311717861206,1.0,0.7437376931136036,0.8673105021449204,0.9948714044838405,2.6525936849839824,instance,f_classif_top25
1,0.32765087753304556,0.0,0.1504424778761062,0.47619047619047616,0.22846587897764198,0.0,0.4217292319742947,0.9960182025028441,1.0,0.716165154023615,0.8693826375263268,0.999426924811366,1.7224800670724583,instance,f_classif_top25
1,0.6164760914760914,0.6,0.5549738219895288,0.5714285714285714,0.2697184579203009,0.5,0.5709294362862656,1.0,1.0,0.7180601852448905,0.8736737028765738,0.991656852842184,1.095876502401033,instance,f_classif_top25
1,0.3138623202550589,0.6,0.6195244055068836,0.6190476190476191,0.6012969763033255,0.5,0.44352801049541113,0.9994311717861206,1.0,0.6863038119314888,0.8673760690377249,0.9771222236438186,-1.032716458111153,instance,f_classif_top25
1,0.16442456602639677,0.0,0.4642857142857143,0.42857142857142855,0.25556235157997254,0.0,0.42518125893301995,0.9965870307167235,1.0,0.6888567929119935,0.8779824767727056,0.990268546337414,1.2740948348809293,instance,f_classif_top25
1,0.21892610313662952,0.6,0.5549738219895288,0.19047619047619047,0.21348728677199497,0.3333333333333333,0.3793142211649584,0.9994311717861206,1.0,0.6756897888972717,0.8738059635692903,0.9966501319251563,1.1522680993899073,instance,f_classif_top25
1,0.21693121693121686,0.2,0.1504424778761062,0.42857142857142855,0.2142186782295723,0.0,0.43820636806255964,0.9977246871444824,1.0,0.7166261519211633,0.9075353638203926,0.9985785060937122,2.640950987713281,instance,f_classif_top25
1,0.12132352941176483,0.0,0.1504424778761062,0.7142857142857143,0.21273347689704414,0.0,0.4467908250164937,0.9937428896473265,1.0,0.7399233704400976,0.851000483810199,0.9664500387220241,3.571014935183167,instance,f_classif_top25
1,0.2024782135076254,0.4,0.2713178294573644,0.42857142857142855,0.2751262175460184,0.25,0.4879133840951092,0.9994311717861206,1.0,0.707388758046662,0.8839796266933199,0.9968896556516615,1.425042275782404,instance,f_classif_top25
1,0.22099673202614378,0.2,0.1504424778761062,0.42857142857142855,0.3380561116043722,0.5,0.49698974917844296,0.9994311717861206,1.0,0.7044752676114913,0.8964070506180528,0.9961728801835001,0.7435138072184702,instance,f_classif_top25
1,0.21892610313662952,0.4,0.28735632183908044,0.47619047619047616,0.21355704008412113,0.0,0.4919134376923713,0.9988623435722411,0.96,0.650030393102844,0.8482637133819005,0.988576861443507,1.9233460590870608,instance,f_classif_top25
1,0.2746928746928746,0.2,0.5482758620689655,0.47619047619047616,0.23054985080289325,0.0,0.4489519190873549,0.9977246871444824,1.0,0.7129559939787844,0.8772315100309642,0.9968075852660053,2.5687915087436566,instance,f_classif_top25
1,0.4039779348431879,0.2,0.4642857142857143,0.38095238095238093,0.2212740965311526,0.0,0.45697804867032255,0.9982935153583617,1.0,0.7148687130328208,0.8589693336553839,0.9822676550755808,1.9739994955326892,instance,f_classif_top25
1,0.2746928746928746,0.2,0.1504424778761062,0.6666666666666666,0.21589015623857788,0.0,0.4890615043573331,0.9994311717861206,1.0,0.7133871277098089,0.8519856762608166,0.9804781792278845,2.4513006419307484,instance,f_classif_top25
1,0.5527143950537556,0.6,0.1504424778761062,0.5238095238095238,0.40188511613444744,1.0,0.5093620783085404,1.0,1.0,0.7160949172166312,0.8700235724017495,0.9975482603136345,0.12357231808315787,instance,f_classif_top25
1,0.2854594163246693,0.4,0.1504424778761062,0.6666666666666666,0.22630489376512813,0.0,0.4078855801734357,0.9982935153583617,1.0,0.7083334781980393,0.8552959800961852,0.9864875701594834,1.8230074914496768,instance,f_classif_top25
1,0.4664361995650338,0.8,0.6195244055068836,0.5238095238095238,0.6076430440225016,0.5,0.5076172533978118,1.0,1.0,0.6983566080480195,0.8933922513115697,0.9999182321041287,-0.18581293690053563,instance,f_classif_top25
1,0.5217954796902164,0.6,0.5482758620689655,0.3333333333333333,0.5260861920418811,0.3333333333333333,0.4441268821219422,0.9994311717861206,1.0,0.718037225546443,0.8861855460854358,0.9966474705129196,-1.1614025464197684,instance,f_classif_top25
1,0.32997557997558,0.6,0.6195244055068836,0.7142857142857143,0.6132493655069416,1.0,0.5139747047411496,1.0,0.96,0.6666666666666666,0.8185633509919106,0.9948232297908326,-0.918181966316278,instance,f_classif_top25
0,0.48724190250016497,0.2,0.4517241379310345,0.5714285714285714,0.4655030169333817,0.0,0.4849848099028562,0.9967741935483871,1.0,0.704554841031104,0.8983682305593441,0.9915151829105268,0.36835758605129676,instance,f_classif_top25
1,0.5318810617204224,0.2,0.1504424778761062,0.42857142857142855,0.549476649912581,0.0,0.4592382911679356,0.9977246871444824,1.0,0.7078169945229946,0.9173660327757125,0.9994507255427866,0.24139463576880896,instance,f_classif_top25
1,0.22330039990590445,0.6,0.2713178294573644,0.5238095238095238,0.48026616897287844,0.75,0.5467775290744716,1.0,1.0,0.7199551108476211,0.9076681991576262,0.9831052788924991,0.6501722219740478,instance,f_classif_top25
1,0.4208521539809883,0.4,0.2713178294573644,0.5714285714285714,0.34143284195134704,0.0,0.4922193084558558,0.9988623435722411,1.0,0.7064570377871701,0.8724287646984377,0.991322903005751,0.6040083749637847,instance,f_classif_top25
1,0.10902876001885897,0.0,0.21212121212121215,0.38095238095238093,0.21560206789486808,0.0,0.47576653760813814,0.997155858930603,1.0,0.6677634444927109,0.8791647405091889,0.9991051118089709,0.4952918085955197,instance,f_classif_top25
1,0.5527143950537556,0.4,0.1504424778761062,0.6666666666666666,0.4278312501926499,0.2,0.5155853226706744,1.0,1.0,0.7085445030027576,0.9290619093096616,0.9977070149702462,0.942124000487455,instance,f_classif_top25
1,0.5943810617204224,0.8,0.5482758620689655,0.6190476190476191,0.4598218581198957,1.0,0.556150296757663,1.0,1.0,0.715919251438824,0.8756082603713101,0.9942702276742833,-0.4838648348673548,instance,f_classif_top25
1,0.16637488328664796,0.4,0.1504424778761062,0.6666666666666666,0.21843266887524554,0.0,0.4736104844888721,0.9994311717861206,1.0,0.6904516616534482,0.8711858472145084,0.9993105209647998,2.343071547249311,instance,f_classif_top25
1,0.11021923620933516,0.4,0.5549738219895288,0.47619047619047616,0.5312110298950103,0.5,0.4989082660611892,0.9994311717861206,1.0,0.6871888974277678,0.8495939627988086,0.9889466869454824,-0.5935641243692913,instance,f_classif_top25
1,0.2971956535883922,0.2,0.6195244055068836,0.8095238095238095,0.6156250071056467,0.0,0.4815190019325172,0.9988623435722411,1.0,0.6889049075146487,0.8661777848537118,0.9985929352812594,-0.6177787515645775,instance,f_classif_top25
1,0.309727794469532,0.0,0.2713178294573644,0.42857142857142855,0.26544199712349137,0.25,0.43362514156516174,0.997155858930603,1.0,0.7079634420320092,0.8902476223128961,0.9997423932984772,0.977574927758921,instance,f_classif_top25
1,0.5666032839426447,0.6,0.5482758620689655,0.5238095238095238,0.5236764639088906,0.0,0.49455605635846334,0.9994311717861206,1.0,0.7042138176789461,0.8794846269220089,0.9914921146223621,-0.6749664417472173,instance,f_classif_top25
1,0.4360811939759308,0.0,0.1504424778761062,0.6666666666666666,0.24715493488087958,0.0,0.439527868162814,0.9948805460750854,1.0,0.7017489471994376,0.8776406197045031,0.9807973023837929,1.6074407955047785,instance,f_classif_top25
1,0.5666032839426447,0.4,0.5549738219895288,0.6190476190476191,0.6091214574960041,0.0,0.49830017155540385,0.9988623435722411,1.0,0.6992427291110016,0.8840014241446131,0.9970312081688203,-0.47499193930657707,instance,f_classif_top25
0,0.42673505061564765,0.6,0.5357142857142857,0.7619047619047619,0.44790632265273234,0.5,0.5157871077489251,1.0,1.0,0.7099060072211465,0.9064233992224103,0.9967621598415585,-0.017134587023721802,instance,f_classif_top25
1,0.16090169992609005,0.0,0.4642857142857143,0.7619047619047619,0.4492948868757417,0.0,0.44572258147425525,0.9914675767918089,1.0,0.7030970654276175,0.8833681118759692,0.999304084056006,0.22989827647472239,instance,f_classif_top25
1,0.17303130929791266,0.2,0.5549738219895288,0.47619047619047616,0.2163776357945077,0.0,0.4838226334707043,0.9982935153583617,1.0,0.7260336599522861,0.8798495525315292,0.9965199247084979,2.573886774780722,instance,f_classif_top25
1,0.16450216450216448,0.2,0.1504424778761062,0.42857142857142855,0.41592190284766073,0.0,0.46760895058870944,0.9977246871444824,1.0,0.7268536974471942,0.8729915777024236,0.9719583326871152,0.6437288390097824,instance,f_classif_top25
1,0.16090169992609005,0.0,0.1504424778761062,0.6666666666666666,0.3077089526833622,0.0,0.4395443079247787,0.997155858930603,1.0,0.7165900261229398,0.8525810706747897,0.992891638448252,0.8813275623497973,instance,f_classif_top25
1,0.5279820261437909,0.8,0.4642857142857143,0.42857142857142855,0.2550058699495705,0.5,0.47143663869077135,0.9994311717861206,0.96,0.6599967677176096,0.851593724920115,0.9766856669755941,0.7690442128379837,instance,f_classif_top25
1,0.06855256954266853,0.0,0.1504424778761062,0.6666666666666666,0.4399704110501337,0.0,0.45579995271952833,0.9954493742889647,1.0,0.7113599640714802,0.8972350133365572,0.9999258272090674,0.3423660932621073,instance,f_classif_top25
1,0.11599531116794548,0.0,0.21212121212121215,0.38095238095238093,0.21753449170406308,0.0,0.47547627641677903,0.9954493742889647,1.0,0.6892930269970572,0.8703250560905089,0.9842250160396613,2.0027924113036524,instance,f_classif_top25
1,0.1187558356676005,0.4,0.21656050955414008,0.6190476190476191,0.2228061253731956,0.6666666666666666,0.5268643851192668,1.0,1.0,0.7223053558799942,0.8585362246073199,0.983449998525585,2.39099600963215,instance,f_classif_top25
1,0.11843711843711846,0.6,0.6195244055068836,0.42857142857142855,0.5474024765547639,0.0,0.4743561609822936,0.9994311717861206,1.0,0.6734360397754056,0.8493925769142142,0.9760809192128364,-1.3760621816990528,instance,f_classif_top25
1,0.17756836659275688,0.4,0.4642857142857143,0.7619047619047619,0.33407240084187295,0.5,0.4775284366048901,0.9994311717861206,1.0,0.7152668494366263,0.8797868226845247,0.9900593716895479,0.7237794820188891,instance,f_classif_top25
1,0.6282282282282283,0.6,0.21656050955414008,0.6666666666666666,0.2729577845787855,0.3333333333333333,0.521453685187875,1.0,1.0,0.7168366206128445,0.8697973533956778,0.9891680469419205,0.9952531988154147,instance,f_classif_top25
1,0.10781499202551836,0.2,0.21656050955414008,0.8095238095238095,0.21323702504824638,0.0,0.47805895281904764,0.9988623435722411,1.0,0.7100446946755541,0.8688164007477894,0.9984902900123367,2.8396086597814763,instance,f_classif_top25
1,0.16090169992609005,0.0,0.1504424778761062,0.42857142857142855,0.3212792050363532,0.0,0.44712048750560496,0.9965870307167235,1.0,0.7155112875685519,0.8698405769881485,0.9977988144749884,0.5904330017412003,instance,f_classif_top25
1,0.13664678824861898,0.0,0.1504424778761062,0.42857142857142855,0.2233115568674745,0.0,0.44021562396224645,0.9954493742889647,1.0,0.7183762196867854,0.8787794584444815,0.9904681723741043,1.7301929770599775,instance,f_classif_top25
1,0.0942350332594235,0.0,0.4642857142857143,0.42857142857142855,0.23071273626755462,0.0,0.3249167757452739,0.9954493742889647,1.0,0.6914933583745634,0.8251362806350784,0.9645377655768448,1.315857890716877,instance,f_classif_top25
1,0.16637488328664796,0.0,0.2713178294573644,0.42857142857142855,0.27554171624132584,0.0,0.4725570775589486,0.9960182025028441,0.92,0.6607126828653974,0.8328347026477112,0.995487708040655,1.4588804408200913,instance,f_classif_top25
0,0.8148962148962149,0.8,0.4450261780104712,0.38095238095238093,0.7423643793705446,1.0,0.5121330231420798,1.0,1.0,0.6939577702954663,0.8757809404276061,0.9905882420077389,0.8159937476106848,instance,f_classif_top25
1,0.49722499722499724,0.8,0.6195244055068836,0.42857142857142855,0.6219779395290896,0.0,0.4428750082193902,0.9994311717861206,1.0,0.6969297307873668,0.8107686978170624,0.998608435095566,-1.7696347590446713,instance,f_classif_top25
1,0.09103177524230155,0.0,0.1504424778761062,0.6666666666666666,0.2122048153737605,0.0,0.40662534591138133,0.9908987485779295,1.0,0.7197489759855353,0.8363264627085754,0.9966432006455204,3.4586041028278958,instance,f_classif_top25
1,0.309727794469532,0.4,0.21656050955414008,0.6190476190476191,0.3944754265991278,0.0,0.45796998944818434,0.9988623435722411,1.0,0.706101109875016,0.9114953185393437,0.9991160314202577,0.772263733354834,instance,f_classif_top25
1,0.19574420677361848,0.2,0.1504424778761062,0.6666666666666666,0.21756864815239962,0.14285714285714285,0.48911878937714115,0.9988623435722411,1.0,0.7240131542043754,0.868415887581333,0.984072612739889,2.524430040982861,instance,f_classif_top25
1,0.10902876001885897,0.0,0.21212121212121215,0.38095238095238093,0.23754570834277422,0.0,0.42922522275915087,0.9960182025028441,1.0,0.7211108717310929,0.8918912604584175,0.9934169667372161,1.3439034762243038,instance,f_classif_top25
0,0.8315789473684211,1.0,0.7834394904458599,0.8095238095238095,0.7689361493631248,1.0,0.5391837581794798,1.0,1.0,0.6989837615963195,0.8580322130815261,0.9753527904615383,-1.5819832616223584,instance,f_classif_top25
1,0.10558960657970562,0.4,0.5549738219895288,0.5238095238095238,0.4398923082634474,0.25,0.5458549836141618,1.0,1.0,0.7394973545477306,0.8404052822737796,0.9913303569871329,-0.4814914560157786,instance,f_classif_top25
0,0.42673505061564765,0.4,0.5357142857142857,0.7619047619047619,0.47372336583753727,0.5,0.5200585092156302,1.0,1.0,0.6913857089414113,0.8827627798060479,0.973997392359893,1.1259574544427555,instance,f_classif_top25
1,0.27942476416650175,0.4,0.1504424778761062,0.7142857142857143,0.24924580013832498,0.0,0.49470475575305517,0.9988623435722411,1.0,0.6951507927802589,0.8897763149542627,0.9983532625652207,1.6586329170514615,instance,f_classif_top25
1,0.3559503890792234,0.6,0.5549738219895288,0.6190476190476191,0.5740489934098774,0.3333333333333333,0.4822953876881513,0.9988623435722411,1.0,0.7684259537916052,0.8856839812370805,0.9825400305327426,0.16038248920661202,instance,f_classif_top25
1,0.2746928746928746,0.0,0.1504424778761062,0.6666666666666666,0.21772777004597338,0.0,0.45119799443317754,0.9931740614334471,1.0,0.7420203358330678,0.8755221131039933,0.9721645407102395,2.5019914913006063,instance,f_classif_top25
1,0.3599547180835524,0.2,0.5549738219895288,0.6190476190476191,0.5477760539347227,0.0,0.45640398005696226,0.9988623435722411,1.0,0.7156979363558439,0.8688200263408619,0.9930056652835534,0.14444025479402112,instance,f_classif_top25
1,0.5967954796902166,0.2,0.4642857142857143,0.5238095238095238,0.243109594810681,0.0,0.4787300792782925,0.9982935153583617,1.0,0.6934913214570281,0.8495337868361417,0.9839138780172209,0.6687406265900226,instance,f_classif_top25
1,0.11599531116794548,0.0,0.1504424778761062,0.7142857142857143,0.29511002171057343,0.0,0.4155659092558345,0.9965870307167235,1.0,0.7338785706734329,0.9077439168267617,0.9997545687672591,1.6718122740733103,instance,f_classif_top25
1,0.5331427581427581,0.4,0.21212121212121215,0.38095238095238093,0.42038452141244376,0.0,0.49095874918062443,0.9982935153583617,1.0,0.7172001032042974,0.8925679541895738,0.9912380625502204,1.0683297037912536,instance,f_classif_top25
1,0.2854594163246693,0.2,0.4642857142857143,0.7142857142857143,0.22918938126553262,0.0,0.41057975424129256,0.9982935153583617,1.0,0.7162833961138407,0.8662987499330037,0.9547166647859859,1.3979222039996584,instance,f_classif_top25
1,0.40063688537862296,0.4,0.21656050955414008,0.6190476190476191,0.4277309769161556,0.5,0.5188224425159771,1.0,1.0,0.7088085773612283,0.8892537577522434,0.9952871177960579,0.788731243704471,instance,f_classif_top25
1,0.10781499202551836,0.0,0.5549738219895288,0.38095238095238093,0.2146351956729604,0.0,0.4296861744584034,0.9943117178612059,1.0,0.7208703440260262,0.8782406269896315,0.9934817207369151,2.813801797572418,instance,f_classif_top25
1,0.17016649677200135,0.2,0.6195244055068836,0.38095238095238093,0.5341526653413434,0.5,0.5382587742894507,1.0,1.0,0.6926717650786834,0.8721972336986262,0.9898113782367414,0.4483523015330042,instance,f_classif_top25
1,0.1187558356676005,0.0,0.21656050955414008,0.47619047619047616,0.2123200888285764,0.0,0.4602619352916122,0.9903299203640501,1.0,0.6736292591050966,0.834609896668069,0.9901160397598311,3.3458159804097867,instance,f_classif_top25
1,0.4893393393393394,0.6,0.5549738219895288,0.3333333333333333,0.30565616929358574,1.0,0.50180399877869,1.0,1.0,0.7106535102330429,0.8572250806342141,0.9672029721037363,0.31659313407644846,instance,f_classif_top25
1,0.5943810617204224,0.8,0.5482758620689655,0.47619047619047616,0.5288834545962814,1.0,0.5172157300559432,1.0,1.0,0.7136508445235503,0.8763126808091962,0.993054281848055,-0.47237416874281274,instance,f_classif_top25
1,0.4780268541462571,0.6,0.5549738219895288,0.38095238095238093,0.5551487037693555,1.0,0.5431740881101478,1.0,1.0,0.6976826806869857,0.8797229807401095,0.9952724930438583,-0.07699818881387031,instance,f_classif_top25
1,0.3553516819571866,0.2,0.4642857142857143,0.7619047619047619,0.4293641957631803,0.5,0.481698381129123,0.9982935153583617,1.0,0.7164406561561972,0.8831476878709507,0.9818512556410778,0.5934926511246579,instance,f_classif_top25
1,0.5732649493843525,0.4,0.4642857142857143,0.8095238095238095,0.42393063255741464,0.6,0.47804342553932133,0.9994311717861206,1.0,0.6899112682551045,0.8817130327691953,0.9954430294306713,-0.5676959226837598,instance,f_classif_top25
1,0.4841555172843516,0.6,0.5549738219895288,0.6190476190476191,0.303206777243206,0.0,0.498928946097455,0.9994311717861206,1.0,0.74880943739689,0.9095151985606068,0.977755319719437,1.0787771142133493,instance,f_classif_top25
1,0.39031186094069525,0.4,0.5549738219895288,0.42857142857142855,0.265993815542792,1.0,0.5254646539112111,1.0,1.0,0.7027310679937987,0.8606797304249718,0.9938877204163562,-0.8879892678865088,instance,f_classif_top25
1,0.13996706657257107,0.2,0.6195244055068836,0.5238095238095238,0.5790023406920748,0.0,0.4514493283494717,0.9994311717861206,1.0,0.6800388018159852,0.8527770704887656,0.996538191877841,0.7624430178363283,instance,f_classif_top25
1,0.4841555172843516,0.2,0.5549738219895288,0.38095238095238093,0.21940830982720588,1.0,0.513815781910665,1.0,1.0,0.7118049725844607,0.9191296016266943,0.9967628400442318,2.211289368741408,instance,f_classif_top25
1,0.36386232025505894,0.4,0.1504424778761062,0.42857142857142855,0.40355562241748133,0.5,0.5303167246384946,1.0,1.0,0.7291219249732299,0.8737989957877175,0.9766070207463368,0.996782707375912,instance,f_classif_top25
1,0.2746928746928746,0.0,0.21656050955414008,0.8095238095238095,0.23064074215723468,0.0,0.39102764073791907,0.9954493742889647,1.0,0.6948383271306448,0.8656344029558106,0.9857576513145498,1.5015751489460532,instance,f_classif_top25
1,0.2024782135076254,0.0,0.21656050955414008,0.6190476190476191,0.24130187400642872,0.0,0.4433264241820102,0.9937428896473265,1.0,0.7067677134306215,0.8927512883610988,0.9991028054929575,1.4199405185760976,instance,f_classif_top25
1,0.12201834862385319,0.4,0.1504424778761062,0.6666666666666666,0.36426787235021285,0.3333333333333333,0.39003002171570644,0.9988623435722411,1.0,0.7268558407272421,0.8973677220233148,0.9880023755313764,1.2654633542654958,instance,f_classif_top25
1,0.30575980392156854,0.4,0.5482758620689655,0.5238095238095238,0.4120628008020485,0.5,0.5357931618195746,1.0,1.0,0.68346754583174,0.8776168741459323,0.9987644154122707,-1.2704999686423757,instance,f_classif_top25
0,0.591973791973792,1.0,0.7878787878787878,0.2857142857142857,0.74142797909614,1.0,0.5353475290661232,1.0,1.0,0.7146260322022333,0.8586775992143374,0.9939440933069001,-1.3532107216361178,instance,f_classif_top25
1,0.4208521539809883,0.4,0.5482758620689655,0.38095238095238093,0.49462241903097537,0.5,0.5586775395695014,1.0,1.0,0.6864058485800585,0.8831252296999057,0.9971201209478416,0.2711171320060437,instance,f_classif_top25
1,0.045454545454545414,0.2,0.28735632183908044,0.23809523809523808,0.21679836758432386,0.0,0.46799243948358715,0.9982935153583617,0.96,0.6218216042403313,0.8309049437060573,0.9426854063780649,0.681579514422074,instance,f_classif_top25
1,0.12132352941176483,0.0,0.1504424778761062,0.42857142857142855,0.21238464242195454,0.0,0.3605726807171161,0.997155858930603,1.0,0.7174479625800054,0.8482065586949779,0.9990375739769254,4.425385980444156,instance,f_classif_top25
1,0.08700980392156854,0.2,0.1504424778761062,0.42857142857142855,0.2121940130852022,0.0,0.3515602929870898,0.9977246871444824,0.96,0.6666666666666666,0.8415073267894253,0.9958095225503467,4.29315909352961,instance,f_classif_top25
1,0.5943810617204224,1.0,0.1504424778761062,0.5714285714285714,0.4481037569790324,1.0,0.5736980676211493,1.0,1.0,0.6956328965917854,0.9072129079421483,0.9901024989298302,0.4148436883713504,instance,f_classif_top25
1,0.5963303794592139,0.6,0.6195244055068836,0.6190476190476191,0.6114142071893481,0.0,0.4876027336958574,0.9994311717861206,1.0,0.6730649396285432,0.8806868126356662,0.9903298092148064,-0.2660065749185239,instance,f_classif_top25
1,0.22646040134256962,0.0,0.5549738219895288,0.47619047619047616,0.27919045876026216,0.0,0.4634790924047181,0.997155858930603,1.0,0.7361217208972989,0.890272792241982,0.9662033504046649,0.5610631211329731,instance,f_classif_top25
1,0.32990386076911393,0.2,0.5482758620689655,0.38095238095238093,0.2155897452254969,0.0,0.45907795570045806,0.9982935153583617,1.0,0.6938004796722139,0.8288144557776582,0.9610092377200612,2.0738731941197637,instance,f_classif_top25
0,0.2463235294117646,1.0,0.8495575221238938,0.47619047619047616,0.7878225068654073,1.0,0.5354389551013223,1.0,0.92,0.566183531540837,0.8246240585643301,0.9967697405695412,-4.0843250510560365,instance,f_classif_top25
1,0.4039779348431879,0.4,0.4642857142857143,0.8095238095238095,0.22434677608667553,0.0,0.49359355499436064,0.9994311717861206,1.0,0.6953948973680135,0.8853422108137085,0.9784777549743384,1.5221521309231145,instance,f_classif_top25
1,0.09103177524230155,0.0,0.1504424778761062,0.6666666666666666,0.21880941364582285,0.0,0.43342405088797864,0.997155858930603,1.0,0.720735081904611,0.8405254958139661,0.9601774304306253,2.5200818324305496,instance,f_classif_top25
0,0.7071331762679232,0.8,0.7834394904458599,0.47619047619047616,0.5412309178193011,1.0,0.5173255186738346,1.0,1.0,0.7247150631984797,0.8959403842206727,0.9845596473410446,-0.24972097641252408,instance,f_classif_top25
1,0.5204517704517706,0.8,0.19444444444444442,0.2857142857142857,0.6064143721631731,0.6666666666666666,0.5254278597227857,1.0,1.0,0.7005459576438456,0.8645892570373773,0.9867670483153728,-1.58925110319033,instance,f_classif_top25
1,0.10781499202551836,0.2,0.1504424778761062,0.42857142857142855,0.2124701091238525,0.0,0.4526289374734014,0.9977246871444824,1.0,0.6989737107992171,0.8682203235341066,0.9958560268158909,2.5591647879871395,instance,f_classif_top25
0,0.6057198850910508,0.6,0.7834394904458599,0.5238095238095238,0.7640536822363777,0.0,0.49349917741936977,0.9991935483870967,1.0,0.7126409587079389,0.890079733906224,0.9952193442095182,-1.2272261684760994,instance,f_classif_top25
1,0.08700980392156854,0.0,0.1504424778761062,0.6666666666666666,0.21227997497435586,0.0,0.45317226002580513,0.9937428896473265,1.0,0.7267446140399574,0.8735602494101271,0.9993214058900215,3.562294954515468,instance,f_classif_top25
1,0.11021923620933516,0.2,0.21212121212121215,0.42857142857142855,0.24510678335279673,1.0,0.5275739665689285,1.0,1.0,0.7196460880748075,0.8259883100820781,0.9508800630605152,-0.04563321801718944,instance,f_classif_top25
1,0.36459096459096463,0.6,0.1504424778761062,0.5714285714285714,0.4875061457952028,0.5,0.49846675471761803,0.9994311717861206,1.0,0.7147002558620063,0.8921149109942681,0.9990407873246914,0.6944740666450814,instance,f_classif_top25
1,0.30575980392156854,0.2,0.2713178294573644,0.42857142857142855,0.2293734079308093,0.0,0.4636679043544054,0.9988623435722411,1.0,0.7196127324700518,0.8666224623072811,0.9909007238120334,2.260635580689043,instance,f_classif_top25
1,0.5664760914760913,0.4,0.5482758620689655,0.6190476190476191,0.4619804532713744,0.6,0.5296120932245867,1.0,1.0,0.721684234651126,0.9001851702633425,0.982343346341963,0.2238722136079452,instance,f_classif_top25
1,0.5732649493843525,0.4,0.5482758620689655,0.38095238095238093,0.5558407971488039,0.5,0.49096025117732156,0.9994311717861206,1.0,0.7060126229540329,0.8639802312893308,0.9961228819828766,-1.1980367939129835,instance,f_classif_top25
0,0.7071331762679232,1.0,0.5357142857142857,0.6666666666666666,0.7279014402601222,0.6666666666666666,0.6040893155202284,1.0,1.0,0.6951081272307319,0.8894392144732565,0.988311525368255,-0.9908042649711333,instance,f_classif_top25
1,0.6938018122228649,0.8,0.6195244055068836,0.8095238095238095,0.5505380771122419,1.0,0.5713294181392691,1.0,1.0,0.7011252603604959,0.8606191808546833,0.9873101206325878,1.1462104394006025,instance,f_classif_top25
0,0.5301967970679626,0.0,0.4517241379310345,0.42857142857142855,0.39956389093468647,0.25,0.4334589891118844,0.9959677419354839,1.0,0.7005873427693453,0.9041764133089756,0.9942871589619964,0.550239950832485,instance,f_classif_top25
1,0.29286682373207673,0.2,0.21656050955414008,0.8095238095238095,0.24232056357911602,1.0,0.5054931954893951,1.0,1.0,0.7006605589681225,0.8655350142279857,0.9993039694322443,0.6867478913483893,instance,f_classif_top25
1,0.2746928746928746,0.0,0.2713178294573644,0.47619047619047616,0.2465269312838982,0.0,0.40711895406361176,0.9954493742889647,1.0,0.6990811463265304,0.8573337376144525,0.9933088891787303,0.637550216978711,instance,f_classif_top25
1,0.13996706657257107,0.4,0.5549738219895288,0.19047619047619047,0.587060583225985,0.0,0.47480182855146413,0.9994311717861206,1.0,0.7196403408667207,0.8365700332928635,0.9933889795853575,-1.164357994081357,instance,f_classif_top25
1,0.16450216450216448,0.2,0.28735632183908044,0.47619047619047616,0.4947629374858299,0.3333333333333333,0.4617940504036867,0.9994311717861206,1.0,0.7027498285157792,0.8706401792858959,0.9904458219077855,0.45499435241283553,instance,f_classif_top25
1,0.5201465201465201,0.6,0.5549738219895288,0.6190476190476191,0.31170090160014385,1.0,0.5308499913820102,1.0,1.0,0.6970107261571691,0.8958175552878583,0.9936519272785543,1.4464409500104667,instance,f_classif_top25
1,0.6448724027671395,0.4,0.4642857142857143,0.7142857142857143,0.3386774790543482,0.0,0.4753494980399283,0.9988623435722411,1.0,0.7034103711811903,0.87791715888141,0.9909008003812142,0.26484940906950666,instance,f_classif_top25
1,0.4841555172843516,0.4,0.5549738219895288,0.19047619047619047,0.49018933456097946,0.0,0.4913784375383876,0.9994311717861206,1.0,0.696976124141015,0.8669829396440127,0.9770155809316128,0.043363002702991066,instance,f_classif_top25
1,0.2702020202020202,0.4,0.19444444444444442,0.2857142857142857,0.4488569240737723,0.0,0.4915230514835408,0.9994311717861206,1.0,0.6874112674987949,0.8528918713279756,0.9975811941043815,-1.3778184612199649,instance,f_classif_top25
1,0.29286682373207673,0.2,0.21656050955414008,0.42857142857142855,0.2763152609789068,0.25,0.5456220285967268,1.0,1.0,0.735659189584941,0.8866908361939302,0.9898619634727482,1.3594319335895582,instance,f_classif_top25
1,0.3450006715014773,0.4,0.21656050955414008,0.5238095238095238,0.32113862457554665,1.0,0.5040423665735643,1.0,1.0,0.7162942796472201,0.8474814425809511,0.9838568222852186,0.4976279715945354,instance,f_classif_top25
1,0.4645909645909646,0.2,0.5549738219895288,0.38095238095238093,0.46731688803119253,0.25,0.4678913944845471,0.9977246871444824,1.0,0.705478021146226,0.9104668049365547,0.9996800817469956,1.0533490316275032,instance,f_classif_top25
1,0.06140971239981141,0.4,0.2713178294573644,0.38095238095238093,0.23149844382454365,0.0,0.41043955610391514,0.9994311717861206,1.0,0.7233718612420035,0.8527555700909109,0.9922514882930473,0.35242228297728717,instance,f_classif_top25
1,0.1421568627450981,0.4,0.1504424778761062,0.5714285714285714,0.3987690468769901,0.0,0.48838903871335626,0.9988623435722411,1.0,0.7534468965521065,0.9220355082214167,0.9986063661836133,1.4184347585280384,instance,f_classif_top25
1,0.12132352941176483,0.0,0.1504424778761062,0.6666666666666666,0.21667532100714182,0.0,0.4376666969320735,0.9965870307167235,1.0,0.7313723091607544,0.8722362854055936,0.9987167965789032,2.5118882244869605,instance,f_classif_top25
1,0.13996706657257107,0.4,0.28735632183908044,0.47619047619047616,0.2192312178237647,0.0,0.4958012262795588,0.9994311717861206,1.0,0.6746159494012716,0.8426089413695239,0.9840841982872817,2.394827538185646,instance,f_classif_top25
1,0.5256459017653048,0.4,0.5549738219895288,0.47619047619047616,0.5708753449239733,0.5,0.5195766406268163,1.0,1.0,0.7239133998389868,0.9069743486418173,0.9996069267168972,-0.39545772325981554,instance,f_classif_top25
1,0.0942350332594235,0.0,0.6195244055068836,0.38095238095238093,0.5935892471833757,0.0,0.3829228789061473,0.9954493742889647,1.0,0.7088621672066306,0.8637008044616992,0.9898869766991618,-1.066124119532342,instance,f_classif_top25
1,0.16450216450216448,0.4,0.28735632183908044,0.47619047619047616,0.405647278115319,1.0,0.5217552685829459,1.0,1.0,0.6863387013018759,0.8830932753193288,0.9979783956859549,0.8006985715114998,instance,f_classif_top25
1,0.17553567713750784,0.0,0.4642857142857143,0.42857142857142855,0.2215179357012439,0.3333333333333333,0.4373762115863724,0.9960182025028441,1.0,0.7091999574306759,0.875300617827087,0.9996901963823914,0.8967986454870125,instance,f_classif_top25
1,0.3514604013425695,0.2,0.2713178294573644,0.42857142857142855,0.2970416866145067,0.0,0.45176349129739213,0.9988623435722411,1.0,0.7124642585269616,0.8857104121448762,0.9914882787324041,1.6474052573306646,instance,f_classif_top25
1,0.16337054758107394,0.2,0.5549738219895288,0.38095238095238093,0.22428393561954962,0.3333333333333333,0.5020795278047407,1.0,1.0,0.6936280267261866,0.860183962286865,0.9786844003294276,1.2277666130952476,instance,f_classif_top25
1,0.4645909645909646,0.4,0.5549738219895288,0.47619047619047616,0.4208760008010791,0.5,0.5367843894158544,1.0,1.0,0.7132533000333281,0.9107651432820082,0.995361212872173,1.1592562435205767,instance,f_classif_top25
1,0.06140971239981141,0.0,0.1504424778761062,0.7619047619047619,0.2519937180386096,0.0,0.41530301551629756,0.9943117178612059,1.0,0.703504932084115,0.8738652442369664,0.9934820324976779,1.5950285315226627,instance,f_classif_top25
1,0.4777143950537557,0.4,0.21656050955414008,0.6190476190476191,0.47167634602111785,0.4,0.47522132903782965,0.9988623435722411,1.0,0.7205475104017595,0.9092685891686837,0.9973516208109285,0.5059096825180684,instance,f_classif_top25
1,0.5770024072655651,0.6,0.5549738219895288,0.42857142857142855,0.4658990144942604,0.5,0.5219841009947503,1.0,1.0,0.7109338424508972,0.9095568939019049,0.9969669727978033,0.6433305023131992,instance,f_classif_top25
1,0.49777523090406517,0.4,0.5482758620689655,0.38095238095238093,0.5609889904144552,1.0,0.5083808864343682,1.0,1.0,0.7109603235302789,0.9162206483391553,0.9967146061705665,0.21510409368382746,instance,f_classif_top25
1,0.2987745098039216,0.6,0.5549738219895288,0.42857142857142855,0.32322087674778655,0.6666666666666666,0.5233647098657461,1.0,1.0,0.7459842793412139,0.8934465049781251,0.9908790159485682,1.1923603956700448,instance,f_classif_top25
1,0.16842105263157892,0.4,0.28735632183908044,0.47619047619047616,0.21674715001152867,1.0,0.520574511240443,1.0,1.0,0.714079239396444,0.8694426949597607,0.9952615324814644,2.1752841061630908,instance,f_classif_top25
1,0.06855256954266853,0.0,0.1504424778761062,0.7142857142857143,0.3416760990219614,0.0,0.3930480246242539,0.9926052332195677,1.0,0.700932431123519,0.8772353147661317,0.9890464581870465,0.873999763757678,instance,f_classif_top25
1,0.16337054758107394,0.2,0.1504424778761062,0.6666666666666666,0.23023498895360417,0.0,0.45424875137224563,0.9977246871444824,1.0,0.7197009277933026,0.8859749731557401,0.9953829220300598,1.5033115642992017,instance,f_classif_top25
1,0.16637488328664796,0.2,0.21656050955414008,0.6666666666666666,0.22543677140595497,0.25,0.4780920451105648,0.9994311717861206,1.0,0.7077552166685521,0.86507033978125,0.9944738958860077,2.2572483912722463,instance,f_classif_top25
1,0.4923688229660117,0.2,0.28735632183908044,0.23809523809523808,0.2897019736889078,0.0,0.4381187696833031,0.9982935153583617,1.0,0.6953290288280409,0.855393503447091,0.9984676736747989,1.209043706564148,instance,f_classif_top25
1,0.29286682373207673,0.8,0.5482758620689655,0.38095238095238093,0.29883213944792286,1.0,0.5297104508286015,1.0,1.0,0.6764679103263572,0.8314375945189475,0.9878729410863233,-0.31763376877962274,instance,f_classif_top25
1,0.2606792717086833,0.2,0.21212121212121215,0.38095238095238093,0.22286408316594353,0.0,0.45374047718949206,0.9988623435722411,1.0,0.7282339853439294,0.8819029169300248,0.9885131183528221,2.5546124514710447,instance,f_classif_top25
1,0.6880311355311355,0.8,0.6195244055068836,0.6190476190476191,0.6172734143229996,1.0,0.5196093002163746,1.0,1.0,0.6901052148870498,0.8821641797355011,0.9991621351123751,-0.7943497934162348,instance,f_classif_top25
1,0.6805079305079305,1.0,0.6195244055068836,0.7142857142857143,0.6099420288779331,1.0,0.5357804856444413,1.0,1.0,0.6903745592410945,0.8790146390971586,0.9944203169151662,-0.9966279128706907,instance,f_classif_top25
1,0.6255311355311355,0.6,0.6195244055068836,0.7142857142857143,0.6170373035999082,1.0,0.5378758744677434,1.0,1.0,0.7212222137267027,0.8884665417666683,0.9969487291701536,-0.939198440177844,instance,f_classif_top25
1,0.06140971239981141,0.0,0.2713178294573644,0.5238095238095238,0.24056267743039633,0.0,0.4537919651290765,0.9960182025028441,1.0,0.6912030752046875,0.8529583965577798,0.9515494252800277,-0.22934713128398462,instance,f_classif_top25
1,0.5586667760061366,0.4,0.5482758620689655,0.47619047619047616,0.5991305322069541,0.6,0.4356917160147007,0.9988623435722411,1.0,0.714517349465899,0.9078821937677111,0.992213200267387,-0.7004966909531207,instance,f_classif_top25
0,0.3717717717717718,0.6,0.4450261780104712,0.47619047619047616,0.7640526371038723,0.5,0.49703173079706175,0.9991935483870967,1.0,0.7082347831524044,0.8417602396978946,0.9709565197037183,-0.8056335761443539,instance,f_classif_top25
1,0.4130591630591631,0.8,0.2713178294573644,0.5714285714285714,0.4915640830059663,1.0,0.5096141900351734,1.0,1.0,0.7132536800686214,0.9218478533731401,0.9941340355025101,-0.29446702512667217,instance,f_classif_top25
1,0.06140971239981141,0.4,0.5549738219895288,0.5238095238095238,0.24322553814334852,0.5,0.5271893221516861,1.0,1.0,0.7498716321391943,0.8722261499500642,0.9916535732655367,1.16655072232081,instance,f_classif_top25
1,0.5967954796902166,0.2,0.5482758620689655,0.6190476190476191,0.4877208978717361,0.0,0.4137550508154557,0.9982935153583617,1.0,0.7358502999953932,0.8761064514816678,0.9799471220021835,-0.3907978161746659,instance,f_classif_top25
1,0.10781499202551836,0.2,0.21656050955414008,0.5238095238095238,0.21303432730379812,0.0,0.4656098602042432,0.9988623435722411,1.0,0.6951663928149228,0.8610120676703167,0.9852863860985271,1.8789923899492411,instance,f_classif_top25
1,0.582788758908162,0.6,0.6195244055068836,0.5238095238095238,0.5184446769321797,0.0,0.4740708385626764,0.9988623435722411,1.0,0.7084832989611723,0.8839502257243363,0.9924078599384931,-0.1176884131669856,instance,f_classif_top25
1,0.6442538692538693,0.6,0.5549738219895288,0.47619047619047616,0.46973361288989013,1.0,0.5153871555394348,1.0,1.0,0.7270785272354418,0.8687652847071576,0.9928293406643581,0.27808147109427755,instance,f_classif_top25
1,0.4645909645909646,0.4,0.5549738219895288,0.6190476190476191,0.5349376277095201,0.0,0.45395217769770313,0.9988623435722411,1.0,0.7178751475176177,0.8843077946159483,0.9974335209496512,0.6052714547963899,instance,f_classif_top25
1,0.41104772838708914,0.2,0.21656050955414008,0.8095238095238095,0.5124489043236324,0.14285714285714285,0.489408805350086,0.9994311717861206,1.0,0.7179288680446706,0.9031209800327517,0.996635149518741,-0.27303844451226206,instance,f_classif_top25
1,0.045454545454545414,0.0,0.28735632183908044,0.47619047619047616,0.21500369597550606,0.0,0.41155162909269905,0.997155858930603,0.96,0.6619401140567677,0.821189020948012,0.994905797712702,0.7371819160249138,instance,f_classif_top25
1,0.39792429792429795,0.4,0.6195244055068836,0.6190476190476191,0.32748992442898783,0.0,0.4929376711374043,0.9994311717861206,1.0,0.6995140518631254,0.8591868347458664,0.9699887006692253,0.27155158601892515,instance,f_classif_top25
1,0.20102010201020104,0.2,0.5549738219895288,0.47619047619047616,0.27858229840940846,0.0,0.4905344054387858,0.9988623435722411,1.0,0.6832931017410875,0.8832178080912808,0.9972607973013926,0.7347124796354482,instance,f_classif_top25
1,0.21998012158195224,0.2,0.5549738219895288,0.47619047619047616,0.2367720221637915,0.0,0.454845726105375,0.9982935153583617,1.0,0.7050533616684154,0.9146021094657015,0.9987832560411226,1.5920240099113039,instance,f_classif_top25
1,0.3737745098039216,0.8,0.4642857142857143,0.7619047619047619,0.44789590445194316,1.0,0.5564619795489448,1.0,1.0,0.705614839438361,0.9062480109743538,0.9998029905090505,0.0024117783779472055,instance,f_classif_top25
1,0.11599531116794548,0.4,0.21212121212121215,0.38095238095238093,0.2704207058394831,0.0,0.48999328731069736,0.9994311717861206,1.0,0.7050033941252277,0.8905025184746584,0.9884326934126978,1.2068998576576464,instance,f_classif_top25
1,0.12201834862385319,0.2,0.21656050955414008,0.8095238095238095,0.2321030694811324,0.0,0.4754313052580157,0.9988623435722411,1.0,0.7130924415385916,0.877668692426343,0.9829712532471813,1.154912328092118,instance,f_classif_top25
1,0.5770024072655651,0.4,0.21656050955414008,0.6190476190476191,0.319428914157624,0.5,0.4612437885707207,0.9988623435722411,1.0,0.6823350999440875,0.9123003181084546,0.9933464789674408,0.6307016555488049,instance,f_classif_top25
1,0.31358932461873634,0.0,0.5549738219895288,0.42857142857142855,0.3022519994646191,0.0,0.46216724362982786,0.9965870307167235,1.0,0.7117465085916744,0.9160485263366117,0.9974195546078998,1.6712912330160679,instance,f_classif_top25
1,0.2971956535883922,0.8,0.4642857142857143,0.7619047619047619,0.5848430641939104,0.4,0.5322225349935072,1.0,1.0,0.6891902743582691,0.8866432807240031,0.9852477094756465,-0.37202168149369,instance,f_classif_top25
1,0.29286682373207673,0.2,0.21656050955414008,0.8095238095238095,0.25572011466844524,1.0,0.5498276081799562,1.0,1.0,0.6996034612330921,0.8908207554582386,0.9943679649909644,1.214627189825743,instance,f_classif_top25
1,0.5256459017653048,0.2,0.5482758620689655,0.3333333333333333,0.535065536367449,0.5,0.4692507948609326,0.9994311717861206,1.0,0.731952184531693,0.8940308923024537,0.9919676920236681,-1.0324989779396545,instance,f_classif_top25
1,0.5331427581427581,0.4,0.2713178294573644,0.5238095238095238,0.4270314035177748,0.0,0.47325122686669396,0.9982935153583617,1.0,0.7197472657750587,0.8822728362027858,0.9903717145801196,0.5068983426692779,instance,f_classif_top25
0,0.5001905751905751,0.6,0.4450261780104712,0.5238095238095238,0.7845466016330469,0.5,0.48910042021795597,0.9991935483870967,1.0,0.686943481859592,0.9018474273576946,0.9972628318282463,-1.9744235200247306,instance,f_classif_top25
1,0.2746928746928746,0.0,0.2713178294573644,0.5238095238095238,0.21220768147658536,0.0,0.46276454353789565,0.9965870307167235,1.0,0.7215809178430508,0.8327039341748329,0.9816711348023134,3.0522637155808265,instance,f_classif_top25
1,0.5333217833217834,0.4,0.5549738219895288,0.5238095238095238,0.3973622636783506,0.0,0.4704694540896285,0.9982935153583617,1.0,0.7042247578290108,0.8905216185770716,0.9900957333032514,0.3956480359677409,instance,f_classif_top25
1,0.4009978991596638,0.4,0.5482758620689655,0.38095238095238093,0.2391427400036602,0.5,0.5061704277553183,1.0,1.0,0.7378343600825944,0.8485198701390653,0.9607088561848802,1.7752042604152392,instance,f_classif_top25
1,0.10886901047084108,0.2,0.21212121212121215,0.38095238095238093,0.31358247637169967,0.5,0.4881000153916588,0.9994311717861206,1.0,0.702621841538842,0.8710579196804927,0.9870257394659667,1.3443877322436055,instance,f_classif_top25
1,0.2741702741702742,0.0,0.19444444444444442,0.2857142857142857,0.2261392086982929,0.0,0.45811263449879136,0.997155858930603,1.0,0.7033399683454509,0.8660922431309167,0.9963743979362082,-0.045651405204163456,instance,f_classif_top25
1,0.10781499202551836,0.2,0.21656050955414008,0.5714285714285714,0.21212737849851748,0.0,0.4788601238385608,0.9994311717861206,1.0,0.7050434311374026,0.8651295698507612,0.9907627203871179,2.609290608193235,instance,f_classif_top25
0,0.7869397759103641,1.0,0.7286821705426356,0.3333333333333333,0.7344587744705411,1.0,0.5360905709837949,1.0,1.0,0.7043840058444609,0.8794995876633219,0.9944219432487864,-1.111287889567482,instance,f_classif_top25
1,0.421005177397916,0.0,0.1504424778761062,0.6666666666666666,0.42532116443529866,0.0,0.46096584573009647,0.997155858930603,1.0,0.7129304332768935,0.89101822033577,0.9880539857465234,1.3638211979955175,instance,f_classif_top25
1,0.10902876001885897,0.4,0.5549738219895288,0.6190476190476191,0.2897444234234622,0.0,0.44588081520627754,0.9994311717861206,1.0,0.7399048378663107,0.8926562340628196,0.9970777411614103,1.3265364763374534,instance,f_classif_top25
1,0.5161220922414953,0.4,0.4642857142857143,0.42857142857142855,0.30944723741274804,1.0,0.5243744579021505,1.0,1.0,0.6840300853725384,0.8661396724143063,0.997749683041343,-1.6109885179655514,instance,f_classif_top25
1,0.21693121693121686,0.0,0.1504424778761062,0.42857142857142855,0.213722006319784,0.0,0.43878473555233943,0.9931740614334471,1.0,0.7130301272060885,0.8766262519643432,0.998365208451496,1.7940529403789913,instance,f_classif_top25
0,0.3609068627450981,0.8,0.4450261780104712,0.42857142857142855,0.583902487511633,0.0,0.49383380862475323,0.9991935483870967,1.0,0.6906244144131606,0.8282073609878879,0.983309683465478,-0.7041959924669264,instance,f_classif_top25
1,0.17016649677200135,0.2,0.28735632183908044,0.47619047619047616,0.3403678810479732,0.3333333333333333,0.5111236608458404,1.0,1.0,0.6896894173895065,0.8603852649350394,0.9902516472258972,1.47842844359927,instance,f_classif_top25
1,0.5862318362318362,0.0,0.1504424778761062,0.6666666666666666,0.4990875599990209,0.0,0.47571378977913314,0.997155858930603,1.0,0.6983983595896773,0.880435202777811,0.9880470749166043,0.18189631284786317,instance,f_classif_top25
1,0.5451802583381531,0.8,0.6195244055068836,0.47619047619047616,0.4411428941709641,1.0,0.5217585201109417,1.0,1.0,0.7009010128632117,0.8943417257464686,0.9976136595965847,-0.2410395978523919,instance,f_classif_top25
1,0.25635026737967914,0.0,0.21656050955414008,0.8095238095238095,0.22730582050718456,0.0,0.4770474623377874,0.9960182025028441,1.0,0.7188562245642739,0.8855328294461222,0.9984585389148858,2.0786257369545105,instance,f_classif_top25
1,0.5781726113014456,0.2,0.6195244055068836,0.42857142857142855,0.6122809139907772,1.0,0.5683338517518631,1.0,1.0,0.6932686481250914,0.8305416643129085,0.9808018784309581,-1.3278221125461158,instance,f_classif_top25
1,0.2407407407407408,0.0,0.1504424778761062,0.47619047619047616,0.21210701102820773,0.0,0.44766593260784193,0.997155858930603,1.0,0.6746812076902003,0.8633373103399693,0.996372217498594,3.720771315769436,instance,f_classif_top25
1,0.16090169992609005,0.0,0.1504424778761062,0.42857142857142855,0.21605460915272523,0.0,0.438441231980487,0.9943117178612059,1.0,0.683609920224898,0.8651762738567059,0.9771919432867993,2.0593965244362074,instance,f_classif_top25
1,0.185103785103785,0.0,0.5549738219895288,0.6190476190476191,0.4965058614581196,0.0,0.3752320610729447,0.9903299203640501,1.0,0.6805987392920673,0.8523691657420636,0.9845140938945209,-1.4261173802592986,instance,f_classif_top25
1,0.045454545454545414,0.2,0.28735632183908044,0.5238095238095238,0.2636463458338182,0.0,0.4529499850887271,0.9977246871444824,1.0,0.7168555421421778,0.8418721351783455,0.9792054684385314,0.6964361170388287,instance,f_classif_top25
0,0.44787391700866397,1.0,0.8495575221238938,0.2857142857142857,0.7877898913708679,1.0,0.5648041525622927,1.0,0.96,0.6666666666666666,0.8187957996036134,0.9946735881018689,-3.768419090291906,instance,f_classif_top25
0,0.6446483180428135,0.6,0.7834394904458599,0.5714285714285714,0.7660204936697799,1.0,0.5494016179530115,1.0,1.0,0.7306562326862941,0.8680197688963807,0.9935879739999591,-1.0485885632141319,instance,f_classif_top25
1,0.4460914308331684,0.2,0.1504424778761062,0.42857142857142855,0.43724506764492865,0.25,0.4999899244255137,0.9994311717861206,1.0,0.7059891225732212,0.9127266723426419,0.998247624851428,0.9143409648782794,instance,f_classif_top25
1,0.2976872468397892,0.2,0.21656050955414008,0.5238095238095238,0.34297195196957614,0.0,0.4954200201190496,0.9994311717861206,1.0,0.7281697148716076,0.9054157700463857,0.9991412490130261,1.792962619686738,instance,f_classif_top25
0,0.4656465646564657,0.6,0.4450261780104712,0.47619047619047616,0.7879174064230631,0.0,0.4659949708379877,0.9983870967741936,0.96,0.6666666666666666,0.8581289380235627,0.9942788954291428,-1.8036794936673073,instance,f_classif_top25
1,0.06140971239981141,0.6,0.2713178294573644,0.38095238095238093,0.22102256674902082,0.5,0.4409096324513456,0.9994311717861206,1.0,0.7033638354563978,0.861155426479232,0.9881580427533889,0.8171471411827121,instance,f_classif_top25
1,0.11021923620933516,0.2,0.21656050955414008,0.38095238095238093,0.28929254474757193,0.3333333333333333,0.5059804498413685,1.0,1.0,0.6897303968138282,0.8303127622494053,0.9809296551930881,-0.4209283073078976,instance,f_classif_top25
1,0.20663373323923784,0.6,0.2713178294573644,0.5238095238095238,0.5026327821900299,0.5,0.524024618323252,1.0,1.0,0.6967266446050329,0.8683041083510689,0.9877264097237818,0.42297387881822285,instance,f_classif_top25
1,0.1654411764705882,0.0,0.1504424778761062,0.42857142857142855,0.21268062889927314,0.0,0.4654097874709203,0.9948805460750854,1.0,0.6992298153217094,0.8423822656768106,0.953465771625832,2.4075563039008196,instance,f_classif_top25
1,0.2847002338527762,0.4,0.1504424778761062,0.7142857142857143,0.5255784541742831,1.0,0.5150497968219372,1.0,1.0,0.7335065738173183,0.8935733507908491,0.9997701942724067,-0.2165144201246298,instance,f_classif_top25
1,0.12201834862385319,0.0,0.21656050955414008,0.8095238095238095,0.2800586402539701,0.0,0.44853425007325487,0.9943117178612059,1.0,0.7075995344383246,0.8737492540395239,0.9999688579304647,1.07920291140683,instance,f_classif_top25
1,0.2531172531172531,0.6,0.2713178294573644,0.47619047619047616,0.32768261020028167,0.0,0.47979612839497865,0.9994311717861206,1.0,0.7118798383590901,0.9009155515497992,0.9969685499601983,0.2143542801871829,instance,f_classif_top25
1,0.5161220922414953,0.0,0.5549738219895288,0.5238095238095238,0.4576700649240788,0.0,0.4554235058387387,0.9960182025028441,1.0,0.7183203451320987,0.8822914302124429,0.9951084415851977,-0.9838507386724152,instance,f_classif_top25
0,0.8390983000739098,1.0,0.7878787878787878,0.42857142857142855,0.6520059067453811,1.0,0.5646445345037454,1.0,1.0,0.6990653579408994,0.8625703325916859,0.9946683813037648,-1.3803982182339927,instance,f_classif_top25
1,0.179043179043179,1.0,0.6195244055068836,0.8095238095238095,0.2862891015338467,1.0,0.5261699823387496,1.0,1.0,0.6815169973871998,0.8542736399425159,0.9996772060585876,0.9170578741599189,instance,f_classif_top25
1,0.1517704517704518,0.4,0.6195244055068836,0.5714285714285714,0.37412846872969974,0.25,0.4347391025988879,0.9988623435722411,1.0,0.6842156712844092,0.8648157565513273,0.9930304807894479,-0.8392861449800001,instance,f_classif_top25
1,0.5732649493843525,0.6,0.5549738219895288,0.47619047619047616,0.5994812293297348,0.5,0.4858657661314538,0.9994311717861206,1.0,0.7167202895405757,0.8940265491809143,0.9996192244025124,-0.8004990057576122,instance,f_classif_top25
1,0.4857027357027358,0.2,0.6195244055068836,0.6190476190476191,0.5865853335256556,0.0,0.4643433837872035,0.9977246871444824,1.0,0.6826472362462165,0.8527056069649294,0.9944536695287705,-1.1330060444544205,instance,f_classif_top25
1,0.4837837837837837,0.2,0.5482758620689655,0.6190476190476191,0.2176591253087456,0.0,0.4691988816598087,0.9977246871444824,1.0,0.6882597803185225,0.8711263567921231,0.9869129362019343,1.4874936481844783,instance,f_classif_top25
0,0.8390983000739098,0.8,0.8495575221238938,0.47619047619047616,0.5740641960776562,0.6666666666666666,0.4765121225061614,0.9991935483870967,1.0,0.6895331592887227,0.8571585476926171,0.9904445763620469,-0.9996947643319618,instance,f_classif_top25
1,0.2702020202020202,0.2,0.5482758620689655,0.38095238095238093,0.2142129674095652,0.0,0.3791168088414235,0.9988623435722411,1.0,0.7108156037528639,0.8682226229247363,0.9972072480862746,0.42547019217348403,instance,f_classif_top25
1,0.13312945973496426,0.4,0.6195244055068836,0.6190476190476191,0.42092301886644845,0.0,0.45887496325243127,0.9988623435722411,1.0,0.7190698607912704,0.8846220489403028,0.9941095552272056,1.7606878835474833,instance,f_classif_top25
0,0.7810738968633706,1.0,0.4450261780104712,0.6190476190476191,0.7874395553868234,1.0,0.6410696814823138,1.0,0.96,0.6666666666666666,0.8576455087414268,0.9877194588913832,-1.6940445065931586,instance,f_classif_top25
1,0.3535353535353535,0.8,0.5549738219895288,0.5714285714285714,0.25171190146157496,1.0,0.5142814291267928,1.0,1.0,0.7070605036317795,0.885568602732787,0.9998007218025264,0.464111301862125,instance,f_classif_top25
1,0.40802620802620804,0.4,0.1504424778761062,0.7619047619047619,0.21737254806508577,0.0,0.4958365931129294,0.9994311717861206,1.0,0.6716714280939333,0.8497528336696523,0.9883960817188769,2.0067241520050816,instance,f_classif_top25
1,0.2024782135076254,0.0,0.21656050955414008,0.6190476190476191,0.2262248427417588,0.0,0.37441079139643474,0.9914675767918089,1.0,0.7091117936009528,0.8819385560887977,0.9959022909788312,2.2054853640014738,instance,f_classif_top25
1,0.17016649677200135,0.4,0.6195244055068836,0.47619047619047616,0.403590740545001,0.0,0.4871771664215164,0.9994311717861206,1.0,0.6783567139972835,0.8641903446672089,0.9778971434635837,1.2273316569173105,instance,f_classif_top25
1,0.41104772838708914,0.2,0.5482758620689655,0.3333333333333333,0.5959438947578923,0.0,0.4809478319690862,0.9982935153583617,1.0,0.7143778420399148,0.8844990046312176,0.9905729667299678,-1.650413321262761,instance,f_classif_top25
1,0.1516265597147951,0.2,0.21212121212121215,0.38095238095238093,0.31023752705287133,0.0,0.4514876435226335,0.9977246871444824,1.0,0.7129422856997485,0.9067168067618684,0.9972783351754675,1.360126105803845,instance,f_classif_top25
1,0.5967954796902166,0.4,0.5482758620689655,0.5238095238095238,0.4340308208274162,1.0,0.5009319995043398,1.0,1.0,0.7315157831362168,0.8946259105660858,0.9995006082916468,0.9364243491650934,instance,f_classif_top25
1,0.07407407407407407,0.2,0.2713178294573644,0.5714285714285714,0.21372282299605938,0.0,0.4414992176784762,0.9994311717861206,1.0,0.7155882203395296,0.8784984556377651,0.9940378059445936,2.9340374958125572,instance,f_classif_top25
1,0.2971956535883922,0.4,0.6195244055068836,0.6190476190476191,0.6098764194568443,1.0,0.5203885468394638,1.0,1.0,0.6812271645206589,0.8705478986327247,0.9935332329214074,-1.3084814970646272,instance,f_classif_top25
1,0.44135954135954136,0.4,0.5549738219895288,0.47619047619047616,0.22912592339653914,1.0,0.5087594928667516,1.0,1.0,0.6897500234028147,0.8687500920209023,0.9822050439766615,2.276028557642482,instance,f_classif_top25
1,0.582788758908162,0.8,0.1504424778761062,0.42857142857142855,0.44748380922630415,1.0,0.5386664034153505,1.0,1.0,0.7120018660557615,0.8991058716293966,0.9941091127168918,0.29942206864276183,instance,f_classif_top25
1,0.18868501529051984,0.2,0.21656050955414008,0.6190476190476191,0.27119459982125294,0.0,0.43158694573696854,0.9988623435722411,0.96,0.6449757690807988,0.8313715177964792,0.9911087425631026,-0.7074400433726037,instance,f_classif_top25
1,0.13664678824861898,0.0,0.1504424778761062,0.42857142857142855,0.2275725300528803,0.0,0.43645084544178747,0.9954493742889647,1.0,0.7325207598828544,0.9036341488573945,0.9985308247846411,1.9752440749797815,instance,f_classif_top25
1,0.4379046629046629,0.4,0.1504424778761062,0.7142857142857143,0.30572824073541405,0.42857142857142855,0.515509989277043,1.0,1.0,0.7032431845303037,0.9041186308332807,0.9882411258026492,1.2745242678856834,instance,f_classif_top25
1,0.4645909645909646,0.0,0.21212121212121215,0.38095238095238093,0.41633120678695096,0.2,0.45032879754168376,0.997155858930603,1.0,0.695677033280193,0.9037744830541946,0.9913133258200836,1.0009614583619604,instance,f_classif_top25
1,0.06140971239981141,0.0,0.2713178294573644,0.38095238095238093,0.23673946632652404,0.0,0.40947861556270293,0.9954493742889647,1.0,0.6838043923684725,0.8475021730168355,0.9717146947915613,-0.7216753182363844,instance,f_classif_top25
1,0.421005177397916,0.8,0.1504424778761062,0.6666666666666666,0.4885369453421835,0.6666666666666666,0.4921816796026113,0.9994311717861206,1.0,0.7086768205392533,0.9104360429346233,0.9957822493962738,0.3824158202838679,instance,f_classif_top25
1,0.11021923620933516,0.2,0.1504424778761062,0.42857142857142855,0.30496247029925205,0.0,0.42642443918344863,0.9982935153583617,1.0,0.6965530589222844,0.8296204493500627,0.9670495459131566,0.8123649035153103,instance,f_classif_top25
1,0.30636464263124596,0.2,0.2713178294573644,0.6190476190476191,0.213568908144392,0.0,0.48586021812667357,0.9977246871444824,1.0,0.6955059531963852,0.8725313768981091,0.9836778414256825,2.3416724975732652,instance,f_classif_top25
1,0.40063688537862296,0.2,0.5549738219895288,0.5714285714285714,0.3329737752833243,0.0,0.4355200424127005,0.9982935153583617,1.0,0.7023997156106544,0.89110103744644,0.9870009996514247,0.04811707585490379,instance,f_classif_top25
1,0.13996706657257107,0.2,0.5549738219895288,0.19047619047619047,0.2439775333275892,0.0,0.4762059790820323,0.9982935153583617,1.0,0.6927482599828477,0.8471501745324954,0.997422916596257,1.6880818215725062,instance,f_classif_top25
1,0.5967954796902166,0.6,0.5482758620689655,0.5238095238095238,0.24618840511018902,1.0,0.5207224867252938,1.0,1.0,0.701782461956472,0.8588859408370878,0.9809673704914394,1.188418455792246,instance,f_classif_top25
1,0.41104772838708914,0.6,0.5549738219895288,0.47619047619047616,0.5726390470866799,0.3333333333333333,0.44762971824004294,0.9988623435722411,1.0,0.6969572226993955,0.8910021657639479,0.9876482730749726,-0.804072851324044,instance,f_classif_top25
1,0.10902876001885897,0.4,0.21212121212121215,0.42857142857142855,0.32353599604733974,0.0,0.4889244866886455,0.9988623435722411,1.0,0.7078547970225854,0.8649226227185599,0.9973095761604381,0.1370903182557179,instance,f_classif_top25
1,0.5732649493843525,0.8,0.5482758620689655,0.38095238095238093,0.6129511757786839,0.0,0.48263589208210667,0.9994311717861206,1.0,0.6932942104073326,0.8807231520908876,0.9891091069263835,-1.2334866632961263,instance,f_classif_top25
1,0.5161220922414953,0.2,0.4642857142857143,0.7142857142857143,0.43534015348336597,0.0,0.44226321234201704,0.9982935153583617,1.0,0.6989764221559307,0.8737910636112862,0.998756588823022,-1.0209467065162277,instance,f_classif_top25
1,0.18579208739391806,0.0,0.1504424778761062,0.6666666666666666,0.21383644432870785,0.0,0.42891091034459283,0.9908987485779295,1.0,0.7140148541261364,0.847833309838229,0.9925906618171978,1.98421450384104,instance,f_classif_top25
1,0.41104772838708914,0.6,0.21656050955414008,0.6190476190476191,0.2668607369604157,0.25,0.4750682055001747,0.9988623435722411,1.0,0.7132674247563106,0.8876393387077289,0.9988565246841512,0.07344037010406547,instance,f_classif_top25
1,0.06140971239981141,0.0,0.5549738219895288,0.47619047619047616,0.22980445757953094,0.0,0.3939532741262938,0.9903299203640501,1.0,0.6771981216506049,0.8568479183091194,0.9848261701874615,0.46426094867741663,instance,f_classif_top25
1,0.5551288130235499,0.4,0.4642857142857143,0.7619047619047619,0.33726163522251307,0.5,0.49027096217159183,0.9988623435722411,1.0,0.7088927478730922,0.8991254794479577,0.9935380440732845,0.5750506633846927,instance,f_classif_top25
1,0.5045787545787546,0.2,0.6195244055068836,0.7142857142857143,0.6193669573912196,0.0,0.4956528888863896,0.9982935153583617,0.96,0.6666666666666666,0.8142857842027837,0.9837617109069645,-1.6129704677353767,instance,f_classif_top25
1,0.39792429792429795,0.4,0.6195244055068836,0.5714285714285714,0.5976681578848879,0.5,0.4985396868908901,0.9994311717861206,1.0,0.7156646390343593,0.8668651367172713,0.9975493633169276,-1.504030024201754,instance,f_classif_top25
1,0.5380159425733484,0.0,0.6195244055068836,0.7619047619047619,0.3493440621942571,0.0,0.4657630787003919,0.9954493742889647,1.0,0.7557140416657,0.9006169201758141,0.9970682942571932,1.6214352175300475,instance,f_classif_top25
1,0.20208916900093377,0.4,0.2713178294573644,0.47619047619047616,0.23158247132366638,0.5,0.5196216724336344,1.0,1.0,0.7337535039738101,0.8615927989001279,0.9877255443427428,2.548180616231713,instance,f_classif_top25
1,0.11021923620933516,0.0,0.2713178294573644,0.38095238095238093,0.5135370056443916,0.0,0.4458834133676104,0.9931740614334471,1.0,0.7185452095422237,0.8395786802638068,0.9928780500498031,-1.0099619069269075,instance,f_classif_top25
1,0.06666666666666676,0.2,0.5482758620689655,0.5238095238095238,0.2120572159616737,0.0,0.4714408697137412,0.9977246871444824,0.96,0.5155435040047772,0.8299910183485558,0.9729632857551525,2.5964063448914585,instance,f_classif_top25
1,0.5664760914760913,0.4,0.5482758620689655,0.38095238095238093,0.3453122640692956,0.3333333333333333,0.5432626076183544,1.0,1.0,0.7739183316834527,0.8935709226513773,0.9821955109756029,0.40957784425150906,instance,f_classif_top25
1,0.10781499202551836,0.4,0.5482758620689655,0.6190476190476191,0.2287999523843185,0.0,0.47657611267317923,0.9988623435722411,1.0,0.7219251355369287,0.8757407970772004,0.9975750673980819,1.7827808458034105,instance,f_classif_top25
0,0.5923701076283701,1.0,0.8495575221238938,0.3333333333333333,0.7393139255918468,1.0,0.5328730428601524,1.0,1.0,0.6899451552315168,0.8906454282800779,0.9784416959283982,-2.0368634532878716,instance,f_classif_top25
1,0.20710784313725483,0.2,0.21656050955414008,0.6190476190476191,0.2950789913430927,0.3333333333333333,0.5576944452929176,1.0,1.0,0.6960430821442379,0.9084481658487564,0.99690496445491,1.4916941952687313,instance,f_classif_top25
1,0.6161220922414952,0.4,0.1504424778761062,0.42857142857142855,0.3241891027062832,0.0,0.49851979953821723,0.9994311717861206,1.0,0.7090114744755832,0.8855705019631459,0.9970017943256289,0.861122889389236,instance,f_classif_top25
1,0.13312945973496426,0.2,0.6195244055068836,0.7142857142857143,0.5386674098214652,0.0,0.44645818915095326,0.9977246871444824,1.0,0.693710111232054,0.856710056201136,0.9833513885972184,1.270928196959703,instance,f_classif_top25
1,0.25045045045045045,0.4,0.4642857142857143,0.38095238095238093,0.21870834004683865,0.0,0.486587811180181,0.9988623435722411,1.0,0.6668991622844037,0.8542512367527173,0.9916211843106943,1.172460814401622,instance,f_classif_top25
1,0.21127880976952174,0.2,0.21656050955414008,0.6190476190476191,0.22868869488885563,0.3333333333333333,0.4476453516976088,0.9982935153583617,1.0,0.7146726762356487,0.8634841237915392,0.9995798265606971,2.0801475604660244,instance,f_classif_top25
1,0.468559299156488,0.6,0.2713178294573644,0.47619047619047616,0.3134589534194402,0.5,0.5146599752057281,1.0,1.0,0.7441372647690846,0.8796293712153392,0.9998929101114529,1.3618748983275737,instance,f_classif_top25
1,0.1421568627450981,0.2,0.1504424778761062,0.42857142857142855,0.40146452977433833,1.0,0.524654440768608,1.0,1.0,0.7219394016217099,0.9257117566982981,0.9980399714386347,1.1336434298433684,instance,f_classif_top25
1,0.045454545454545414,0.2,0.28735632183908044,0.47619047619047616,0.2129299888141078,0.0,0.42493419758526485,0.9982935153583617,0.92,0.6411685854896196,0.8463540164217132,0.9967061062940441,1.2723662325270904,instance,f_classif_top25
0,0.743635357368754,1.0,0.7286821705426356,0.6190476190476191,0.7841606211720841,1.0,0.5716859093899609,1.0,1.0,0.7268342958283015,0.8922664335742797,0.9992004705464108,-1.654950829460523,instance,f_classif_top25
1,0.5862318362318362,0.4,0.6195244055068836,0.7619047619047619,0.6019741043707261,0.0,0.493242151714789,0.9988623435722411,1.0,0.6914708120688242,0.8634203685082776,0.9999326593111678,-0.9760403194513978,instance,f_classif_top25
1,0.24570984570984578,0.4,0.6195244055068836,0.47619047619047616,0.5810236788703557,0.0,0.46350206616829726,0.9982935153583617,1.0,0.7032850436831066,0.8894286065263198,0.9954911431238752,0.5418440489826236,instance,f_classif_top25
1,0.688083688083688,0.0,0.5482758620689655,0.38095238095238093,0.5774043676222883,0.0,0.4434431184762583,0.997155858930603,1.0,0.7015281286481833,0.8834125538689981,0.9948332050489099,-0.10176676455816105,instance,f_classif_top25
0,0.5830687830687831,0.8,0.7126436781609196,0.38095238095238093,0.7706380568975515,1.0,0.6496467012650444,1.0,1.0,0.7089142405845723,0.8712766897379433,0.9831683892606531,-1.0863647024052507,instance,f_classif_top25
1,0.2606792717086833,0.2,0.1504424778761062,0.6666666666666666,0.22389576440880915,0.0,0.47191716680574924,0.9994311717861206,1.0,0.7251137791479406,0.8842029927085387,0.9990888471848063,2.0631773105518554,instance,f_classif_top25
1,0.08700980392156854,0.0,0.1504424778761062,0.6666666666666666,0.21209432961774738,0.0,0.4321687501265453,0.9965870307167235,0.92,0.6432940136341084,0.865573340178942,0.9988734803938591,5.3779394567277725,instance,f_classif_top25
1,0.49722499722499724,0.8,0.6195244055068836,0.47619047619047616,0.62087473041728,0.5,0.4957345834961179,0.9994311717861206,1.0,0.7078073675854138,0.835531383305635,0.9987233320437618,-1.7021975826748048,instance,f_classif_top25
1,0.3559503890792234,0.4,0.6195244055068836,0.6190476190476191,0.5898376035446444,0.5,0.5027020691114619,1.0,1.0,0.731698803325825,0.8930226920976797,0.9955133813538533,0.1318357620463193,instance,f_classif_top25
1,0.1187558356676005,0.2,0.2713178294573644,0.5238095238095238,0.22726252825461746,0.5,0.4990207268123603,0.9994311717861206,1.0,0.6858452397841471,0.8238547672587682,0.960712472870447,0.5307461422533355,instance,f_classif_top25
1,0.29792429792429787,0.4,0.6195244055068836,0.5238095238095238,0.4465102790608201,1.0,0.5109026158129288,1.0,1.0,0.7541364344085327,0.9030538363997228,0.9985110890330939,0.3779450500916284,instance,f_classif_top25
0,0.4032045203097834,0.4,0.4517241379310345,0.6666666666666666,0.5811468334639365,0.6666666666666666,0.4955486116410396,0.9991935483870967,1.0,0.7073813705615128,0.8798603069131055,0.9999741231374938,-0.37140443391521255,instance,f_classif_top25
1,0.40762989237162994,0.4,0.1504424778761062,0.6666666666666666,0.32314736961430557,0.25,0.47461987607654865,0.9988623435722411,1.0,0.7196140522476481,0.9023946588828644,0.9950954578640294,1.330851515741189,instance,f_classif_top25
0,0.7402386392485403,0.6,0.4450261780104712,0.5238095238095238,0.4046603193272551,1.0,0.525019650213397,1.0,1.0,0.7010920900113492,0.8676835447435722,0.9965447455234808,0.302511761275469,instance,f_classif_top25
1,0.4379046629046629,0.2,0.21656050955414008,0.8095238095238095,0.3973212056026818,0.0,0.4685134357596411,0.9988623435722411,1.0,0.6864259624465605,0.9010999147928489,0.9980267288602598,0.07121919244980965,instance,f_classif_top25
1,0.2702020202020202,0.4,0.19444444444444442,0.2857142857142857,0.2892119852642323,1.0,0.5172671996028342,1.0,1.0,0.6898073757856472,0.8946757576699295,0.9993755282727531,1.0704791187183291,instance,f_classif_top25
1,0.3599547180835524,0.4,0.5482758620689655,0.5714285714285714,0.5106069478173011,0.0,0.4824132490207852,0.9982935153583617,1.0,0.7183617014838787,0.8962257760855895,0.9974603377578237,-0.28599829715685127,instance,f_classif_top25
1,0.23052898692172563,0.0,0.1504424778761062,0.6666666666666666,0.23359899621835944,0.0,0.4372169045958981,0.9931740614334471,1.0,0.7213712456323681,0.8773732183815368,0.9933769967371092,2.3232857845534594,instance,f_classif_top25
1,0.16498251347322557,0.0,0.1504424778761062,0.7619047619047619,0.21339020355356092,0.0,0.4816398531796787,0.9965870307167235,1.0,0.7312622285660951,0.8767770378820977,0.9956432820340615,3.146368731506027,instance,f_classif_top25
1,0.5295662469056077,0.4,0.1504424778761062,0.5714285714285714,0.5930545431847499,1.0,0.5346833780530411,1.0,1.0,0.7109497454003589,0.9002753789065714,0.9989699284403605,-0.3518438473111408,instance,f_classif_top25
1,0.3443810617204224,0.2,0.6195244055068836,0.6190476190476191,0.5094949992816491,0.3333333333333333,0.5234826472041209,1.0,1.0,0.6937235784204278,0.8715289219588087,0.9978016996710165,-0.33646362877210817,instance,f_classif_top25
1,0.386047728387089,0.4,0.1504424778761062,0.7619047619047619,0.37216292141930707,1.0,0.5174863018796657,1.0,1.0,0.7019692795542151,0.8873578531626259,0.9837563820454956,1.524885441260771,instance,f_classif_top25
1,0.12132352941176483,0.0,0.1504424778761062,0.42857142857142855,0.21223174661112865,0.0,0.3224107954707779,0.9903299203640501,1.0,0.6987422304914571,0.8616777941327372,0.9846397200036032,4.538742420005238,instance,f_classif_top25
1,0.045454545454545414,0.2,0.28735632183908044,0.47619047619047616,0.21475447081456356,0.0,0.48283963981978206,0.9988623435722411,1.0,0.7248028338228044,0.8283613067398883,0.9855963871800874,2.148049603179637,instance,f_classif_top25
1,0.0942350332594235,0.0,0.4642857142857143,0.7619047619047619,0.2752864078887808,0.0,0.33742153826569676,0.9960182025028441,1.0,0.6941420034456514,0.8319070218364615,0.9998852857262068,0.5619872922146181,instance,f_classif_top25
1,0.1837837837837838,0.0,0.1504424778761062,0.6666666666666666,0.2314379031252211,0.0,0.3835543693154747,0.9954493742889647,1.0,0.7443815040339608,0.8784231406650467,0.9974874682989051,2.514132500404332,instance,f_classif_top25
1,0.10886901047084108,0.0,0.1504424778761062,0.42857142857142855,0.3011218846022995,0.0,0.41905399345394634,0.9965870307167235,1.0,0.7514372226945583,0.8921452237943507,0.9978277959739155,1.843428515976667,instance,f_classif_top25
1,0.3905358752776129,0.0,0.1504424778761062,0.6666666666666666,0.37597305912338486,0.0,0.4544384821210121,0.997155858930603,1.0,0.7176089439418436,0.9140464160788296,0.9968483679389635,1.6149006902296597,instance,f_classif_top25
1,0.24877450980392146,0.4,0.1504424778761062,0.7142857142857143,0.22515088047143345,0.0,0.4854979161325469,0.9994311717861206,1.0,0.7360245502654529,0.8904055236694096,0.9988290779692253,2.2540954469909424,instance,f_classif_top25
1,0.2024782135076254,0.0,0.21656050955414008,0.5714285714285714,0.2355036854383581,0.0,0.4525635192651474,0.9937428896473265,1.0,0.708465163883827,0.8894915741143454,0.9959285635709085,1.5601502951497888,instance,f_classif_top25
1,0.4777143950537557,0.2,0.21656050955414008,0.8095238095238095,0.4631533656919971,0.0,0.45925564507837124,0.9988623435722411,1.0,0.6928420335418847,0.918806259021357,0.9986241447768003,0.09364109700286714,instance,f_classif_top25
1,0.6810866910866911,0.4,0.6195244055068836,0.7142857142857143,0.6015771292949088,0.0,0.4686989904473915,0.9988623435722411,1.0,0.7159471548944262,0.8890858751224099,0.9964084080064617,-0.4105386358863796,instance,f_classif_top25
1,0.0942350332594235,0.0,0.1504424778761062,0.6666666666666666,0.25175521379628696,0.0,0.4167319803493966,0.9914675767918089,1.0,0.6756043956408458,0.8370604271291086,0.9999780865844705,1.9020677332447375,instance,f_classif_top25
1,0.11021923620933516,0.2,0.2713178294573644,0.42857142857142855,0.39201980812889836,0.5,0.5276934725006551,1.0,1.0,0.721970201868304,0.8515630124299206,0.9680768724443292,0.03777551600116761,instance,f_classif_top25
1,0.4360811939759308,0.4,0.1504424778761062,0.6666666666666666,0.23196489152537658,0.0,0.4598871667397789,0.9988623435722411,1.0,0.7087785431355447,0.8721158748765415,0.995351535371506,1.296982837925623,instance,f_classif_top25
1,0.12201834862385319,0.2,0.1504424778761062,0.6666666666666666,0.21378690378909715,0.0,0.4994577920111649,0.9994311717861206,1.0,0.722905641536716,0.9020706892365398,0.9845679321291657,2.7628492763491135,instance,f_classif_top25
1,0.6906593406593406,0.4,0.6195244055068836,0.7142857142857143,0.6189089743371629,0.6666666666666666,0.4911946405458092,0.9994311717861206,1.0,0.6895342656733005,0.8697881513787286,0.9902206937170928,-1.647212276783139,instance,f_classif_top25
1,0.17833400483481066,0.0,0.1504424778761062,0.42857142857142855,0.21837201189337785,0.0,0.4309567879750631,0.9960182025028441,1.0,0.6899470348722821,0.8509073056946961,0.9775547927140052,1.7432867215890036,instance,f_classif_top25
1,0.3443810617204224,0.4,0.6195244055068836,0.6190476190476191,0.3262105467264392,0.0,0.4680822580545634,0.9988623435722411,0.96,0.6534997742006152,0.8695163176277596,0.9923933918399578,-0.69976543380993,instance,f_classif_top25
1,0.5551288130235499,0.6,0.2713178294573644,0.5238095238095238,0.525746739737968,0.5,0.45435976126541255,0.9994311717861206,1.0,0.7334727332562481,0.8955508837000262,0.9970759673863442,0.07330549953859214,instance,f_classif_top25
1,0.5867196198484541,0.6,0.6195244055068836,0.5714285714285714,0.600660335141786,0.6,0.5710982452296622,1.0,1.0,0.7087764961661345,0.8899457025891035,0.9970103170511774,0.0068750564840152914,instance,f_classif_top25
1,0.6047503547503548,1.0,0.19444444444444442,0.2857142857142857,0.6149990677510192,1.0,0.5250951987839596,1.0,1.0,0.6801714382290402,0.8700894147148445,0.9849676783471414,-0.6449410605051548,instance,f_classif_top25
1,0.4208521539809883,0.2,0.6195244055068836,0.5238095238095238,0.4854552407210634,0.0,0.48227563143558294,0.9988623435722411,1.0,0.6850937930280933,0.8409401705879411,0.9789773998535111,0.9419531271082326,instance,f_classif_top25
0,0.8224316334072431,0.8,0.7834394904458599,0.7142857142857143,0.605846477710917,0.5,0.46783225618276436,0.9991935483870967,1.0,0.6868752375286121,0.8655417626813643,0.9999290358538084,-0.15389917658858399,instance,f_classif_top25
0,0.39249639249639257,0.6,0.7286821705426356,0.47619047619047616,0.7866373449749167,1.0,0.5350975096938689,1.0,1.0,0.6986498999921795,0.8836630396306289,0.9641898953918864,-1.7911575910829196,instance,f_classif_top25
1,0.27942476416650175,0.2,0.5549738219895288,0.19047619047619047,0.22604941740475526,0.3333333333333333,0.5461575550551021,1.0,1.0,0.6951753679257192,0.8718628850274431,0.9962033015760945,1.7560015100900408,instance,f_classif_top25
1,0.12201834862385319,0.0,0.21656050955414008,0.8095238095238095,0.2408766727033596,0.0,0.4588747460715077,0.997155858930603,1.0,0.692949705959477,0.8497270218276265,0.9964886906346098,1.3849576647287267,instance,f_classif_top25
1,0.3737745098039216,0.4,0.21212121212121215,0.38095238095238093,0.34282311453458925,0.0,0.48189349766063594,0.9988623435722411,1.0,0.723598716276445,0.9128443895776449,0.9975682819254871,1.255079638213692,instance,f_classif_top25
1,0.19574420677361848,0.0,0.1504424778761062,0.6666666666666666,0.21593201020646646,0.0,0.4475510073183494,0.9954493742889647,1.0,0.7038222213447438,0.864365383969524,0.9894387384450906,2.936760622788522,instance,f_classif_top25
1,0.06666666666666676,0.2,0.1504424778761062,0.47619047619047616,0.21214426008832843,0.5,0.5176188770174315,1.0,1.0,0.6889772661181256,0.8478422048216712,0.98190981658609,1.9545345059287473,instance,f_classif_top25
0,0.43434343434343436,1.0,0.8495575221238938,0.6190476190476191,0.7878291186353747,1.0,0.5683410745507262,1.0,1.0,0.7202616266383017,0.8862824124450543,0.9853966760060453,-3.187991093826467,instance,f_classif_top25
1,0.2746928746928746,0.0,0.21656050955414008,0.8095238095238095,0.21257158603442844,0.0,0.42477720574298283,0.9914675767918089,1.0,0.6996716482044072,0.8332863924858206,0.9969955266619097,2.5739562305609196,instance,f_classif_top25
1,0.11021923620933516,0.2,0.5549738219895288,0.5238095238095238,0.2295154768672748,0.0,0.47096803498317696,0.9994311717861206,0.96,0.6504233705096031,0.8478439060655577,0.9939206254108178,-0.5299546283655524,instance,f_classif_top25
1,0.24570984570984578,0.4,0.21212121212121215,0.38095238095238093,0.549049714124256,0.5,0.5016846022640902,1.0,1.0,0.7115661514627114,0.86469381325035,0.9916966134062724,0.8212187933130131,instance,f_classif_top25
0,0.7735395986574306,0.6,0.7286821705426356,0.5238095238095238,0.5261135269362237,1.0,0.5372797983528965,1.0,1.0,0.6952339966185421,0.8695275926709699,0.9955825815579291,0.3316958226194963,instance,f_classif_top25
1,0.2606792717086833,0.2,0.1504424778761062,0.42857142857142855,0.2123378236293521,0.0,0.4657340235679561,0.9994311717861206,1.0,0.7246237080354782,0.8773896809332196,0.9964844868319166,3.9549089086883584,instance,f_classif_top25
0,0.5812072503419974,0.4,0.4517241379310345,0.5238095238095238,0.5839394138299289,1.0,0.5133222437576783,1.0,1.0,0.7067851199613581,0.860137682034916,0.9848987384485177,0.04152909230156159,instance,f_classif_top25
1,0.22646040134256962,0.0,0.2713178294573644,0.47619047619047616,0.33110428215260246,0.25,0.4434012783673954,0.9965870307167235,1.0,0.7198539869111779,0.8892567122687131,0.9979260423450269,0.7020625936524388,instance,f_classif_top25
1,0.10781499202551836,0.0,0.1504424778761062,0.42857142857142855,0.21246346876684308,0.0,0.4380819077668091,0.9954493742889647,1.0,0.7326969562317214,0.864916296266595,0.9968364049550072,3.8764987644050266,instance,f_classif_top25
0,0.7468827468827468,0.8,0.7878787878787878,0.23809523809523808,0.6075729875193565,1.0,0.5366618637606806,1.0,1.0,0.6903317931996006,0.9115150180571441,0.9998504526086472,-0.7253744559903612,instance,f_classif_top25
1,0.23312945973496435,0.4,0.1504424778761062,0.42857142857142855,0.229655656654218,1.0,0.5312116371797845,1.0,1.0,0.7198948652561887,0.9016301551074933,0.9984320664881211,2.03246582415366,instance,f_classif_top25
0,0.591973791973792,1.0,0.7834394904458599,0.8095238095238095,0.7801062001477312,1.0,0.5765196358049351,1.0,1.0,0.7325576443316316,0.874575278248685,0.9897296563012506,-1.6763208946633725,instance,f_classif_top25
1,0.5521978021978022,0.4,0.28735632183908044,0.2857142857142857,0.5969487727141873,1.0,0.5150749667766346,1.0,1.0,0.6836713564980693,0.8749469767886241,0.9973637115843591,-0.5149016870530503,instance,f_classif_top25
1,0.5664760914760913,0.6,0.2713178294573644,0.42857142857142855,0.3477607187530585,0.6666666666666666,0.5531252651437175,1.0,1.0,0.699491605548388,0.9027654572538772,0.9979923006490524,0.45937991995406785,instance,f_classif_top25
1,0.2854594163246693,0.2,0.1504424778761062,0.42857142857142855,0.21587399554919096,0.5,0.589380253952847,1.0,1.0,0.7296713967683609,0.8487982767551375,0.9836847181439361,1.8198468139678365,instance,f_classif_top25
1,0.185103785103785,0.2,0.5549738219895288,0.6190476190476191,0.21546188469526228,1.0,0.5195674918735347,1.0,0.92,0.6365129148890685,0.8701141637649452,0.9996000839133962,-1.1964339300977727,instance,f_classif_top25
1,0.6282282282282283,0.8,0.21212121212121215,0.42857142857142855,0.29174948116761923,0.3333333333333333,0.5461403880826363,1.0,1.0,0.7240878197579396,0.8770211566635274,0.9834011964265719,0.9907809582113286,instance,f_classif_top25
1,0.5368686868686867,0.6,0.5482758620689655,0.38095238095238093,0.39389806707109665,1.0,0.5020338800556142,1.0,1.0,0.7513248173905015,0.8894665350356871,0.9966955693204086,-0.15637036928126394,instance,f_classif_top25
1,0.23052898692172563,0.8,0.21656050955414008,0.8095238095238095,0.34825069225090666,1.0,0.5171823080485484,1.0,1.0,0.7012315169929129,0.8925154073580457,0.9974111587357732,0.8972195561439855,instance,f_classif_top25
1,0.5551288130235499,0.8,0.5482758620689655,0.6190476190476191,0.5001899216860601,1.0,0.5624446546991798,1.0,1.0,0.7086570563312731,0.8933774754961904,0.998817425405164,-0.2760183169642673,instance,f_classif_top25
1,0.5967954796902166,0.8,0.5482758620689655,0.5238095238095238,0.44708004271051904,0.6666666666666666,0.47702583052753234,0.9994311717861206,1.0,0.6931449790464017,0.8660198686972419,0.9769545540040395,-0.7177686863582565,instance,f_classif_top25
1,0.40802620802620804,0.0,0.1504424778761062,0.7619047619047619,0.25741611255958186,0.0,0.4491449178600557,0.997155858930603,1.0,0.6986815896396901,0.8789792915977662,0.9980018715460156,1.3230889692586716,instance,f_classif_top25
1,0.24877450980392146,0.2,0.1504424778761062,0.7142857142857143,0.2264692105303917,0.0,0.496517792422717,0.9994311717861206,1.0,0.726358758807322,0.8973783976857616,0.9856304983504657,2.6517064700990405,instance,f_classif_top25
1,0.409035409035409,0.6,0.5549738219895288,0.6190476190476191,0.36356479445383083,0.0,0.4939999773932038,0.9988623435722411,1.0,0.7028371686698085,0.8934549905444833,0.9959530711357221,0.5919626637820915,instance,f_classif_top25
1,0.33333333333333337,0.8,0.6195244055068836,0.7142857142857143,0.5450431499018434,0.0,0.4961142359694317,0.9994311717861206,1.0,0.7155522114043958,0.8633928754281698,0.9815075495377041,0.28855811231662415,instance,f_classif_top25
1,0.0942350332594235,0.2,0.28735632183908044,0.47619047619047616,0.5124706679514937,0.0,0.4209726822591925,0.9988623435722411,1.0,0.69682803908383,0.855845471273864,0.968580220374209,-0.3402769750690479,instance,f_classif_top25
0,0.3557461307461307,0.4,0.4450261780104712,0.5238095238095238,0.4840511355146285,0.6666666666666666,0.49018499485585,0.9991935483870967,1.0,0.7229255970367171,0.8749557140660071,0.9816315208747441,0.17272504589245538,instance,f_classif_top25
1,0.4360811939759308,0.4,0.1504424778761062,0.6666666666666666,0.309186043655993,0.25,0.4590296597598321,0.9994311717861206,1.0,0.729296366612788,0.8963804629950914,0.9914399166897951,1.112413415824174,instance,f_classif_top25
1,0.06140971239981141,0.2,0.21656050955414008,0.6190476190476191,0.29608355954274723,0.0,0.4857987812132577,0.9994311717861206,1.0,0.7103376969994821,0.8669486811114715,0.9732147510535156,1.0683074606441003,instance,f_classif_top25
1,0.41693121693121693,0.8,0.28735632183908044,0.47619047619047616,0.21420791238511994,1.0,0.5298362863094424,1.0,1.0,0.7050375257773999,0.8878026256092951,0.9980266538480098,2.3179642377910707,instance,f_classif_top25
1,0.11599531116794548,0.0,0.1504424778761062,0.42857142857142855,0.21584599844279634,0.0,0.4441785419224914,0.9926052332195677,1.0,0.7287947433302466,0.871074388979887,0.986890201458596,2.307178596424875,instance,f_classif_top25
1,0.1187558356676005,0.0,0.2713178294573644,0.5238095238095238,0.3142170310034193,0.0,0.4473529696083508,0.9948805460750854,1.0,0.7068626068612007,0.8255486873990894,0.9784492219788776,-0.009041170777563804,instance,f_classif_top25
1,0.179043179043179,0.6,0.21212121212121215,0.38095238095238093,0.28571614482302665,0.0,0.4657541758693703,0.9994311717861206,1.0,0.706169862186942,0.8749416914837461,0.9888142914082817,0.8240491269501808,instance,f_classif_top25
1,0.09103177524230155,0.0,0.1504424778761062,0.42857142857142855,0.2120580848270981,0.0,0.4453571756008444,0.9931740614334471,1.0,0.6833284680015167,0.8429503130920025,0.9853732892856162,5.035160654895861,instance,f_classif_top25
1,0.22646040134256962,0.0,0.21656050955414008,0.8095238095238095,0.24314195014667356,0.0,0.4213173414629078,0.9829351535836177,1.0,0.7208257326448889,0.8674642642849864,0.9941104579263069,1.26087002813517,instance,f_classif_top25
1,0.4208521539809883,0.6,0.6195244055068836,0.42857142857142855,0.6025950066375129,0.75,0.571960323636776,1.0,1.0,0.7020064231617257,0.8748992166059903,0.9941288141116169,-0.09814355155423421,instance,f_classif_top25
1,0.1517704517704518,0.0,0.21212121212121215,0.38095238095238093,0.2146741932076962,0.0,0.45027997803624054,0.997155858930603,0.96,0.6548877209035048,0.8637184801085647,0.9920176834960194,0.25265940222234945,instance,f_classif_top25
1,0.22099673202614378,0.4,0.1504424778761062,0.42857142857142855,0.26009820733451383,0.3333333333333333,0.44967053922963174,0.9982935153583617,1.0,0.7142678654069059,0.9014158454228878,0.9988627813316466,1.5767280904739087,instance,f_classif_top25
1,0.1517704517704518,0.0,0.5549738219895288,0.6190476190476191,0.2697207446565068,0.0,0.4599462458577942,0.9965870307167235,1.0,0.6888218340947672,0.8604751068413888,0.9941609662536058,-1.640539436136498,instance,f_classif_top25
1,0.39792429792429795,0.8,0.6195244055068836,0.6190476190476191,0.5757002236284549,1.0,0.5021119877060469,1.0,1.0,0.6969441997763494,0.8608792889209437,0.9974020306635571,-0.8785934978309435,instance,f_classif_top25
1,0.06855256954266853,0.2,0.21656050955414008,0.38095238095238093,0.3668592028395675,0.25,0.5150235266447845,1.0,1.0,0.7238314826432728,0.8831253484065961,0.9969321787455215,1.2165408756394538,instance,f_classif_top25
1,0.5318810617204224,0.6,0.21656050955414008,0.5714285714285714,0.550201041381624,0.6666666666666666,0.51487796798809,1.0,1.0,0.7057753915236175,0.9222562793067486,0.9990630167976468,-0.1639539296280081,instance,f_classif_top25
1,0.06140971239981141,0.2,0.1504424778761062,0.8095238095238095,0.21283111511508795,0.0,0.48694508774488154,0.9977246871444824,0.96,0.639646708701459,0.8827399424607772,0.9987231883330435,1.4815382545785618,instance,f_classif_top25
1,0.2531172531172531,0.2,0.21212121212121215,0.38095238095238093,0.2598054006328475,0.5,0.5208132026396493,1.0,1.0,0.7437060198999293,0.9007340140249993,0.9972168626849056,1.9028193156603155,instance,f_classif_top25
1,0.06855256954266853,0.4,0.1504424778761062,0.7142857142857143,0.3013196017623113,0.0,0.4317725433859324,0.9982935153583617,1.0,0.7459663990840473,0.8836533917054504,0.9883470806251319,1.1788278232899394,instance,f_classif_top25
1,0.06140971239981141,0.0,0.1504424778761062,0.7619047619047619,0.21571632945948155,0.0,0.44325121458039884,0.9920364050056882,1.0,0.7190009376109767,0.8660738331164255,0.9966207832864737,1.519070427239171,instance,f_classif_top25
1,0.2746928746928746,0.0,0.21656050955414008,0.5238095238095238,0.2286112319513222,0.0,0.4179848075597129,0.9857792946530148,1.0,0.7006289778031863,0.8632611638575299,0.981673746852337,2.1892238101895867,instance,f_classif_top25
1,0.6083361083361083,0.6,0.6195244055068836,0.8095238095238095,0.6026595771112961,0.5,0.4673435006100569,0.9988623435722411,1.0,0.7175378562955732,0.8779378792901106,0.9687978147601606,-0.07430467042857754,instance,f_classif_top25
1,0.24570984570984578,0.0,0.6195244055068836,0.5238095238095238,0.45576654409272244,0.0,0.43133697011954786,0.9954493742889647,1.0,0.737061126773786,0.8856825034091869,0.9984683481907297,0.9028872586638864,instance,f_classif_top25
1,0.12201834862385319,0.2,0.21656050955414008,0.8095238095238095,0.22577796214624207,0.0,0.4675525894844865,0.9982935153583617,1.0,0.7091825873004389,0.8645343179139438,0.9914410625219721,1.7468131790378145,instance,f_classif_top25
1,0.4360811939759308,0.0,0.1504424778761062,0.7619047619047619,0.2652297309309316,0.0,0.44728733761187744,0.9948805460750854,1.0,0.7226851256254465,0.8788946371278008,0.9866343029486659,0.9632484145881137,instance,f_classif_top25
0,0.6818729319907639,0.8,0.7286821705426356,0.5238095238095238,0.672282020510708,1.0,0.5024479589514168,1.0,1.0,0.7012120482621237,0.8818423137889839,0.9864795273768814,-0.3173573540649469,instance,f_classif_top25
1,0.6805079305079305,0.6,0.6195244055068836,0.5714285714285714,0.6139160042825824,1.0,0.5271167350359197,1.0,1.0,0.6888022262638922,0.8567877101604451,0.992694166328037,-1.7516516129562818,instance,f_classif_top25
1,0.0,0.0,0.5482758620689655,0.5714285714285714,0.2120614543053329,0.0,0.4708854691049116,0.9948805460750854,0.96,0.6336399830159846,0.8604061277778182,0.9879118600796258,2.782829295230137,instance,f_classif_top25
1,0.30333400483481066,0.4,0.1504424778761062,0.5714285714285714,0.2281403155075487,1.0,0.5237018523870598,1.0,1.0,0.7253976665108626,0.8946263162754103,0.9872201778434148,1.4750090163300569,instance,f_classif_top25
1,0.31812706800923607,0.6,0.2713178294573644,0.5714285714285714,0.2142053659596596,1.0,0.5291305978668202,1.0,1.0,0.6970385916403328,0.8402736982053183,0.9956853491256114,1.3198886792529851,instance,f_classif_top25
1,0.179043179043179,0.0,0.1504424778761062,0.6666666666666666,0.340240803675135,0.0,0.46582570629263675,0.997155858930603,1.0,0.7569083853335982,0.9150935549475744,0.9944833315929699,1.5656663911492477,instance,f_classif_top25
1,0.0942350332594235,0.0,0.4642857142857143,0.42857142857142855,0.21395490052884814,0.0,0.4470936856457435,0.9960182025028441,0.92,0.653316376833964,0.8520453828063905,0.9991441149226589,3.1928127515297438,instance,f_classif_top25
1,0.06855256954266853,0.0,0.1504424778761062,0.42857142857142855,0.423900993495401,0.0,0.47096529833310175,0.997155858930603,1.0,0.7212733220416074,0.8610301752726173,0.9923331295639569,0.39515026314121005,instance,f_classif_top25
1,0.10781499202551836,0.0,0.1504424778761062,0.42857142857142855,0.21244705613196313,0.0,0.4671151237335339,0.997155858930603,1.0,0.681177844772674,0.8658425263387839,0.9928244631586545,1.660606101832772,instance,f_classif_top25
1,0.4171171171171171,0.0,0.4642857142857143,0.38095238095238093,0.21325275953077732,0.0,0.47207472418099283,0.997155858930603,1.0,0.7089002688235324,0.8340999869394919,0.9877891980381024,1.6718814764063148,instance,f_classif_top25
0,0.8142079126060819,1.0,0.8495575221238938,0.47619047619047616,0.7727242212241401,1.0,0.5713468880864129,1.0,1.0,0.6973889405849593,0.8681223804098734,0.9904263275516489,-2.124085353953898,instance,f_classif_top25
1,0.2971956535883922,0.0,0.28735632183908044,0.47619047619047616,0.530102704295398,0.0,0.43803910839566895,0.9948805460750854,1.0,0.6916834399210549,0.8714239704474491,0.9988944814189188,-0.03292012099164952,instance,f_classif_top25
1,0.4645910451882339,0.6,0.5549738219895288,0.38095238095238093,0.306045200076845,0.75,0.5535650362948414,1.0,1.0,0.700878234828361,0.9011795156971191,0.9964669727450771,0.5810385034713272,instance,f_classif_top25
1,0.30333400483481066,0.2,0.4642857142857143,0.7619047619047619,0.36141875553572755,1.0,0.5247724229048214,1.0,1.0,0.7160056598245488,0.9201721600258562,0.9944042846506929,1.2778223187159752,instance,f_classif_top25
1,0.5377685708974054,1.0,0.6195244055068836,0.6190476190476191,0.6083763530517802,0.6666666666666666,0.6001094708943187,1.0,1.0,0.6851552569727236,0.8646614811461489,0.9907320969462186,-0.5705597496243824,instance,f_classif_top25
1,0.20710784313725483,0.0,0.1504424778761062,0.42857142857142855,0.22357092167034448,0.0,0.46749906853960366,0.9965870307167235,1.0,0.6978303158254635,0.8735622404534519,0.996733605434938,2.157657160818468,instance,f_classif_top25
1,0.08700980392156854,0.2,0.1504424778761062,0.6666666666666666,0.21236651705045784,0.5,0.5127394643803823,1.0,1.0,0.7616369519553603,0.8785587023151968,0.9994092254049016,4.385916388746602,instance,f_classif_top25
1,0.40063688537862296,0.4,0.21656050955414008,0.6190476190476191,0.24993967643417847,0.5,0.5003850549578835,1.0,1.0,0.7090917253311265,0.8872314336652992,0.9905474327141794,0.8709053441927502,instance,f_classif_top25
1,0.32997557997558,0.6,0.6195244055068836,0.8095238095238095,0.4822101341095797,1.0,0.5571421975774893,1.0,0.96,0.6612031654444567,0.8324277764065053,0.9601997882035826,0.09077148842087158,instance,f_classif_top25
1,0.439102564102564,0.4,0.19444444444444442,0.2857142857142857,0.38128601793685457,0.0,0.4948633448909521,0.9994311717861206,1.0,0.7026397273726182,0.8959592386292116,0.9971394002439122,1.7208775742614815,instance,f_classif_top25
1,0.16337054758107394,0.2,0.21656050955414008,0.5238095238095238,0.2120680655977195,0.0,0.4810723267177417,0.9994311717861206,0.92,0.6382814588169057,0.8407238314843526,0.9935335388877964,3.081321816256048,instance,f_classif_top25
0,0.28387790775850474,0.8,0.3804755944931164,0.5238095238095238,0.43741670434896396,0.0,0.4970729025046987,0.9991935483870967,1.0,0.7108327592142217,0.9016882752252934,0.9970963333701831,0.5699115128379142,instance,f_classif_top25
1,0.4998094248094248,0.6,0.5549738219895288,0.6190476190476191,0.5238584076393041,0.0,0.49571174562896403,0.9994311717861206,1.0,0.6851600299969289,0.889342077242638,0.9995051226524063,-0.1130434744980967,instance,f_classif_top25
1,0.185103785103785,0.8,0.6195244055068836,0.6190476190476191,0.5835727897092386,0.0,0.4503895906210612,0.9994311717861206,1.0,0.6928958590574084,0.8438695825694399,0.9746424684915278,-2.0513230104608056,instance,f_classif_top25
1,0.17553567713750784,0.0,0.1504424778761062,0.42857142857142855,0.2192893394112561,0.0,0.45040078435520425,0.987485779294653,1.0,0.710474364914589,0.8459009996485248,0.9979387044444742,1.2740046689746374,instance,f_classif_top25
1,0.2097613607514598,0.2,0.5549738219895288,0.6190476190476191,0.38532299333926845,0.0,0.4350579702079329,0.9982935153583617,1.0,0.7064627881748939,0.8560106253506787,0.997384815146782,0.9228715707529161,instance,f_classif_top25
1,0.4009978991596638,0.4,0.5482758620689655,0.38095238095238093,0.22627686050929618,0.0,0.4417214389497893,0.9994311717861206,1.0,0.7123672719497331,0.8346918521586811,0.9486338012086502,1.722072324334758,instance,f_classif_top25
1,0.4780268541462571,0.6,0.21212121212121215,0.38095238095238093,0.497565806938819,0.5,0.4767553050112149,0.9994311717861206,1.0,0.6927729482167339,0.8746316995008594,0.9922486114327612,-0.29242760486692665,instance,f_classif_top25
1,0.4780268541462571,0.6,0.5549738219895288,0.5714285714285714,0.5619674009119026,1.0,0.5328457888443103,1.0,1.0,0.698669634111377,0.9031870668523613,0.9998210683711711,-0.937928718664394,instance,f_classif_top25
0,0.6779816513761467,0.6,0.4450261780104712,0.47619047619047616,0.5634350545478343,0.5,0.4944580756710495,0.9991935483870967,1.0,0.7159148547942341,0.878038512203207,0.9957973558852252,0.5193466019776835,instance,f_classif_top25
0,0.7766996000940954,0.8,0.4450261780104712,0.47619047619047616,0.598819477673858,1.0,0.5030449307866229,1.0,1.0,0.7544514493099007,0.8944266261837646,0.9802117481507474,-0.2119370598354646,instance,f_classif_top25
1,0.4780268541462571,0.4,0.5549738219895288,0.3333333333333333,0.46573302057980503,0.0,0.45413154357356034,0.9988623435722411,1.0,0.7023246611319656,0.8741793010091529,0.9984452602496671,-0.31970332059781875,instance,f_classif_top25
