y,Hostility,kDN,DCP,TD_U,CLD,N1,N2,LSC,F1,F2,F3,F4,L1,level,subset
0,0.6628571428571428,0.5965714285714286,0.65,0.5241904761904762,0.6396882420067134,0.5601972789115646,0.5029237802641867,0.9950738916256158,0.9865306122448979,0.667219124544989,0.8706329050122134,0.9966563865953705,-0.04902076916019119,class,informative
1,0.1723076923076923,0.3156923076923077,0.35,0.6627692307692308,0.34299282890823385,0.3017904905551964,0.491995484416863,0.99340930674264,0.9857582417582418,0.6567470466572055,0.8691202566452996,0.9965794699079519,0.9149983961355804,class,informative
dataset,0.344,0.414,0.4549999999999999,0.6142666666666666,0.44683622349270175,0.3922328664799253,0.49582038796342637,0.9939919114516815,0.9860285714285715,0.6604122739179297,0.8696496835737195,0.9966063907485484,0.5775916882820604,class,informative
1,0.5,0.4,0.35,0.3333333333333333,0.3473011026005125,0.0,0.497393996852699,0.9969135802469136,0.9857142857142858,0.659875415075342,0.8667499882442973,0.9955161880973442,0.03687592877097217,instance,informative
0,0.8333333333333334,0.6,0.65,0.4,0.6214528461599735,0.0,0.4986998956564489,0.9942528735632183,0.9857142857142858,0.641049620675586,0.8837785427400723,0.9995817217893558,2.054652241693184,instance,informative
0,0.5,0.6,0.65,0.5333333333333333,0.6227336545527423,0.5,0.5137898747301215,1.0,1.0,0.691985169991711,0.8728483704232676,0.9912325637992352,1.3604815042980922,instance,informative
0,0.6666666666666667,0.6,0.65,0.4,0.6383681892231471,0.0,0.49895332918949953,0.9942528735632183,1.0,0.6749210723010406,0.8793385273931116,0.9871048907022592,0.3708586223832516,instance,informative
0,0.5,0.6,0.65,0.5333333333333333,0.6439357416208388,0.0,0.4874104326711687,0.9885057471264368,0.9857142857142858,0.6658492443336128,0.8523986143704025,0.9974370101085411,0.461657482916301,instance,informative
0,0.19999999999999996,0.4,0.65,0.5333333333333333,0.6254923973863741,0.6666666666666666,0.4874473001765438,0.9942528735632183,0.9857142857142858,0.6666666666666666,0.878174923253427,0.999757650658858,0.1434963653994515,instance,informative
0,0.4,0.8,0.65,0.6666666666666666,0.6238874365236152,0.6666666666666666,0.4884578605764589,0.9942528735632183,0.9714285714285714,0.6579846489419607,0.8806270453988597,0.9918453605327724,1.0703471815882915,instance,informative
0,0.19999999999999996,1.0,0.65,0.6666666666666666,0.6693352346666971,1.0,0.5252376975568726,1.0,0.9857142857142858,0.6613075959839658,0.8926560079739635,0.9997809657988174,-0.926548669941925,instance,informative
1,0.38888888888888884,0.2,0.35,0.8666666666666667,0.352138096022105,0.4,0.4966965049530103,0.9938271604938271,1.0,0.7168481650992473,0.8891573706268057,0.9961862771987439,1.0503384781559992,instance,informative
0,0.0,0.2,0.65,0.3333333333333333,0.6340328925489547,0.0,0.49195481221831616,0.9827586206896551,0.9714285714285714,0.6630461508834659,0.8739301394097978,0.9900796884263395,0.055522287310033065,instance,informative
0,0.4545454545454546,0.8,0.65,0.26666666666666666,0.6715566129942078,1.0,0.5202109754398705,1.0,1.0,0.6775012943733367,0.8823687513541372,0.9948231899171291,-0.13824920782363298,instance,informative
0,0.5757575757575757,0.0,0.65,0.6,0.6346161197335531,0.0,0.4746504151640434,0.9712643678160919,0.9857142857142858,0.6258686266285627,0.8895428467082639,0.9965219682238395,0.40161446627112485,instance,informative
0,0.25,0.8,0.65,0.5333333333333333,0.6581470804966552,0.5,0.5171038787066615,1.0,1.0,0.7115303530984038,0.8685680533697365,0.9998768127998077,-1.2459450492265942,instance,informative
1,0.38888888888888884,0.6,0.35,0.6,0.3621655033458344,1.0,0.5127982634952828,1.0,1.0,0.7074230011135311,0.8851054862449397,0.9929316993318344,-0.19059819170835632,instance,informative
0,0.7142857142857143,0.8,0.65,0.6666666666666666,0.6253331183923534,1.0,0.5103861079001853,1.0,0.9714285714285714,0.6560661889097079,0.8550379726315117,0.9956307128374806,1.1668225984095522,instance,informative
0,0.5757575757575757,0.4,0.65,0.3333333333333333,0.6636947230392817,0.0,0.49420082428115797,0.9885057471264368,0.9857142857142858,0.6666666666666666,0.8541984442707208,0.9927137142823996,0.8758972811117185,instance,informative
0,0.375,0.4,0.65,0.6666666666666666,0.6507430116320453,0.0,0.4816325469175764,0.9885057471264368,0.9714285714285714,0.648794300173992,0.8633584143474895,0.9940731662370882,-2.3385706770062678,instance,informative
0,0.0,0.2,0.65,0.6666666666666666,0.6213134130456132,0.0,0.467547196482875,0.9770114942528736,0.9571428571428572,0.5729384222539747,0.8480560930716069,0.9986393128699602,2.5972150079490524,instance,informative
0,0.4545454545454546,0.4,0.65,0.3333333333333333,0.6470254845282253,0.0,0.4823794757329901,0.9942528735632183,1.0,0.6742643369930732,0.8739359058730592,0.9958946315058467,-0.5574022245936865,instance,informative
1,0.5,0.2,0.35,0.6,0.3701754764888453,0.25,0.4831499372759319,0.9907407407407407,1.0,0.7354637123203687,0.8864017329779473,0.9918588882041814,0.4214634678755218,instance,informative
0,0.5714285714285714,1.0,0.65,0.4,0.6316154606234945,1.0,0.524114797918277,1.0,0.9857142857142858,0.6666666666666666,0.8758886459177824,0.9997745180269708,-0.3052910418316073,instance,informative
0,0.25,0.6,0.65,0.3333333333333333,0.649277298418615,0.0,0.49915620271211514,0.9942528735632183,0.9714285714285714,0.6666666666666666,0.8479900099280393,0.9846669923102196,-0.08689781082176375,instance,informative
0,0.4,0.2,0.65,0.6666666666666666,0.6270667443069399,0.0,0.46833857358032993,0.9827586206896551,1.0,0.6728699895908734,0.8742687672282404,0.9987315422535513,0.9912300695215593,instance,informative
0,0.4545454545454546,0.6,0.65,0.6,0.62815450911716,1.0,0.5234901345437221,1.0,1.0,0.7070570214867891,0.8817131804956807,0.9955360491404142,-0.7927184996995714,instance,informative
0,0.5,0.4,0.65,0.5333333333333333,0.633604927013526,1.0,0.5033758791062455,1.0,0.9857142857142858,0.6516232634002556,0.8725072414232057,0.9986053529128374,0.2309564453193571,instance,informative
1,0.6666666666666667,0.8,0.35,0.6,0.32825255583459123,0.0,0.4932199755741803,0.9969135802469136,0.9857142857142858,0.6611185414613383,0.8501374308001756,0.9982118788442099,0.7092700392200325,instance,informative
0,0.4545454545454546,0.4,0.65,0.6,0.6411794491299613,0.3333333333333333,0.5114396469843021,1.0,1.0,0.7558681756596791,0.893457486581604,0.9976904212808041,-0.42888040012270023,instance,informative
0,0.19999999999999996,0.6,0.65,0.5333333333333333,0.6422772591395195,1.0,0.5015197612334814,1.0,1.0,0.6688300205463297,0.8646102794676671,0.9970937699888283,-0.06121609674267064,instance,informative
0,0.4,0.2,0.65,0.26666666666666666,0.6187840026451817,0.0,0.49126614891631415,0.9770114942528736,0.9857142857142858,0.6414972176077115,0.8693409673973481,0.9993612077412263,1.5406262210203812,instance,informative
0,0.33333333333333337,0.2,0.65,0.6666666666666666,0.6505767732292969,1.0,0.5034753047341289,1.0,0.9285714285714286,0.6615229013395654,0.8504060801547875,0.9961070623120686,0.5469925740462791,instance,informative
0,0.5,0.6,0.65,0.6666666666666666,0.6333066373540089,1.0,0.5089019483680799,1.0,0.9714285714285714,0.636460599094519,0.8789281662047398,0.994381802553966,0.5198923495741152,instance,informative
0,0.19999999999999996,0.4,0.65,0.5333333333333333,0.6378555958704605,0.0,0.4825792099622632,0.9827586206896551,0.9857142857142858,0.6666666666666666,0.8846335615139197,0.9952599200937928,0.465369197728434,instance,informative
0,0.25,0.6,0.65,0.3333333333333333,0.6498019508758545,1.0,0.5072525721284886,1.0,0.9571428571428572,0.6308528181103341,0.8478927862347214,0.9994013329758391,-0.24640540897396326,instance,informative
1,0.38888888888888884,0.2,0.35,0.6,0.3497190226427533,1.0,0.5084115106361204,1.0,1.0,0.6888924986396556,0.8644072403862705,0.9952852051109481,1.5059228265228684,instance,informative
0,0.6111111111111112,0.2,0.65,0.6666666666666666,0.6364605246169045,0.0,0.4944217208046562,0.9885057471264368,0.9857142857142858,0.6666666666666666,0.8638587871514863,0.9984973449656056,2.1267749919956653,instance,informative
0,0.6111111111111112,0.4,0.65,0.5333333333333333,0.6368188201578479,1.0,0.5061869159780172,1.0,1.0,0.6719482673408852,0.8558580444905817,0.9961268458878578,-0.07899160635126179,instance,informative
0,0.5757575757575757,0.6,0.65,0.3333333333333333,0.6500393695303962,0.5,0.5236091498450052,1.0,0.9857142857142858,0.6666666666666666,0.867650424699713,0.9996597602714666,0.8400061721925199,instance,informative
0,0.4,0.4,0.65,0.6666666666666666,0.6282407093266655,0.5,0.5095886361859587,1.0,0.9714285714285714,0.6120532344398867,0.8591739522433753,0.9996898892178218,1.5140772854683047,instance,informative
0,0.5714285714285714,0.4,0.65,0.26666666666666666,0.6308740873927423,0.0,0.4933295596488406,0.9885057471264368,0.9857142857142858,0.6666666666666666,0.8713513905863315,0.9977533566186644,0.9926019128021271,instance,informative
0,0.33333333333333337,0.4,0.65,0.6666666666666666,0.6483235896698217,0.0,0.4920432939344638,0.9885057471264368,0.9714285714285714,0.6438438573401217,0.8651127725856184,0.9996781812066452,0.6911995776492178,instance,informative
0,0.6666666666666667,0.6,0.65,0.6666666666666666,0.6272496209872985,1.0,0.5061833427915204,1.0,1.0,0.7370691708998227,0.8675669900880068,0.9982815441641474,-0.07276920872692229,instance,informative
1,0.8,0.6,0.35,0.7333333333333333,0.3402691314868297,1.0,0.5538004404364831,1.0,0.9714285714285714,0.6666666666666666,0.8642139756999759,0.9988428120854357,-0.18788536392878202,instance,informative
0,0.375,0.4,0.65,0.6666666666666666,0.6316800483364657,0.0,0.46904971765384607,0.9827586206896551,1.0,0.7088909539998264,0.8810712987198684,0.995705278272506,0.3723273891177016,instance,informative
1,0.6,0.6,0.35,0.4,0.35591502920674156,1.0,0.5305359599636489,1.0,0.9857142857142858,0.6412174882816838,0.8782065702630096,0.9979030123561085,-0.008888444853697181,instance,informative
1,0.38888888888888884,0.4,0.35,0.6,0.3438455534644037,0.5,0.4929053171018959,0.9907407407407407,1.0,0.6799565572954169,0.882146337062246,0.9956924682160117,0.8567454583286951,instance,informative
0,0.5,0.0,0.65,0.26666666666666666,0.6674153292290507,0.0,0.47563019393965034,0.9655172413793104,1.0,0.6694044734481376,0.8724765396190161,0.9976161543011132,-0.37391298638051557,instance,informative
0,0.5,0.8,0.65,0.6,0.6506366335899936,0.0,0.47452363624291116,0.9942528735632183,1.0,0.6816099314144372,0.8777869475195056,0.9953480706705993,-0.6808497241575092,instance,informative
1,0.75,0.4,0.35,0.6,0.3553685843783523,0.3333333333333333,0.502317211710011,1.0,1.0,0.689790467984616,0.863689880221358,0.9989175127113558,0.722437198033483,instance,informative
0,0.5,0.6,0.65,0.3333333333333333,0.6477379818427911,1.0,0.5156174517378402,1.0,0.9857142857142858,0.6666666666666666,0.8772384771070615,0.999569480176141,-0.5785276984134275,instance,informative
0,0.6111111111111112,0.4,0.65,0.5333333333333333,0.6472335403379615,0.0,0.4847656358496032,0.9827586206896551,1.0,0.6667551676256909,0.8621787331177405,0.9956416807402882,-1.2240715762964887,instance,informative
1,0.0,0.2,0.35,0.7333333333333333,0.34056601424073174,0.5,0.5128095453289636,1.0,0.9857142857142858,0.6439332818107114,0.8740911079396488,0.9990196567863227,1.534331057511064,instance,informative
1,0.6666666666666667,0.0,0.35,0.4,0.36562764756165766,0.0,0.47741356753887676,0.9783950617283951,0.9857142857142858,0.5832237388215681,0.8866886022480377,0.9971109202523315,0.5595438657400745,instance,informative
1,0.33333333333333337,0.4,0.35,0.6666666666666666,0.33908266949284094,0.3333333333333333,0.5040866813910045,1.0,1.0,0.7262622485325615,0.8807951057276759,0.9967426612295422,1.3339361412074453,instance,informative
1,0.6,0.6,0.35,0.7333333333333333,0.3778378122015479,1.0,0.5059929902198295,1.0,1.0,0.66812010406164,0.8711460128211117,0.9911938595432088,-0.680853762232743,instance,informative
1,0.33333333333333337,0.6,0.35,0.26666666666666666,0.36462054008440326,1.0,0.5093158838825358,1.0,0.9857142857142858,0.6666666666666666,0.8700461530689613,0.9909889232721001,-0.19804526891366947,instance,informative
0,0.4,0.6,0.65,0.6666666666666666,0.6228118010513323,0.5,0.527455669532054,1.0,0.9571428571428572,0.6114035179794602,0.8730788607325229,0.994905052442059,0.04582402012061484,instance,informative
0,0.625,0.4,0.65,0.4,0.6305811203573035,0.0,0.48492348803435004,0.9885057471264368,0.9857142857142858,0.6666666666666666,0.8809176140471867,0.9950968319188163,-0.727283166745121,instance,informative
1,0.16666666666666663,0.2,0.35,0.7333333333333333,0.34941960770227176,0.5,0.5022241378612884,1.0,0.9571428571428572,0.6072457199093255,0.8718135299835454,0.9974025420339894,1.046415950580817,instance,informative
1,0.33333333333333337,0.6,0.35,0.6,0.36420442839584777,0.5,0.5489395658205533,1.0,1.0,0.668471118994273,0.8647309873670802,0.9995088874078226,-0.4685094710506824,instance,informative
0,0.8571428571428572,0.8,0.65,0.4,0.62263740892277,1.0,0.5017076734613115,1.0,0.9714285714285714,0.640795895321246,0.8387439039347492,0.9920679977868563,0.24981434428462665,instance,informative
1,0.25,0.2,0.35,0.7333333333333333,0.36481216201002564,0.0,0.49800129097136814,0.9969135802469136,0.9571428571428572,0.6327165695725255,0.8687998320067477,0.9900069972583876,0.1934343332482012,instance,informative
1,0.1428571428571429,0.0,0.35,0.7333333333333333,0.34100232983646983,0.0,0.47999661664515947,0.9845679012345679,0.9857142857142858,0.611264513673862,0.8682658722197213,0.9943097246132339,1.2351204563464964,instance,informative
1,0.33333333333333337,0.0,0.35,0.6,0.3561718451299662,0.0,0.46659641037974076,0.9660493827160493,1.0,0.69467400494778,0.8780080684450511,0.9995409558556311,1.511575524843279,instance,informative
1,0.11111111111111116,0.4,0.35,0.8666666666666667,0.3546314653384652,0.75,0.4924458505680923,0.9969135802469136,1.0,0.66954843757955,0.8906722761780005,0.9989467239326699,0.9679892016312224,instance,informative
0,0.6666666666666667,0.6,0.65,0.6,0.6758857869387899,0.0,0.49150691204128394,0.9942528735632183,0.9857142857142858,0.6491778387043974,0.8559503094584944,0.99451826340451,-1.5392046093926526,instance,informative
1,0.4242424242424242,0.8,0.35,0.6,0.34472153605335043,0.35294117647058826,0.5203746567135474,1.0,1.0,0.7293992070755831,0.9032907261849313,0.9969216884625296,0.5016038825646804,instance,informative
1,0.5,0.2,0.35,0.8666666666666667,0.34984573327032154,0.0,0.4833526636591162,0.9907407407407407,0.9857142857142858,0.6325856719709942,0.8786435795796717,0.9991139657902873,1.048763945935104,instance,informative
1,0.0,0.0,0.35,0.7333333333333333,0.32824186925382387,0.0,0.46986438569973044,0.9660493827160493,0.9714285714285714,0.6314072260938642,0.8822255836482077,0.9958896237285827,2.4939126170499804,instance,informative
1,0.375,0.6,0.35,0.5333333333333333,0.368451490012895,0.0,0.4962765788621688,0.9969135802469136,0.9857142857142858,0.6666666666666666,0.8696777431879146,0.99612222196019,0.666345061638813,instance,informative
1,0.6666666666666667,0.2,0.35,0.8666666666666667,0.3574239728797538,0.5,0.4637809870055346,0.9876543209876543,1.0,0.6867610440181963,0.8923087583872177,0.9981687219682752,0.12007942372950273,instance,informative
1,0.11111111111111116,0.4,0.35,0.4,0.3284623167204801,1.0,0.5087006741007718,1.0,0.9714285714285714,0.5910273565933638,0.8702817448764711,0.9937286043972361,2.131896031774765,instance,informative
0,0.5757575757575757,0.4,0.65,0.6666666666666666,0.6520489945468416,0.5,0.5197306204800535,1.0,1.0,0.6819715452191761,0.8901920409220226,0.9972375808698152,-1.1434694539619106,instance,informative
0,0.5,0.8,0.65,0.6666666666666666,0.6338147372195984,1.0,0.5219608775284328,1.0,1.0,0.7300631883361012,0.862979061537422,0.9944348903748677,-0.2368675556469129,instance,informative
1,0.16666666666666663,0.4,0.35,0.3333333333333333,0.3262731570270831,0.0,0.4851540293996155,0.9969135802469136,0.9571428571428572,0.5933731593344852,0.8368942741775657,0.9990302144285212,1.1585040033651839,instance,informative
1,0.33333333333333337,0.2,0.35,0.3333333333333333,0.32239973866757354,0.0,0.468996610697872,0.9876543209876543,0.9714285714285714,0.6583864892766961,0.8452473016674561,0.9983672557078682,0.9204562598047666,instance,informative
0,0.5,0.8,0.65,0.6666666666666666,0.6208317701609022,1.0,0.5157134326789307,1.0,0.9571428571428572,0.6432672924071515,0.8632889444273426,0.9987683530953713,1.3325046329864192,instance,informative
1,0.33333333333333337,0.6,0.35,0.7333333333333333,0.32396943713815096,0.0,0.4980548429409276,0.9969135802469136,0.9714285714285714,0.6395800526098602,0.8500926947747542,0.9994474663905077,1.241957843816786,instance,informative
1,0.0,0.2,0.35,0.7333333333333333,0.3321983279771132,0.0,0.4839949025657654,0.9907407407407407,0.9714285714285714,0.5728691320293757,0.8579835192195239,0.9997023468804781,0.8486297305420025,instance,informative
1,0.4,0.4,0.35,0.7333333333333333,0.3262069211801783,0.0,0.4941946441196382,0.9938271604938271,0.9142857142857143,0.5665072215876892,0.8493367597551238,0.9975853855161444,0.9029823148783223,instance,informative
1,0.4444444444444444,0.2,0.35,0.6,0.376534193468746,0.5,0.49117701452800133,0.9876543209876543,1.0,0.7258467363877869,0.8760039917032301,0.9979917536117543,0.037198442930912325,instance,informative
1,0.0,0.0,0.35,0.7333333333333333,0.3523639868167313,0.0,0.4866446376515642,0.9845679012345679,0.9571428571428572,0.6260401455846906,0.8438636907470402,0.9921873840932632,0.04208242710700355,instance,informative
1,0.19999999999999996,0.4,0.35,0.8666666666666667,0.3382650621691301,0.5,0.478939359342214,0.9969135802469136,0.9857142857142858,0.6402480116560377,0.8649588095530257,0.9975724969549579,1.5510517288791161,instance,informative
1,0.0,0.2,0.35,0.8666666666666667,0.3220136907906942,0.0,0.46806363477297075,0.9969135802469136,0.9714285714285714,0.6488299687891912,0.8702083951730747,0.9969321160929658,2.018322959322736,instance,informative
1,0.0,0.0,0.35,0.6,0.34914614058725857,0.0,0.4603906901657516,0.9783950617283951,0.9571428571428572,0.6058792353712675,0.8497456723927773,0.990257717118181,0.7159929078504429,instance,informative
1,0.6666666666666667,0.6,0.35,0.8666666666666667,0.3479372037882513,0.0,0.4917834028556304,0.9969135802469136,0.9714285714285714,0.6100041121743373,0.8688131323033257,0.9993622001486397,0.6468688698311228,instance,informative
1,0.375,0.4,0.35,0.4,0.35803293161100397,0.0,0.4971840154748799,0.9969135802469136,0.9857142857142858,0.6565092974211757,0.878198633450673,0.9977909645872456,0.6872361284576175,instance,informative
0,0.6666666666666667,0.8,0.65,0.4,0.6285072255091156,0.0,0.4908233811415197,0.9942528735632183,0.9857142857142858,0.6666666666666666,0.8595784807443334,0.9974166552855606,0.2855011400233935,instance,informative
1,0.1428571428571429,0.2,0.35,0.7333333333333333,0.36188730049730966,0.3333333333333333,0.4981276561732546,0.9969135802469136,1.0,0.6793818635700813,0.8895195863311532,0.999708669092027,0.8823469447541672,instance,informative
0,0.75,0.8,0.65,0.4,0.6553874938876255,1.0,0.5172681975911029,1.0,1.0,0.6754812576413374,0.8853030127205942,0.9989808529450077,-0.9934278165577064,instance,informative
1,0.33333333333333337,0.6,0.35,0.6,0.34591458371160455,1.0,0.5099118946497652,1.0,1.0,0.6901019506251372,0.880138533121627,0.9970708950241606,0.7010345172874908,instance,informative
1,0.4444444444444444,0.0,0.35,0.6,0.368495140630471,0.0,0.4730649927083188,0.9753086419753086,1.0,0.7434085590909373,0.8812714002134523,0.9865369328369675,0.0987193834296064,instance,informative
0,0.8571428571428572,0.8,0.65,0.4,0.6254920685674371,1.0,0.5526605858487279,1.0,0.9714285714285714,0.6320020864948916,0.861717898876776,0.9950919942192018,-0.647000759081584,instance,informative
0,0.8333333333333334,0.8,0.65,0.6,0.6380245760323484,1.0,0.5024326462582656,1.0,0.9714285714285714,0.643113559137513,0.8822356182131088,0.9968965193911484,-0.34592186244622597,instance,informative
1,0.0,0.2,0.35,0.6,0.3349323985655758,0.0,0.4549853151504518,0.9907407407407407,1.0,0.6863624644397407,0.8597321551516781,0.9960492336388446,0.877641974545855,instance,informative
0,0.5,0.8,0.65,0.4666666666666667,0.6258568106067527,1.0,0.5038055633781069,1.0,0.9714285714285714,0.6391943325334335,0.8673857295601906,0.996700532645109,-0.5720327463980381,instance,informative
1,0.33333333333333337,0.2,0.35,0.7333333333333333,0.3416610429490373,0.0,0.4992089255413945,0.9969135802469136,1.0,0.690250239017541,0.8602992657232392,0.9941655936177158,0.8105070169013936,instance,informative
0,0.5,0.6,0.65,0.4,0.6468559628095557,0.5,0.49997645115421807,0.9942528735632183,0.9714285714285714,0.6666666666666666,0.8700695540279325,0.9910125059444365,-0.01813550327467771,instance,informative
1,0.16666666666666663,0.4,0.35,0.6,0.36285270297561023,0.5,0.5020137127832626,1.0,0.9857142857142858,0.6375025894312377,0.8684833365209313,0.9925693424120942,0.7209209449470394,instance,informative
0,0.4444444444444444,0.8,0.65,0.5333333333333333,0.6765228201335707,1.0,0.5194934339614781,1.0,0.9857142857142858,0.6666666666666666,0.8601991672530245,0.998458548499739,-1.3481616600644395,instance,informative
1,0.1428571428571429,0.0,0.35,0.4,0.3284476950355759,0.0,0.4923432707971358,0.9845679012345679,0.9571428571428572,0.642776098053764,0.8736694268872447,0.9895004788010179,1.7981112216534911,instance,informative
0,0.375,0.2,0.65,0.5333333333333333,0.6457287352552382,0.2857142857142857,0.4982716650541418,0.9942528735632183,1.0,0.7181840554536494,0.8836316685824525,0.999597408640959,-0.42793999970396057,instance,informative
1,0.5,0.2,0.35,0.26666666666666666,0.3561201834994817,0.3333333333333333,0.5142856318723656,1.0,1.0,0.6860992397148866,0.8837035608726458,0.9964555574716791,0.37567226667680076,instance,informative
1,0.0,0.0,0.35,0.6666666666666666,0.3247313121788964,0.0,0.4722521526765918,0.9691358024691358,0.9571428571428572,0.6268426336835385,0.8382309148699056,0.9957079390855317,0.6945567826130188,instance,informative
1,0.5,0.0,0.35,0.4,0.33290249008251427,0.0,0.47276469363882767,0.9814814814814815,1.0,0.6988175842236326,0.8597128196079306,0.9966097505153338,1.3528175594763139,instance,informative
1,0.1428571428571429,0.2,0.35,0.7333333333333333,0.3322887697499176,0.0,0.4954999603178133,0.9938271604938271,1.0,0.6683141110928018,0.886407058661322,0.9990854459058102,1.8811659907107297,instance,informative
1,0.375,0.4,0.35,0.8666666666666667,0.363057142704298,0.0,0.4910799729770424,0.9969135802469136,0.9857142857142858,0.6417812163918571,0.8770996227299825,0.993597967428797,-0.28995277922259666,instance,informative
1,0.33333333333333337,0.2,0.35,0.8666666666666667,0.3648321347828664,0.0,0.4952789306245403,0.9876543209876543,0.9714285714285714,0.616512021765741,0.8725155167254302,0.9958097601074094,-0.7619614297136554,instance,informative
0,0.625,0.4,0.65,0.4,0.6242788111178812,0.5,0.49738359709245483,0.9942528735632183,1.0,0.7175545296560052,0.8856716917487694,0.9982135421625876,-0.3914212525871842,instance,informative
1,0.11111111111111116,0.2,0.35,0.8666666666666667,0.34033354303525665,1.0,0.5094769388803271,1.0,1.0,0.6978401492376325,0.8638266446818171,0.9944569025500457,0.9232089797599706,instance,informative
1,0.4242424242424242,0.8,0.35,0.6666666666666666,0.32535632030287787,0.0,0.4974320578858611,0.9969135802469136,1.0,0.6868447741959722,0.8637218453218841,0.9948468308311994,1.3658903206479502,instance,informative
1,0.0,0.2,0.35,0.8666666666666667,0.32373767479718163,0.0,0.4688552394235497,0.9907407407407407,1.0,0.6940980876367224,0.8637217145200716,0.9995549821357828,1.7088908266148974,instance,informative
1,0.4444444444444444,0.4,0.35,0.8666666666666667,0.336830459912453,1.0,0.5017755782975682,1.0,0.9857142857142858,0.6499238199485767,0.8621767713621564,0.9993787611354554,0.6257802949399649,instance,informative
1,0.5,0.4,0.35,0.4,0.3761862232503751,0.0,0.4874807804489111,0.9907407407407407,0.9714285714285714,0.6552133839348918,0.851186146486592,0.9915967367040954,-0.5449524770269938,instance,informative
1,0.5,0.2,0.35,0.4666666666666667,0.33388951240741616,1.0,0.5132739301228733,1.0,0.9714285714285714,0.6207667995096634,0.8768924642638828,0.9990139995952012,0.5168926149325223,instance,informative
1,0.19999999999999996,0.4,0.35,0.9333333333333333,0.3280954497138514,1.0,0.5064471385553575,1.0,1.0,0.7059650509795152,0.8872903233461046,0.9960553796728557,2.15272579643521,instance,informative
1,0.5,0.2,0.35,0.26666666666666666,0.3686553963174882,0.0,0.49098775383157856,0.9938271604938271,1.0,0.682339956493063,0.8658483859266699,0.9989140504342529,0.7193159898009042,instance,informative
1,0.33333333333333337,0.4,0.35,0.7333333333333333,0.36414676729681505,1.0,0.515834702841458,1.0,1.0,0.672243213403537,0.8549011763309688,0.9950364590769116,-0.21905434285644004,instance,informative
1,0.4242424242424242,0.6,0.35,0.6,0.35043524558673866,0.0,0.4992492346651063,0.9969135802469136,0.9857142857142858,0.6666666666666666,0.8638772893113056,0.9967745375576845,0.6586387531443945,instance,informative
1,0.38888888888888884,0.0,0.35,0.6,0.32490325106033274,0.0,0.477273430612685,0.9660493827160493,1.0,0.6798679006941944,0.8734573224275284,0.9983050764740324,1.5290153888652693,instance,informative
0,0.6111111111111112,0.8,0.65,0.6666666666666666,0.6249807421637857,0.5,0.5073345809351287,1.0,0.9857142857142858,0.6666666666666666,0.873152944914872,0.9909686302800869,-0.36456996665117,instance,informative
1,0.5,0.0,0.35,0.7333333333333333,0.3268771189477572,0.0,0.4671197220899891,0.9814814814814815,0.9714285714285714,0.6666666666666666,0.8788007081379201,0.9976976977374626,2.1345846173395926,instance,informative
1,0.33333333333333337,0.2,0.35,0.7333333333333333,0.3657837696890811,0.5,0.48535235178186387,0.9876543209876543,1.0,0.668076625260145,0.8695699473851112,0.9990904978908624,0.7097828492319982,instance,informative
0,0.4,0.6,0.65,0.5333333333333333,0.6364672544461324,1.0,0.5213372702383422,1.0,1.0,0.6904027663249742,0.8596024378921433,0.9994808358393236,0.1510363110785279,instance,informative
1,0.25,0.6,0.35,0.8666666666666667,0.3632187217557535,0.3333333333333333,0.551375477970969,1.0,0.9857142857142858,0.6521743901165379,0.8810234408638747,0.9977055287089963,0.6208371442296046,instance,informative
0,0.5,0.8,0.65,0.6666666666666666,0.6239952424565862,1.0,0.5103232180302293,1.0,1.0,0.6954267870016054,0.8712708044226142,0.9994202385168586,0.8121660836141084,instance,informative
1,0.25,0.2,0.35,0.7333333333333333,0.3622269585208896,0.3333333333333333,0.506901511992571,1.0,0.9857142857142858,0.6636663307760176,0.8689929927462843,0.9998379813214715,0.45838754353182026,instance,informative
0,0.5714285714285714,0.6,0.65,0.6666666666666666,0.6283463809824783,0.0,0.4912750482499153,0.9942528735632183,0.9714285714285714,0.619904610654157,0.86480066844793,0.9852927709005185,-0.24240456482462347,instance,informative
1,0.25,0.6,0.35,0.7333333333333333,0.32504305670094713,1.0,0.5207719874525499,1.0,0.9714285714285714,0.6642144843653445,0.8610375687111568,0.9998366987568268,1.42530243780785,instance,informative
0,0.6666666666666667,0.6,0.65,0.3333333333333333,0.6353522540470563,1.0,0.5253505198361451,1.0,0.9714285714285714,0.6085573492276258,0.849670402335528,0.9988776844064041,-0.34975790514499744,instance,informative
1,0.33333333333333337,0.0,0.35,0.7333333333333333,0.3344949679474305,0.0,0.4661976275866725,0.9506172839506173,1.0,0.6902793950358258,0.8679904588463317,0.9968296352697125,0.8690172038484764,instance,informative
1,0.25,0.4,0.35,0.7333333333333333,0.3421123859139163,0.0,0.4844587329281451,0.9938271604938271,0.9714285714285714,0.6539351379089599,0.8681844329791952,0.9996609420318399,0.4839337565133795,instance,informative
1,0.0,0.4,0.35,0.7333333333333333,0.358929680374779,0.5,0.4854408254954221,0.9969135802469136,0.9857142857142858,0.6054293393618952,0.8725178536324203,0.9989129057732801,0.2980500273826595,instance,informative
1,0.0,0.0,0.35,0.7333333333333333,0.33400090739860666,0.0,0.4754300483282069,0.9845679012345679,1.0,0.6747976675007631,0.8747239310914053,0.9929699495746798,1.3945359378525966,instance,informative
1,0.33333333333333337,0.2,0.35,0.7333333333333333,0.34944414176486616,1.0,0.5055706641160123,1.0,0.9714285714285714,0.6051708052564572,0.8616843112922943,0.9994538258788848,0.8654490144383268,instance,informative
1,0.16666666666666663,0.4,0.35,0.7333333333333333,0.35612601498422986,0.5,0.5573058795429271,1.0,1.0,0.7056073893025104,0.8853375452590118,0.9992824338157069,0.5615248047682532,instance,informative
1,0.1428571428571429,0.4,0.35,0.7333333333333333,0.3275382779463062,0.0,0.49518766861747854,0.9969135802469136,0.9857142857142858,0.6419911630425618,0.8513011663615467,0.9950692323245534,0.7690894171119111,instance,informative
1,0.0,0.0,0.35,0.6,0.3460756894229987,0.0,0.45583525332039365,0.9783950617283951,0.9714285714285714,0.6322651092615446,0.8679036484302218,0.9956684511796619,0.599760321411884,instance,informative
1,0.33333333333333337,0.4,0.35,0.7333333333333333,0.3383166342601732,0.0,0.47383361736476903,0.9969135802469136,0.9857142857142858,0.6604265954031716,0.8759475407697115,0.9992193990208018,0.8368206135419013,instance,informative
1,0.0,0.2,0.35,0.7333333333333333,0.35162771834828443,0.0,0.47372153756195134,0.9938271604938271,0.9857142857142858,0.6666666666666666,0.8588751506593824,0.9998788972800903,1.2669562017945986,instance,informative
1,0.6,0.4,0.35,0.6,0.37767870188468,0.6666666666666666,0.5001514233512453,1.0,1.0,0.6691494009511757,0.8767283989689869,0.9995653202993421,-0.8985667023359245,instance,informative
1,0.0,0.2,0.35,0.8666666666666667,0.3279727757664146,0.0,0.49068199108697375,0.9969135802469136,1.0,0.6738958412991776,0.8823406003805467,0.9965236296491526,1.9994270728668235,instance,informative
1,0.16666666666666663,0.0,0.35,0.7333333333333333,0.34300109947540913,0.0,0.4841635352447923,0.9783950617283951,0.9714285714285714,0.6241660023957901,0.8782337163836139,0.9953633301714783,0.9710634902425741,instance,informative
0,0.375,0.6,0.65,0.5333333333333333,0.6323795523286002,1.0,0.5186603428711785,1.0,1.0,0.7109526078432885,0.887266927820642,0.9994345460851237,0.9702437297351321,instance,informative
1,0.16666666666666663,0.2,0.35,0.2,0.33035479279989133,0.0,0.4891682168574456,0.9907407407407407,0.9857142857142858,0.6651902085435832,0.8562160419142824,0.9984082659018001,1.801559560454432,instance,informative
1,0.0,0.2,0.35,0.3333333333333333,0.35172404728696294,0.0,0.49251455371572805,0.9969135802469136,0.9428571428571428,0.5874763304459668,0.8415846166046581,0.9926357879155938,-0.10214583435123266,instance,informative
1,0.16666666666666663,0.2,0.35,0.8666666666666667,0.3523389623625248,0.25,0.4811992462019301,0.9876543209876543,0.9714285714285714,0.6631056409370076,0.8847336782669439,0.9949524842143239,0.5009143609991131,instance,informative
1,0.11111111111111116,0.6,0.35,0.8666666666666667,0.3427883426638439,1.0,0.5049525044121828,1.0,0.9714285714285714,0.6292360054835922,0.8626338286032038,0.9989888179000298,1.1339936124066021,instance,informative
1,0.16666666666666663,0.2,0.35,0.8666666666666667,0.3333155790157436,0.0,0.48019231774740434,0.9907407407407407,0.9857142857142858,0.6497298531598374,0.8542517036008833,0.9988051657371436,1.6268738234867244,instance,informative
1,0.1428571428571429,0.2,0.35,0.7333333333333333,0.348738855862198,1.0,0.5127872027457283,1.0,0.9571428571428572,0.6366785215677335,0.8734740214769838,0.9981839283343196,1.0439946855698639,instance,informative
1,0.11111111111111116,0.2,0.35,0.6666666666666666,0.34200080070734806,0.0,0.4821207164525576,0.9907407407407407,1.0,0.6954699692665931,0.8640414079660905,0.9954288427585577,1.5662939201382486,instance,informative
1,0.0,0.4,0.35,0.6666666666666666,0.3261132732228935,1.0,0.5097556677088794,1.0,0.9571428571428572,0.5808159871815679,0.8647268008461592,0.9985972798027167,0.5520702915054142,instance,informative
1,0.0,0.4,0.35,0.7333333333333333,0.3644393080066509,0.0,0.49204014810306584,0.9969135802469136,0.9714285714285714,0.6423684770625891,0.8432556622224824,0.9949946785049572,0.1038464038210927,instance,informative
1,0.625,0.6,0.35,0.3333333333333333,0.3495672386099562,0.0,0.49681331272696083,0.9969135802469136,0.9714285714285714,0.6565218371998157,0.878367712790193,0.9997076672306728,0.5978174494591014,instance,informative
0,0.6666666666666667,0.8,0.65,0.26666666666666666,0.644433923144315,1.0,0.5203884369065042,1.0,0.9857142857142858,0.6666666666666666,0.8546606500186397,0.9996670210481137,-1.200566439493707,instance,informative
1,0.16666666666666663,0.0,0.35,0.4,0.35967480029263305,0.0,0.4716833848979186,0.9814814814814815,1.0,0.6787848462364837,0.8784008499927718,0.9980668996947006,0.558946069778431,instance,informative
0,0.0,0.6,0.65,0.3333333333333333,0.6313102273488722,1.0,0.5108054735017351,1.0,0.9571428571428572,0.611931458117787,0.8388284099714053,0.9909090296318963,-0.04647491616262164,instance,informative
1,0.0,0.6,0.35,0.4,0.32278313680432413,1.0,0.5149686665134476,1.0,0.9571428571428572,0.5951275271947343,0.8537323027527612,0.9938472763374728,2.3500476729900397,instance,informative
0,0.6666666666666667,0.8,0.65,0.4,0.6687789173614064,0.8571428571428571,0.4955869316017396,0.9942528735632183,1.0,0.7101308022545562,0.8864732253753937,0.9948313921538023,-1.365299132542334,instance,informative
0,0.5,0.4,0.65,0.4,0.6328382442668318,0.3333333333333333,0.49875964086804436,0.9942528735632183,1.0,0.6780352767902763,0.8779045471696951,0.9976576002483432,0.005234324296481621,instance,informative
1,0.19999999999999996,0.4,0.35,0.6,0.3372360896234542,1.0,0.5207683217198387,1.0,0.9714285714285714,0.605892397655162,0.8705653673102789,0.9974523287360925,0.9477823902434838,instance,informative
1,0.16666666666666663,0.2,0.35,0.3333333333333333,0.34393977038981927,0.0,0.47515829095009465,0.9969135802469136,1.0,0.6700256802751134,0.8737039643462006,0.9960067098980669,1.5321791603999142,instance,informative
1,0.4285714285714286,0.2,0.35,0.8666666666666667,0.3645839347146159,0.14285714285714285,0.48300313216281066,0.9876543209876543,1.0,0.6673211638700051,0.900535534441377,0.999939579761097,0.0346272828568485,instance,informative
0,0.8333333333333334,0.6,0.65,0.4,0.6261809365536272,0.6666666666666666,0.5411985471723959,1.0,0.9857142857142858,0.6666666666666666,0.8859261905289577,0.998454162753142,-0.5284094130134462,instance,informative
0,0.8888888888888888,0.6,0.65,0.5333333333333333,0.637489507840653,1.0,0.5147815334964131,1.0,0.9857142857142858,0.6216753759774944,0.8829051490226567,0.99769119200403,-0.18544148442354297,instance,informative
0,0.5555555555555556,0.8,0.65,0.26666666666666666,0.6589282591776858,1.0,0.509351511456293,1.0,0.9571428571428572,0.6047629227116685,0.858126416628373,0.991615142774841,0.027401816613262603,instance,informative
1,0.0,0.2,0.35,0.8666666666666667,0.335347156421237,0.0,0.48850159089021084,0.9969135802469136,0.9857142857142858,0.6103575736942463,0.8794557087268853,0.9944727534822861,1.9178039031069516,instance,informative
1,0.16666666666666663,0.4,0.35,0.6666666666666666,0.32297231383044495,0.0,0.4661447274526589,0.9969135802469136,0.9857142857142858,0.6530087545358682,0.8635398569889011,0.9979844888675542,1.7739334030271112,instance,informative
1,0.1428571428571429,0.0,0.35,0.7333333333333333,0.32562920576731613,0.0,0.4772962436021959,0.9845679012345679,0.9714285714285714,0.5550210311538203,0.8731031859595533,0.9973413573846192,1.9182210474530268,instance,informative
1,0.1428571428571429,0.4,0.35,0.8666666666666667,0.3650431700117778,1.0,0.5365947510956224,1.0,1.0,0.6897885975843218,0.8803756129026309,0.9999888166219919,0.5347378693919391,instance,informative
1,0.25,0.2,0.35,0.6,0.3289649859500797,0.0,0.4960047915689201,0.9969135802469136,1.0,0.6927553784118944,0.8759010325972283,0.9933408616185054,1.3572713641233654,instance,informative
1,0.625,0.4,0.35,0.3333333333333333,0.3488866532532111,0.0,0.4790490281957016,0.9907407407407407,0.9857142857142858,0.6476728379720521,0.8603325736730277,0.999555756293611,0.9754037556878621,instance,informative
1,0.4444444444444444,0.2,0.35,0.7333333333333333,0.33758441658659954,0.0,0.4921437067300575,0.9969135802469136,0.9857142857142858,0.6425177538130186,0.8485283547740691,0.9951870121106352,0.6654385910814599,instance,informative
1,0.33333333333333337,0.2,0.35,0.8666666666666667,0.3552201336298637,0.0,0.4982161422652408,0.9969135802469136,1.0,0.6743298896032139,0.8790167602382346,0.9901765506623442,0.40784070016300683,instance,informative
1,0.5,1.0,0.35,0.6,0.3649220600928139,1.0,0.5136689239114707,1.0,1.0,0.7271073377465845,0.8869917541487122,0.997552898461533,0.25517356564610455,instance,informative
1,0.5,0.2,0.35,0.8666666666666667,0.3667725372145463,0.5,0.5150602310909929,1.0,0.9857142857142858,0.6440229619300638,0.8693760437296192,0.996237020930919,0.4936736064423405,instance,informative
1,0.4242424242424242,0.4,0.35,0.6666666666666666,0.32469652171049546,0.0,0.4825183509387878,0.9938271604938271,0.9857142857142858,0.6217315391942666,0.8709688990065229,0.9971467167294963,1.6869145788395374,instance,informative
0,0.6666666666666667,0.8,0.65,0.6666666666666666,0.6426872750801347,1.0,0.534000344809082,1.0,0.9857142857142858,0.6622617681099772,0.8770760961677126,0.9982574410385173,-0.6283646533377075,instance,informative
0,0.5555555555555556,1.0,0.65,0.3333333333333333,0.6413596550825078,1.0,0.5408082183425293,1.0,1.0,0.6814685243984159,0.8672110126782616,0.9988331702137208,-0.17440748154063482,instance,informative
1,0.33333333333333337,0.4,0.35,0.8666666666666667,0.34529133407912127,0.5,0.5153625962879217,1.0,0.9857142857142858,0.6444873867849454,0.8692954087873452,0.9990060490716612,0.9611913321613959,instance,informative
1,0.33333333333333337,0.6,0.35,0.7333333333333333,0.3217538085102124,0.0,0.4850112756346652,0.9969135802469136,0.9857142857142858,0.6372716428476612,0.838370107015943,0.9972060740364038,2.616585325549982,instance,informative
1,0.5,0.4,0.35,0.26666666666666666,0.36394348777623275,0.3333333333333333,0.49604720003580016,0.9938271604938271,1.0,0.6715385324949203,0.8712531196852219,0.9993472161609964,0.09646250861662617,instance,informative
0,0.75,1.0,0.65,0.6666666666666666,0.6603399125954375,1.0,0.6020853060633642,1.0,1.0,0.6742539608376812,0.8673938439847684,0.9944085720030326,-0.48383841919925946,instance,informative
1,0.5,0.8,0.35,0.7333333333333333,0.3501953826210082,0.0,0.4826131651336173,0.9969135802469136,0.9857142857142858,0.6666666666666666,0.8756195596399987,0.9951916246740421,1.3319763441855768,instance,informative
1,0.5,0.0,0.35,0.8666666666666667,0.373657085977705,0.2,0.482339550593205,0.9814814814814815,1.0,0.6697947035253309,0.8930605269925976,0.9966935245531561,-0.10345874144068849,instance,informative
1,0.33333333333333337,0.2,0.35,0.3333333333333333,0.36880787588309427,0.0,0.48489443469100557,0.9969135802469136,0.9857142857142858,0.6383851661309092,0.8675462426861071,0.9978941359930488,0.5470878526630888,instance,informative
1,0.5,0.2,0.35,0.6,0.3246349312707314,0.0,0.48146407903549227,0.9876543209876543,1.0,0.6749648101138847,0.8539925742691742,0.9995530438835084,1.2070122028493266,instance,informative
1,0.19999999999999996,0.6,0.35,0.8666666666666667,0.32689063621966086,1.0,0.5064249861732215,1.0,0.9857142857142858,0.6406572195060477,0.8570723258809397,0.998048155870535,1.2524702572206934,instance,informative
1,0.33333333333333337,0.2,0.35,0.3333333333333333,0.3288914725570735,0.0,0.4968141556622562,0.9876543209876543,1.0,0.690674838033355,0.8625479399571158,0.9979459064680393,1.379743723768216,instance,informative
1,0.5,0.4,0.35,0.26666666666666666,0.36310282143406586,0.0,0.4839828258946004,0.9907407407407407,0.9857142857142858,0.6490779139828539,0.8652561239353908,0.997261443468021,0.03658650043336581,instance,informative
0,0.5,0.8,0.65,0.5333333333333333,0.6219588867656652,0.625,0.5136586936230061,1.0,1.0,0.6846426151401307,0.8846582512455491,0.9959699616958715,1.0707961910103045,instance,informative
1,0.1428571428571429,0.2,0.35,0.7333333333333333,0.37787956736555584,0.0,0.49546845225031766,0.9969135802469136,0.9571428571428572,0.6336231608399526,0.8684545269479871,0.9987679783670776,0.43830616688228946,instance,informative
0,0.5,0.6,0.65,0.6666666666666666,0.6190472951854783,1.0,0.5130298879867066,1.0,0.9857142857142858,0.6666666666666666,0.8744091566042181,0.9978647049729823,0.6256882589745517,instance,informative
1,0.19999999999999996,0.6,0.35,0.8666666666666667,0.33904679118516967,0.5,0.5066169884942855,1.0,1.0,0.6700794005355853,0.8804969856431221,0.9968113079888996,0.491253795867936,instance,informative
1,0.0,0.2,0.35,0.8666666666666667,0.3654133388648103,0.0,0.46022154324333286,0.9907407407407407,0.9857142857142858,0.6531129863539394,0.8732487973209508,0.9993581197785611,-0.06229092088813877,instance,informative
1,0.33333333333333337,0.4,0.35,0.3333333333333333,0.35341214878160654,0.0,0.4992214803667888,0.9969135802469136,1.0,0.6698924596667555,0.857423729453898,0.9975676927877903,0.32025776755792057,instance,informative
1,0.38888888888888884,0.4,0.35,0.7333333333333333,0.3466018804501178,0.4,0.5232987451599627,1.0,1.0,0.7226855530141763,0.8898547170400393,0.9972329025702682,0.8323523260991466,instance,informative
1,0.0,0.2,0.35,0.7333333333333333,0.36074669537409065,0.0,0.4938510667116589,0.9969135802469136,1.0,0.668039339596848,0.8497581816398796,0.9993839631156111,0.7932167339216635,instance,informative
1,0.16666666666666663,0.2,0.35,0.7333333333333333,0.32934326586104545,0.0,0.4874485758774809,0.9907407407407407,0.9571428571428572,0.6320771852209662,0.8590829400162434,0.9999366119541038,1.5664790184089048,instance,informative
0,0.625,1.0,0.65,0.4,0.6525045642328419,1.0,0.5238053495113011,1.0,0.9857142857142858,0.6482749528139851,0.8709206345531258,0.9984008024361941,-1.269656873069999,instance,informative
1,0.33333333333333337,0.4,0.35,0.7333333333333333,0.34589025216811675,0.3333333333333333,0.48619638715142544,0.9969135802469136,1.0,0.6735461072952286,0.8738962129387944,0.9961950660458047,0.5011017827842457,instance,informative
0,0.6666666666666667,0.6,0.65,0.5333333333333333,0.6285592044673142,0.5,0.5348599889233199,1.0,1.0,0.6740459390501128,0.8716799981388113,0.9989983366302434,0.4776417353415381,instance,informative
1,0.5,0.0,0.35,0.26666666666666666,0.37428194418483307,0.0,0.47669812229706643,0.9814814814814815,0.9714285714285714,0.6294784660790641,0.8608193877528352,0.9953066091207291,0.22093789962530744,instance,informative
0,0.5555555555555556,0.8,0.65,0.6666666666666666,0.6193010111988891,1.0,0.5352585778914538,1.0,0.9857142857142858,0.6530525600863292,0.841399300684848,0.9847239483459753,0.826201761638902,instance,informative
0,0.5,0.6,0.65,0.4,0.6302714546050535,0.5,0.49507715793369644,0.9942528735632183,1.0,0.7000541576690045,0.8570489419666543,0.9998643345079488,-0.05789032159911022,instance,informative
0,0.6666666666666667,0.8,0.65,0.26666666666666666,0.6697065705062221,0.6666666666666666,0.5364234817069564,1.0,1.0,0.7229722038009464,0.8761918398198597,0.9988940999709726,-1.8764651988478058,instance,informative
1,0.4444444444444444,0.4,0.35,0.8666666666666667,0.3524377767184913,0.5,0.510574420082467,1.0,1.0,0.6835928270647059,0.8886768066876093,0.9998444740611785,0.5741404792507335,instance,informative
1,0.5,0.6,0.35,0.4,0.3810735173946771,0.42857142857142855,0.4956568617255278,0.9969135802469136,1.0,0.7154535228627805,0.8749380092062503,0.9985735810826615,-0.3371548165177863,instance,informative
1,0.33333333333333337,0.2,0.35,0.8666666666666667,0.3358950325885893,0.3333333333333333,0.4763427123917109,0.9907407407407407,1.0,0.6921202384199834,0.8659634172604367,0.9940520546535542,1.2199583832697054,instance,informative
1,0.16666666666666663,0.2,0.35,0.7333333333333333,0.3225955862414466,1.0,0.5084899986316647,1.0,0.9857142857142858,0.6384689311565346,0.8502073019402868,0.9991859804851206,2.7864731233847784,instance,informative
1,0.4242424242424242,0.6,0.35,0.9333333333333333,0.36470777155751405,0.0,0.4895593015531535,0.9938271604938271,1.0,0.7137867032443584,0.8896711926350621,0.9997404946703261,0.07397499156112251,instance,informative
0,0.8,0.8,0.65,0.3333333333333333,0.6415026468810457,1.0,0.5267377204826758,1.0,0.9857142857142858,0.6666666666666666,0.8622265267500427,0.9992844068042557,-0.8369509503094245,instance,informative
1,0.0,0.2,0.35,0.6,0.33148795955146715,0.0,0.4732059103891564,0.9907407407407407,0.9714285714285714,0.6344001241537304,0.8729809378010736,0.9987902093715174,1.677587618576788,instance,informative
1,0.11111111111111116,0.4,0.35,0.3333333333333333,0.3510448554213129,0.0,0.4820784976996765,0.9938271604938271,1.0,0.6826534883782204,0.8652915236387831,0.9998535245656678,0.7663525070090084,instance,informative
1,0.0,0.6,0.35,0.8666666666666667,0.3257010805756487,1.0,0.5006426224188942,1.0,0.9857142857142858,0.621319648886381,0.8595311815359624,0.9967689404939235,1.8354039477523427,instance,informative
1,0.0,0.4,0.35,0.8666666666666667,0.3308218543609245,0.0,0.48877170146215776,0.9907407407407407,1.0,0.6706812138384526,0.8671072948269897,0.998449754289232,1.0324898909361275,instance,informative
0,0.6666666666666667,0.6,0.65,0.8,0.65430480099312,0.0,0.49072383842439715,0.9942528735632183,0.9857142857142858,0.6666666666666666,0.8843219246086287,0.9999781262318768,-1.0119328057825976,instance,informative
1,0.33333333333333337,0.2,0.35,0.7333333333333333,0.35401182268436926,0.25,0.5089823104511231,1.0,0.9857142857142858,0.6426967477610774,0.8811756756462258,0.9987317105522231,0.8981578521839871,instance,informative
1,0.33333333333333337,0.6,0.35,0.6666666666666666,0.3227694136279907,0.0,0.4662715862016631,0.9969135802469136,0.9571428571428572,0.6377600853854922,0.8511104268451508,0.9965922177192271,1.7606938633326419,instance,informative
1,0.0,0.2,0.35,0.8666666666666667,0.33673744378225834,0.5,0.49869536841295814,0.9938271604938271,1.0,0.6714780692922737,0.8619293044310989,0.9960024517538527,1.0933222890013292,instance,informative
1,0.8,0.2,0.35,0.6666666666666666,0.3399763259114824,0.0,0.49217028988296274,0.9907407407407407,0.9571428571428572,0.5547251086062377,0.860411868229068,0.9984341208740798,0.8641687413377004,instance,informative
0,0.6666666666666667,0.8,0.65,0.5333333333333333,0.6437900349136595,1.0,0.5133375093603634,1.0,1.0,0.702904687325742,0.8909519926834356,0.9994871392043795,-0.5148238516151796,instance,informative
1,0.0,0.0,0.35,0.6666666666666666,0.3522772348646036,0.0,0.44980098179733186,0.9783950617283951,0.9857142857142858,0.6606734160632913,0.8716155019151879,0.9998523300725333,0.30830206173123953,instance,informative
1,0.5,0.6,0.35,0.8666666666666667,0.3642772668897495,0.0,0.49944644329317167,0.9969135802469136,0.9857142857142858,0.6275969236248463,0.8749335378171725,0.996351191952342,1.0756074092075065,instance,informative
1,0.6,0.2,0.35,0.4,0.37592975474096935,0.5,0.4783202813801857,0.9938271604938271,1.0,0.7133749922697536,0.8928773551225212,0.9997619782509338,0.1044623747335374,instance,informative
1,0.5,0.4,0.35,0.7333333333333333,0.3419209402290697,1.0,0.5057111454338965,1.0,0.9857142857142858,0.5900385292606205,0.862013278316482,0.9958514779424599,1.3179552649549306,instance,informative
1,0.0,0.2,0.35,0.6666666666666666,0.3275271871077239,0.5,0.4914239957854476,0.9969135802469136,1.0,0.6851679292171958,0.8704072567553497,0.9932374958677738,2.3017805401249234,instance,informative
1,0.16666666666666663,0.2,0.35,0.7333333333333333,0.3296657327716809,0.0,0.4802263678372173,0.9876543209876543,1.0,0.6687676534791929,0.8725110943522127,0.9997228915112686,1.3430161532936518,instance,informative
1,0.1428571428571429,0.6,0.35,0.7333333333333333,0.37011544691964815,0.0,0.48517689246838647,0.9969135802469136,0.9857142857142858,0.6617284918757196,0.8675617116210336,0.9988302286317908,-0.04561063264593167,instance,informative
0,0.4,0.6,0.65,0.6666666666666666,0.6282880915190899,0.0,0.4975973765058881,0.9942528735632183,0.9857142857142858,0.6247047058547726,0.8672379880701239,0.9923328278378718,-0.04159561541689411,instance,informative
1,0.33333333333333337,0.2,0.35,0.6666666666666666,0.3326021356598523,0.0,0.4822245392711937,0.9938271604938271,1.0,0.7007447795206271,0.8697982822462014,0.9999512190580263,0.9056840986181092,instance,informative
1,0.33333333333333337,0.6,0.35,0.7333333333333333,0.35000241740019356,0.5,0.4870477186963016,0.9969135802469136,0.9714285714285714,0.6553030749295049,0.8730151083699822,0.9987697715602714,1.5762314520478184,instance,informative
1,0.19999999999999996,0.0,0.35,0.6,0.3340019071723108,0.0,0.47321057484914664,0.9783950617283951,0.9714285714285714,0.5851288756043541,0.855462735382785,0.9964444249242437,0.9343717330600221,instance,informative
1,0.1428571428571429,0.2,0.35,0.6666666666666666,0.32316005180592605,0.0,0.4891893647460348,0.9907407407407407,0.9857142857142858,0.6370836869346658,0.8505733390085057,0.9941791949979317,1.2815945975818661,instance,informative
1,0.0,0.2,0.35,0.6666666666666666,0.338030776289581,0.0,0.46672908547926917,0.9876543209876543,0.9857142857142858,0.6514807893482122,0.8754762282517946,0.998400098751074,1.2011230206254828,instance,informative
1,0.5,0.2,0.35,0.6,0.3367879794833797,0.0,0.4893165989944641,0.9938271604938271,1.0,0.7495773361193723,0.8776518643794391,0.9968415341539627,0.8815285667444116,instance,informative
0,0.6,0.6,0.65,0.6666666666666666,0.6337284067087171,1.0,0.5154008200076698,1.0,1.0,0.6891045604023303,0.8750014573066535,0.9988955409149439,-0.8368925181448462,instance,informative
0,0.6666666666666667,0.8,0.65,0.26666666666666666,0.6578542525730421,1.0,0.5233852800427861,1.0,0.9714285714285714,0.6666666666666666,0.87375705445529,0.9998625706044522,-1.0733888831430625,instance,informative
1,0.375,0.4,0.35,0.7333333333333333,0.3497962438420849,1.0,0.5170403606074936,1.0,0.9714285714285714,0.6312879702537845,0.8654076740767453,0.9959140375802685,0.9166379768944307,instance,informative
1,0.5,0.4,0.35,0.4,0.34447049639546634,0.3333333333333333,0.5112179667667639,1.0,0.9857142857142858,0.6244910260947404,0.8753765979158755,0.9963996693709986,0.8092571405320648,instance,informative
1,0.1428571428571429,0.4,0.35,0.4,0.3461433140680582,1.0,0.5108064589076542,1.0,0.9857142857142858,0.6259354196869733,0.8744458230490899,0.9999204531889135,1.6891640121977878,instance,informative
1,0.33333333333333337,0.0,0.35,1.0,0.34116729398133616,0.0,0.46717275964415184,0.9845679012345679,0.9857142857142858,0.662966269007088,0.8787128353464383,0.9972203716939675,0.9197628148214542,instance,informative
1,0.0,0.0,0.35,0.4,0.35799852781338226,0.0,0.48140741341508,0.9845679012345679,1.0,0.688410873418315,0.8764706215599123,0.9980333418616381,0.48949094492711975,instance,informative
1,0.6,0.2,0.35,0.6,0.3362170302566556,0.0,0.4909232462008474,0.9907407407407407,1.0,0.684423365139763,0.8691527993741919,0.9968231891403488,1.0845116462912547,instance,informative
1,0.0,0.4,0.35,0.7333333333333333,0.34417242117524405,0.6666666666666666,0.5119511674792452,1.0,1.0,0.7025481026974383,0.8746824264992478,0.9940325090302742,1.222903334631697,instance,informative
0,0.33333333333333337,0.8,0.65,0.6666666666666666,0.6324960628087082,1.0,0.5153184673910556,1.0,1.0,0.7089719220665978,0.8683413850428998,0.9952798688473781,0.32066052734455447,instance,informative
1,0.11111111111111116,0.0,0.35,0.7333333333333333,0.32381998623629404,0.0,0.48519441758842075,0.9783950617283951,0.9857142857142858,0.6101510576976452,0.8675065995041854,0.9972598951465559,2.4942564436459325,instance,informative
1,0.19999999999999996,0.2,0.35,0.8666666666666667,0.3236555591409319,1.0,0.5079846958205219,1.0,0.9857142857142858,0.5768780360110811,0.8663804621153555,0.9908283167901287,1.9720689903193602,instance,informative
1,0.0,0.4,0.35,0.6,0.33313639548179597,0.0,0.4788839834304185,0.9938271604938271,0.9857142857142858,0.6531473812631845,0.8623635453225125,0.9947501469387277,0.5685816206870384,instance,informative
1,0.625,0.2,0.35,0.8666666666666667,0.3626436508833153,0.0,0.4949337529840233,0.9938271604938271,0.9857142857142858,0.6429199975343881,0.871847026768695,0.9980679693274578,0.5238541415013346,instance,informative
1,0.33333333333333337,0.8,0.35,0.7333333333333333,0.3481867667584405,1.0,0.5004863028259046,1.0,0.9857142857142858,0.6183510890731047,0.8756304384237475,0.9998731161918161,0.16218185601744986,instance,informative
0,0.33333333333333337,0.4,0.65,0.6666666666666666,0.633878791301162,0.2,0.48651523985403566,0.9827586206896551,0.9714285714285714,0.6666666666666666,0.8862711760843323,0.9987521197638405,-0.1061350048006687,instance,informative
0,0.5,0.4,0.65,0.5333333333333333,0.6296517535280043,0.0,0.4864835542464999,0.9942528735632183,0.9857142857142858,0.6269662544125906,0.8728985927961128,0.9988596525216572,0.003580490190947949,instance,informative
0,0.5,0.6,0.65,0.3333333333333333,0.6235854662107942,0.0,0.4795921338003255,0.9942528735632183,0.9857142857142858,0.6369220184514544,0.8778281876138873,0.9983110967318948,1.4716300087609526,instance,informative
0,0.0,0.8,0.65,0.3333333333333333,0.6252351109908992,0.5,0.49274912050944497,0.9942528735632183,0.9571428571428572,0.5756804221041647,0.8715494037823935,0.9992111787277466,1.503720571298565,instance,informative
0,0.6666666666666667,0.8,0.65,0.4,0.6358574885392095,0.0,0.499005316770311,0.9942528735632183,0.9857142857142858,0.5600483576023471,0.8587798959346131,0.9994844850701378,0.873670678743761,instance,informative
0,0.5,0.8,0.65,0.4,0.6327832533033938,0.5,0.49271044618969884,0.9942528735632183,0.9857142857142858,0.6666666666666666,0.8632244726144717,0.9949689429256253,0.5956328843806291,instance,informative
0,0.33333333333333337,0.8,0.65,0.4666666666666667,0.6394433306754457,1.0,0.5111262433438806,1.0,1.0,0.6846801753757629,0.8795198825614217,0.9971621356504579,-0.08091160129046057,instance,informative
1,0.375,0.6,0.35,0.6,0.3702429439221912,1.0,0.5071507941945042,1.0,0.9857142857142858,0.643040254854037,0.8626812961349785,0.9996535943718698,-0.3383856173233441,instance,informative
1,0.75,0.4,0.35,0.6666666666666666,0.37432378288681134,1.0,0.5301901647400211,1.0,1.0,0.6714115302336635,0.8725708331019226,0.9917573274461062,0.19602932579249233,instance,informative
0,0.75,1.0,0.65,0.5333333333333333,0.645740253400141,1.0,0.5182778885878361,1.0,1.0,0.6872372968495901,0.8755647444031054,0.9991138842376996,-0.8275922420835456,instance,informative
1,0.0,0.4,0.35,0.6666666666666666,0.3493460643295253,1.0,0.5003876401967496,1.0,0.9857142857142858,0.6167373336078897,0.8560747237692174,0.9935754125657235,0.36623944374083073,instance,informative
0,0.4545454545454546,0.8,0.65,0.4,0.6305546968139505,1.0,0.5136651918570014,1.0,0.9714285714285714,0.6628651408166039,0.8634711335071352,0.9997799052631017,0.9179674267625942,instance,informative
0,0.4444444444444444,0.8,0.65,0.6666666666666666,0.6452694872308308,1.0,0.5208500682233408,1.0,0.9714285714285714,0.6353268174386555,0.8621770677818564,0.998052760017492,0.7515559415404054,instance,informative
0,0.0,0.6,0.65,0.4,0.6475395825126251,0.0,0.46153866364562834,0.9885057471264368,0.9714285714285714,0.6142604320821041,0.845735540954555,0.9999899662210412,0.563640483243152,instance,informative
0,0.5757575757575757,0.4,0.65,0.6666666666666666,0.6510037690801543,0.0,0.49712987336708614,0.9942528735632183,0.9714285714285714,0.6356594482094189,0.8744781819688603,0.9977471110839392,-0.4860328875741398,instance,informative
0,0.33333333333333337,0.4,0.65,0.6666666666666666,0.6276626341279963,1.0,0.503134655815223,1.0,0.9857142857142858,0.6666666666666666,0.8637572415483721,0.9987644635035672,-0.1648985062101594,instance,informative
0,0.5,0.4,0.65,0.4,0.6320625123568712,1.0,0.5016115511578516,1.0,0.9714285714285714,0.6549840827119258,0.8564213688249497,0.9990434544397581,-0.005664996877982278,instance,informative
0,0.6666666666666667,0.8,0.65,0.3333333333333333,0.6293945013323209,0.6666666666666666,0.4795815777879199,0.9942528735632183,0.9857142857142858,0.6666666666666666,0.8880958754963719,0.9999501928115967,0.23004473794925612,instance,informative
0,0.25,0.8,0.65,0.6666666666666666,0.6304904216089021,0.6666666666666666,0.5105518911768236,1.0,0.9857142857142858,0.6666666666666666,0.8835677581214297,0.999430649711503,0.5442346433480977,instance,informative
0,0.19999999999999996,0.2,0.65,0.3333333333333333,0.6300277931182686,0.0,0.4619979874025357,0.9770114942528736,0.9714285714285714,0.6666666666666666,0.869675776481456,0.997972641121481,0.8840287083107699,instance,informative
0,0.7272727272727273,0.0,0.65,0.6666666666666666,0.6239784377644654,0.0,0.4726104200284036,0.9712643678160919,1.0,0.7290714963182403,0.8854234731013104,0.9959737766008955,0.8355418304125051,instance,informative
0,0.33333333333333337,0.4,0.65,0.4,0.6427413438511761,0.0,0.49834398348327935,0.9942528735632183,0.9857142857142858,0.6666666666666666,0.8637534619702137,0.9957822731069141,1.1962730932610177,instance,informative
0,0.7777777777777778,1.0,0.65,0.4,0.6471066559647055,1.0,0.5229630514605002,1.0,1.0,0.7051815943440493,0.8659370990942976,0.9998837627320357,1.2727838147608244,instance,informative
0,0.5,0.6,0.65,0.4,0.6316421481333112,0.0,0.4854830036698461,0.9942528735632183,1.0,0.681957407954156,0.8644890289060929,0.9963485234469441,0.18209991691464325,instance,informative
1,0.6666666666666667,0.6,0.35,0.8666666666666667,0.3332883818583422,1.0,0.5013773525437777,1.0,0.9571428571428572,0.6396825797990205,0.8481871088875926,0.9988343261057464,1.5675298605425578,instance,informative
0,0.33333333333333337,0.2,0.65,0.6,0.6225332520101224,0.0,0.47837071979044565,0.9770114942528736,1.0,0.6937736251479459,0.8700939894200608,0.993235094532173,0.8246549148843849,instance,informative
0,0.5,0.6,0.65,0.6666666666666666,0.6410519487239952,1.0,0.5146243987449917,1.0,1.0,0.6885596814171964,0.8650896171462981,0.9981744768194712,-0.6704725190377265,instance,informative
0,0.5,0.4,0.65,0.26666666666666666,0.6406751559616239,1.0,0.5283157194759107,1.0,0.9857142857142858,0.6666666666666666,0.8578700874404874,0.9850844567136293,-0.2596813816240467,instance,informative
1,0.5,0.8,0.35,0.6666666666666666,0.3221006185430131,0.0,0.489773859629565,0.9969135802469136,0.9,0.6022047993005558,0.8322073985239123,0.9921505995479882,1.8500183282646387,instance,informative
0,0.5757575757575757,0.4,0.65,0.26666666666666666,0.6230350021518732,1.0,0.5071179142354824,1.0,1.0,0.6827495060271119,0.8821228437583224,0.9995246534632752,-0.06537376900923314,instance,informative
0,0.5,0.4,0.65,0.4666666666666667,0.6412553355931121,1.0,0.5019275400921788,1.0,0.9714285714285714,0.6666666666666666,0.8643629309861103,0.9947095879362682,0.008593792182234966,instance,informative
0,0.0,0.2,0.65,0.26666666666666666,0.6283121279573574,0.0,0.46614636755962846,0.9827586206896551,0.9857142857142858,0.6645633698733061,0.8731059684055732,0.993225658288228,1.1276640971663439,instance,informative
0,0.5,0.4,0.65,0.4,0.6224837525315688,0.0,0.49292372608194734,0.9885057471264368,1.0,0.6838986189322023,0.8829817478688845,0.9995934921242021,1.2912057838737179,instance,informative
1,0.5,0.6,0.35,0.4,0.37707726354917337,1.0,0.5063608223386273,1.0,1.0,0.6828633185740997,0.8709785548373862,0.9997120435136526,-1.2831241167111245,instance,informative
0,0.33333333333333337,0.6,0.65,0.5333333333333333,0.625696892668238,0.0,0.4908729334720535,0.9942528735632183,1.0,0.69093295841472,0.8573403214078399,0.9995153855854932,0.7438895759501354,instance,informative
0,0.4444444444444444,0.2,0.65,0.4,0.6239162725702575,0.0,0.4933399670512135,0.9942528735632183,1.0,0.6698622702447782,0.8782923491579453,0.9940004110820285,1.3692186599207297,instance,informative
0,0.7777777777777778,0.4,0.65,0.6,0.6414717631767828,0.5,0.4996495608192624,0.9942528735632183,1.0,0.6774888099126976,0.8777860529581212,0.9990303925976743,0.36024615143760497,instance,informative
1,0.33333333333333337,0.4,0.35,0.6666666666666666,0.3440059027981558,0.7777777777777778,0.508188410111208,1.0,1.0,0.6963922184522072,0.8806189937042775,0.9996551017582643,0.8945376347673156,instance,informative
0,0.25,0.4,0.65,0.6666666666666666,0.6181422477111326,0.0,0.46912372804982627,0.9885057471264368,1.0,0.6984504703044002,0.8636267702884816,0.9983845566413373,1.1235890246092217,instance,informative
0,0.5,0.2,0.65,0.5333333333333333,0.6179447632408083,0.0,0.4942084686392543,0.9942528735632183,1.0,0.6828934109443543,0.876615444447355,0.996392983243899,1.509141748579237,instance,informative
0,0.4,0.4,0.65,0.6666666666666666,0.6367193036224362,1.0,0.5118411211093994,1.0,0.9857142857142858,0.6666666666666666,0.8561862121701409,0.9993691754216902,0.6284532470272349,instance,informative
0,0.6666666666666667,0.4,0.65,0.6666666666666666,0.6284130220459837,0.0,0.4965574490724226,0.9827586206896551,1.0,0.6975696385252901,0.8690346254659543,0.9965388905840601,0.5960935336534808,instance,informative
0,0.6111111111111112,0.4,0.65,0.3333333333333333,0.6291969379930012,1.0,0.5028473325011402,1.0,1.0,0.6709459328085295,0.8462715419524411,0.9973584782543744,-0.7997432163828652,instance,informative
0,0.25,0.8,0.65,0.6666666666666666,0.6515729779498519,0.5,0.48305483879132116,0.9942528735632183,1.0,0.6833390343118454,0.8760198991332898,0.9942768633240121,-0.7916455051584522,instance,informative
0,0.19999999999999996,0.6,0.65,0.6666666666666666,0.6344461353529341,1.0,0.5016332427571768,1.0,1.0,0.6863369413976682,0.8749545765969002,0.9934029614453317,0.2869540384563954,instance,informative
0,0.5714285714285714,0.8,0.65,0.6666666666666666,0.6504253012185637,1.0,0.5140391886605786,1.0,1.0,0.6680662178095783,0.8769342052564733,0.9971514112610101,-0.4235187388489721,instance,informative
1,0.5,0.6,0.35,0.6666666666666666,0.34416708087056064,0.0,0.4773919119018242,0.9969135802469136,0.9714285714285714,0.6267732293882261,0.859896559747212,0.994020910510343,-0.6644639464918655,instance,informative
0,0.0,0.2,0.65,0.6,0.6359889301447761,0.0,0.495382817347955,0.9827586206896551,1.0,0.6684960972469485,0.8702428915909273,0.9970564362328598,0.97648188069468,instance,informative
0,0.0,0.6,0.65,0.26666666666666666,0.6298533410802581,0.0,0.47247047774588025,0.9942528735632183,1.0,0.6671635413810113,0.8660007974866224,0.9994610408672339,0.3448321205553426,instance,informative
0,0.0,0.4,0.65,0.6666666666666666,0.6273503111064518,0.0,0.4960888811619476,0.9942528735632183,0.9571428571428572,0.6241040427768076,0.8656755741974961,0.9950177901915124,-0.8349548621914138,instance,informative
1,0.0,0.2,0.35,0.26666666666666666,0.32739534465742237,0.0,0.4773291242573078,0.9907407407407407,0.9714285714285714,0.5916162910673558,0.8672656076040793,0.9846020253360187,1.2414740189701687,instance,informative
1,0.16666666666666663,0.0,0.35,0.6,0.341601030837699,0.0,0.4720602715332747,0.9691358024691358,0.9857142857142858,0.6296776084857446,0.8487312050481669,0.9917614447101013,0.9501079711270018,instance,informative
0,0.6111111111111112,0.4,0.65,0.6666666666666666,0.6351830661851472,0.5,0.5034573845927472,1.0,1.0,0.7011052584865844,0.8827337009834771,0.9863678719676752,-0.227059322152005,instance,informative
1,0.0,0.0,0.35,0.6,0.3406711693237636,0.25,0.48916758332056065,0.9845679012345679,1.0,0.6801393401933131,0.8820444913431935,0.9991903146447456,0.6752351585672376,instance,informative
1,0.33333333333333337,0.4,0.35,0.6666666666666666,0.3286487172110335,0.5,0.5108332466419863,1.0,0.9714285714285714,0.6627781622176363,0.8609258277979062,0.9930257285155132,1.2708320105996354,instance,informative
0,0.6,1.0,0.65,0.26666666666666666,0.6474191033579779,1.0,0.5151062933873493,1.0,0.9714285714285714,0.6453930013347018,0.8605954564838775,0.9921558510947439,-1.137483644728216,instance,informative
1,0.5555555555555556,0.4,0.35,0.4666666666666667,0.33865560257525174,0.0,0.49710454823008887,0.9938271604938271,0.9714285714285714,0.5252739559477585,0.8663307867584598,0.9959846104637716,0.38200632153408604,instance,informative
0,0.5757575757575757,0.8,0.65,0.3333333333333333,0.6736530911254367,1.0,0.5353628412003483,1.0,0.9714285714285714,0.6567564011204213,0.8633455277374648,0.9949387602473072,-1.5953211483560719,instance,informative
1,0.5,0.2,0.35,0.6666666666666666,0.3279871183427664,0.0,0.4847833437998107,0.9907407407407407,1.0,0.6803909342315925,0.8690324504815876,0.9959428213682175,0.7321590316552117,instance,informative
1,0.5,0.4,0.35,0.7333333333333333,0.3596739491833998,1.0,0.518266584555714,1.0,1.0,0.72542311948974,0.8764207027052447,0.9965398889993697,0.7460739144406883,instance,informative
1,0.2727272727272727,0.2,0.35,0.3333333333333333,0.3502781193147517,1.0,0.5059103409098479,1.0,0.9857142857142858,0.6478533357691986,0.8486660279446783,0.9894893885316696,-0.605725892933568,instance,informative
1,0.0,0.2,0.35,0.8666666666666667,0.3344045765336161,0.0,0.4670875549553839,0.9876543209876543,0.9428571428571428,0.6365453958322087,0.858030780285663,0.9956084277407735,1.0896031873385932,instance,informative
1,0.4242424242424242,0.6,0.35,0.7333333333333333,0.3447603526509365,0.5,0.5109643101312411,1.0,0.9857142857142858,0.6661553184078157,0.8715996658001611,0.9998355898332524,0.7151794722465614,instance,informative
1,0.0,0.0,0.35,0.7333333333333333,0.33139600979676437,0.0,0.4614088737327937,0.9845679012345679,1.0,0.6759754118327015,0.8913235957701772,0.9971497413127354,0.6278161591441704,instance,informative
0,0.4545454545454546,0.8,0.65,0.5333333333333333,0.6449665678536639,1.0,0.5192579974479197,1.0,1.0,0.6806581953394714,0.8640377912366823,0.994442612800679,0.6526677716983217,instance,informative
1,0.0,0.4,0.35,0.4,0.3584062706749155,0.5,0.499328921295101,0.9969135802469136,1.0,0.717578012123914,0.8859557756709225,0.9995022565760533,0.6611546900577524,instance,informative
0,0.5757575757575757,0.8,0.65,0.4666666666666667,0.6530201180828622,0.0,0.4965439704422049,0.9942528735632183,0.9714285714285714,0.661200796314098,0.868488519007228,0.9995097146717883,-1.0782339368793699,instance,informative
1,0.5,0.6,0.35,0.6666666666666666,0.3379241810254361,1.0,0.5143090067071266,1.0,0.9857142857142858,0.5744768699760351,0.8567089558436355,0.9990491767934214,1.9864588596138069,instance,informative
1,0.2222222222222222,0.0,0.35,0.8666666666666667,0.325265299325435,0.0,0.4690608403603267,0.9845679012345679,1.0,0.6693872027302266,0.8924795665148099,0.9962617998234837,1.3760345234646942,instance,informative
1,0.19999999999999996,0.2,0.35,0.8666666666666667,0.32287256581542234,1.0,0.506356564600239,1.0,0.9142857142857143,0.6499924968706766,0.8359087732570251,0.996438035362196,2.354170009494446,instance,informative
1,0.4,0.2,0.35,0.7333333333333333,0.32638445513765946,0.5,0.49720063948548743,0.9969135802469136,1.0,0.6814171415661248,0.8693730040373425,0.9971616797598201,1.0428179377611793,instance,informative
1,0.16666666666666663,0.0,0.35,0.7333333333333333,0.3258818774216423,0.0,0.4842019542799241,0.9783950617283951,1.0,0.713797404080531,0.862374103423387,0.9939366316420156,1.0472667880007218,instance,informative
1,0.2727272727272727,0.4,0.35,0.9333333333333333,0.3369925580680244,0.0,0.48819198068177094,0.9938271604938271,0.9857142857142858,0.6541780832129479,0.8664302415600876,0.9971930786268379,1.6071174308752734,instance,informative
0,0.75,1.0,0.65,0.6666666666666666,0.6429409548157085,1.0,0.5284115338914208,1.0,0.9571428571428572,0.6419283264155128,0.8629262424055435,0.9985974393744536,-0.33882499848036346,instance,informative
1,0.5555555555555556,0.4,0.35,0.6,0.357984725651889,0.5,0.49895567979548017,0.9969135802469136,1.0,0.6760400574191219,0.8848713114970952,0.9986829174023748,0.05946511296574837,instance,informative
0,0.0,0.6,0.65,0.6666666666666666,0.6727544593628005,0.0,0.49457381957293134,0.9942528735632183,0.9571428571428572,0.6145600842537179,0.8589750235364839,0.996940026450205,-1.0328239228914917,instance,informative
1,0.2857142857142857,0.2,0.35,0.7333333333333333,0.33687035233578155,0.0,0.48613797869175346,0.9969135802469136,0.9857142857142858,0.6193023285119738,0.8552421058866362,0.9881918217576291,0.2125355962537687,instance,informative
1,0.4242424242424242,0.2,0.35,0.7333333333333333,0.3246427166442256,1.0,0.5232559376890329,1.0,0.9714285714285714,0.5477889253134928,0.8498697410749757,0.9875886365362133,1.301664880393786,instance,informative
1,0.4242424242424242,0.8,0.35,0.9333333333333333,0.353600471778479,0.0,0.47832335292611183,0.9969135802469136,1.0,0.6787630638443829,0.8553173419250104,0.997963328779117,-0.4880933099991294,instance,informative
0,0.6666666666666667,0.6,0.65,0.26666666666666666,0.6449527796362636,1.0,0.517539823036845,1.0,1.0,0.671727776775337,0.8641063886166557,0.9946398636190886,-0.4973600075315584,instance,informative
1,0.4285714285714286,0.6,0.35,0.3333333333333333,0.3751653527663827,1.0,0.5060821912719642,1.0,0.9571428571428572,0.606151788313002,0.8762231513909939,0.9999433846784889,-0.07491858364740908,instance,informative
1,0.4242424242424242,0.2,0.35,0.6,0.3373864357958707,0.3333333333333333,0.5046822600965131,1.0,1.0,0.6973590609284519,0.8794199986355365,0.998436082326639,1.6706267736215912,instance,informative
1,0.33333333333333337,0.0,0.35,0.5333333333333333,0.3401969598358333,0.0,0.48387543682653467,0.9845679012345679,0.9857142857142858,0.6298586874085635,0.8638795483796643,0.9886699961879682,0.6289625960612211,instance,informative
0,0.33333333333333337,1.0,0.65,0.6666666666666666,0.6396595286086487,0.6,0.5116288015152575,1.0,0.9857142857142858,0.6666666666666666,0.8840484873185003,0.9907379670360748,0.45037758621740664,instance,informative
1,0.4,0.4,0.35,0.8666666666666667,0.3516400684655806,0.5,0.5079738055485279,1.0,0.9714285714285714,0.6476922882305743,0.8883152120948802,0.9999848010302906,1.1008569168657725,instance,informative
0,0.6111111111111112,0.8,0.65,0.6666666666666666,0.6571785562882989,1.0,0.5171325616391647,1.0,0.9857142857142858,0.6666666666666666,0.8784446970919706,0.9999172714136825,-0.026205899779194197,instance,informative
0,0.8333333333333334,0.2,0.65,0.5333333333333333,0.6288300534426206,0.0,0.46849462363682937,0.9770114942528736,1.0,0.6788916485779769,0.8743643523805098,0.9966673614871835,-0.5618766022740089,instance,informative
1,0.25,0.0,0.35,0.7333333333333333,0.3305959974251409,0.0,0.45201024768937614,0.9722222222222222,1.0,0.7246104440050846,0.8720762230102685,0.9949591295993284,1.0951704941234839,instance,informative
1,0.2222222222222222,0.2,0.35,0.9333333333333333,0.33400339588550054,0.0,0.4881945291680134,0.9938271604938271,0.9857142857142858,0.6002475141010787,0.8565390742104572,0.9912385903745545,2.0936568009248675,instance,informative
1,0.2857142857142857,0.2,0.35,0.8666666666666667,0.3375199706028499,0.0,0.49897207750449935,0.9969135802469136,0.9857142857142858,0.5761607301947298,0.8611050455575946,0.9995724202108524,1.0391035236715045,instance,informative
1,0.0,0.0,0.35,0.6666666666666666,0.3320982808259381,0.0,0.47672804572216854,0.9845679012345679,1.0,0.6796015864608691,0.8696601904284201,0.9946554224102229,1.4225013631666665,instance,informative
1,0.4242424242424242,0.8,0.35,0.4,0.34917332887290364,1.0,0.5078483851200428,1.0,1.0,0.6782487142135518,0.8896032237192503,0.9991400553744302,0.22287246014879425,instance,informative
1,0.25,0.0,0.35,0.6666666666666666,0.37200619156821346,0.0,0.4575787984271933,0.9783950617283951,1.0,0.6788546373238611,0.8799591401414709,0.9937486651063915,-0.1868663546230855,instance,informative
0,0.4444444444444444,0.6,0.65,0.6666666666666666,0.6230296137614081,1.0,0.512163102772969,1.0,0.9428571428571428,0.6115219326245912,0.8470503413793615,0.9958583579189875,1.0120080168981815,instance,informative
1,0.0,0.4,0.35,0.6666666666666666,0.3304913491241777,0.0,0.4916741149041244,0.9969135802469136,0.9428571428571428,0.6343585059524242,0.864869012418463,0.9951110875750508,0.7822035589905548,instance,informative
1,0.19999999999999996,0.4,0.35,0.7333333333333333,0.33274374615032354,0.5,0.5033267381406445,1.0,0.9857142857142858,0.6034533977381108,0.8878242901577449,0.9974869924939103,1.6270648682476192,instance,informative
1,0.2727272727272727,0.2,0.35,0.6,0.35505310343964325,0.0,0.48713609990267304,0.9938271604938271,0.9857142857142858,0.6620949494979275,0.8767211103854656,0.9985098912293359,1.0826165074602654,instance,informative
0,0.7142857142857143,0.8,0.65,1.0,0.6465546353038617,1.0,0.5142552664662212,1.0,1.0,0.6823489095751544,0.8744229321636521,0.9997481815700954,-0.5524727475074758,instance,informative
1,0.19999999999999996,0.6,0.35,0.8666666666666667,0.37473600966259113,1.0,0.5046051511928671,1.0,1.0,0.6753833079147004,0.8564829418882787,0.9915838092379584,-0.8069088220026777,instance,informative
1,0.38888888888888884,0.2,0.35,0.8,0.32439497845483467,0.0,0.48276143373458347,0.9938271604938271,0.9714285714285714,0.6408739127104957,0.86912308396448,0.9948093770852673,2.077078323282558,instance,informative
1,0.0,0.4,0.35,0.7333333333333333,0.3257286772934682,0.0,0.4834619852486203,0.9938271604938271,0.9857142857142858,0.6589899082593237,0.8638110033793321,0.9976264102248836,1.770968876385222,instance,informative
1,0.16666666666666663,0.2,0.35,0.6666666666666666,0.3435615065907808,0.0,0.4998825657010766,0.9969135802469136,0.9857142857142858,0.6666666666666666,0.849006666801418,0.988188763056539,0.8121610558046927,instance,informative
1,0.2857142857142857,0.6,0.35,0.3333333333333333,0.3594693970817787,0.6666666666666666,0.5124468767064401,1.0,1.0,0.6971792888486942,0.8840298908724696,0.9965600682919635,-0.02807529819324276,instance,informative
1,0.33333333333333337,0.2,0.35,0.26666666666666666,0.3237673685248228,0.0,0.4729952245896659,0.9938271604938271,0.9857142857142858,0.6406982459321303,0.8767231358854509,0.9934095284920879,1.7654574512845742,instance,informative
1,0.33333333333333337,0.4,0.35,0.7333333333333333,0.32859277121500974,0.5,0.5164594470501771,1.0,0.9857142857142858,0.6270802944110516,0.8792768098472828,0.989481904211842,0.844217195348594,instance,informative
1,0.11111111111111116,0.4,0.35,0.7333333333333333,0.3246041689015827,0.0,0.49686846662287765,0.9938271604938271,1.0,0.6806580932731101,0.8645506351117102,0.9992884361733286,1.0800547100204494,instance,informative
1,0.4242424242424242,0.4,0.35,0.8666666666666667,0.33235854635351325,0.3333333333333333,0.47952760500475233,0.9969135802469136,1.0,0.7225658478101534,0.8895984451871425,0.9995950350053117,1.4909906778888817,instance,informative
1,0.19999999999999996,0.2,0.35,0.8666666666666667,0.35095387440228676,0.5,0.5003283160851004,1.0,1.0,0.6897860345728963,0.8858558812334569,0.9991175797952259,-0.06022938339882791,instance,informative
1,0.0,0.4,0.35,0.6,0.33135304606685434,0.5,0.5176534634685872,1.0,1.0,0.6933968118187886,0.8659531718787475,0.9963793329289096,2.4290126311951643,instance,informative
1,0.2857142857142857,0.4,0.35,0.6666666666666666,0.32313211021742105,1.0,0.5169871461794091,1.0,0.9285714285714286,0.5458462312175951,0.8510172445309424,0.9981849504100013,1.728242318780013,instance,informative
1,0.2222222222222222,0.4,0.35,0.7333333333333333,0.32307200875244446,0.0,0.4763373717275835,0.9969135802469136,0.9857142857142858,0.6584140502039731,0.8674466421539593,0.9974941628054173,2.0967947566049348,instance,informative
1,0.0,0.2,0.35,0.2,0.33566121014601247,0.0,0.4743611257442143,0.9876543209876543,0.9857142857142858,0.6434655441906157,0.8559695528088427,0.9983425959800573,1.565790236066584,instance,informative
1,0.0,0.6,0.35,0.7333333333333333,0.3326216560337515,0.0,0.499473145093962,0.9969135802469136,1.0,0.6753443480640926,0.8689736909680916,0.9993585995803903,1.8370220320215693,instance,informative
1,0.0,0.6,0.35,0.8666666666666667,0.33608228983330446,0.0,0.4845760822426316,0.9969135802469136,0.9857142857142858,0.6641478951184454,0.8564665371103692,0.9970667471567348,1.3648479575587125,instance,informative
0,0.5757575757575757,0.6,0.65,0.4666666666666667,0.6460012977856601,0.5,0.5068189435922813,1.0,0.9857142857142858,0.6666666666666666,0.8569494790406886,0.9958625944502338,-0.6912546753790445,instance,informative
0,0.4444444444444444,0.6,0.65,0.5333333333333333,0.6602803228699928,0.0,0.4928245489010513,0.9942528735632183,0.9857142857142858,0.6376576449568658,0.8522243592387131,0.9994801341105841,-0.2709411526101815,instance,informative
1,0.5454545454545454,0.0,0.35,0.8666666666666667,0.33461620804068026,0.0,0.47465463964374066,0.9845679012345679,1.0,0.6797241520672547,0.8850055130377176,0.9995512505410352,1.525836718148174,instance,informative
1,0.4285714285714286,0.0,0.35,0.8666666666666667,0.33449446597006893,0.0,0.4761424092743767,0.9814814814814815,0.9857142857142858,0.6075264843701124,0.8458711056909836,0.9933284182986869,-0.11679601222040668,instance,informative
1,0.2857142857142857,0.8,0.35,0.6666666666666666,0.3218450282460624,1.0,0.502960462797613,1.0,0.9857142857142858,0.6194745432583401,0.867945640259437,0.9952902665998644,2.0252903850390953,instance,informative
0,0.5757575757575757,0.6,0.65,0.26666666666666666,0.6467468513772424,0.6666666666666666,0.47928864835656915,0.9885057471264368,1.0,0.6928950382082891,0.883588905961523,0.9997393645038273,-0.4568452635432206,instance,informative
1,0.6,0.2,0.35,0.6,0.3536454564087983,0.0,0.491395046309937,0.9907407407407407,1.0,0.6704818761410195,0.8716396745462387,0.9964516788821046,0.8512378981865953,instance,informative
1,0.2222222222222222,0.0,0.35,0.6666666666666666,0.3355301898308942,0.0,0.47082191330791134,0.9814814814814815,0.9857142857142858,0.6666666666666666,0.8583743463286232,0.9988130494853379,1.189554544853213,instance,informative
1,0.0,0.2,0.35,0.7333333333333333,0.3671973257127398,0.0,0.4822696026676311,0.9969135802469136,0.9714285714285714,0.6666666666666666,0.8525717436346099,0.9975920539351869,1.3178857083510438,instance,informative
1,0.0,0.2,0.35,0.8666666666666667,0.32602828307507037,0.0,0.49139390423696894,0.9969135802469136,0.9857142857142858,0.6260282343609638,0.8569948304334317,0.9989792684178754,1.3501111994865858,instance,informative
1,0.19999999999999996,0.2,0.35,0.7333333333333333,0.3493236406706083,0.3333333333333333,0.443509491048527,0.9938271604938271,1.0,0.6988623897327654,0.8884435291033822,0.9999467184675161,0.9715711526928195,instance,informative
1,0.5555555555555556,0.4,0.35,0.8666666666666667,0.34699197839923457,0.25,0.48340281833465326,0.9938271604938271,1.0,0.6936316511971722,0.8752979975582215,0.9895317544136418,-0.06597788615483947,instance,informative
1,0.0,0.2,0.35,0.6,0.3221597003281712,0.0,0.49624531237106806,0.9938271604938271,0.9857142857142858,0.6210003964576593,0.8635373578211877,0.9965241924777369,2.2478355500124967,instance,informative
0,0.6666666666666667,0.8,0.65,0.4,0.6370925035008773,0.0,0.4433357812129688,0.9942528735632183,1.0,0.6704222787912302,0.8546274031522423,0.9972414889846101,-0.5330950817760075,instance,informative
1,0.0,0.6,0.35,0.6666666666666666,0.33667073074595316,1.0,0.5231275615988515,1.0,0.9857142857142858,0.6494306636341386,0.8702126883430373,0.9984442286088625,1.673516114599236,instance,informative
1,0.5555555555555556,0.4,0.35,0.7333333333333333,0.34784258441509974,0.0,0.49385195840919616,0.9938271604938271,0.9857142857142858,0.6563719883666437,0.8637421560351449,0.9935834105234568,0.9264353614468399,instance,informative
1,0.33333333333333337,0.6,0.35,0.9333333333333333,0.34582278874104005,0.5,0.4929947007873988,0.9969135802469136,1.0,0.6721293676815447,0.8751080116247961,0.9974059154370459,0.041586041980961615,instance,informative
1,0.4242424242424242,0.4,0.35,0.8666666666666667,0.32523893993689845,1.0,0.5189351991161457,1.0,1.0,0.6965402335424036,0.8686747825832798,0.9977169600806438,2.385706612635691,instance,informative
1,0.4242424242424242,0.6,0.35,0.7333333333333333,0.3265949319279545,0.0,0.4921699343035715,0.9938271604938271,1.0,0.6779846177949777,0.8900244377738606,0.9997038917087393,1.4499398370545553,instance,informative
1,0.5454545454545454,0.2,0.35,0.6,0.3493772489976523,0.0,0.4520509375903402,0.9876543209876543,1.0,0.6962971416142656,0.8763786069528461,0.9970919776877848,0.5799655764505829,instance,informative
1,0.25,0.2,0.35,0.7333333333333333,0.3484686911620404,0.0,0.4842320857991763,0.9876543209876543,0.9857142857142858,0.6666666666666666,0.8557724168800588,0.9976609142933486,0.8984308154901931,instance,informative
1,0.5454545454545454,0.2,0.35,0.7333333333333333,0.32710324023770176,0.5,0.4950409984573131,0.9969135802469136,1.0,0.6884016340830764,0.8765873250858311,0.9915057902134705,1.5074764878814546,instance,informative
1,0.4285714285714286,0.0,0.35,0.7333333333333333,0.33439311513602665,0.0,0.45048848940324004,0.9753086419753086,1.0,0.6951011580703322,0.8785717667478306,0.9984350508655048,0.9990157856692357,instance,informative
1,0.16666666666666663,0.4,0.35,0.8666666666666667,0.33483837938155225,0.25,0.49252785336117144,0.9907407407407407,0.9714285714285714,0.6315560363075124,0.8731320212552376,0.9960992088308354,0.855400214788314,instance,informative
1,0.2727272727272727,0.2,0.35,0.8666666666666667,0.329937031778173,0.0,0.4922168697966277,0.9876543209876543,1.0,0.7069824823216332,0.8659069655933026,0.9990930047392788,1.5461223635696684,instance,informative
1,0.0,0.4,0.35,0.6666666666666666,0.337305498027763,0.0,0.4951147428037995,0.9907407407407407,0.9714285714285714,0.6117609294704722,0.8705435382986363,0.9946623763656731,0.28207432910736774,instance,informative
0,0.6666666666666667,0.8,0.65,0.5333333333333333,0.6626217280792198,0.0,0.4955573969078807,0.9942528735632183,0.9714285714285714,0.6591822325084106,0.8599257284858806,0.997837298099762,-0.7246105350661453,instance,informative
1,0.33333333333333337,0.4,0.35,0.5333333333333333,0.34928526912920665,0.5,0.49507352301789165,0.9969135802469136,1.0,0.6867361627427144,0.8840241083136567,0.9988673020213211,-0.07452965268455145,instance,informative
1,0.33333333333333337,0.8,0.35,0.8666666666666667,0.3595189099824473,1.0,0.52144223523869,1.0,0.9857142857142858,0.6651461311623073,0.8692123576047092,0.9951640918263008,0.4115588893543451,instance,informative
1,0.0,0.4,0.35,0.4,0.3394020146539175,1.0,0.5089476152391377,1.0,0.9571428571428572,0.618814994730003,0.8724228787134611,0.9993839281096146,0.838791236693452,instance,informative
0,0.8,0.8,0.65,0.6666666666666666,0.6554964923295463,0.8,0.5194304269621011,1.0,0.9714285714285714,0.6666666666666666,0.8881395912351459,0.9992674112660443,-1.3948962503642464,instance,informative
1,0.33333333333333337,0.6,0.35,0.3333333333333333,0.34484466988187457,0.0,0.4995004816618064,0.9969135802469136,0.9714285714285714,0.635699762003595,0.8618574753029089,0.9967451550733568,0.10410014265782948,instance,informative
1,0.33333333333333337,0.2,0.35,0.4,0.3400097211829999,0.3333333333333333,0.4865877002361172,0.9876543209876543,0.9714285714285714,0.6304429619059618,0.8825873665055973,0.9978487617296712,0.8171894703893751,instance,informative
1,0.19999999999999996,0.2,0.35,0.7333333333333333,0.32919743947800106,0.0,0.48347154836329453,0.9876543209876543,1.0,0.7204586441611025,0.8693447633531899,0.9970613692366798,0.5549941732686696,instance,informative
1,0.19999999999999996,0.2,0.35,0.4,0.3391474612289852,0.0,0.451497420067852,0.9969135802469136,1.0,0.6775664450877161,0.8727499094312643,0.9962152517647602,0.584666405340978,instance,informative
0,0.75,0.6,0.65,0.8,0.6711479807166715,0.5,0.4913650050429872,0.9942528735632183,0.9857142857142858,0.6666666666666666,0.8818159973510943,0.9974005067888239,-2.0211223439142323,instance,informative
0,0.5757575757575757,0.2,0.65,0.7333333333333333,0.6353713391154524,0.0,0.4911726052333374,0.9827586206896551,1.0,0.705252536024349,0.8860655134148696,0.9988552369864706,0.08561317230133907,instance,informative
1,0.2727272727272727,0.6,0.35,0.8666666666666667,0.3415951105807216,1.0,0.5000010654131744,1.0,1.0,0.6958955769949643,0.869452475091006,0.9995924784678598,0.5428217192546146,instance,informative
1,0.4285714285714286,0.2,0.35,0.9333333333333333,0.3629745137143695,0.0,0.49649840306241,0.9969135802469136,1.0,0.6971367608002453,0.8810683076329543,0.9977148264300064,0.8803128036033145,instance,informative
0,0.7142857142857143,0.6,0.65,0.6666666666666666,0.6681749749984013,0.6666666666666666,0.49885825421715846,0.9942528735632183,0.9857142857142858,0.6666666666666666,0.8870795516795446,0.9998712580191832,-2.0841429060314955,instance,informative
1,0.16666666666666663,0.0,0.35,0.5333333333333333,0.33784667595684414,0.0,0.484568530617573,0.9845679012345679,1.0,0.6904885959679637,0.8812815680812306,0.9994384424802881,0.4517879649296537,instance,informative
1,0.16666666666666663,0.6,0.35,0.8666666666666667,0.36071851344990424,0.0,0.4860260950328671,0.9969135802469136,0.9714285714285714,0.602444968671561,0.8680287850201485,0.9995888821558573,0.3475136590106418,instance,informative
0,0.7272727272727273,0.6,0.65,0.5333333333333333,0.6308171648299146,1.0,0.5084498847009311,1.0,0.9857142857142858,0.6644488456416668,0.8661997560446942,0.9948855851584327,-0.1992882747822382,instance,informative
1,0.0,0.2,0.35,0.6,0.33514381162665396,0.0,0.4911013928169713,0.9907407407407407,1.0,0.6924179488939002,0.8542596978463713,0.996633036247929,1.8716521806234911,instance,informative
1,0.2857142857142857,0.4,0.35,0.7333333333333333,0.33048263438165665,0.5,0.49628083267984724,0.9969135802469136,0.9857142857142858,0.6666666666666666,0.8743842263799639,0.999303767628016,1.2356741461134246,instance,informative
0,0.8,1.0,0.65,0.6666666666666666,0.6435628719113698,1.0,0.5146158323160651,1.0,1.0,0.682463047277573,0.8779262714524233,0.9993374436986044,-0.25223046540914434,instance,informative
1,0.19999999999999996,0.2,0.35,0.6666666666666666,0.3352178871311988,0.0,0.4951414476587126,0.9969135802469136,1.0,0.6749847948687133,0.8737999286849587,0.9970351468832119,0.7506254258424074,instance,informative
1,0.0,0.4,0.35,0.6666666666666666,0.33348803041783326,0.16666666666666666,0.49276530536498775,0.9969135802469136,1.0,0.709920838118864,0.8951522878230037,0.9976790120269194,1.2993717756874998,instance,informative
1,0.25,0.4,0.35,0.2,0.3263004843858618,1.0,0.529296487225522,1.0,0.9714285714285714,0.616810556257291,0.8447082332185486,0.9931475359728112,1.9996395022335391,instance,informative
1,0.33333333333333337,0.0,0.35,0.26666666666666666,0.3308358820417251,0.0,0.4723157449723072,0.9814814814814815,0.9857142857142858,0.6443380233445506,0.8438714732396305,0.9907653263947475,0.3921300853089658,instance,informative
0,0.8333333333333334,0.6,0.65,0.6666666666666666,0.6336178178698638,0.0,0.4892266047505923,0.9885057471264368,0.9714285714285714,0.6638286597685069,0.843444307226806,0.9970483957994477,-0.005250175666085294,instance,informative
1,0.4242424242424242,0.6,0.35,1.0,0.3452059916977953,1.0,0.5080406339964788,1.0,0.9714285714285714,0.6395814957246532,0.8630495563114193,0.9982661646101806,0.4761201728282966,instance,informative
0,0.6666666666666667,0.6,0.65,0.4666666666666667,0.6641366418137072,1.0,0.5140252169121797,1.0,1.0,0.6750598565110368,0.8656383992187656,0.9959887832784929,-2.1543985285675,instance,informative
1,0.0,0.2,0.35,0.4666666666666667,0.34770578186678996,0.0,0.4812539315134876,0.9907407407407407,0.9857142857142858,0.6666666666666666,0.8809835017703247,0.9995009781630606,0.6836464768804714,instance,informative
1,0.25,0.6,0.35,0.6666666666666666,0.337768426460256,0.0,0.4978961438972588,0.9969135802469136,0.9857142857142858,0.657448065473695,0.8799442566984096,0.9997150761556881,1.5332071251237942,instance,informative
1,0.4285714285714286,0.2,0.35,0.7333333333333333,0.3321962001422115,0.0,0.49301737467059237,0.9907407407407407,0.9857142857142858,0.6666666666666666,0.885985945871763,0.997580206170038,1.7253541157323837,instance,informative
0,0.19999999999999996,0.2,0.65,0.4,0.6211396910657111,0.0,0.48652617398999765,0.9885057471264368,1.0,0.6776189494421364,0.8742539556129725,0.9983690004107155,0.7544313970913281,instance,informative
1,0.33333333333333337,0.2,0.35,0.4,0.3283768942461972,0.0,0.47245182087250637,0.9907407407407407,0.9714285714285714,0.6666666666666666,0.8722462877599727,0.9973963769262841,0.44686917095454465,instance,informative
1,0.25,0.4,0.35,0.2,0.33644984137814665,0.0,0.48613294761158965,0.9938271604938271,0.9714285714285714,0.6089875527052846,0.8756141759186041,0.9973439960870482,1.4228283248860245,instance,informative
1,0.33333333333333337,0.8,0.35,0.7333333333333333,0.3465172895884696,0.375,0.5016224379539228,1.0,1.0,0.7128786023111928,0.87689005468161,0.9961069219367119,1.2460335532720264,instance,informative
0,0.7142857142857143,0.6,0.65,0.6666666666666666,0.6705363920038977,1.0,0.5101124221346744,1.0,0.9857142857142858,0.6666666666666666,0.8763784565575291,0.9957583757074443,-1.9707523837119985,instance,informative
0,0.6,0.8,0.65,0.5333333333333333,0.660628297469516,1.0,0.5125639441863157,1.0,0.9857142857142858,0.6666666666666666,0.8611353414372241,0.9895784521593585,-0.6085658506465595,instance,informative
1,0.19999999999999996,0.4,0.35,0.7333333333333333,0.3372998052162017,0.4,0.4946905103771483,0.9938271604938271,1.0,0.6911328193146845,0.8835003580978374,0.9999680720581515,0.8410964632724296,instance,informative
1,0.0,0.0,0.35,0.7333333333333333,0.3287881728705121,0.0,0.48484295297134405,0.9845679012345679,0.9714285714285714,0.5982656881776293,0.8898996819052615,0.9982936247087602,1.4344818866586135,instance,informative
1,0.4242424242424242,0.6,0.35,0.6,0.339368746745372,0.5,0.5297512431819359,1.0,1.0,0.6673483835473881,0.8720449169057414,0.9927393012437473,0.5614733076889271,instance,informative
0,0.19999999999999996,0.8,0.65,0.3333333333333333,0.6203052222303355,0.5,0.49337208901751906,0.9942528735632183,0.9714285714285714,0.6325151545150483,0.8665846950738909,0.9951888942246468,0.24608941264926096,instance,informative
0,0.4,0.0,0.65,0.6666666666666666,0.6225372265987104,0.0,0.4905138375913032,0.9712643678160919,0.9857142857142858,0.6666666666666666,0.8591498256686013,0.9984125311788372,1.7322771519675562,instance,informative
1,0.2857142857142857,0.0,0.35,0.8666666666666667,0.3394854129983256,0.0,0.4799991265853204,0.9783950617283951,0.9857142857142858,0.6666666666666666,0.8558589397377757,0.9948379045708787,1.111852081794926,instance,informative
1,0.38888888888888884,0.6,0.35,0.26666666666666666,0.3611392174916722,0.3333333333333333,0.4753662756535312,0.9938271604938271,1.0,0.671099172934637,0.8799070345389592,0.9972685342439133,0.3020146059820744,instance,informative
0,0.8,0.6,0.65,0.5333333333333333,0.6488529323117126,0.8,0.5053358414847894,1.0,0.9857142857142858,0.6666666666666666,0.8823489619093975,0.987316178478192,-1.0220926031106294,instance,informative
0,0.5,0.6,0.65,0.6666666666666666,0.6385355836601586,0.0,0.47433584655657113,0.9942528735632183,0.9714285714285714,0.6666666666666666,0.8699758739634595,0.9921487075239129,0.00438760535957309,instance,informative
1,0.2857142857142857,0.4,0.35,0.7333333333333333,0.323662904503789,1.0,0.504753113957489,1.0,0.9714285714285714,0.6502587658054031,0.8701842296556052,0.9964473003704429,1.9149058997431403,instance,informative
0,0.6,1.0,0.65,0.6666666666666666,0.6576362712248999,1.0,0.5187765933052748,1.0,1.0,0.6901622623409466,0.8846155453400374,0.9989711991845861,-0.6194728032422833,instance,informative
1,0.38888888888888884,0.8,0.35,0.6,0.3585005433814502,1.0,0.515871140202369,1.0,1.0,0.6695944597980461,0.8786973211287473,0.9983203520026358,-0.3375501704176384,instance,informative
1,0.4242424242424242,0.2,0.35,0.9333333333333333,0.35260375820914114,1.0,0.5182614839133491,1.0,0.9714285714285714,0.6406739454345031,0.860922507233392,0.9948294983035089,-0.46946557279896856,instance,informative
1,0.25,0.2,0.35,0.6666666666666666,0.32574637556882635,0.0,0.47905483770629176,0.9876543209876543,1.0,0.6822142443178315,0.8558981224204429,0.9996578411125401,1.0175214977547926,instance,informative
1,0.4285714285714286,0.4,0.35,0.7333333333333333,0.32882369353554974,0.0,0.4584729716930326,0.9938271604938271,1.0,0.673047414055389,0.8742839558228346,0.9929590088212088,1.704403863246781,instance,informative
1,0.19999999999999996,0.4,0.35,0.6666666666666666,0.32378254695790076,0.0,0.4712940750995035,0.9969135802469136,0.9857142857142858,0.6007342784864521,0.8652985335139975,0.9996331242160176,2.1388912241872418,instance,informative
1,0.5454545454545454,0.6,0.35,0.7333333333333333,0.3550670198669015,0.6666666666666666,0.503542896633218,1.0,1.0,0.7124597290697158,0.8912013200294666,0.9993550331976848,-0.2929469677727285,instance,informative
0,0.5555555555555556,0.8,0.65,0.5333333333333333,0.628009798825985,0.0,0.4993210111058993,0.9942528735632183,0.9714285714285714,0.6666666666666666,0.8599457475210771,0.9984438580722534,0.1650017200054893,instance,informative
1,0.19999999999999996,0.2,0.35,0.7333333333333333,0.3596260918678097,0.3333333333333333,0.45122396384892094,0.9938271604938271,1.0,0.6933341259787229,0.8835317407829956,0.9995028246264509,0.31232969488828405,instance,informative
1,0.16666666666666663,0.2,0.35,0.26666666666666666,0.3452211451025504,0.0,0.4597978476393195,0.9938271604938271,0.9857142857142858,0.6537483729076575,0.868654477140493,0.9952750843940311,1.1764736935903504,instance,informative
1,0.16666666666666663,0.6,0.35,0.7333333333333333,0.34293966193973224,0.0,0.48964409344081516,0.9969135802469136,0.9857142857142858,0.650534078181064,0.865136875230129,0.9949047704725963,0.746302363119572,instance,informative
1,0.0,0.2,0.35,0.9333333333333333,0.32988492166206607,0.0,0.48203789162220145,0.9907407407407407,0.9714285714285714,0.6398252783627756,0.8646744398894014,0.9948252053083207,1.5681955992784302,instance,informative
0,0.8,0.8,0.65,0.4,0.6433099639239835,1.0,0.5063159927179877,1.0,0.9857142857142858,0.6666666666666666,0.8566278492749528,0.9960485399900444,-0.6072028194589079,instance,informative
1,0.33333333333333337,0.2,0.35,0.7333333333333333,0.3548643760733481,0.25,0.48135450828965765,0.9907407407407407,1.0,0.7210716574786807,0.8741054655846998,0.995340228562502,0.7467684942255457,instance,informative
1,0.25,0.6,0.35,0.3333333333333333,0.35207502017089654,0.0,0.4810761175991024,0.9969135802469136,0.9857142857142858,0.6355337285841901,0.8693181217278647,0.9975293233882934,0.6900085160429612,instance,informative
1,0.4242424242424242,0.2,0.35,0.7333333333333333,0.3221963231413064,1.0,0.5210101794550588,1.0,0.9714285714285714,0.6441194216262726,0.854346321893764,0.9901049053197614,1.693349427004543,instance,informative
1,0.19999999999999996,0.4,0.35,0.6,0.34003250440290556,0.5,0.4906920929265106,0.9969135802469136,0.9714285714285714,0.6423065714702024,0.862770792551514,0.9937017157590486,1.3084243621304477,instance,informative
0,0.5,1.0,0.65,0.6666666666666666,0.6673817614284961,1.0,0.5206106902504601,1.0,0.9714285714285714,0.6666666666666666,0.8687276420014614,0.9999327674564147,-1.420300642467663,instance,informative
1,0.25,0.4,0.35,0.6,0.3412095618759923,0.0,0.4822315577359092,0.9938271604938271,0.9857142857142858,0.6279786997290745,0.8682629875969489,0.9990692842068898,0.6569150562340492,instance,informative
0,0.7272727272727273,0.4,0.65,0.6666666666666666,0.626673905418337,0.6666666666666666,0.49846500436923746,0.9942528735632183,1.0,0.7114878712668208,0.8917078755592829,0.9963248134089253,0.6534799052269105,instance,informative
1,0.0,0.4,0.35,0.6666666666666666,0.3260310306810412,0.0,0.4640409760381866,0.9938271604938271,1.0,0.6817601615135467,0.8976757318694542,0.999879602180099,2.1569112978924334,instance,informative
1,0.4,0.6,0.35,0.3333333333333333,0.34501247002849245,1.0,0.5032947998179065,1.0,0.9857142857142858,0.6462860815826965,0.865057192258484,0.9931002068108188,-0.010913883451034948,instance,informative
1,0.16666666666666663,0.2,0.35,0.7333333333333333,0.322071515774076,1.0,0.5066917450508468,1.0,1.0,0.668034902697972,0.8743435699485133,0.99852226327776,2.6164254704878025,instance,informative
1,0.16666666666666663,0.0,0.35,0.7333333333333333,0.3412892990571944,0.0,0.4572855903575719,0.9814814814814815,1.0,0.6711288552465162,0.879407028752059,0.9947780041948359,1.289829171349823,instance,informative
1,0.16666666666666663,0.0,0.35,0.8666666666666667,0.33312846836724364,0.0,0.48034147978772657,0.9814814814814815,0.9714285714285714,0.6620078411036684,0.8473574173451628,0.9983437492883501,-0.12325156637851388,instance,informative
1,0.0,0.0,0.35,0.6666666666666666,0.33498625911710045,0.0,0.474760365972687,0.9845679012345679,0.9571428571428572,0.5398754496313725,0.8527513963916169,0.9978761140457351,0.7618167779832268,instance,informative
1,0.2727272727272727,0.4,0.35,0.9333333333333333,0.3546593820887797,0.3333333333333333,0.4771363537949904,0.9969135802469136,0.9857142857142858,0.6374375824377895,0.8775050652833766,0.997434924064662,0.659919269031344,instance,informative
1,0.0,0.4,0.35,0.4666666666666667,0.3579099203966961,0.0,0.4882927157841891,0.9969135802469136,1.0,0.6791088494572552,0.8754146774500646,0.9931810293722699,0.2620252670808754,instance,informative
1,0.2222222222222222,0.4,0.35,0.6,0.33416616588003256,0.0,0.47948369210625263,0.9907407407407407,0.9428571428571428,0.6170549384890845,0.8579074553724025,0.9977143446364339,1.4021590545960598,instance,informative
1,0.38888888888888884,0.2,0.35,0.4,0.35715742288398733,0.0,0.4890375102336587,0.9907407407407407,1.0,0.6763187457019055,0.8685059921352438,0.9748275395646421,-0.4118110379770367,instance,informative
1,0.33333333333333337,0.2,0.35,0.6666666666666666,0.3309320866874429,0.0,0.48966582492237387,0.9938271604938271,0.9714285714285714,0.6125629231562145,0.8602789559829093,0.997217609144759,1.6382832117778536,instance,informative
1,0.0,0.2,0.35,0.7333333333333333,0.3383489323232338,0.0,0.4879519033158396,0.9938271604938271,1.0,0.6760655605296274,0.876088384811364,0.999781291125788,1.9349778808869758,instance,informative
1,0.4,0.2,0.35,0.8666666666666667,0.3347113380961678,0.3333333333333333,0.4856129964027288,0.9938271604938271,1.0,0.7200782489232597,0.8767169757224247,0.985994244525937,1.2810151125782598,instance,informative
1,0.5454545454545454,0.2,0.35,0.8666666666666667,0.3526106181494494,0.2,0.4864126026403046,0.9876543209876543,1.0,0.6839025862654065,0.8935604956060239,0.9942585115969403,0.3870903083874868,instance,informative
1,0.0,0.2,0.35,0.6666666666666666,0.3392513062842505,0.0,0.4944431535454329,0.9907407407407407,0.9714285714285714,0.6280515031226722,0.8679368976921613,0.9991028003957916,1.2505519501362188,instance,informative
1,0.0,0.2,0.35,0.6,0.3413063649431335,0.0,0.49226440580328723,0.9907407407407407,0.9571428571428572,0.605354202139582,0.8401460039606137,0.9971706054106498,-0.011526320775250287,instance,informative
1,0.4242424242424242,0.4,0.35,0.9333333333333333,0.32981423155662826,1.0,0.5267040995822287,1.0,0.9714285714285714,0.6544234393059983,0.8725017125287265,0.9973580177860669,0.9549291642862333,instance,informative
0,0.375,0.4,0.65,0.4,0.6446410133589435,0.3333333333333333,0.4498769363414069,0.9827586206896551,0.9857142857142858,0.654375221870905,0.885608696607327,0.9991997761531302,-0.9951662080085503,instance,informative
0,0.5757575757575757,0.6,0.65,1.0,0.6499903479803711,0.8333333333333334,0.5067638637544787,1.0,1.0,0.7213004706046191,0.8979779458009288,0.9933606350367445,-0.5423434751092132,instance,informative
1,0.5,0.4,0.35,0.7333333333333333,0.3538522885240185,0.5,0.5040710892055944,1.0,0.9857142857142858,0.6666666666666666,0.8677444211877995,0.994398764104988,1.4830343951225886,instance,informative
1,0.38888888888888884,0.0,0.35,0.6666666666666666,0.3235022866553501,0.0,0.46832948807782704,0.9814814814814815,1.0,0.6966820593150982,0.8523946257382614,0.995168376731959,1.741518297888176,instance,informative
1,0.2222222222222222,0.0,0.35,0.6666666666666666,0.32611989359190385,0.0,0.4634049476572837,0.9722222222222222,0.9857142857142858,0.645489979511129,0.885464633772183,0.9996976531730473,1.161795583053702,instance,informative
0,0.5757575757575757,0.4,0.65,1.0,0.6394616564398184,0.5333333333333333,0.4682723126800471,0.9827586206896551,1.0,0.7176168204577273,0.8911756495807192,0.9971737716770048,-0.784860522645079,instance,informative
1,0.33333333333333337,0.4,0.35,0.4666666666666667,0.35166256303515964,0.5,0.49523822689513797,0.9938271604938271,1.0,0.6987458457844156,0.8592546565995645,0.9999842272888828,0.7328694543930834,instance,informative
1,0.0,0.4,0.35,0.6,0.3345996072389791,1.0,0.5189801394251234,1.0,0.9571428571428572,0.6486666153771931,0.8603263163543656,0.9972238637274433,2.0546499906025684,instance,informative
1,0.2727272727272727,0.0,0.35,0.3333333333333333,0.36541248077858446,0.0,0.48577126765167633,0.9845679012345679,0.9857142857142858,0.6664357551213631,0.8747344432610008,0.9964656615012183,0.061897846638956346,instance,informative
1,0.4242424242424242,0.4,0.35,0.8666666666666667,0.3418471648631285,0.0,0.4952360223103457,0.9969135802469136,0.9714285714285714,0.6555521956122955,0.8554533929674843,0.9903371759369842,0.3521579670800542,instance,informative
1,0.2857142857142857,0.6,0.35,0.6666666666666666,0.32821811431121384,1.0,0.5082447620267978,1.0,0.9571428571428572,0.6256910434151045,0.8407846536261794,0.9994551922473028,1.6808655819039287,instance,informative
0,0.5714285714285714,1.0,0.65,0.6,0.6518611677253775,1.0,0.514875850827665,1.0,0.9857142857142858,0.6666666666666666,0.8808307980156203,0.9970838244514902,-1.4338342030185487,instance,informative
1,0.0,0.6,0.35,0.8666666666666667,0.33255368199077273,0.0,0.48316762271444513,0.9938271604938271,0.9857142857142858,0.6666666666666666,0.8656191395519223,0.9972814276398171,1.6137396560943607,instance,informative
1,0.2222222222222222,0.2,0.35,0.6666666666666666,0.3334549566858559,0.0,0.481404206838526,0.9938271604938271,0.9857142857142858,0.6502277265140317,0.8856278967192545,0.9942428655787106,0.655499853144464,instance,informative
1,0.2727272727272727,0.4,0.35,0.8666666666666667,0.36049225521399453,1.0,0.5161096903243201,1.0,0.9857142857142858,0.6666666666666666,0.8469341212679916,0.9977592562007386,0.18637140612560932,instance,informative
0,0.6666666666666667,0.4,0.65,0.4,0.6405721073312377,1.0,0.5150076250042688,1.0,1.0,0.6855047092200234,0.8793632455247625,0.9995288631639764,-0.7380832549680554,instance,informative
0,0.6666666666666667,0.8,0.65,0.6666666666666666,0.6484756599260484,1.0,0.5179461995947395,1.0,1.0,0.6805876841930061,0.883350223605204,0.9983524636488748,0.21129337974807644,instance,informative
1,0.0,0.4,0.35,0.26666666666666666,0.33495044250326267,0.0,0.49377270113883265,0.9969135802469136,0.9571428571428572,0.6024301155076107,0.8523774677759908,0.9921107151972473,0.5274035889450814,instance,informative
1,0.2857142857142857,0.4,0.35,0.7333333333333333,0.32919305761482087,1.0,0.5098597629824406,1.0,0.9857142857142858,0.6559629574879611,0.8613979829387071,0.994287168265957,0.8035328186972649,instance,informative
1,0.4285714285714286,0.4,0.35,0.8666666666666667,0.3678802955879774,0.5714285714285714,0.4895437352859494,0.9938271604938271,1.0,0.7041912712158641,0.8932023994453818,0.9973366764406362,0.14722872510453364,instance,informative
1,0.0,0.0,0.35,0.2,0.3225376283694108,0.0,0.48217480554968173,0.9753086419753086,0.9428571428571428,0.6324727034875126,0.850202966382549,0.9963204196495666,1.4073281472293506,instance,informative
1,0.19999999999999996,0.0,0.35,0.6666666666666666,0.3272600457197852,0.0,0.46589744726553206,0.9814814814814815,1.0,0.6706702833039854,0.8739436312524604,0.9958861912482686,1.4081174351228078,instance,informative
1,0.0,0.0,0.35,0.7333333333333333,0.3245352146920585,0.0,0.4662973598130322,0.9814814814814815,1.0,0.6747661737302009,0.8527633724332535,0.9994154061112895,2.190377045606728,instance,informative
0,0.5,0.8,0.65,0.4,0.6485722113366619,1.0,0.5185404097821399,1.0,1.0,0.6991813422808058,0.8880118934972013,0.9982415867371253,0.2341115621934659,instance,informative
0,0.5714285714285714,0.6,0.65,0.6666666666666666,0.6302896516461397,0.0,0.4736055738891427,0.9885057471264368,0.9857142857142858,0.65404206429135,0.8825628646617675,0.9984465843905548,-0.3137536126653839,instance,informative
1,0.4,0.2,0.35,0.6666666666666666,0.3390591725718066,1.0,0.5023432442449857,1.0,1.0,0.6711855740906093,0.8646929967462046,0.9982436887146665,0.6974625630640744,instance,informative
0,0.5757575757575757,0.6,0.65,0.4,0.6323602569518625,1.0,0.513470575795349,1.0,0.9571428571428572,0.649650960005663,0.8768928362350331,0.9983583309377759,-0.36309402502164595,instance,informative
