y,Hostility,kDN,DCP,TD_U,CLD,N1,N2,LSC,F1,F2,F3,F4,L1,level,subset
0,0.7257142857142858,0.6411428571428571,0.65,0.5580952380952381,0.6395562266182132,0.6214415584415585,0.5062562817667629,0.996847290640394,0.9861224489795919,0.644706787372181,0.845641982184891,0.9957917882077525,-0.1240780125363136,class,xgb_top70
1,0.08615384615384615,0.2750769230769231,0.35,0.6882051282051281,0.346177654494058,0.28606105006105004,0.48844522850074057,0.9915384615384616,0.9866373626373626,0.6434661467135141,0.8483359697164117,0.9962545885376183,1.1431936090868666,class,xgb_top70
dataset,0.31,0.40320000000000006,0.4549999999999999,0.6426666666666665,0.44886015473751234,0.403444227994228,0.4946790971438484,0.9933965517241378,0.9864571428571429,0.6439003709440475,0.8473930740803793,0.9960926084221652,0.6996485415187537,class,xgb_top70
1,0.2857142857142857,0.4,0.35,0.5833333333333334,0.3507914120843457,0.0,0.4698151967931101,0.9938271604938271,0.9857142857142858,0.659875415075342,0.8484237600208007,0.9937964635396611,0.09125946598242893,instance,xgb_top70
0,0.0,0.6,0.65,0.6666666666666666,0.6346920837670808,1.0,0.5099573976776599,1.0,0.9714285714285714,0.2385491642763206,0.8481797809359412,0.9996500383864682,3.934305426410196,instance,xgb_top70
0,0.4,0.6,0.65,0.6666666666666666,0.6436996519451603,1.0,0.5068616884269901,1.0,1.0,0.6666707638436533,0.8570924790719984,0.9930831492213419,0.2082580962637999,instance,xgb_top70
0,0.5625,0.4,0.65,0.8333333333333334,0.6400346656317737,1.0,0.5220047355082944,1.0,0.9857142857142858,0.6666666666666666,0.8501750183561352,0.9945438704107582,0.7384684529774425,instance,xgb_top70
0,0.4,0.6,0.65,0.6666666666666666,0.6432703042375721,1.0,0.5096532370981423,1.0,1.0,0.6666682787709023,0.8378345314196812,0.9974370101085411,-0.4468755301651603,instance,xgb_top70
0,0.7272727272727273,0.6,0.65,0.6666666666666666,0.6401519395857093,0.75,0.49738304366832997,0.9942528735632183,1.0,0.6666698284859021,0.8515802565303254,0.999757650658858,-0.17675852503825012,instance,xgb_top70
0,0.0,0.4,0.65,0.5,0.6186715705882225,0.0,0.4942696748425327,0.9885057471264368,0.9714285714285714,0.6666666666666666,0.8383526846483903,0.999389225694267,1.57508515071241,instance,xgb_top70
0,0.7272727272727273,1.0,0.65,0.5833333333333334,0.656697134762096,1.0,0.530412135499188,1.0,1.0,0.666669424129051,0.856708891720026,0.9997809657988174,-1.6653261611088988,instance,xgb_top70
1,0.2727272727272727,0.4,0.35,0.6666666666666666,0.3386255713566525,0.4,0.4709002957521913,0.9938271604938271,1.0,0.6666715921438187,0.8606975958916815,0.993942056062002,1.6829677836347912,instance,xgb_top70
0,0.0,0.2,0.65,0.4166666666666667,0.6138805748589276,0.0,0.4841306605194159,0.9770114942528736,0.9571428571428572,0.6509072526746821,0.8360265622547087,0.9981010151557754,0.3675392014674064,instance,xgb_top70
0,0.5,0.8,0.65,0.3333333333333333,0.6540239161176626,0.6666666666666666,0.5251183470204175,1.0,1.0,0.666669719559972,0.8519749694978821,0.9994761291993981,-0.8798322005254349,instance,xgb_top70
0,0.5,0.4,0.65,0.5833333333333334,0.6392442803364644,0.0,0.48782403866642265,0.9885057471264368,0.9571428571428572,0.6097180474046345,0.8510230357574567,0.9998994521217536,0.40077487103383486,instance,xgb_top70
0,0.75,0.8,0.65,0.6666666666666666,0.6594755205386575,1.0,0.5297200628479005,1.0,0.9857142857142858,0.6666666666666666,0.8378192645599324,0.9989333573930613,-1.3883809719250078,instance,xgb_top70
1,0.3571428571428571,0.6,0.35,0.6666666666666666,0.3478192038524513,0.5,0.4920473080738357,0.9938271604938271,1.0,0.6666704909449422,0.8652581775065461,0.9924481227748398,0.4396205208492753,instance,xgb_top70
0,0.0,0.4,0.65,0.5833333333333334,0.623348370838402,1.0,0.5084515645861918,1.0,0.9714285714285714,0.6586089183270092,0.8311532838302494,0.9956307128374806,1.9953487804491676,instance,xgb_top70
0,0.7142857142857143,0.4,0.65,0.4166666666666667,0.5886519827366478,0.0,0.4910659576044706,0.9885057471264368,1.0,0.6666711683987249,0.8318488449631212,0.9923437775563666,0.2197387426207013,instance,xgb_top70
0,0.6666666666666667,0.6,0.65,0.5833333333333334,0.6523694024165478,1.0,0.524913156388167,1.0,0.9857142857142858,0.6507723133991946,0.823017378819465,0.9926414646629469,-2.2147855580539777,instance,xgb_top70
0,0.0,0.2,0.65,0.25,0.603461037331257,0.0,0.4635193204936513,0.9827586206896551,0.9571428571428572,0.588283524053805,0.8291512180729148,0.9964729098683702,3.2080471636497427,instance,xgb_top70
0,0.5416666666666667,0.6,0.65,0.4166666666666667,0.6408615814517905,1.0,0.5078848149219604,1.0,1.0,0.6666727712597862,0.8579609549743797,0.9899833287324636,-0.3559516498856488,instance,xgb_top70
1,0.16666666666666663,0.0,0.35,0.6666666666666666,0.3618037224361993,0.25,0.45014534044336885,0.9814814814814815,1.0,0.6666679648977627,0.8576456329819264,0.9956516633294933,-0.026332667532138924,instance,xgb_top70
0,0.33333333333333337,0.6,0.65,0.5,0.637033302488629,0.0,0.4967087815051002,0.9942528735632183,1.0,0.6666687931013969,0.8443574456290944,0.9997745180269708,0.18790226895173948,instance,xgb_top70
0,0.0,0.8,0.65,0.6666666666666666,0.6404257158106776,1.0,0.507685603519275,1.0,0.9571428571428572,0.6666666666666666,0.8164043157190274,0.9900070128993533,-0.4773400203877296,instance,xgb_top70
0,0.0,0.4,0.65,0.5,0.601660641810821,0.3333333333333333,0.5032819011203126,1.0,1.0,0.6666744771412215,0.8540123634042176,0.991346973602035,1.7617910353677213,instance,xgb_top70
0,0.5416666666666667,0.6,0.65,0.5,0.6428174500028018,0.0,0.47251754824848413,0.9942528735632183,1.0,0.6666729828153888,0.8515060648500973,0.9962239484757831,-0.7151185046834316,instance,xgb_top70
0,0.4545454545454546,0.8,0.65,0.6666666666666666,0.6346141184106953,1.0,0.5147781444096521,1.0,1.0,0.6666690411682824,0.8481980879478885,0.9986053529128374,-0.1523061935185107,instance,xgb_top70
1,0.0,0.6,0.35,0.75,0.3470729428507602,1.0,0.5129798378701669,1.0,1.0,0.6666719170417512,0.8343458439209704,0.9982118788442099,1.0553434414800382,instance,xgb_top70
0,0.5416666666666667,0.8,0.65,0.75,0.6528038978551002,0.75,0.513099883201271,1.0,0.9857142857142858,0.6666666666666666,0.856494959957341,0.9976904212808041,-0.5364406146707558,instance,xgb_top70
0,0.75,0.4,0.65,0.6666666666666666,0.6534182440450148,0.0,0.4646735136227531,0.9885057471264368,1.0,0.6666704586761484,0.8371031998179524,0.9899703693693437,0.07272624362314355,instance,xgb_top70
0,0.0,0.4,0.65,0.3333333333333333,0.6284150154064712,0.0,0.498723420916379,0.9942528735632183,0.9857142857142858,0.6414972176077115,0.8277311760699565,0.9996518219065815,1.6838591924199446,instance,xgb_top70
0,0.33333333333333337,0.6,0.65,0.5833333333333334,0.5906779357842621,1.0,0.5335981318699872,1.0,0.9285714285714286,0.6406134912736705,0.833732934284573,0.9910995982148909,0.706836320223987,instance,xgb_top70
0,0.6428571428571428,0.6,0.65,0.25,0.6342371766496998,0.3333333333333333,0.4995191350337036,0.9942528735632183,0.9857142857142858,0.6666666666666666,0.8580950183130399,0.994381802553966,1.3749894822537858,instance,xgb_top70
0,0.5555555555555556,0.4,0.65,0.6666666666666666,0.6392759241978876,0.0,0.4914429988744521,0.9827586206896551,1.0,0.6666701780065482,0.8498851433404584,0.9952599200937928,-0.44576115925137016,instance,xgb_top70
0,0.0,0.8,0.65,0.6666666666666666,0.5927530296891025,0.0,0.4937470370728184,0.9942528735632183,0.9571428571428572,0.6308528181103341,0.8369485392728991,0.9994013329758391,0.517043217246874,instance,xgb_top70
1,0.25,0.0,0.35,0.8333333333333334,0.33803967392826495,0.0,0.48488664567691764,0.9814814814814815,1.0,0.6666700616750874,0.8393712081708259,0.9952852051109481,1.817695519552704,instance,xgb_top70
0,0.6,0.4,0.65,0.5833333333333334,0.6338171698129024,0.5,0.5011196798376722,1.0,0.9857142857142858,0.6666666666666666,0.8401151030070076,0.9923389281911913,2.3390039685782784,instance,xgb_top70
0,0.0,0.4,0.65,0.5,0.6561479617770583,0.0,0.4977735353512821,0.9942528735632183,1.0,0.6666729531559668,0.8287256602709957,0.9925295852113487,-1.092836518361132,instance,xgb_top70
0,0.7142857142857143,0.8,0.65,0.5833333333333334,0.6379114492783349,1.0,0.519199152502823,1.0,0.9857142857142858,0.6666666666666666,0.8421429303111393,0.9986831652551054,0.5436957463137433,instance,xgb_top70
0,0.0,0.6,0.65,0.25,0.6591485958930164,0.0,0.4907156925913604,0.9942528735632183,0.9714285714285714,0.630296437879334,0.8359471685666459,0.9999444515455832,0.07299389599039359,instance,xgb_top70
0,0.7142857142857143,0.6,0.65,0.3333333333333333,0.6451133291313255,0.0,0.4763743578066333,0.9942528735632183,1.0,0.6666711404720992,0.8523029744605746,0.994103802707404,0.5046466348042552,instance,xgb_top70
0,0.5,0.6,0.65,0.25,0.6346920837670808,1.0,0.5061058448254323,1.0,0.9571428571428572,0.470417411339166,0.8490925520782208,0.9998976638081237,1.7627858033650212,instance,xgb_top70
0,0.4,0.6,0.65,0.6666666666666666,0.6477161333096677,1.0,0.5018571555432829,1.0,0.9857142857142858,0.6658249632966612,0.8439154297498104,0.9958489572760427,0.3429500031079391,instance,xgb_top70
1,0.46153846153846156,0.6,0.35,0.9166666666666666,0.356529525007535,1.0,0.5475184602884133,1.0,1.0,0.6666721639349393,0.8493666372674054,0.9948543866540216,1.3740722095226614,instance,xgb_top70
0,0.6428571428571428,0.0,0.65,0.6666666666666666,0.6430816909637493,0.0,0.49028722832486193,0.9655172413793104,1.0,0.6666691547663297,0.851567602626975,0.9955180776238999,0.5669670823512438,instance,xgb_top70
1,0.6666666666666667,0.4,0.35,0.5,0.3638221614438564,1.0,0.5094376841911297,1.0,0.9857142857142858,0.6412174882816838,0.858800515389538,0.9979030123561085,-0.9873146241544806,instance,xgb_top70
1,0.4444444444444444,0.4,0.35,0.5833333333333334,0.33853454189151666,0.5,0.5042209405112997,1.0,1.0,0.666677249066289,0.8618204153359128,0.9972611703408368,1.595949163851645,instance,xgb_top70
0,0.25,0.8,0.65,0.6666666666666666,0.6622048897791076,0.6666666666666666,0.5148978134650597,1.0,1.0,0.6666698121631686,0.8606353846301896,0.9924176568636751,-0.5172238954371554,instance,xgb_top70
0,0.5555555555555556,0.8,0.65,0.6666666666666666,0.6480666211457958,0.5,0.5393203725747207,1.0,1.0,0.6666698138906187,0.8598960257318078,0.9953480706705993,-0.21831269167659342,instance,xgb_top70
1,0.18181818181818177,0.4,0.35,0.6666666666666666,0.34526578840778754,0.5,0.48121482102314406,0.9938271604938271,1.0,0.6666699526152781,0.834467738029293,0.9989175127113558,0.6413661052593835,instance,xgb_top70
0,0.33333333333333337,0.8,0.65,0.9166666666666666,0.6438864971181489,1.0,0.5327512046262279,1.0,0.9857142857142858,0.6627687887468855,0.8549530460834843,0.9989840161585825,0.05067792856387728,instance,xgb_top70
0,0.5,0.4,0.65,0.5833333333333334,0.6522129126169338,1.0,0.5154179270723527,1.0,0.9714285714285714,0.6518980206079931,0.8256056904116503,0.9976684125657003,-1.56423581383331,instance,xgb_top70
1,0.0,0.2,0.35,0.5,0.3328955620515779,0.0,0.4909560502792868,0.9938271604938271,0.9857142857142858,0.6052424710372599,0.8560788692795654,0.9990196567863227,1.929071750085118,instance,xgb_top70
1,0.0,0.4,0.35,0.6666666666666666,0.37665162915946204,0.0,0.49131997509056125,0.9907407407407407,0.9714285714285714,0.004475942972759963,0.8546317146825553,0.9941218452450088,2.415488015123853,instance,xgb_top70
1,0.3571428571428571,0.2,0.35,0.9166666666666666,0.3393119647779764,0.0,0.476896050267436,0.9876543209876543,0.9857142857142858,0.6666666666666666,0.8558402274270637,0.9962094101997737,2.2547041021421608,instance,xgb_top70
1,0.41666666666666663,0.4,0.35,0.5,0.3306119718100917,0.5,0.4869116528955916,0.9907407407407407,1.0,0.666674266567831,0.8710910843609235,0.9982298054634897,-0.6541395355614599,instance,xgb_top70
1,0.46153846153846156,0.4,0.35,0.6666666666666666,0.4023926732925911,0.0,0.49857481143880356,0.9938271604938271,0.9857142857142858,0.6666666666666666,0.8424473445727952,0.9893603906364746,-0.7105947137082493,instance,xgb_top70
0,0.5833333333333333,0.6,0.65,0.6666666666666666,0.6564364477177451,0.0,0.4612245057078854,0.9942528735632183,0.9428571428571428,0.6114035179794602,0.8458833126636174,0.9974773627878536,0.11945055166318165,instance,xgb_top70
0,0.5,0.2,0.65,0.5833333333333334,0.6550544916431158,0.0,0.49219643546201164,0.9770114942528736,1.0,0.6666708123146701,0.8502293120849455,0.9950968319188163,-0.9463318993113187,instance,xgb_top70
1,0.0,0.0,0.35,0.5,0.3479547508737328,0.0,0.48372831361015045,0.9845679012345679,0.9714285714285714,0.6072457199093255,0.8570226934220548,0.9976366264104997,1.9287614217588642,instance,xgb_top70
1,0.46153846153846156,0.0,0.35,0.6666666666666666,0.3419561230551752,0.0,0.48659439308891506,0.9814814814814815,1.0,0.6666688995452384,0.8487880694393966,0.9940103026846713,1.0697795031698354,instance,xgb_top70
0,0.0,1.0,0.65,0.6666666666666666,0.6346920844649545,1.0,0.5344021838351025,1.0,0.9571428571428572,0.640795895321246,0.8129513671781106,0.9948568489730806,0.5952926557467799,instance,xgb_top70
1,0.0,0.4,0.35,0.5,0.355614041816312,0.3333333333333333,0.49279529080520323,0.9907407407407407,1.0,0.6666781627384132,0.8676599085574555,0.989744234789418,-0.056482430563580384,instance,xgb_top70
1,0.0,0.2,0.35,0.5,0.34550632600359565,0.0,0.4806290309178918,0.9938271604938271,0.9857142857142858,0.6666649425212272,0.8513189376179376,0.9900602466331551,0.4438351850159883,instance,xgb_top70
1,0.3125,0.2,0.35,0.6666666666666666,0.3432188885383103,0.2,0.46965938889967707,0.9938271604938271,1.0,0.6666678859769177,0.8538992795809218,0.9995409558556311,0.7694604005956267,instance,xgb_top70
1,0.2857142857142857,0.2,0.35,0.8333333333333334,0.356484631346744,0.0,0.49647593666919343,0.9876543209876543,1.0,0.6666694878957209,0.8601542002399281,0.9989467239326699,0.3084427340446639,instance,xgb_top70
0,0.5384615384615384,0.8,0.65,0.5833333333333334,0.6558599135845046,0.0,0.49837186127743005,0.9942528735632183,0.9857142857142858,0.6589007003274129,0.8518968602642606,0.99451826340451,-0.8643628029604419,instance,xgb_top70
1,0.30000000000000004,0.6,0.35,0.8333333333333334,0.3380834143373552,0.25,0.5022795107608233,1.0,1.0,0.6666692752855817,0.8696104041731262,0.9986030187397604,1.4655084597640071,instance,xgb_top70
1,0.2727272727272727,0.6,0.35,0.6666666666666666,0.3460142682209534,0.5,0.5127431494247348,1.0,1.0,0.666673194353184,0.8500092615756842,0.9991139657902873,2.7047580141795198,instance,xgb_top70
1,0.0,0.0,0.35,0.5,0.3367583977050394,0.0,0.4726596235911489,0.9753086419753086,0.9857142857142858,0.6582831004677558,0.8451222614826713,0.9972537200895426,2.6743699274865853,instance,xgb_top70
1,0.2857142857142857,0.6,0.35,0.8333333333333334,0.36563390524053596,0.6666666666666666,0.49029525081415315,0.9969135802469136,1.0,0.6666680587426884,0.8563141121587627,0.9986559874890176,-0.3478750824029498,instance,xgb_top70
1,0.6666666666666667,0.2,0.35,0.6666666666666666,0.3685462775244083,0.6666666666666666,0.48562402355394896,0.9969135802469136,1.0,0.6666722014086607,0.8635806471349594,0.998348855278734,-0.4005896617494842,instance,xgb_top70
1,0.19999999999999996,0.2,0.35,0.9166666666666666,0.3442896517640075,0.5,0.502201138561518,1.0,0.9857142857142858,0.6067265385651728,0.8600445520655503,0.9986294622091973,1.1088454940766348,instance,xgb_top70
0,0.5384615384615384,0.6,0.65,0.75,0.6623989820428601,0.6,0.5010966952214204,1.0,0.9857142857142858,0.6666666666666666,0.8686265039220713,0.9972375808698152,-0.8606579826924491,instance,xgb_top70
0,0.25,1.0,0.65,0.5,0.650993152729712,1.0,0.5081443248696502,1.0,1.0,0.6666718941844431,0.8457448322326232,0.9962151121773148,-1.0639615677405367,instance,xgb_top70
1,0.5,0.6,0.35,0.8333333333333334,0.35006765691009145,1.0,0.5306294898065094,1.0,0.9714285714285714,0.633200067908279,0.814025876570627,0.9861070325584934,1.3927618282837202,instance,xgb_top70
1,0.16666666666666663,0.2,0.35,0.6666666666666666,0.3355481556063466,0.0,0.47139686687037796,0.9876543209876543,0.9857142857142858,0.6583864892766961,0.8295551373059732,0.9983672557078682,1.3084006236392858,instance,xgb_top70
0,0.6666666666666667,0.8,0.65,0.25,0.6448753606587423,1.0,0.5054057209927253,1.0,0.9857142857142858,0.6611910430423802,0.8384430521041047,0.9987683530953713,0.9184780486371921,instance,xgb_top70
1,0.0,0.2,0.35,0.9166666666666666,0.33083043820374597,0.0,0.4942268944384708,0.9938271604938271,0.9857142857142858,0.5637955492760192,0.8514647181252198,0.9994474663905077,1.1358862714428546,instance,xgb_top70
1,0.5,0.6,0.35,0.9166666666666666,0.3319389485426467,1.0,0.5059179037284672,1.0,1.0,0.6666709817041363,0.8568858367105368,0.9997023468804781,1.5096911781371913,instance,xgb_top70
1,0.2857142857142857,0.6,0.35,0.9166666666666666,0.3397531880548835,0.0,0.48473786252514206,0.9969135802469136,0.9714285714285714,0.6381334008408149,0.8442557689328821,0.9985429107776923,0.40060207212637317,instance,xgb_top70
1,0.41666666666666663,0.2,0.35,0.8333333333333334,0.3593178604612467,0.6666666666666666,0.4614242993990525,0.9907407407407407,1.0,0.6666738951061977,0.8387953687892817,0.9979917536117543,0.11819602685635171,instance,xgb_top70
1,0.0,0.6,0.35,0.9166666666666666,0.3365647025749806,1.0,0.5019870547439989,1.0,0.9857142857142858,0.6555332238979725,0.8393596580005767,0.9943106032441104,1.1889425832264322,instance,xgb_top70
1,0.45833333333333337,0.2,0.35,0.6666666666666666,0.3367433880478733,0.3333333333333333,0.5052652167775967,1.0,0.9857142857142858,0.619277966801556,0.8599277400563088,0.9975724969549579,2.286082812000968,instance,xgb_top70
1,0.46153846153846156,0.0,0.35,0.6666666666666666,0.3313842916057874,0.0,0.4702331374709027,0.9814814814814815,1.0,0.6666681098850965,0.8687555565190155,0.99985111752159,2.4474588708573597,instance,xgb_top70
1,0.16666666666666663,0.2,0.35,0.6666666666666666,0.36020844640247307,1.0,0.5008041892406284,1.0,0.9714285714285714,0.6454922865529777,0.831146564024611,0.985335718609947,1.117649880360811,instance,xgb_top70
1,0.19999999999999996,0.2,0.35,0.6666666666666666,0.37568097333862605,0.0,0.4854768992947571,0.9907407407407407,0.9714285714285714,0.631909418398047,0.8423050320328631,0.9995813628042837,0.5639622329902638,instance,xgb_top70
1,0.5714285714285714,0.0,0.35,0.5,0.3724607038590563,0.0,0.4807619319498052,0.9845679012345679,0.9714285714285714,0.6523625409962797,0.8389395749073044,0.9967082061125682,0.7946901202838955,instance,xgb_top70
0,0.33333333333333337,0.6,0.65,0.5,0.6235186010745645,0.0,0.4879116171571858,0.9885057471264368,0.9857142857142858,0.6666666666666666,0.8421117217155825,0.9997048839705099,1.7552375593925564,instance,xgb_top70
1,0.16666666666666663,0.4,0.35,0.5,0.34857983495990874,0.0,0.44281026572741666,0.9969135802469136,1.0,0.6666710803281254,0.8556567541266807,0.9996657028812665,0.06790311629818853,instance,xgb_top70
0,0.7142857142857143,0.6,0.65,0.6666666666666666,0.6569523679877061,1.0,0.502288529058835,1.0,0.9857142857142858,0.6666666666666666,0.8477526412583255,0.9983230748769412,-1.3980649553315085,instance,xgb_top70
1,0.19999999999999996,0.6,0.35,0.8333333333333334,0.3399175590921911,0.5,0.5131791403506405,1.0,1.0,0.6666696093529703,0.8713228409930791,0.9970708950241606,0.8442713118855442,instance,xgb_top70
1,0.41666666666666663,0.0,0.35,0.6666666666666666,0.35153084013018854,0.0,0.4511289150156813,0.9845679012345679,1.0,0.6666692349212283,0.8566668481637906,0.9914762971999648,0.3841926405988764,instance,xgb_top70
0,0.8333333333333334,1.0,0.65,0.4166666666666667,0.6692600712579903,1.0,0.5322652069909517,1.0,0.9714285714285714,0.6320020864948916,0.8279713477082501,0.9950919942192018,-0.4603663600191099,instance,xgb_top70
0,0.6875,1.0,0.65,0.5833333333333334,0.6581896700307706,1.0,0.5204560838886687,1.0,1.0,0.6666808883650667,0.8723428077875643,0.9998600308960661,0.005515182681731976,instance,xgb_top70
1,0.41666666666666663,0.0,0.35,0.8333333333333334,0.3367948373177851,0.0,0.47723566834471154,0.9845679012345679,0.9857142857142858,0.6666666666666666,0.8444361459019155,0.9978422629301759,1.5365694740826201,instance,xgb_top70
0,0.5833333333333333,0.4,0.65,0.5,0.62785804476951,0.5,0.49720455576836764,0.9942528735632183,0.9714285714285714,0.6391943325334335,0.8397280008509928,0.9963134488216178,-0.26382726665554795,instance,xgb_top70
1,0.16666666666666663,0.2,0.35,0.9166666666666666,0.3340075439838869,0.0,0.4628167375958844,0.9876543209876543,1.0,0.6666755480979191,0.8468613799543162,0.997928035839885,1.6240277191828933,instance,xgb_top70
0,0.33333333333333337,0.6,0.65,0.6666666666666666,0.6488388749394659,0.0,0.4955748237201504,0.9942528735632183,1.0,0.6666698178672112,0.8600211260248535,0.9998253315044088,0.37586805071775525,instance,xgb_top70
1,0.45833333333333337,0.2,0.35,0.8333333333333334,0.35958157751337694,0.5,0.4737835763192838,0.9876543209876543,0.9857142857142858,0.6375025894312377,0.8509121617678026,0.9982969073828787,1.0338057023528069,instance,xgb_top70
0,0.7142857142857143,0.8,0.65,0.5,0.6568165127733716,1.0,0.5250742962568875,1.0,0.9714285714285714,0.6666666666666666,0.8419548590103079,0.988968797359443,-0.93456340839544,instance,xgb_top70
1,0.2857142857142857,0.2,0.35,0.6666666666666666,0.3526779949057711,0.0,0.48826945533825505,0.9938271604938271,0.9714285714285714,0.657364978367503,0.8507815810455297,0.9968300835536517,2.002891605891093,instance,xgb_top70
0,0.7272727272727273,0.4,0.65,0.5,0.6410020221642676,0.5,0.48571394489239184,0.9885057471264368,1.0,0.6666695064664107,0.8566955315192943,0.9959722726509551,-0.08283950906554458,instance,xgb_top70
1,0.4444444444444444,0.2,0.35,0.5833333333333334,0.34985484446394377,0.5714285714285714,0.5033948346111466,1.0,1.0,0.6666713302921192,0.8567862341427129,0.9968265938719251,0.2948498399107969,instance,xgb_top70
1,0.18181818181818177,0.2,0.35,0.5,0.33498179540031536,0.0,0.49390915708603145,0.9969135802469136,0.9857142857142858,0.5933283359855136,0.8293160125712031,0.9949456767850947,1.9392082620968123,instance,xgb_top70
1,0.19999999999999996,0.0,0.35,0.5,0.3405848105185161,0.0,0.4701399029568013,0.9660493827160493,1.0,0.6666697935079461,0.8333029563449751,0.9966097505153338,1.6640946967390713,instance,xgb_top70
1,0.0,0.2,0.35,0.5,0.33964156517819344,0.0,0.4919747590959219,0.9938271604938271,1.0,0.6666726659098859,0.8496324495184194,0.9990854459058102,2.250536074338416,instance,xgb_top70
1,0.3125,0.6,0.35,0.6666666666666666,0.34621313007742305,0.5,0.49580606499449054,0.9969135802469136,1.0,0.6666704546423607,0.8509208270964953,0.9935777672762582,0.7797452608210858,instance,xgb_top70
1,0.46153846153846156,0.2,0.35,0.6666666666666666,0.3851542163906245,0.0,0.4648360129856899,0.9938271604938271,0.9714285714285714,0.6205347764964422,0.8491854530697649,0.9962794558677851,-1.0241034842123082,instance,xgb_top70
0,0.7142857142857143,0.4,0.65,0.6666666666666666,0.6393403542809317,0.8333333333333334,0.5011988648535058,1.0,1.0,0.6666687582104531,0.8604325964195395,0.9953932562671751,0.028807650139022027,instance,xgb_top70
1,0.3125,0.2,0.35,0.5833333333333334,0.3388833296900401,0.0,0.4859424175393523,0.9938271604938271,1.0,0.6666735829629333,0.8502066163838649,0.9944569025500457,1.7118697430176633,instance,xgb_top70
1,0.46153846153846156,0.2,0.35,0.5,0.33774340864603913,0.0,0.49230081726330843,0.9907407407407407,1.0,0.6666675945812814,0.849820285276395,0.9948468308311994,2.3634386907685005,instance,xgb_top70
1,0.19999999999999996,0.2,0.35,0.8333333333333334,0.3369695006438044,0.0,0.48568970824375646,0.9876543209876543,1.0,0.6666678855610677,0.8357642265060292,0.9995549821357828,2.4522963366669157,instance,xgb_top70
1,0.4444444444444444,0.0,0.35,0.5833333333333334,0.3369916150135197,0.0,0.4920782550983376,0.9814814814814815,0.9857142857142858,0.6499238199485767,0.8457842614016009,0.9942818381076914,0.8072425322546215,instance,xgb_top70
1,0.19999999999999996,0.0,0.35,0.5833333333333334,0.37163957788174595,0.0,0.4729987388668795,0.9814814814814815,0.9714285714285714,0.6666658703086756,0.8289432337235767,0.9993633968483103,-0.010995516622802603,instance,xgb_top70
1,0.36363636363636365,0.8,0.35,0.8333333333333334,0.3366984081826374,1.0,0.5082831755134672,1.0,0.9857142857142858,0.6207667995096634,0.8513068119971829,0.9985906891651936,0.9628687300468298,instance,xgb_top70
1,0.33333333333333337,0.4,0.35,0.5833333333333334,0.3360765424743072,0.2,0.5002297688925231,1.0,1.0,0.6666721957169419,0.860070782499687,0.9944753832411036,2.2941601343729263,instance,xgb_top70
1,0.2857142857142857,0.2,0.35,0.6666666666666666,0.3563434732538847,0.6666666666666666,0.47755771668449853,0.9938271604938271,0.9714285714285714,0.60335253396083,0.8401027135729051,0.9855366609559133,0.07639022147206438,instance,xgb_top70
1,0.46153846153846156,0.2,0.35,0.5,0.3421306517810784,0.0,0.47239641258392706,0.9938271604938271,1.0,0.666668415343827,0.8391956154586739,0.9899843791260862,-0.6480879340679931,instance,xgb_top70
1,0.5,0.8,0.35,0.8333333333333334,0.3526092979672584,1.0,0.5002232922935845,1.0,0.9857142857142858,0.6666666666666666,0.841352417041127,0.9967745375576845,1.2212779860066998,instance,xgb_top70
1,0.2727272727272727,0.0,0.35,0.6666666666666666,0.33727742441918274,0.0,0.4646154392102063,0.9753086419753086,1.0,0.666670782713221,0.8420779143339233,0.9988019261330428,1.6599995180285714,instance,xgb_top70
0,0.4545454545454546,0.8,0.65,0.75,0.6394297542401608,1.0,0.5109873770428419,1.0,1.0,0.6666748040983872,0.8491998752038482,0.9815025647501624,-0.9250496034931069,instance,xgb_top70
1,0.0,0.0,0.35,0.9166666666666666,0.3439169509813035,0.0,0.46934711142072794,0.9691358024691358,0.9714285714285714,0.6666666666666666,0.8626043954516144,0.999410666755386,2.0026185336295494,instance,xgb_top70
1,0.0,0.0,0.35,0.9166666666666666,0.3819147670004611,0.0,0.45855393181847603,0.9660493827160493,0.9714285714285714,0.5746697396831711,0.8349522011080384,0.9990904978908624,1.6627701661906096,instance,xgb_top70
0,0.5625,0.6,0.65,0.75,0.6545223097537226,1.0,0.5158928208458105,1.0,1.0,0.6666696936651798,0.8487837386758169,0.9994808358393236,-0.6870440415728927,instance,xgb_top70
1,0.5454545454545454,0.4,0.35,0.6666666666666666,0.3572802534992573,0.5,0.554826184567666,1.0,0.9714285714285714,0.6521743901165379,0.8422939415414034,0.9977055287089963,2.071227046906857,instance,xgb_top70
0,0.6428571428571428,1.0,0.65,0.5,0.6619955582017891,1.0,0.5109726693123878,1.0,1.0,0.6666706146255987,0.8627090550483315,0.9976330826320713,-1.01022637343193,instance,xgb_top70
1,0.0,0.4,0.35,0.9166666666666666,0.36530791623291925,0.0,0.4915166221305579,0.9938271604938271,0.9714285714285714,0.5911226281105639,0.8542186943741439,0.9975565468704204,0.3298953195170362,instance,xgb_top70
0,0.0,0.8,0.65,0.5,0.6378774679688483,1.0,0.5069044747834104,1.0,0.9714285714285714,0.619904610654157,0.8460422375148083,0.9941401189817842,-0.3059459653769276,instance,xgb_top70
1,0.33333333333333337,0.4,0.35,0.9166666666666666,0.333028963151042,1.0,0.5100321118446334,1.0,1.0,0.6666678965337982,0.8478980480693005,0.9992934737386241,1.5064649084430104,instance,xgb_top70
0,0.5384615384615384,0.6,0.65,0.5,0.5944497194574457,0.0,0.4554517980740632,0.9885057471264368,0.9714285714285714,0.49718469357029405,0.8259702662037164,0.985987660867353,-0.7051881766614424,instance,xgb_top70
1,0.18181818181818177,0.0,0.35,0.5,0.34211881337048244,0.0,0.4655235899456528,0.9814814814814815,1.0,0.6666689762830637,0.8380087124772901,0.9999104076452058,0.6592424424587273,instance,xgb_top70
1,0.23076923076923073,0.0,0.35,0.9166666666666666,0.339771311164084,0.0,0.48905150004873466,0.9814814814814815,0.9857142857142858,0.6539351379089599,0.8471216992704883,0.9996609420318399,1.9240649850982028,instance,xgb_top70
1,0.16666666666666663,0.6,0.35,0.5,0.33752660323800976,0.0,0.49861654912437303,0.9969135802469136,1.0,0.6666694842546004,0.8462788132304528,0.9970013412225283,0.8817143504905789,instance,xgb_top70
1,0.46153846153846156,0.2,0.35,0.9166666666666666,0.33638908721652117,0.0,0.4853728370140634,0.9876543209876543,1.0,0.6666710508999284,0.8587116762615227,0.9982792418123236,2.1586309361673908,instance,xgb_top70
1,0.0,0.4,0.35,0.5,0.3384997777725196,0.3333333333333333,0.48926881425174695,0.9969135802469136,0.9857142857142858,0.6496963154360751,0.8626612116776124,0.9979172867619475,1.7486861180265998,instance,xgb_top70
1,0.2857142857142857,0.6,0.35,0.9166666666666666,0.35612260511560734,0.3333333333333333,0.5143555198063066,1.0,1.0,0.666669664526427,0.8713657952967672,0.9992824338157069,0.8251184259610617,instance,xgb_top70
1,0.6,0.0,0.35,0.5,0.33672337609699043,0.5,0.48778533558297166,0.9783950617283951,0.9714285714285714,0.6545207204655982,0.8467014341614271,0.9956475517564398,1.69295647673197,instance,xgb_top70
1,0.45833333333333337,0.0,0.35,0.6666666666666666,0.3329567452189295,0.0,0.4445667302697257,0.9753086419753086,0.9857142857142858,0.6466800014886338,0.8610017179724082,0.9988234979953905,1.211698066067103,instance,xgb_top70
1,0.25,0.4,0.35,0.9166666666666666,0.3417715799960669,0.25,0.49820557820469025,0.9938271604938271,1.0,0.6666785886044233,0.8544471488450226,0.9959101918532332,1.2401541309335848,instance,xgb_top70
1,0.36363636363636365,0.4,0.35,0.9166666666666666,0.33634222812546555,0.0,0.4964834243546381,0.9969135802469136,0.9857142857142858,0.6666666666666666,0.833488553172531,0.9998788972800903,1.1535894851698139,instance,xgb_top70
1,0.4444444444444444,0.4,0.35,0.5833333333333334,0.36087097282535574,0.0,0.48827710752271647,0.9969135802469136,1.0,0.6666691902771227,0.852989769081946,0.9993973530781722,-1.5191941302087413,instance,xgb_top70
1,0.30000000000000004,0.0,0.35,0.8333333333333334,0.33494066082627594,0.0,0.46340686158045763,0.9475308641975309,1.0,0.6666695046588466,0.8586252831199074,0.9899695767372649,2.440496646527513,instance,xgb_top70
1,0.18181818181818177,0.0,0.35,0.5,0.3418004018783337,0.0,0.4841292398714836,0.9845679012345679,0.9857142857142858,0.6628739223991226,0.8611661667774404,0.9913773976492429,0.8205975454748493,instance,xgb_top70
0,0.5555555555555556,0.6,0.65,0.75,0.6267500330267443,0.5,0.5389312993500693,1.0,1.0,0.6666717718276444,0.8581934834343857,0.9994238813497538,1.1258308341803633,instance,xgb_top70
1,0.2727272727272727,0.4,0.35,0.25,0.3373552463200151,0.0,0.495623706045077,0.9938271604938271,1.0,0.6666730681764682,0.8393895188435968,0.998195152996122,2.287263502410087,instance,xgb_top70
1,0.4375,0.4,0.35,0.6666666666666666,0.3885409205041014,0.0,0.4926834912353758,0.9969135802469136,0.9428571428571428,0.5874763304459668,0.8285320357459499,0.9926357879155938,-0.5304401025916573,instance,xgb_top70
1,0.16666666666666663,0.0,0.35,0.6666666666666666,0.3488398551990297,0.0,0.4536649691401785,0.9722222222222222,0.9857142857142858,0.6631056409370076,0.8723468974681499,0.9949524842143239,1.0653508702337309,instance,xgb_top70
1,0.0,0.4,0.35,0.6666666666666666,0.3485929140012799,1.0,0.5079423798529468,1.0,0.9857142857142858,0.63508949967639,0.834239917057328,0.9989888179000298,1.0029876988248538,instance,xgb_top70
1,0.45833333333333337,0.2,0.35,0.5833333333333334,0.3374215497753428,0.0,0.48365215627641844,0.9876543209876543,0.9857142857142858,0.6497298531598374,0.8293324568630562,0.9988051657371436,1.5171811381610643,instance,xgb_top70
1,0.0,0.2,0.35,0.5,0.3498956883484995,0.3333333333333333,0.4858246246778801,0.9938271604938271,0.9857142857142858,0.6366785215677335,0.860477450568102,0.9977487831681572,1.342032074709751,instance,xgb_top70
1,0.18181818181818177,0.4,0.35,0.9166666666666666,0.3458578502149585,0.0,0.487779661409694,0.9938271604938271,1.0,0.6666696267663548,0.836294953404033,0.9944410109341385,1.5855251218663213,instance,xgb_top70
1,0.4444444444444444,0.4,0.35,0.5,0.3470741622444995,0.0,0.4899888995504035,0.9969135802469136,0.9714285714285714,0.5808159871815679,0.8378961310971018,0.9985972798027167,0.7367640779313337,instance,xgb_top70
1,0.0,0.2,0.35,0.5,0.33458486009885624,1.0,0.5005719079947786,1.0,0.9714285714285714,0.6035576344958697,0.8337777269960969,0.9934576874841962,0.09861553203644058,instance,xgb_top70
1,0.5,0.4,0.35,0.6666666666666666,0.34526352968586005,0.0,0.48944583832125277,0.9938271604938271,0.9857142857142858,0.6493799851646322,0.8401078739344962,0.9943741565811093,1.1812975730395778,instance,xgb_top70
0,0.7142857142857143,1.0,0.65,0.3333333333333333,0.6281238825867678,1.0,0.5246810761491623,1.0,0.9857142857142858,0.6666666666666666,0.8466740306283583,0.9999712484140205,-1.6629550014788623,instance,xgb_top70
1,0.5714285714285714,0.4,0.35,0.3333333333333333,0.38119831572533347,0.5,0.499592748574313,0.9969135802469136,0.9857142857142858,0.6666666666666666,0.8518392661226133,0.9998956592334386,-0.205419675077185,instance,xgb_top70
0,0.0,0.6,0.65,0.4166666666666667,0.6028393327148519,1.0,0.5155844145229649,1.0,0.9714285714285714,0.611931458117787,0.8102341486872383,0.974803946887077,0.9683680401108604,instance,xgb_top70
1,0.0,0.0,0.35,0.3333333333333333,0.3466710866426931,0.0,0.4842609172291149,0.9845679012345679,0.9428571428571428,0.606975131602177,0.8364230919056853,0.9982565838309049,2.5755854123641404,instance,xgb_top70
0,0.5384615384615384,0.8,0.65,0.5833333333333334,0.6626232547654677,1.0,0.5045571482653793,1.0,1.0,0.6666726495779892,0.8526007196035484,0.9953096931261477,-1.4941519412149173,instance,xgb_top70
0,0.5,0.4,0.65,0.5833333333333334,0.6402821895239396,0.0,0.49329191950544204,0.9827586206896551,1.0,0.6666741105893766,0.8480585153694876,0.9984362778598819,-0.3007041210188861,instance,xgb_top70
1,0.0,0.4,0.35,0.6666666666666666,0.3337793985254637,0.0,0.4922278726096512,0.9969135802469136,0.9857142857142858,0.630174797254317,0.8479078831449147,0.9974523287360925,1.2661596189687765,instance,xgb_top70
1,0.5714285714285714,0.0,0.35,0.8333333333333334,0.34659586739761294,0.5,0.46364905132532863,0.9753086419753086,0.9857142857142858,0.6653348968301197,0.8511626722600875,0.9960067098980669,1.5670527114044546,instance,xgb_top70
1,0.5454545454545454,0.4,0.35,0.8333333333333334,0.35890687944132227,0.5,0.5123591316836027,1.0,1.0,0.6666689714786947,0.8725819125582823,0.9967627449925229,-0.3372387711644099,instance,xgb_top70
0,0.7142857142857143,0.8,0.65,0.6666666666666666,0.6447923867846447,0.6666666666666666,0.5224195623024934,1.0,1.0,0.6666713017320076,0.8717826859353467,0.998454162753142,-0.18122424603602094,instance,xgb_top70
0,0.5625,0.6,0.65,0.5833333333333334,0.6481643331796497,0.6666666666666666,0.5030856815453251,1.0,0.9857142857142858,0.6666665167776025,0.8667308947995832,0.99769119200403,-0.21286582562580236,instance,xgb_top70
0,0.6666666666666667,0.8,0.65,0.3333333333333333,0.6504637229199041,1.0,0.5355960480848858,1.0,0.9714285714285714,0.6666666666666666,0.8307804398266538,0.991615142774841,-1.7356531233591321,instance,xgb_top70
1,0.19999999999999996,0.2,0.35,0.8333333333333334,0.34178549903875366,0.0,0.49565997403029516,0.9969135802469136,0.9857142857142858,0.6103575736942463,0.8481528200997713,0.9953799950839025,1.2269050318602217,instance,xgb_top70
1,0.41666666666666663,0.2,0.35,0.9166666666666666,0.3382035017951588,0.0,0.4862918319153482,0.9876543209876543,0.9714285714285714,0.6601576084090673,0.8608357078705793,0.9992808181731196,1.4224970394392253,instance,xgb_top70
1,0.18181818181818177,0.4,0.35,0.5,0.3355133242126187,0.5,0.5001009418422953,1.0,0.9857142857142858,0.5548769062643244,0.8436590725404182,0.9961893591928623,1.8848975750731818,instance,xgb_top70
1,0.0,0.4,0.35,0.5833333333333334,0.34572994009426017,1.0,0.5087300890509167,1.0,1.0,0.6666676035867756,0.8517736135191175,0.9981863736766259,0.27423969470308,instance,xgb_top70
1,0.45833333333333337,0.4,0.35,0.6666666666666666,0.3348681431163424,1.0,0.5212015212236338,1.0,1.0,0.6666690568328784,0.8515849160889697,0.9933408616185054,1.7727899534827183,instance,xgb_top70
1,0.4,0.2,0.35,0.6666666666666666,0.3360174536545597,0.5,0.5045686023022249,1.0,0.9857142857142858,0.6476728379720521,0.8604713650054074,0.999555756293611,1.4089965955876873,instance,xgb_top70
1,0.16666666666666663,0.4,0.35,0.5,0.3644240527129665,0.0,0.4652313227433923,0.9969135802469136,0.9857142857142858,0.6425177538130186,0.841298015489851,0.9951870121106352,1.100739836168947,instance,xgb_top70
1,0.3571428571428571,0.2,0.35,0.5833333333333334,0.3465827613251383,0.25,0.49198174961102115,0.9876543209876543,1.0,0.6666713317082639,0.8577457190140889,0.9901765506623442,0.7811578631799451,instance,xgb_top70
1,0.6666666666666667,0.8,0.35,0.6666666666666666,0.34536735659679685,1.0,0.511353739107459,1.0,0.9857142857142858,0.6478391167661797,0.8559789575936309,0.9991383469394394,0.598343735783759,instance,xgb_top70
1,0.5454545454545454,0.2,0.35,0.8333333333333334,0.3477940147348243,0.0,0.4912903662892292,0.9907407407407407,0.9714285714285714,0.6401657869443381,0.8536002931024315,0.9968569760867749,-0.06363488587477517,instance,xgb_top70
1,0.0,0.0,0.35,0.9166666666666666,0.3352129317539889,0.0,0.4682084939113428,0.9567901234567902,1.0,0.6666676266714563,0.8391515837545829,0.9971467167294963,2.745552241888896,instance,xgb_top70
0,0.8181818181818181,0.6,0.65,0.6666666666666666,0.6447847350996136,0.0,0.4673148126536105,0.9885057471264368,0.9857142857142858,0.6622617681099772,0.8551996150074995,0.9946087105045444,0.12816252292579103,instance,xgb_top70
0,0.5833333333333333,1.0,0.65,0.75,0.6660307550974797,1.0,0.5158362022664476,1.0,1.0,0.6666689397603653,0.8415338140522236,0.9847907966550927,-1.7307444673384544,instance,xgb_top70
1,0.19999999999999996,0.4,0.35,0.6666666666666666,0.349589343677975,0.0,0.4888295058275761,0.9938271604938271,0.9857142857142858,0.6213688757085777,0.847510897529739,0.9990060490716612,0.5469812855291809,instance,xgb_top70
1,0.0,0.0,0.35,0.9166666666666666,0.33061721887963913,0.0,0.469027123347439,0.9845679012345679,0.9857142857142858,0.6372716428476612,0.8211162155340932,0.9942929093925198,2.849962163781792,instance,xgb_top70
1,0.19999999999999996,0.2,0.35,0.6666666666666666,0.351140126050568,1.0,0.5004761343094981,1.0,1.0,0.6666682438106815,0.8600083999542514,0.9941053829547882,-1.0924497379499678,instance,xgb_top70
0,0.8,0.8,0.65,0.5,0.6563328870700513,0.6666666666666666,0.5356300758990906,1.0,1.0,0.6666682487534623,0.8439559138614551,0.9992818519736444,-2.0489515761209667,instance,xgb_top70
1,0.23076923076923073,0.2,0.35,0.5,0.41134801737324056,0.5,0.4928415070048573,0.9938271604938271,0.9714285714285714,0.6666666666666666,0.8567068884719041,0.9900557089880659,0.588879713291243,instance,xgb_top70
1,0.19999999999999996,0.4,0.35,0.5833333333333334,0.3796978562794995,0.5,0.490470235511284,0.9907407407407407,1.0,0.6666683356439302,0.8534460102100003,0.9966935245531561,-0.6163291421670893,instance,xgb_top70
1,0.3571428571428571,0.4,0.35,0.5,0.3559978915589417,0.0,0.4940346646107371,0.9969135802469136,0.9857142857142858,0.6383851661309092,0.8401490111913082,0.9973648169287281,0.8690489955720857,instance,xgb_top70
1,0.19999999999999996,0.4,0.35,0.6666666666666666,0.33700701656194887,0.0,0.4745465613091311,0.9907407407407407,1.0,0.666668659574102,0.8352057072989051,0.9966560547066778,0.30257117447586784,instance,xgb_top70
1,0.4375,0.2,0.35,0.5,0.33589836602057865,0.0,0.4861041379706389,0.9938271604938271,1.0,0.66666775954915,0.8459395771764802,0.9993300877587191,2.34530829046384,instance,xgb_top70
1,0.3125,0.4,0.35,0.4166666666666667,0.3392230171346289,0.4,0.4780924841963248,0.9969135802469136,1.0,0.6666703388610482,0.8528176120702026,0.9931095953045119,1.1430923866977112,instance,xgb_top70
1,0.18181818181818177,0.4,0.35,0.5833333333333334,0.3532983812608016,0.0,0.45886889679796294,0.9969135802469136,1.0,0.6666686944505729,0.837431713016118,0.9981025678113388,0.4199919914526649,instance,xgb_top70
0,0.8,1.0,0.65,0.6666666666666666,0.6453292311594548,0.7272727272727273,0.5266264849688593,1.0,1.0,0.6666697798938886,0.8679044789875313,0.9959699616958715,0.4316359300166399,instance,xgb_top70
1,0.0,0.4,0.35,0.5,0.3306115280191406,0.0,0.4695446838130365,0.9969135802469136,0.9142857142857143,0.17113959715154822,0.8385238111209897,0.9964011156909874,0.872739217456121,instance,xgb_top70
0,0.7142857142857143,0.8,0.65,0.6666666666666666,0.6044933792599091,0.0,0.4918758830092801,0.9942528735632183,0.9857142857142858,0.6666666666666666,0.8357946303712911,0.9963289952240112,1.7465445961323054,instance,xgb_top70
1,0.3125,0.6,0.35,0.8333333333333334,0.34338636954458834,0.5,0.5104666661715638,1.0,1.0,0.6666686468576306,0.8742562888138031,0.9958705922197789,0.052253926513854305,instance,xgb_top70
1,0.45833333333333337,0.4,0.35,0.5833333333333334,0.3460766639235522,0.0,0.48513899616850475,0.9969135802469136,1.0,0.6666720476416986,0.8628408412973625,0.9993581197785611,0.1246711714155828,instance,xgb_top70
1,0.33333333333333337,0.6,0.35,0.8333333333333334,0.33994647390904154,0.0,0.48418771363245794,0.9969135802469136,1.0,0.6666838021619276,0.8321197216905188,0.9975676927877903,1.2907765429125344,instance,xgb_top70
1,0.4444444444444444,0.0,0.35,0.9166666666666666,0.3405074725918681,0.0,0.48804149424158494,0.9845679012345679,0.9857142857142858,0.6445946020106279,0.8523672245145898,0.9953640627800443,1.8967608949204924,instance,xgb_top70
1,0.19999999999999996,0.4,0.35,0.9166666666666666,0.34060283389668794,1.0,0.5050299303205175,1.0,1.0,0.6666723537400081,0.845681207301212,0.9993839631156111,0.23846156100165944,instance,xgb_top70
1,0.2857142857142857,0.4,0.35,0.5,0.34393415697679475,1.0,0.5026537965857976,1.0,0.9857142857142858,0.6600838452093162,0.8547901340774517,0.9999366119541038,1.9574172392773723,instance,xgb_top70
0,0.7,1.0,0.65,0.6666666666666666,0.66128812425351,1.0,0.5108421138662668,1.0,1.0,0.6666677045695587,0.8494636939326825,0.992842896186833,-1.2655288376656835,instance,xgb_top70
1,0.25,0.4,0.35,0.5,0.33706966199155464,0.6666666666666666,0.4822792570138368,0.9938271604938271,1.0,0.6666759020279558,0.8517154826903077,0.991800405276835,0.9573454107663754,instance,xgb_top70
0,0.5,0.4,0.65,0.5833333333333334,0.6616552363481579,0.5,0.49856567117357,0.9942528735632183,1.0,0.6666687322214029,0.8478808331615457,0.9974852110233464,-0.8086558163202384,instance,xgb_top70
1,0.5,0.4,0.35,0.5833333333333334,0.3653080608252558,1.0,0.5051127657490873,1.0,0.9857142857142858,0.6666666666666666,0.8433229271115275,0.9873341157636722,-1.2952941588510343,instance,xgb_top70
0,0.5833333333333333,1.0,0.65,0.5,0.6105099149512865,1.0,0.5106352774561453,1.0,1.0,0.6666742504682761,0.8292027668539446,0.9855007045903682,0.9652817732581729,instance,xgb_top70
0,0.4545454545454546,0.4,0.65,0.6666666666666666,0.663656988140719,0.5,0.49757228743268567,0.9942528735632183,1.0,0.6666721904082473,0.858627844960991,0.9983329284986823,-0.41358642777717114,instance,xgb_top70
0,0.7,0.8,0.65,0.3333333333333333,0.6608424872015268,1.0,0.5088540902273093,1.0,1.0,0.6666738723993696,0.8466004702936367,0.9988940999709726,-2.0642889680834053,instance,xgb_top70
1,0.45833333333333337,0.2,0.35,0.8333333333333334,0.3443385543805628,0.3333333333333333,0.46999747849862905,0.9876543209876543,1.0,0.6666698647521898,0.8702165472034095,0.9998444740611785,0.39034196840780977,instance,xgb_top70
1,0.2857142857142857,0.2,0.35,0.8333333333333334,0.3719232614542215,0.0,0.4685740163872051,0.9938271604938271,0.9857142857142858,0.6571424372623276,0.8392319733269565,0.993816332860205,-0.9012521824371958,instance,xgb_top70
1,0.46153846153846156,0.6,0.35,0.6666666666666666,0.35353130520485854,1.0,0.5020596693653439,1.0,0.9857142857142858,0.6572543812407347,0.8482081970875467,0.9985900288238764,0.7077282394271046,instance,xgb_top70
1,0.75,0.4,0.35,0.5,0.33204434015664985,0.0,0.4954561676316772,0.9969135802469136,0.9857142857142858,0.5968493107245131,0.8206207038832828,0.9828032625788194,3.7349135091098344,instance,xgb_top70
1,0.41666666666666663,0.4,0.35,0.5833333333333334,0.3489138443388188,0.0,0.46685354721390404,0.9938271604938271,1.0,0.6666779354603477,0.8548491641835952,0.9956905034130769,0.08021005966253197,instance,xgb_top70
0,0.5384615384615384,0.6,0.65,0.6666666666666666,0.6282521687490609,0.0,0.4942934935663622,0.9942528735632183,1.0,0.6666700291280453,0.8354432309166362,0.9904689083996877,-0.49591880765416435,instance,xgb_top70
1,0.5,0.6,0.35,0.5833333333333334,0.34607920256954794,1.0,0.5021726323946188,1.0,0.9857142857142858,0.6207837211539525,0.8364867897110688,0.9876739603609551,1.518735182968775,instance,xgb_top70
1,0.2857142857142857,0.2,0.35,0.8333333333333334,0.3458878572865701,0.0,0.4825771451009072,0.9907407407407407,1.0,0.6666686263968906,0.8636257391866969,0.9998535245656678,0.8714486474147499,instance,xgb_top70
1,0.19999999999999996,0.2,0.35,0.5,0.3375221352331099,0.3333333333333333,0.4851830592506704,0.9969135802469136,0.9714285714285714,0.5975955001526486,0.8411654855629538,0.997010858262322,1.681943395158627,instance,xgb_top70
1,0.4444444444444444,0.2,0.35,0.6666666666666666,0.33876440077629166,0.0,0.4810356238692095,0.9876543209876543,1.0,0.6666704282564276,0.8384648122469228,0.9965894916158524,1.3728176235150233,instance,xgb_top70
0,0.6666666666666667,0.4,0.65,0.6666666666666666,0.6577364451291727,0.5,0.5254630465468257,1.0,0.9571428571428572,0.6666666666666666,0.8353443848776715,0.995867773243896,-1.9014611899081513,instance,xgb_top70
1,0.18181818181818177,0.2,0.35,0.5,0.3438367129491088,0.0,0.49430015169979524,0.9876543209876543,1.0,0.6666686467150273,0.8648230701142897,0.9987317105522231,0.10514050299586357,instance,xgb_top70
1,0.0,0.4,0.35,0.9166666666666666,0.33175850599606316,1.0,0.5004188620575221,1.0,0.9142857142857143,0.6219000447785297,0.8382941517881867,0.9965922177192271,3.1618356876811644,instance,xgb_top70
1,0.33333333333333337,0.2,0.35,0.6666666666666666,0.3400880689686284,0.0,0.49706367124248363,0.9969135802469136,1.0,0.6666731489385167,0.8478425690537923,0.9974561543856949,0.7569444834522899,instance,xgb_top70
1,0.5,0.0,0.35,0.9166666666666666,0.3383156952259635,0.0,0.48980406563235457,0.9845679012345679,0.9285714285714286,0.58670458738483,0.831657012408785,0.9984341208740798,1.6677318599690296,instance,xgb_top70
0,0.5384615384615384,0.6,0.65,0.6666666666666666,0.6583132553206255,0.6666666666666666,0.4974566887804116,0.9942528735632183,1.0,0.6666673908418175,0.8662591535883932,0.9981854182263498,-0.35181084133967055,instance,xgb_top70
1,0.4,0.4,0.35,0.8333333333333334,0.3597194378514187,0.0,0.47384066415960757,0.9907407407407407,0.9857142857142858,0.6328279159504133,0.8436100003461801,0.9933626123855153,-0.02089383081354957,instance,xgb_top70
1,0.2857142857142857,0.6,0.35,0.6666666666666666,0.33732559139192475,1.0,0.5074919350768627,1.0,0.9714285714285714,0.6275969236248463,0.8589578859243328,0.996253663614082,0.8115933211905246,instance,xgb_top70
1,0.4375,0.4,0.35,0.6666666666666666,0.3552112118504588,0.6666666666666666,0.5010191817420355,1.0,1.0,0.6666709693658326,0.8564814713391259,0.9997114541522618,-0.8193426796012686,instance,xgb_top70
1,0.0,0.0,0.35,0.5,0.3444931932160298,0.0,0.46171869667750165,0.9814814814814815,1.0,0.6666708623110925,0.8479068097332753,0.9913069650085194,1.3155034091647508,instance,xgb_top70
1,0.19999999999999996,0.0,0.35,0.9166666666666666,0.3341178128291303,0.0,0.48615366584257247,0.9814814814814815,1.0,0.6666738680055782,0.8470593379622584,0.9953618499039272,2.6669981920914987,instance,xgb_top70
1,0.25,0.4,0.35,0.5,0.33457853392685066,0.0,0.4837253812053842,0.9938271604938271,0.9857142857142858,0.6617583888517743,0.8579347901253476,0.9997771427435403,1.748994555898645,instance,xgb_top70
1,0.16666666666666663,0.4,0.35,0.5,0.3644529753096374,0.0,0.48227829172094605,0.9907407407407407,0.9714285714285714,0.6550324378394649,0.8379382557225165,0.9951303735512207,-0.7325948733790658,instance,xgb_top70
0,0.4545454545454546,1.0,0.65,0.5833333333333334,0.6244499095423107,1.0,0.5315076687347773,1.0,0.9857142857142858,0.6247047058547726,0.8467370341875918,0.9981111225541569,0.21466733626569004,instance,xgb_top70
1,0.2857142857142857,0.4,0.35,0.9166666666666666,0.3367240159481192,1.0,0.5049769901035434,1.0,0.9857142857142858,0.6393006647728448,0.8400371182214846,0.9942927583724286,0.14697371472248294,instance,xgb_top70
1,0.18181818181818177,0.6,0.35,0.5,0.33367190338564656,0.0,0.48474955863667235,0.9938271604938271,0.9714285714285714,0.6488025731751454,0.8422329494331435,0.9987697715602714,2.521268213408384,instance,xgb_top70
1,0.4,0.6,0.35,0.6666666666666666,0.33334058211147,1.0,0.5112535128004723,1.0,0.9714285714285714,0.6062279926493419,0.8426967076221878,0.9964215884175714,2.0805332820562352,instance,xgb_top70
1,0.2727272727272727,0.0,0.35,0.5,0.41134801737278126,0.0,0.4748160853830945,0.9845679012345679,0.9857142857142858,0.6370836869346658,0.8377075949709216,0.9965438791038518,0.6497536470632806,instance,xgb_top70
1,0.2857142857142857,0.0,0.35,0.9166666666666666,0.3361632333643224,0.0,0.4948146209246711,0.9845679012345679,0.9857142857142858,0.6514807893482122,0.86450925371127,0.9999503418823299,1.696652153036427,instance,xgb_top70
1,0.33333333333333337,0.0,0.35,0.6666666666666666,0.3405683888083192,0.0,0.47428436686458697,0.9753086419753086,1.0,0.6666691953150451,0.8476719697266001,0.9993704169234974,1.8771185052473172,instance,xgb_top70
0,0.25,0.6,0.65,0.6666666666666666,0.648764941315433,0.0,0.4944052394284818,0.9942528735632183,1.0,0.6666678427791654,0.839342112170374,0.9901141007077398,-0.8349775295078825,instance,xgb_top70
0,0.6666666666666667,0.6,0.65,0.5833333333333334,0.6570684587421657,0.5,0.4934135017008653,0.9942528735632183,0.9571428571428572,0.6666666666666666,0.8531947941893441,0.9997686003725511,-1.4684152736374116,instance,xgb_top70
1,0.19999999999999996,0.4,0.35,0.9166666666666666,0.3368553552285154,1.0,0.5082846082461239,1.0,0.9714285714285714,0.6312879702537845,0.8584623970297893,0.9997981699746031,1.3670928265610933,instance,xgb_top70
1,0.19999999999999996,0.2,0.35,0.3333333333333333,0.3429625716049284,0.3333333333333333,0.5068181534681658,1.0,0.9857142857142858,0.6244910260947404,0.8556682231909251,0.9947772144623812,0.443041919447421,instance,xgb_top70
1,0.0,0.4,0.35,0.6666666666666666,0.33726626672307825,0.0,0.4866579702485426,0.9938271604938271,0.9714285714285714,0.5882705667255493,0.8366316250098803,0.9973061207474865,1.7788233896020587,instance,xgb_top70
1,0.4,0.4,0.35,0.6666666666666666,0.3469351560291004,0.3333333333333333,0.47716296849605977,0.9969135802469136,1.0,0.6666782020031861,0.8617781135231276,0.9972203716939675,0.919521082743916,instance,xgb_top70
1,0.45833333333333337,0.2,0.35,0.9166666666666666,0.34386407935761276,0.0,0.49282906432042106,0.9907407407407407,0.9857142857142858,0.6550902804522246,0.8531714033052251,0.9992703501356122,-0.05252157873458192,instance,xgb_top70
1,0.3571428571428571,0.4,0.35,0.5,0.3382760578900338,0.0,0.49478337387315263,0.9969135802469136,1.0,0.6666705692812284,0.8611202763707753,0.9968231891403488,1.2769793133742362,instance,xgb_top70
1,0.19999999999999996,0.2,0.35,0.9166666666666666,0.33686698058755093,0.4,0.511004147429921,1.0,1.0,0.6666697854856578,0.8700780246534829,0.9987689816079653,1.4577664717064147,instance,xgb_top70
0,0.33333333333333337,0.8,0.65,0.25,0.6119751882301602,0.6666666666666666,0.5262438972253318,1.0,1.0,0.6666714846230218,0.8436683891151044,0.9925947444242385,0.135585387390315,instance,xgb_top70
1,0.0,0.0,0.35,0.5,0.33550378979224194,0.0,0.47527889855219174,0.9660493827160493,1.0,0.6666680259980935,0.8571215658374214,0.9991544136681533,2.1850579911474077,instance,xgb_top70
1,0.5454545454545454,0.4,0.35,0.6666666666666666,0.33648924234387223,1.0,0.5103841737258857,1.0,0.9714285714285714,0.5914868224651826,0.8320725594678519,0.9991969233531014,1.362237949055921,instance,xgb_top70
1,0.46153846153846156,0.2,0.35,0.6666666666666666,0.3376789456024346,0.0,0.471407094964423,0.9907407407407407,0.9714285714285714,0.645619887243439,0.8434445398610837,0.9995910846530065,0.7905851025245527,instance,xgb_top70
1,0.2857142857142857,0.4,0.35,0.6666666666666666,0.3481687577073509,1.0,0.5047590827885478,1.0,0.9857142857142858,0.6429199975343881,0.8387948294281617,0.9991414702644175,0.7994729978382,instance,xgb_top70
1,0.41666666666666663,0.2,0.35,0.9166666666666666,0.3417194097560893,0.5,0.5019550091797041,1.0,0.9857142857142858,0.6183510890731047,0.8532590544790898,0.9998731161918161,-0.09524323754467184,instance,xgb_top70
0,0.5555555555555556,0.6,0.65,0.5833333333333334,0.6591525646249284,0.0,0.4896926676279181,0.9885057471264368,1.0,0.6666716580895314,0.8490191789236003,0.9988722558926928,-0.7398406318361894,instance,xgb_top70
0,0.4285714285714286,0.6,0.65,0.25,0.6166079551088142,1.0,0.5106069132727555,1.0,0.9714285714285714,0.6269662544125906,0.850163653584449,0.998969748224965,0.5581964015360601,instance,xgb_top70
0,0.4545454545454546,0.8,0.65,0.4166666666666667,0.627753727325103,1.0,0.5069131019066896,1.0,0.9857142857142858,0.6369220184514544,0.850532929124525,0.9992628695503774,1.7283117885669534,instance,xgb_top70
0,0.0,0.6,0.65,0.5,0.5886519826267594,0.0,0.49868338676797175,0.9942528735632183,0.9428571428571428,0.002894045504453731,0.8305987923232266,0.9986121759941349,4.2380208918021385,instance,xgb_top70
0,0.6,0.8,0.65,0.25,0.6320743255415128,0.5,0.4954432552711735,0.9942528735632183,0.9857142857142858,0.6139649434349937,0.8370503403031846,0.9994844850701378,1.6566191997402173,instance,xgb_top70
0,0.5,0.6,0.65,0.4166666666666667,0.6379063807021943,0.0,0.4924005998586306,0.9942528735632183,1.0,0.6666711758453323,0.8371682583938327,0.9949689429256253,0.49270337400559483,instance,xgb_top70
0,0.5384615384615384,0.8,0.65,0.5,0.6526777994596642,0.5,0.5047914975223906,1.0,1.0,0.6666702391279801,0.866057500318419,0.9971621356504579,-0.39744945747135424,instance,xgb_top70
1,0.0,0.8,0.35,0.6666666666666666,0.34008977487559916,1.0,0.5197375176164456,1.0,1.0,0.6666735205375767,0.8355009834010014,0.995323422978949,0.48224134732210716,instance,xgb_top70
1,0.16666666666666663,0.4,0.35,0.6666666666666666,0.34097176667760665,0.0,0.4790387645797157,0.9938271604938271,1.0,0.6666723927344255,0.8552906245252965,0.9917573274461062,0.07325100683900677,instance,xgb_top70
0,0.8333333333333334,0.6,0.65,0.25,0.638881447136474,1.0,0.5007658977137325,1.0,1.0,0.6666739509244527,0.83304990174754,0.9939078566653652,-2.4546123684051095,instance,xgb_top70
1,0.3125,0.2,0.35,0.5,0.3585120022357696,1.0,0.5075761701121033,1.0,1.0,0.6666709365272414,0.8471415411236745,0.9951285050982326,-0.7187856972146115,instance,xgb_top70
0,0.6,0.8,0.65,0.25,0.6068719249589346,1.0,0.5226636599557956,1.0,0.9857142857142858,0.6666666666666666,0.838018893627882,0.9997799052631017,0.6242677418365079,instance,xgb_top70
0,0.6875,1.0,0.65,0.3333333333333333,0.6445039989842126,1.0,0.5250607300700224,1.0,0.9571428571428572,0.6033344097545379,0.8357650834174348,0.998052760017492,-0.46607552228079274,instance,xgb_top70
0,0.5416666666666667,0.6,0.65,0.25,0.5886519826267594,0.5,0.5070860776619771,1.0,0.9857142857142858,0.041778032087278205,0.8328877179432206,0.9999899662210412,0.9014319213033383,instance,xgb_top70
0,0.6666666666666667,0.4,0.65,0.5833333333333334,0.6526953676885603,1.0,0.5192907000196464,1.0,0.9571428571428572,0.6356594482094189,0.8562939128991807,0.995926782245396,-1.3883059599539675,instance,xgb_top70
0,0.4545454545454546,0.8,0.65,0.5,0.6119877162616261,1.0,0.5042524333822223,1.0,0.9857142857142858,0.6666666666666666,0.8293394169641817,0.9966194300580039,0.4748725907533441,instance,xgb_top70
0,0.0,0.6,0.65,0.6666666666666666,0.6099382306922027,1.0,0.5382712697332821,1.0,0.9571428571428572,0.6549840827119258,0.8313234656649258,0.9962264677422169,0.4153037948942489,instance,xgb_top70
0,0.6,0.6,0.65,0.5833333333333334,0.6354179042473268,1.0,0.5089487274573027,1.0,0.9857142857142858,0.6666666666666666,0.844655286491803,0.9997786083057397,0.9894235868961029,instance,xgb_top70
0,0.5,0.8,0.65,0.6666666666666666,0.6494807989428991,0.5,0.5139788934767187,1.0,0.9857142857142858,0.6666666666666666,0.8668033674355071,0.999430649711503,1.2115001033499697,instance,xgb_top70
0,0.6363636363636364,0.2,0.65,0.75,0.6380025113405411,0.0,0.47894615364696225,0.9885057471264368,0.9857142857142858,0.6666666666666666,0.8367311828964753,0.9985508844612409,0.005194804336727908,instance,xgb_top70
0,0.5625,0.4,0.65,0.5,0.6237524146165839,0.25,0.4881754155400907,0.9885057471264368,1.0,0.6666691581645139,0.8425276026186428,0.9902317676372746,0.5036903268970578,instance,xgb_top70
0,0.5384615384615384,0.6,0.65,0.6666666666666666,0.6269791091570222,1.0,0.5024375593562831,1.0,0.9857142857142858,0.6635751450806394,0.8715779878353728,0.9957822731069141,0.2607440032496091,instance,xgb_top70
0,0.5384615384615384,0.4,0.65,0.6666666666666666,0.6419732782040453,1.0,0.5297884150539258,1.0,1.0,0.6666702874520513,0.853587077469889,0.9998837627320357,1.69867053217555,instance,xgb_top70
0,0.6428571428571428,0.6,0.65,0.5,0.5941351836246492,0.5,0.5172324770222818,1.0,1.0,0.6666700675288628,0.8504292142233685,0.9949981142150928,0.888840097802151,instance,xgb_top70
1,0.0,0.0,0.35,0.6666666666666666,0.3306115280191406,0.0,0.4828645000473303,0.9814814814814815,0.9571428571428572,0.18010543165835546,0.8353564254462106,0.9988343261057464,1.8936834855928908,instance,xgb_top70
0,0.5416666666666667,0.6,0.65,0.5,0.5949359346476455,1.0,0.5116302077431656,1.0,1.0,0.6666777789379311,0.84623216120071,0.9967559480230437,1.3248805060182878,instance,xgb_top70
0,0.7142857142857143,1.0,0.65,0.5,0.6502032342027181,1.0,0.5316693227881732,1.0,0.9857142857142858,0.6617601091952194,0.8381800234311433,0.999461088440562,-0.7576649532147832,instance,xgb_top70
0,0.8,0.6,0.65,0.5833333333333334,0.6325662339305541,0.0,0.49823833308288423,0.9942528735632183,1.0,0.6666873234515408,0.8416823091237716,0.9959949356775789,-0.45521599079357106,instance,xgb_top70
1,0.0,0.4,0.35,0.5,0.33123721490076263,0.0,0.4967131343036768,0.9938271604938271,0.8857142857142857,0.6209844502992156,0.8164132600960509,0.9996331500300747,2.085860506877668,instance,xgb_top70
0,0.4285714285714286,0.6,0.65,0.3333333333333333,0.6253999712742027,1.0,0.5192582460154811,1.0,0.9714285714285714,0.6628488910873749,0.854529789124764,0.9995246534632752,-0.023584729737783656,instance,xgb_top70
0,0.0,0.8,0.65,0.6666666666666666,0.6693884719808594,1.0,0.5064344737583367,1.0,0.9714285714285714,0.6666666666666666,0.8382891270199633,0.9919766358889415,-0.8643312015400143,instance,xgb_top70
0,0.6428571428571428,0.4,0.65,0.3333333333333333,0.6163922929915095,0.0,0.4804869035525765,0.9885057471264368,0.9857142857142858,0.6666666666666666,0.8429104222136612,0.998047488268153,0.7447046524167735,instance,xgb_top70
0,0.6363636363636364,0.4,0.65,0.6666666666666666,0.656407986122821,0.5,0.5075734169663146,1.0,1.0,0.6666813949742049,0.8610233305498093,0.9853988888600065,0.4511834183355443,instance,xgb_top70
1,0.5,0.8,0.35,0.9166666666666666,0.35906765578594113,0.5,0.49881760411755105,0.9969135802469136,1.0,0.6666759401442222,0.8426387805528283,0.9997120435136526,-0.43823696700911235,instance,xgb_top70
0,0.5416666666666667,1.0,0.65,0.5833333333333334,0.6034563490963103,1.0,0.5168118787179121,1.0,1.0,0.6666709354927141,0.829265478637131,0.9996306977179604,0.5521025379415293,instance,xgb_top70
0,0.5555555555555556,0.6,0.65,0.3333333333333333,0.6375381247858094,1.0,0.5141369921562096,1.0,0.9857142857142858,0.6332622266594369,0.8537944287952288,0.9940004110820285,-0.41441975374692647,instance,xgb_top70
0,0.6428571428571428,0.6,0.65,0.5,0.6455976633954578,0.5,0.49428060511380345,0.9942528735632183,1.0,0.666669167208921,0.8641732865709675,0.9916527123317909,0.7147025707454964,instance,xgb_top70
1,0.3125,0.6,0.35,0.5,0.3480435557325068,1.0,0.5228635370870269,1.0,0.9857142857142858,0.6666666666666666,0.8567716931681016,0.9996551017582643,1.1108166278880232,instance,xgb_top70
0,0.5416666666666667,0.4,0.65,0.6666666666666666,0.623476956879399,0.0,0.4766068555233772,0.9885057471264368,1.0,0.6666683713020809,0.8389200510171084,0.9984874532226552,1.2577357447626376,instance,xgb_top70
0,0.0,0.8,0.65,0.6666666666666666,0.5907400911606414,1.0,0.5169451436296528,1.0,0.9857142857142858,0.6666666666666666,0.8338880229073768,0.9858877202331148,1.4410870293558133,instance,xgb_top70
0,0.7272727272727273,0.6,0.65,0.6666666666666666,0.6606023252338487,0.5,0.5382893593705127,1.0,1.0,0.666672083541083,0.8498416669402741,0.9993691754216902,-0.6501323500861684,instance,xgb_top70
0,0.8181818181818181,0.4,0.65,0.5833333333333334,0.6557650083814441,0.0,0.47963523182338486,0.9942528735632183,1.0,0.6666714439415121,0.8451133251728457,0.9978319375162351,0.2319842728548001,instance,xgb_top70
0,0.5,0.2,0.65,0.6666666666666666,0.64352113810407,1.0,0.505808085768527,1.0,0.9714285714285714,0.6544932304865974,0.8073537191723041,0.9973584782543744,0.03765090530662791,instance,xgb_top70
0,0.8,0.8,0.65,0.75,0.6602497956082461,0.0,0.48036029449927276,0.9942528735632183,0.9857142857142858,0.6666666666666666,0.8455661888873498,0.9974855008293322,-1.1879182752937976,instance,xgb_top70
0,0.0,0.8,0.65,0.5,0.6390528196408349,0.5,0.5083460427364199,1.0,1.0,0.666668365178629,0.853256755507384,0.9989514349222928,0.5341539316042311,instance,xgb_top70
0,0.6428571428571428,0.6,0.65,0.6666666666666666,0.6537140098790496,1.0,0.5071847395891389,1.0,1.0,0.6666700776975807,0.8530733896057765,0.9971514112610101,1.4317042669825826,instance,xgb_top70
1,0.16666666666666663,0.0,0.35,0.5,0.3451344501113157,0.0,0.4926482743473969,0.9845679012345679,0.9857142857142858,0.6557151693692068,0.8410295366811543,0.994020910510343,-0.7108909735574896,instance,xgb_top70
0,0.5416666666666667,0.8,0.65,0.5,0.6345645229068667,0.0,0.4936851546061055,0.9942528735632183,0.9857142857142858,0.6666666666666666,0.8510626927529705,0.9935585026365528,0.6203892527966353,instance,xgb_top70
0,0.6875,0.6,0.65,0.3333333333333333,0.6521534243051863,0.0,0.49124164701625783,0.9942528735632183,0.9857142857142858,0.6646603303871368,0.8439197360231112,0.9994610408672339,-0.7357301385053794,instance,xgb_top70
0,0.0,0.4,0.65,0.6666666666666666,0.6175498993840484,1.0,0.5016923329672094,1.0,0.9571428571428572,0.6173564635438029,0.8400691897124339,0.9914271475202092,-0.7568664500415013,instance,xgb_top70
1,0.4375,0.0,0.35,0.6666666666666666,0.3383789480731294,0.0,0.46595424818202036,0.9753086419753086,0.9714285714285714,0.5916162910673558,0.8299583362115489,0.9960441534758745,1.948228911447518,instance,xgb_top70
1,0.0,0.2,0.35,0.6666666666666666,0.3376488252173913,0.0,0.48218143361903654,0.9876543209876543,0.9714285714285714,0.6296776084857446,0.8308096484673102,0.9953563749130874,1.3526758910691268,instance,xgb_top70
0,0.5555555555555556,0.6,0.65,0.5833333333333334,0.6611863567998782,0.5,0.50268302400613,1.0,1.0,0.6666744162758402,0.8489944889150689,0.9950413186815247,0.1301037841896277,instance,xgb_top70
1,0.19999999999999996,0.4,0.35,0.8333333333333334,0.35088932337853884,0.4,0.48273243327024473,0.9938271604938271,1.0,0.6666682016999768,0.8613466923617265,0.9991903146447456,0.6148258813548143,instance,xgb_top70
1,0.33333333333333337,0.2,0.35,0.6666666666666666,0.33714751184540714,0.5,0.5156994952173638,1.0,1.0,0.6666682681913998,0.8403057944780057,0.9825078647680815,1.724356289209642,instance,xgb_top70
0,0.5833333333333333,0.6,0.65,0.3333333333333333,0.6479846104380461,0.0,0.4875733273922399,0.9942528735632183,0.9571428571428572,0.6453930013347018,0.84348224150534,0.9939196636183756,-0.8947574485064961,instance,xgb_top70
1,0.0,0.2,0.35,0.8333333333333334,0.3438680830670614,0.0,0.4774086261415841,0.9938271604938271,0.9571428571428572,0.6546706486846604,0.8388426219782193,0.9965023698210905,-0.006224207292098141,instance,xgb_top70
0,0.7272727272727273,0.8,0.65,0.5,0.6630034113430973,1.0,0.521677073489456,1.0,0.9857142857142858,0.6567564011204213,0.84681250556374,0.9949387602473072,-2.3451834324181053,instance,xgb_top70
1,0.0,0.2,0.35,0.9166666666666666,0.3370064291504422,0.0,0.46390941207880876,0.9876543209876543,1.0,0.6666699433340963,0.8503895294997513,0.9947646853815135,1.4374959032256653,instance,xgb_top70
1,0.36363636363636365,0.6,0.35,0.9166666666666666,0.3540554292014294,0.0,0.4817175835929437,0.9969135802469136,1.0,0.6666719778890002,0.8359539218473432,0.9967879804180614,0.6828385562846814,instance,xgb_top70
1,0.23076923076923073,0.4,0.35,0.4166666666666667,0.35158035954780376,1.0,0.5007627818194018,1.0,0.9857142857142858,0.6478533357691986,0.8288029237195528,0.9986553994665986,-1.2604397187752414,instance,xgb_top70
1,0.33333333333333337,0.4,0.35,0.6666666666666666,0.34084057796333556,1.0,0.5055294724481298,1.0,0.9571428571428572,0.650085278183373,0.8530322179584404,0.9981141198346906,1.2941907507623966,instance,xgb_top70
1,0.0,0.2,0.35,0.5,0.3745236180973181,0.0,0.4825864723180191,0.9876543209876543,0.9714285714285714,0.6661553184078157,0.8386186876906009,0.9998355898332524,1.7281126759967942,instance,xgb_top70
1,0.2727272727272727,0.6,0.35,0.9166666666666666,0.3360554656681808,0.42857142857142855,0.49557166480423887,0.9969135802469136,1.0,0.6666719461009151,0.8656913887755548,0.9980969317684605,1.4831411314899117,instance,xgb_top70
0,0.8333333333333334,0.4,0.65,0.6666666666666666,0.5886869944668797,0.0,0.4759524905060588,0.9885057471264368,0.9857142857142858,0.6666666666666666,0.8514858903348262,0.9997056139640145,0.242316074564826,instance,xgb_top70
1,0.33333333333333337,0.4,0.35,0.6666666666666666,0.3436883227338938,0.0,0.48243145956189437,0.9938271604938271,1.0,0.6666712667593804,0.8467897125591696,0.9995022565760533,0.8792638883292924,instance,xgb_top70
0,0.7142857142857143,1.0,0.65,0.5833333333333334,0.6578328191692787,1.0,0.5364616978222894,1.0,0.9714285714285714,0.661200796314098,0.8412846795673289,0.9995097146717883,-2.4041598336582295,instance,xgb_top70
1,0.5,0.6,0.35,0.6666666666666666,0.3703527135593829,1.0,0.5100445987742767,1.0,0.9571428571428572,0.5605815601410701,0.8332334767497689,0.9990491767934214,2.187651099986802,instance,xgb_top70
1,0.3571428571428571,0.6,0.35,0.6666666666666666,0.3368118750349566,0.3333333333333333,0.49927833327293036,0.9969135802469136,1.0,0.6666686773717564,0.8779477263656608,0.9962256891281286,1.9419850971891441,instance,xgb_top70
1,0.16666666666666663,0.0,0.35,0.5833333333333334,0.3399297884355108,0.0,0.49219217870893417,0.9814814814814815,0.9571428571428572,0.6499924968706766,0.8298677314531057,0.9980738650004526,3.3545730556179194,instance,xgb_top70
1,0.2857142857142857,0.4,0.35,0.9166666666666666,0.3409736847813467,0.6666666666666666,0.4981179696136373,0.9969135802469136,0.9857142857142858,0.6435369213895531,0.8527867415541682,0.9983518124443362,0.7557092860941271,instance,xgb_top70
1,0.0,0.2,0.35,0.9166666666666666,0.3348364942554388,0.0,0.4848095800676445,0.9969135802469136,1.0,0.6666694970841649,0.8566318725208085,0.99965801801347,2.416858486953798,instance,xgb_top70
1,0.3125,0.4,0.35,0.5833333333333334,0.3391249885229898,1.0,0.5221901176022812,1.0,0.9857142857142858,0.6541780832129479,0.8512644016569075,0.9792567834495537,1.42734062512517,instance,xgb_top70
0,0.8571428571428572,0.6,0.65,0.25,0.6436378512541382,1.0,0.52760361746452,1.0,0.9571428571428572,0.6419283264155128,0.8323772465256645,0.9960183688208758,-0.4867495594526378,instance,xgb_top70
1,0.19999999999999996,0.6,0.35,0.6666666666666666,0.34854418537808474,1.0,0.5046208061499586,1.0,1.0,0.66666985109598,0.8480052322979746,0.9994131343788841,-0.7012715154231745,instance,xgb_top70
0,0.6666666666666667,1.0,0.65,0.8333333333333334,0.6341041279274906,1.0,0.5214583559422165,1.0,0.9857142857142858,0.6145600842537179,0.8574202379834861,0.9991880143189507,-1.0829870457320894,instance,xgb_top70
1,0.0,0.2,0.35,0.9166666666666666,0.3360867644272938,0.0,0.46984778468140365,0.9876543209876543,0.9714285714285714,0.6396700976820963,0.8470539090369275,0.9980496075117797,1.143214713534228,instance,xgb_top70
1,0.5,0.2,0.35,0.9166666666666666,0.33361814866162975,0.0,0.4884370653084603,0.9938271604938271,0.9857142857142858,0.5978347627465586,0.8438176319732508,0.9950690141054765,2.993988692656446,instance,xgb_top70
1,0.0,0.4,0.35,0.6666666666666666,0.33703889192168546,0.0,0.45880551074393416,0.9938271604938271,1.0,0.6666715245481726,0.8295541748167679,0.9854582069270236,0.3225281393332612,instance,xgb_top70
0,0.7272727272727273,0.4,0.65,0.3333333333333333,0.6518080123492692,1.0,0.5044205909178257,1.0,1.0,0.6666743480380993,0.8354135933489187,0.9980100850244318,-0.2822016855749494,instance,xgb_top70
1,0.3571428571428571,0.6,0.35,0.8333333333333334,0.3584072122021834,0.0,0.49279522492647065,0.9969135802469136,0.9571428571428572,0.606151788313002,0.8510310809832373,0.9999433846784889,-0.30601839259378893,instance,xgb_top70
1,0.4,0.4,0.35,0.75,0.3399765176545416,0.2,0.45165906988879045,0.9969135802469136,1.0,0.6666685128924519,0.8533322353284966,0.998436082326639,1.5389645306308648,instance,xgb_top70
1,0.2857142857142857,0.0,0.35,0.8333333333333334,0.33951924858557403,0.0,0.4663332938950254,0.9753086419753086,0.9857142857142858,0.6298586874085635,0.8491584193754085,0.9960252261397797,0.5417936866296045,instance,xgb_top70
0,0.33333333333333337,0.6,0.65,0.5833333333333334,0.6553496341689372,0.5,0.5178866839505853,1.0,1.0,0.6666689678892909,0.8569222268584328,0.9899589294238289,0.05125733294926778,instance,xgb_top70
1,0.2727272727272727,0.2,0.35,0.6666666666666666,0.33760044134489986,0.0,0.4677925190628276,0.9907407407407407,0.9857142857142858,0.6413098639477998,0.8587507763111936,0.9999848010302906,1.8395968959555715,instance,xgb_top70
0,0.5555555555555556,1.0,0.65,0.5,0.6583477708670705,1.0,0.5168428582972819,1.0,0.9857142857142858,0.6666666666666666,0.8403982673333754,0.9981267187226183,-0.3703211804331401,instance,xgb_top70
0,0.5416666666666667,0.4,0.65,0.5,0.596570940761052,0.5,0.5140158206711073,1.0,1.0,0.6666691990513017,0.8511029079149841,0.9913501949416762,0.7089897418682692,instance,xgb_top70
1,0.1428571428571429,0.2,0.35,0.5,0.35310398339288723,0.0,0.49890281646606893,0.9938271604938271,1.0,0.6666734946867006,0.844679642474688,0.9949591295993284,1.5428596980801226,instance,xgb_top70
1,0.30000000000000004,0.2,0.35,0.8333333333333334,0.34086542723931135,1.0,0.5089712417136647,1.0,1.0,0.6666702486219751,0.8339143382329647,0.9879284925290441,2.4392703033330974,instance,xgb_top70
1,0.0,0.2,0.35,0.5833333333333334,0.3425553811176002,0.0,0.4675093619733701,0.9876543209876543,0.9857142857142858,0.6666662223734202,0.8422927346664022,0.9959323484170889,0.4396442458817587,instance,xgb_top70
1,0.0,0.0,0.35,0.9166666666666666,0.3368854931902545,0.0,0.45760475574207005,0.962962962962963,0.9857142857142858,0.666666233399446,0.845201575621399,0.9946554224102229,2.0603206651149764,instance,xgb_top70
1,0.46153846153846156,0.2,0.35,0.4166666666666667,0.35926778240467505,0.5,0.46201248521557736,0.9907407407407407,1.0,0.6666692037619093,0.8490658861931041,0.9878280792183549,-0.12879132530369589,instance,xgb_top70
1,0.6,0.6,0.35,0.9166666666666666,0.3610063143099097,0.0,0.4732513716614579,0.9969135802469136,1.0,0.6666706416086092,0.8475556157494851,0.9931732717674483,0.24760797661968206,instance,xgb_top70
0,0.7142857142857143,0.6,0.65,0.5833333333333334,0.5886519826267594,1.0,0.5013335484652888,1.0,0.9285714285714286,0.36516103188716864,0.8332234585517718,0.9951056761844841,0.4342449397900078,instance,xgb_top70
1,0.0,0.0,0.35,0.9166666666666666,0.3393813112696278,0.0,0.4583362578835588,0.9814814814814815,0.9285714285714286,0.6343585059524242,0.8288273969732386,0.9957969505311351,2.1809152305587,instance,xgb_top70
1,0.4375,0.4,0.35,0.5,0.34387697382359017,0.5,0.464340587866099,0.9938271604938271,0.9714285714285714,0.6034533977381108,0.8542941235896223,0.9974869924939103,1.4124790520836943,instance,xgb_top70
1,0.3125,0.0,0.35,0.8333333333333334,0.353528528158196,0.0,0.47786233058966876,0.9753086419753086,1.0,0.6666685924133795,0.850704591830765,0.9985098912293359,0.4596555227621593,instance,xgb_top70
0,0.6428571428571428,0.6,0.65,0.5,0.6482949047146572,0.5,0.49551274361336695,0.9942528735632183,0.9857142857142858,0.6432511553385591,0.8450329668883221,0.9997481815700954,-1.043423549006328,instance,xgb_top70
1,0.0,0.6,0.35,0.6666666666666666,0.36748342528207056,1.0,0.510882924431288,1.0,1.0,0.6666685124523232,0.8248041774764666,0.9862116790925572,-1.4262493226208581,instance,xgb_top70
1,0.2857142857142857,0.2,0.35,0.9166666666666666,0.3375873296891426,0.3333333333333333,0.505314479331207,1.0,1.0,0.6666698701232533,0.8553959443149839,0.9944534684549821,2.7236468982930324,instance,xgb_top70
1,0.30000000000000004,0.0,0.35,0.9166666666666666,0.33598154605243213,0.0,0.4720794608275003,0.9722222222222222,0.9571428571428572,0.6270662682947566,0.8359953356921649,0.9976264102248836,2.817112495182733,instance,xgb_top70
1,0.23076923076923073,0.2,0.35,0.9166666666666666,0.33932761008241774,0.0,0.496821011060144,0.9969135802469136,1.0,0.6666669746101239,0.8429564090963086,0.988188763056539,1.483652930015087,instance,xgb_top70
1,0.2857142857142857,0.4,0.35,0.3333333333333333,0.36240548372313963,1.0,0.506113511414665,1.0,1.0,0.6666693836726507,0.8593595529136273,0.9957298347806229,-0.9153903443202142,instance,xgb_top70
1,0.0,0.0,0.35,0.8333333333333334,0.3326010647199864,0.0,0.4708856045151184,0.9845679012345679,1.0,0.6666716200823504,0.8635412195638139,0.9996057191244209,2.9274186124508748,instance,xgb_top70
1,0.0,0.2,0.35,0.5,0.33688944973703894,0.5,0.49837496162097683,0.9969135802469136,0.9857142857142858,0.6270802944110516,0.8645297337632561,0.990335115553168,2.018491807972068,instance,xgb_top70
1,0.0,0.6,0.35,0.9166666666666666,0.3369661276710042,0.0,0.49877988168511056,0.9969135802469136,0.9857142857142858,0.6666666666666666,0.8411870792681994,0.9924934660398383,1.5690659526565869,instance,xgb_top70
1,0.33333333333333337,0.2,0.35,0.6666666666666666,0.33635190566241835,0.25,0.4814834456963817,0.9938271604938271,1.0,0.6666705445289609,0.8728724339219568,0.9995950350053117,2.3239658939873924,instance,xgb_top70
1,0.2857142857142857,0.4,0.35,0.6666666666666666,0.36358800782119316,0.0,0.4966146771631301,0.9969135802469136,1.0,0.666667593867597,0.8611759664779515,0.9935007557300046,-0.5870008703140548,instance,xgb_top70
1,0.0,0.0,0.35,0.6666666666666666,0.3363920707991014,0.0,0.4573667040425783,0.9598765432098766,1.0,0.66667703414886,0.8452415061609951,0.9956531216143201,2.9303080764204332,instance,xgb_top70
1,0.4,0.2,0.35,0.9166666666666666,0.33761188951581744,1.0,0.527813767170713,1.0,0.9285714285714286,0.5857533785163128,0.8306095479999116,0.9958705131028005,1.0638616614450849,instance,xgb_top70
1,0.3571428571428571,0.4,0.35,0.9166666666666666,0.3343952742991402,0.0,0.48180678847957015,0.9969135802469136,1.0,0.6666680785031073,0.8576314615637749,0.9907278382164433,2.0931500426712444,instance,xgb_top70
1,0.0,0.0,0.35,0.25,0.3509282297112756,0.0,0.4711188605215306,0.9814814814814815,0.9857142857142858,0.6434655441906157,0.8427723628421839,0.9993938531638625,1.5507484452086555,instance,xgb_top70
1,0.3571428571428571,0.4,0.35,0.6666666666666666,0.3363588330646664,0.0,0.49077856648972773,0.9969135802469136,1.0,0.6666695602575656,0.8662318271471126,0.9985151275899723,2.0312925264506565,instance,xgb_top70
1,0.33333333333333337,0.0,0.35,0.6666666666666666,0.34600047041210846,0.0,0.44832663320309474,0.9753086419753086,1.0,0.6666681039939207,0.8317023751153894,0.9974236691994517,0.9968917435963066,instance,xgb_top70
0,0.7692307692307692,1.0,0.65,0.75,0.6421043651698608,1.0,0.5141712123184123,1.0,0.9714285714285714,0.6666666666666666,0.8319931249635042,0.9937043289738677,0.1905522979702357,instance,xgb_top70
0,0.5,1.0,0.65,0.8333333333333334,0.6635533303023791,1.0,0.5304401975921863,1.0,0.9857142857142858,0.6376576449568658,0.8229388459492186,0.9879358010676957,-0.9807501697267879,instance,xgb_top70
1,0.4444444444444444,0.2,0.35,0.5,0.3476051233446399,0.0,0.46023681647834347,0.9876543209876543,1.0,0.6666687420409749,0.8537178389767105,0.9939740677674822,1.4209917897798843,instance,xgb_top70
1,0.0,0.2,0.35,0.25,0.33978955116823106,0.0,0.4727627986484316,0.9907407407407407,0.9857142857142858,0.615979027019336,0.8268056124533645,0.9904634190921396,0.22474075004280786,instance,xgb_top70
1,0.2857142857142857,0.4,0.35,0.9166666666666666,0.3353283982603048,1.0,0.5109370059615848,1.0,0.9857142857142858,0.6194745432583401,0.8515497386820167,0.9945315630022024,2.059738068483224,instance,xgb_top70
0,0.6428571428571428,0.6,0.65,0.3333333333333333,0.6575345513800729,0.6666666666666666,0.5045548310746666,1.0,1.0,0.6666693252380252,0.8548721287682259,0.9967268273995545,-1.3788709786122169,instance,xgb_top70
1,0.0,0.4,0.35,0.6666666666666666,0.3360275163434565,0.0,0.4807588426166395,0.9907407407407407,1.0,0.6666688943164428,0.8482811495934738,0.9990239740361819,1.247295184046123,instance,xgb_top70
1,0.45833333333333337,0.2,0.35,0.6666666666666666,0.3683502009224199,0.0,0.49088170795245645,0.9907407407407407,1.0,0.6666675917594812,0.8311146794340368,0.9953179277584904,-0.6902572516113316,instance,xgb_top70
1,0.1428571428571429,0.4,0.35,0.5,0.3673282421099421,0.0,0.49372373010293846,0.9969135802469136,0.9571428571428572,0.6666666666666666,0.8361568702515346,0.9981743560094526,0.9046817572961202,instance,xgb_top70
1,0.33333333333333337,0.2,0.35,0.6666666666666666,0.3361984831380801,0.0,0.49842874045049135,0.9969135802469136,0.9714285714285714,0.607740115655642,0.8333143236209776,0.9989792684178754,3.009347272142614,instance,xgb_top70
1,0.23076923076923073,0.2,0.35,0.9166666666666666,0.34111145997818215,0.3333333333333333,0.49467074487109386,0.9969135802469136,1.0,0.6666704793775448,0.8616338451941099,0.9999467184675161,1.3892098583177828,instance,xgb_top70
1,0.2857142857142857,0.4,0.35,0.6666666666666666,0.35183609968029017,0.3333333333333333,0.4927014391814559,0.9938271604938271,1.0,0.6666763276902525,0.8563675593654193,0.9990075980941858,0.6070128585695472,instance,xgb_top70
1,0.16666666666666663,0.2,0.35,0.8333333333333334,0.3355525980468469,0.6666666666666666,0.48787461827437417,0.9969135802469136,1.0,0.666727944227203,0.8543696002272612,0.9965241924777369,2.7767997958036625,instance,xgb_top70
0,0.4285714285714286,0.4,0.65,0.5833333333333334,0.6346920578368342,0.0,0.4554654315848683,0.9885057471264368,1.0,0.6666710647563533,0.8440608097257334,0.9972414889846101,0.19661379488060832,instance,xgb_top70
1,0.19999999999999996,0.0,0.35,0.6666666666666666,0.3372728511925821,0.0,0.48278823335736043,0.9845679012345679,0.9857142857142858,0.6664762585554082,0.8511828323647208,0.9973382304155796,2.6953410880055255,instance,xgb_top70
1,0.30000000000000004,0.2,0.35,0.5,0.35813682199629915,0.0,0.485885635107815,0.9876543209876543,1.0,0.6666714187267734,0.8371334235870673,0.9839849639270808,-0.40262364074717094,instance,xgb_top70
1,0.5,0.2,0.35,0.8333333333333334,0.3371800205295862,0.5,0.5116461135419972,1.0,0.9857142857142858,0.6224630697430331,0.8468579783041005,0.9974059154370459,0.6328597169829167,instance,xgb_top70
1,0.3571428571428571,0.4,0.35,0.6666666666666666,0.3367024700325163,0.5,0.5020172901120461,1.0,1.0,0.6666687790423088,0.8457038960744839,0.9973343307468485,2.3666411683348216,instance,xgb_top70
1,0.1428571428571429,0.4,0.35,0.9166666666666666,0.3368388724111566,0.0,0.48488567499946444,0.9907407407407407,1.0,0.6666711031013106,0.8546993769386408,0.9997038917087393,2.38950210664704,instance,xgb_top70
1,0.23076923076923073,0.4,0.35,0.5833333333333334,0.340890169982908,0.5,0.5055919966206792,1.0,1.0,0.6666673698876515,0.8630412027984425,0.9977474027148672,-0.48409218870860726,instance,xgb_top70
1,0.36363636363636365,0.2,0.35,1.0,0.365276582480916,0.0,0.4991545239125539,0.9938271604938271,1.0,0.666676651444899,0.8267072120743393,0.9976609142933486,1.1274140185045534,instance,xgb_top70
1,0.19999999999999996,0.2,0.35,0.9166666666666666,0.3723145361505993,0.0,0.4903253160604575,0.9876543209876543,1.0,0.6666699344257955,0.8564264313631229,0.9890412007251648,2.456860077203015,instance,xgb_top70
1,0.23076923076923073,0.4,0.35,0.9166666666666666,0.3394755003593487,0.0,0.46678548464031433,0.9938271604938271,1.0,0.6666720074331086,0.8653518790735513,0.9998152729494604,0.95214735403032,instance,xgb_top70
1,0.0,0.4,0.35,0.8333333333333334,0.3368948749058367,0.0,0.4688634318165176,0.9938271604938271,0.9857142857142858,0.6641027259594601,0.8587068399631865,0.9960992088308354,1.1363875982725997,instance,xgb_top70
1,0.2727272727272727,0.4,0.35,0.6666666666666666,0.3382660224455851,1.0,0.5117691925083465,1.0,1.0,0.6666688106547658,0.8471561161191241,0.9990930047392788,2.825960702126758,instance,xgb_top70
1,0.16666666666666663,0.2,0.35,0.5,0.33822082595058756,0.25,0.4889031379016211,0.9907407407407407,0.9714285714285714,0.6110373718849545,0.8564996676255381,0.9967073220528228,1.786823706072716,instance,xgb_top70
0,0.5416666666666667,0.6,0.65,0.5833333333333334,0.653572050232195,1.0,0.5069916166397634,1.0,0.9857142857142858,0.662013942410395,0.8539441596307468,0.9980542276432376,-1.0800767371012883,instance,xgb_top70
1,0.2857142857142857,0.2,0.35,0.8333333333333334,0.3462937468483138,0.4,0.4918679882584702,0.9969135802469136,0.9857142857142858,0.6326594444808569,0.859434736065769,0.9993607815397715,-0.3048405723391653,instance,xgb_top70
1,0.5,0.2,0.35,0.8333333333333334,0.35667271457783667,0.0,0.4860346260622518,0.9938271604938271,1.0,0.6666695737272946,0.8407160809065963,0.9977681334908337,-0.5653023746731379,instance,xgb_top70
1,0.45833333333333337,0.4,0.35,0.5,0.36422607836084253,1.0,0.501324978729818,1.0,0.9285714285714286,0.618814994730003,0.851327500650383,0.9897442513381989,0.4589059196384702,instance,xgb_top70
0,0.5625,0.4,0.65,0.5833333333333334,0.6581683460567257,0.6666666666666666,0.5458615594354137,1.0,0.9857142857142858,0.6666666666666666,0.865330894161602,0.9954686447269617,-0.9823009499025723,instance,xgb_top70
1,0.2727272727272727,0.2,0.35,0.6666666666666666,0.34397101062324836,0.0,0.48949197192839955,0.9969135802469136,0.9857142857142858,0.635699762003595,0.842326028150645,0.9826490164284264,0.43108397478935484,instance,xgb_top70
1,0.2727272727272727,0.0,0.35,0.9166666666666666,0.3365335255294062,0.0,0.47196151683006327,0.9691358024691358,0.9571428571428572,0.6141628828972614,0.8544836729414834,0.9978487617296712,1.2330072417678648,instance,xgb_top70
1,0.2857142857142857,0.0,0.35,0.9166666666666666,0.3361065904781694,0.0,0.45486954012461567,0.9660493827160493,1.0,0.6666794708523817,0.8484226935856687,0.9995651124782866,1.0367309189346927,instance,xgb_top70
1,0.2857142857142857,0.4,0.35,0.6666666666666666,0.34762416966918097,0.0,0.48305844200625825,0.9938271604938271,1.0,0.6666720307200873,0.8642616220111538,0.9962152517647602,-0.31504278616126136,instance,xgb_top70
0,0.6666666666666667,0.8,0.65,0.5833333333333334,0.6630980682198886,1.0,0.5063613521048668,1.0,0.9714285714285714,0.6666666666666666,0.8443545720419532,0.9992304701559802,-2.680479365008312,instance,xgb_top70
0,0.6666666666666667,0.8,0.65,0.6666666666666666,0.6454896551258691,1.0,0.5124999646223881,1.0,1.0,0.6666723384437102,0.8662131132084633,0.9988552369864706,-0.376059207865317,instance,xgb_top70
1,0.2857142857142857,0.0,0.35,0.6666666666666666,0.3394182067262719,0.0,0.4862494241647395,0.9845679012345679,0.9857142857142858,0.6605227527132393,0.8440912388164469,0.9995924784678598,0.7019809539054495,instance,xgb_top70
1,0.3571428571428571,0.2,0.35,0.6666666666666666,0.34453656541457145,0.4,0.5096239452033058,1.0,1.0,0.6666678246111504,0.8607303139542768,0.9993917677147582,0.9811209904940712,instance,xgb_top70
0,0.5625,0.2,0.65,0.5833333333333334,0.6636794029188073,0.0,0.4648818962709912,0.9770114942528736,0.9857142857142858,0.6060378460020932,0.8485729930191719,0.9998712580191832,-2.8671518625438646,instance,xgb_top70
1,0.4444444444444444,0.4,0.35,0.6666666666666666,0.334915321537019,0.3333333333333333,0.49427937628726615,0.9938271604938271,1.0,0.6666715657260472,0.8578443082235142,0.9920615323076997,0.09566841943840561,instance,xgb_top70
1,0.36363636363636365,0.4,0.35,0.6666666666666666,0.3467302866110008,0.5,0.494508375733117,0.9969135802469136,0.9714285714285714,0.6656932486418009,0.8299159826378113,0.9995888821558573,0.5708192370025146,instance,xgb_top70
0,0.6875,0.2,0.65,0.25,0.6358572745837575,1.0,0.5045742058633349,1.0,1.0,0.6666681290971581,0.8507709194409417,0.9948855851584327,0.8048454182940323,instance,xgb_top70
1,0.16666666666666663,0.2,0.35,0.6666666666666666,0.355446849803581,0.0,0.4886065560383155,0.9876543209876543,0.9857142857142858,0.656891844125054,0.8411010115866042,0.9828751397104107,1.5241837728982608,instance,xgb_top70
1,0.33333333333333337,0.2,0.35,0.5,0.33718596437763204,0.3333333333333333,0.49877084930896953,0.9969135802469136,0.9857142857142858,0.6666666666666666,0.8583984058934196,0.999303767628016,1.0423077883999488,instance,xgb_top70
0,0.7692307692307692,0.6,0.65,0.6666666666666666,0.6631933831563738,0.0,0.49823471271351605,0.9942528735632183,1.0,0.6666718784926011,0.8391402977373019,0.9993374436986044,-0.7052899699857111,instance,xgb_top70
1,0.25,0.6,0.35,0.9166666666666666,0.37060027046862254,1.0,0.5048783682827556,1.0,0.9857142857142858,0.6330437296268224,0.8531506463667761,0.9988181441424315,0.45572066468347994,instance,xgb_top70
1,0.33333333333333337,0.0,0.35,0.5,0.3378187986349367,0.0,0.48547112216224153,0.9691358024691358,1.0,0.6666692277324311,0.86849696409754,0.9981266107920611,1.4109215823534071,instance,xgb_top70
1,0.0,0.2,0.35,0.25,0.3306136862610408,1.0,0.5404129110234347,1.0,0.9714285714285714,0.4935731778989897,0.8212421874004809,0.9931144994694738,2.845169451144736,instance,xgb_top70
1,0.3571428571428571,0.2,0.35,0.6666666666666666,0.33785713159702635,1.0,0.5053208059438841,1.0,0.9857142857142858,0.6591027865697963,0.8370635834020937,0.9907653263947475,2.0731933281495745,instance,xgb_top70
0,0.0,0.6,0.65,0.5,0.6155180007056034,1.0,0.526233720315711,1.0,0.9571428571428572,0.540747472899511,0.8128734259947089,0.9837658830928987,-0.8075381080361524,instance,xgb_top70
1,0.3571428571428571,0.2,0.35,0.5833333333333334,0.3417828813927315,1.0,0.5265274344710587,1.0,0.9714285714285714,0.6395814957246532,0.8400154567044988,0.9941465209961772,0.9779632350025929,instance,xgb_top70
0,0.6666666666666667,0.8,0.65,0.6666666666666666,0.6367565204148015,1.0,0.5406563110399668,1.0,1.0,0.6666684240497713,0.8474327005793044,0.9954604926357066,-2.320244279176627,instance,xgb_top70
1,0.33333333333333337,0.2,0.35,0.6666666666666666,0.351489635656123,0.3333333333333333,0.48319509224290025,0.9876543209876543,1.0,0.6666704753530625,0.8548616127628386,0.9967042116147108,0.5552536270168689,instance,xgb_top70
1,0.0,0.4,0.35,0.5,0.34178999488231376,0.2,0.48186054406878465,0.9938271604938271,1.0,0.666672125308817,0.8638802919570818,0.9955153243721716,1.5067800341541515,instance,xgb_top70
1,0.2727272727272727,0.0,0.35,0.5,0.33645999606311516,0.0,0.482140140967509,0.9753086419753086,0.9857142857142858,0.6666666666666666,0.8667319530385824,0.9950232713458678,3.1026121210776725,instance,xgb_top70
0,0.0,0.4,0.65,0.5,0.6087752501113219,0.0,0.49962803198023886,0.9942528735632183,0.9857142857142858,0.5953913656981964,0.8322500788865808,0.9983690004107155,1.2279160957467792,instance,xgb_top70
1,0.33333333333333337,0.2,0.35,0.5,0.3653079162332835,1.0,0.5004749085848842,1.0,0.9571428571428572,0.6666666666666666,0.8484410294714696,0.9986459403698676,0.9210052342797688,instance,xgb_top70
1,0.1428571428571429,0.2,0.35,0.25,0.3491321995676637,1.0,0.5055082179857409,1.0,0.9571428571428572,0.6089875527052846,0.8489044841265182,0.9960783566823127,2.307874216439004,instance,xgb_top70
1,0.4375,0.6,0.35,0.9166666666666666,0.3394077835855259,0.42857142857142855,0.5423198909399672,1.0,1.0,0.6666746501342294,0.8513314762230022,0.9961069219367119,1.0661557923697247,instance,xgb_top70
0,0.5555555555555556,1.0,0.65,0.5833333333333334,0.6593920187284574,1.0,0.505939456402827,1.0,0.9714285714285714,0.6665501719654038,0.8377796105779869,0.9913618302421046,-2.335304231385773,instance,xgb_top70
0,0.0,0.8,0.65,0.5833333333333334,0.6233483707167852,1.0,0.5096677591740263,1.0,0.9714285714285714,0.6666666666666666,0.8442860938403083,0.9940523826460179,-0.8184465720124307,instance,xgb_top70
1,0.4375,0.0,0.35,0.9166666666666666,0.34960137139428876,0.0,0.4671936789571124,0.9722222222222222,1.0,0.6666689028087673,0.8647348649664837,0.9999680720581515,1.0153075403668455,instance,xgb_top70
1,0.2727272727272727,0.0,0.35,0.9166666666666666,0.33657470654521265,0.0,0.4679103371330817,0.9845679012345679,0.9857142857142858,0.6519161170649078,0.8512166801451131,0.9987966844102062,2.4490682299636997,instance,xgb_top70
1,0.0,0.2,0.35,0.5833333333333334,0.33677843011286157,0.5,0.48678322291513876,0.9969135802469136,0.9714285714285714,0.6496889564575515,0.8445527359836059,0.9989190916929951,0.9677037453733726,instance,xgb_top70
0,0.5416666666666667,0.6,0.65,0.75,0.595524675716786,0.0,0.4998119053878699,0.9942528735632183,0.9857142857142858,0.6325151545150483,0.8353821659022578,0.996101200461874,1.7607426717726131,instance,xgb_top70
0,0.33333333333333337,0.4,0.65,0.25,0.6086516009671924,0.0,0.4980797378396039,0.9942528735632183,0.9714285714285714,0.6666666666666666,0.813065947672341,0.9935270946710933,2.961184280424946,instance,xgb_top70
1,0.2857142857142857,0.4,0.35,0.6666666666666666,0.35319243352342433,0.5,0.49421003818465614,0.9969135802469136,0.9857142857142858,0.6666666666666666,0.853045738410352,0.9948379045708787,1.457225378318993,instance,xgb_top70
1,0.19999999999999996,0.2,0.35,0.8333333333333334,0.341134879810416,0.6666666666666666,0.4972845676659632,0.9969135802469136,1.0,0.6666719134419585,0.8611661332234246,0.9996823291074329,0.9708738008247527,instance,xgb_top70
0,0.5625,0.4,0.65,0.6666666666666666,0.6270214794363375,0.5,0.5032536144951303,1.0,0.9857142857142858,0.6666666666666666,0.8511062370747009,0.9964797359447118,-0.7157581717053082,instance,xgb_top70
0,0.8,0.8,0.65,0.5833333333333334,0.6323267342666176,1.0,0.5218490494103167,1.0,0.9857142857142858,0.6666666666666666,0.8300036725323988,0.9900421986849752,0.8819803607774735,instance,xgb_top70
1,0.25,0.2,0.35,0.6666666666666666,0.3360911496409925,0.0,0.4792839683262632,0.9907407407407407,0.9857142857142858,0.6542082875995924,0.8517285236604233,0.9964473003704429,2.8669051027086687,instance,xgb_top70
0,0.6875,0.6,0.65,0.8333333333333334,0.6636078902587705,0.75,0.527608989466708,1.0,1.0,0.6666815199935914,0.8665424829421566,0.9987517389501043,-1.0946982672514993,instance,xgb_top70
1,0.30000000000000004,0.4,0.35,0.8333333333333334,0.3425086501411764,0.5,0.5011124944418892,1.0,0.9857142857142858,0.6664613648524307,0.8466909942185262,0.9983235551045225,0.5239410836570589,instance,xgb_top70
1,0.23076923076923073,0.6,0.35,0.5833333333333334,0.3393366274851493,1.0,0.5023950386361291,1.0,0.9714285714285714,0.6406739454345031,0.8467266726516268,0.9998126642429573,0.8851033918066306,instance,xgb_top70
1,0.1428571428571429,0.0,0.35,0.5,0.3748666476021171,0.0,0.4736426692280501,0.9814814814814815,0.9857142857142858,0.647572260930519,0.8241436972367642,0.9977094989886828,1.7814430190939576,instance,xgb_top70
1,0.23076923076923073,0.0,0.35,0.5,0.33740584303584953,0.0,0.4649422803264155,0.9722222222222222,1.0,0.6666727664360264,0.8582171782820189,0.9940600534123278,2.040515351020214,instance,xgb_top70
1,0.46153846153846156,0.2,0.35,0.5,0.33500728598747465,0.0,0.4578006437875842,0.9938271604938271,0.9857142857142858,0.6007342784864521,0.8372220528969615,0.9899431899068243,2.478269804494345,instance,xgb_top70
1,0.6666666666666667,0.2,0.35,0.9166666666666666,0.35693123102086,0.0,0.4924423667195498,0.9969135802469136,1.0,0.6666733448061327,0.8537972559306963,0.998544960814975,-0.1113011633928335,instance,xgb_top70
0,0.0,0.8,0.65,0.5833333333333334,0.6573859841645311,1.0,0.5086122754244753,1.0,0.9714285714285714,0.6648121103272464,0.8344003593165237,0.9984438580722534,0.023316259749949567,instance,xgb_top70
1,0.46153846153846156,0.0,0.35,0.9166666666666666,0.34144519041427535,0.2222222222222222,0.4838113569931147,0.9845679012345679,1.0,0.6666704540929966,0.8667857781383406,0.9995028246264509,0.870310473270818,instance,xgb_top70
1,0.2727272727272727,0.2,0.35,0.8333333333333334,0.3432538565923764,0.0,0.47070116381562643,0.9907407407407407,1.0,0.6666676510898577,0.8654173094241511,0.9952750843940311,1.1628081689514316,instance,xgb_top70
1,0.45833333333333337,0.2,0.35,0.5,0.3537796581922481,0.0,0.49597336071562903,0.9969135802469136,0.9857142857142858,0.6573895218383996,0.8458398500586931,0.9949047704725963,-0.028221969490103214,instance,xgb_top70
1,0.2727272727272727,0.4,0.35,0.6666666666666666,0.3451575644948711,0.0,0.4802384158498456,0.9938271604938271,0.9857142857142858,0.660770812299291,0.8459106883257249,0.9964623288095821,1.731554470356272,instance,xgb_top70
0,0.5384615384615384,1.0,0.65,0.4166666666666667,0.6549561701763379,1.0,0.5217702010180207,1.0,1.0,0.6666691254391612,0.8506541685167345,0.9987982695596659,-1.8036683937378735,instance,xgb_top70
1,0.19999999999999996,0.2,0.35,0.9166666666666666,0.3374754874042494,0.0,0.47639808644065906,0.9907407407407407,0.9857142857142858,0.6132254688951043,0.8490715016408548,0.9989482270150876,1.773760456215588,instance,xgb_top70
1,0.36363636363636365,0.4,0.35,0.6666666666666666,0.36488398878674355,1.0,0.5050584750719331,1.0,0.9571428571428572,0.6360522901818427,0.8342039669988177,0.9964800911467626,0.7652478668208212,instance,xgb_top70
1,0.3571428571428571,0.2,0.35,0.9166666666666666,0.36504893326069776,0.0,0.49717696650987864,0.9938271604938271,0.9714285714285714,0.6078262932967501,0.8451807286584421,0.995028460134597,1.9744864719778763,instance,xgb_top70
1,0.4375,0.2,0.35,0.6666666666666666,0.34105436232887465,0.0,0.4863541098529155,0.9907407407407407,0.9857142857142858,0.6450296692358304,0.8476894755251445,0.9955375427946935,1.5407314855833492,instance,xgb_top70
0,0.5,0.8,0.65,0.6666666666666666,0.6630997035433527,0.5,0.4822866364458772,0.9942528735632183,0.9428571428571428,0.666498527756914,0.8382463875977052,0.9986178372496402,-2.5553332333456398,instance,xgb_top70
1,0.33333333333333337,0.4,0.35,0.8333333333333334,0.34175078825899285,0.5,0.49302862832839833,0.9969135802469136,0.9857142857142858,0.6279786997290745,0.8364161629004235,0.9993646580475601,0.6729373780041206,instance,xgb_top70
0,0.6428571428571428,0.6,0.65,0.5,0.6373041327259565,0.8,0.5045296758422075,1.0,0.9857142857142858,0.6591970972319433,0.8674992085182001,0.9963248134089253,1.1958021925142523,instance,xgb_top70
1,0.33333333333333337,0.2,0.35,0.5,0.3354377725381751,0.0,0.4518273445852441,0.9907407407407407,1.0,0.666669476870167,0.8543707375785043,0.9997595431481956,2.714530967029984,instance,xgb_top70
1,0.0,0.2,0.35,0.6666666666666666,0.3361744761885239,0.0,0.4944076666246545,0.9938271604938271,1.0,0.6666702982136548,0.8494506826873024,0.9931002068108188,0.4362025196443347,instance,xgb_top70
1,0.0,0.4,0.35,0.5,0.3361841724265312,0.5,0.5010639357931099,1.0,1.0,0.6666680110208169,0.8558277807509965,0.9864803183306441,2.0197861395743764,instance,xgb_top70
1,0.2727272727272727,0.2,0.35,0.5,0.33560227453762104,0.0,0.46613501242234734,0.9938271604938271,1.0,0.6666682532560085,0.8602170683857546,0.9982057798449716,2.198820416503399,instance,xgb_top70
1,0.1428571428571429,0.0,0.35,0.75,0.3395472370589129,0.0,0.48168106135596855,0.9814814814814815,0.9714285714285714,0.6620078411036684,0.841087999356927,0.9941680966577012,0.5166584006301199,instance,xgb_top70
1,0.0,0.0,0.35,0.5,0.353083790334884,0.0,0.4625746380426673,0.9814814814814815,0.9285714285714286,0.5398754496313725,0.8210212119854415,0.9969033636279047,2.8784366402507766,instance,xgb_top70
1,0.33333333333333337,0.4,0.35,0.8333333333333334,0.3498947324034193,1.0,0.50403069407821,1.0,1.0,0.6666694525929425,0.8634204522606965,0.9984705455922153,0.1645846928876182,instance,xgb_top70
1,0.2857142857142857,0.6,0.35,0.6666666666666666,0.3804950636299721,0.5,0.5062305853596106,1.0,1.0,0.6666712093612529,0.8675838084760603,0.9991685397539106,0.5797409463746552,instance,xgb_top70
1,0.0,0.0,0.35,0.6666666666666666,0.3406612390275736,0.0,0.47646707953563394,0.9753086419753086,0.9571428571428572,0.6170549384890845,0.8503009054638719,0.9976614821314167,3.003372513709502,instance,xgb_top70
1,0.46153846153846156,0.2,0.35,0.9166666666666666,0.33911486379888656,0.0,0.4718867751120781,0.9876543209876543,1.0,0.6666685862517953,0.864838857879142,0.995868081396131,0.3298925081353286,instance,xgb_top70
1,0.4375,0.2,0.35,0.5,0.3459965546254212,0.5,0.5245819687964957,1.0,0.9714285714285714,0.6588455461579963,0.8383799748106515,0.9928091013334677,1.6847661946053085,instance,xgb_top70
1,0.45833333333333337,0.4,0.35,0.5,0.34363535780310794,0.0,0.49724994508542386,0.9969135802469136,1.0,0.6666672379774385,0.8562699918604325,0.9998786404059773,1.9000106914747232,instance,xgb_top70
1,0.3125,0.4,0.35,0.5833333333333334,0.34234139367330607,0.0,0.4931238522202448,0.9938271604938271,1.0,0.6666718049119781,0.8554357785879183,0.9958999794201192,1.2423742627561432,instance,xgb_top70
1,0.45833333333333337,0.0,0.35,0.8333333333333334,0.3523388367510567,0.2857142857142857,0.48077398603905475,0.9783950617283951,1.0,0.6666693341195048,0.8701931688283169,0.9958941665565946,0.49685738444757754,instance,xgb_top70
1,0.0,0.2,0.35,0.9166666666666666,0.3306115280191406,0.0,0.4849184936879043,0.9907407407407407,0.9428571428571428,0.09007814076653212,0.8406354139930241,0.9998996481896336,2.8094867655780704,instance,xgb_top70
1,0.33333333333333337,0.0,0.35,0.8333333333333334,0.3519803375010593,0.0,0.4666330390241993,0.9660493827160493,0.9428571428571428,0.5657826995666734,0.8324609942361049,0.9938809790060783,1.096400682207094,instance,xgb_top70
1,0.30000000000000004,0.2,0.35,0.5833333333333334,0.3359750948286453,1.0,0.5620344125352935,1.0,0.9857142857142858,0.6655164284859991,0.8355510764997047,0.9973580177860669,1.522129249530005,instance,xgb_top70
0,0.4285714285714286,0.4,0.65,0.4166666666666667,0.6618296453157083,0.6666666666666666,0.4911097701536711,0.9942528735632183,0.9857142857142858,0.6513322299283879,0.8547277546869086,0.9966381938564923,-0.743220064064654,instance,xgb_top70
0,0.7,1.0,0.65,0.75,0.661121378611445,0.8333333333333334,0.529237814342775,1.0,0.9857142857142858,0.6666666666666666,0.8630164107812699,0.9974547834691605,-1.0752807680780962,instance,xgb_top70
1,0.36363636363636365,0.4,0.35,0.9166666666666666,0.3735806044641655,0.0,0.4719392244445443,0.9969135802469136,0.9714285714285714,0.650895260563319,0.833710360608439,0.9989243089379105,0.9571032447991205,instance,xgb_top70
1,0.0,0.0,0.35,0.9166666666666666,0.3366800748681502,0.0,0.4300538839513325,0.9537037037037037,1.0,0.6666688197507605,0.8350391597334618,0.9914800896259776,1.4182531671878262,instance,xgb_top70
1,0.2857142857142857,0.0,0.35,0.9166666666666666,0.3356020358910638,0.0,0.4661866169310065,0.9814814814814815,0.9857142857142858,0.6406808151385428,0.8493610435934739,0.9989792755179129,1.9393401647836535,instance,xgb_top70
0,0.5384615384615384,0.6,0.65,0.6666666666666666,0.653846706047339,0.5,0.49512769714691696,0.9942528735632183,1.0,0.6666702620257419,0.8531635954294369,0.9881276830639016,0.07421991669719094,instance,xgb_top70
1,0.5454545454545454,0.4,0.35,0.6666666666666666,0.3441843306874226,0.0,0.48527850052941857,0.9907407407407407,1.0,0.6666707885434703,0.8468435597562973,0.9999842272888828,0.6675066072535328,instance,xgb_top70
1,0.19999999999999996,0.4,0.35,0.5833333333333334,0.33619070240211757,0.0,0.4964138107849554,0.9969135802469136,0.9714285714285714,0.6496479370187648,0.8516793276473281,0.9972238637274433,2.0253767766442454,instance,xgb_top70
1,0.3571428571428571,0.2,0.35,0.6666666666666666,0.3661751926768937,0.5,0.47807782728741977,0.9876543209876543,1.0,0.6666718150661936,0.8454051717023352,0.999648975650608,-0.34978708136928566,instance,xgb_top70
1,0.2857142857142857,0.2,0.35,0.5833333333333334,0.36061217869407436,0.0,0.485052180684042,0.9876543209876543,0.9857142857142858,0.6509649998161618,0.8441975072308723,0.9920046923763133,1.2532825963817764,instance,xgb_top70
1,0.5,0.2,0.35,0.5,0.41134801572560853,0.0,0.4907661133375235,0.9969135802469136,0.9571428571428572,0.6428016977951343,0.8295501344020094,0.9994551922473028,3.579851666494807,instance,xgb_top70
0,0.5,0.8,0.65,0.8333333333333334,0.6633676706767706,0.3333333333333333,0.5023002464535871,1.0,1.0,0.6666691751969038,0.8590045778450016,0.9944779178648762,-1.812602878604102,instance,xgb_top70
1,0.3571428571428571,0.0,0.35,0.6666666666666666,0.339943923092922,0.0,0.47114440845512107,0.9598765432098766,1.0,0.6666684494193176,0.8448871737872926,0.9971943174978231,1.860628177759761,instance,xgb_top70
1,0.3571428571428571,0.4,0.35,0.5,0.3450343515415065,0.0,0.4936274189678346,0.9938271604938271,0.9714285714285714,0.6502277265140317,0.8556736661034213,0.9940409279019041,-0.2426417344494664,instance,xgb_top70
1,0.3125,0.4,0.35,0.6666666666666666,0.35112460401089296,1.0,0.5016020965489024,1.0,1.0,0.6666684469149574,0.8424940760112728,0.9979693545196772,-0.49230575229543794,instance,xgb_top70
0,0.6363636363636364,0.4,0.65,1.0,0.6593033421749768,0.625,0.5220797809038392,1.0,1.0,0.6666727441935474,0.8636730663652662,0.9906827899198959,-2.159967699877916,instance,xgb_top70
0,0.5384615384615384,1.0,0.65,0.6666666666666666,0.6620972832151201,1.0,0.5246122680062606,1.0,1.0,0.6666719143487321,0.8721153602048322,0.9989208964459713,-0.26694646854813947,instance,xgb_top70
1,0.0,0.4,0.35,0.6666666666666666,0.3829728738469974,0.0,0.49277118906059403,0.9969135802469136,0.9428571428571428,0.6024301155076107,0.8334991116138881,0.994635292021095,1.1713672845010952,instance,xgb_top70
1,0.3571428571428571,0.4,0.35,0.5,0.340171975688418,1.0,0.5063533678523982,1.0,0.9857142857142858,0.6559629574879611,0.8486432246205231,0.9951441464197135,0.5707106183739838,instance,xgb_top70
1,0.2857142857142857,0.2,0.35,0.8333333333333334,0.339918258145011,0.5,0.494090025405608,0.9907407407407407,1.0,0.666667829522722,0.8558893400793034,0.9996804728868898,-0.049076654907534906,instance,xgb_top70
1,0.2727272727272727,0.0,0.35,0.25,0.3306453558491359,0.0,0.4529826932154146,0.9475308641975309,0.9571428571428572,0.5999794040811364,0.8276077174061117,0.9963204196495666,3.6924138353838467,instance,xgb_top70
1,0.33333333333333337,0.4,0.35,0.9166666666666666,0.3360812662849526,1.0,0.5004492205937289,1.0,0.9857142857142858,0.6631187108344813,0.8424129342646647,0.9958861912482686,2.9372586952369595,instance,xgb_top70
1,0.4444444444444444,0.4,0.35,0.9166666666666666,0.3424880505486523,0.0,0.4916278802486941,0.9969135802469136,1.0,0.6666710145469634,0.8440415151542151,0.9995791825934962,1.794479394868389,instance,xgb_top70
0,0.6363636363636364,0.6,0.65,0.5,0.6592711340208145,0.6666666666666666,0.4804544933372721,0.9942528735632183,1.0,0.6666745427981619,0.8509602596319613,0.9914817689631691,-0.6544904782422455,instance,xgb_top70
0,0.7692307692307692,0.4,0.65,0.5833333333333334,0.652892543402205,1.0,0.5015712896914268,1.0,0.9857142857142858,0.65404206429135,0.8591022833801926,0.9984465843905548,0.2329182671695168,instance,xgb_top70
1,0.23076923076923073,0.0,0.35,0.9166666666666666,0.33906232629846567,0.0,0.4446825382325067,0.9660493827160493,0.9857142857142858,0.6630609350593925,0.8573231116121013,0.9982436887146665,0.47435839147341213,instance,xgb_top70
0,0.8,0.8,0.65,0.6666666666666666,0.646615856395381,1.0,0.5130363980441492,1.0,0.9857142857142858,0.6666666666666666,0.8422255094171496,0.9983583309377759,-0.7276664116667896,instance,xgb_top70
