y,Hostility,kDN,DCP,TD_U,CLD,N1,N2,LSC,F1,F2,F3,F4,L1,level,subset
0,0.10083333333333333,0.12116666666666667,0.2203960640680522,0.5079824561403509,0.3868198466242591,0.08206845238095238,0.4509541868323736,0.991715318320823,0.9948188405797102,0.6654972862716761,0.8678436974892846,0.9902380408895245,0.3902320756161552,class,informative+rand_extra
1,0.07055555555555555,0.07677777777777779,0.14693070937870142,0.5344736842105263,0.25768010114676304,0.05532939745439746,0.4359222010171705,0.9860848619603484,0.9935265700483091,0.6641898381910418,0.866696210597372,0.9905679284323871,0.6821371665629771,class,informative+rand_extra
dataset,0.08266666666666667,0.09453333333333334,0.17631685125444171,0.5238771929824562,0.3093359993377615,0.06602501942501943,0.4419349953432517,0.9883370445045383,0.9940434782608697,0.6647128174232956,0.8671552053541369,0.990435973415242,0.5653751301842483,class,informative+rand_extra
0,0.23502203037684488,0.2,0.5833333333333333,0.47368421052631576,0.19580469137985396,0.0,0.49848169547787013,0.9991659716430359,1.0,0.6681398653362584,0.8725034641084816,0.9883826823197338,1.1167209032740855,instance,informative+rand_extra
0,0.1684297684720829,0.0,0.20618556701030932,0.631578947368421,0.2334643472162507,0.0,0.4482415028325818,0.9949958298582152,1.0,0.6677537515345624,0.8749307515196147,0.9967440771324642,0.013549643759120785,instance,informative+rand_extra
0,0.331741655726985,0.2,0.018867924528301883,0.2631578947368421,0.21500689623859548,0.0,0.4694322879251802,0.9983319432860718,1.0,0.6679363331582489,0.8730271239721453,0.9862020880757767,1.4362718682778808,instance,informative+rand_extra
0,0.2628041837353815,0.0,0.05853658536585371,0.5263157894736842,0.1919794354918002,0.0,0.45088702096830824,0.9924937447873228,0.9565217391304348,0.6298679792251136,0.8619496391993984,0.9906873373127534,0.6661683959222383,instance,informative+rand_extra
0,0.3945703793147287,0.0,0.05853658536585371,0.5263157894736842,0.19812154236314877,0.0,0.4692403201707478,0.9916597164303587,1.0,0.667396250869488,0.8743764255403335,0.9950335278622158,0.06661459584697382,instance,informative+rand_extra
0,0.438527956065506,0.0,0.9375,0.2631578947368421,0.26990511460035904,0.0,0.44919374235716636,0.9841534612176814,1.0,0.6682540194368776,0.8498886420469242,0.9944602639604845,1.1976889706727725,instance,informative+rand_extra
0,0.17587024466255907,0.4,0.058394160583941646,0.3684210526315789,0.43336889043469357,0.25,0.49682401257665776,0.9991659716430359,1.0,0.6677233495798035,0.8707000318693773,0.9785686111830643,-0.5780894600773318,instance,informative+rand_extra
0,0.364523518472083,0.0,0.05853658536585371,0.5263157894736842,0.3366921741985508,0.0,0.4063710559254242,0.9916597164303587,1.0,0.6675849873872074,0.8780198250923718,0.998053119533897,0.3140181025758152,instance,informative+rand_extra
0,0.8496722511657071,0.6,0.20618556701030932,0.631578947368421,0.4974678403972551,0.0,0.49799577820465446,0.9991659716430359,1.0,0.6674906041799462,0.9017723220835261,0.9995752597444436,-0.27394001927325556,instance,informative+rand_extra
0,0.8076752310013569,0.8,0.2727272727272727,0.47368421052631576,0.5642266317555507,1.0,0.5104628688230138,1.0,1.0,0.6688798963407617,0.8673944992052386,0.9964169435332765,-0.28376204723659215,instance,informative+rand_extra
0,0.4407251391640975,0.0,0.20618556701030932,0.47368421052631576,0.4218645459760919,0.0,0.3787851226073069,0.9749791492910759,1.0,0.6676094694505835,0.8471415685325941,0.9695004537102999,0.8632403526327885,instance,informative+rand_extra
0,0.1684297684720829,0.0,0.3846153846153846,0.5263157894736842,0.21081550010445949,0.0,0.4147427629644762,0.97581317764804,1.0,0.6670561741483145,0.838771973949261,0.9665492698827192,-0.13273794039099776,instance,informative+rand_extra
0,0.532277956065506,0.4,0.20618556701030932,0.631578947368421,0.4712688180505967,0.25,0.5129180213592432,1.0,1.0,0.6676320931271068,0.8921514453757342,0.9951419267322336,-0.1911868571716023,instance,informative+rand_extra
0,0.364523518472083,0.4,0.20618556701030932,0.47368421052631576,0.4463975209096208,0.0,0.4751465779541535,0.9991659716430359,1.0,0.6676057401411472,0.8844886037021271,0.9995428617358694,0.5664435035317127,instance,informative+rand_extra
0,0.24473185180541623,0.0,0.018867924528301883,0.2631578947368421,0.34894189176262824,0.0,0.41685620247545885,0.9808173477898249,1.0,0.6676867625438115,0.8489702711109635,0.9784144829743497,0.6848410121304338,instance,informative+rand_extra
0,0.2968151851387497,0.0,0.018867924528301883,0.2631578947368421,0.22553158047234012,0.0,0.45163591972302386,0.9866555462885738,1.0,0.6677816663173897,0.8787650977702657,0.9992420355388618,1.0118345239128599,instance,informative+rand_extra
0,0.15020060180541628,0.0,0.5569620253164558,0.7368421052631579,0.40789145573806473,0.0,0.4406348755249204,0.9933277731442869,1.0,0.667374627745935,0.8843528880558068,0.9965566883310533,0.1199771236884933,instance,informative+rand_extra
0,0.24473185180541623,0.0,0.85,0.47368421052631576,0.8656883177805956,0.0,0.41342416784260927,0.9908256880733946,0.9565217391304348,0.6666666666666666,0.8440589707913283,0.9809000511583624,-0.6524179109525443,instance,informative+rand_extra
0,0.1918672684720829,0.0,0.8136363636363636,0.5789473684210527,0.5601935265592001,0.0,0.43000884330559175,0.994161801501251,0.9565217391304348,0.6666666666666666,0.8640267486209604,0.9959594892941909,0.313859511908901,instance,informative+rand_extra
0,0.5627577112444136,0.6,0.8136363636363636,0.8421052631578947,0.6139072425222806,1.0,0.5040757697156938,1.0,1.0,0.667850255182837,0.8913759066632292,0.9980540825851146,0.3712645179346103,instance,informative+rand_extra
0,0.6295279560655059,0.2,0.8136363636363636,0.8421052631578947,0.5772004594045526,0.3333333333333333,0.4549532744335012,0.9966638865721434,1.0,0.6677223724996961,0.9028922621299414,0.9958424797251623,0.1599820514275247,instance,informative+rand_extra
0,0.23502203037684488,0.0,0.05853658536585371,0.5263157894736842,0.19672000079102292,0.0,0.4485838206481102,0.994161801501251,1.0,0.6686568896297694,0.8723326761312729,0.9883747502467877,0.7685773458951988,instance,informative+rand_extra
0,0.17541068583902963,0.0,0.20618556701030932,0.631578947368421,0.20741752507197614,0.0,0.3907927058706774,0.9349457881567973,1.0,0.6675617916725685,0.8420240169267396,0.984439626144629,0.9604999645572228,instance,informative+rand_extra
0,0.6757474682606279,0.8,0.8709677419354839,0.47368421052631576,0.6218471298180676,0.0,0.4879971933221372,0.9991659716430359,1.0,0.6675104676247077,0.8790717538040822,0.9955277934283067,0.2873512116702522,instance,informative+rand_extra
0,0.1918672684720829,0.0,0.1875,0.47368421052631576,0.43474004169788805,0.0,0.45777190693244696,0.9933277731442869,1.0,0.6679157318443086,0.8842311610612216,0.9873463311511579,0.8320221956622333,instance,informative+rand_extra
0,0.4764394248783833,0.4,0.11764705882352944,0.2631578947368421,0.3403162778787939,0.0,0.4826730114155505,0.9974979149291076,1.0,0.6673544025134923,0.8930278619316318,0.9994674879246778,-0.08765405271175769,instance,informative+rand_extra
0,0.3584262611502518,0.6,0.3846153846153846,0.5789473684210527,0.21344595688240497,1.0,0.504587499961909,1.0,1.0,0.6673658957847146,0.8855320071328342,0.9909903710892758,0.9827402446358929,instance,informative+rand_extra
0,0.16805774466255907,0.0,0.3846153846153846,0.47368421052631576,0.19691438039297104,0.0,0.4373044627067615,0.9899916597164303,1.0,0.6841075376453765,0.862191595033898,0.9931464625070179,0.6758885997137165,instance,informative+rand_extra
0,0.24473185180541623,0.0,0.5833333333333333,0.47368421052631576,0.20248576291808457,0.0,0.43210490688362735,0.9716430358632193,1.0,0.6679115717970113,0.8708674086881629,0.9966936906107299,1.239988950425026,instance,informative+rand_extra
0,0.23926542120175476,0.0,0.05853658536585371,0.5263157894736842,0.484729659810058,0.0,0.428960864919247,0.9858215179316097,1.0,0.6676562146858958,0.8272415886933161,0.9576236929143584,0.652698673940456,instance,informative+rand_extra
0,0.1996797684720829,0.2,0.05853658536585371,0.5263157894736842,0.3439854052562001,0.0,0.47877392951384756,0.9983319432860718,1.0,0.6674365390617001,0.8716725617133406,0.9931916323637335,0.07720129187035249,instance,informative+rand_extra
0,0.6257474682606279,0.2,0.09090909090909094,0.47368421052631576,0.306058818231043,1.0,0.5150641718575719,1.0,1.0,0.6677730449920467,0.8719498704969876,0.9935219193508998,0.9062073396149063,instance,informative+rand_extra
0,0.6295279560655059,0.0,0.41666666666666663,0.47368421052631576,0.29341987283371784,0.0,0.44638760061788685,0.9908256880733946,1.0,0.6674724631337645,0.8891671257702657,0.9982651274592156,0.06878338611107015,instance,informative+rand_extra
0,0.7385545860012268,0.2,0.9467213114754098,0.8421052631578947,0.73922504994182,0.0,0.49576785691017566,0.9991659716430359,1.0,0.6676241905305108,0.8989387190849591,0.9995188424967297,-0.6279506058174038,instance,informative+rand_extra
0,0.23926542120175476,0.0,0.20618556701030932,0.5263157894736842,0.19334375798125125,0.0,0.34364672443862554,0.9541284403669725,1.0,0.6675814335702138,0.854418683835353,0.9745297366375587,1.7881491844352455,instance,informative+rand_extra
0,0.2968151851387497,0.0,0.8695652173913043,0.42105263157894735,0.5619518892930823,0.0,0.4025058950898006,0.97581317764804,1.0,0.6677275219314027,0.8519377358481791,0.9975937203281589,0.640584880391272,instance,informative+rand_extra
0,0.25703820864302307,0.0,0.1875,0.5789473684210527,0.4760208155862772,0.0,0.42318967068141533,0.9949958298582152,1.0,0.6672393665614303,0.8818237802619779,0.9991962120321596,0.0640010413130092,instance,informative+rand_extra
0,0.2628041837353815,0.0,0.05853658536585371,0.5263157894736842,0.1979094566959943,0.0,0.40018096444559015,0.9891576313594662,1.0,0.6676744061808093,0.8539819510773318,0.9851642420082553,1.7524075532240544,instance,informative+rand_extra
0,0.27751006608832274,0.2,0.8709677419354839,0.47368421052631576,0.2666743419563318,0.0,0.4913229025915544,0.9991659716430359,1.0,0.6677004574913571,0.8658429223514856,0.9985943266787694,1.152780605063541,instance,informative+rand_extra
0,0.3584262611502518,0.4,0.05853658536585371,0.5263157894736842,0.3351831398638101,0.0,0.4771212384707183,0.9983319432860718,1.0,0.6672708445366361,0.8477076001513181,0.9942887744131012,-0.6501024008551378,instance,informative+rand_extra
0,0.5518362502752087,0.2,0.20618556701030932,0.631578947368421,0.34600511157768754,0.0,0.46806527731776615,0.9974979149291076,1.0,0.6676053858895815,0.8857948867823767,0.9954471077219119,0.783008370905385,instance,informative+rand_extra
0,0.1606172684720829,0.0,0.05853658536585371,0.5263157894736842,0.19212133306243895,0.0,0.3227477864644043,0.9716430358632193,1.0,0.6673516503630202,0.8400881833828333,0.9914785638724471,1.5680542540961484,instance,informative+rand_extra
0,0.23703481035755425,0.0,0.08333333333333337,0.47368421052631576,0.3790186618679018,0.0,0.4119501973259474,0.9866555462885738,1.0,0.6671862552346681,0.8653211701354993,0.9963489566436703,0.25781184782783706,instance,informative+rand_extra
0,0.16805774466255907,0.0,0.05853658536585371,0.5263157894736842,0.19948519182840352,0.0,0.45003517038060226,0.9891576313594662,1.0,0.6782229797106178,0.8684072885970818,0.9862765572869435,0.4742957732430836,instance,informative+rand_extra
0,0.27751006608832274,0.0,0.3846153846153846,0.5263157894736842,0.20809835174738678,0.0,0.45525042867268106,0.9824854045037531,1.0,0.6677855379629288,0.8680134528012644,0.9903243063205516,0.7548736286385103,instance,informative+rand_extra
0,0.4516466001333026,0.0,0.08333333333333337,0.5789473684210527,0.213953643965604,0.0,0.48051989942881157,0.9933277731442869,1.0,0.6677047756163496,0.8785664279267376,0.9975891231221727,0.944295134423997,instance,informative+rand_extra
0,0.44785685180541623,0.6,0.8136363636363636,0.8421052631578947,0.7493875542321966,0.0,0.4744915499076813,0.9991659716430359,1.0,0.6680000096935025,0.8971549014324779,0.9975406392724612,-0.4428543356026671,instance,informative+rand_extra
0,0.15020060180541628,0.0,0.058394160583941646,0.3684210526315789,0.3072896814587961,0.0,0.4355415898664199,0.939115929941618,0.9565217391304348,0.6666666666666666,0.7977022135141567,0.9945970458280723,1.9662327553816143,instance,informative+rand_extra
0,0.04166666666666663,0.0,0.058394160583941646,0.3684210526315789,0.43346901619163203,0.0,0.4393790337169977,0.9899916597164303,1.0,0.6988845291960104,0.8263926932769963,0.9944197200096057,0.8148922628359658,instance,informative+rand_extra
0,0.364523518472083,0.2,0.08333333333333337,0.5789473684210527,0.47721502529272086,0.4,0.4597240598163006,0.9983319432860718,1.0,0.6677658692546792,0.8896933893890511,0.9993449450954079,0.6308636915047907,instance,informative+rand_extra
0,0.364523518472083,0.4,0.8136363636363636,0.8421052631578947,0.42028017290390973,0.3333333333333333,0.48420074614104225,0.9983319432860718,1.0,0.6679649756269,0.880282961717844,0.9804402986457977,0.5423904894219457,instance,informative+rand_extra
0,0.20861699161715497,0.0,0.20618556701030932,0.631578947368421,0.3012447033416531,0.0,0.42193364396798505,0.9908256880733946,1.0,0.6678730494155936,0.8419056920938873,0.9851739961472098,1.1548016003196364,instance,informative+rand_extra
0,0.24473185180541623,0.0,0.9668508287292817,0.3684210526315789,0.32847072304026403,0.0,0.4101651744239341,0.9949958298582152,1.0,0.6677103832338145,0.8784268314537804,0.9980799701449913,0.2980558981982953,instance,informative+rand_extra
0,0.3695703793147287,0.2,0.018867924528301883,0.2631578947368421,0.6423086826794177,0.0,0.4985073500515401,0.9991659716430359,1.0,0.6678323577861357,0.8672361277494041,0.9971262877327324,-0.9224454926622326,instance,informative+rand_extra
0,0.23502203037684488,0.0,0.018867924528301883,0.2631578947368421,0.194992282086354,0.0,0.4573046461623802,0.9949958298582152,1.0,0.667271252132433,0.8519566404661525,0.9918070274723657,0.0993223066817736,instance,informative+rand_extra
0,0.3280651851387497,0.2,0.0,0.42105263157894735,0.8576173146876888,0.0,0.48542191783405575,0.9983319432860718,1.0,0.6674642119725208,0.8627361459774565,0.9800326096938986,-0.5919289959772552,instance,informative+rand_extra
0,0.25118553418569745,0.0,0.20618556701030932,0.6842105263157895,0.36968172148039213,0.0,0.43008274530317636,0.9833194328607172,1.0,0.6675805279529925,0.853147385675382,0.9993068666331877,1.2614444423761986,instance,informative+rand_extra
0,0.31131171291652737,0.4,0.05853658536585371,0.3684210526315789,0.37532360078125426,1.0,0.5128614166048577,1.0,1.0,0.6671544007329016,0.8584571538726958,0.9971170573456912,-0.24199929884261911,instance,informative+rand_extra
0,0.22845826145842474,0.0,0.05853658536585371,0.5263157894736842,0.19510099049515978,0.0,0.395457889393094,0.9666388657214345,1.0,0.6677094533644069,0.8486930459859527,0.9925150081906495,1.1863727656826084,instance,informative+rand_extra
0,0.3695703793147287,0.0,0.058394160583941646,0.42105263157894735,0.367716821540113,0.0,0.424198730322876,0.9933277731442869,1.0,0.6681808420553493,0.8636593293600113,0.9938008239885044,-0.46525781228433394,instance,informative+rand_extra
0,0.29018639725996165,0.2,0.058394160583941646,0.3684210526315789,0.28929113298851517,0.0,0.47117644896564714,0.9983319432860718,1.0,0.6685345261868008,0.8624367986100379,0.9999582614442359,0.41728063804720805,instance,informative+rand_extra
0,0.371402956065506,0.0,0.1875,0.5789473684210527,0.41918794914956714,0.0,0.4379467722362055,0.981651376146789,1.0,0.6674477339439279,0.8913577358478714,0.9940927889995457,-0.13540073292106442,instance,informative+rand_extra
0,0.26964504624986074,0.0,0.05853658536585371,0.5263157894736842,0.19832625093996137,0.0,0.4432600327699122,0.9916597164303587,1.0,0.6678286715494643,0.8520473954075377,0.9909923573598142,1.6271827309044649,instance,informative+rand_extra
0,0.3695703793147287,0.0,0.058394160583941646,0.3684210526315789,0.3061920931081168,0.0,0.3954894378962813,0.9883236030025021,1.0,0.6674667638677394,0.8627956686560634,0.998998821269113,-0.4055038825663333,instance,informative+rand_extra
0,0.23926542120175476,0.0,0.20618556701030932,0.631578947368421,0.2144137048018398,0.0,0.4513970462986635,0.9949958298582152,1.0,0.6674399505586902,0.8694737358945163,0.9905212263724381,0.6212763619177069,instance,informative+rand_extra
0,0.4407251391640975,0.2,0.9668508287292817,0.5789473684210527,0.44365853479539685,0.0,0.4543843857175983,0.9966638865721434,1.0,0.6673836984687964,0.9061734321408718,0.9965231876833548,-0.013217219437421105,instance,informative+rand_extra
0,0.23926542120175476,0.0,0.05853658536585371,0.5263157894736842,0.19748682545418228,0.0,0.430312923637602,0.9799833194328608,1.0,0.6674284312861753,0.8665630574878612,0.9941386995378001,1.001597239043991,instance,informative+rand_extra
0,0.25703820864302307,0.0,0.1875,0.5789473684210527,0.5843050636348984,0.0,0.42325672248985535,0.9933277731442869,1.0,0.6672617877489363,0.8901564222681233,0.9985178451915454,0.14896735912402234,instance,informative+rand_extra
0,0.1606172684720829,0.0,0.05853658536585371,0.5263157894736842,0.19236081329142013,0.0,0.36331595856128585,0.987489574645538,1.0,0.6673697458910958,0.8623517045592676,0.9819758636683131,0.8866834936439922,instance,informative+rand_extra
0,0.3280651851387497,0.2,0.3846153846153846,0.5263157894736842,0.5636645269442829,0.0,0.45510937052068456,0.9974979149291076,1.0,0.6675843847611702,0.8753357119587492,0.9920159259164429,-0.13710840329955404,instance,informative+rand_extra
0,0.4084262611502517,0.0,0.08333333333333337,0.5789473684210527,0.23522791195646564,0.0,0.43699450457511635,0.9958298582151793,1.0,0.667792946795278,0.8619145567056042,0.9968594426277729,0.5264485777523714,instance,informative+rand_extra
0,0.20861699161715497,0.0,0.7857142857142857,0.3157894736842105,0.6080831021696805,0.0,0.44955769929667944,0.9933277731442869,1.0,0.6677115919297231,0.8631403259545168,0.9925319680926701,0.5525412626071184,instance,informative+rand_extra
0,0.32430774466255907,0.4,0.09090909090909094,0.47368421052631576,0.5050329097393781,0.3333333333333333,0.4974326276431197,0.9991659716430359,1.0,0.6678760133500766,0.8957054247962198,0.9931732826090741,0.3765944098022143,instance,informative+rand_extra
0,0.3584262611502518,0.0,0.05853658536585371,0.3684210526315789,0.19341670642292808,0.0,0.43095167191203276,0.9774812343619683,1.0,0.6671706352103393,0.852171645993517,0.9962574866904581,1.4968971821882358,instance,informative+rand_extra
0,0.1918672684720829,0.0,0.0,0.3684210526315789,0.805550739808638,0.0,0.4283235570605747,0.9833194328607172,1.0,0.6676796024750163,0.8676531090582678,0.9894752490190805,0.15199177994467453,instance,informative+rand_extra
0,0.438527956065506,0.0,0.1875,0.5789473684210527,0.4832467988724477,0.0,0.4467415967940829,0.9958298582151793,1.0,0.6677737310936858,0.8521717652235413,0.9981441323796847,0.4133182637827481,instance,informative+rand_extra
0,0.35921222971239297,0.0,0.20618556701030932,0.631578947368421,0.19187985235881244,0.0,0.46599786478352656,0.9916597164303587,0.9565217391304348,0.6078069575411227,0.8602438548005139,0.9943448151021873,1.7769012409312797,instance,informative+rand_extra
0,0.19930774466255907,0.0,0.88,0.2631578947368421,0.23059496790943979,0.0,0.4062495355445622,0.9933277731442869,1.0,0.6687830608073171,0.8674365535882889,0.9923835708372172,1.1119299929280089,instance,informative+rand_extra
0,0.29464504624986065,0.0,0.08333333333333337,0.5789473684210527,0.2761190358339377,0.0,0.44027182903011697,0.9924937447873228,1.0,0.6676821382497741,0.8748417098178064,0.998003735238949,1.512469718957372,instance,informative+rand_extra
0,0.17587024466255907,0.0,0.058394160583941646,0.42105263157894735,0.19157755727329978,0.0,0.45485855332226055,0.9891576313594662,0.9565217391304348,0.5962173158578523,0.8549881842177183,0.982199319289519,1.0079984267369702,instance,informative+rand_extra
0,0.15020060180541628,0.0,0.08333333333333337,0.5789473684210527,0.5857035691671761,0.0,0.3822537177716895,0.987489574645538,1.0,0.6672829601848537,0.8730252819337635,0.9915888789137884,-0.1178498629412057,instance,informative+rand_extra
0,0.17749170692671012,0.0,0.05853658536585371,0.5263157894736842,0.19408633599419234,0.0,0.43761527784032117,0.9749791492910759,1.0,0.6677675581629562,0.8580912906738988,0.9998423340067553,1.728308807676078,instance,informative+rand_extra
0,0.17749170692671012,0.0,0.018867924528301883,0.2631578947368421,0.19156264059988803,0.0,0.4313509879188143,0.9958298582151793,0.9565217391304348,0.659768496275581,0.8719085059692177,0.9986423741174787,1.7965953149570555,instance,informative+rand_extra
0,0.24473185180541623,0.0,0.018867924528301883,0.2631578947368421,0.19191705723578156,0.0,0.4234538987928692,0.981651376146789,0.9130434782608695,0.6641909687910864,0.845134249641114,0.9704160598146541,0.5636181195548531,instance,informative+rand_extra
0,0.17541068583902963,0.0,0.058394160583941646,0.42105263157894735,0.3029253075616121,0.0,0.3975751798482928,0.97581317764804,1.0,0.6675566183538408,0.8480310716585969,0.9868008064942104,0.0824708832448317,instance,informative+rand_extra
0,0.17749170692671012,0.0,0.058394160583941646,0.42105263157894735,0.19202176282488365,0.0,0.44656026748346134,0.9899916597164303,1.0,0.6690369466255123,0.8641716636233169,0.9979974733817419,2.253377753809575,instance,informative+rand_extra
0,0.20861699161715497,0.0,0.058394160583941646,0.42105263157894735,0.26086237763928616,0.0,0.3941286889356176,0.9824854045037531,1.0,0.6669668313843554,0.8561431752113976,0.9906759101178472,1.4352923393911954,instance,informative+rand_extra
0,0.4298548325788232,0.0,0.03508771929824561,0.47368421052631576,0.7548564109314044,0.0,0.4102149965555143,0.9933277731442869,1.0,0.6678615054085661,0.8750085980264292,0.9922552900016323,0.17142874520168988,instance,informative+rand_extra
0,0.371402956065506,0.0,0.0,0.3157894736842105,0.3878571426900962,0.0,0.46251052619975586,0.9908256880733946,1.0,0.667820117959553,0.876292026712248,0.9955136230005245,1.2013941936964894,instance,informative+rand_extra
0,0.2041440541863686,0.2,0.11764705882352944,0.2631578947368421,0.43918402179534655,0.0,0.47845104160356633,0.9974979149291076,1.0,0.6675841160663636,0.8766731414322536,0.9996141685897532,-0.05866120285170116,instance,informative+rand_extra
0,0.26964504624986074,0.0,0.05853658536585371,0.5263157894736842,0.2852169861587951,0.0,0.4304827613723754,0.9908256880733946,0.9565217391304348,0.6412786576794101,0.8335358441197173,0.9967734165657941,0.8819275780492969,instance,informative+rand_extra
0,0.3584262611502518,0.0,0.05853658536585371,0.5263157894736842,0.20048859032931443,0.0,0.4504576073699378,0.987489574645538,0.9565217391304348,0.641916675548603,0.8627009735572809,0.9812391242096133,-0.012431672132013629,instance,informative+rand_extra
0,0.17749170692671012,0.0,0.0,0.3684210526315789,0.2012222295069921,0.0,0.4438256243900165,0.9866555462885738,1.0,0.668367039880174,0.8536519994994703,0.9943667093050064,1.1975005397979013,instance,informative+rand_extra
0,0.17587024466255907,0.0,0.058394160583941646,0.47368421052631576,0.21290433443592838,0.0,0.41006655247437873,0.981651376146789,0.9565217391304348,0.6434663552546664,0.8593036843369554,0.9990376363087909,0.30901419975754363,instance,informative+rand_extra
0,0.2628041837353815,0.0,0.05853658536585371,0.5263157894736842,0.2080769283620923,0.0,0.3971149168145379,0.9866555462885738,1.0,0.6676595030612448,0.8787377189203971,0.9916494489291123,0.8386140605141417,instance,informative+rand_extra
0,0.4801946227321726,0.0,0.8136363636363636,0.8421052631578947,0.5017615364689146,0.0,0.4685409275746867,0.9958298582151793,1.0,0.6680924259768386,0.8842406280285181,0.9764076312806701,0.325754110075556,instance,informative+rand_extra
0,0.40792629624986076,0.2,0.058394160583941646,0.42105263157894735,0.19186307733810093,1.0,0.5223278041981148,1.0,0.9565217391304348,0.6614963423973,0.8196393721940499,0.9687953640057524,1.547508445536827,instance,informative+rand_extra
0,0.1606172684720829,0.0,0.20618556701030932,0.47368421052631576,0.2823483844373015,0.0,0.4319101584821935,0.9899916597164303,1.0,0.6675083235789285,0.8512110102658662,0.9854202692432591,0.5004266963523435,instance,informative+rand_extra
0,0.3968151851387496,0.4,0.1875,0.5789473684210527,0.6132625678671241,0.16666666666666666,0.48807207642479455,0.9991659716430359,1.0,0.6674050813152037,0.8942032590413633,0.9993840827076003,-0.09371609931678648,instance,informative+rand_extra
0,0.21707735250569637,0.0,0.9467213114754098,0.6842105263157895,0.3939486762431459,0.0,0.4343505015291055,0.994161801501251,1.0,0.6677768455080973,0.8802660903888697,0.9893906692209463,0.2555480035300406,instance,informative+rand_extra
0,0.27751006608832274,0.0,0.8136363636363636,0.5789473684210527,0.5655438152176374,0.0,0.44755005923259017,0.9933277731442869,1.0,0.6676759198197064,0.8878364744360868,0.9999491565671699,-0.038881647289142736,instance,informative+rand_extra
0,0.6295279560655059,0.2,0.05853658536585371,0.5263157894736842,0.4163727671220085,0.0,0.4678943566833955,0.9983319432860718,1.0,0.66751718657268,0.8723881978941666,0.99899491425319,0.31089625265739085,instance,informative+rand_extra
0,0.4764394248783833,0.2,0.20618556701030932,0.631578947368421,0.6986836057401619,0.0,0.47777248956199947,0.9991659716430359,1.0,0.6675307712977303,0.8986515485586463,0.9982420538514539,-0.2026132266382251,instance,informative+rand_extra
0,0.22845826145842474,0.0,0.05853658536585371,0.5263157894736842,0.1920971657610695,0.0,0.4252065958427489,0.9883236030025021,0.9130434782608695,0.6208950512926232,0.8604787428010326,0.9957371092346854,0.9155770657553766,instance,informative+rand_extra
0,0.23703481035755425,0.2,0.20618556701030932,0.631578947368421,0.6206741926306636,0.3333333333333333,0.5075216718010225,1.0,1.0,0.6675574964972798,0.8744173554296257,0.9857467842026215,-0.3361567420977634,instance,informative+rand_extra
0,0.3648035363932298,0.0,0.058394160583941646,0.42105263157894735,0.2657497167942301,0.0,0.41802499137419713,0.994161801501251,1.0,0.6685100536752275,0.8685509315567392,0.9764868994427889,0.9017729704953742,instance,informative+rand_extra
0,0.4328612893988393,0.0,0.03508771929824561,0.47368421052631576,0.47635037274759695,0.125,0.4196581145998963,0.9866555462885738,1.0,0.6678095708614474,0.8828448764148954,0.9858495097730502,0.21775934402709415,instance,informative+rand_extra
0,0.3968151851387496,0.6,0.2727272727272727,0.47368421052631576,0.29819520537032085,0.0,0.49711544339072156,0.9991659716430359,1.0,0.6675747141737051,0.8973036135730955,0.9987969354169254,0.669566187147665,instance,informative+rand_extra
0,0.3280651851387497,0.0,0.0,0.47368421052631576,0.6239495285916673,0.0,0.4794876681125807,0.9949958298582152,1.0,0.6675490697704699,0.8827317970933575,0.9879037570636705,-0.6490793866141558,instance,informative+rand_extra
0,0.1918672684720829,0.0,0.8947368421052632,0.42105263157894735,0.5249158923472954,0.0,0.44829769874986236,0.9833194328607172,1.0,0.6672537411236494,0.8699090203331385,0.9894341969761562,-0.42726477652180506,instance,informative+rand_extra
0,0.16805774466255907,0.0,0.058394160583941646,0.42105263157894735,0.21900332341472944,0.0,0.4590898746204385,0.9958298582151793,1.0,0.680428065541114,0.8223089499619496,0.9691264136619684,1.292338963639782,instance,informative+rand_extra
0,0.1684297684720829,0.0,0.08333333333333337,0.5789473684210527,0.20719237401542373,0.0,0.4549829389263922,0.987489574645538,1.0,0.6676728362829912,0.8760319481133724,0.993689465994933,1.0962045083125989,instance,informative+rand_extra
0,0.2855314564626542,0.2,0.09090909090909094,0.5263157894736842,0.2889778425141539,0.5,0.4836244544286967,0.9983319432860718,1.0,0.6672065717481616,0.8970457494615733,0.9929822220562355,-0.032679545648355374,instance,informative+rand_extra
0,0.196712229712393,0.0,0.20618556701030932,0.631578947368421,0.2229097474555743,0.0,0.43819324430114315,0.9833194328607172,1.0,0.6677567761551229,0.8281894784073611,0.9951768725194453,0.7392561055852928,instance,informative+rand_extra
0,0.40792629624986076,0.2,0.058394160583941646,0.42105263157894735,0.27273688565242643,0.0,0.44590005354972273,0.9974979149291076,1.0,0.667816577259204,0.8749250832314146,0.9988210541086665,0.6967036843705392,instance,informative+rand_extra
0,0.1684297684720829,0.0,0.8136363636363636,0.5789473684210527,0.5033286540432284,0.3333333333333333,0.4489986977464683,0.9958298582151793,1.0,0.667547103921565,0.8983459271180168,0.9953232293270166,-0.32945600556909255,instance,informative+rand_extra
0,0.24473185180541623,0.0,0.03508771929824561,0.47368421052631576,0.5101966850664675,0.0,0.42804023493326426,0.987489574645538,1.0,0.6674054250901034,0.8730003966132199,0.9998539420594847,-0.15106774259202807,instance,informative+rand_extra
0,0.4885279560655059,0.0,0.0,0.3157894736842105,0.36692106600110275,0.0,0.4508511766701476,0.9933277731442869,1.0,0.6680093366319008,0.8824565578058291,0.9943920210039395,0.6210293322485733,instance,informative+rand_extra
0,0.3770847929818868,0.0,0.058394160583941646,0.42105263157894735,0.19223795846510677,0.0,0.44569611755844774,0.9841534612176814,0.9130434782608695,0.6557626855229439,0.8190714168599134,0.9875988940082563,0.48445191271465965,instance,informative+rand_extra
0,0.1684297684720829,0.0,0.08333333333333337,0.5789473684210527,0.4232466711437938,0.0,0.41436306399872613,0.9916597164303587,1.0,0.6683545781326184,0.8736936098047091,0.9983927762381367,0.05209602543764572,instance,informative+rand_extra
0,0.23055774466255907,0.0,0.058394160583941646,0.42105263157894735,0.19801638807470923,0.0,0.44461528213278334,0.9841534612176814,1.0,0.6702277694968399,0.8825485079788231,0.9928425641059516,0.9617019487312044,instance,informative+rand_extra
0,0.30924798083767435,0.6,0.8136363636363636,0.5789473684210527,0.5274672991976312,0.0,0.480406822106187,0.9983319432860718,1.0,0.6678353250924559,0.8614092690799598,0.9993616644872131,-0.6833188344480488,instance,informative+rand_extra
0,0.23703481035755425,0.0,0.1875,0.5789473684210527,0.8196587354235517,0.0,0.45821778157047444,0.9924937447873228,1.0,0.6676279156110873,0.8661612865678836,0.9948445014202902,0.34989886191846514,instance,informative+rand_extra
0,0.21915837359337664,0.2,0.20618556701030932,0.631578947368421,0.1942428340174473,0.0,0.4816007310645819,0.9974979149291076,1.0,0.6677136513517332,0.8840222505768282,0.9977609914650772,1.3443837562113283,instance,informative+rand_extra
0,0.5468151851387496,0.6,0.12195121951219512,0.5789473684210527,0.772168220322816,0.5,0.5280808378787656,1.0,1.0,0.6679106398643104,0.8648866624086667,0.9991113742370826,-0.5024490221428589,instance,informative+rand_extra
0,0.3770847929818868,0.2,0.0,0.3684210526315789,0.38328743949255184,0.0,0.4594238681491284,0.9966638865721434,1.0,0.66801420661022,0.8479414644520872,0.9696417645319745,-0.6700543872465006,instance,informative+rand_extra
0,0.3968151851387496,0.8,0.1875,0.5263157894736842,0.4332067732306676,1.0,0.5186764831205013,1.0,1.0,0.6675348692728641,0.8778155236501718,0.993169747304687,0.08256661614976178,instance,informative+rand_extra
0,0.24473185180541623,0.0,0.18181818181818177,0.3157894736842105,0.19325263680795246,0.0,0.46161493677473797,0.981651376146789,1.0,0.6672493864210037,0.8525968421494479,0.994052683913043,1.0056157299280677,instance,informative+rand_extra
0,0.17749170692671012,0.0,0.20618556701030932,0.631578947368421,0.20150362233875052,0.0,0.4365313134561728,0.9683069224353628,1.0,0.667480704734115,0.863644748343684,0.9959057050013496,1.9060700456476865,instance,informative+rand_extra
0,0.438527956065506,0.0,0.2727272727272727,0.47368421052631576,0.4520637413811026,0.0,0.4382415224970997,0.9891576313594662,1.0,0.6677808232711181,0.878661227394234,0.996399252697301,0.6931767545059655,instance,informative+rand_extra
0,0.23055774466255907,0.0,0.09090909090909094,0.47368421052631576,0.31470233658987823,0.0,0.4414279764543766,0.9899916597164303,1.0,0.6706233618393133,0.883959534346095,0.9969803664474891,0.39501510179928706,instance,informative+rand_extra
0,0.1684297684720829,0.2,0.08333333333333337,0.5789473684210527,0.21706309537372637,0.0,0.4750651067799865,0.9966638865721434,1.0,0.6677400396704434,0.8960450474375733,0.9944721812421926,0.4984501443341637,instance,informative+rand_extra
0,0.24473185180541623,0.0,0.058394160583941646,0.42105263157894735,0.22715687880676588,0.0,0.45346982011609316,0.9933277731442869,1.0,0.6674937439391986,0.8654045278999933,0.9960612588672229,0.5243902912322806,instance,informative+rand_extra
0,0.17749170692671012,0.0,0.20618556701030932,0.631578947368421,0.20086090364315,0.0,0.4437273136102927,0.9883236030025021,1.0,0.6682124815844758,0.8626555799624728,0.9851151260203909,1.7209088124455711,instance,informative+rand_extra
0,0.22926043086524528,0.0,0.05853658536585371,0.42105263157894735,0.24811990725019262,0.0,0.3618809578659016,0.9849874895746455,1.0,0.6672079474799201,0.8521029379013696,0.9967430242204693,0.9127811639326407,instance,informative+rand_extra
0,0.2855314564626542,0.6,0.05853658536585371,0.5263157894736842,0.44011878270199534,0.4,0.5214609738120861,1.0,1.0,0.6673316031537178,0.8949366957626184,0.9922870884171511,0.045240467001503464,instance,informative+rand_extra
0,0.35921222971239297,0.0,0.12195121951219512,0.5789473684210527,0.20726331958509076,0.0,0.42081075579840355,0.9958298582151793,1.0,0.6678127683337994,0.8673482401136279,0.9988237136484568,1.045732751412232,instance,informative+rand_extra
0,0.17541068583902963,0.0,0.018867924528301883,0.3157894736842105,0.33240119594337525,0.0,0.4630509426113163,0.9933277731442869,1.0,0.6676739549590301,0.8818801946017558,0.996044163273884,0.21018288141866243,instance,informative+rand_extra
0,0.1996797684720829,0.0,0.05853658536585371,0.5263157894736842,0.2023564769077284,0.0,0.4494251141352825,0.9933277731442869,1.0,0.6677662056499514,0.8551109431578247,0.9887492762580227,0.6443364868096911,instance,informative+rand_extra
0,0.23703481035755425,0.0,0.20618556701030932,0.631578947368421,0.5548251740490634,0.0,0.46199793115403964,0.9958298582151793,1.0,0.6673512130495204,0.8764722090510233,0.9996910369922984,-0.4515041823389434,instance,informative+rand_extra
0,0.31131171291652737,0.0,0.03508771929824561,0.47368421052631576,0.6228739113774411,0.0,0.46666901241486203,0.9958298582151793,1.0,0.6671292944925356,0.8540178819597376,0.9762305873619836,0.2536194778397159,instance,informative+rand_extra
0,0.15020060180541628,0.0,0.1875,0.5789473684210527,0.33355754706880325,0.0,0.45445831869824715,0.9849874895746455,1.0,0.6671905805543449,0.8576355950585574,0.9928620445645547,0.22627605651356675,instance,informative+rand_extra
0,0.3770847929818868,0.6,0.1875,0.5789473684210527,0.8538975629351064,1.0,0.537551053071266,1.0,1.0,0.6673665264341998,0.8658010418560238,0.9999322493244386,-1.0721250556051718,instance,informative+rand_extra
0,0.3584262611502518,0.2,0.20618556701030932,0.5263157894736842,0.7661608845134413,0.0,0.4221083486236691,0.9966638865721434,1.0,0.6675946776972167,0.8689961368597389,0.9930379984244454,-0.3033101013144652,instance,informative+rand_extra
0,0.27751006608832274,0.2,0.05853658536585371,0.5263157894736842,0.20159560390865278,0.5,0.5015948925573472,1.0,1.0,0.6674917818676485,0.877300254371166,0.9899556707689576,0.4771421441754705,instance,informative+rand_extra
0,0.17541068583902963,0.0,0.05853658536585371,0.5263157894736842,0.19514123264729666,0.0,0.43613156165961753,0.9908256880733946,1.0,0.667454934459194,0.8673322898175669,0.9867432588543011,0.7202789947700765,instance,informative+rand_extra
0,0.22845826145842474,0.0,0.08333333333333337,0.5789473684210527,0.42695526368135683,0.0,0.4715751089698983,0.9916597164303587,1.0,0.6670639315048729,0.8671274360173401,0.9838176055693535,-0.15836805251962352,instance,informative+rand_extra
0,0.39296903129259575,0.2,0.058394160583941646,0.3684210526315789,0.44232872411520197,0.0,0.45507401598567676,0.9966638865721434,1.0,0.6676708704342099,0.8652020096379403,0.9860803303710184,0.460930691499283,instance,informative+rand_extra
0,0.6920279560655059,0.0,0.05853658536585371,0.5263157894736842,0.36733346551984725,0.0,0.42689858236669775,0.9949958298582152,1.0,0.6686369457763481,0.8783501516733808,0.995885064214474,0.2721028780461689,instance,informative+rand_extra
0,0.438527956065506,0.0,0.1875,0.5789473684210527,0.2803936564385531,0.0,0.45860982255423666,0.9924937447873228,1.0,0.6678039107741619,0.8624394575975153,0.9953601121626783,1.4621464550919268,instance,informative+rand_extra
0,0.3109083223936515,0.2,0.09090909090909094,0.47368421052631576,0.19670523193011513,0.0,0.4856455370024563,0.9983319432860718,1.0,0.6672288279775408,0.8725264076695661,0.9934510732428747,0.13212084487235118,instance,informative+rand_extra
0,0.4359083223936515,0.0,0.5569620253164558,0.7368421052631579,0.20402649770960668,0.0,0.46204538069831114,0.994161801501251,1.0,0.6675581864715019,0.8895462963514933,0.9939617639963901,0.3730094320673642,instance,informative+rand_extra
0,0.25703820864302307,0.0,0.20618556701030932,0.6842105263157895,0.2070795912963037,0.0,0.44523331685099043,0.9916597164303587,1.0,0.6670597666001045,0.875492185103372,0.9995173004430566,0.38070010434498075,instance,informative+rand_extra
0,0.16805774466255907,0.2,0.3846153846153846,0.5789473684210527,0.22919043507340187,0.0,0.49195961650553033,0.9974979149291076,1.0,0.6697153300572597,0.8810836512207708,0.9892360201565339,1.0619028015709855,instance,informative+rand_extra
0,0.17587024466255907,0.0,0.058394160583941646,0.47368421052631576,0.4517562109307619,0.0,0.43927472593835515,0.9891576313594662,1.0,0.667215906428022,0.8525250126887483,0.987923205731449,-0.6879382033685346,instance,informative+rand_extra
0,0.24473185180541623,0.0,0.1875,0.5789473684210527,0.1926932626083483,0.0,0.41184521087716863,0.9899916597164303,0.9565217391304348,0.6421243441207239,0.8476643377464685,0.9992446723591235,0.23851405068284245,instance,informative+rand_extra
0,0.4516466001333026,0.4,0.8136363636363636,0.8421052631578947,0.630784619433005,0.25,0.4795979777567837,0.9991659716430359,1.0,0.6677141818664487,0.9033280459196511,0.996896800322234,-0.043720617726188044,instance,informative+rand_extra
0,0.2855314564626542,0.0,0.20618556701030932,0.631578947368421,0.2019001798912763,0.0,0.41108502156232096,0.9958298582151793,1.0,0.667351445740553,0.8686532607787135,0.9996858673418512,0.4613773907582531,instance,informative+rand_extra
0,0.25504556304572634,0.0,0.0,0.3157894736842105,0.19235911857278498,0.0,0.4146079548795959,0.9724770642201834,0.9565217391304348,0.6556034202144524,0.8312406452412453,0.9868233899404592,1.8704132462852805,instance,informative+rand_extra
0,0.2669197999199632,0.0,0.09090909090909094,0.5263157894736842,0.5595457862131219,0.0,0.4760651113374923,0.9949958298582152,1.0,0.6679495901949307,0.8745991297303104,0.9858775652214076,-0.09789630991344037,instance,informative+rand_extra
0,0.594777956065506,0.4,0.0,0.3157894736842105,0.29170639054330866,0.0,0.46891251795695676,0.9983319432860718,1.0,0.6680063633567657,0.9062863216627733,0.9929864309032529,0.8243810880827013,instance,informative+rand_extra
0,0.7588372653748152,0.0,0.5569620253164558,0.6842105263157895,0.6650540347547139,0.0,0.46733981982286255,0.9958298582151793,1.0,0.6687812824762259,0.851489754061213,0.9888279815678329,-1.0112532529317058,instance,informative+rand_extra
0,0.2985184694496672,0.2,0.08333333333333337,0.5789473684210527,0.3758878874919066,0.0,0.42830431183063744,0.9991659716430359,1.0,0.6676134064383578,0.8703568410164423,0.9757586044085348,1.0016123176716814,instance,informative+rand_extra
0,0.38286128939883934,0.0,0.05853658536585371,0.5263157894736842,0.22563590056415705,0.0,0.42066033442438067,0.9733110925771477,1.0,0.6678707308018683,0.8631083628534842,0.9947180860206539,0.3676010128022076,instance,informative+rand_extra
0,0.24473185180541623,0.0,0.5569620253164558,0.7368421052631579,0.4518370580644998,0.0,0.4169806178028319,0.994161801501251,1.0,0.6680815717400607,0.8911859311993371,0.9947480325124823,-0.14969980584426804,instance,informative+rand_extra
0,0.3109083223936515,0.0,0.0,0.47368421052631576,0.22153032451644067,0.0,0.46520937563665743,0.9891576313594662,1.0,0.6672528846521089,0.9013965146738101,0.9958157124114217,-0.13578803182554072,instance,informative+rand_extra
0,0.17749170692671012,0.0,0.11764705882352944,0.2631578947368421,0.1942998996641293,0.0,0.4325832970398541,0.981651376146789,1.0,0.6678990984070465,0.8516015216711073,0.9980111422224106,1.376212302874579,instance,informative+rand_extra
0,0.34186726847208293,0.4,0.08333333333333337,0.5789473684210527,0.4577087063790194,0.3333333333333333,0.46258099670650765,0.9991659716430359,1.0,0.6692348853862209,0.8533298573274016,0.9907061614765634,0.5476278181018374,instance,informative+rand_extra
0,0.19930774466255907,0.2,0.08333333333333337,0.5789473684210527,0.2873961785473063,0.0,0.47408156017530756,0.9966638865721434,1.0,0.6751085897966764,0.8963421781347698,0.9975485516860069,0.08451688748260626,instance,informative+rand_extra
0,0.24158715642726492,0.2,0.8068181818181819,0.47368421052631576,0.40318710868824736,0.0,0.46380220242911707,0.9974979149291076,1.0,0.6674831643493747,0.862204015570866,0.9917508554186137,0.2831657576979284,instance,informative+rand_extra
0,0.25118553418569745,0.4,0.20618556701030932,0.631578947368421,0.7640241430354182,0.0,0.4370187421161883,0.9974979149291076,1.0,0.6674323223526886,0.8626962914320345,0.9874286505980823,-0.20983823933782536,instance,informative+rand_extra
0,0.1684297684720829,0.0,0.05853658536585371,0.5263157894736842,0.19151313643079343,0.0,0.419806254236064,0.9716430358632193,1.0,0.6675596819593961,0.8405217924813786,0.982711884393506,1.5190364752894467,instance,informative+rand_extra
0,0.29464504624986065,0.0,0.8136363636363636,0.8421052631578947,0.5014858709842104,0.2222222222222222,0.4472407053470686,0.9949958298582152,1.0,0.667756360360232,0.9062268544002484,0.9961849974060215,0.24118387413090617,instance,informative+rand_extra
0,0.25504556304572634,0.0,0.058394160583941646,0.42105263157894735,0.36213605134922533,0.0,0.3844847405422632,0.9916597164303587,1.0,0.667970579010346,0.8553654423895578,0.992730877524782,0.1413143948122013,instance,informative+rand_extra
0,0.774527956065506,0.8,0.03508771929824561,0.47368421052631576,0.789810350524969,0.6666666666666666,0.5233345555014846,1.0,1.0,0.667485368748827,0.8778472847852916,0.9914957230428324,0.7100877251993252,instance,informative+rand_extra
0,0.22845826145842474,0.0,0.05853658536585371,0.5263157894736842,0.19231812151098554,0.0,0.3983584051120963,0.9649708090075062,0.9565217391304348,0.6370826925458025,0.8288385675515231,0.9903598801498419,1.4289445766915323,instance,informative+rand_extra
0,0.22926043086524528,0.2,0.8695652173913043,0.42105263157894735,0.5891851898686387,0.0,0.4755346611667597,0.9983319432860718,1.0,0.6674368313340248,0.8649212780033999,0.9830463783882799,-0.23017071137247833,instance,informative+rand_extra
0,0.39296903129259575,0.2,0.5569620253164558,0.7368421052631579,0.5873515389700352,0.0,0.48664481270182025,0.9983319432860718,1.0,0.6678416714137766,0.8851778576700824,0.9995061796233974,-0.20595620089450808,instance,informative+rand_extra
0,0.17749170692671012,0.6,0.0,0.3157894736842105,0.22502831406226093,1.0,0.5055297481182283,1.0,1.0,0.6678941834728803,0.8883119332234664,0.9834521394679147,1.1983119255502892,instance,informative+rand_extra
0,0.17587024466255907,0.0,0.20618556701030932,0.631578947368421,0.25718411303997313,0.0,0.38349613088625645,0.9949958298582152,1.0,0.6675035095130453,0.878575438566611,0.997465418423772,0.31527350531508885,instance,informative+rand_extra
0,0.46953737226136283,1.0,0.8709677419354839,0.5263157894736842,0.30769533719316555,0.3333333333333333,0.5538514370651897,1.0,1.0,0.6687563004093623,0.9019261195873522,0.9941060639662207,0.10506352836227192,instance,informative+rand_extra
0,0.2669197999199632,0.2,0.2727272727272727,0.47368421052631576,0.4627293590064646,0.0,0.4723401753213097,0.9974979149291076,1.0,0.6676600454918898,0.8749954299499072,0.9812926748772728,0.35470879150795726,instance,informative+rand_extra
0,0.16805774466255907,0.2,0.20618556701030932,0.6842105263157895,0.336101697367056,0.0,0.48967416728506385,0.9974979149291076,1.0,0.6676311656384322,0.8691042353595617,0.9887005995194957,0.08247258549782187,instance,informative+rand_extra
0,0.3383788963790597,0.2,0.20618556701030932,0.5263157894736842,0.5121726174458088,0.0,0.47990292932817613,0.9974979149291076,1.0,0.6674041298578524,0.8704498582671512,0.9894723562158443,-0.3472319942697851,instance,informative+rand_extra
0,0.30924798083767435,0.0,0.018867924528301883,0.2631578947368421,0.23161850149680152,0.0,0.4127442172187472,0.9808173477898249,0.9565217391304348,0.6666666666666666,0.809024656638132,0.9648052995498015,1.1140097817216654,instance,informative+rand_extra
0,0.49674798083767435,0.6,0.058394160583941646,0.42105263157894735,0.3150679165666418,0.2,0.5160212198960911,1.0,1.0,0.66780026598698,0.8725921360904814,0.9968911981975461,0.06054184071623214,instance,informative+rand_extra
0,0.24473185180541623,0.0,0.18181818181818177,0.3157894736842105,0.305580616536131,0.0,0.4424265192987651,0.9958298582151793,1.0,0.6672623081568726,0.8638189175469119,0.9953622709266196,-0.1931824772851872,instance,informative+rand_extra
0,0.3648035363932298,0.2,0.0,0.47368421052631576,0.909132933991633,0.0,0.476482059295811,0.9974979149291076,0.9565217391304348,0.6666666666666666,0.8430590886968521,0.9937810243012414,-0.5830111225206236,instance,informative+rand_extra
0,0.7860962790468724,0.6,0.8068181818181819,0.7368421052631579,0.9233107310892311,1.0,0.5194531638133897,1.0,1.0,0.6673936338823206,0.8586406857548262,0.9947286317769434,-1.3946913666850456,instance,informative+rand_extra
0,0.6257474682606279,0.2,0.8136363636363636,0.6842105263157895,0.5709918591236947,0.25,0.47715296566504395,0.9974979149291076,1.0,0.6675867695977176,0.9015410289655559,0.9885177594191554,0.06678888273386896,instance,informative+rand_extra
0,0.22845826145842474,0.0,0.05853658536585371,0.5263157894736842,0.22155556037997332,0.0,0.3699427058661765,0.9666388657214345,1.0,0.6682645818665525,0.8296388129716545,0.9994333291422626,1.3399127530581665,instance,informative+rand_extra
0,0.23926542120175476,0.0,0.05853658536585371,0.5263157894736842,0.21659776409437204,0.0,0.4125940864431893,0.9841534612176814,0.9565217391304348,0.651524170287504,0.8480195532700844,0.982520479490126,0.4789977604869051,instance,informative+rand_extra
0,0.24473185180541623,0.0,0.0,0.3157894736842105,0.4220575357753912,0.0,0.4304711083192697,0.981651376146789,1.0,0.6684621912353412,0.857884140681004,0.9957215650952611,0.4466033639685511,instance,informative+rand_extra
0,0.1606172684720829,0.0,0.11764705882352944,0.2631578947368421,0.6669679116242517,0.0,0.45311413275072465,0.9724770642201834,0.9130434782608695,0.6362506788158165,0.8237857238947607,0.9890849134836692,1.2097091957301414,instance,informative+rand_extra
0,0.27497970691604046,0.0,0.0,0.3684210526315789,0.4267746938112088,0.0,0.45883202412092394,0.994161801501251,1.0,0.6674258445812729,0.8831102916809058,0.9885405823601751,0.5899878278162272,instance,informative+rand_extra
0,0.17749170692671012,0.0,0.7857142857142857,0.3157894736842105,0.1928852970809224,0.0,0.42855454080504185,0.9808173477898249,1.0,0.6682304683957819,0.8584523958531732,0.9871701488487371,1.5802479006837542,instance,informative+rand_extra
0,0.3695703793147287,0.2,0.2727272727272727,0.47368421052631576,0.6925695654915556,0.0,0.4722995496554758,0.9966638865721434,1.0,0.6678443993568492,0.8571714092150258,0.9726712544733963,0.06970594881977978,instance,informative+rand_extra
0,0.2628041837353815,0.0,0.05853658536585371,0.5263157894736842,0.19699409885305597,0.0,0.4547716616084093,0.9933277731442869,1.0,0.6668678926919214,0.8603081749230704,0.9843786234150148,-0.10704817864722396,instance,informative+rand_extra
0,0.25504556304572634,0.2,0.08333333333333337,0.5789473684210527,0.5195372459831349,0.0,0.46608901947913695,0.9966638865721434,1.0,0.6675122453538078,0.8648116358470609,0.9800232593385221,0.4522026456354169,instance,informative+rand_extra
0,0.27751006608832274,0.4,0.3846153846153846,0.5789473684210527,0.22257818830250048,0.0,0.43375956544267036,0.9983319432860718,1.0,0.6675558797888047,0.8940399917034586,0.9917589293390101,0.6608099383040903,instance,informative+rand_extra
0,0.22845826145842474,0.0,0.05853658536585371,0.3684210526315789,0.22390233519888625,0.0,0.4244259575529855,0.9766472060050042,1.0,0.6678549327374077,0.8524520666099774,0.9824363046836231,1.0760081594765134,instance,informative+rand_extra
0,0.3695703793147287,0.2,0.0,0.21052631578947367,0.20417305945001935,0.0,0.45578188602302516,0.9974979149291076,1.0,0.6680886700100556,0.8681198008766959,0.9986974634998754,0.3848865515496459,instance,informative+rand_extra
0,0.17541068583902963,0.2,0.41666666666666663,0.47368421052631576,0.3660406690227844,0.0,0.4763653590883816,0.9966638865721434,1.0,0.6675520898962144,0.8598786642667583,0.9955894131264379,-0.323598847317046,instance,informative+rand_extra
0,0.16805774466255907,0.0,0.05853658536585371,0.5263157894736842,0.2000528839727792,0.0,0.4339874738407089,0.9824854045037531,1.0,0.6845026270839204,0.850273555162042,0.9885795324021055,0.9843356736757256,instance,informative+rand_extra
0,0.1606172684720829,0.0,0.20618556701030932,0.6842105263157895,0.6669679115222465,0.0,0.42478608121039474,0.9866555462885738,1.0,0.6680718511431679,0.8480098736054008,0.9852420283636625,-0.03140733897670052,instance,informative+rand_extra
0,0.23926542120175476,0.0,0.05853658536585371,0.5263157894736842,0.19200477548572048,0.0,0.418801160214731,0.9833194328607172,1.0,0.6677924819273905,0.8649701916170756,0.9932058723228131,1.7299044952293265,instance,informative+rand_extra
0,0.2196450462498607,0.2,0.05853658536585371,0.5263157894736842,0.5150756682796712,0.0,0.4251349109208261,0.9974979149291076,0.8695652173913043,0.6159090650319572,0.8086027138863783,0.9910359734909852,1.089509786783713,instance,informative+rand_extra
0,0.16805774466255907,0.0,0.11764705882352944,0.2631578947368421,0.2471203318132824,0.0,0.4682734380185395,0.9916597164303587,1.0,0.6677314929640766,0.8532546531454237,0.9695926005230566,-1.0110872983337915,instance,informative+rand_extra
0,0.2628041837353815,0.0,0.05853658536585371,0.5263157894736842,0.21158774303222627,0.0,0.43216529347114463,0.97581317764804,1.0,0.6678718014674665,0.8660592857411681,0.992837171312374,1.296454340776655,instance,informative+rand_extra
0,0.2855314564626542,0.0,0.08333333333333337,0.5789473684210527,0.4097941013090528,0.0,0.426140238533262,0.9949958298582152,1.0,0.6674807957632919,0.8988678086999174,0.9967564039528701,0.12761084945498918,instance,informative+rand_extra
0,0.3584262611502518,0.0,0.05853658536585371,0.5263157894736842,0.1982614252597653,0.0,0.4622537511510212,0.9841534612176814,1.0,0.6680890651889649,0.8690229342002651,0.9987636355843479,1.5601841094083135,instance,informative+rand_extra
0,0.3383788963790597,0.0,0.7857142857142857,0.5263157894736842,0.1980157124074836,0.0,0.4518490529905054,0.9958298582151793,1.0,0.6677564220136315,0.865966565412929,0.9837099039045487,1.0397562454718114,instance,informative+rand_extra
0,0.23703481035755425,0.0,0.08333333333333337,0.5789473684210527,0.8412513148210036,0.0,0.4435683116736564,0.9949958298582152,1.0,0.6676693864555898,0.8636528384331913,0.9891323580763787,-0.30138070727997834,instance,informative+rand_extra
0,0.22845826145842474,0.0,0.05853658536585371,0.5263157894736842,0.1993504671066305,0.0,0.3717311130018566,0.9858215179316097,0.9565217391304348,0.6514292095008335,0.8598821010042815,0.9881865515975301,1.0861703276931012,instance,informative+rand_extra
0,0.40792629624986076,0.0,0.12195121951219512,0.5789473684210527,0.3837483042303623,0.0,0.474217850016189,0.9908256880733946,1.0,0.6678940063182816,0.8384747478748743,0.9702970105949555,0.9023413760644187,instance,informative+rand_extra
0,0.17587024466255907,0.0,0.058394160583941646,0.42105263157894735,0.2329197720550784,0.0,0.4581294020089629,0.994161801501251,1.0,0.6668928313479345,0.8799964838592274,0.9969092489328387,-0.14330715452829862,instance,informative+rand_extra
0,0.3584262611502518,0.0,0.3846153846153846,0.47368421052631576,0.4382759249966123,0.0,0.4739437291646794,0.9949958298582152,1.0,0.6673463799494558,0.8781669796568299,0.9956347813787474,0.2683346682459974,instance,informative+rand_extra
0,0.2041440541863686,0.0,0.3846153846153846,0.5263157894736842,0.3225373391229578,0.0,0.45593966760091686,0.9916597164303587,1.0,0.6677273667449978,0.873450082616925,0.9944838416335379,0.789065167006136,instance,informative+rand_extra
0,0.371402956065506,0.0,0.08333333333333337,0.5789473684210527,0.8267919561567056,0.0,0.45346487589086115,0.9924937447873228,1.0,0.667683662667436,0.8839832228973314,0.9986575342487239,0.023444722876252908,instance,informative+rand_extra
0,0.6408915924291423,0.4,0.41666666666666663,0.47368421052631576,0.6615536902174161,0.0,0.47493071712843116,0.9983319432860718,1.0,0.6676661668712335,0.8964305520197295,0.9921004264105865,-0.48926026213335244,instance,informative+rand_extra
0,0.8387956277890837,0.8,0.9736842105263158,0.47368421052631576,0.3462592412725278,0.0,0.47559725443270007,0.9991659716430359,1.0,0.6670412058372268,0.8871709743314639,0.981821413617173,-0.7035119048518667,instance,informative+rand_extra
0,0.24473185180541623,0.0,0.88,0.2631578947368421,0.3032140851899895,0.0,0.4418301368647566,0.9933277731442869,0.9565217391304348,0.6666666666666666,0.8275861985992816,0.9816026606887329,-0.5766923656851249,instance,informative+rand_extra
0,0.4407251391640975,0.0,0.03508771929824561,0.47368421052631576,0.4733422695561401,0.0,0.44178793845781716,0.9908256880733946,1.0,0.6673590724960574,0.8835023630804756,0.9844453793840476,0.3053426251140115,instance,informative+rand_extra
0,0.23926542120175476,0.0,0.11764705882352944,0.2631578947368421,0.21990285179940822,0.0,0.4844743002806292,0.9933277731442869,0.9565217391304348,0.6437925936962161,0.85488839238648,0.9884957539814041,0.4490178525866799,instance,informative+rand_extra
0,0.23926542120175476,0.2,0.20618556701030932,0.5263157894736842,0.4202809243899762,1.0,0.5041187211865612,1.0,1.0,0.6671775675337124,0.8744347874331543,0.9797015810874699,0.05487482463124186,instance,informative+rand_extra
0,0.26964504624986074,0.0,0.05853658536585371,0.5263157894736842,0.19393090756855458,0.0,0.3993017552736119,0.9899916597164303,0.9565217391304348,0.6455554426670957,0.8871156409527339,0.9897921333718684,0.9307025843781243,instance,informative+rand_extra
0,0.438527956065506,0.2,0.5569620253164558,0.631578947368421,0.428511880146473,0.0,0.4339329147400144,0.9974979149291076,1.0,0.6669596231026181,0.8690430901139302,0.9953686876905132,-0.9872962530105157,instance,informative+rand_extra
0,0.2669197999199632,0.0,0.20618556701030932,0.631578947368421,0.3078144556473834,0.0,0.45949123464263186,0.9883236030025021,1.0,0.667957993581086,0.8946315120339037,0.9967704837651935,0.6222157311008202,instance,informative+rand_extra
0,0.8289277612738548,0.8,0.03508771929824561,0.5263157894736842,0.9228191437430269,1.0,0.5434084661240488,1.0,1.0,0.6674610310797326,0.8725334085042605,0.9914503028477671,-1.906823864400516,instance,informative+rand_extra
0,0.6295279560655059,0.2,0.9467213114754098,0.6842105263157895,0.5159863043567471,0.0,0.4754099548799353,0.9966638865721434,1.0,0.6677155132957884,0.8844430721467131,0.9980856499573997,0.6237351277575942,instance,informative+rand_extra
0,0.4056613265925244,0.2,0.05853658536585371,0.5789473684210527,0.20397140525126145,1.0,0.539886312525094,1.0,1.0,0.6669954748554776,0.8578258942788572,0.9988610395315685,-0.2910379817422057,instance,informative+rand_extra
0,0.24158715642726492,0.2,0.20618556701030932,0.6842105263157895,0.25843043380170566,0.0,0.46798034595386495,0.9974979149291076,1.0,0.6685370465939646,0.868632909877327,0.9814193976813076,0.10195005119091535,instance,informative+rand_extra
0,0.4885279560655059,0.0,0.2727272727272727,0.47368421052631576,0.26356715301659106,0.0,0.4378371112925926,0.9866555462885738,1.0,0.6684175054710217,0.8696925466269362,0.9701164599051192,0.8955944104509344,instance,informative+rand_extra
0,0.24473185180541623,0.0,0.5569620253164558,0.7368421052631579,0.357689688656489,0.0,0.43574650873688703,0.9849874895746455,1.0,0.6675732081179456,0.8612565347431982,0.970288208364699,0.04880619211057614,instance,informative+rand_extra
0,0.27751006608832274,0.0,0.05853658536585371,0.5263157894736842,0.19477381880674155,0.0,0.4637974468807913,0.9949958298582152,0.9565217391304348,0.6582730153384311,0.8534687661139964,0.995826288827245,1.3294733668786607,instance,informative+rand_extra
0,0.17749170692671012,0.4,0.018867924528301883,0.2631578947368421,0.2335289176973946,0.2,0.4811005457609032,0.9991659716430359,1.0,0.668063565209866,0.8685833525260217,0.9941542396435263,0.9136238425014523,instance,informative+rand_extra
0,0.4407251391640975,0.2,0.12195121951219512,0.5789473684210527,0.49893544570627113,0.0,0.475293773154578,0.9974979149291076,1.0,0.6678858314775521,0.8771181915245194,0.9820837874101135,-0.8415697984609336,instance,informative+rand_extra
0,0.4516466001333026,0.0,0.08333333333333337,0.47368421052631576,0.2580079458176169,0.0,0.46304873018855897,0.994161801501251,1.0,0.6681471203424945,0.86462839546492,0.9820449357859306,1.101046519448013,instance,informative+rand_extra
0,0.4321450462498607,0.2,0.05853658536585371,0.3684210526315789,0.19856999077369214,0.0,0.45693713187096874,0.9974979149291076,0.9130434782608695,0.6084242329937772,0.8272866496757595,0.9907277636846855,-0.756432820152452,instance,informative+rand_extra
0,0.196712229712393,0.0,0.058394160583941646,0.42105263157894735,0.19204249854289035,0.0,0.4081355748137018,0.9949958298582152,0.9565217391304348,0.661520425804195,0.8720968052350145,0.9988001179646702,1.664656626105628,instance,informative+rand_extra
0,0.364523518472083,0.0,0.08333333333333337,0.5789473684210527,0.3950839063633269,0.0,0.43426182349902376,0.9916597164303587,1.0,0.6681761803657857,0.8769362344408923,0.9843934178520515,0.6003712578363087,instance,informative+rand_extra
0,0.532277956065506,0.2,0.0,0.42105263157894735,0.4281920012025361,0.0,0.48940741379045105,0.9991659716430359,1.0,0.6680518480853321,0.8749058801598771,0.9906012201477234,0.38317193526205895,instance,informative+rand_extra
0,0.6516466001333026,0.4,0.08333333333333337,0.5789473684210527,0.5089822087079447,0.5,0.4895168695717722,0.9991659716430359,1.0,0.6675644752258854,0.8960784159240774,0.9930160128932941,-0.3896998363779445,instance,informative+rand_extra
0,0.6408915924291423,0.0,0.20618556701030932,0.631578947368421,0.26359558195238086,0.0,0.39914071160766573,0.9924937447873228,1.0,0.6678185200577897,0.9110110904235561,0.9948093501455939,0.40946300224917564,instance,informative+rand_extra
0,0.196712229712393,0.0,0.20618556701030932,0.631578947368421,0.2316330326994258,0.0,0.4411485970633211,0.9883236030025021,1.0,0.6676430608649567,0.8544842071967069,0.9993242486585834,0.5967807518342242,instance,informative+rand_extra
0,0.5813850989226488,0.2,0.12195121951219512,0.5789473684210527,0.3694327436971573,0.3333333333333333,0.510869709909026,1.0,1.0,0.6679592178863573,0.8769356400374181,0.9975976158544464,0.30881654347752263,instance,informative+rand_extra
0,0.1606172684720829,0.0,0.05853658536585371,0.5263157894736842,0.6669679116242517,0.0,0.41004452493015375,0.9883236030025021,1.0,0.6678671970616104,0.8392258603594089,0.9862804481229894,0.8757938142385738,instance,informative+rand_extra
0,0.04166666666666663,0.2,0.12195121951219512,0.5263157894736842,0.4334690827765427,0.0,0.47788597414632683,0.9974979149291076,1.0,0.6691066046943189,0.8550385266603119,0.996191357186642,-0.8900493616733304,instance,informative+rand_extra
0,0.4815541837353815,0.6,0.1875,0.47368421052631576,0.24274540513623022,1.0,0.5128912957403902,1.0,1.0,0.6674577719334933,0.8748176607219854,0.9992376672203602,0.36489236081319754,instance,informative+rand_extra
0,0.29018639725996165,0.0,0.03508771929824561,0.47368421052631576,0.591352466971605,0.0,0.45445608227300127,0.9949958298582152,1.0,0.6680511632039574,0.8578800807594769,0.9601444698807504,-0.3952758439300774,instance,informative+rand_extra
0,0.23926542120175476,0.0,0.20618556701030932,0.5263157894736842,0.2082845393527561,0.0,0.4467628401447987,0.987489574645538,1.0,0.6671829536407629,0.8699989587569198,0.9749300843494801,0.7416425753938083,instance,informative+rand_extra
0,0.1918672684720829,0.2,0.0,0.3157894736842105,0.685116366429415,0.25,0.46498250678714004,0.9983319432860718,1.0,0.6720782980250875,0.868846413994352,0.9911949659913827,0.33220487359581446,instance,informative+rand_extra
0,0.20861699161715497,0.0,0.05853658536585371,0.5263157894736842,0.2194049422413752,0.0,0.40148565297547734,0.9766472060050042,1.0,0.6680865553237294,0.8563144289497946,0.9998155715876063,0.6038024513998117,instance,informative+rand_extra
0,0.23926542120175476,0.4,0.018867924528301883,0.2631578947368421,0.4957050214005001,1.0,0.5155609632922342,1.0,1.0,0.6678141769173945,0.8536967625307916,0.9910741787451899,-0.19709997683754749,instance,informative+rand_extra
0,0.23703481035755425,0.0,0.08333333333333337,0.5789473684210527,0.32706391512276856,0.0,0.4152075819140779,0.9783152627189324,1.0,0.6674464551373754,0.8481270889203114,0.9917734579831067,1.1988059532236315,instance,informative+rand_extra
0,0.331741655726985,0.0,0.1875,0.5789473684210527,0.27614057426268523,0.0,0.4144874742618998,0.9933277731442869,1.0,0.6677320803885087,0.8781503676442585,0.9884257777931615,0.6179152550186261,instance,informative+rand_extra
0,0.1684297684720829,0.0,0.20618556701030932,0.5263157894736842,0.21844640948300442,0.0,0.40697202318494885,0.9708090075062552,1.0,0.667562962220611,0.8709470586573202,0.9801180513324356,0.5566204440104235,instance,informative+rand_extra
0,0.438527956065506,0.2,0.08333333333333337,0.5789473684210527,0.6710787939276549,0.0,0.48577954479747165,0.9991659716430359,1.0,0.6673008908978436,0.8936162332435218,0.9963730204300678,-0.6735769187112116,instance,informative+rand_extra
0,0.25118553418569745,0.0,0.20618556701030932,0.631578947368421,0.4551370940448676,0.0,0.4055717147139919,0.987489574645538,1.0,0.6677566116258578,0.8583334329391378,0.987795293213668,0.7790605506179619,instance,informative+rand_extra
0,0.22926043086524528,0.0,0.03508771929824561,0.47368421052631576,0.32363546197286086,0.0,0.4530734793704748,0.9866555462885738,1.0,0.6671519542813196,0.8716046364097505,0.9796493420394659,-0.06109362387702408,instance,informative+rand_extra
0,0.29464504624986065,0.0,0.20618556701030932,0.47368421052631576,0.5217417460148267,0.0,0.445790336071767,0.9933277731442869,1.0,0.6674657264429671,0.8896106798308407,0.9942663005789456,0.5685445203379983,instance,informative+rand_extra
0,0.5988117129165274,0.8,0.8136363636363636,0.5789473684210527,0.9061031398056214,0.5,0.46460487159299757,0.9991659716430359,1.0,0.6672367974966927,0.8760064890469953,0.9855779123672246,-0.38251126611499653,instance,informative+rand_extra
0,0.1684297684720829,0.0,0.08333333333333337,0.5789473684210527,0.4507215763032385,0.0,0.44693069148445064,0.994161801501251,1.0,0.667564895101053,0.8899647366502875,0.9762104162442317,0.2592169240553973,instance,informative+rand_extra
0,0.1918672684720829,0.0,0.1875,0.47368421052631576,0.542776939982843,0.0,0.4422786864273017,0.9891576313594662,1.0,0.6674806606179186,0.8554214719933401,0.9944459019102995,0.14106192589661096,instance,informative+rand_extra
0,0.125,0.0,0.20618556701030932,0.5263157894736842,0.4334690827765427,0.0,0.44359683124723037,0.9883236030025021,0.9130434782608695,0.5568340565528871,0.8457233961546013,0.9694194976714928,1.1444378950167822,instance,informative+rand_extra
0,0.4407251391640975,0.6,0.9668508287292817,0.42105263157894735,0.7864377061909517,1.0,0.5142343078354812,1.0,1.0,0.6674808053111277,0.8876521990273266,0.9975954949816033,-0.17168435804727233,instance,informative+rand_extra
0,0.3584262611502518,0.4,0.20618556701030932,0.5263157894736842,0.5203647819877613,0.0,0.4709091506140951,0.9983319432860718,1.0,0.6730386749971384,0.8380933297751523,0.9998578461805263,-0.7879149300619491,instance,informative+rand_extra
0,0.15020060180541628,0.2,0.03508771929824561,0.47368421052631576,0.24764109372608373,0.0,0.44619184942040047,0.9983319432860718,1.0,0.6671331855096869,0.867975289713281,0.988592871841585,0.4721050946703761,instance,informative+rand_extra
0,0.27497970691604046,0.2,0.5569620253164558,0.7368421052631579,0.3751388473485834,0.0,0.4610916730136071,0.9983319432860718,1.0,0.6677180195239429,0.8656170156773216,0.9949539496928856,0.3738511642423385,instance,informative+rand_extra
0,0.1918672684720829,0.4,0.9616252821670429,0.42105263157894735,0.9029186759279629,0.0,0.4846118301901219,0.9991659716430359,1.0,0.6675384293532562,0.855489387753976,0.9959565917302845,-0.49875182384282113,instance,informative+rand_extra
0,0.25504556304572634,0.0,0.08333333333333337,0.5789473684210527,0.19469672849721353,0.0,0.40687994129451144,0.9908256880733946,1.0,0.6676900103144119,0.8549514225923921,0.9896167023831438,1.3475904632723446,instance,informative+rand_extra
0,0.30924798083767435,0.0,0.058394160583941646,0.42105263157894735,0.39752593223619115,0.0,0.4766263950161518,0.9958298582151793,1.0,0.6685351742253409,0.8317207085706595,0.965819707434966,-0.500195788577731,instance,informative+rand_extra
0,0.4328612893988393,0.0,0.03508771929824561,0.47368421052631576,0.5314727156313831,0.0,0.4478203084171408,0.9924937447873228,1.0,0.66745717357818,0.8713658650686257,0.9939060330307088,0.3363779746450985,instance,informative+rand_extra
0,0.19930774466255907,0.4,0.08333333333333337,0.5789473684210527,0.6940663600312895,0.0,0.4577024841229651,0.9983319432860718,1.0,0.6707989441180113,0.8773299890176416,0.9815876447496789,-0.13049728828996862,instance,informative+rand_extra
0,0.25504556304572634,0.2,0.08333333333333337,0.5789473684210527,0.2083993763414992,0.2,0.4707548391271512,0.9974979149291076,1.0,0.6675753414064003,0.8850158432353896,0.9874819440002107,0.9567981813554138,instance,informative+rand_extra
0,0.22845826145842474,0.2,0.3846153846153846,0.631578947368421,0.7383643251330779,0.0,0.4699241524734913,0.9974979149291076,0.9565217391304348,0.6666666666666666,0.859420790583984,0.996796211553072,0.4286104220682988,instance,informative+rand_extra
0,0.23703481035755425,0.0,0.1875,0.5789473684210527,0.2827821166821852,0.0,0.40050311531315175,0.9858215179316097,1.0,0.6673766565548316,0.8612360325146284,0.9531443038013999,0.9131800874138708,instance,informative+rand_extra
0,0.331741655726985,0.4,0.9467213114754098,0.6842105263157895,0.414159018528898,0.0,0.4835324832912613,0.9983319432860718,1.0,0.6677214644604338,0.8772037360001267,0.9977655203615445,0.6006385301844875,instance,informative+rand_extra
0,0.4298548325788232,0.0,0.03508771929824561,0.47368421052631576,0.4463029469279709,0.0,0.4628870519447392,0.994161801501251,1.0,0.6674944150045702,0.8775634063979194,0.9833158821337914,0.0452089747169642,instance,informative+rand_extra
0,0.38286128939883934,0.0,0.03508771929824561,0.47368421052631576,0.35973369939061495,0.0,0.44164481723219406,0.9916597164303587,1.0,0.6673972368709851,0.8878518147509687,0.9907141616127266,0.011721015971047164,instance,informative+rand_extra
0,0.2985184694496672,0.0,0.09090909090909094,0.5263157894736842,0.25441169230020594,0.0,0.40468654117444425,0.9891576313594662,1.0,0.6674800926162421,0.8882278101761983,0.9880452853169542,0.9076550565120038,instance,informative+rand_extra
0,0.26964504624986074,0.0,0.05853658536585371,0.5263157894736842,0.5440297991691008,0.0,0.43739189352875785,0.9924937447873228,1.0,0.6678212646623678,0.8452090424998046,0.9979178597537985,0.5928787991737342,instance,informative+rand_extra
0,0.2196450462498607,0.0,0.1875,0.5789473684210527,0.7256588983836932,0.0,0.43918863201741165,0.9899916597164303,1.0,0.667154226360626,0.8254751724388463,0.994297501896783,-0.34488664113964473,instance,informative+rand_extra
0,0.3584262611502518,0.2,0.03508771929824561,0.47368421052631576,0.5019854676469026,0.0,0.4782159575558441,0.9983319432860718,1.0,0.6680388695427146,0.8830224642848165,0.9856013446529667,0.8335864132943446,instance,informative+rand_extra
0,0.17541068583902963,0.2,0.5833333333333333,0.5789473684210527,0.4044117251898445,0.0,0.4354199998918008,0.9974979149291076,1.0,0.6686508584350884,0.8794398347145621,0.9910025647662513,0.37593008964739943,instance,informative+rand_extra
0,0.5016466001333025,0.0,0.05853658536585371,0.5263157894736842,0.2990932475028115,0.0,0.4346990081003643,0.9949958298582152,1.0,0.6678528899877983,0.8938423567018693,0.9898599510782224,-0.05947783922502618,instance,informative+rand_extra
0,0.17749170692671012,0.4,0.85,0.5263157894736842,0.24130511892327877,0.6666666666666666,0.48480494418426756,0.9983319432860718,0.9565217391304348,0.6648172650211014,0.895331459743906,0.9914659503273471,0.285380698145805,instance,informative+rand_extra
0,0.24473185180541623,0.0,0.018867924528301883,0.2631578947368421,0.24368668005610805,0.0,0.4179230822155462,0.9924937447873228,1.0,0.6676098688402119,0.8634632572124932,0.9822380557014401,0.6125476219938936,instance,informative+rand_extra
0,0.3109083223936515,0.2,0.9668508287292817,0.3684210526315789,0.5689122827669642,0.0,0.4840872547957199,0.9966638865721434,1.0,0.6672026891628252,0.8909015290811392,0.9917844425850895,-0.35468441597326544,instance,informative+rand_extra
0,0.25504556304572634,0.0,0.058394160583941646,0.42105263157894735,0.1950375138029642,0.0,0.4343203235409928,0.9908256880733946,1.0,0.6685294784667929,0.8434333653903419,0.996563875826108,0.8072461400772528,instance,informative+rand_extra
0,0.4516466001333026,0.6,0.8068181818181819,1.0,0.8216184113383087,0.3333333333333333,0.4816866240414732,0.9983319432860718,1.0,0.6672667903196129,0.8890316809865392,0.986161339637996,-0.425578929820113,instance,informative+rand_extra
0,0.35345826145842474,0.4,0.20618556701030932,0.6842105263157895,0.31005767707962584,0.25,0.4785477825992418,0.9974979149291076,1.0,0.6674348613392567,0.9007486423154359,0.9995713948786182,0.028410634798700152,instance,informative+rand_extra
0,0.38286128939883934,0.0,0.03508771929824561,0.47368421052631576,0.6073936814204847,0.0,0.42303097499229136,0.9958298582151793,1.0,0.6674665920692795,0.8707174832283554,0.9954356803525994,-0.22874033597867113,instance,informative+rand_extra
0,0.17541068583902963,0.0,0.018867924528301883,0.3157894736842105,0.2015816959147737,0.0,0.4532609100573469,0.9883236030025021,1.0,0.6674702590149191,0.8472401525912353,0.9908806797451158,0.3958127903369736,instance,informative+rand_extra
0,0.3770847929818868,0.0,0.1875,0.5789473684210527,0.2579845282364648,0.0,0.42674195462671005,0.9891576313594662,1.0,0.6675479277611607,0.8588949270673689,0.9902704467033466,0.12068176729935937,instance,informative+rand_extra
0,0.24473185180541623,0.0,0.12195121951219512,0.5789473684210527,0.25484225449951614,0.0,0.4160213144377747,0.9933277731442869,1.0,0.6683020659554334,0.8813806816620989,0.9967421951942507,0.2538834366855168,instance,informative+rand_extra
0,0.4764394248783833,0.2,0.018867924528301883,0.2631578947368421,0.24919214074016816,0.3333333333333333,0.508407795679398,1.0,1.0,0.6677305351943791,0.8948021939661711,0.9812596831413964,0.3161929368576994,instance,informative+rand_extra
0,0.17749170692671012,0.2,0.018867924528301883,0.2631578947368421,0.19160939002299837,0.0,0.46757364584925387,0.9966638865721434,1.0,0.6680915832206279,0.8603086530537133,0.9954522336825348,2.225008969938923,instance,informative+rand_extra
0,0.1684297684720829,0.0,0.05853658536585371,0.5263157894736842,0.19913508580821188,0.0,0.47202099052944446,0.9958298582151793,0.9565217391304348,0.6497896288461107,0.8569401130707973,0.9832621844119745,0.16102430456184058,instance,informative+rand_extra
0,0.15020060180541628,0.0,0.1875,0.5789473684210527,0.6360079956772953,0.0,0.40868706314425585,0.981651376146789,0.9565217391304348,0.6666666666666666,0.8271490442061818,0.9952577574360854,0.3061594366490751,instance,informative+rand_extra
0,0.3109083223936515,0.0,0.8947368421052632,0.42105263157894735,0.27380778199276906,0.0,0.39930959993181436,0.9824854045037531,0.9565217391304348,0.6040394334573924,0.8488918152766765,0.9921414361084783,-0.7634965394295783,instance,informative+rand_extra
0,0.16805774466255907,0.0,0.058394160583941646,0.42105263157894735,0.2009972922977964,0.0,0.387196646065775,0.9791492910758965,1.0,0.6698226717373378,0.8356412496639732,0.9992630904266093,0.22984296808549012,instance,informative+rand_extra
0,0.25504556304572634,0.0,0.08333333333333337,0.5789473684210527,0.20075485022161033,0.0,0.44783562205649585,0.9849874895746455,1.0,0.667710273671384,0.8691973106763523,0.9832402944175386,0.7526372352495463,instance,informative+rand_extra
0,0.2628041837353815,0.0,0.05853658536585371,0.5263157894736842,0.20018868219780434,0.0,0.4379346802602584,0.9808173477898249,1.0,0.6678412251609024,0.8571933269829912,0.9928054138997834,1.318810439271715,instance,informative+rand_extra
0,0.6282251391640975,0.8,0.5569620253164558,0.7368421052631579,0.694588627378617,0.75,0.49611628547729114,0.9991659716430359,1.0,0.6676015347036468,0.9026921082826199,0.9844876161464611,-0.7427766306395974,instance,informative+rand_extra
0,0.29464504624986065,0.0,0.03508771929824561,0.47368421052631576,0.39975050155407754,0.0,0.43773304053516626,0.9958298582151793,1.0,0.6673083078935738,0.8850262930307123,0.9847162844545739,0.04004420233170127,instance,informative+rand_extra
0,0.4407251391640975,0.2,0.5569620253164558,0.631578947368421,0.43457195871659626,0.0,0.47065516241127425,0.9983319432860718,1.0,0.6674368248001712,0.9100910382202116,0.9937892965691606,0.09767121417251434,instance,informative+rand_extra
0,0.25118553418569745,0.0,0.08333333333333337,0.5789473684210527,0.6071725233114046,0.0,0.4631859372037218,0.9924937447873228,1.0,0.6673636302770016,0.8582738688406609,0.9943947816864852,0.0687253724749238,instance,informative+rand_extra
0,0.29018639725996165,0.0,0.058394160583941646,0.42105263157894735,0.191663789731554,0.0,0.4165986115501986,0.9908256880733946,0.9565217391304348,0.5805320642139373,0.8432178038309345,0.9902602222706556,0.6324627741180109,instance,informative+rand_extra
0,0.4084262611502517,0.0,0.3846153846153846,0.47368421052631576,0.3266446929968171,0.0,0.4761868101793204,0.994161801501251,1.0,0.6672655399808533,0.8806788797082286,0.9972120205061632,0.1572494091326567,instance,informative+rand_extra
0,0.1684297684720829,0.0,0.08333333333333337,0.5789473684210527,0.226264878790093,0.0,0.37325938377146506,0.981651376146789,1.0,0.6680712251593535,0.867914974889919,0.9995321736492898,0.7422034753399126,instance,informative+rand_extra
0,0.3945703793147287,0.0,0.41666666666666663,0.47368421052631576,0.3629550075256417,0.0,0.4670482698526619,0.9949958298582152,1.0,0.6675453574063274,0.8649564582173994,0.9818165878362957,-0.12589621404031517,instance,informative+rand_extra
0,0.17587024466255907,0.0,0.018867924528301883,0.2631578947368421,0.19153809680905065,0.0,0.4220136141114065,0.9799833194328608,1.0,0.6668508127979106,0.8487983687682538,0.9925855043213517,2.183209999702844,instance,informative+rand_extra
0,0.4056613265925244,0.6,0.18181818181818177,0.3157894736842105,0.3277686558772648,0.0,0.4742722895305338,0.9991659716430359,1.0,0.6669137192170045,0.8969146940766456,0.9865954139592865,-1.3489054938329363,instance,informative+rand_extra
0,0.23926542120175476,0.2,0.20618556701030932,0.631578947368421,0.2040712657884569,0.0,0.4778090510610772,0.9974979149291076,0.9565217391304348,0.6666666666666666,0.85520433991263,0.9841343006911318,1.7519453425745493,instance,informative+rand_extra
0,0.16805774466255907,0.0,0.058394160583941646,0.3684210526315789,0.666675927076824,0.0,0.40379562597480867,0.9616346955796498,0.9565217391304348,0.6311959880227377,0.8393338237461915,0.9908670451885764,1.0190168556313726,instance,informative+rand_extra
0,0.21707735250569637,0.0,0.058394160583941646,0.42105263157894735,0.27946020173414193,0.0,0.40214348413629863,0.9933277731442869,1.0,0.6678678865083522,0.8730560907155985,0.9987171194981526,0.2493586931152955,instance,informative+rand_extra
0,0.23703481035755425,0.0,0.8068181818181819,0.47368421052631576,0.6323231962126076,0.0,0.4667863636909779,0.9908256880733946,1.0,0.6675137471857815,0.8746166324739996,0.9951259076077565,0.12099108428964205,instance,informative+rand_extra
0,0.5889082404016963,0.2,0.0,0.3157894736842105,0.43840710740789024,0.0,0.46904579243055555,0.9966638865721434,1.0,0.6680520435390886,0.8741644571530073,0.9563958208843063,0.8458466967957403,instance,informative+rand_extra
0,0.38286128939883934,0.2,0.20618556701030932,0.631578947368421,0.8256380763930761,0.0,0.4453789855505734,0.9983319432860718,1.0,0.6676205281416275,0.8432850987525037,0.9867324978257193,0.014283973410989073,instance,informative+rand_extra
0,0.4516466001333026,0.0,0.5569620253164558,0.631578947368421,0.4311712548987592,0.0,0.4424483091109128,0.9949958298582152,1.0,0.6674914270810418,0.891397305635519,0.979476379072022,0.12040193591078559,instance,informative+rand_extra
0,0.19930774466255907,0.8,0.9616252821670429,0.5789473684210527,0.8955893423870732,1.0,0.5117939328971235,1.0,1.0,0.6744753799483746,0.8662449799666362,0.9767625824392876,-0.6407671716889176,instance,informative+rand_extra
0,0.1918672684720829,0.0,0.08333333333333337,0.5789473684210527,0.8655097904647884,0.0,0.44747236035364224,0.9916597164303587,1.0,0.6675890167833668,0.8585085258397048,0.9973044154152553,-0.2440204327088623,instance,informative+rand_extra
0,0.23703481035755425,0.6,0.5569620253164558,0.631578947368421,0.7336428125555606,1.0,0.5054575380030384,1.0,1.0,0.667572437873041,0.8713358234925151,0.9862225280057922,0.04321890309189611,instance,informative+rand_extra
0,0.4801946227321726,0.0,0.05853658536585371,0.5263157894736842,0.4076968042734366,0.0,0.4353414506834332,0.994161801501251,1.0,0.6676392398484007,0.8870480838873399,0.9964537849988423,0.3050936590475024,instance,informative+rand_extra
0,0.17749170692671012,0.0,0.018867924528301883,0.2631578947368421,0.19161931586126935,0.0,0.38884182245070986,0.9482902418682235,0.9565217391304348,0.6392764108039855,0.8376154686384214,0.9948353586626835,1.6539874473441714,instance,informative+rand_extra
0,0.2628041837353815,0.0,0.05853658536585371,0.5263157894736842,0.2051976262615307,0.0,0.42158297199997596,0.9908256880733946,1.0,0.6676986451361979,0.863922912693974,0.965932862443832,1.8185935090375267,instance,informative+rand_extra
0,0.16805774466255907,0.0,0.0,0.3684210526315789,0.2635609967276008,0.0,0.4622920956807469,0.9933277731442869,1.0,0.669411288761328,0.8508770455844354,0.9958522060531002,0.7206623722935667,instance,informative+rand_extra
0,0.24473185180541623,0.0,0.03508771929824561,0.47368421052631576,0.5762244362125375,0.0,0.4342499577566111,0.987489574645538,1.0,0.6674548778228387,0.8551778063636724,0.9964075171167386,-0.7283634808895667,instance,informative+rand_extra
0,0.25504556304572634,0.0,0.058394160583941646,0.42105263157894735,0.21564333429376514,0.0,0.4155662793011392,0.9899916597164303,1.0,0.6680016356857862,0.8664500606792435,0.9957287841863761,1.1252204926308558,instance,informative+rand_extra
0,0.1684297684720829,0.4,0.18181818181818177,0.3157894736842105,0.19969602566256273,0.0,0.42672177367028286,0.9991659716430359,1.0,0.6674774466652159,0.8514859377781481,0.9886467712580175,0.25411907432439673,instance,informative+rand_extra
0,0.26964504624986074,0.0,0.20618556701030932,0.47368421052631576,0.6606822878709446,0.0,0.4200649191147169,0.9924937447873228,1.0,0.6672776937550189,0.8449312309005962,0.9834043264182265,0.18501618350936158,instance,informative+rand_extra
0,0.2855314564626542,0.2,0.08333333333333337,0.5789473684210527,0.23323405597335078,0.0,0.477646496700749,0.9983319432860718,1.0,0.6673517463226076,0.8714136568775821,0.994949375453492,-0.0003083583054614837,instance,informative+rand_extra
0,0.1996797684720829,0.0,0.20618556701030932,0.631578947368421,0.418893726841732,0.16666666666666666,0.47492569848156674,0.9958298582151793,1.0,0.6674308294616623,0.8770329147630451,0.9860676485935753,-0.15431600724772251,instance,informative+rand_extra
0,0.2855314564626542,0.0,0.20618556701030932,0.5263157894736842,0.2591243118421761,0.0,0.4597197285750686,0.994161801501251,1.0,0.6671554896122077,0.8857851297182016,0.9932179369321074,-0.029701359243664113,instance,informative+rand_extra
0,0.39296903129259575,0.4,0.5569620253164558,0.7368421052631579,0.5895287714998686,0.3333333333333333,0.4982550843916901,0.9991659716430359,1.0,0.6676105674317374,0.8972533283654649,0.9955828607059027,0.16450332721187533,instance,informative+rand_extra
0,0.5518362502752087,0.0,0.09090909090909094,0.47368421052631576,0.5430143613910552,0.0,0.4398907700363339,0.9924937447873228,1.0,0.6679607180600087,0.8906780587387225,0.9994322075254862,0.20052544084700571,instance,informative+rand_extra
0,0.23703481035755425,0.2,0.1875,0.5789473684210527,0.8098684202389248,0.0,0.4896504199176779,0.9966638865721434,1.0,0.667381566068847,0.8672250029515298,0.9949625998322994,-0.25298387949090856,instance,informative+rand_extra
0,0.438527956065506,0.0,0.0,0.3157894736842105,0.25819508773681754,0.0,0.47506995107214756,0.994161801501251,1.0,0.6679352158054913,0.8896145102051322,0.997561591576195,0.9003813766949389,instance,informative+rand_extra
0,0.25118553418569745,0.0,0.05853658536585371,0.5263157894736842,0.19756245310152554,0.0,0.40133667246673366,0.9866555462885738,1.0,0.6673535263277397,0.8727424426851039,0.9836950992787262,0.9007208471302096,instance,informative+rand_extra
0,0.2968151851387497,0.0,0.18181818181818177,0.3157894736842105,0.28919332300207257,0.0,0.44655589250692385,0.9908256880733946,1.0,0.6673992196261572,0.8758025733753629,0.9999360368118189,0.17578961826233921,instance,informative+rand_extra
0,0.21915837359337664,0.0,0.018867924528301883,0.2631578947368421,0.20006443498302173,0.0,0.45804717861484645,0.9933277731442869,1.0,0.66776257929668,0.8792159964139219,0.9906208446653872,1.007789648414193,instance,informative+rand_extra
0,0.2968151851387497,0.2,0.03508771929824561,0.47368421052631576,0.41808641469702723,0.0,0.4877544578957157,0.9991659716430359,1.0,0.6674144184243577,0.8824514049710971,0.9995671554763398,0.6900639572751287,instance,informative+rand_extra
0,0.24473185180541623,0.0,0.0,0.3684210526315789,0.25482066913838936,0.0,0.4791887781172318,0.9958298582151793,1.0,0.6672996388708288,0.8546962100987959,0.961156786566492,-0.023299258835301772,instance,informative+rand_extra
0,0.27751006608832274,0.0,0.05853658536585371,0.5263157894736842,0.20695900231679698,0.0,0.4358365723842652,0.987489574645538,1.0,0.6679454541889895,0.8502136383986053,0.985411019487084,1.459115869450848,instance,informative+rand_extra
0,0.7889972057182992,0.4,0.20618556701030932,0.631578947368421,0.8469113599604012,0.3333333333333333,0.5409725605806311,1.0,1.0,0.6674839127882084,0.901209232081884,0.9936525257049044,-1.109145365508155,instance,informative+rand_extra
0,0.26964504624986074,0.0,0.018867924528301883,0.3157894736842105,0.1968354376668059,0.0,0.4217098665560841,0.9899916597164303,1.0,0.6681536953752911,0.8469020853385045,0.9820416017264207,2.0929237163413865,instance,informative+rand_extra
0,0.49674798083767435,0.4,0.12195121951219512,0.5789473684210527,0.4390325025939116,0.0,0.46776160787749566,0.9974979149291076,1.0,0.6681604011081616,0.8649126651250709,0.9910773542455377,-0.3637537276241169,instance,informative+rand_extra
0,0.21915837359337664,0.4,0.41666666666666663,0.47368421052631576,0.1932684286986749,0.5,0.506749581499429,1.0,0.9565217391304348,0.6546622048215277,0.8920853149872167,0.9976575112879379,0.3166342720321784,instance,informative+rand_extra
0,0.3584262611502518,0.0,0.8709677419354839,0.42105263157894735,0.3414517680858157,0.0,0.45806626711959963,0.9924937447873228,1.0,0.6675860078383546,0.8709761690172841,0.9855928381731105,0.9510415444016684,instance,informative+rand_extra
0,0.31131171291652737,0.0,0.05853658536585371,0.5263157894736842,0.38044132290164157,0.0,0.4412081852873573,0.9824854045037531,1.0,0.6674958794628963,0.8637544260813678,0.9993752593913254,0.34581356711713,instance,informative+rand_extra
0,0.16805774466255907,0.0,0.058394160583941646,0.42105263157894735,0.26018474818366244,0.0,0.44949831013526986,0.9916597164303587,1.0,0.6680886456333456,0.8380762262627952,0.9848083024115373,-0.5209268860545591,instance,informative+rand_extra
0,0.3968151851387496,0.6,0.5569620253164558,0.7368421052631579,0.5246493354154961,0.0,0.49010102133576416,0.9983319432860718,1.0,0.6675589628296638,0.8938414104976199,0.9993340644835791,-0.9622027521904523,instance,informative+rand_extra
0,0.23055774466255907,0.2,0.058394160583941646,0.42105263157894735,0.3395335280585865,0.0,0.467020694581864,0.9966638865721434,1.0,0.6676316236554479,0.8779922942744108,0.9992936714017853,-0.5240235301343336,instance,informative+rand_extra
0,0.371402956065506,0.0,0.1875,0.5789473684210527,0.3641797604864313,0.0,0.46969189681112256,0.9958298582151793,1.0,0.6673568060548061,0.8714528004325327,0.998906271644325,-0.09636662370041586,instance,informative+rand_extra
0,0.24473185180541623,0.2,0.058394160583941646,0.3684210526315789,0.31096024124303906,0.0,0.48931165043219427,0.9991659716430359,1.0,0.6676445146968083,0.8417180181132793,0.9767041996395694,-0.21751980201047735,instance,informative+rand_extra
0,0.4801946227321726,0.4,0.018867924528301883,0.3157894736842105,0.35425913344080495,0.3333333333333333,0.4466441035709544,0.9983319432860718,1.0,0.6677704696889003,0.9065320286395016,0.9811595789072454,-0.038173463618227745,instance,informative+rand_extra
0,0.40792629624986076,0.2,0.058394160583941646,0.42105263157894735,0.19298472677985623,0.0,0.4471394042451343,0.9991659716430359,1.0,0.6675923819917823,0.8559658554287618,0.9940354968869944,1.369177448986103,instance,informative+rand_extra
0,0.4801946227321726,0.0,0.05853658536585371,0.5263157894736842,0.43569244580385236,0.0,0.4737545685588239,0.9916597164303587,1.0,0.6675354899285307,0.8794461056339944,0.9907337667983876,0.4937291368124094,instance,informative+rand_extra
0,0.27751006608832274,0.0,0.3846153846153846,0.631578947368421,0.19950257722846587,0.0,0.41588695248034013,0.9833194328607172,1.0,0.6676888869579762,0.8666447770450493,0.9985424687242367,1.6613828308354917,instance,informative+rand_extra
0,0.24158715642726492,0.0,0.018867924528301883,0.3157894736842105,0.19426608914120885,0.0,0.44172354364004585,0.9799833194328608,0.9565217391304348,0.6518326699458871,0.8629084900970668,0.9990500335584729,0.2621171313994351,instance,informative+rand_extra
0,0.2669197999199632,0.2,0.08333333333333337,0.47368421052631576,0.7526896256513833,0.0,0.47740081446541405,0.9983319432860718,1.0,0.6677813901213238,0.8767359075950939,0.9805612957954902,0.5941314359164689,instance,informative+rand_extra
0,0.1684297684720829,0.0,0.08333333333333337,0.5789473684210527,0.23166941174313627,0.0,0.388253087184231,0.9891576313594662,1.0,0.6682498300043173,0.860943196189905,0.9908191674033097,0.32303715380434134,instance,informative+rand_extra
0,0.23703481035755425,0.2,0.1875,0.5789473684210527,0.5028577076133645,0.0,0.48756916443350284,0.9966638865721434,1.0,0.6675812556343365,0.8563512072336866,0.9575701736958291,0.3423078439617943,instance,informative+rand_extra
0,0.1606172684720829,0.0,0.03508771929824561,0.47368421052631576,0.5308883359885681,0.0,0.45106424536227296,0.994161801501251,1.0,0.6671526465006729,0.85377998852611,0.993817651150733,-0.0805139026038579,instance,informative+rand_extra
0,0.35921222971239297,0.4,0.8068181818181819,0.9473684210526315,0.23196308259133736,0.3333333333333333,0.4935358414815738,0.9974979149291076,1.0,0.6676445134361565,0.8744461950301732,0.9993824697675328,0.43342011593450286,instance,informative+rand_extra
0,0.5016466001333025,0.4,0.20618556701030932,0.631578947368421,0.40181069160190586,0.0,0.44528069185903296,0.9974979149291076,1.0,0.6678076714980303,0.86593748596257,0.9890578975454083,0.3023926408600292,instance,informative+rand_extra
0,0.196712229712393,0.0,0.058394160583941646,0.42105263157894735,0.19423499565370828,0.0,0.40250782425661324,0.9849874895746455,1.0,0.6674621634381465,0.8680696151583502,0.9996653794774664,1.201982087007733,instance,informative+rand_extra
0,0.7385545860012268,0.6,0.9467213114754098,0.7368421052631579,0.6354156609021171,0.4444444444444444,0.5047010950687627,1.0,1.0,0.6675963273771821,0.9186572231913581,0.9937480456577535,-0.1303257847304827,instance,informative+rand_extra
0,0.196712229712393,0.0,0.058394160583941646,0.42105263157894735,0.1941853084916293,0.0,0.3847240128611802,0.9933277731442869,1.0,0.6670046294052221,0.8643691338071181,0.9954340202232266,0.27209858390293523,instance,informative+rand_extra
0,0.4359083223936515,0.8,0.85,0.47368421052631576,0.44187442256653087,0.0,0.49218903891970356,0.9991659716430359,1.0,0.668041995476918,0.8592556749713753,0.9941114335490785,-0.18284954261961778,instance,informative+rand_extra
0,0.24473185180541623,0.2,0.85,0.631578947368421,0.5634135441757891,0.0,0.4656814543420871,0.9983319432860718,1.0,0.6677576649265324,0.8818172258883269,0.998288583312895,-0.3331957433893466,instance,informative+rand_extra
0,0.17587024466255907,0.0,0.058394160583941646,0.42105263157894735,0.19169869619219548,0.0,0.4157874291996495,0.9791492910758965,0.9130434782608695,0.6152339959601172,0.8571837815828707,0.9752053262724121,0.7396549552788192,instance,informative+rand_extra
0,0.17587024466255907,0.0,0.058394160583941646,0.47368421052631576,0.23620265317403122,0.0,0.3767946457826369,0.9791492910758965,0.9565217391304348,0.6541226828047103,0.8395390008944473,0.9988664787030576,-0.7245822892089432,instance,informative+rand_extra
0,0.8526183791118349,0.6,0.8068181818181819,0.6842105263157895,0.42026074280822867,1.0,0.5007442864294475,1.0,1.0,0.667340231587969,0.8860590672828937,0.9700841833757783,-0.19699456943941132,instance,informative+rand_extra
0,0.196712229712393,0.0,0.20618556701030932,0.631578947368421,0.1932073102517201,0.0,0.38701243942063346,0.9741451209341118,1.0,0.6675327432238839,0.8547112667976767,0.9857268501242626,1.5587472180345692,instance,informative+rand_extra
0,0.24473185180541623,0.0,0.5569620253164558,0.7368421052631579,0.6254448647046588,0.0,0.4654423758479671,0.9958298582151793,1.0,0.6677256457370685,0.8590594164783087,0.9920599320576943,-0.32838562707071095,instance,informative+rand_extra
0,0.2628041837353815,0.0,0.05853658536585371,0.5263157894736842,0.19754013349974303,0.0,0.45334094695405114,0.9908256880733946,0.9565217391304348,0.6354933219865145,0.8837624105892239,0.9899041087829572,0.46164207545178754,instance,informative+rand_extra
0,0.23926542120175476,0.2,0.20618556701030932,0.631578947368421,0.20082168466176886,0.0,0.46834290491851305,0.9983319432860718,1.0,0.6677097149956492,0.8850454022708888,0.9909760992049542,1.210609153574091,instance,informative+rand_extra
0,0.4801946227321726,0.2,0.0,0.42105263157894735,0.6555634489757736,0.5,0.4916731915161022,0.9991659716430359,1.0,0.6676356416514538,0.8906035150002568,0.9985466033953388,-0.02755071626432856,instance,informative+rand_extra
0,0.371402956065506,0.2,0.5833333333333333,0.47368421052631576,0.6914023590354791,0.0,0.4521019740834692,0.9966638865721434,1.0,0.6681908718266506,0.8715227599187428,0.9941691174564607,-0.4012367823889796,instance,informative+rand_extra
0,0.17541068583902963,0.0,0.05853658536585371,0.5263157894736842,0.19162487986392368,0.0,0.4331913558935989,0.9808173477898249,0.9565217391304348,0.6666463272282758,0.8694494205329092,0.9999134368875735,1.0709729505445886,instance,informative+rand_extra
0,0.2196450462498607,0.0,0.08333333333333337,0.5789473684210527,0.5403613121857304,0.0,0.4588930299096663,0.9933277731442869,1.0,0.6672840651589872,0.8614709366994456,0.9978953601549905,0.027260091764107784,instance,informative+rand_extra
0,0.23703481035755425,0.0,0.8068181818181819,0.47368421052631576,0.4629180693729332,0.0,0.4726748209765853,0.9958298582151793,1.0,0.6674091189726477,0.8548095014690883,0.9921476626412952,0.5155371737652225,instance,informative+rand_extra
0,0.331741655726985,0.2,0.1875,0.47368421052631576,0.24531133224264245,0.2,0.4264785869289919,0.9966638865721434,1.0,0.6682089499466906,0.876553276844554,0.9752929320124929,0.8657328430890451,instance,informative+rand_extra
0,0.25118553418569745,0.2,0.20618556701030932,0.631578947368421,0.5477322666896337,0.5,0.531774494660499,1.0,1.0,0.6674381239977707,0.8715479282223635,0.9954821501888025,0.5066082641074857,instance,informative+rand_extra
0,0.23926542120175476,0.0,0.20618556701030932,0.5263157894736842,0.19353635830177013,0.0,0.4420431580615457,0.9866555462885738,1.0,0.6672448193324579,0.8752805252795505,0.9962277956214545,1.2911785935803421,instance,informative+rand_extra
0,0.5016466001333025,0.0,0.3846153846153846,0.47368421052631576,0.4048855518465051,0.0,0.4283632566175176,0.9924937447873228,1.0,0.6677908799419736,0.9009726947713207,0.9926112415150531,0.15865981241452576,instance,informative+rand_extra
0,0.26964504624986074,0.2,0.05853658536585371,0.5263157894736842,0.4698766028156186,0.0,0.4504822560751365,0.9974979149291076,1.0,0.667513182847488,0.8341134204442453,0.996350820761162,1.2490270906699983,instance,informative+rand_extra
0,0.35921222971239297,0.0,0.058394160583941646,0.42105263157894735,0.19486555115230397,0.0,0.45448586643665445,0.9891576313594662,1.0,0.6678912988065446,0.8601743210016146,0.9819194623215378,0.7907767825727928,instance,informative+rand_extra
0,0.26964504624986074,0.0,0.20618556701030932,0.631578947368421,0.6463020375802456,0.0,0.4539404487967249,0.9849874895746455,1.0,0.6685089920117824,0.8322356216633943,0.9973854901916733,0.45741099639805405,instance,informative+rand_extra
0,0.3770847929818868,0.2,0.1875,0.5789473684210527,0.26192156008721845,0.0,0.4606575097802257,0.9974979149291076,1.0,0.6678421776400093,0.8693529532494686,0.9902009184075337,0.5255643215675299,instance,informative+rand_extra
0,0.438527956065506,0.0,0.20618556701030932,0.631578947368421,0.3527142870106784,0.0,0.4503647539859781,0.9908256880733946,1.0,0.6677811921024511,0.847848098501777,0.9988903607232662,0.6173054882530228,instance,informative+rand_extra
0,0.1684297684720829,0.6,0.20618556701030932,0.5263157894736842,0.2781645752807149,0.5,0.5256528346413972,1.0,1.0,0.6676316435912621,0.8982293907641016,0.9961369383771043,0.16818126026436248,instance,informative+rand_extra
0,0.30924798083767435,0.0,0.058394160583941646,0.42105263157894735,0.4268655217034797,0.0,0.37486173432292613,0.9924937447873228,1.0,0.6681798226781849,0.8453710641654963,0.963441361973009,0.31232572107267803,instance,informative+rand_extra
0,0.4516466001333026,0.2,0.1875,0.5789473684210527,0.581101971998609,0.0,0.45518761067330504,0.9966638865721434,1.0,0.6671903723898468,0.8844510984084479,0.9956778465526124,-0.5512841974500362,instance,informative+rand_extra
0,0.2628041837353815,0.0,0.05853658536585371,0.5263157894736842,0.2543465720387207,0.0,0.42072766665034866,0.994161801501251,1.0,0.6673424081202657,0.8547871726739543,0.9515529096702434,0.13859503445390348,instance,informative+rand_extra
0,0.17541068583902963,0.0,0.20618556701030932,0.631578947368421,0.19971766452853618,0.0,0.4323291170230896,0.9741451209341118,1.0,0.666974763848761,0.8558286270537643,0.9726546090632143,-0.30300900530960184,instance,informative+rand_extra
0,0.5889082404016963,0.2,0.20618556701030932,0.631578947368421,0.5555482324241331,0.0,0.4830543249607464,0.9991659716430359,1.0,0.6683834435991904,0.8607331226286029,0.9983731078656747,0.553626427987586,instance,informative+rand_extra
0,0.24473185180541623,0.0,0.18181818181818177,0.3157894736842105,0.19876501507606675,0.0,0.4375627886841851,0.9924937447873228,1.0,0.6675126112783746,0.8655722913255667,0.990046109850995,0.8687440195137636,instance,informative+rand_extra
0,0.26964504624986074,0.0,0.05853658536585371,0.5263157894736842,0.1999786306034927,0.0,0.4175021874471171,0.9858215179316097,0.9565217391304348,0.6415987866946152,0.8344702059050705,0.9465456986920191,0.8922244033034565,instance,informative+rand_extra
0,0.1606172684720829,0.0,0.8,0.3157894736842105,0.43401993591681354,0.0,0.48254168481979753,0.9933277731442869,0.9565217391304348,0.649986329595418,0.8287345957456115,0.9945408212004573,0.009251308928999223,instance,informative+rand_extra
0,0.5316342300731884,0.2,0.03508771929824561,0.47368421052631576,0.2934615752253392,0.0,0.4741121538114932,0.9991659716430359,1.0,0.667664187592801,0.8900894303588166,0.9997968888727017,0.8707442482771367,instance,informative+rand_extra
0,0.24473185180541623,0.0,0.8068181818181819,0.47368421052631576,0.1924973923868989,0.0,0.4639782935627216,0.9833194328607172,0.9565217391304348,0.5905425755378828,0.8639134225400424,0.9978151680149256,0.6363174195702955,instance,informative+rand_extra
0,0.16805774466255907,0.0,0.058394160583941646,0.42105263157894735,0.1919890563499268,0.0,0.41953476363876574,0.9908256880733946,0.9565217391304348,0.6184319071956526,0.8637202147115003,0.9969113913120601,0.5115412663355556,instance,informative+rand_extra
0,0.23502203037684488,0.2,0.058394160583941646,0.42105263157894735,0.20141184155797942,0.0,0.443776996279299,0.9974979149291076,0.9565217391304348,0.6493648204150296,0.881737044917365,0.9990588606939488,0.3488180826784397,instance,informative+rand_extra
0,0.26964504624986074,0.0,0.20618556701030932,0.631578947368421,0.49965549259932784,0.0,0.46540520684281383,0.9883236030025021,1.0,0.667528859810096,0.8409539664186347,0.9929100653935414,0.7508432187454736,instance,informative+rand_extra
0,0.4801946227321726,0.2,0.41666666666666663,0.47368421052631576,0.6478006226805325,0.6666666666666666,0.513560108207312,1.0,1.0,0.6674426886519318,0.8913999674146942,0.9873834554867397,-1.0014546759836132,instance,informative+rand_extra
0,0.23926542120175476,0.0,0.20618556701030932,0.631578947368421,0.2141108418448618,0.0,0.4721855072974309,0.9949958298582152,1.0,0.6677517985913991,0.8785369666154529,0.9846026746893166,0.9543657335615577,instance,informative+rand_extra
0,0.17587024466255907,0.2,0.018867924528301883,0.2631578947368421,0.2178653560686673,0.0,0.4479789360547204,0.9983319432860718,1.0,0.668213833571044,0.8797448774900402,0.9942919353642425,0.8127081644211546,instance,informative+rand_extra
0,0.1684297684720829,0.0,0.08333333333333337,0.5789473684210527,0.24247418350169048,0.0,0.4347901161734342,0.9883236030025021,1.0,0.6674409193208213,0.8675563377007521,0.9995515930414057,1.0017557984147571,instance,informative+rand_extra
0,0.5813850989226488,0.2,0.12195121951219512,0.5789473684210527,0.4393391236025398,0.0,0.44847246308337263,0.9966638865721434,1.0,0.6678922353158054,0.8853846532349413,0.996185335312879,0.056106465470987285,instance,informative+rand_extra
0,0.1606172684720829,0.0,0.05853658536585371,0.3684210526315789,0.19151004915895165,0.0,0.41126946646641305,0.9683069224353628,0.9130434782608695,0.5950524119232844,0.8106035128573265,0.9880270859505611,0.4336484113813055,instance,informative+rand_extra
0,0.4764394248783833,0.0,0.20618556701030932,0.631578947368421,0.26547438814670044,0.0,0.4463503124255347,0.9949958298582152,1.0,0.6675434672201722,0.900739186745419,0.9955293551730025,0.8901962640549942,instance,informative+rand_extra
0,0.4801946227321726,0.2,0.09090909090909094,0.47368421052631576,0.591478308832858,0.5,0.506142408852535,1.0,1.0,0.6677346436972366,0.8787811795197517,0.9988269448253235,-0.8959580137712253,instance,informative+rand_extra
0,0.25118553418569745,0.0,0.20618556701030932,0.631578947368421,0.4062709823886631,0.14285714285714285,0.43559699111384753,0.9916597164303587,1.0,0.6673915795494275,0.8869358594201117,0.9908230114834292,0.10059126793461573,instance,informative+rand_extra
0,0.331741655726985,0.0,0.1875,0.5789473684210527,0.6205987481416362,0.0,0.4841718411991077,0.9958298582151793,1.0,0.6676605774700486,0.8726177884018604,0.9955201702928219,0.36516708195964603,instance,informative+rand_extra
0,0.2968151851387497,0.0,0.12195121951219512,0.5789473684210527,0.5036215079459602,0.0,0.4554431687097764,0.9933277731442869,1.0,0.6678983079322545,0.8479002825797702,0.9904277272488944,0.36512099319577385,instance,informative+rand_extra
0,0.20861699161715497,0.0,0.05853658536585371,0.5263157894736842,0.49460246233358107,0.0,0.37767230683117636,0.981651376146789,1.0,0.6675709091058494,0.8143721408544797,0.9651715924727536,1.5699238354741716,instance,informative+rand_extra
0,0.24473185180541623,0.0,0.08333333333333337,0.5789473684210527,0.2775735786751419,0.0,0.4436065596019354,0.9883236030025021,1.0,0.6676015403471879,0.8441442940193172,0.9942124673684926,0.3828863394124488,instance,informative+rand_extra
0,0.16805774466255907,0.0,0.08333333333333337,0.5789473684210527,0.4317738471352506,0.0,0.4462820171236783,0.994161801501251,1.0,0.6690029695544382,0.8834760692237569,0.9909232393196227,0.42081590368709376,instance,informative+rand_extra
0,0.3584262611502518,0.0,0.18181818181818177,0.3157894736842105,0.6754608686243593,0.0,0.44205077123932024,0.9949958298582152,1.0,0.6674629846651402,0.8439672752095543,0.9968035203156079,0.42258029778207845,instance,informative+rand_extra
0,0.44785685180541623,0.6,0.8136363636363636,0.631578947368421,0.9173148583964068,1.0,0.5402015299135611,1.0,1.0,0.6677875215672434,0.8612834505987964,0.9801066541744599,-0.5784919305881965,instance,informative+rand_extra
0,0.3584262611502518,0.2,0.03508771929824561,0.47368421052631576,0.6230370907316337,0.0,0.3812995635090265,0.9966638865721434,1.0,0.6670628381550684,0.8682103829434821,0.9950798227317782,0.10103151429197736,instance,informative+rand_extra
0,0.196712229712393,0.0,0.058394160583941646,0.42105263157894735,0.1921836966985146,0.0,0.3564333114155245,0.9524603836530442,1.0,0.6673794294002167,0.8498487784195213,0.9931017969996888,1.4871685442316558,instance,informative+rand_extra
0,0.24473185180541623,0.0,0.0,0.47368421052631576,0.19964102770551329,0.0,0.4386767990053406,0.9883236030025021,1.0,0.6677826390513926,0.8801245142963453,0.9918025769712929,0.8431594932772553,instance,informative+rand_extra
0,0.23926542120175476,0.2,0.058394160583941646,0.42105263157894735,0.2189640930621941,0.5,0.5110680378079997,1.0,1.0,0.6678645960190843,0.8900557276612023,0.9975342694439937,1.123384155007149,instance,informative+rand_extra
0,0.4516466001333026,0.2,0.08333333333333337,0.5789473684210527,0.3688472853378394,0.0,0.4373727548701519,0.9974979149291076,1.0,0.6674567164695965,0.8993211748175405,0.9966616717022234,0.19269285123879645,instance,informative+rand_extra
0,0.3584262611502518,0.0,0.0,0.3684210526315789,0.2852462532061111,0.0,0.4606701511383504,0.9958298582151793,1.0,0.6674484334436952,0.8760758094840423,0.9970642643679971,1.2799991035462404,instance,informative+rand_extra
0,0.23926542120175476,0.2,0.3846153846153846,0.5263157894736842,0.5083813508211121,0.0,0.4602604439530581,0.9974979149291076,1.0,0.6675368276673547,0.8673099616237382,0.9880912230280787,-0.11203060192618737,instance,informative+rand_extra
0,0.24473185180541623,0.0,0.5569620253164558,0.6842105263157895,0.4256176755921194,0.0,0.45763881694482567,0.9933277731442869,1.0,0.6677842147159915,0.8849272927613354,0.9884644753069731,0.06683112164849153,instance,informative+rand_extra
0,0.23703481035755425,0.0,0.1875,0.5789473684210527,0.8840848094265749,0.0,0.4295230508216006,0.9899916597164303,1.0,0.6673482113320471,0.8519436307099201,0.9820456323728691,-0.5175570380975381,instance,informative+rand_extra
0,0.1684297684720829,0.0,0.2727272727272727,0.47368421052631576,0.25767197320588525,0.0,0.44449024259983383,0.9883236030025021,0.9565217391304348,0.5958529867077379,0.8471468331186898,0.9992176009272087,0.1781598084943423,instance,informative+rand_extra
0,0.1684297684720829,0.2,0.08333333333333337,0.5789473684210527,0.3898648264151642,0.3333333333333333,0.48401347249426374,0.9966638865721434,1.0,0.6685775407131783,0.8871526250351885,0.9973249392909244,-0.23534686761743254,instance,informative+rand_extra
0,0.17749170692671012,0.2,0.41666666666666663,0.47368421052631576,0.23928502426356013,0.0,0.4883790116256108,0.9974979149291076,1.0,0.6678575560703068,0.8670297116572994,0.9776096371395024,1.130426110451956,instance,informative+rand_extra
0,0.22926043086524528,0.0,0.05853658536585371,0.3684210526315789,0.19315818360207787,0.0,0.42722618252980804,0.9866555462885738,0.9565217391304348,0.6097940295655064,0.8282777128557334,0.9991304063279041,1.236698581405998,instance,informative+rand_extra
0,0.331741655726985,0.2,0.3846153846153846,0.5263157894736842,0.3133906713311241,0.5,0.4781488670071664,0.9974979149291076,1.0,0.6678686218344416,0.8686507221031313,0.9801903969717732,0.6804106677710653,instance,informative+rand_extra
0,0.31131171291652737,0.4,0.20618556701030932,0.47368421052631576,0.6147979695583375,0.25,0.4804923194102664,0.9991659716430359,1.0,0.6672312312780951,0.8577691206167839,0.9926432442975966,-0.5320941809029465,instance,informative+rand_extra
0,0.23926542120175476,0.0,0.20618556701030932,0.5263157894736842,0.21947093154092057,0.0,0.37662804599765487,0.9833194328607172,1.0,0.6671991796193819,0.8666672555657264,0.9918851030336859,0.24213270880574758,instance,informative+rand_extra
0,0.22587024466255912,0.0,0.12195121951219512,0.5789473684210527,0.48546106982019743,0.25,0.46071668141448785,0.9949958298582152,1.0,0.6680706169816178,0.8891227228699189,0.9977733675978565,0.478206067093973,instance,informative+rand_extra
0,0.22845826145842474,0.0,0.05853658536585371,0.5263157894736842,0.23399779029765944,0.0,0.38058819351940576,0.994161801501251,1.0,0.6673443860046674,0.8490097610582082,0.9990493868312407,0.9446559959844598,instance,informative+rand_extra
0,0.2968151851387497,0.0,0.0,0.47368421052631576,0.22215598611091514,0.0,0.41309806415519634,0.9791492910758965,1.0,0.6677573844173221,0.8793514738624972,0.9973091280024357,1.2230238893786018,instance,informative+rand_extra
0,0.364523518472083,0.2,0.05853658536585371,0.5263157894736842,0.29068820079312474,0.0,0.49250675423363866,0.9991659716430359,1.0,0.6678463162362468,0.8812788304035449,0.9831414869367944,0.40488643129112256,instance,informative+rand_extra
0,0.15020060180541628,0.0,0.03508771929824561,0.47368421052631576,0.4120566902143556,0.0,0.36418170107044734,0.9883236030025021,1.0,0.6672694972316128,0.8525573792851653,0.9669866754660438,0.802254319680567,instance,informative+rand_extra
0,0.532277956065506,0.8,0.20618556701030932,0.6842105263157895,0.4949196512238987,0.0,0.4814080684808385,0.9991659716430359,1.0,0.6673110314124279,0.8955165332409112,0.9984672514106234,-0.3881748091456389,instance,informative+rand_extra
0,0.17587024466255907,0.0,0.058394160583941646,0.42105263157894735,0.2375009886956751,0.0,0.36889227500520794,0.9849874895746455,1.0,0.6674395637279901,0.8748602636358838,0.973579194462893,0.13858313096814848,instance,informative+rand_extra
0,0.22926043086524528,0.0,0.05853658536585371,0.42105263157894735,0.1953692325451576,0.0,0.4744136104386991,0.9891576313594662,1.0,0.6667586922675783,0.8193509105812251,0.9675929315569781,0.4893739632379114,instance,informative+rand_extra
0,0.3109083223936515,0.0,0.0,0.3684210526315789,0.33443225670355436,0.0,0.3812220036973716,0.9808173477898249,1.0,0.6672472289687866,0.8625251625484968,0.9907807561394865,0.18483078909078038,instance,informative+rand_extra
0,0.3584262611502518,0.2,0.05853658536585371,0.5263157894736842,0.2428739440600951,0.0,0.47135739521410047,0.9991659716430359,1.0,0.6672917552510238,0.8662427094313173,0.9901159264674821,-0.2107885395894257,instance,informative+rand_extra
0,0.2669197999199632,0.2,0.08333333333333337,0.5789473684210527,0.5242889542578532,0.0,0.4522697724425989,0.9966638865721434,1.0,0.6679041772222143,0.8742704559205695,0.9869437488601585,0.35640174256814705,instance,informative+rand_extra
0,0.31509959170440616,0.0,0.08333333333333337,0.5789473684210527,0.6544356426400492,0.3333333333333333,0.4672092979617385,0.9958298582151793,1.0,0.6680359459332906,0.8946108129656389,0.997579341532068,-0.006009137964654604,instance,informative+rand_extra
0,0.4516466001333026,0.2,0.09090909090909094,0.47368421052631576,0.5360628280559394,0.0,0.4821914103011684,0.9991659716430359,1.0,0.6670348728472115,0.8664766182813095,0.9990247284445523,-0.6283503745475834,instance,informative+rand_extra
0,0.3584262611502518,0.0,0.03508771929824561,0.47368421052631576,0.41504300306726216,0.0,0.40805048905085106,0.9866555462885738,1.0,0.6673553531942802,0.8532081738956891,0.9980405358666917,1.024959923576267,instance,informative+rand_extra
0,0.324527956065506,0.2,0.1875,0.5789473684210527,0.8434179396665442,0.0,0.4965802972629153,0.9983319432860718,1.0,0.6673080296652601,0.8541792131710888,0.9829205664869094,-1.1225128347694466,instance,informative+rand_extra
0,0.17587024466255907,0.0,0.0,0.21052631578947367,0.19271949047572906,0.0,0.43144230774117487,0.9833194328607172,0.8695652173913043,0.602157568792686,0.8189604984837895,0.9955842542606803,0.13557814753955924,instance,informative+rand_extra
0,0.17749170692671012,0.0,0.5569620253164558,0.631578947368421,0.24392057197478723,0.0,0.4711691274630174,0.9933277731442869,1.0,0.6677669879412514,0.8981456151459091,0.9936817213251636,1.1677148641681319,instance,informative+rand_extra
0,0.2628041837353815,0.0,0.20618556701030932,0.631578947368421,0.272982819314434,0.0,0.40580640043173266,0.97581317764804,1.0,0.6678251890292162,0.8614772176156973,0.9899773422365593,1.0419634545489689,instance,informative+rand_extra
0,0.16805774466255907,0.0,0.0,0.47368421052631576,0.2475042353321107,0.0,0.4622761195410777,0.9958298582151793,1.0,0.6793133540289007,0.8587679820899671,0.9767671929229826,0.12877367377671906,instance,informative+rand_extra
0,0.46953737226136283,0.0,0.05853658536585371,0.5263157894736842,0.21265681420268662,0.0,0.44662194620540274,0.9866555462885738,1.0,0.6719662562455213,0.8620342581033423,0.9880711481785193,0.7264794992547736,instance,informative+rand_extra
0,0.23055774466255907,0.0,0.0,0.3157894736842105,0.19351563022800972,0.0,0.4038433311938894,0.9924937447873228,1.0,0.6729232682230512,0.8852538062613537,0.985225484343586,1.1069803187294642,instance,informative+rand_extra
0,0.1606172684720829,0.4,0.08333333333333337,0.5789473684210527,0.6613721939917753,0.0,0.4854540407425393,0.9983319432860718,1.0,0.6675755096538326,0.8794816361801084,0.9886060259102055,0.21962726661642704,instance,informative+rand_extra
0,0.3695703793147287,0.0,0.058394160583941646,0.3684210526315789,0.6642842297050215,0.0,0.42620086970564,0.9841534612176814,1.0,0.6675287865003635,0.8507199461538587,0.9906580599315002,-0.5924078587819349,instance,informative+rand_extra
0,0.438527956065506,0.6,0.08333333333333337,0.5789473684210527,0.553390230023823,0.25,0.5421823321968603,1.0,1.0,0.6675886939082717,0.9034049457218035,0.9873548114189186,-0.02594164504576401,instance,informative+rand_extra
0,0.17541068583902963,0.0,0.058394160583941646,0.42105263157894735,0.21770787380603773,0.0,0.4763009905066564,0.994161801501251,1.0,0.6676828718017705,0.880432046864524,0.9927467100609247,0.45447058874821433,instance,informative+rand_extra
0,0.1606172684720829,0.2,0.05853658536585371,0.5263157894736842,0.19451509575791992,0.0,0.4897934461632837,0.9991659716430359,1.0,0.6673814127543133,0.8684221200308133,0.9931401524428424,1.0842032895797018,instance,informative+rand_extra
0,0.1918672684720829,0.2,0.03508771929824561,0.47368421052631576,0.7887001332710964,0.0,0.46267180922667406,0.9983319432860718,1.0,0.6681530539247458,0.8671260393701246,0.9889138183319115,-0.4339518786666051,instance,informative+rand_extra
0,0.2196450462498607,0.2,0.05853658536585371,0.5789473684210527,0.25810860430392324,1.0,0.5093351136053492,1.0,0.9130434782608695,0.6409864772272399,0.8469407425641894,0.9975835374212816,-1.5942980841245493,instance,informative+rand_extra
0,0.6295279560655059,0.8,0.9616252821670429,0.5263157894736842,0.7700914876851848,0.6,0.4880519014755902,0.9991659716430359,1.0,0.6675355721156817,0.9057273596206896,0.9922237864569806,-0.3662721470162422,instance,informative+rand_extra
0,0.4084262611502517,0.0,0.1875,0.5789473684210527,0.5773888869135029,0.0,0.4420382761756284,0.9858215179316097,1.0,0.6673588612999742,0.8573737474635511,0.9833449392192756,-0.06936317338849644,instance,informative+rand_extra
0,0.5316342300731884,0.8,0.0,0.3684210526315789,0.5069602604366095,0.5,0.47616959521450497,0.9991659716430359,1.0,0.6675537569380539,0.8973970405469297,0.994431801373272,-0.4617275208758993,instance,informative+rand_extra
0,0.22926043086524528,0.0,0.05853658536585371,0.5263157894736842,0.20671494702316856,0.0,0.4534211106746946,0.987489574645538,0.9565217391304348,0.6581276712617907,0.8486803927367687,0.9962248896080332,-0.09631931107519769,instance,informative+rand_extra
0,0.2628041837353815,0.0,0.05853658536585371,0.5263157894736842,0.19252824119613,0.0,0.37913978858713204,0.9833194328607172,1.0,0.6675186335023745,0.8795939000492667,0.9922520826920925,0.8659760913717034,instance,informative+rand_extra
0,0.1918672684720829,0.0,0.3846153846153846,0.5789473684210527,0.5041143531527807,0.0,0.3993713526285657,0.9949958298582152,1.0,0.6677489218295078,0.86174393473593,0.9940124593197847,0.23241714456107365,instance,informative+rand_extra
0,0.16805774466255907,0.0,0.018867924528301883,0.2631578947368421,0.25188924585143513,0.0,0.42472242877073496,0.9774812343619683,0.9130434782608695,0.6053595492277294,0.8545534049869774,0.9876314769471973,0.26307598154752176,instance,informative+rand_extra
0,0.31509959170440616,0.0,0.05853658536585371,0.5263157894736842,0.5214273649721892,0.0,0.4324620582386286,0.9899916597164303,1.0,0.6676246948685651,0.8620920189962172,0.998620296545224,-0.4226263997439427,instance,informative+rand_extra
0,0.1684297684720829,0.2,0.11764705882352944,0.2631578947368421,0.6476737492981747,0.0,0.4586330059318653,0.9983319432860718,1.0,0.6678398741308922,0.8780380279682027,0.988104230038064,-0.3435748340502871,instance,informative+rand_extra
0,0.15020060180541628,0.0,0.05853658536585371,0.5263157894736842,0.20965486708665304,0.0,0.34940199492432855,0.9741451209341118,1.0,0.6670832811770409,0.8442207722646572,0.9975271745971768,0.759200247074483,instance,informative+rand_extra
0,0.24473185180541623,0.0,0.018867924528301883,0.2631578947368421,0.20158711185338524,0.0,0.4558833613865122,0.9833194328607172,0.9565217391304348,0.6666666666666666,0.834727139870814,0.9748439752592876,1.482252096370664,instance,informative+rand_extra
0,0.17587024466255907,0.0,0.058394160583941646,0.42105263157894735,0.32436021033422247,0.0,0.42281933934154503,0.9808173477898249,1.0,0.6672286247376155,0.8595970234558054,0.983546848842443,0.3475012625260832,instance,informative+rand_extra
0,0.17587024466255907,0.4,0.058394160583941646,0.42105263157894735,0.30946899262827277,0.5,0.49260123934233735,0.9991659716430359,1.0,0.668394084758644,0.8802818421825674,0.9956870453247545,0.07620781171453979,instance,informative+rand_extra
0,0.2669197999199632,0.0,0.3846153846153846,0.5263157894736842,0.4309735825715246,0.0,0.42038206175127524,0.9916597164303587,1.0,0.6676357744433339,0.8779768137236426,0.989898983500745,-0.1732720696900981,instance,informative+rand_extra
0,0.2855314564626542,0.2,0.20618556701030932,0.5263157894736842,0.4153646359158084,0.0,0.4756184251406468,0.9974979149291076,1.0,0.6673164300053858,0.8916183810596968,0.9836420897038818,-0.27212582357826015,instance,informative+rand_extra
0,0.6257474682606279,0.2,0.20618556701030932,0.5263157894736842,0.29243154138111926,0.0,0.4692857571567982,0.9974979149291076,1.0,0.6714374325779395,0.8642341259759942,0.9986973801701551,-0.5594564834706075,instance,informative+rand_extra
0,0.23926542120175476,0.0,0.05853658536585371,0.5263157894736842,0.19234907048752747,0.0,0.4201825647416446,0.9566305254378649,1.0,0.6675803229757368,0.8582603886664473,0.9819815672202886,2.095409530811095,instance,informative+rand_extra
0,0.380476045316154,0.0,0.18181818181818177,0.3684210526315789,0.21527160000790185,0.0,0.43634927880145336,0.9958298582151793,1.0,0.6676301159953013,0.8419148972279562,0.9711576861203992,0.6848109854851405,instance,informative+rand_extra
0,0.20861699161715497,0.0,0.20618556701030932,0.631578947368421,0.6327688856978188,0.0,0.41784374040602246,0.9916597164303587,1.0,0.6678008968800189,0.8342890927778003,0.9606837643459714,0.5440698955054106,instance,informative+rand_extra
0,0.1606172684720829,0.0,0.3846153846153846,0.5263157894736842,0.6669679040522212,0.0,0.423831784201273,0.9958298582151793,1.0,0.6684744218485542,0.8791161502848289,0.9993281115877631,0.27205773597333377,instance,informative+rand_extra
0,0.5316342300731884,0.0,0.018867924528301883,0.2631578947368421,0.24468356015132164,0.0,0.4525600357377958,0.9958298582151793,1.0,0.667485556479121,0.8826627435002558,0.9823043514715224,0.1609256004943563,instance,informative+rand_extra
0,0.23703481035755425,0.0,0.08333333333333337,0.5789473684210527,0.24447343278655193,0.0,0.4452245327925789,0.9849874895746455,1.0,0.6671606020667006,0.852251071544181,0.9937894001245613,0.07176825877103095,instance,informative+rand_extra
0,0.22845826145842474,0.0,0.05853658536585371,0.5263157894736842,0.20180353434229653,0.0,0.4592345621124092,0.9958298582151793,1.0,0.6671359058591132,0.8499127275268106,0.9978565807192579,0.864192102688466,instance,informative+rand_extra
0,0.38286128939883934,0.0,0.41666666666666663,0.47368421052631576,0.39724714223701596,0.0,0.43670294537799315,0.9841534612176814,1.0,0.6674947641245543,0.8533460866798646,0.9942480653232033,-0.5284528983357142,instance,informative+rand_extra
0,0.3945703793147287,0.0,0.41666666666666663,0.47368421052631576,0.310857944814956,0.0,0.4341324634575333,0.9891576313594662,1.0,0.6676695407616852,0.8669836902054101,0.994767390922805,-0.03560511165012635,instance,informative+rand_extra
0,0.24158715642726492,0.0,0.8136363636363636,0.631578947368421,0.4772798647158747,0.0,0.4687432682141943,0.9883236030025021,0.9565217391304348,0.6666666666666666,0.8741079812688415,0.9952017733307936,-0.5730503372530324,instance,informative+rand_extra
0,0.2628041837353815,0.0,0.05853658536585371,0.5263157894736842,0.20178407417531857,0.0,0.40693258819722156,0.981651376146789,1.0,0.666960346573512,0.8742706454214925,0.9959040844491985,-0.3024372659596112,instance,informative+rand_extra
0,0.16805774466255907,0.0,0.3846153846153846,0.5789473684210527,0.19575377516996834,0.0,0.4112031566303366,0.97581317764804,1.0,0.6713110862657639,0.8490729940242454,0.9880716992473219,1.7095306640494305,instance,informative+rand_extra
0,0.16805774466255907,0.0,0.058394160583941646,0.42105263157894735,0.23210536527981446,0.0,0.4174877377749503,0.9749791492910759,1.0,0.6673602436960324,0.8685040350316579,0.9939870606944498,0.6518440878011492,instance,informative+rand_extra
0,0.31509959170440616,0.0,0.20618556701030932,0.631578947368421,0.33516375224744366,0.25,0.4333941986025741,0.9883236030025021,1.0,0.6677384963577888,0.8927455323987623,0.9894406526676325,0.5061599228555783,instance,informative+rand_extra
0,0.1684297684720829,0.2,0.05853658536585371,0.5263157894736842,0.20742874358349328,0.0,0.4629502476288919,0.9974979149291076,0.9565217391304348,0.6486985369870888,0.8624136152456848,0.9831758868104207,0.13662034153783933,instance,informative+rand_extra
0,0.1684297684720829,0.0,0.11764705882352944,0.2631578947368421,0.19475919673495434,0.0,0.4493127027995262,0.9958298582151793,0.9565217391304348,0.6666666666666666,0.8625841447564444,0.9931108634081649,1.5409954025931232,instance,informative+rand_extra
0,0.16805774466255907,0.0,0.05853658536585371,0.5263157894736842,0.19488157464177364,0.0,0.4628670737255399,0.9949958298582152,1.0,0.6677962634039789,0.8880313436154111,0.9997023228108748,0.27491530638990774,instance,informative+rand_extra
0,0.26964504624986074,0.0,0.05853658536585371,0.5263157894736842,0.2276429851638076,0.0,0.42616469173848437,0.9933277731442869,1.0,0.667721471226735,0.8805177730360174,0.9976037095808595,0.8613210333761392,instance,informative+rand_extra
0,0.1684297684720829,0.0,0.18181818181818177,0.3157894736842105,0.19152673054617525,0.0,0.43856573461528736,0.9849874895746455,1.0,0.6675565093910586,0.8297322324763069,0.9628962397020356,1.2312960198823313,instance,informative+rand_extra
0,0.29018639725996165,0.2,0.058394160583941646,0.3684210526315789,0.27236691326488005,0.0,0.4503456830817578,0.9991659716430359,1.0,0.6697161747321533,0.8395838934849332,0.9776585300037413,0.8383350571984026,instance,informative+rand_extra
0,0.1684297684720829,0.0,0.11764705882352944,0.2631578947368421,0.3869599479552137,0.0,0.45657017516408926,0.994161801501251,1.0,0.6676572011704405,0.8734929721923131,0.9739934524366731,0.6878406364003041,instance,informative+rand_extra
0,0.6295279560655059,0.0,0.09090909090909094,0.47368421052631576,0.8960064456436894,0.0,0.3678159156598305,0.9933277731442869,1.0,0.6676514440987767,0.8665543278791822,0.9769485187104348,-0.03775419483136327,instance,informative+rand_extra
0,0.6295279560655059,0.0,0.05853658536585371,0.5263157894736842,0.32889085305856325,0.0,0.45940458363169334,0.9958298582151793,1.0,0.6675179255278142,0.8762880576094723,0.9940780833561697,0.22203620538082003,instance,informative+rand_extra
0,0.16805774466255907,0.0,0.05853658536585371,0.5263157894736842,0.24241684672113106,0.0,0.40003294387964605,0.97581317764804,1.0,0.6678372333022808,0.8463791378100823,0.9917773612197159,0.20100083485428705,instance,informative+rand_extra
0,0.3695703793147287,0.0,0.018867924528301883,0.2631578947368421,0.19437649082468766,0.0,0.4152970904290513,0.9674728940783986,0.9565217391304348,0.6424459856069142,0.838016046707712,0.992313139322285,0.5813497153260061,instance,informative+rand_extra
0,0.17749170692671012,0.0,0.0,0.3157894736842105,0.20182822555919222,0.0,0.47523130900625987,0.9933277731442869,1.0,0.6680929107584933,0.8787843190296832,0.989790401658499,1.8968621394175211,instance,informative+rand_extra
0,0.4516466001333026,0.2,0.08333333333333337,0.5263157894736842,0.500047304633954,0.0,0.4602601530471976,0.9974979149291076,1.0,0.6673604566058529,0.8549449376942048,0.9985713279201569,-0.1658902573054586,instance,informative+rand_extra
0,0.17587024466255907,0.2,0.018867924528301883,0.2631578947368421,0.3141108104009326,0.0,0.4430040427067914,0.9983319432860718,1.0,0.6673068294121475,0.8877739067124407,0.9927540666279719,0.10926780814947845,instance,informative+rand_extra
0,0.2985184694496672,0.0,0.05853658536585371,0.5263157894736842,0.2565721286488918,0.0,0.4483614498693119,0.9833194328607172,1.0,0.6678280449178291,0.8532605554349041,0.9540865726830325,1.3367218057734547,instance,informative+rand_extra
0,0.6408915924291423,0.2,0.05853658536585371,0.5263157894736842,0.4629646267498615,0.0,0.4507562212619223,0.9983319432860718,1.0,0.668042534438822,0.9006530151016997,0.9907481888924137,-0.36353199592934066,instance,informative+rand_extra
0,0.04166666666666663,0.0,0.05853658536585371,0.5263157894736842,0.4334690827765427,0.0,0.3989320901151715,0.9883236030025021,1.0,0.6788609024381521,0.8474606104057365,0.9847276813424284,-0.023086902856226995,instance,informative+rand_extra
0,0.19930774466255907,0.2,0.0,0.3157894736842105,0.36839943131040176,0.0,0.48276948472726866,0.9974979149291076,1.0,0.6688222403990126,0.8790354788885033,0.9890083712342324,0.7044562555872974,instance,informative+rand_extra
0,0.3109083223936515,0.2,0.18181818181818177,0.3157894736842105,0.19836315736217663,0.5,0.5243363431129783,1.0,0.9565217391304348,0.6415841801993463,0.8699199954998812,0.9895440042122641,0.7776484192875568,instance,informative+rand_extra
0,0.27751006608832274,0.0,0.0,0.47368421052631576,0.3554852719041127,0.0,0.43309440939326127,0.9908256880733946,1.0,0.6675569204346088,0.8949472383828309,0.9999966199239031,0.08275965613612438,instance,informative+rand_extra
0,0.39296903129259575,0.0,0.08333333333333337,0.5789473684210527,0.30366578698945934,0.0,0.45285255114210954,0.994161801501251,1.0,0.6679909761016913,0.8878890827709427,0.9895906810432259,1.1456637725845882,instance,informative+rand_extra
0,0.2968151851387497,0.0,0.2727272727272727,0.47368421052631576,0.2746967112180285,0.0,0.4519080681962291,0.987489574645538,1.0,0.6676067139502078,0.8612803412968715,0.9771519007702903,0.3588228943218113,instance,informative+rand_extra
0,0.2669197999199632,0.2,0.3846153846153846,0.7368421052631579,0.42501433173567094,0.5,0.49103506818300013,0.9966638865721434,1.0,0.6677988251272066,0.8745028775709751,0.9924251927720796,0.8568570164168196,instance,informative+rand_extra
0,0.04166666666666663,0.0,0.3846153846153846,0.5789473684210527,0.6669679116242517,0.0,0.41323959987886705,0.9924937447873228,1.0,0.6696979553336604,0.8247710301139324,0.9991136752096704,0.764875631057912,instance,informative+rand_extra
0,0.30924798083767435,0.4,0.12195121951219512,0.5789473684210527,0.6096607705493394,0.0,0.43229170235069714,0.9974979149291076,1.0,0.6679849779741163,0.8632079933392391,0.987916723261567,0.3572486325233247,instance,informative+rand_extra
0,0.4359083223936515,0.6,0.1875,0.5789473684210527,0.37919492711139385,0.5,0.6039111998462049,1.0,1.0,0.6676949566618242,0.8982788059760969,0.9961459516787974,-0.07472576788970546,instance,informative+rand_extra
0,0.23926542120175476,0.0,0.05853658536585371,0.5789473684210527,0.20995212933529717,0.0,0.43742348817558485,0.987489574645538,1.0,0.6676991903196448,0.8640413353823249,0.9907506497853487,0.8272327435943178,instance,informative+rand_extra
0,0.21915837359337664,0.2,0.20618556701030932,0.631578947368421,0.20321988565575638,0.0,0.46539767878820415,0.9974979149291076,1.0,0.667519872136679,0.8885306560041066,0.9843498294103837,1.2073595365067205,instance,informative+rand_extra
0,0.4742422417797917,0.4,0.09090909090909094,0.47368421052631576,0.7111207985157829,1.0,0.501215435480265,1.0,1.0,0.6675980754098483,0.8689034001201941,0.9961035105701678,-0.3614887361728019,instance,informative+rand_extra
0,0.24473185180541623,0.0,0.1875,0.5789473684210527,0.23665552930626116,0.0,0.4529998700928549,0.987489574645538,1.0,0.6674217186121536,0.8918279866492312,0.9990205072629075,0.5080400021868924,instance,informative+rand_extra
0,0.1684297684720829,0.0,0.3846153846153846,0.5263157894736842,0.19347382468320085,0.0,0.4079085688560654,0.9783152627189324,0.9130434782608695,0.6495320748619543,0.8546514048037597,0.9927558061175309,1.677055984500632,instance,informative+rand_extra
0,0.26964504624986074,0.0,0.05853658536585371,0.5263157894736842,0.22877441089402667,0.0,0.4266509417304153,0.9849874895746455,0.9565217391304348,0.6537617925911929,0.8494109202438443,0.9729168865062571,1.220214322477004,instance,informative+rand_extra
0,0.26964504624986074,0.0,0.05853658536585371,0.5263157894736842,0.3822424017790547,0.0,0.4128474443521768,0.9849874895746455,1.0,0.6672959685921024,0.8617642029123204,0.9962692344219656,0.16899453427240255,instance,informative+rand_extra
0,0.16805774466255907,0.0,0.05853658536585371,0.5263157894736842,0.19446452615400656,0.0,0.38135653358198784,0.9766472060050042,1.0,0.6667859241956334,0.8236625437777746,0.9589435143054978,0.27097293512523574,instance,informative+rand_extra
0,0.2628041837353815,0.0,0.05853658536585371,0.5263157894736842,0.21098661098832883,0.0,0.4298774495909131,0.9849874895746455,1.0,0.6674943729232397,0.8784997019597726,0.9982007935974815,0.5709745946956126,instance,informative+rand_extra
0,0.21915837359337664,0.2,0.05853658536585371,0.5263157894736842,0.20841743140885738,0.0,0.4519616130404177,0.9991659716430359,1.0,0.6679013361451868,0.8777851407044964,0.9894461081721052,0.8030399670573977,instance,informative+rand_extra
0,0.21915837359337664,0.0,0.05853658536585371,0.5263157894736842,0.19231125161138696,0.0,0.39665129325002624,0.9808173477898249,0.9565217391304348,0.6631640737368029,0.8541473445055389,0.9985545249590252,1.0519998075643824,instance,informative+rand_extra
0,0.4328612893988393,0.0,0.20618556701030932,0.631578947368421,0.4864769579480923,0.0,0.43030405578222564,0.9908256880733946,1.0,0.6677277842241226,0.8769100750308042,0.9998625000248833,0.4721022398442224,instance,informative+rand_extra
0,0.23926542120175476,0.4,0.018867924528301883,0.2631578947368421,0.2224021978981527,0.0,0.447385413452814,0.9983319432860718,1.0,0.6678951240870464,0.8656515615399859,0.9779170335642786,0.2943819050426448,instance,informative+rand_extra
0,0.3648035363932298,0.2,0.058394160583941646,0.42105263157894735,0.19946732342284312,0.0,0.45034126826188137,0.9974979149291076,1.0,0.6683347191539067,0.8742705312099518,0.9933057901125611,1.0129563688872123,instance,informative+rand_extra
0,0.3584262611502518,0.0,0.05853658536585371,0.5263157894736842,0.19894365336847508,0.0,0.42402138638305376,0.987489574645538,1.0,0.6685165354673357,0.8624627736539574,0.9955539506164536,1.4645364634068003,instance,informative+rand_extra
0,0.16805774466255907,0.0,0.0,0.21052631578947367,0.19396101139493194,0.0,0.4297814225699502,0.9891576313594662,0.9565217391304348,0.6498898272990679,0.8216120099962726,0.9847929509283299,0.23300208932262206,instance,informative+rand_extra
0,0.44785685180541623,0.2,0.08333333333333337,0.5789473684210527,0.8405983500047263,0.0,0.4903084932295755,0.9991659716430359,1.0,0.6680238794679787,0.8802634362994897,0.992603908527831,-0.35993690663622213,instance,informative+rand_extra
0,0.4885279560655059,0.0,0.8136363636363636,0.8947368421052632,0.47894665953803583,0.0,0.4429436666302279,0.9949958298582152,1.0,0.6677347002582045,0.8936926488756146,0.9962893153512563,-0.02051878597329302,instance,informative+rand_extra
0,0.3968151851387496,0.2,0.03508771929824561,0.47368421052631576,0.7989382133260393,0.0,0.4817254463183952,0.9966638865721434,1.0,0.667419550863791,0.8729623469675158,0.9892503876400099,-0.7097936612500533,instance,informative+rand_extra
0,0.24473185180541623,0.0,0.12195121951219512,0.5263157894736842,0.2879024753038687,0.0,0.4571502496880099,0.9933277731442869,1.0,0.6684454045334436,0.8653045473311651,0.9983567937921031,0.34100923692354373,instance,informative+rand_extra
0,0.19930774466255907,0.2,0.09090909090909094,0.47368421052631576,0.2505233616302774,0.0,0.47928339762097294,0.9983319432860718,1.0,0.6677916081107335,0.8632799088975306,0.9860237191691963,0.03451666254350671,instance,informative+rand_extra
0,0.20861699161715497,0.0,0.20618556701030932,0.631578947368421,0.913806699351605,0.0,0.3520531180622699,0.9799833194328608,0.9565217391304348,0.6666666666666666,0.8217948584967708,0.9927605707786122,0.95081759394699,instance,informative+rand_extra
0,0.3584262611502518,0.0,0.03508771929824561,0.47368421052631576,0.5245569966635795,0.0,0.4233539714145046,0.9949958298582152,1.0,0.6672652570995689,0.8926601055200357,0.9965493473700591,0.13326344930742684,instance,informative+rand_extra
0,0.5316342300731884,0.2,0.058394160583941646,0.42105263157894735,0.36713259663820264,0.0,0.42917410058416106,0.9983319432860718,1.0,0.6672721327438115,0.8553385209876672,0.9845949073994429,0.03913360343098293,instance,informative+rand_extra
0,0.29464504624986065,0.0,0.03508771929824561,0.47368421052631576,0.34999958572706413,0.0,0.41640115124467403,0.9899916597164303,1.0,0.6676117974308678,0.8608370682139268,0.9957870687978824,1.1920170983396265,instance,informative+rand_extra
0,0.1918672684720829,0.0,0.9616252821670429,0.5789473684210527,0.9033984730621688,0.0,0.45370739621342393,0.9958298582151793,1.0,0.6676946619717746,0.8634485026216057,0.9901006200367067,-0.7689819605687948,instance,informative+rand_extra
0,0.20861699161715497,0.4,0.9467213114754098,0.42105263157894735,0.6073775042258508,0.5,0.5149631638848629,1.0,1.0,0.6679205683094092,0.8893109924187763,0.9805930758725862,-0.5820794272582078,instance,informative+rand_extra
0,0.22845826145842474,0.0,0.05853658536585371,0.3684210526315789,0.371326669262122,0.0,0.3763270966878578,0.9833194328607172,1.0,0.6673121459868232,0.8402674344508725,0.9911613552507474,0.7077070855084154,instance,informative+rand_extra
0,0.17587024466255907,0.0,0.058394160583941646,0.42105263157894735,0.19330875351057009,0.0,0.46164148820120576,0.9958298582151793,1.0,0.6673662534071496,0.8643594236277761,0.9980619284657586,0.8985366812940173,instance,informative+rand_extra
0,0.19930774466255907,0.0,0.058394160583941646,0.42105263157894735,0.22398666371739984,0.0,0.46823578596588944,0.9883236030025021,1.0,0.668185251419936,0.8585103040534312,0.9808989300903295,1.6403256762218146,instance,informative+rand_extra
0,0.1606172684720829,0.0,0.05853658536585371,0.5263157894736842,0.20865040827563996,0.0,0.38472658725148334,0.9608006672226855,1.0,0.6674068335612442,0.822366128762303,0.9596047375318936,1.38415342301685,instance,informative+rand_extra
0,0.20861699161715497,0.0,0.058394160583941646,0.42105263157894735,0.3590206820086339,0.0,0.41229755407296464,0.9724770642201834,1.0,0.6675982747398019,0.8663267984085844,0.9938098651487185,0.9009652274786645,instance,informative+rand_extra
0,0.4516466001333026,0.0,0.08333333333333337,0.5789473684210527,0.2956604358676088,0.0,0.39382039037250494,0.9949958298582152,1.0,0.6672464963419051,0.8889798140491026,0.9984434173237574,-0.677864622611723,instance,informative+rand_extra
0,0.20861699161715497,0.0,0.058394160583941646,0.42105263157894735,0.2255102983797751,0.0,0.37103745135511923,0.9749791492910759,0.9565217391304348,0.6258515639576825,0.8431554893826236,0.9928058338702779,1.5641934928249641,instance,informative+rand_extra
0,0.24473185180541623,0.2,0.1875,0.47368421052631576,0.3808463493259978,0.0,0.4570878407693272,0.9966638865721434,1.0,0.6674982913136172,0.8454561128927517,0.997339336716466,-0.10104741822034131,instance,informative+rand_extra
0,0.3584262611502518,0.2,0.05853658536585371,0.3684210526315789,0.3130049145982999,0.0,0.49511980494126373,0.9991659716430359,1.0,0.667159673887608,0.8455358762186617,0.9857957811134267,0.13106528967598016,instance,informative+rand_extra
0,0.1684297684720829,0.0,0.05853658536585371,0.5263157894736842,0.33691607074074226,0.0,0.44832036815236354,0.9933277731442869,1.0,0.6674676768052508,0.8862273823733205,0.9913843141327021,0.23928575146367353,instance,informative+rand_extra
0,0.4785458132083631,0.2,0.8136363636363636,0.6842105263157895,0.6753845642168282,0.0,0.4813464250119003,0.9983319432860718,1.0,0.6674170275831308,0.891756547172567,0.9896043072199411,-0.6125518879095413,instance,informative+rand_extra
0,0.16805774466255907,0.0,0.05853658536585371,0.5263157894736842,0.20209181576976698,0.0,0.42249222587754975,0.9791492910758965,0.9565217391304348,0.592328134266165,0.8553422427418959,0.9925213113293322,1.2373800914084505,instance,informative+rand_extra
0,0.3945703793147287,0.0,0.058394160583941646,0.42105263157894735,0.24509925690257572,0.0,0.4366524452451652,0.9791492910758965,1.0,0.6677651463652596,0.8464228242213889,0.9920255115339505,0.407099482554268,instance,informative+rand_extra
0,0.6257474682606279,0.4,0.0,0.47368421052631576,0.5455466931297662,1.0,0.5036469181167715,1.0,1.0,0.6683112541758206,0.8675898050240455,0.9724674036629525,-1.033459859600614,instance,informative+rand_extra
0,0.196712229712393,0.0,0.058394160583941646,0.42105263157894735,0.3242352990477128,0.0,0.4539470255569894,0.9899916597164303,1.0,0.6670632355423849,0.8268005275671318,0.9961860766789478,0.8417442722009063,instance,informative+rand_extra
0,0.23502203037684488,0.0,0.058394160583941646,0.42105263157894735,0.197062412222145,0.0,0.4026985440783799,0.9916597164303587,1.0,0.668625292577977,0.8555913354754948,0.9997472194377409,1.0524222430736794,instance,informative+rand_extra
0,0.16805774466255907,0.0,0.058394160583941646,0.42105263157894735,0.19504753307305595,0.0,0.41216561157511444,0.9749791492910759,1.0,0.6715584086033997,0.8593978486590218,0.9935444613420548,1.0418478828978488,instance,informative+rand_extra
0,0.15020060180541628,0.0,0.5569620253164558,0.631578947368421,0.5072054987808122,0.0,0.4509445141709748,0.9908256880733946,0.9565217391304348,0.6528779091133372,0.8546551724838685,0.9922395686392481,0.8459640523523103,instance,informative+rand_extra
0,0.4742422417797917,0.6,0.0,0.42105263157894735,0.5587127016311236,0.3333333333333333,0.4815581291015073,0.9991659716430359,1.0,0.6681008858834696,0.8874889818257027,0.9947476798923849,-0.22841662081957367,instance,informative+rand_extra
0,0.1918672684720829,0.2,0.08333333333333337,0.5789473684210527,0.3025048009757878,0.0,0.45587560095529833,0.9966638865721434,1.0,0.6683376034146756,0.9006312760297975,0.9987851146535915,0.5935423989910956,instance,informative+rand_extra
0,0.23703481035755425,0.0,0.1875,0.5789473684210527,0.6263460518571778,0.0,0.4686918264980833,0.9958298582151793,1.0,0.6672303514506889,0.8652403965401058,0.9916646193436768,-0.3451182431909792,instance,informative+rand_extra
0,0.17541068583902963,0.0,0.20618556701030932,0.631578947368421,0.20477909434543967,0.0,0.43446919390812,0.9924937447873228,1.0,0.6672609967198946,0.8676041054946882,0.9984060355686434,0.21215964458167474,instance,informative+rand_extra
0,0.2968151851387497,0.0,0.08333333333333337,0.5789473684210527,0.2290874737052504,0.0,0.4451545847654992,0.9933277731442869,1.0,0.6672680209830517,0.8739309615559571,0.9992696611359975,0.5413930958197715,instance,informative+rand_extra
0,0.5889082404016963,0.4,0.7857142857142857,0.3157894736842105,0.41661914138078804,0.0,0.4686214837912379,0.9983319432860718,1.0,0.667831197121024,0.8773696401362102,0.9865642759530441,1.2899622649583353,instance,informative+rand_extra
0,0.4885279560655059,0.2,0.5569620253164558,0.7368421052631579,0.30000991922770004,0.0,0.4821809310448071,0.9983319432860718,1.0,0.6676544636051605,0.8910302709894928,0.9901673210846672,0.09048878648836771,instance,informative+rand_extra
0,0.1918672684720829,0.0,0.08333333333333337,0.5789473684210527,0.49641725949690296,0.0,0.4177611526629892,0.9783152627189324,1.0,0.6677218486213087,0.8472499851144215,0.9874523267610287,1.1001272871518881,instance,informative+rand_extra
0,0.364523518472083,0.2,0.08333333333333337,0.5789473684210527,0.31327790770557684,0.0,0.47468396258957535,0.9983319432860718,1.0,0.6688216320790821,0.8712367327690289,0.9947031757179755,0.5876279235324849,instance,informative+rand_extra
0,0.324527956065506,0.0,0.09090909090909094,0.47368421052631576,0.35713488041095254,0.0,0.45248134927733663,0.9899916597164303,1.0,0.6678265023457437,0.8721007450938075,0.9809071418148995,-0.804919480111767,instance,informative+rand_extra
0,0.27751006608832274,0.4,0.05853658536585371,0.5263157894736842,0.20038770533693695,0.0,0.491281911838895,0.9991659716430359,1.0,0.6675612017431314,0.8967981638109398,0.9910436013964377,0.9225892317112994,instance,informative+rand_extra
0,0.4298548325788232,0.2,0.03508771929824561,0.47368421052631576,0.780840303721476,0.3333333333333333,0.4615304800505814,0.9983319432860718,1.0,0.6672693819347082,0.8909293229742106,0.9971724935588522,-0.676915526790973,instance,informative+rand_extra
0,0.31509959170440616,0.0,0.20618556701030932,0.6842105263157895,0.5125331633292957,0.0,0.4212125186248309,0.9916597164303587,1.0,0.6673534265177437,0.8903351166188879,0.993690151089838,-0.2950806555998223,instance,informative+rand_extra
0,0.17541068583902963,0.0,0.018867924528301883,0.3157894736842105,0.19583610324609924,0.0,0.40895789664188953,0.9699749791492911,1.0,0.6671077642478914,0.8440631572188348,0.9747678338628135,0.0022550234082372366,instance,informative+rand_extra
0,0.3945703793147287,0.2,0.058394160583941646,0.42105263157894735,0.25751487875440454,0.0,0.4606793279105873,0.9966638865721434,1.0,0.667658447487473,0.8626482852207975,0.968559186359113,-0.2324072808441151,instance,informative+rand_extra
0,0.16805774466255907,0.0,0.20618556701030932,0.631578947368421,0.22612806463050594,0.0,0.4073682917450423,0.9799833194328608,1.0,0.6682017544749377,0.8492812208301899,0.9881474225811321,0.7997989932863186,instance,informative+rand_extra
0,0.3280651851387497,0.2,0.3846153846153846,0.5789473684210527,0.50893472904273,0.2,0.5416974919290756,1.0,1.0,0.6673984917727552,0.8961235512554702,0.9895114741156207,-0.33946423128425324,instance,informative+rand_extra
0,0.196712229712393,0.2,0.058394160583941646,0.42105263157894735,0.1935523208761381,0.0,0.490733263232069,0.9974979149291076,1.0,0.6668685316815504,0.84146238227879,0.9706228665508474,0.5960461539000181,instance,informative+rand_extra
0,0.5430949470435115,0.2,0.3846153846153846,0.5789473684210527,0.23159124659490693,0.0,0.43743384756345904,0.9974979149291076,0.9565217391304348,0.6639227615099634,0.8501730571052094,0.9980738588231675,1.3392026139832836,instance,informative+rand_extra
0,0.17749170692671012,0.0,0.20618556701030932,0.631578947368421,0.21001526933513787,0.0,0.4086584665353047,0.987489574645538,1.0,0.6679372141105427,0.8689201108336582,0.9998091558645933,1.4679265894137892,instance,informative+rand_extra
0,0.3168672684720829,0.2,0.8709677419354839,0.47368421052631576,0.6669679116242517,0.0,0.49390600583338806,0.9983319432860718,0.9130434782608695,0.6666666666666666,0.8356414416462058,0.9984389559131783,-0.01678047933976004,instance,informative+rand_extra
0,0.22587024466255912,0.0,0.018867924528301883,0.2631578947368421,0.33423676194233454,0.0,0.46907294371384145,0.9933277731442869,1.0,0.6677721254196575,0.870657812888654,0.9853242646487647,0.30612552465689086,instance,informative+rand_extra
0,0.29464504624986065,0.4,0.05853658536585371,0.5263157894736842,0.5852368350740673,0.0,0.4968012849149226,0.9991659716430359,1.0,0.6674493709328674,0.8607334696778793,0.9874799358243592,0.04090160499096738,instance,informative+rand_extra
0,0.5878612893988393,0.2,0.058394160583941646,0.42105263157894735,0.25170247776492793,0.0,0.4122602015364675,0.9966638865721434,1.0,0.6678546364700615,0.8708692604295061,0.9793504532313654,1.3027294739310598,instance,informative+rand_extra
0,0.1684297684720829,0.4,0.3846153846153846,0.5789473684210527,0.2622743620219109,0.3333333333333333,0.45840221915344914,0.9983319432860718,1.0,0.6674834159825437,0.8750823474365944,0.9979878086571062,0.5652982835128314,instance,informative+rand_extra
0,0.2985184694496672,0.0,0.3846153846153846,0.5263157894736842,0.22953950037558007,0.0,0.44739876180944305,0.9908256880733946,1.0,0.6681697903517262,0.8740183890631611,0.9881095226581529,1.4055479416761711,instance,informative+rand_extra
0,0.438527956065506,0.0,0.0,0.42105263157894735,0.8172937588988803,0.0,0.41628176702562625,0.9891576313594662,1.0,0.6674299397796684,0.8799760898092276,0.98046748750073,-1.268951325314501,instance,informative+rand_extra
0,0.19930774466255907,0.2,0.5833333333333333,0.47368421052631576,0.22677573751263946,0.0,0.49008989058953745,0.9966638865721434,1.0,0.6681388865596815,0.9012961878047179,0.9960712570213401,0.7655593758245767,instance,informative+rand_extra
0,0.2669197999199632,0.2,0.08333333333333337,0.5789473684210527,0.4466857070287721,0.125,0.4840215095888091,0.9974979149291076,1.0,0.6677103097953658,0.8813585934832556,0.9840155197501924,0.8522775993061268,instance,informative+rand_extra
0,0.715119621738971,0.6,0.9616252821670429,0.3684210526315789,0.8976617082167738,0.0,0.49705721273953307,0.9991659716430359,1.0,0.667843607321372,0.8637014543240845,0.9972191991709443,-1.6365063888341052,instance,informative+rand_extra
0,0.4516466001333026,0.4,0.8136363636363636,0.631578947368421,0.7706634893641668,0.6666666666666666,0.5012634599821955,1.0,1.0,0.6682421404945655,0.8977809179898957,0.9961732423483075,-0.8454792240596709,instance,informative+rand_extra
0,0.331741655726985,0.0,0.1875,0.5789473684210527,0.610920996601648,0.0,0.44810140941071863,0.9899916597164303,1.0,0.6673369894642787,0.8641077663355957,0.9871705924716092,-0.4280084231720687,instance,informative+rand_extra
0,0.6295279560655059,0.2,0.5569620253164558,0.631578947368421,0.7226777865043994,0.0,0.48908999317166313,0.9991659716430359,1.0,0.6674582000284709,0.9055847256579566,0.9957935546836112,-0.5508296975869927,instance,informative+rand_extra
0,0.4084262611502517,0.0,0.3846153846153846,0.631578947368421,0.3121718166451001,0.0,0.48264036330644144,0.9933277731442869,1.0,0.6674935181234996,0.8725037158163405,0.9925364100017207,-0.01563905694117541,instance,informative+rand_extra
0,0.1996797684720829,0.2,0.05853658536585371,0.5263157894736842,0.22281080255401908,0.0,0.48187712387429316,0.9966638865721434,1.0,0.6675898713571762,0.8651126596978729,0.9858881040364648,0.9078649619613238,instance,informative+rand_extra
0,0.31509959170440616,0.0,0.20618556701030932,0.631578947368421,0.24102444443243803,0.0,0.42744012006318244,0.9883236030025021,1.0,0.6677406013586559,0.8919742954496807,0.9911547814951815,0.831608541063722,instance,informative+rand_extra
0,0.23055774466255907,0.0,0.058394160583941646,0.42105263157894735,0.19265203764849154,0.0,0.4519415413044735,0.981651376146789,0.9565217391304348,0.6665090791549108,0.8748781366031098,0.994717877806742,0.4123615544637823,instance,informative+rand_extra
0,0.2628041837353815,0.0,0.05853658536585371,0.5263157894736842,0.1925512051829017,0.0,0.4261449253873908,0.97581317764804,1.0,0.6677754026943946,0.8606036268143507,0.9947111438994959,2.0804168647376864,instance,informative+rand_extra
0,0.22845826145842474,0.0,0.20618556701030932,0.631578947368421,0.19202827481251916,0.0,0.39257262922756886,0.9774812343619683,0.9565217391304348,0.6539275286277093,0.846679646834778,0.9819998292056084,1.9429465853305314,instance,informative+rand_extra
0,0.4407251391640975,0.0,0.12195121951219512,0.5789473684210527,0.3593395295615549,0.0,0.46451540510813305,0.9958298582151793,1.0,0.6680626256140363,0.8580940463083185,0.9637118353916369,-0.17754597012531467,instance,informative+rand_extra
0,0.2968151851387497,0.0,0.3846153846153846,0.5789473684210527,0.19305937038968712,0.0,0.40161750918633843,0.9749791492910759,1.0,0.6671811787899445,0.8477417791175266,0.9783820449850245,1.2706621583026267,instance,informative+rand_extra
0,0.17587024466255907,0.0,0.12195121951219512,0.5789473684210527,0.5346949975502485,0.0,0.4637529164353986,0.9916597164303587,1.0,0.6680924353884724,0.8548152369430488,0.9995053252668659,-0.7972672825294155,instance,informative+rand_extra
0,0.5945527612738548,0.6,0.5833333333333333,0.5789473684210527,0.9104419076790806,1.0,0.5106562339493783,1.0,1.0,0.6680034438200535,0.8626955412551389,0.9928845228828184,-1.3165394182186625,instance,informative+rand_extra
0,0.1606172684720829,0.0,0.05853658536585371,0.5263157894736842,0.6669670707011508,0.0,0.38765751499254664,0.9866555462885738,1.0,0.6677572383887649,0.847710578124777,0.9705864600198911,0.11328927637333853,instance,informative+rand_extra
0,0.38286128939883934,0.0,0.8695652173913043,0.42105263157894735,0.7703584454375374,0.0,0.43423943107939367,0.9958298582151793,1.0,0.6677337623561966,0.8485184231643089,0.9940598808597265,0.004030715907399028,instance,informative+rand_extra
0,0.5945527612738548,0.2,0.9467213114754098,0.47368421052631576,0.917237389389552,0.0,0.44841803753808973,0.9966638865721434,1.0,0.6676453693808214,0.8582478901417732,0.9791444760446913,-1.8202079599148044,instance,informative+rand_extra
0,0.27497970691604046,0.2,0.20618556701030932,0.5263157894736842,0.3530779171767279,0.0,0.4223111578185321,0.9966638865721434,1.0,0.6674604096922702,0.876721654440248,0.9994565089906955,0.6649841304868092,instance,informative+rand_extra
0,0.16805774466255907,0.2,0.08333333333333337,0.5789473684210527,0.2671404697240004,0.0,0.4929359931300801,0.9974979149291076,1.0,0.669234179972243,0.8747897455220365,0.9896815783385707,1.2671082547994834,instance,informative+rand_extra
0,0.25118553418569745,0.2,0.20618556701030932,0.5263157894736842,0.23731496047665124,0.0,0.46917316085713523,0.9966638865721434,1.0,0.6673578232490283,0.8862645320181464,0.9942156761618596,0.9686567819390263,instance,informative+rand_extra
0,0.23926542120175476,0.2,0.05853658536585371,0.5263157894736842,0.29197002670212313,0.0,0.4742844334348999,0.9974979149291076,1.0,0.6674785948511046,0.8379657001482658,0.9858590420649543,1.0799524320436058,instance,informative+rand_extra
0,0.25504556304572634,0.2,0.08333333333333337,0.5789473684210527,0.19330349240488892,0.0,0.4850135143805855,0.9966638865721434,1.0,0.6676739159605233,0.8699630597716671,0.9972533029283711,0.7697813778343853,instance,informative+rand_extra
0,0.3695703793147287,0.0,0.058394160583941646,0.42105263157894735,0.24029202851279846,0.0,0.3773564436738108,0.9741451209341118,1.0,0.6677023665505707,0.8852795642005482,0.998742815374437,0.32242196805799983,instance,informative+rand_extra
0,0.3648035363932298,0.4,0.058394160583941646,0.3684210526315789,0.5579713270859421,0.5,0.4932854392201661,0.9991659716430359,1.0,0.668516411856125,0.8689162660119127,0.9984394300443649,0.04542169758313312,instance,informative+rand_extra
0,0.38286128939883934,0.0,0.20618556701030932,0.631578947368421,0.4068815618781597,0.0,0.44450613928537663,0.9824854045037531,0.9565217391304348,0.6666666666666666,0.8532475268083995,0.9990462032146422,0.46753388637909965,instance,informative+rand_extra
0,0.31131171291652737,0.2,0.20618556701030932,0.47368421052631576,0.5666246761100978,0.0,0.46293508876069955,0.9974979149291076,1.0,0.667492929988468,0.8602752829337292,0.9950842048752918,0.5256627866695415,instance,informative+rand_extra
0,0.17749170692671012,0.0,0.05853658536585371,0.5263157894736842,0.19331475278748778,0.0,0.47593374465549354,0.9916597164303587,1.0,0.668498926845686,0.8492341031447339,0.9604924593865438,1.2674792459986288,instance,informative+rand_extra
0,0.5945527612738548,0.6,0.12195121951219512,0.5789473684210527,0.924698589864217,1.0,0.5057511573258162,1.0,1.0,0.6680362993196305,0.8595268027563161,0.9990836079413691,-1.1306585556319408,instance,informative+rand_extra
0,0.5518362502752087,0.6,0.8136363636363636,0.6842105263157895,0.4901374948146228,0.5714285714285714,0.49853759613689386,0.9991659716430359,1.0,0.6677016371844434,0.9066757371181857,0.9861935808729281,0.22787132184433556,instance,informative+rand_extra
0,0.17541068583902963,0.0,0.5833333333333333,0.5789473684210527,0.20461704204580633,0.0,0.4387068118134305,0.9908256880733946,1.0,0.6678675333114458,0.865933660196854,0.9958081903897923,1.0004790703068716,instance,informative+rand_extra
0,0.4328612893988393,0.0,0.03508771929824561,0.47368421052631576,0.5577446299922135,0.0,0.44606169611214463,0.9908256880733946,1.0,0.6674104763897847,0.8957292220414882,0.9962876298717754,-0.06527797433191565,instance,informative+rand_extra
0,0.438527956065506,0.2,0.8068181818181819,0.5789473684210527,0.295786245295078,0.0,0.49613962333546413,0.9974979149291076,1.0,0.6676545970093097,0.8900915331828227,0.9960158446512308,0.58269970955077,instance,informative+rand_extra
0,0.3695703793147287,0.0,0.018867924528301883,0.3157894736842105,0.22925444995823285,0.0,0.44838045544502136,0.9883236030025021,1.0,0.6676667146499455,0.8946422809262691,0.9898130934277962,-0.20927396853631788,instance,informative+rand_extra
0,0.24473185180541623,0.0,0.1875,0.5263157894736842,0.2242431469683242,0.0,0.43235288408165673,0.9774812343619683,1.0,0.6673534164180286,0.8327934827070839,0.9750883313010962,1.4433494573176082,instance,informative+rand_extra
0,0.1684297684720829,0.0,0.08333333333333337,0.5789473684210527,0.4639637792095225,0.0,0.47551518762823597,0.994161801501251,1.0,0.6674802519305649,0.8633878188111705,0.9984044151638332,-0.19565962121292202,instance,informative+rand_extra
0,0.331741655726985,0.2,0.18181818181818177,0.3157894736842105,0.1956171755548658,0.0,0.4550655972863822,0.9974979149291076,1.0,0.6681166481473895,0.8694521317552721,0.9858901487813391,0.9924894986303945,instance,informative+rand_extra
0,0.35921222971239297,0.0,0.058394160583941646,0.42105263157894735,0.19631560852439345,0.0,0.4214805979722229,0.9949958298582152,1.0,0.6676247455883737,0.834832950995813,0.9896187596162992,1.1484030426500735,instance,informative+rand_extra
0,0.4516466001333026,0.0,0.08333333333333337,0.5789473684210527,0.4637751715575291,0.0,0.4685773108364427,0.9908256880733946,1.0,0.6674508019837216,0.8786383363114815,0.9939729570395838,0.6909026918283271,instance,informative+rand_extra
0,0.27497970691604046,0.0,0.3846153846153846,0.47368421052631576,0.30478143934282687,0.25,0.46425747748924184,0.9958298582151793,1.0,0.66758406026922,0.8812084627008325,0.9893534036808146,0.7722883002414309,instance,informative+rand_extra
0,0.5645235184720829,0.4,0.7857142857142857,0.5263157894736842,0.43422208700803866,0.5,0.49104399750332095,0.9991659716430359,1.0,0.6674971877987199,0.9045949385784283,0.9969017193877311,-0.05146197081138584,instance,informative+rand_extra
0,0.19930774466255907,0.0,0.8136363636363636,0.8421052631578947,0.780949445723082,0.0,0.45968713801284666,0.994161801501251,1.0,0.6680485017894395,0.8725032460126514,0.9998146233054445,-0.7623474406117332,instance,informative+rand_extra
0,0.17749170692671012,0.0,0.058394160583941646,0.42105263157894735,0.19467978607080427,0.0,0.43834201421772157,0.9866555462885738,1.0,0.6675107134572729,0.8688364780328566,0.9876370607391887,1.5239245723853103,instance,informative+rand_extra
0,0.35345826145842474,0.0,0.3846153846153846,0.47368421052631576,0.2581485386042287,0.0,0.4325070491950066,0.9924937447873228,1.0,0.6671666911925029,0.8608947856604461,0.9548337109777605,0.6171935971702066,instance,informative+rand_extra
0,0.3695703793147287,0.0,0.0,0.42105263157894735,0.44528804690133095,0.0,0.42276711332744166,0.9908256880733946,1.0,0.6672566030603884,0.8642002318770612,0.9966544272955189,-1.1196115137846625,instance,informative+rand_extra
0,0.2041440541863686,0.0,0.05853658536585371,0.5263157894736842,0.2643112453918782,0.0,0.45004535933003853,0.9916597164303587,1.0,0.6679409682520024,0.852055296454118,0.9915084496329466,0.8110799944915246,instance,informative+rand_extra
0,0.24158715642726492,0.0,0.11764705882352944,0.2631578947368421,0.43934114637888566,0.0,0.43786728436401445,0.9899916597164303,1.0,0.668158956578127,0.8419753902339481,0.9992245797679401,-0.7523329968524443,instance,informative+rand_extra
0,0.22845826145842474,0.0,0.05853658536585371,0.5263157894736842,0.21488430113339824,0.0,0.4289858821520094,0.9791492910758965,1.0,0.6675511420309244,0.8701143412874093,0.9958799380530943,0.6808356537934838,instance,informative+rand_extra
0,0.2628041837353815,0.0,0.058394160583941646,0.42105263157894735,0.392794406177913,0.0,0.4472811987685602,0.9949958298582152,1.0,0.6678946166323805,0.8690184822654226,0.998494982739795,0.6423253497438169,instance,informative+rand_extra
0,0.2669197999199632,0.0,0.0,0.3157894736842105,0.550498459386458,0.0,0.47254034598205097,0.9949958298582152,1.0,0.667955223284382,0.8688234508223043,0.983731441538138,0.6315553537421049,instance,informative+rand_extra
0,0.4801946227321726,0.2,0.05853658536585371,0.5263157894736842,0.270211062072652,0.4,0.4812399378345136,0.9983319432860718,1.0,0.6677775566473668,0.9014763864143963,0.99573851332764,0.5244854601509675,instance,informative+rand_extra
0,0.4298548325788232,0.2,0.03508771929824561,0.5263157894736842,0.6600524548866057,0.0,0.4607191598594339,0.9983319432860718,1.0,0.667416181018788,0.8778304825509069,0.9876971952948785,0.25732830391202993,instance,informative+rand_extra
0,0.5316342300731884,0.2,0.5569620253164558,0.631578947368421,0.5505033078228554,0.0,0.4583150432051606,0.9966638865721434,1.0,0.6676656451648834,0.9122350895330852,0.9990054761301665,-0.5552316084832752,instance,informative+rand_extra
0,0.23703481035755425,0.2,0.1875,0.5789473684210527,0.3246057802670241,0.0,0.3838133770299599,0.9966638865721434,1.0,0.6674408404672438,0.9014065841087522,0.9971266530395491,0.31398691847565674,instance,informative+rand_extra
0,0.17749170692671012,0.0,0.20618556701030932,0.631578947368421,0.20583797077815713,0.0,0.4628770903532916,0.994161801501251,1.0,0.6677264295862329,0.8576810044079783,0.9996165872683092,2.1224004052516197,instance,informative+rand_extra
0,0.19930774466255907,0.0,0.0,0.3157894736842105,0.22828964016248932,0.0,0.4108215145528633,0.9808173477898249,1.0,0.6699431161724312,0.8652637679808087,0.9751852671552342,0.3217309212526191,instance,informative+rand_extra
0,0.22926043086524528,0.0,0.08333333333333337,0.47368421052631576,0.42555343395340495,0.0,0.4586336638337305,0.9949958298582152,1.0,0.668922196063642,0.8787921077808664,0.9941207505115043,0.6155364406368504,instance,informative+rand_extra
0,0.1684297684720829,0.6,0.2727272727272727,0.47368421052631576,0.41967091057821804,0.0,0.4753293817394988,0.9983319432860718,1.0,0.6675874606919937,0.8764990183269447,0.9890902597936357,0.6006211984423868,instance,informative+rand_extra
0,0.2855314564626542,0.0,0.20618556701030932,0.5263157894736842,0.21699372898296537,0.0,0.44678489910509733,0.9916597164303587,1.0,0.6674504326897025,0.8665302704796258,0.9819727863103204,0.42065296519954115,instance,informative+rand_extra
0,0.17749170692671012,0.4,0.018867924528301883,0.2631578947368421,0.3254979314542081,0.0,0.45785857912261585,0.9983319432860718,1.0,0.6679006156962277,0.8938058352114501,0.9952908337405051,0.03130198229905784,instance,informative+rand_extra
0,0.438527956065506,0.0,0.8709677419354839,0.47368421052631576,0.43135300144062405,0.0,0.47700217007411505,0.9958298582151793,1.0,0.6676393695288326,0.8542813295128033,0.9799308128635877,0.8862536893749426,instance,informative+rand_extra
0,0.17749170692671012,0.0,0.5833333333333333,0.47368421052631576,0.34757028805855017,0.0,0.4732820190051261,0.9958298582151793,1.0,0.668060914295453,0.85720921560971,0.9895667404313384,1.2445239708656,instance,informative+rand_extra
0,0.24473185180541623,0.2,0.058394160583941646,0.42105263157894735,0.3129493014125774,0.0,0.48964598666091685,0.9974979149291076,1.0,0.6675060858752196,0.8874352562037096,0.9995134457583974,0.32456874029153976,instance,informative+rand_extra
0,0.30924798083767435,0.2,0.12195121951219512,0.5789473684210527,0.49026580332526215,0.0,0.483791185251384,0.9983319432860718,1.0,0.6685879509321865,0.8537170774423933,0.9952636913103884,-0.03423263578479696,instance,informative+rand_extra
0,0.22845826145842474,0.0,0.05853658536585371,0.5263157894736842,0.19209488866207364,0.0,0.4511228001008506,0.994161801501251,0.9565217391304348,0.6625433540259684,0.8712751279377585,0.9738287831892556,1.2513189635331132,instance,informative+rand_extra
0,0.324527956065506,0.0,0.1875,0.631578947368421,0.47498060342691717,0.0,0.3963301938717453,0.981651376146789,1.0,0.6676484331188343,0.8432142870194721,0.9680404838853087,-0.9498615397638116,instance,informative+rand_extra
0,0.532277956065506,0.0,0.0,0.42105263157894735,0.7127475784151334,0.0,0.42836623093081183,0.994161801501251,1.0,0.6675992138055109,0.888066099572255,0.9979765374731101,-0.14646053859353322,instance,informative+rand_extra
0,0.6901196217389711,0.2,0.1875,0.5789473684210527,0.7504577215343755,0.0,0.4972323993601031,0.9983319432860718,1.0,0.6679548720948423,0.8635410887109118,0.9997231567277209,-0.21962437875900712,instance,informative+rand_extra
0,0.6516466001333026,0.2,0.08333333333333337,0.5789473684210527,0.6190219345652838,0.0,0.48720721633111075,0.9974979149291076,1.0,0.6677403024762776,0.8865822208648061,0.9702606814797897,0.27762171605039815,instance,informative+rand_extra
0,0.17541068583902963,0.0,0.5833333333333333,0.5789473684210527,0.28732262666905767,0.0,0.476416128467386,0.9949958298582152,1.0,0.6680836642599968,0.880719484850399,0.9949855304579753,1.0083174466599274,instance,informative+rand_extra
0,0.7767490304456712,0.8,0.8136363636363636,0.8421052631578947,0.8905217073467305,0.0,0.4919422052660197,0.9991659716430359,1.0,0.6675723238061323,0.8781497325581608,0.98903675578001,-0.4787588376523552,instance,informative+rand_extra
0,0.27751006608832274,0.2,0.09090909090909094,0.47368421052631576,0.20105866639932424,0.0,0.45977065065931255,0.9991659716430359,1.0,0.6680500959894698,0.8740951195510007,0.9803436993636572,1.1184343231432905,instance,informative+rand_extra
0,0.2628041837353815,0.0,0.05853658536585371,0.5789473684210527,0.4018778947336321,0.0,0.41764727418963743,0.9933277731442869,1.0,0.6672459970364889,0.8639220545775431,0.9997984774897392,-0.23565272226413508,instance,informative+rand_extra
0,0.4742422417797917,0.4,0.0,0.3157894736842105,0.47539872378668624,0.0,0.45537810129349177,0.9983319432860718,1.0,0.6679655456829068,0.883101552575612,0.996923536063441,0.3729510886353129,instance,informative+rand_extra
0,0.438527956065506,0.2,0.20618556701030932,0.5263157894736842,0.737764984875103,1.0,0.5026605393084268,1.0,1.0,0.6673491819590361,0.8630901340082314,0.9956505970635613,0.27681702844674966,instance,informative+rand_extra
0,0.5627577112444136,0.6,0.8136363636363636,0.6842105263157895,0.9057392813342664,0.5,0.4841269587296392,0.9991659716430359,1.0,0.6675659996229194,0.8830788005903427,0.9950795210318676,-0.6357517729049302,instance,informative+rand_extra
0,0.30924798083767435,0.2,0.0,0.3157894736842105,0.5332748596795936,0.0,0.45435098932218887,0.9974979149291076,0.9130434782608695,0.6666666666666666,0.8223224352753726,0.9355264954253503,0.434226220972972,instance,informative+rand_extra
0,0.3584262611502518,0.0,0.05853658536585371,0.5263157894736842,0.2462353764786167,0.0,0.40213591689447825,0.9908256880733946,1.0,0.668094491786317,0.8670185910811637,0.9862159894333591,1.1747709718015131,instance,informative+rand_extra
0,0.17587024466255907,0.0,0.05853658536585371,0.5263157894736842,0.19201056796146265,0.0,0.39257706686532756,0.9641367806505421,1.0,0.6673404834945953,0.8719071172937175,0.9995782930013469,1.2348409825323612,instance,informative+rand_extra
0,0.23926542120175476,0.0,0.2727272727272727,0.47368421052631576,0.215123313299815,0.0,0.43182780123494857,0.987489574645538,1.0,0.6675206494988886,0.8599181421060256,0.9909681442655653,1.1912743900447138,instance,informative+rand_extra
0,0.1996797684720829,0.2,0.11764705882352944,0.2631578947368421,0.7898089253625776,0.0,0.4723467724224232,0.9966638865721434,1.0,0.6672665759451905,0.8525345785206436,0.9758298281301923,-0.41150543886293145,instance,informative+rand_extra
0,0.4885279560655059,0.4,0.5569620253164558,0.6842105263157895,0.4202227215672437,0.0,0.4496446707026587,0.9983319432860718,1.0,0.6677237487154996,0.9036725595283066,0.9979570489400463,-0.4755204283557284,instance,informative+rand_extra
0,0.1684297684720829,0.0,0.05853658536585371,0.5263157894736842,0.2863704483152372,0.0,0.47103984688012857,0.9924937447873228,1.0,0.6675142657238388,0.8654000245942453,0.9989234974063826,0.41027649124300425,instance,informative+rand_extra
0,0.16805774466255907,0.0,0.08333333333333337,0.5789473684210527,0.19846179884208143,0.0,0.45145997761422507,0.9924937447873228,1.0,0.6917973939883291,0.8594048319914798,0.9974246734400989,0.8996094966212081,instance,informative+rand_extra
0,0.23703481035755425,0.2,0.09090909090909094,0.47368421052631576,0.461711566191619,0.0,0.4418792735000846,0.9974979149291076,1.0,0.6674819618780542,0.8964929342944487,0.9896157412918359,-0.49682520421894893,instance,informative+rand_extra
0,0.5518362502752087,0.0,0.058394160583941646,0.42105263157894735,0.32185831964517864,0.0,0.4490951507665252,0.9933277731442869,1.0,0.6678953417553833,0.8767645994483562,0.9977723866838196,1.2562964242761454,instance,informative+rand_extra
0,0.27751006608832274,0.2,0.1875,0.47368421052631576,0.32999854368663106,0.0,0.470997175353444,0.9974979149291076,1.0,0.6676569679822529,0.8530051887405917,0.9966889138965782,1.4769892691570268,instance,informative+rand_extra
0,0.17541068583902963,0.0,0.12195121951219512,0.5789473684210527,0.28866451057759257,0.0,0.46447340763490885,0.9933277731442869,1.0,0.6682489357299937,0.8626846770215186,0.9961966986316314,-0.28173405147536995,instance,informative+rand_extra
0,0.1606172684720829,0.0,0.05853658536585371,0.5263157894736842,0.20627447216950323,0.0,0.42424519025158636,0.987489574645538,1.0,0.6676758091998747,0.8460655279890794,0.9908527189740726,0.7269322045112396,instance,informative+rand_extra
0,0.331741655726985,0.0,0.1875,0.5789473684210527,0.2580569703398089,0.0,0.4552304370070024,0.9958298582151793,1.0,0.6678110421428073,0.8992125955994229,0.9951270843201073,1.3390535529287448,instance,informative+rand_extra
0,0.24473185180541623,0.0,0.1875,0.5789473684210527,0.423037595826839,0.0,0.43172867394784753,0.9908256880733946,1.0,0.6675004665683987,0.875870252885486,0.9893001357265566,-0.22888226805458597,instance,informative+rand_extra
0,0.6295279560655059,0.2,0.5569620253164558,0.631578947368421,0.5251540690151348,0.0,0.4874606500675782,0.9983319432860718,1.0,0.6676031602232566,0.9062862134104956,0.9982500689430738,0.36821875945459553,instance,informative+rand_extra
0,0.17541068583902963,0.0,0.0,0.42105263157894735,0.2668831365368951,0.0,0.3830348418006,0.9841534612176814,1.0,0.6679593984737445,0.8772252496593901,0.990458075582395,0.30823420252163314,instance,informative+rand_extra
0,0.364523518472083,0.0,0.11764705882352944,0.2631578947368421,0.5779591238652081,0.0,0.4208641301761792,0.9858215179316097,1.0,0.6696866504828791,0.8458233221563516,0.9794344744812223,0.07777443380267864,instance,informative+rand_extra
0,0.24473185180541623,0.0,0.3846153846153846,0.5789473684210527,0.209552873425087,0.0,0.4419517830620905,0.9733110925771477,1.0,0.6675217747488659,0.8439171118498511,0.9977614160005441,0.3779086886774917,instance,informative+rand_extra
0,0.26964504624986074,0.0,0.05853658536585371,0.5263157894736842,0.4116614588657702,0.0,0.4388708609500118,0.9891576313594662,1.0,0.6677414059644815,0.8397774027710393,0.9441436468891822,1.172013025232586,instance,informative+rand_extra
0,0.44175959448358504,0.0,0.05853658536585371,0.5263157894736842,0.23851923790666563,0.0,0.4299887048507368,0.994161801501251,1.0,0.6671684648074757,0.8563700202292973,0.9866361748839699,0.7306144782897648,instance,informative+rand_extra
0,0.25118553418569745,0.2,0.08333333333333337,0.5789473684210527,0.5497087934064327,1.0,0.5143107840386754,1.0,1.0,0.66748701768895,0.8706333221221508,0.9925170699652592,0.42422594676138375,instance,informative+rand_extra
0,0.16805774466255907,0.0,0.0,0.3157894736842105,0.20244705594531298,0.0,0.4209164908952113,0.9699749791492911,1.0,0.6688140238305823,0.8296735441642916,0.956141466744769,0.5770285038117994,instance,informative+rand_extra
0,0.22845826145842474,0.0,0.05853658536585371,0.5263157894736842,0.20380099383591466,0.0,0.45389152294062896,0.9824854045037531,0.9130434782608695,0.6555251670504292,0.8237397464194471,0.9957123424387196,2.17669657491192,instance,informative+rand_extra
0,0.17749170692671012,0.0,0.05853658536585371,0.5263157894736842,0.19151898899095282,0.0,0.40473624716305745,0.9866555462885738,0.9130434782608695,0.6482459077658179,0.869699580040805,0.9977291713883475,1.353878703463582,instance,informative+rand_extra
0,0.16805774466255907,0.0,0.05853658536585371,0.5789473684210527,0.2231067044244044,0.0,0.4542090055197153,0.9958298582151793,1.0,0.6702465951944309,0.8595255498472869,0.9931465160070676,0.47285463081264356,instance,informative+rand_extra
0,0.364523518472083,0.0,0.20618556701030932,0.631578947368421,0.9097637138699293,0.0,0.4707096195799616,0.994161801501251,1.0,0.6673383457941943,0.8312842053625972,0.9899553484033299,-1.2801111791316147,instance,informative+rand_extra
0,0.196712229712393,0.0,0.058394160583941646,0.42105263157894735,0.2672756736595062,0.0,0.4486908751009455,0.9916597164303587,0.9565217391304348,0.6606441295449003,0.8562538361295213,0.9937546195949516,1.040077594483841,instance,informative+rand_extra
0,0.22845826145842474,0.0,0.05853658536585371,0.5263157894736842,0.24501732647888913,0.0,0.4452962745321557,0.994161801501251,1.0,0.6674815823499336,0.8621243000910392,0.9942973086887158,-0.439636864170957,instance,informative+rand_extra
0,0.17749170692671012,0.2,0.0,0.3157894736842105,0.1971594318058691,0.0,0.4896238211188414,0.9974979149291076,1.0,0.6678381102401606,0.8947110959149327,0.9997751703343652,1.2479748921717806,instance,informative+rand_extra
0,0.331741655726985,0.0,0.18181818181818177,0.3157894736842105,0.19363201798670698,0.0,0.4556843919291227,0.9916597164303587,0.9565217391304348,0.6650033722850683,0.8443679267260196,0.9834057707068136,0.9089556245262714,instance,informative+rand_extra
0,0.438527956065506,0.0,0.058394160583941646,0.42105263157894735,0.24998297343702863,0.0,0.4679255634553722,0.9933277731442869,1.0,0.6676886571898774,0.8340270461062123,0.9842840195722085,0.7796661107958116,instance,informative+rand_extra
0,0.438527956065506,0.0,0.5569620253164558,0.7368421052631579,0.5385845017356529,0.0,0.4490922002770521,0.994161801501251,1.0,0.6671567920012818,0.8979722372647919,0.9876244229984179,-0.7043984085983847,instance,informative+rand_extra
0,0.19930774466255907,0.4,0.09090909090909094,0.47368421052631576,0.4886909082254848,0.2,0.49477333571597426,0.9983319432860718,1.0,0.6676975057249314,0.8913232978499421,0.9966323594839697,0.0844377108082299,instance,informative+rand_extra
0,0.4764394248783833,0.0,0.05853658536585371,0.5263157894736842,0.5199543570654764,0.0,0.4542920354434318,0.9908256880733946,1.0,0.6674385519628067,0.8915316818170406,0.9881280650138848,-0.2812931231795406,instance,informative+rand_extra
0,0.6528136703512202,0.4,0.20618556701030932,0.631578947368421,0.32054717372503794,0.2,0.45882159753496077,0.9983319432860718,1.0,0.6676678763946704,0.8979154513206803,0.9806786342802766,-0.0034444493417894956,instance,informative+rand_extra
0,0.23926542120175476,0.0,0.20618556701030932,0.631578947368421,0.19609784766158717,0.0,0.42498704864541004,0.9899916597164303,1.0,0.6679841258662671,0.8662818261791152,0.984475490599114,1.0919387149409128,instance,informative+rand_extra
0,0.27751006608832274,0.0,0.05853658536585371,0.5263157894736842,0.196887271900417,0.0,0.4384637949438893,0.9949958298582152,0.9565217391304348,0.6539742830778497,0.8900836035821343,0.9946867879533415,0.31000300974212835,instance,informative+rand_extra
0,0.24473185180541623,0.0,0.03508771929824561,0.47368421052631576,0.5324405505281572,0.0,0.4163462816346887,0.9791492910758965,1.0,0.6676921967413287,0.8605471895230032,0.9990779129222442,1.0126820040966655,instance,informative+rand_extra
0,0.40792629624986076,0.2,0.85,0.47368421052631576,0.24056906437567127,0.0,0.4454320233046304,0.9974979149291076,1.0,0.667629587760566,0.8801330793095741,0.98677781988803,0.33752635546887205,instance,informative+rand_extra
0,0.3945703793147287,0.2,0.1875,0.5789473684210527,0.25572023149923506,0.0,0.47150994824784875,0.9966638865721434,1.0,0.6676250815181517,0.8879690228371,0.99553621385772,0.23917743028166122,instance,informative+rand_extra
0,0.1996797684720829,0.2,0.20618556701030932,0.631578947368421,0.2774946264229217,0.0,0.4500813192421985,0.9966638865721434,1.0,0.6680779042472813,0.8779724032918881,0.9959555048879013,0.37879128193963807,instance,informative+rand_extra
0,0.17749170692671012,0.0,0.0,0.3684210526315789,0.19319491392519217,0.0,0.4250204107770923,0.9808173477898249,1.0,0.6675720273372753,0.8662231975425674,0.994147588204224,1.4418205530206816,instance,informative+rand_extra
0,0.380476045316154,0.2,0.8068181818181819,0.8947368421052632,0.3931838469822455,0.0,0.45276795810009984,0.9983319432860718,1.0,0.6677677786664301,0.8723431802527671,0.9885260238255547,0.22997714776057387,instance,informative+rand_extra
0,0.4516466001333026,0.4,0.8136363636363636,0.7894736842105263,0.6168059855625035,0.125,0.5030376038281753,1.0,1.0,0.6673796254126554,0.9207584203335407,0.9985369007763519,-0.5386849675501603,instance,informative+rand_extra
0,0.23926542120175476,0.0,0.3846153846153846,0.47368421052631576,0.22040337084730155,0.0,0.44816412116655413,0.9858215179316097,1.0,0.6676543945654247,0.8892068068967347,0.9920054564711125,1.353218832984495,instance,informative+rand_extra
0,0.22926043086524528,0.2,0.20618556701030932,0.47368421052631576,0.2251581542832543,0.0,0.4768182806708058,0.9974979149291076,1.0,0.6674438145630835,0.8655380041874942,0.9989999474322622,0.6561930596624536,instance,informative+rand_extra
0,0.39296903129259575,0.0,0.2727272727272727,0.47368421052631576,0.2774694970952645,0.0,0.4439927423824743,0.9866555462885738,1.0,0.6677744348641578,0.8680561961464349,0.988725224693762,1.5410973639881156,instance,informative+rand_extra
0,0.3280651851387497,0.0,0.05853658536585371,0.5789473684210527,0.2139124295423006,0.0,0.46352953512135364,0.994161801501251,1.0,0.6674702838938217,0.8824303351239181,0.9895504272751225,0.48463854270682466,instance,informative+rand_extra
0,0.3584262611502518,0.0,0.05853658536585371,0.5263157894736842,0.27123306780204715,0.0,0.43397366227792267,0.9833194328607172,1.0,0.6674384159838179,0.845744341170366,0.9817291980026405,0.5418161818695194,instance,informative+rand_extra
0,0.8541365368799927,0.4,0.85,0.47368421052631576,0.5100087043204804,0.0,0.48543401109321527,0.9983319432860718,1.0,0.6675385095401144,0.8804245485372238,0.9994662688324758,-0.3841772737064108,instance,informative+rand_extra
0,0.3584262611502518,0.4,0.9616252821670429,0.5263157894736842,0.4955456041836933,0.0,0.4991699684648735,0.9991659716430359,1.0,0.6675568322892351,0.8775420404396389,0.9992857341615091,0.052809884070387655,instance,informative+rand_extra
0,0.17749170692671012,0.0,0.05853658536585371,0.5263157894736842,0.19371320814055665,0.0,0.4175168704672475,0.9658048373644704,1.0,0.6697902561597967,0.837061387012469,0.9846380227296129,1.4376795450371236,instance,informative+rand_extra
0,0.23926542120175476,0.0,0.05853658536585371,0.5263157894736842,0.19155117677903016,0.0,0.4243037943735748,0.9883236030025021,1.0,0.6678311758397603,0.8432034261618477,0.9933412635994888,1.8791750588785512,instance,informative+rand_extra
0,0.3695703793147287,0.0,0.058394160583941646,0.42105263157894735,0.20318760473282133,0.0,0.37541340842106163,0.9849874895746455,0.9130434782608695,0.6265887714876747,0.8699958200574542,0.9990297605961599,-0.9714051259517348,instance,informative+rand_extra
0,0.17541068583902963,0.0,0.12195121951219512,0.5789473684210527,0.35971130529023887,0.0,0.37251107738560796,0.9841534612176814,1.0,0.6681488815736208,0.8853336519394521,0.99043554617321,0.3708710678816907,instance,informative+rand_extra
0,0.3945703793147287,0.0,0.05853658536585371,0.5263157894736842,0.19326746020360608,0.0,0.46753502439634465,0.981651376146789,1.0,0.6673839203465038,0.8447311744646505,0.9850997634857516,0.3164060502934132,instance,informative+rand_extra
0,0.25703820864302307,0.0,0.1875,0.5789473684210527,0.36592064679098957,0.0,0.40612723295590514,0.97581317764804,1.0,0.6670451356919682,0.8519553803307912,0.9895250923427417,0.07972825558841104,instance,informative+rand_extra
0,0.27751006608832274,0.0,0.20618556701030932,0.631578947368421,0.4670653024473618,0.0,0.4483823114813008,0.9949958298582152,1.0,0.6676032964347172,0.8732996215486749,0.990956007711541,0.4979552898728317,instance,informative+rand_extra
0,0.27497970691604046,0.2,0.0,0.3684210526315789,0.3496263885851755,0.0,0.46675396814389425,0.9966638865721434,1.0,0.6675119565553601,0.876818456569018,0.9982546401012438,1.2573370197012794,instance,informative+rand_extra
0,0.4407251391640975,0.2,0.1875,0.5789473684210527,0.7209413505100933,0.3333333333333333,0.5186570824488426,1.0,1.0,0.6676352348537852,0.8964458392117648,0.9997178293687667,0.0015681254672688099,instance,informative+rand_extra
0,0.40792629624986076,0.0,0.058394160583941646,0.42105263157894735,0.19286947280633748,0.0,0.4149664013490203,0.9916597164303587,1.0,0.6678806521878706,0.8588522053795152,0.986515763180847,1.5902842804530783,instance,informative+rand_extra
0,0.1606172684720829,0.0,0.3846153846153846,0.5263157894736842,0.2905020217789094,0.0,0.45870019523011574,0.981651376146789,1.0,0.6679392870292841,0.8562734943064554,0.9993343300171357,1.0576608244065655,instance,informative+rand_extra
0,0.6295279560655059,0.4,0.03508771929824561,0.47368421052631576,0.673322574952103,0.0,0.4890544776784236,0.9991659716430359,1.0,0.6677023863922747,0.8818025795082589,0.9916386537345834,0.4580843288071651,instance,informative+rand_extra
0,0.3280651851387497,0.6,0.2727272727272727,0.47368421052631576,0.8215609948352284,0.0,0.49990657469924127,0.9991659716430359,1.0,0.6675000807896886,0.899920421703297,0.9958128564624136,-0.8724389511348101,instance,informative+rand_extra
0,0.3695703793147287,0.0,0.8136363636363636,0.8421052631578947,0.27967961858847945,0.0,0.42399660232710834,0.9908256880733946,1.0,0.6677936126272754,0.8976983537851008,0.9916818475100846,0.4084533014953794,instance,informative+rand_extra
0,0.23703481035755425,0.2,0.1875,0.5789473684210527,0.5962603810472984,0.3333333333333333,0.4579928888837599,0.9983319432860718,1.0,0.6673157441123376,0.8774601789583782,0.9933199154238639,-0.24285744327188102,instance,informative+rand_extra
0,0.20861699161715497,0.0,0.20618556701030932,0.631578947368421,0.40813304583009613,0.0,0.48062944191184154,0.9958298582151793,1.0,0.6680089961852856,0.8756521837381124,0.994109687691732,1.1400646544036286,instance,informative+rand_extra
0,0.17749170692671012,0.4,0.12195121951219512,0.5789473684210527,0.31837568865609445,0.0,0.44870219558891766,0.9983319432860718,1.0,0.667995452518454,0.8902832027835423,0.9929783195374369,0.6908462537091783,instance,informative+rand_extra
0,0.5016466001333025,0.2,0.8136363636363636,0.8421052631578947,0.49508265312705235,0.0,0.43843867801690195,0.9966638865721434,1.0,0.6678597773686147,0.8941148162314198,0.9797556481049502,-0.5646827205797557,instance,informative+rand_extra
0,0.364523518472083,0.0,0.09090909090909094,0.47368421052631576,0.24532621084458706,0.0,0.3871824786505913,0.9699749791492911,1.0,0.6684550223415272,0.8631260274409895,0.9943438099576096,1.7243648586993887,instance,informative+rand_extra
0,0.2196450462498607,0.0,0.8136363636363636,0.8421052631578947,0.8015274868783457,0.0,0.4727609736665096,0.9958298582151793,0.9565217391304348,0.6566712233754722,0.8454605513991232,0.9970909650327481,-0.8852203997819089,instance,informative+rand_extra
0,0.04166666666666663,0.0,0.20618556701030932,0.631578947368421,0.4334690827765427,0.0,0.3991180615464678,0.9774812343619683,1.0,0.6759482036688793,0.8573273156087151,0.9838248750293613,0.10948764227865856,instance,informative+rand_extra
0,0.19930774466255907,0.2,0.058394160583941646,0.42105263157894735,0.4356045872231552,0.0,0.46134173075386553,0.9966638865721434,1.0,0.6695185885605054,0.8942588613676905,0.9997073863108721,0.3729680734098021,instance,informative+rand_extra
0,0.25703820864302307,0.0,0.5569620253164558,0.631578947368421,0.3884274029489154,0.0,0.41492392659467503,0.9891576313594662,1.0,0.6673312948983167,0.891439738055152,0.9989823243579148,0.6925246390440936,instance,informative+rand_extra
0,0.46953737226136283,0.2,0.05853658536585371,0.5263157894736842,0.22126144820496557,0.0,0.47927613731267293,0.9966638865721434,1.0,0.6680296742547839,0.882244665892651,0.9975398923801847,0.2836681481113971,instance,informative+rand_extra
0,0.3584262611502518,0.0,0.9616252821670429,0.3157894736842105,0.2960487673201424,0.0,0.453906006827528,0.9916597164303587,1.0,0.6668078580818565,0.8077477624909207,0.999296544216701,0.34356671282755297,instance,informative+rand_extra
0,0.44785685180541623,0.4,0.08333333333333337,0.5789473684210527,0.482424001107599,0.0,0.455734300694967,0.9974979149291076,1.0,0.6702764576590043,0.8629159229292134,0.9718519231633227,0.250474942652729,instance,informative+rand_extra
0,0.22926043086524528,0.0,0.03508771929824561,0.47368421052631576,0.49794030591915805,0.0,0.44513030473110937,0.9958298582151793,1.0,0.667255662308398,0.8746564638752928,0.993462514692444,0.1805318808048962,instance,informative+rand_extra
0,0.17541068583902963,0.0,0.0,0.42105263157894735,0.5342795401199191,0.0,0.3998959922563513,0.9733110925771477,1.0,0.6681524802044196,0.8489988334917768,0.9790225870048582,-0.12859927071801383,instance,informative+rand_extra
0,0.3619946217389711,0.0,0.12195121951219512,0.5789473684210527,0.60453024854344,0.0,0.47446557018808644,0.9949958298582152,0.9565217391304348,0.6666666666666666,0.865295315103392,0.9973035181503563,-1.325426668954074,instance,informative+rand_extra
0,0.15020060180541628,0.2,0.08333333333333337,0.5789473684210527,0.4173200181364398,0.0,0.45558482571090453,0.9983319432860718,1.0,0.6670240341133585,0.8789705651136535,0.9927453896322492,-0.47113628231278876,instance,informative+rand_extra
0,0.438527956065506,0.0,0.03508771929824561,0.47368421052631576,0.7452280796965584,0.0,0.44024630305647505,0.9949958298582152,1.0,0.6676881137639806,0.8670588394974178,0.9759258994204784,-1.1006042238925617,instance,informative+rand_extra
0,0.20861699161715497,0.0,0.058394160583941646,0.42105263157894735,0.2658237291050227,0.0,0.43638511883429765,0.9958298582151793,1.0,0.6676535018146468,0.8471411351403395,0.9839378674557494,1.184159578182914,instance,informative+rand_extra
0,0.3695703793147287,0.0,0.058394160583941646,0.42105263157894735,0.19621646266473874,0.0,0.3881713934109672,0.987489574645538,1.0,0.6676874245752751,0.8650622861014877,0.9947185526605125,1.0110201670021854,instance,informative+rand_extra
0,0.21915837359337664,0.4,0.058394160583941646,0.42105263157894735,0.22179596862615014,0.3333333333333333,0.49075634277303115,0.9991659716430359,1.0,0.6683500912228736,0.8889445109627888,0.9950948596176047,0.8534164750882246,instance,informative+rand_extra
0,0.5813850989226488,0.2,0.5569620253164558,0.7368421052631579,0.4804734507482067,0.25,0.4873329112982596,0.9966638865721434,1.0,0.6677534494440257,0.8972110307996143,0.9985862539399012,-0.213060558400439,instance,informative+rand_extra
0,0.1684297684720829,0.0,0.3846153846153846,0.5263157894736842,0.19960878099189594,0.0,0.42778481197370133,0.9891576313594662,1.0,0.6674338613582427,0.8873713040039988,0.9940194081189023,1.1135703385017393,instance,informative+rand_extra
0,0.30924798083767435,0.0,0.0,0.47368421052631576,0.3327063576464561,0.0,0.45790209715868146,0.994161801501251,1.0,0.6675836321992707,0.8677130607183468,0.9839322227183961,-0.08565736585570165,instance,informative+rand_extra
0,0.2628041837353815,0.0,0.05853658536585371,0.5263157894736842,0.19300739321753368,0.0,0.4283898414479309,0.9791492910758965,1.0,0.6677895261904163,0.8726763962969777,0.9905599263900858,1.6829313132676744,instance,informative+rand_extra
0,0.438527956065506,0.0,0.2727272727272727,0.47368421052631576,0.3751662779557555,0.0,0.4621580644610527,0.9916597164303587,1.0,0.6678180642747403,0.8703059011137325,0.9924271650184651,-0.31959244527419495,instance,informative+rand_extra
0,0.3109083223936515,0.0,0.85,0.47368421052631576,0.22246772236811851,0.0,0.43054387696493024,0.9841534612176814,0.9565217391304348,0.6314778480121738,0.8674552799544323,0.9996679258206786,0.04187200072749299,instance,informative+rand_extra
0,0.17587024466255907,0.2,0.058394160583941646,0.42105263157894735,0.28933368920452074,1.0,0.5142966001783855,1.0,1.0,0.6675652843493841,0.8378550868450926,0.9965308138611121,1.3002547537954496,instance,informative+rand_extra
0,0.20861699161715497,0.2,0.20618556701030932,0.631578947368421,0.4257377422961667,0.0,0.4951420956367961,0.9991659716430359,1.0,0.667851848812167,0.8897954817708644,0.9951738496723316,0.07459118024593907,instance,informative+rand_extra
0,0.3695703793147287,0.0,0.058394160583941646,0.42105263157894735,0.1918353134558476,0.0,0.45122986205572824,0.994161801501251,0.9565217391304348,0.6107702900146663,0.8385533883778412,0.9899649692759795,0.3106619229118062,instance,informative+rand_extra
0,0.19930774466255907,0.4,0.09090909090909094,0.47368421052631576,0.596289592895917,0.3333333333333333,0.5340012665749447,1.0,1.0,0.6683450511567213,0.8939511628007126,0.9957516494236701,0.05985803588788567,instance,informative+rand_extra
0,0.16805774466255907,0.0,0.018867924528301883,0.2631578947368421,0.20892650491581227,0.0,0.40881156604523017,0.994161801501251,1.0,0.6715209836903785,0.8549099566187836,0.9992026763528725,-0.035626266840675845,instance,informative+rand_extra
0,0.7385545860012268,0.6,0.9467213114754098,0.6842105263157895,0.9024748098010587,1.0,0.5169265856483108,1.0,1.0,0.6672125614215234,0.8940017031300947,0.996701333134308,-1.7092674695718941,instance,informative+rand_extra
0,0.25504556304572634,0.0,0.058394160583941646,0.42105263157894735,0.20084881502553864,0.0,0.39720607673815256,0.9799833194328608,1.0,0.6680441257306008,0.8684315458801055,0.99814994527262,1.2282944908061104,instance,informative+rand_extra
0,0.16805774466255907,0.0,0.058394160583941646,0.42105263157894735,0.1937191943331123,0.0,0.45336478895809995,0.9916597164303587,1.0,0.6686459200572378,0.8535002445204449,0.9642897943322104,0.707788720303901,instance,informative+rand_extra
0,0.4742422417797917,0.0,0.05853658536585371,0.5263157894736842,0.652032049820901,0.0,0.41076847556396434,0.9849874895746455,1.0,0.667991994681095,0.851989563190345,0.9813231662283001,-0.32445331521672743,instance,informative+rand_extra
0,0.4407251391640975,0.0,0.20618556701030932,0.631578947368421,0.4252595404876943,0.0,0.42604124931819287,0.9908256880733946,1.0,0.6677423702704218,0.8657504727019318,0.9720943729666761,0.45107367734031406,instance,informative+rand_extra
0,0.23703481035755425,0.0,0.1875,0.5789473684210527,0.25602023744432845,0.0,0.3634978823773709,0.9908256880733946,1.0,0.6675175062218971,0.8915380027797785,0.9937993367487911,0.8487488048758024,instance,informative+rand_extra
0,0.15020060180541628,0.0,0.05853658536585371,0.5263157894736842,0.20397562781277262,0.0,0.36009223245672983,0.9658048373644704,1.0,0.6671722126392187,0.8459106965142418,0.9974635024900517,0.9732490070157082,instance,informative+rand_extra
0,0.3770847929818868,0.2,0.09090909090909094,0.47368421052631576,0.3201493097366369,0.0,0.4352265041311354,0.9966638865721434,1.0,0.6678682733977891,0.8513576379451038,0.9927686716382795,-0.09659435296350213,instance,informative+rand_extra
0,0.1684297684720829,0.0,0.11764705882352944,0.2631578947368421,0.31244777396266155,0.0,0.43115558285397426,0.9933277731442869,1.0,0.6677316351851939,0.8636180828718425,0.9987637949776825,0.04679888354973832,instance,informative+rand_extra
0,0.25703820864302307,0.4,0.2727272727272727,0.47368421052631576,0.48214957101404654,0.0,0.39521779826468406,0.9974979149291076,1.0,0.6674034983225403,0.8798517826736694,0.9775898751107873,0.4751062222767147,instance,informative+rand_extra
0,0.38286128939883934,0.0,0.41666666666666663,0.47368421052631576,0.4706262976659935,0.0,0.4573801783011969,0.9849874895746455,1.0,0.6676371967308624,0.8443392421237234,0.9976796707034803,-0.5035255516095992,instance,informative+rand_extra
0,0.17587024466255907,0.0,0.058394160583941646,0.42105263157894735,0.19520386937900608,0.0,0.43873203496469626,0.9841534612176814,1.0,0.6681549226667057,0.8710530252873826,0.9929974155261548,1.1875819449200522,instance,informative+rand_extra
0,0.16805774466255907,0.0,0.058394160583941646,0.42105263157894735,0.19172890123150477,0.0,0.43593660017006997,0.9933277731442869,0.9565217391304348,0.6404940438357583,0.8444762068700203,0.995610192647312,1.4577615692534178,instance,informative+rand_extra
0,0.1684297684720829,0.0,0.05853658536585371,0.5263157894736842,0.26559096182923225,0.0,0.43438915018126545,0.9916597164303587,1.0,0.66738407683422,0.8829827332701441,0.9952470878355847,0.8629220896218526,instance,informative+rand_extra
0,0.24473185180541623,0.2,0.1875,0.47368421052631576,0.20112880867101668,0.0,0.4919201690800882,0.9983319432860718,1.0,0.6684996457304628,0.8623909086065175,0.9745147542826901,0.6560746133920624,instance,informative+rand_extra
0,0.19930774466255907,0.4,0.08333333333333337,0.5789473684210527,0.48879719142505185,0.0,0.4767483340698022,0.9991659716430359,1.0,0.6687534218444404,0.8682847587781967,0.9796165003628182,0.4573777656563453,instance,informative+rand_extra
0,0.1606172684720829,0.0,0.20618556701030932,0.631578947368421,0.5974746204942555,0.0,0.470770316465121,0.9924937447873228,1.0,0.6674551337330367,0.8670065515469763,0.9991666876318814,-0.363504343106906,instance,informative+rand_extra
0,0.1606172684720829,0.0,0.05853658536585371,0.5263157894736842,0.1940673348026924,0.0,0.4147010677207148,0.9849874895746455,0.9565217391304348,0.6531244258690091,0.8429020420720041,0.9791140801555112,1.2730434537610973,instance,informative+rand_extra
0,0.4885279560655059,0.2,0.20618556701030932,0.631578947368421,0.5077389924868152,0.0,0.4616614638006581,0.9966638865721434,1.0,0.6677268207420064,0.8626143441845863,0.9847680341206124,0.2996558855475432,instance,informative+rand_extra
0,0.1684297684720829,0.0,0.05853658536585371,0.3684210526315789,0.21357577082487583,0.0,0.40516433779288286,0.9766472060050042,1.0,0.6676003474099711,0.8362362491614196,0.9978408367499837,0.5202794504645868,instance,informative+rand_extra
0,0.1684297684720829,0.0,0.08333333333333337,0.5789473684210527,0.20114252845501152,0.0,0.41395609083468154,0.9683069224353628,1.0,0.6678547802740851,0.8697131476238805,0.9848690602917637,1.2405162574653674,instance,informative+rand_extra
0,0.3584262611502518,0.0,0.20618556701030932,0.631578947368421,0.44379896754899184,0.0,0.4091487987336634,0.9958298582151793,1.0,0.6704990344578845,0.8695705332692872,0.9834255965913533,0.8440881619240653,instance,informative+rand_extra
0,0.24473185180541623,0.0,0.8571428571428572,0.47368421052631576,0.2490875786246522,0.0,0.4548726848231215,0.9924937447873228,1.0,0.6674455381808181,0.8409663741311626,0.9936068863212342,1.0382744431395334,instance,informative+rand_extra
0,0.3584262611502518,0.0,0.05853658536585371,0.5263157894736842,0.19222503011350395,0.0,0.461203785995868,0.9849874895746455,0.9565217391304348,0.6125491120175133,0.856327869186003,0.9957773330780644,1.1648229628845956,instance,informative+rand_extra
0,0.3109083223936515,0.0,0.0,0.3684210526315789,0.3832062553024844,0.0,0.41321495966644883,0.9916597164303587,1.0,0.6676257231066667,0.8907469962905818,0.9985779250377596,0.3704840366232312,instance,informative+rand_extra
0,0.5889082404016963,0.2,0.018867924528301883,0.2631578947368421,0.29753966955141564,0.3333333333333333,0.45292807376278776,0.9974979149291076,1.0,0.6676998396156993,0.8791920066390656,0.9797268779262226,0.8325593484435193,instance,informative+rand_extra
0,0.24473185180541623,0.0,0.018867924528301883,0.2631578947368421,0.19697547445737085,0.0,0.449703016193878,0.994161801501251,1.0,0.6673007517700096,0.8654316739983942,0.9957576416124847,0.9134381989336918,instance,informative+rand_extra
0,0.715119621738971,0.0,0.058394160583941646,0.3684210526315789,0.6067472391696119,0.0,0.39416261586562185,0.9958298582151793,1.0,0.6679999227018548,0.8517670010558394,0.974844025079327,0.5415945358451718,instance,informative+rand_extra
0,0.7990982158193094,0.0,0.9467213114754098,0.6842105263157895,0.5892238572755384,0.0,0.42848081553112827,0.9958298582151793,1.0,0.6676354650812413,0.9039381572589759,0.9929797787786662,-0.1379181456894369,instance,informative+rand_extra
0,0.5430949470435115,0.4,0.0,0.47368421052631576,0.3261275863167432,0.0,0.47280246010848404,0.9991659716430359,1.0,0.6690563601026489,0.8496598257256712,0.9987243641548823,0.34032900837975,instance,informative+rand_extra
0,0.6295279560655059,0.0,0.9616252821670429,0.47368421052631576,0.5258409258773594,0.5,0.44819305458165193,0.9958298582151793,1.0,0.6676468430605305,0.9010409632192679,0.9956028297553867,-0.05772506811119589,instance,informative+rand_extra
0,0.24473185180541623,0.0,0.05853658536585371,0.5263157894736842,0.19153632301368645,0.0,0.417802067907588,0.9666388657214345,0.9565217391304348,0.6378114800303099,0.8202444756938736,0.9886194978821228,2.8317475313916867,instance,informative+rand_extra
0,0.22926043086524528,0.2,0.3846153846153846,0.631578947368421,0.4527320534184186,0.3333333333333333,0.49406903681943104,0.9983319432860718,1.0,0.6672808568484635,0.8888409663483404,0.9954317230346011,-0.26927202159927555,instance,informative+rand_extra
0,0.1606172684720829,0.0,0.08333333333333337,0.5789473684210527,0.22138990568702682,0.0,0.3983373579924353,0.9491242702251876,1.0,0.6672222724061283,0.8501531123294749,0.9996330675125931,0.6593711961976124,instance,informative+rand_extra
0,0.2985184694496672,0.2,0.09090909090909094,0.47368421052631576,0.2349515389342326,0.0,0.4501400216795096,0.9974979149291076,1.0,0.6675377387335681,0.8894817510331094,0.9995663923529651,0.3092586641348076,instance,informative+rand_extra
0,0.196712229712393,0.0,0.1875,0.631578947368421,0.7697670121743203,0.0,0.42757709390735077,0.9774812343619683,0.9565217391304348,0.6612519601194119,0.8114236515152818,0.9985599429486938,0.12949737655585472,instance,informative+rand_extra
0,0.35921222971239297,0.0,0.058394160583941646,0.42105263157894735,0.2083724779098559,0.0,0.4244473866758176,0.9824854045037531,1.0,0.6676333848276131,0.8452212062675067,0.9833141079014388,0.36004220800430065,instance,informative+rand_extra
0,0.2968151851387497,0.2,0.0,0.47368421052631576,0.8800383732603032,1.0,0.5026167862532855,1.0,1.0,0.6674496939185588,0.8548388176938543,0.9969774946681734,0.11023104022151854,instance,informative+rand_extra
0,0.3584262611502518,0.0,0.18181818181818177,0.3157894736842105,0.19490031764104243,0.0,0.4341731923324905,0.9833194328607172,1.0,0.6675275068976328,0.8457231205115766,0.9935128375433212,0.726998923496235,instance,informative+rand_extra
0,0.24473185180541623,0.0,0.12195121951219512,0.5789473684210527,0.3280564830900691,0.0,0.4638224005437017,0.9949958298582152,1.0,0.6678150545793472,0.8742787884156801,0.9951575173083695,0.11426099566491466,instance,informative+rand_extra
0,0.196712229712393,0.0,0.8,0.3157894736842105,0.1926090683389422,0.0,0.4066247945634103,0.9791492910758965,1.0,0.66742681261774,0.8268774077956852,0.9799075479980089,2.2246662648760402,instance,informative+rand_extra
0,0.3695703793147287,0.0,0.058394160583941646,0.42105263157894735,0.2005859999909682,0.0,0.43857136208579617,0.9833194328607172,1.0,0.6668518828638528,0.8753659096057033,0.9916833848752713,0.4153632046354116,instance,informative+rand_extra
0,0.4785458132083631,0.0,0.0,0.42105263157894735,0.6123592738153943,0.0,0.4462723020320569,0.9949958298582152,1.0,0.6677401903006238,0.8720758015837441,0.9886050472723217,-0.36594873563673036,instance,informative+rand_extra
0,0.17749170692671012,0.0,0.0,0.3157894736842105,0.20415269274901215,0.0,0.44805988398146956,0.9866555462885738,1.0,0.6683802131826746,0.8814854115637426,0.9987371466292373,1.8371718106355257,instance,informative+rand_extra
0,0.17541068583902963,0.0,0.12195121951219512,0.5789473684210527,0.29631711331612387,0.0,0.428803554883855,0.9833194328607172,1.0,0.6682002421161742,0.8731230064128512,0.9856772481215463,0.4019937645276819,instance,informative+rand_extra
0,0.22845826145842474,0.0,0.05853658536585371,0.5263157894736842,0.19513349721196105,0.0,0.4656551369750458,0.987489574645538,0.9565217391304348,0.6498783424311255,0.8537824159757159,0.9995259806178819,0.8382545184894599,instance,informative+rand_extra
0,0.30924798083767435,0.0,0.0,0.21052631578947367,0.22840338792026532,0.0,0.4593158244354729,0.9899916597164303,1.0,0.6712686820818743,0.8241513113844564,0.9844125229621642,-0.1953058288128224,instance,informative+rand_extra
0,0.22845826145842474,0.2,0.08333333333333337,0.5789473684210527,0.48705930994048724,0.0,0.49135540665338406,0.9983319432860718,1.0,0.6672431438244054,0.8761681596531722,0.9886610487093005,-0.4533909578484917,instance,informative+rand_extra
0,0.39296229445575037,0.0,0.03508771929824561,0.47368421052631576,0.581369513971826,0.0,0.4637761701235038,0.9899916597164303,0.9565217391304348,0.6666666666666666,0.8374666442687672,0.989450633847955,0.10051876651486048,instance,informative+rand_extra
0,0.17587024466255907,0.2,0.058394160583941646,0.47368421052631576,0.3645557566508839,0.0,0.48228798820051233,0.9974979149291076,1.0,0.6671428537187224,0.864108261818933,0.9965535507700655,-0.7667380878564659,instance,informative+rand_extra
0,0.5645235184720829,0.4,0.03508771929824561,0.47368421052631576,0.8692188746612488,0.3333333333333333,0.5107760019652535,1.0,1.0,0.6682997631330485,0.8558816497325704,0.9835224384510568,-0.44683064206463047,instance,informative+rand_extra
0,0.4407251391640975,0.0,0.9668508287292817,0.631578947368421,0.8437796202136217,0.0,0.4701264752507005,0.994161801501251,1.0,0.6677408467920509,0.8589603519073346,0.9824721107806265,-0.8762781670839147,instance,informative+rand_extra
0,0.16805774466255907,0.0,0.7692307692307692,0.47368421052631576,0.4704017100262168,0.0,0.4333431313566175,0.9824854045037531,1.0,0.6690163990684633,0.8658234214696465,0.996555345027987,0.9610479233916341,instance,informative+rand_extra
0,0.2968151851387497,0.2,0.08333333333333337,0.5789473684210527,0.3194766197604759,0.0,0.49281786363726776,0.9991659716430359,1.0,0.6673210338264317,0.8760360767935681,0.9997516489612885,0.6498903286585702,instance,informative+rand_extra
0,0.2628041837353815,0.0,0.05853658536585371,0.5263157894736842,0.24818299211719363,0.0,0.4532131342029788,0.9933277731442869,1.0,0.6672291919212869,0.8856310611000681,0.9893182965823201,0.12739079790780689,instance,informative+rand_extra
0,0.3770847929818868,0.0,0.8,0.5263157894736842,0.5366485282105727,0.0,0.46203401864518856,0.9958298582151793,1.0,0.6677141719237547,0.8565688077250789,0.994384327323346,-0.5790760979643153,instance,informative+rand_extra
0,0.3584262611502518,0.0,0.20618556701030932,0.47368421052631576,0.4173045375789607,0.0,0.45528421786900697,0.9933277731442869,1.0,0.6676348470193034,0.8683647173005219,0.9915809824035593,0.5423193407688384,instance,informative+rand_extra
0,0.17541068583902963,0.2,0.058394160583941646,0.42105263157894735,0.1932443585623969,0.5,0.46760316554316017,0.9983319432860718,1.0,0.6672106554835221,0.8793389860057511,0.9997086813312107,0.26195690572336566,instance,informative+rand_extra
0,0.438527956065506,0.0,0.9616252821670429,0.3157894736842105,0.71389750708656,0.0,0.44393976669335844,0.9949958298582152,1.0,0.667650058590361,0.8452663487171893,0.9985044964333611,0.31090097668977196,instance,informative+rand_extra
0,0.2968151851387497,0.6,0.12195121951219512,0.5789473684210527,0.45750336026606603,0.0,0.49116565972079496,0.9991659716430359,1.0,0.6684780651090151,0.8572508428001231,0.9895941332268515,0.0038019188415074155,instance,informative+rand_extra
0,0.26964504624986074,0.8,0.9616252821670429,0.631578947368421,0.9163876171945847,1.0,0.5612457109679296,1.0,1.0,0.6675401139969329,0.8599097139216567,0.98824356369445,-0.2245958672007425,instance,informative+rand_extra
0,0.532277956065506,0.4,0.20618556701030932,0.631578947368421,0.5925892575555426,0.3333333333333333,0.46831619683364645,0.9983319432860718,1.0,0.6676494346070595,0.8825793627160591,0.9978016138987835,-0.1704181207698701,instance,informative+rand_extra
0,0.4407251391640975,0.0,0.1875,0.5789473684210527,0.46193104489764814,0.0,0.428558093528717,0.9908256880733946,1.0,0.6675188361384661,0.8865585565464933,0.9963341621324692,0.14376210577277357,instance,informative+rand_extra
0,0.196712229712393,0.0,0.05853658536585371,0.5263157894736842,0.2163927178833257,0.0,0.3877720382914859,0.9841534612176814,1.0,0.6675656413230584,0.8593623258553201,0.9977800646978687,0.4934074514410636,instance,informative+rand_extra
0,0.16805774466255907,0.2,0.058394160583941646,0.3684210526315789,0.6414049319556295,0.0,0.47492171228075264,0.9974979149291076,0.9565217391304348,0.6666666666666666,0.826042521961765,0.9965585251305197,-0.05601657347473659,instance,informative+rand_extra
0,0.6295279560655059,0.2,0.9736842105263158,0.3157894736842105,0.7833864213476229,0.5,0.5073273175042665,1.0,1.0,0.6674530886046326,0.8761239907716708,0.9843444789800156,-0.7766726400051756,instance,informative+rand_extra
0,0.438527956065506,0.0,0.20618556701030932,0.631578947368421,0.39194405487490297,0.0,0.4425939124176199,0.994161801501251,1.0,0.6678305112281615,0.8387543774575177,0.9981282118837491,1.2293610340284984,instance,informative+rand_extra
0,0.24473185180541623,0.0,0.058394160583941646,0.42105263157894735,0.19889472739348435,0.0,0.41266884779019497,0.9908256880733946,0.9565217391304348,0.6385749711428127,0.842038900400646,0.9965633010504671,0.975298937820109,instance,informative+rand_extra
0,0.1606172684720829,0.0,0.03508771929824561,0.5263157894736842,0.5725861583034844,0.0,0.43819397326362286,0.9891576313594662,1.0,0.667351932069602,0.85311038629969,0.9819901023614487,0.0008560136710260026,instance,informative+rand_extra
0,0.4785458132083631,0.0,0.05853658536585371,0.3684210526315789,0.25663296810413055,0.0,0.47124885367913005,0.9924937447873228,1.0,0.6675213138254751,0.8896893090563672,0.9963942137526569,-0.1365057621130553,instance,informative+rand_extra
0,0.1606172684720829,0.0,0.05853658536585371,0.5263157894736842,0.21093666694053692,0.0,0.4583108224417354,0.9899916597164303,1.0,0.6672538613245089,0.8698666260034819,0.9959292654959403,0.9005804398959653,instance,informative+rand_extra
0,0.6757474682606279,0.4,0.09090909090909094,0.47368421052631576,0.8078796047907923,0.0,0.4875479563652949,0.9983319432860718,1.0,0.6702027098769098,0.8537409578819234,0.9985504537968083,0.5123732018919156,instance,informative+rand_extra
0,0.2968151851387497,0.0,0.3846153846153846,0.7368421052631579,0.22854511561097024,0.0,0.43558285148408904,0.9774812343619683,1.0,0.6674112565976381,0.8755883812041488,0.9965102644172513,1.182418706841883,instance,informative+rand_extra
0,0.2968151851387497,0.0,0.0,0.42105263157894735,0.5444218809128744,0.0,0.43722105903106423,0.9908256880733946,1.0,0.6676942620778644,0.858946976201382,0.9806222971565843,0.8831500899433339,instance,informative+rand_extra
0,0.438527956065506,0.2,0.3846153846153846,0.5263157894736842,0.514253616031156,0.0,0.3822951619975109,0.9966638865721434,1.0,0.6673591727052836,0.8776758960952142,0.999234376323781,0.12150911410655243,instance,informative+rand_extra
0,0.24473185180541623,0.0,0.058394160583941646,0.42105263157894735,0.29510679563547804,0.0,0.41193784939398936,0.9908256880733946,1.0,0.6675569943311909,0.8675137120918481,0.9768399981364521,0.5813755086828688,instance,informative+rand_extra
0,0.20861699161715497,0.0,0.09090909090909094,0.47368421052631576,0.5643582117469191,0.0,0.44666356323591083,0.9916597164303587,1.0,0.6683535299885237,0.8774145232191924,0.9971814991457816,1.2136990059694295,instance,informative+rand_extra
0,0.1606172684720829,0.2,0.20618556701030932,0.5263157894736842,0.6629195389051297,0.0,0.4761182107095129,0.9983319432860718,1.0,0.6668161225633524,0.8342834102345726,0.9936446805234092,-0.567097585654158,instance,informative+rand_extra
0,0.21707735250569637,0.4,0.8068181818181819,0.47368421052631576,0.25437646162496164,0.0,0.4620031028942658,0.9983319432860718,1.0,0.6677295122330166,0.8673316541700424,0.9983889143987691,0.3810427972343582,instance,informative+rand_extra
0,0.27497970691604046,0.0,0.05853658536585371,0.5263157894736842,0.19684753683761635,0.0,0.4196455536075788,0.9908256880733946,1.0,0.6675934201808795,0.8612864463562456,0.9856834542113793,1.8373989489891267,instance,informative+rand_extra
0,0.16805774466255907,0.0,0.058394160583941646,0.42105263157894735,0.19334088070971772,0.0,0.4301759093103532,0.9741451209341118,1.0,0.6681654377019443,0.8604609855123703,0.9937031396409391,1.0009510718910895,instance,informative+rand_extra
0,0.4328612893988393,0.4,0.03508771929824561,0.47368421052631576,0.49809531177242705,0.0,0.43070657793973177,0.9983319432860718,1.0,0.6677443740853556,0.9061814078090206,0.9968779464869313,-0.4673280605220653,instance,informative+rand_extra
0,0.22845826145842474,0.0,0.05853658536585371,0.5263157894736842,0.1935955414223014,0.0,0.36320558292459415,0.9532944120100083,1.0,0.6678073183124623,0.8576109886320044,0.9860637895371728,1.4304681111851714,instance,informative+rand_extra
0,0.23926542120175476,0.2,0.05853658536585371,0.5263157894736842,0.2967472220718642,1.0,0.5028721490721184,1.0,1.0,0.6675721385389067,0.8765957583902307,0.9977439078841814,1.4965774885447602,instance,informative+rand_extra
0,0.8277353624797118,0.4,0.8136363636363636,0.8947368421052632,0.5628260577893848,1.0,0.5129217400345877,1.0,1.0,0.6682909595670549,0.8910436140830902,0.9970381609560046,-0.26405640351079196,instance,informative+rand_extra
0,0.4885279560655059,0.0,0.058394160583941646,0.42105263157894735,0.20442957391876376,0.0,0.4760811468134325,0.9933277731442869,1.0,0.668254313826891,0.8943173949382102,0.9946966198510601,1.099404948875453,instance,informative+rand_extra
0,0.23703481035755425,0.0,0.1875,0.5789473684210527,0.39435179128483544,0.0,0.41735936193934786,0.9949958298582152,1.0,0.6672039634300876,0.8972403485682695,0.9948609134421477,-0.5207872369014261,instance,informative+rand_extra
0,0.24473185180541623,0.2,0.058394160583941646,0.42105263157894735,0.359164624917114,0.0,0.4507930375735466,0.9966638865721434,1.0,0.6677500989720379,0.8652157782402811,0.9747857289459004,0.6245325719396138,instance,informative+rand_extra
0,0.4742422417797917,0.4,0.0,0.42105263157894735,0.7319082519945564,0.0,0.4418566281189923,0.9983319432860718,1.0,0.6678772068435691,0.8851410942492882,0.984010423919544,-1.0383169919549997,instance,informative+rand_extra
0,0.19930774466255907,0.0,0.0,0.3157894736842105,0.4311533690820676,0.0,0.4241950990898753,0.9916597164303587,1.0,0.6681741959352571,0.8684870477165008,0.9934504329702802,0.9643032903691544,instance,informative+rand_extra
0,0.17749170692671012,0.0,0.20618556701030932,0.631578947368421,0.6669655341917791,0.0,0.38723276317515765,0.9808173477898249,1.0,0.6680913272587942,0.8567159591178618,0.994374473234992,1.5052521391314793,instance,informative+rand_extra
0,0.1918672684720829,0.0,0.9333333333333333,0.3684210526315789,0.8929909794939603,0.0,0.43869431943051784,0.9949958298582152,1.0,0.6673269029612486,0.8656478591583981,0.9974458689774182,-0.6357951506870955,instance,informative+rand_extra
0,0.1606172684720829,0.0,0.05853658536585371,0.5263157894736842,0.3235127545849966,0.0,0.40944520280953545,0.9808173477898249,1.0,0.6674769314386061,0.8415814793014375,0.9998253580337374,0.43464103073214555,instance,informative+rand_extra
0,0.25703820864302307,0.0,0.1875,0.5789473684210527,0.23668576288173127,0.0,0.45450047107777103,0.9933277731442869,1.0,0.6671058783349736,0.8711745654407518,0.9726137411819352,0.5890281913985261,instance,informative+rand_extra
0,0.27751006608832274,0.0,0.20618556701030932,0.631578947368421,0.41604393201009715,0.0,0.4295032523941138,0.9949958298582152,1.0,0.6674868372318213,0.8777771611809553,0.9988681343754265,0.6482067278057687,instance,informative+rand_extra
0,0.22845826145842474,0.0,0.3846153846153846,0.5263157894736842,0.45421283396280754,0.0,0.4127675671678923,0.969140950792327,1.0,0.6680848334453955,0.8500286304141594,0.9877552375879695,0.025132323799744238,instance,informative+rand_extra
0,0.3584262611502518,0.2,0.20618556701030932,0.5263157894736842,0.2569423752445164,0.16666666666666666,0.4940815691966718,0.9991659716430359,1.0,0.6673869378739913,0.8882507598247176,0.9887997139943043,0.19810927011527382,instance,informative+rand_extra
0,0.364523518472083,0.0,0.08333333333333337,0.5789473684210527,0.6992619798246971,0.0,0.427891940634044,0.9949958298582152,1.0,0.6678415388157048,0.8782968325549144,0.9997723629303369,0.11236444335767783,instance,informative+rand_extra
0,0.23926542120175476,0.0,0.05853658536585371,0.5263157894736842,0.194037037011974,0.0,0.4503207880739325,0.994161801501251,1.0,0.6677368498519116,0.8735571416662707,0.9954393009401417,1.0162083787026601,instance,informative+rand_extra
0,0.23926542120175476,0.2,0.05853658536585371,0.5789473684210527,0.22388792875639318,0.0,0.4872854234546864,0.9974979149291076,1.0,0.6675078403152185,0.8608826068149833,0.9989761978103606,0.24097171072958054,instance,informative+rand_extra
0,0.17749170692671012,0.0,0.018867924528301883,0.2631578947368421,0.19225608721076526,0.0,0.4305518214436874,0.9791492910758965,1.0,0.6680190944472094,0.8522300736169849,0.997419842545178,1.8593637673407455,instance,informative+rand_extra
0,0.21707735250569637,0.2,0.9333333333333333,0.5263157894736842,0.2701463551942963,0.0,0.45381086775431656,0.9983319432860718,1.0,0.6679101468499481,0.8763992943374987,0.9786691791366031,0.6374960301349318,instance,informative+rand_extra
0,0.1606172684720829,0.0,0.11764705882352944,0.2631578947368421,0.6669676136642461,0.0,0.4500383147433502,0.9858215179316097,1.0,0.6676319392777009,0.8857273815841011,0.9954708456926601,0.034600937402606446,instance,informative+rand_extra
0,0.2041440541863686,0.2,0.8709677419354839,0.47368421052631576,0.3430329298171403,0.25,0.46376089347884797,0.9974979149291076,1.0,0.6676369234158701,0.8894370043593357,0.9940191513377112,-0.09816365115256448,instance,informative+rand_extra
0,0.29018639725996165,0.0,0.09090909090909094,0.47368421052631576,0.24802372417370178,0.0,0.4321997532312336,0.9958298582151793,1.0,0.6706746743480843,0.8601591178348642,0.9983001904820649,0.5971746185169821,instance,informative+rand_extra
0,0.371402956065506,0.0,0.8068181818181819,0.631578947368421,0.5761549275844672,0.0,0.47572336583690356,0.9924937447873228,1.0,0.6675928883151546,0.8977431678582996,0.9931929350207185,0.1502616043808219,instance,informative+rand_extra
0,0.4056613265925244,0.2,0.8068181818181819,0.5789473684210527,0.21470916615311125,0.3333333333333333,0.48996585315469043,0.9974979149291076,1.0,0.6669991970187172,0.8841073904320835,0.9984157787754095,-0.27357217759031865,instance,informative+rand_extra
0,0.17749170692671012,0.0,0.20618556701030932,0.631578947368421,0.20192660863931444,0.0,0.4344140077231673,0.9916597164303587,1.0,0.6681455308893087,0.8742255772292333,0.9968745694839035,1.451214346971908,instance,informative+rand_extra
0,0.24158715642726492,0.0,0.9375,0.2631578947368421,0.3449479980578588,0.0,0.4411362683156439,0.9958298582151793,0.9565217391304348,0.6666666666666666,0.8354720953420866,0.9777895415680694,0.22978749661693004,instance,informative+rand_extra
0,0.16805774466255907,0.0,0.05853658536585371,0.5263157894736842,0.28193706546768116,0.0,0.4446204353256936,0.9949958298582152,1.0,0.6797732317839675,0.850411840499107,0.977551782384946,0.016882299873023338,instance,informative+rand_extra
0,0.17749170692671012,0.0,0.0,0.3157894736842105,0.22421514557898248,0.0,0.45988827899119267,0.9949958298582152,1.0,0.6679365198529539,0.8808073421903113,0.9985645460581581,1.275833250319083,instance,informative+rand_extra
0,0.23926542120175476,0.2,0.18181818181818177,0.3157894736842105,0.1969287739297168,0.0,0.4900120797446932,0.9991659716430359,1.0,0.6674173867245874,0.8762752254284523,0.9908512876328331,0.4748887623714723,instance,informative+rand_extra
0,0.3168672684720829,0.2,0.0,0.21052631578947367,0.6669645679506365,0.0,0.47191047891945037,0.9966638865721434,0.9565217391304348,0.6627708623472964,0.8070049402145226,0.9408640595216393,-0.22209909400888006,instance,informative+rand_extra
0,0.2855314564626542,0.0,0.05853658536585371,0.5263157894736842,0.1969568593168482,0.0,0.4213324093529186,0.9908256880733946,0.9565217391304348,0.6406943669833618,0.859338007331752,0.9914606858809275,0.6438636032113798,instance,informative+rand_extra
0,0.17587024466255907,0.0,0.058394160583941646,0.42105263157894735,0.21764040871139123,0.0,0.44159528568182704,0.9866555462885738,1.0,0.6670892562581489,0.8778888514707023,0.9840321308644864,0.5884688902616521,instance,informative+rand_extra
0,0.3584262611502518,0.0,0.0,0.3684210526315789,0.5212489925024747,0.0,0.44523870964602286,0.9916597164303587,1.0,0.668570394998832,0.8641517949338527,0.9963992897148167,0.5049429536654456,instance,informative+rand_extra
0,0.40792629624986076,0.0,0.5569620253164558,0.631578947368421,0.2453155102367276,0.0,0.41918346940751305,0.9824854045037531,1.0,0.6678085930947167,0.878820590767337,0.9956232062939988,1.462827895455699,instance,informative+rand_extra
0,0.15020060180541628,0.0,0.1875,0.5789473684210527,0.3174021460637483,0.0,0.4678523300405062,0.9949958298582152,1.0,0.6673133697092912,0.8964158737425977,0.9953293714206355,0.22145427810070986,instance,informative+rand_extra
0,0.17541068583902963,0.0,0.058394160583941646,0.42105263157894735,0.28447659089277355,0.0,0.4153517883353499,0.994161801501251,1.0,0.6677826153569453,0.882390602168102,0.9978076268640919,0.042170905369002365,instance,informative+rand_extra
0,0.17749170692671012,0.0,0.20618556701030932,0.631578947368421,0.19833728541561957,0.0,0.4078376376003475,0.9899916597164303,1.0,0.6677727635383447,0.8737260961112973,0.9987192672747841,1.2716364039445551,instance,informative+rand_extra
0,0.19930774466255907,0.4,0.058394160583941646,0.42105263157894735,0.23210164328833294,0.0,0.45782533226669975,0.9974979149291076,1.0,0.668018448179661,0.8746819539285599,0.9772125428214985,1.3763734165061046,instance,informative+rand_extra
0,0.4764394248783833,0.4,0.20618556701030932,0.6842105263157895,0.5233101749872447,0.5,0.5259169595618539,1.0,1.0,0.6674278148078685,0.8994273836989592,0.9894559959843473,-0.46655686085081327,instance,informative+rand_extra
0,0.22926043086524528,0.0,0.8068181818181819,0.47368421052631576,0.47581565871896697,0.0,0.47231962726964105,0.9916597164303587,1.0,0.6672468391779914,0.8757210612134089,0.9946108390237811,-0.18568361266822284,instance,informative+rand_extra
0,0.1606172684720829,0.0,0.018867924528301883,0.2631578947368421,0.6668491318883223,0.0,0.3685322445313336,0.9924937447873228,1.0,0.6690931152182013,0.8548227989295545,0.9577854689635177,1.2188892427058178,instance,informative+rand_extra
0,0.19930774466255907,0.0,0.058394160583941646,0.42105263157894735,0.229905315808282,0.0,0.44964696391562997,0.9891576313594662,1.0,0.6694870796395187,0.8623025010860516,0.9742833528169254,0.14012373375768608,instance,informative+rand_extra
0,0.438527956065506,0.0,0.0,0.42105263157894735,0.527818802611321,0.0,0.4707693793450497,0.9949958298582152,1.0,0.6670828962607979,0.8593365204290989,0.9835788847751101,-1.0755097671121783,instance,informative+rand_extra
0,0.44785685180541623,0.4,0.8136363636363636,0.631578947368421,0.9212285996322009,0.0,0.4896179129565851,0.9983319432860718,1.0,0.6776014948639707,0.852442684113355,0.9934110590186778,-0.5372682971056604,instance,informative+rand_extra
0,0.19930774466255907,0.0,0.8136363636363636,0.8421052631578947,0.4930325444018079,0.0,0.4712789214924875,0.9958298582151793,1.0,0.6678199047032517,0.8872360530800789,0.9913155218234997,-0.6431185535518277,instance,informative+rand_extra
0,0.30924798083767435,0.0,0.0,0.3157894736842105,0.4603923231509487,0.0,0.4820571345511916,0.9949958298582152,1.0,0.6680479003894556,0.8580207885029689,0.9930172887810133,-0.02415637144173861,instance,informative+rand_extra
0,0.23055774466255907,0.0,0.058394160583941646,0.42105263157894735,0.21172005457994791,0.0,0.4141858303967867,0.987489574645538,1.0,0.6819593251413054,0.8710271829256658,0.9975306117362445,0.30142891964754115,instance,informative+rand_extra
0,0.32430774466255907,0.6,0.9616252821670429,0.3684210526315789,0.7011917211683736,0.0,0.49218787519714446,0.9983319432860718,1.0,0.6679184896634365,0.8808359496773758,0.9991132187788018,-0.6409747575957659,instance,informative+rand_extra
0,0.31509959170440616,0.2,0.20618556701030932,0.6842105263157895,0.3493423249710613,0.25,0.48423285842951413,0.9983319432860718,1.0,0.6672140978693418,0.9039195062629383,0.9911238925312948,-0.7374823129791176,instance,informative+rand_extra
0,0.38004556304572634,0.2,0.08333333333333337,0.5789473684210527,0.1976744898660966,0.5,0.48353352440152697,0.9974979149291076,1.0,0.6729972513779673,0.8307481289991526,0.997310664290026,0.9804187146352018,instance,informative+rand_extra
0,0.19930774466255907,0.2,0.12195121951219512,0.5789473684210527,0.391655561027311,0.0,0.43396312848530316,0.9966638865721434,1.0,0.6682502431269897,0.8904665495252332,0.9988145807390763,0.31516174855302237,instance,informative+rand_extra
0,0.1606172684720829,0.0,0.08333333333333337,0.5789473684210527,0.6669679116242504,0.0,0.4324717350898065,0.9866555462885738,1.0,0.6722152841163085,0.8422975442977563,0.988924024304065,1.072117910992139,instance,informative+rand_extra
0,0.3648035363932298,0.2,0.0,0.47368421052631576,0.6261230800095577,0.0,0.4655218345518015,0.9974979149291076,1.0,0.6677321879476281,0.846728266045811,0.9941357385474409,-0.36702524118380925,instance,informative+rand_extra
0,0.6282251391640975,0.2,0.1875,0.5789473684210527,0.4888695419602529,0.0,0.47637758806120967,0.9991659716430359,1.0,0.6669531761617821,0.8397070744612097,0.9976930308207241,-0.33586340533378944,instance,informative+rand_extra
0,0.4407251391640975,0.0,0.0,0.42105263157894735,0.5210498259650898,0.0,0.42795817566420125,0.9933277731442869,1.0,0.6676529355827456,0.8949009820170467,0.9935865128503103,0.25616162418008753,instance,informative+rand_extra
0,0.30924798083767435,0.0,0.12195121951219512,0.5789473684210527,0.28167841358375895,0.0,0.3786449293817308,0.9933277731442869,0.9565217391304348,0.6403599744903132,0.8229509535402244,0.9837682553223751,-0.18134858167037468,instance,informative+rand_extra
0,0.24473185180541623,0.0,0.18181818181818177,0.3157894736842105,0.19375986363838782,0.0,0.426040499083818,0.9858215179316097,0.9565217391304348,0.6637769151892524,0.8212874387806268,0.982555718887561,0.6529875417632047,instance,informative+rand_extra
0,0.3695703793147287,0.0,0.058394160583941646,0.3684210526315789,0.20105500253340308,0.0,0.37711314495007264,0.9716430358632193,1.0,0.6681794336450682,0.8622290939636124,0.9873785258446877,1.013170036350206,instance,informative+rand_extra
0,0.19930774466255907,0.4,0.058394160583941646,0.42105263157894735,0.23795416348778486,0.0,0.4930930829336202,0.9991659716430359,1.0,0.6678788383369646,0.8892475017608505,0.9840472205147496,0.7336931345338659,instance,informative+rand_extra
0,0.3695703793147287,0.0,0.058394160583941646,0.42105263157894735,0.19408661389505022,0.0,0.4801967363186953,0.994161801501251,1.0,0.6683627700443665,0.8691989889826999,0.9945000709233555,1.4602358333363998,instance,informative+rand_extra
0,0.6257474682606279,0.2,0.9467213114754098,0.8421052631578947,0.8379487564545206,0.0,0.4662645964503467,0.9974979149291076,1.0,0.6682006761222692,0.8798485527466567,0.9943799219793488,-1.1120519054718043,instance,informative+rand_extra
0,0.4516466001333026,0.2,0.3846153846153846,0.47368421052631576,0.23640289757966393,0.0,0.48981728204192654,0.9983319432860718,1.0,0.6671842504024522,0.8639873110283104,0.9916938243839906,-0.009857549422120944,instance,informative+rand_extra
0,0.438527956065506,0.0,0.05853658536585371,0.5263157894736842,0.4410875604067542,0.0,0.4763185624791474,0.9933277731442869,1.0,0.6677699007162854,0.8469321969426545,0.993178951851354,-0.05271354373152715,instance,informative+rand_extra
0,0.21915837359337664,0.0,0.018867924528301883,0.2631578947368421,0.24414160176673116,0.0,0.46462913664360894,0.9908256880733946,1.0,0.6675455381778624,0.8759005712035944,0.9755940008988554,0.5720103797642985,instance,informative+rand_extra
0,0.1684297684720829,0.0,0.08333333333333337,0.5789473684210527,0.22957259164709293,0.0,0.47595924474962725,0.9949958298582152,0.9565217391304348,0.6586976876442154,0.8737880796355888,0.9987097303306807,0.844124325365955,instance,informative+rand_extra
0,0.1684297684720829,0.0,0.08333333333333337,0.5789473684210527,0.4370423792069684,0.0,0.42249047050341204,0.987489574645538,1.0,0.6713494834662564,0.8545881049476146,0.9905462953787982,0.06480329869131243,instance,informative+rand_extra
0,0.787165697112338,0.4,0.03508771929824561,0.47368421052631576,0.7772573548152935,0.5,0.5205721792947602,1.0,1.0,0.6673939780990564,0.8632285438168588,0.9998283307919726,-0.0731396951107136,instance,informative+rand_extra
0,0.35345826145842474,0.6,0.08333333333333337,0.5789473684210527,0.39090600524431296,0.6666666666666666,0.470423146486583,0.9991659716430359,1.0,0.6675048652493742,0.9098930624872703,0.9995038515102347,0.18766673589491756,instance,informative+rand_extra
0,0.1918672684720829,0.2,0.08333333333333337,0.5789473684210527,0.21793760475274204,0.0,0.42243242209937915,0.9974979149291076,1.0,0.6677249208069838,0.8787580741131805,0.989816546060041,1.4736301516558927,instance,informative+rand_extra
0,0.38286128939883934,0.0,0.20618556701030932,0.47368421052631576,0.4726867710984154,0.0,0.4738103825074964,0.9933277731442869,1.0,0.6681799014601197,0.8554523177035752,0.9934634591158878,0.10032570356236023,instance,informative+rand_extra
0,0.25504556304572634,0.0,0.08333333333333337,0.5789473684210527,0.20257853714172602,0.0,0.4270808089691406,0.994161801501251,1.0,0.6675654413521501,0.8918512338299449,0.9957112162000185,0.5574642176572037,instance,informative+rand_extra
0,0.24473185180541623,0.0,0.058394160583941646,0.42105263157894735,0.19679462997200436,0.0,0.4417082601875346,0.9599666388657214,1.0,0.6674558145115252,0.8351738744914836,0.9975793652077918,1.2681272849017626,instance,informative+rand_extra
0,0.552023518472083,0.4,0.12195121951219512,0.5263157894736842,0.6962741136224285,0.0,0.4880656663682943,0.9983319432860718,1.0,0.6715963835917317,0.8628764607127551,0.9835950624938118,0.2633387508559321,instance,informative+rand_extra
0,0.25118553418569745,0.0,0.20618556701030932,0.631578947368421,0.2590903451775084,0.0,0.4278379270212358,0.9924937447873228,1.0,0.6673965880734992,0.8730233692834702,0.9946509773747088,0.35729147061902056,instance,informative+rand_extra
0,0.29464504624986065,0.0,0.03508771929824561,0.47368421052631576,0.4209014838490469,0.0,0.45876057308681095,0.9958298582151793,1.0,0.6674258533100652,0.8977357690472876,0.9918099286098557,0.7594625406297034,instance,informative+rand_extra
0,0.22926043086524528,0.2,0.20618556701030932,0.47368421052631576,0.3883929124811626,0.0,0.4535294373367005,0.9966638865721434,1.0,0.6673260762632408,0.8558655445771682,0.9684852656852935,1.2512295145599879,instance,informative+rand_extra
0,0.7990982158193094,0.6,0.09090909090909094,0.47368421052631576,0.5027156358630772,0.5,0.468932471947741,0.9991659716430359,1.0,0.6675212672316752,0.899358786470171,0.9918847835654001,-0.65405717784456,instance,informative+rand_extra
0,0.17541068583902963,0.0,0.9333333333333333,0.5263157894736842,0.22215777803513964,0.0,0.47231908225986885,0.994161801501251,1.0,0.6678402299554118,0.8854071557206497,0.9938197832303388,1.037818357746383,instance,informative+rand_extra
0,0.1684297684720829,0.0,0.08333333333333337,0.5789473684210527,0.6267410160912236,0.0,0.4236425842229363,0.9908256880733946,1.0,0.6689039291180748,0.881527699265453,0.984396699750964,0.5107992748168918,instance,informative+rand_extra
0,0.22845826145842474,0.0,0.20618556701030932,0.631578947368421,0.1979830701136862,0.0,0.4450003320462155,0.9883236030025021,1.0,0.6674979080570425,0.867930642597417,0.9947706794979897,0.9882480553928664,instance,informative+rand_extra
0,0.324527956065506,0.0,0.5569620253164558,0.631578947368421,0.526728791050872,0.0,0.45269206561987096,0.9949958298582152,1.0,0.6677359122285911,0.8715385317268979,0.9881883777263608,-0.658135829093091,instance,informative+rand_extra
0,0.24473185180541623,0.0,0.018867924528301883,0.2631578947368421,0.19314711251875438,0.0,0.41716634125964835,0.9549624687239366,1.0,0.6672150520449853,0.8269008303480724,0.9862462654667157,1.0027288766454743,instance,informative+rand_extra
0,0.20861699161715497,0.0,0.41666666666666663,0.47368421052631576,0.8861270229186813,0.0,0.4008723069136626,0.994161801501251,1.0,0.6675431428298726,0.8386367473432593,0.9971534845673174,0.5230285767015389,instance,informative+rand_extra
0,0.5316342300731884,0.0,0.1875,0.5789473684210527,0.40337205580123514,0.0,0.47475220184260736,0.9958298582151793,1.0,0.667655377239913,0.8972643664019087,0.9944071355948245,-0.21991461415510014,instance,informative+rand_extra
0,0.4516466001333026,0.8,0.9616252821670429,0.3157894736842105,0.5294427149540892,0.0,0.4811328268468116,0.9991659716430359,1.0,0.6672976544173559,0.8807964620243353,0.9990042114390337,-0.09601983375353294,instance,informative+rand_extra
0,0.24473185180541623,0.0,0.018867924528301883,0.2631578947368421,0.19907182790524802,0.0,0.4164778965807462,0.9899916597164303,1.0,0.6676436788968786,0.8699209502212529,0.9953113374704095,1.122616178818704,instance,informative+rand_extra
0,0.1996797684720829,0.2,0.11764705882352944,0.2631578947368421,0.25553928870278114,1.0,0.5000717094688462,1.0,1.0,0.6678458211091346,0.86941192217924,0.9962879595550909,0.7602149433431205,instance,informative+rand_extra
0,0.5889082404016963,0.4,0.03508771929824561,0.47368421052631576,0.6333948261103743,0.5,0.4602251561869728,0.9983319432860718,1.0,0.6678103225954866,0.9018646061230362,0.9957339681990742,0.4488422165127475,instance,informative+rand_extra
0,0.196712229712393,0.0,0.20618556701030932,0.631578947368421,0.19210397643701543,0.0,0.3984604761178524,0.9799833194328608,1.0,0.6674663112888558,0.8363981951495157,0.9978382857469902,1.602976040438045,instance,informative+rand_extra
0,0.4407251391640975,0.0,0.05853658536585371,0.5263157894736842,0.22974608695180365,0.0,0.3871892709366205,0.981651376146789,1.0,0.6676443944750693,0.8888652495375899,0.996506791158538,0.3460314171782157,instance,informative+rand_extra
0,0.17749170692671012,0.0,0.05853658536585371,0.5263157894736842,0.19176883128755612,0.0,0.3870418278823681,0.9591326105087573,1.0,0.6682056692587522,0.842815057818524,0.9872268871141117,1.8392574391850272,instance,informative+rand_extra
0,0.5627577112444136,0.4,0.8136363636363636,0.6842105263157895,0.6564102184840284,0.5,0.46767971120157803,0.9983319432860718,1.0,0.6674664423592326,0.8936989602240962,0.9981887526960499,-0.5350433119973728,instance,informative+rand_extra
0,0.3584262611502518,0.0,0.20618556701030932,0.5789473684210527,0.20275639194071393,0.0,0.41662496105512614,0.9808173477898249,1.0,0.6671610811037983,0.8437785247672899,0.9998456582945794,0.3640965761525355,instance,informative+rand_extra
0,0.2855314564626542,0.4,0.05853658536585371,0.5263157894736842,0.20216279784314933,0.0,0.4909517590241633,0.9991659716430359,1.0,0.6672614975388452,0.8921062335852403,0.990861877505394,0.09507852831393261,instance,informative+rand_extra
0,0.24473185180541623,0.2,0.85,0.47368421052631576,0.29905941919139145,0.0,0.47162412390103736,0.9974979149291076,1.0,0.6674401879327387,0.8760876971588967,0.9878620185683671,-0.40778660838232544,instance,informative+rand_extra
0,0.331741655726985,0.2,0.1875,0.5789473684210527,0.3483709602574435,0.4,0.4431641291140399,0.9983319432860718,1.0,0.6676158265767105,0.885962641214667,0.979731194583717,0.47043274497689364,instance,informative+rand_extra
0,0.15020060180541628,0.2,0.18181818181818177,0.3157894736842105,0.19389064767381764,1.0,0.5263817441851628,1.0,0.9565217391304348,0.6116362663721249,0.8293805967640001,0.998190248730356,0.603300291497302,instance,informative+rand_extra
0,0.23926542120175476,0.0,0.05853658536585371,0.5263157894736842,0.19717461697460964,0.0,0.4521337283732644,0.9858215179316097,1.0,0.667509261433369,0.8669135607398563,0.9952174417289387,1.3639439398593451,instance,informative+rand_extra
0,0.1684297684720829,0.0,0.05853658536585371,0.5789473684210527,0.1934991664359566,0.0,0.44921477399735765,0.9891576313594662,1.0,0.6680791732422023,0.8605970997270408,0.9968761145748954,0.7580852383648604,instance,informative+rand_extra
0,0.438527956065506,0.2,0.20618556701030932,0.631578947368421,0.20330531014858744,0.0,0.48425459203513443,0.9991659716430359,0.9565217391304348,0.6364140490046758,0.863412602358804,0.9970706461678821,1.671982434782781,instance,informative+rand_extra
0,0.3648035363932298,0.0,0.058394160583941646,0.3684210526315789,0.19221657613753912,0.0,0.4553804304572425,0.9899916597164303,0.9565217391304348,0.6210613528582185,0.8249879430858761,0.9877225279147379,1.161983080069576,instance,informative+rand_extra
0,0.20861699161715497,0.0,0.09090909090909094,0.47368421052631576,0.8904638878555694,0.0,0.39927586791186,0.9958298582151793,1.0,0.6680121805608462,0.8750538127399572,0.9930106943630899,-0.32849774445346547,instance,informative+rand_extra
0,0.1684297684720829,0.0,0.20618556701030932,0.631578947368421,0.1927202187000714,0.0,0.40338059809638915,0.957464553794829,1.0,0.6678950944727555,0.8684292693450147,0.9796628653587692,1.4665630203843294,instance,informative+rand_extra
0,0.1606172684720829,0.0,0.20618556701030932,0.5263157894736842,0.20524368479964156,0.0,0.42572494304013886,0.9791492910758965,0.9565217391304348,0.6574727719373563,0.8407838985636985,0.9827297564654488,0.6529225831782842,instance,informative+rand_extra
0,0.4770898980210958,1.0,0.20618556701030932,0.631578947368421,0.38797376051797805,0.8,0.605217571075392,1.0,1.0,0.6675216372872298,0.9164911798053028,0.9988301716209933,-0.3211544765892888,instance,informative+rand_extra
0,0.7893928209303708,0.4,0.9616252821670429,0.42105263157894735,0.9151322338343029,1.0,0.5049262198208249,1.0,1.0,0.6678157172251081,0.8398614661085182,0.9947378233369637,-0.8136447998893765,instance,informative+rand_extra
0,0.5813850989226488,0.2,0.0,0.3157894736842105,0.22975530794194304,0.0,0.49730442313534884,0.9991659716430359,1.0,0.6680192680155258,0.9014535025060314,0.9984644128017679,0.8366779733172994,instance,informative+rand_extra
0,0.19930774466255907,0.4,0.8068181818181819,0.5789473684210527,0.528549279438742,0.16666666666666666,0.48497352023842566,0.9983319432860718,1.0,0.6675306692881185,0.9038858284102905,0.9939620061756064,-0.3253556518790746,instance,informative+rand_extra
0,0.2968151851387497,0.2,0.1875,0.47368421052631576,0.570117004609415,0.0,0.4511349156386466,0.9974979149291076,1.0,0.667569117148239,0.8522970636512153,0.9923044053035294,0.11014998536868933,instance,informative+rand_extra
0,0.4516466001333026,0.2,0.08333333333333337,0.5789473684210527,0.2820663082550953,0.2,0.4580837558960731,0.9966638865721434,1.0,0.6676018610214192,0.8993407708555479,0.9983715466272388,0.9381921468625446,instance,informative+rand_extra
0,0.7889972057182992,0.0,0.85,0.6842105263157895,0.8135284930654509,0.0,0.4458382633537009,0.9933277731442869,1.0,0.6676069338971257,0.8930820446304781,0.9927069515980254,-1.424862469365151,instance,informative+rand_extra
0,0.2628041837353815,0.0,0.1875,0.5789473684210527,0.2214524357903513,0.0,0.40262755331493316,0.981651376146789,1.0,0.6677356179968315,0.8656307247125813,0.9853139131685256,1.486618603385937,instance,informative+rand_extra
0,0.24473185180541623,0.2,0.058394160583941646,0.42105263157894735,0.32471127534591526,0.0,0.43604061810100503,0.9974979149291076,1.0,0.6676225776796014,0.8663233371807186,0.9999542622519256,0.5608425713819867,instance,informative+rand_extra
0,0.17541068583902963,0.0,0.0,0.42105263157894735,0.3264458224050064,0.0,0.37153745316930253,0.9866555462885738,1.0,0.6680671769418302,0.863677427406616,0.9919037339601526,0.4376494351306416,instance,informative+rand_extra
0,0.15020060180541628,0.0,0.3846153846153846,0.5789473684210527,0.31259781900487527,0.0,0.39015681437052574,0.9899916597164303,1.0,0.6672769254884149,0.861756507695896,0.9980372444453518,0.747526965421452,instance,informative+rand_extra
0,0.196712229712393,0.4,0.12195121951219512,0.5789473684210527,0.29521449594600596,0.5,0.4384807712416562,0.9991659716430359,1.0,0.6680590545385096,0.8805886094516898,0.9935264338421393,0.6116458696698723,instance,informative+rand_extra
0,0.16805774466255907,0.4,0.9467213114754098,0.5263157894736842,0.29715162347050494,0.0,0.48044590607983995,0.9991659716430359,0.9565217391304348,0.6369294948148253,0.863390098939525,0.9965691582169365,-1.1573298019433138,instance,informative+rand_extra
0,0.24473185180541623,0.0,0.8,0.5263157894736842,0.220663708626066,0.0,0.4366081626687611,0.9949958298582152,0.9565217391304348,0.579890000407223,0.8334186793418187,0.9801764861211449,1.123905571417833,instance,informative+rand_extra
0,0.2669197999199632,0.2,0.0,0.3157894736842105,0.40229906507012203,0.3333333333333333,0.5044830506392342,1.0,1.0,0.6682140413497272,0.8750307465593292,0.9982711615784279,1.1004572521242935,instance,informative+rand_extra
0,0.22926043086524528,0.0,0.03508771929824561,0.47368421052631576,0.5216878741796249,0.0,0.4435238742261397,0.9916597164303587,1.0,0.6671905875947195,0.882864528514173,0.9850381265227034,-0.8498646890454415,instance,informative+rand_extra
0,0.19930774466255907,0.0,0.08333333333333337,0.5789473684210527,0.7020703556518585,0.0,0.4582432792093788,0.994161801501251,1.0,0.676123453197157,0.8512384411988358,0.9894307791942918,-0.1814994819150994,instance,informative+rand_extra
0,0.23703481035755425,0.0,0.0,0.42105263157894735,0.5926508586194872,0.0,0.3945845270323154,0.994161801501251,1.0,0.6673504710954435,0.8761806397182986,0.993320301818047,-0.6948511273980644,instance,informative+rand_extra
0,0.5878612893988393,0.0,0.08333333333333337,0.631578947368421,0.45059179989796644,0.0,0.40072196025708395,0.9958298582151793,1.0,0.6679219790946508,0.8641245957250475,0.9822260973416052,0.726402724192401,instance,informative+rand_extra
0,0.371402956065506,0.4,0.20618556701030932,0.631578947368421,0.3081189840792483,0.0,0.45735999892361057,0.9991659716430359,1.0,0.6680318233448751,0.8640293180276203,0.9950374042490827,0.5731215562475142,instance,informative+rand_extra
0,0.31509959170440616,0.6,0.20618556701030932,0.5263157894736842,0.3229811275899177,0.2,0.46913513197425594,0.9991659716430359,1.0,0.6676283310227604,0.9006369832815387,0.9919206006762433,0.7264113244587923,instance,informative+rand_extra
0,0.364523518472083,0.0,0.20618556701030932,0.631578947368421,0.41865798599509196,0.0,0.4202881419663246,0.9958298582151793,1.0,0.6674741116867311,0.8877089517891043,0.9907820064822418,0.18758879966799366,instance,informative+rand_extra
0,0.3695703793147287,0.0,0.018867924528301883,0.2631578947368421,0.23493339964001014,0.0,0.47544960227720723,0.9933277731442869,1.0,0.6682795595874865,0.8410169289060138,0.9688179336419942,-0.6019064109290878,instance,informative+rand_extra
0,0.30924798083767435,0.0,0.018867924528301883,0.2631578947368421,0.21250324917161068,0.0,0.41936894405662806,0.9891576313594662,0.9565217391304348,0.6583083940859178,0.7991849719237586,0.9810608632501444,1.1957074493384368,instance,informative+rand_extra
0,0.2628041837353815,0.0,0.05853658536585371,0.5263157894736842,0.19406603983699205,0.0,0.41871976752890017,0.9833194328607172,1.0,0.6672735946832783,0.8687913643228183,0.9944216692351403,0.9190664843017771,instance,informative+rand_extra
0,0.22845826145842474,0.0,0.05853658536585371,0.5263157894736842,0.20175975098290316,0.0,0.42659562327657163,0.9924937447873228,1.0,0.6692513653149773,0.8656490563706041,0.9952419264581421,0.551181952210086,instance,informative+rand_extra
0,0.5627577112444136,0.0,0.3846153846153846,0.5263157894736842,0.5055505688650659,0.0,0.4503220809579641,0.9891576313594662,1.0,0.6678370774675142,0.889672505143067,0.999214587219015,-0.29826040227672507,instance,informative+rand_extra
0,0.30924798083767435,0.8,0.8136363636363636,0.631578947368421,0.805617742268882,0.5,0.5555769286092198,1.0,1.0,0.6678100155788097,0.8871061388994557,0.9997521958583732,-0.7097030584563073,instance,informative+rand_extra
0,0.5645235184720829,0.0,0.8136363636363636,0.8421052631578947,0.45429216756458535,0.0,0.42066174910706,0.9924937447873228,1.0,0.667882573761905,0.8694624281833012,0.9865367864383512,-0.45635290913004417,instance,informative+rand_extra
0,0.32430774466255907,0.4,0.058394160583941646,0.42105263157894735,0.3810603651225204,1.0,0.5247328955843664,1.0,1.0,0.668026258851938,0.8809689183104206,0.993321427625303,0.456337177709713,instance,informative+rand_extra
0,0.4828612893988393,0.2,0.03508771929824561,0.47368421052631576,0.8996072277788301,0.0,0.46086127782141073,0.9983319432860718,1.0,0.6670968883392989,0.8504591571226028,0.9742925126297145,-0.03341849369479853,instance,informative+rand_extra
0,0.3109083223936515,0.0,0.03508771929824561,0.47368421052631576,0.3925400733372555,0.16666666666666666,0.425696866342943,0.9924937447873228,1.0,0.6672433575177792,0.8860373658695483,0.9852051980536813,-0.1539420122238712,instance,informative+rand_extra
0,0.29018639725996165,0.2,0.7692307692307692,0.47368421052631576,0.5011526142257433,0.0,0.4428836676832243,0.9974979149291076,1.0,0.6842600671008131,0.8502720824659767,0.9896796233642832,0.10309771681352531,instance,informative+rand_extra
0,0.8325264214775474,0.4,0.2727272727272727,0.47368421052631576,0.501403814783635,0.0,0.48623797298368066,0.9974979149291076,1.0,0.667505549412092,0.8713947311874929,0.9845302927022916,-0.12991282460380013,instance,informative+rand_extra
0,0.25504556304572634,0.0,0.1875,0.5789473684210527,0.20539475318851796,0.0,0.4446367546720429,0.9891576313594662,1.0,0.6677664741701587,0.8613233808916223,0.9793243604668423,0.5936422290377263,instance,informative+rand_extra
0,0.17749170692671012,0.0,0.20618556701030932,0.631578947368421,0.22036429934963925,0.0,0.37949322816371067,0.9708090075062552,1.0,0.6680850361081884,0.8542231470513765,0.9884327313312664,1.7806885563714456,instance,informative+rand_extra
0,0.22845826145842474,0.0,0.20618556701030932,0.5263157894736842,0.2276987758100647,0.0,0.4444080330480229,0.9949958298582152,1.0,0.6673459414597102,0.8750984650782901,0.9982814256179872,1.368322855005407,instance,informative+rand_extra
0,0.4885279560655059,0.0,0.20618556701030932,0.631578947368421,0.21278895474172504,0.0,0.4359044086908388,0.97581317764804,1.0,0.6676596287454356,0.8624889974198104,0.9972789875653087,0.3325887575363853,instance,informative+rand_extra
0,0.3584262611502518,0.0,0.03508771929824561,0.47368421052631576,0.7662179472774346,0.0,0.4484258125513332,0.9958298582151793,1.0,0.6674849499362963,0.8867234614549567,0.989555421063451,-0.017626315721590933,instance,informative+rand_extra
0,0.438527956065506,0.2,0.5569620253164558,0.631578947368421,0.6325053712498584,0.0,0.44920931818796384,0.9983319432860718,1.0,0.6671518331860153,0.8851439898236783,0.990744719617832,-0.8975128882429755,instance,informative+rand_extra
0,0.23703481035755425,0.2,0.0,0.3684210526315789,0.8027227530697439,1.0,0.5172229451517002,1.0,0.9565217391304348,0.6666666666666666,0.8717390094415591,0.9950048512686159,1.107818351722415,instance,informative+rand_extra
0,0.3584262611502518,0.0,0.20618556701030932,0.5263157894736842,0.25059481263757466,0.0,0.4616193472753378,0.9899916597164303,1.0,0.6696409323844502,0.870659916392849,0.9891202077426671,0.8908110778615052,instance,informative+rand_extra
0,0.29018639725996165,0.0,0.058394160583941646,0.42105263157894735,0.23465191310969197,0.0,0.4407706991982411,0.9933277731442869,1.0,0.6728351761702057,0.8524840363011954,0.9938276957358189,0.34779861368464887,instance,informative+rand_extra
0,0.1684297684720829,0.0,0.08333333333333337,0.5789473684210527,0.3016651667026982,0.0,0.47933171506498906,0.9949958298582152,1.0,0.6676881885533101,0.8783563293028639,0.9978293901893254,0.5543927570898135,instance,informative+rand_extra
0,0.23926542120175476,0.0,0.3846153846153846,0.5263157894736842,0.41794804238893835,0.0,0.4564413768586627,0.9933277731442869,1.0,0.6675419365341766,0.8653934488979383,0.9766331375335552,0.6254016538698075,instance,informative+rand_extra
0,0.2196450462498607,0.0,0.05853658536585371,0.5263157894736842,0.1917263180882186,0.0,0.4319588575788571,0.9774812343619683,0.9565217391304348,0.5766300746563562,0.8299234816117081,0.9945583748016003,1.3475922757384704,instance,informative+rand_extra
0,0.26964504624986074,0.0,0.05853658536585371,0.5263157894736842,0.22776640844615947,0.0,0.39790540413059916,0.9791492910758965,1.0,0.6677262345215355,0.8512937133214578,0.9985955484227871,0.8196407824189726,instance,informative+rand_extra
0,0.196712229712393,0.0,0.058394160583941646,0.42105263157894735,0.19601973203331824,0.0,0.4440134604298024,0.9958298582151793,1.0,0.6674544882228517,0.8592667791798464,0.9910687809786989,0.805504419482255,instance,informative+rand_extra
0,0.4516466001333026,0.2,0.5569620253164558,0.631578947368421,0.38464472792129945,0.0,0.45418855907402533,0.9974979149291076,1.0,0.6679027424819001,0.8958540846969368,0.9771931501648276,0.10588609536064561,instance,informative+rand_extra
0,0.1918672684720829,0.0,0.08333333333333337,0.5789473684210527,0.20881470309106226,0.0,0.43764731326070927,0.9858215179316097,1.0,0.6683095943127735,0.8856191045088196,0.993127371564891,1.5790613432960348,instance,informative+rand_extra
0,0.438527956065506,0.2,0.0,0.3157894736842105,0.2573727372718153,0.0,0.4629071311349322,0.9983319432860718,1.0,0.6680272177138592,0.8626605000336707,0.9973294228644043,0.6682666410438215,instance,informative+rand_extra
0,0.19930774466255907,0.0,0.058394160583941646,0.42105263157894735,0.20062398120860314,0.0,0.4441604870218022,0.9958298582151793,1.0,0.6685389200439429,0.878425698424446,0.9841261343423775,1.2582248401793241,instance,informative+rand_extra
0,0.6408915924291423,0.2,0.018867924528301883,0.3157894736842105,0.6469004484228792,0.0,0.479007049538863,0.9966638865721434,1.0,0.6682230406663602,0.8726585855667628,0.9984627177645607,-0.5208790815534927,instance,informative+rand_extra
0,0.22845826145842474,0.0,0.20618556701030932,0.631578947368421,0.5086140631512174,0.0,0.41082274943952735,0.9791492910758965,1.0,0.6675446608042648,0.8671496566978416,0.998301540140093,0.31318117777122545,instance,informative+rand_extra
0,0.17749170692671012,0.0,0.0,0.47368421052631576,0.19755283143649643,0.0,0.40062302016380935,0.9883236030025021,1.0,0.6673185834084795,0.883406439158209,0.9909064598717966,1.2835726202804412,instance,informative+rand_extra
0,0.5889082404016963,0.0,0.018867924528301883,0.2631578947368421,0.45683780695407006,0.0,0.47383232191658475,0.9958298582151793,1.0,0.6677264171428341,0.8786959062147455,0.9811761516215589,0.4504856111651035,instance,informative+rand_extra
0,0.1684297684720829,0.0,0.20618556701030932,0.631578947368421,0.19187440799368777,0.0,0.4047865927527168,0.969140950792327,1.0,0.6678992918940732,0.8546944389324579,0.9943958751773627,1.4805621514267442,instance,informative+rand_extra
0,0.3695703793147287,0.0,0.018867924528301883,0.2631578947368421,0.19205264476786754,0.0,0.4293515607810938,0.9791492910758965,1.0,0.6680720256975495,0.865155868660599,0.9839537568383181,1.1693844768555788,instance,informative+rand_extra
0,0.24473185180541623,0.0,0.5569620253164558,0.7368421052631579,0.6425944461938912,0.0,0.4679447588165909,0.9866555462885738,1.0,0.6676316294480653,0.8698508372032926,0.9975061378727843,-0.5946790717402748,instance,informative+rand_extra
0,0.324527956065506,0.6,0.09090909090909094,0.47368421052631576,0.3585439018956639,0.5,0.509276759863414,1.0,1.0,0.66746690078972,0.8899649983019874,0.9957143228628642,-0.13459191029540088,instance,informative+rand_extra
0,0.2968151851387497,0.2,0.08333333333333337,0.631578947368421,0.4685669056289784,0.0,0.45106959611273423,0.9983319432860718,1.0,0.6675623076720709,0.8724345029681031,0.9919614738386077,0.35146329646281554,instance,informative+rand_extra
0,0.3770847929818868,0.0,0.1875,0.5789473684210527,0.32961727985912886,0.0,0.460923222572193,0.9933277731442869,1.0,0.6675313124603895,0.856741404020924,0.9998140722139499,-0.17457999226483914,instance,informative+rand_extra
0,0.1606172684720829,0.0,0.20618556701030932,0.631578947368421,0.19192726059213178,0.0,0.39488698845058345,0.97581317764804,1.0,0.6678587901527795,0.8649760988366699,0.9957466689807374,1.8339827725023783,instance,informative+rand_extra
0,0.324527956065506,0.0,0.09090909090909094,0.47368421052631576,0.4305952330471444,0.0,0.40357308072307485,0.9883236030025021,1.0,0.6674134833150429,0.8515316638921064,0.9884177020844717,-1.143550462251301,instance,informative+rand_extra
0,0.6196450462498607,0.8,0.20618556701030932,0.6842105263157895,0.47291428307922667,1.0,0.5157235334989595,1.0,1.0,0.6670506987230708,0.8487996222182868,0.9818964925517395,0.530643643008133,instance,informative+rand_extra
0,0.1918672684720829,0.4,0.3846153846153846,0.5263157894736842,0.6061040602208104,0.0,0.4720023384006875,0.9991659716430359,1.0,0.6678482861332239,0.8630231618160346,0.9957957556407884,-0.42984548932490674,instance,informative+rand_extra
0,0.21915837359337664,0.0,0.05853658536585371,0.5263157894736842,0.2210724595129454,0.0,0.4378907363658686,0.9899916597164303,1.0,0.668499134848611,0.8671748167926986,0.9864984246128597,0.9210648779440527,instance,informative+rand_extra
0,0.22926043086524528,0.0,0.20618556701030932,0.47368421052631576,0.35541970531653444,0.0,0.457063738179041,0.9958298582151793,1.0,0.667249806722727,0.8820882550370106,0.9865117216384615,0.33928105645011886,instance,informative+rand_extra
0,0.2628041837353815,0.0,0.05853658536585371,0.5263157894736842,0.3050572328613634,0.0,0.4409908994340592,0.9899916597164303,1.0,0.6675677457759277,0.900203573179478,0.9917336572191562,0.342502123641408,instance,informative+rand_extra
0,0.4828612893988393,0.4,0.12195121951219512,0.5789473684210527,0.4974316647106094,0.0,0.4923006890493502,0.9991659716430359,1.0,0.6681178977122364,0.8808502166391723,0.9991439121385003,1.3241026878948083,instance,informative+rand_extra
0,0.196712229712393,0.2,0.058394160583941646,0.42105263157894735,0.1923239751612883,0.0,0.4217380747722548,0.9966638865721434,0.9565217391304348,0.6240928432892263,0.8588788621335631,0.9980114144012245,1.3832051168765083,instance,informative+rand_extra
0,0.17587024466255907,0.2,0.018867924528301883,0.2631578947368421,0.2479859238142984,0.0,0.4405123771870294,0.9974979149291076,1.0,0.6672954938970661,0.8698398806015916,0.9891223171583992,0.18004444089364263,instance,informative+rand_extra
0,0.20861699161715497,0.0,0.05853658536585371,0.42105263157894735,0.3303520112836482,0.0,0.4729694614864598,0.9949958298582152,1.0,0.6677349081556361,0.8769415335574635,0.9967294602103183,-0.5240722206381867,instance,informative+rand_extra
0,0.2628041837353815,0.0,0.05853658536585371,0.5263157894736842,0.27978875234377476,0.0,0.4052392599981396,0.9808173477898249,1.0,0.667812174738705,0.8763315804762909,0.9878140676481947,0.4171465545451125,instance,informative+rand_extra
0,0.17587024466255907,0.0,0.20618556701030932,0.631578947368421,0.21172578227000116,0.0,0.41765573115418053,0.9774812343619683,1.0,0.6687758869988083,0.8486967236102557,0.9925869156744049,0.7257096179283711,instance,informative+rand_extra
0,0.1606172684720829,0.0,0.05853658536585371,0.5263157894736842,0.20800750306575477,0.0,0.42381160087292824,0.9883236030025021,0.9565217391304348,0.6502261732971534,0.8396073998400394,0.941654212580596,0.00934394830824093,instance,informative+rand_extra
0,0.29464504624986065,0.0,0.20618556701030932,0.631578947368421,0.34579844859959186,0.0,0.4148780198333407,0.9883236030025021,1.0,0.6675390070998187,0.880478854917161,0.9819298211001445,0.9207353078950096,instance,informative+rand_extra
0,0.1684297684720829,0.0,0.08333333333333337,0.5789473684210527,0.5604844783774635,0.0,0.43062639020333027,0.9958298582151793,1.0,0.6690291961972616,0.8781153085986196,0.9986544949501904,0.05015827985489191,instance,informative+rand_extra
0,0.5468151851387496,0.2,0.058394160583941646,0.42105263157894735,0.21690126559650452,0.0,0.47515269568927143,0.9966638865721434,1.0,0.6679527976215215,0.8661229105712208,0.9907917124449523,0.6048594437757199,instance,informative+rand_extra
0,0.4828612893988393,0.0,0.03508771929824561,0.47368421052631576,0.8319758577452578,0.0,0.47245002757608723,0.9958298582151793,1.0,0.6678303920578588,0.8626312142632039,0.9985984707333271,0.6924599019493647,instance,informative+rand_extra
0,0.30924798083767435,0.4,0.8136363636363636,0.6842105263157895,0.882577551617933,1.0,0.5676343526602385,1.0,1.0,0.6686516701674097,0.8518248756199245,0.9870474890243661,-1.0135263272885005,instance,informative+rand_extra
0,0.23703481035755425,0.0,0.1875,0.5789473684210527,0.3666351370949248,0.0,0.3743985782157012,0.9724770642201834,1.0,0.6670717311419634,0.8456390149724776,0.9664249061456681,-0.8726499914135804,instance,informative+rand_extra
0,0.4407251391640975,0.0,0.12195121951219512,0.5789473684210527,0.3669615380571866,0.0,0.4856646772857133,0.9958298582151793,1.0,0.667730771783962,0.8707035929689515,0.9992258642286309,-0.07970394202815599,instance,informative+rand_extra
0,0.2669197999199632,0.0,0.20618556701030932,0.5263157894736842,0.22689992853396096,0.0,0.4217992522772289,0.9699749791492911,1.0,0.6676085508941901,0.8740256263484862,0.985532986852513,1.0766477075674263,instance,informative+rand_extra
0,0.6295279560655059,0.2,0.20618556701030932,0.631578947368421,0.5290481003994093,0.0,0.46999554379141073,0.9983319432860718,1.0,0.6675990913338967,0.8568060714975256,0.986828089911893,-0.7656855144160124,instance,informative+rand_extra
0,0.24473185180541623,0.0,0.0,0.3684210526315789,0.30550393278075605,0.0,0.44757196359591034,0.9924937447873228,1.0,0.6675465499301366,0.8748677698439736,0.999351198426596,-0.04815778294116785,instance,informative+rand_extra
0,0.23502203037684488,0.0,0.018867924528301883,0.3157894736842105,0.22455682606864796,0.0,0.43374853178966744,0.9958298582151793,1.0,0.6689681827901095,0.8715917679838787,0.9916667785016544,0.3929909743826805,instance,informative+rand_extra
0,0.5889082404016963,0.0,0.12195121951219512,0.5789473684210527,0.6232537441951241,0.0,0.40294321513482523,0.9949958298582152,1.0,0.6687536681139649,0.8590363025658647,0.9756124862896358,0.3595467670208661,instance,informative+rand_extra
0,0.44175959448358504,0.2,0.05853658536585371,0.5263157894736842,0.41236826293457274,0.5,0.4791729440155589,0.9983319432860718,1.0,0.6671429971910248,0.8605183226332704,0.9923554489263546,0.23799464369288584,instance,informative+rand_extra
0,0.17541068583902963,0.0,0.20618556701030932,0.631578947368421,0.19794710329353027,0.0,0.42988400667230375,0.9958298582151793,1.0,0.6674370785280729,0.8570756675115999,0.9994430474644433,1.0216678308983929,instance,informative+rand_extra
0,0.34186726847208293,0.2,0.05853658536585371,0.5263157894736842,0.2935522663567296,1.0,0.503229200449798,1.0,1.0,0.6675054329810481,0.8461334018199038,0.9828462811198845,0.4780781397272622,instance,informative+rand_extra
0,0.5627577112444136,0.2,0.8136363636363636,0.8947368421052632,0.7456827978014817,0.0,0.47931954670451493,0.9983319432860718,1.0,0.6681398118371951,0.8852015927451395,0.9972186195177379,-0.7273749620540719,instance,informative+rand_extra
0,0.24473185180541623,0.2,0.7692307692307692,0.47368421052631576,0.87865178569845,0.0,0.44484753333529825,0.9974979149291076,0.9565217391304348,0.656146827294082,0.8247637836817462,0.987321312836058,-0.7092800152090366,instance,informative+rand_extra
0,0.46953737226136283,0.2,0.08333333333333337,0.5789473684210527,0.22188164794922283,0.0,0.48184375978353244,0.9983319432860718,1.0,0.6755615613204922,0.880930387467949,0.9955636483381516,0.4730666189199938,instance,informative+rand_extra
0,0.3584262611502518,0.2,0.08333333333333337,0.5789473684210527,0.3572575291490324,0.0,0.4856221592952128,0.9983319432860718,1.0,0.6674901405059414,0.8965709826139793,0.9974393350673411,0.426838709457057,instance,informative+rand_extra
0,0.3945703793147287,0.0,0.0,0.3684210526315789,0.37135333614259947,0.0,0.42205161064346686,0.981651376146789,1.0,0.6678125436591601,0.8654410205864209,0.9904743039723635,0.7780729774278415,instance,informative+rand_extra
0,0.38286128939883934,0.0,0.1875,0.5789473684210527,0.5686645613201127,0.0,0.41472527634803436,0.9924937447873228,1.0,0.6674903270935647,0.8798999473624842,0.9856502383655694,-0.34143102257882857,instance,informative+rand_extra
0,0.19930774466255907,0.4,0.09090909090909094,0.47368421052631576,0.37523881853032537,0.0,0.4960101209040141,0.9991659716430359,1.0,0.6679249708246111,0.8974090209722762,0.9973622122996455,0.24513510113606019,instance,informative+rand_extra
0,0.3280651851387497,0.0,0.18181818181818177,0.3157894736842105,0.4772769845316672,0.0,0.4568389492613735,0.9891576313594662,1.0,0.6677421213688954,0.8613909773157922,0.9884472722893428,-0.23994004160408144,instance,informative+rand_extra
0,0.17587024466255907,0.0,0.058394160583941646,0.47368421052631576,0.234265269239606,0.0,0.4260568702752835,0.994161801501251,1.0,0.6683289506902053,0.8727045027100979,0.9937401291109154,-0.13093639566199272,instance,informative+rand_extra
0,0.2628041837353815,0.4,0.20618556701030932,0.6842105263157895,0.41402098095543016,0.0,0.4816273038316653,0.9974979149291076,1.0,0.6671452772863143,0.8810473443397552,0.9840997562643887,-0.37052204831109126,instance,informative+rand_extra
0,0.1684297684720829,0.2,0.05853658536585371,0.5263157894736842,0.19710435400987864,0.0,0.4826107596699011,0.9966638865721434,1.0,0.6673005332739734,0.8581169132337869,0.9867025708847199,1.0160461941185917,instance,informative+rand_extra
0,0.7663323637790046,0.8,0.8136363636363636,0.631578947368421,0.902166752636357,0.0,0.44607323591775194,0.9991659716430359,1.0,0.6678744316872419,0.8711369574970247,0.9974862976291349,-0.3252371034684828,instance,informative+rand_extra
0,0.5468151851387496,0.2,0.058394160583941646,0.47368421052631576,0.5136071320022265,1.0,0.5153511927266969,1.0,1.0,0.6675965127670828,0.8810846915552483,0.996088884307603,-0.1071492107239715,instance,informative+rand_extra
0,0.1606172684720829,0.0,0.20618556701030932,0.5263157894736842,0.20877381525744215,0.0,0.4425718509225225,0.9833194328607172,1.0,0.6671610592629241,0.8655303361435062,0.9970144553852476,0.5166295466686087,instance,informative+rand_extra
0,0.1684297684720829,0.0,0.0,0.3157894736842105,0.38950245986187393,0.0,0.45277144007954895,0.9949958298582152,1.0,0.6678397747232964,0.8727781147429773,0.9822324925250769,0.4611690588667186,instance,informative+rand_extra
0,0.4516466001333026,0.0,0.0,0.47368421052631576,0.5599585439434724,0.0,0.43754246642119465,0.9949958298582152,1.0,0.6675906029905573,0.8849203457436643,0.9916891438935441,-0.6117751188123058,instance,informative+rand_extra
0,0.20861699161715497,0.0,0.05853658536585371,0.5263157894736842,0.5856414835648551,0.0,0.4477835902471107,0.9849874895746455,1.0,0.6677302909656748,0.820911767703946,0.9658504520634665,1.2357824643443311,instance,informative+rand_extra
0,0.31509959170440616,0.4,0.20618556701030932,0.631578947368421,0.8182301617540454,0.0,0.48094525871679905,0.9991659716430359,1.0,0.6675157796594232,0.8519212875635985,0.9710399451233234,-0.14955974191600896,instance,informative+rand_extra
0,0.4298548325788232,0.4,0.20618556701030932,0.47368421052631576,0.5679758775093474,0.0,0.44525230548907113,0.9991659716430359,1.0,0.6674297210671235,0.8680639472430917,0.978521951311616,-0.6841723714410785,instance,informative+rand_extra
0,0.21707735250569637,0.0,0.20618556701030932,0.631578947368421,0.3703248852112554,0.0,0.44735445626592707,0.9791492910758965,0.9565217391304348,0.6666666666666666,0.8431797136450143,0.9993930721719341,-0.3376693357877384,instance,informative+rand_extra
0,0.5316342300731884,0.4,0.9668508287292817,0.5263157894736842,0.48788930595251917,0.3333333333333333,0.5154752990134533,1.0,1.0,0.6675947708226395,0.9029481173651225,0.9987553053153425,-0.23765692843857178,instance,informative+rand_extra
0,0.594777956065506,0.6,0.08333333333333337,0.5789473684210527,0.5350265370936358,0.3333333333333333,0.48152859488756505,0.9991659716430359,1.0,0.6677266094281137,0.9039203977353165,0.9985448936146732,-0.11195308381909652,instance,informative+rand_extra
0,0.4407251391640975,0.0,0.03508771929824561,0.47368421052631576,0.5940250838545501,0.0,0.4300554971412659,0.9924937447873228,1.0,0.6676344039639898,0.88138794883531,0.9855979253929328,0.5865865365376666,instance,informative+rand_extra
0,0.4328612893988393,0.0,0.018867924528301883,0.2631578947368421,0.22218605950253628,0.0,0.3907936339320093,0.9949958298582152,1.0,0.6677281437765559,0.8629005502202439,0.993962029550872,0.9336252485550266,instance,informative+rand_extra
0,0.16805774466255907,0.0,0.0,0.3157894736842105,0.2296972958695488,0.0,0.45841429892782803,0.9858215179316097,1.0,0.6687278109382712,0.8669378794718384,0.9961322664726081,1.1663827204713622,instance,informative+rand_extra
0,0.20861699161715497,0.4,0.08333333333333337,0.5789473684210527,0.4530901081615537,0.0,0.4850791172012545,0.9974979149291076,1.0,0.6678719448066602,0.8948012934748227,0.997466866731338,0.26453690579842243,instance,informative+rand_extra
0,0.29018639725996165,0.0,0.9616252821670429,0.5263157894736842,0.801677458258478,0.0,0.41351871203181756,0.9899916597164303,1.0,0.6678765357665281,0.858185085172282,0.9916551421887928,-0.6380094199173583,instance,informative+rand_extra
0,0.23055774466255907,0.0,0.058394160583941646,0.42105263157894735,0.21610323858946473,0.0,0.4536206811969944,0.9891576313594662,1.0,0.6691376803698337,0.8789227329875693,0.9903747949128737,0.8818146238291175,instance,informative+rand_extra
0,0.7385545860012268,0.4,0.8136363636363636,0.6842105263157895,0.6036508200847478,0.0,0.4946580061184266,0.9991659716430359,1.0,0.6674584315657326,0.8926063354598806,0.9939298912084504,-0.48299641070147775,instance,informative+rand_extra
0,0.44785685180541623,0.0,0.03508771929824561,0.5263157894736842,0.8032741698814603,0.0,0.43589215469423426,0.9916597164303587,1.0,0.6674541757853751,0.866919951258512,0.9997862353405931,-0.34387381304745207,instance,informative+rand_extra
0,0.4407251391640975,0.4,0.03508771929824561,0.47368421052631576,0.5746334453630345,0.25,0.509227660593167,1.0,1.0,0.6674866241568777,0.8898025580492634,0.9910137347483507,0.14157292560019713,instance,informative+rand_extra
0,0.4407251391640975,0.4,0.9616252821670429,0.6842105263157895,0.8465317420140399,0.5,0.5026227162388356,1.0,1.0,0.6674589647607935,0.8759713234560536,0.9909259253193553,-0.5230992022157055,instance,informative+rand_extra
0,0.24473185180541623,0.0,0.3846153846153846,0.5789473684210527,0.20138688828038387,0.0,0.40455434911040433,0.9866555462885738,1.0,0.6673746455819888,0.8514061779020787,0.9937958601102934,0.8243472013048081,instance,informative+rand_extra
0,0.17587024466255907,0.0,0.05853658536585371,0.5263157894736842,0.20032473229120823,0.0,0.40353244395221965,0.9808173477898249,1.0,0.6671212043195964,0.8480485239242332,0.9839088023137607,1.1403700460682078,instance,informative+rand_extra
0,0.22845826145842474,0.2,0.20618556701030932,0.5263157894736842,0.2562866269096598,0.5,0.4833023941521155,0.9991659716430359,1.0,0.6679263350049357,0.8699286268170452,0.9808758496695568,-0.35868694578700266,instance,informative+rand_extra
0,0.5813850989226488,0.6,0.08333333333333337,0.631578947368421,0.4315159340078826,0.3333333333333333,0.4881586761677005,0.9991659716430359,1.0,0.6686479149633379,0.9005902994561701,0.9848430924260576,0.29834053101447544,instance,informative+rand_extra
0,0.17749170692671012,0.2,0.0,0.3157894736842105,0.19338553654870766,1.0,0.5040109464466831,1.0,1.0,0.6681948492624478,0.8697799166816367,0.9992335256682523,1.7218233214845737,instance,informative+rand_extra
0,0.16805774466255907,0.0,0.058394160583941646,0.42105263157894735,0.19742454664471715,0.0,0.4407190318909009,0.9866555462885738,1.0,0.6683761655754568,0.8655252295712971,0.9903149173421745,0.6400414323114583,instance,informative+rand_extra
0,0.6257474682606279,0.4,0.9467213114754098,0.6842105263157895,0.4837589571270696,0.0,0.4641174667943131,0.9974979149291076,1.0,0.6681692281538789,0.905814749767574,0.9926089080071029,-0.8280658841797799,instance,informative+rand_extra
0,0.438527956065506,0.2,0.05853658536585371,0.5263157894736842,0.20404965990769536,0.0,0.4463348535148193,0.9966638865721434,1.0,0.6671593879823035,0.8425980759418907,0.984612217805546,0.6365198789345308,instance,informative+rand_extra
0,0.4696450462498607,0.2,0.41666666666666663,0.47368421052631576,0.5141668420501344,0.0,0.47806040932805516,0.9966638865721434,1.0,0.6673380232994053,0.880271302604365,0.9972728614349678,0.034799722719108826,instance,informative+rand_extra
0,0.26964504624986074,0.0,0.03508771929824561,0.47368421052631576,0.6407897791378271,0.0,0.4699790849880837,0.9958298582151793,1.0,0.6672308736841113,0.8398558559338574,0.950244169941598,-0.44270894129537985,instance,informative+rand_extra
0,0.22587024466255912,0.0,0.058394160583941646,0.42105263157894735,0.297948872409871,0.0,0.44651153341020056,0.9924937447873228,1.0,0.6675246933607373,0.8850452084763648,0.9895312549167169,0.7401189786261362,instance,informative+rand_extra
0,0.4328612893988393,0.6,0.20618556701030932,0.5263157894736842,0.4642993058442526,0.5,0.4964646754998945,0.9991659716430359,1.0,0.6676077448156285,0.8917743761467835,0.9996298958478467,0.09010555105440772,instance,informative+rand_extra
0,0.38286128939883934,0.0,0.05853658536585371,0.5263157894736842,0.25893805760244704,0.0,0.4251034340687101,0.9849874895746455,1.0,0.667380023174437,0.8773337118290279,0.9970157707894888,0.6344112144786425,instance,informative+rand_extra
0,0.46953737226136283,0.2,0.8,0.5263157894736842,0.24022810305938408,1.0,0.5105271205578035,1.0,1.0,0.6731780642797427,0.8739872091245043,0.9764822009106265,0.3238625275500967,instance,informative+rand_extra
0,0.364523518472083,0.0,0.8,0.5263157894736842,0.34756328529354813,0.0,0.463041165023664,0.9908256880733946,1.0,0.6689292414216909,0.8547462093028165,0.9929439099812475,0.033249442892205716,instance,informative+rand_extra
0,0.3109083223936515,0.0,0.03508771929824561,0.47368421052631576,0.3239220333064893,0.0,0.43657507972422094,0.987489574645538,1.0,0.6679062991865948,0.8592353913827127,0.994031778741725,0.2711529601139263,instance,informative+rand_extra
0,0.17541068583902963,0.6,0.88,0.2631578947368421,0.5329139026158235,0.0,0.469906256688732,0.9983319432860718,1.0,0.6681051849288827,0.8888679571683035,0.9999579990088597,0.02369954630420481,instance,informative+rand_extra
0,0.17749170692671012,0.0,0.20618556701030932,0.6842105263157895,0.19439851254726837,0.0,0.46266006351190503,0.9916597164303587,1.0,0.6679096119761275,0.8745390753435658,0.9963160694407722,1.6038140684549096,instance,informative+rand_extra
0,0.38286128939883934,0.0,0.05853658536585371,0.5263157894736842,0.26861575479905253,0.0,0.45516325637414945,0.981651376146789,1.0,0.6679279726193841,0.8761322839084937,0.9975415490339516,0.3059758160210373,instance,informative+rand_extra
0,0.35345826145842474,0.0,0.05853658536585371,0.3684210526315789,0.21108954970407323,0.0,0.4017976867469284,0.9916597164303587,1.0,0.6687793627896383,0.8470137182623816,0.9926409888550548,0.247565514869089,instance,informative+rand_extra
0,0.15020060180541628,0.0,0.08333333333333337,0.5789473684210527,0.3989092945101085,0.0,0.4256554177974585,0.9924937447873228,1.0,0.6672319370933547,0.8538930406391659,0.9965976879426746,-0.07888920775270554,instance,informative+rand_extra
0,0.3695703793147287,0.0,0.20618556701030932,0.631578947368421,0.22865363965082786,0.0,0.43119945028711104,0.9824854045037531,1.0,0.6680048126709129,0.8801738130358179,0.9894787812224057,0.38697473445056296,instance,informative+rand_extra
0,0.663527956065506,0.6,0.05853658536585371,0.5789473684210527,0.2866021389675993,1.0,0.5326806639002195,1.0,1.0,0.6672937201472688,0.8892127907767452,0.9994759470652083,-0.09780916371175119,instance,informative+rand_extra
0,0.29018639725996165,0.0,0.0,0.3684210526315789,0.7364054938753528,0.0,0.4656751860793802,0.9958298582151793,1.0,0.6673976979052463,0.8511330747138403,0.9786777691556252,-0.01232881381960433,instance,informative+rand_extra
0,0.3584262611502518,0.0,0.03508771929824561,0.47368421052631576,0.4920905844134954,0.0,0.4402372679517097,0.9849874895746455,1.0,0.6675399069430669,0.8574305795709378,0.9977259583490257,1.1954367054937955,instance,informative+rand_extra
0,0.31509959170440616,0.4,0.8068181818181819,0.7894736842105263,0.8482866832363715,0.0,0.482240001569081,0.9983319432860718,1.0,0.667410280576394,0.869930523469904,0.9845602869329358,0.5888427446839718,instance,informative+rand_extra
0,0.26964504624986074,0.0,0.05853658536585371,0.5263157894736842,0.38801421164755934,0.0,0.40212056992974987,0.9858215179316097,1.0,0.6676470917791716,0.8375689562539045,0.947344618771606,0.15522509166279827,instance,informative+rand_extra
0,0.3584262611502518,0.0,0.05853658536585371,0.5263157894736842,0.1946096840439857,0.0,0.42901268843948004,0.9791492910758965,1.0,0.6674177617416845,0.8576122583640616,0.9753241463706658,1.3052302892372407,instance,informative+rand_extra
0,0.19930774466255907,0.0,0.08333333333333337,0.47368421052631576,0.23225484604225805,0.0,0.4213082895029796,0.9916597164303587,1.0,0.6677392362707172,0.8823307983128398,0.9884065672992423,0.9654025883522311,instance,informative+rand_extra
0,0.196712229712393,0.4,0.0,0.3157894736842105,0.23098735741391124,0.0,0.4100230750842071,0.9974979149291076,1.0,0.6681061095595457,0.8709340587077333,0.9689294907457241,1.450815455148596,instance,informative+rand_extra
0,0.17541068583902963,0.0,0.058394160583941646,0.42105263157894735,0.3307440580675328,0.0,0.4286160122610433,0.9891576313594662,1.0,0.6677873521193359,0.8946725152970127,0.9917244054615137,0.5204430609275837,instance,informative+rand_extra
0,0.5945527612738548,0.2,0.8136363636363636,0.631578947368421,0.8148324803029144,0.0,0.47156714045127823,0.9966638865721434,1.0,0.6682615004918467,0.8740506990992496,0.983316897382766,-0.8041189855006311,instance,informative+rand_extra
0,0.1918672684720829,0.2,0.8136363636363636,0.631578947368421,0.8767608839459409,0.0,0.4545520129539551,0.9974979149291076,1.0,0.6677558831413531,0.8685843549502792,0.9831351395232807,-0.2742006540168285,instance,informative+rand_extra
0,0.2628041837353815,0.0,0.8709677419354839,0.47368421052631576,0.22414029769496935,0.0,0.44772930149486245,0.9899916597164303,1.0,0.6672754560124738,0.8727569982232832,0.9963690905458569,0.5709916948852003,instance,informative+rand_extra
0,0.1684297684720829,0.0,0.08333333333333337,0.5789473684210527,0.6181503487707701,0.0,0.38304840230050563,0.9766472060050042,1.0,0.6674078542395856,0.861988818731959,0.9815346408556983,0.07925987151635612,instance,informative+rand_extra
0,0.4801946227321726,0.2,0.20618556701030932,0.631578947368421,0.47845643597396925,0.0,0.4975772932768582,0.9983319432860718,1.0,0.6679196008444992,0.8780934672764218,0.9862091571577947,-0.06368590404650444,instance,informative+rand_extra
0,0.23703481035755425,0.0,0.1875,0.5789473684210527,0.29441996007320803,0.0,0.4686094190441248,0.9899916597164303,1.0,0.6671791060699691,0.8550704181419925,0.9924007671848086,0.8740658300433535,instance,informative+rand_extra
0,0.23926542120175476,0.0,0.05853658536585371,0.5263157894736842,0.19451054218708302,0.0,0.45460241218638064,0.9908256880733946,0.9565217391304348,0.6424201585316978,0.8654580911834767,0.9976877328610491,1.571525941786453,instance,informative+rand_extra
0,0.4785458132083631,0.0,0.1875,0.5789473684210527,0.46183239565880296,0.0,0.428287775533733,0.9783152627189324,1.0,0.6675380840266559,0.8545643994772413,0.9918646627248989,-0.34861450806607974,instance,informative+rand_extra
0,0.3695703793147287,0.0,0.018867924528301883,0.2631578947368421,0.19660848033205192,0.0,0.3970013396880957,0.9849874895746455,1.0,0.6680900615820783,0.8725601994032841,0.992176457629885,1.0561727242177332,instance,informative+rand_extra
0,0.7385545860012268,0.2,0.8136363636363636,0.5789473684210527,0.7894783551067679,0.3333333333333333,0.5099428467983487,1.0,1.0,0.667540613994242,0.8974812989923827,0.9918445741701292,-0.15696517158069814,instance,informative+rand_extra
0,0.1684297684720829,0.6,0.0,0.47368421052631576,0.3372851025427078,0.25,0.5409756019418162,1.0,1.0,0.6673681112844191,0.8876751275753526,0.9985766550369573,0.08190513967362031,instance,informative+rand_extra
0,0.22926043086524528,0.2,0.20618556701030932,0.5263157894736842,0.22819901263552067,0.0,0.4824528821246785,0.9974979149291076,1.0,0.6671147593013981,0.860573995335991,0.9861100131527976,-0.12759467488726978,instance,informative+rand_extra
0,0.39296903129259575,0.6,0.8136363636363636,0.631578947368421,0.8173383811476259,0.5,0.48869560109391286,0.9991659716430359,1.0,0.6681807057016212,0.8910410481462206,0.974154190920917,-0.9454989483573947,instance,informative+rand_extra
0,0.22845826145842474,0.0,0.05853658536585371,0.3684210526315789,0.19708901117776106,0.0,0.41567559036546864,0.9708090075062552,1.0,0.6670058039595913,0.8447812297941341,0.9905173332231407,0.598344262560517,instance,informative+rand_extra
0,0.25703820864302307,0.2,0.9411764705882353,0.42105263157894735,0.4278307199353669,0.0,0.4455632742436042,0.9966638865721434,1.0,0.6671652777525909,0.8644689134683446,0.9961893053353419,0.3108187485069859,instance,informative+rand_extra
0,0.5813850989226488,0.8,0.5569620253164558,0.7368421052631579,0.5314309842450594,1.0,0.5486909895242655,1.0,1.0,0.6678964937049896,0.8880763866846576,0.9823305424679724,-0.3938630578711575,instance,informative+rand_extra
0,0.2041440541863686,0.2,0.3846153846153846,0.5263157894736842,0.48501490556436444,0.0,0.45624380632420325,0.9983319432860718,1.0,0.6678332641301764,0.861580541002733,0.9994923840442045,0.3811356046009032,instance,informative+rand_extra
0,0.35921222971239297,0.0,0.018867924528301883,0.2631578947368421,0.19236880279874274,0.3333333333333333,0.43506169729996624,0.9908256880733946,1.0,0.6674746663110918,0.8500113240652374,0.995206494890477,1.4436517988548248,instance,informative+rand_extra
0,0.22845826145842474,0.2,0.05853658536585371,0.5263157894736842,0.19594784955243583,0.0,0.4827105205819697,0.9974979149291076,0.9565217391304348,0.626562361983703,0.8622476275832159,0.986351604116851,0.6582997503178715,instance,informative+rand_extra
0,0.22926043086524528,0.2,0.08333333333333337,0.631578947368421,0.3931341010994063,0.0,0.46160635073834033,0.9983319432860718,1.0,0.6670895530802754,0.8699497033577326,0.9960319949093045,-0.30626812414254384,instance,informative+rand_extra
0,0.24473185180541623,0.0,0.12195121951219512,0.5789473684210527,0.23097064614881246,0.0,0.40392254685423146,0.97581317764804,1.0,0.6678230929816394,0.830318330628659,0.9866458254898085,0.8847077452604822,instance,informative+rand_extra
0,0.15020060180541628,0.0,0.18181818181818177,0.3157894736842105,0.7728899921773938,0.0,0.45881901765846267,0.994161801501251,1.0,0.6674324877397514,0.8418590377547295,0.9982334383802739,0.04697436264640655,instance,informative+rand_extra
0,0.26964504624986074,0.4,0.05853658536585371,0.5263157894736842,0.5092395555416074,0.0,0.46901175781426163,0.9991659716430359,1.0,0.6676034317119898,0.8321246119647366,0.9701757965550313,-0.573067047326185,instance,informative+rand_extra
0,0.6408915924291423,0.4,0.8136363636363636,0.8421052631578947,0.5142678787542946,0.25,0.4979376134737802,0.9974979149291076,1.0,0.6677232702189957,0.9073732518015862,0.9979654579133902,-0.290374614789995,instance,informative+rand_extra
0,0.3695703793147287,0.0,0.20618556701030932,0.6842105263157895,0.20490855419902437,0.0,0.41409001514731414,0.9783152627189324,0.9130434782608695,0.6588463229430171,0.8603374304712629,0.988053354511638,-0.07795766547512674,instance,informative+rand_extra
0,0.4407251391640975,0.0,0.12195121951219512,0.5789473684210527,0.2034345040138446,0.0,0.44646830777589364,0.9724770642201834,1.0,0.668181188686444,0.8632811213931987,0.9965329694982195,0.44861432175369537,instance,informative+rand_extra
0,0.24473185180541623,0.0,0.5833333333333333,0.47368421052631576,0.4597793721550557,0.0,0.4252478044197139,0.9858215179316097,1.0,0.6680528625853736,0.8708418338623973,0.9966272013058255,0.8438499179437025,instance,informative+rand_extra
0,0.3945703793147287,0.0,0.41666666666666663,0.47368421052631576,0.36521167814040656,0.0,0.402432208354615,0.9949958298582152,1.0,0.6676616297354443,0.87990657735836,0.9939868796905829,-0.15307941316106846,instance,informative+rand_extra
0,0.2628041837353815,0.0,0.05853658536585371,0.5263157894736842,0.19485532995291832,0.0,0.41257027644171806,0.9883236030025021,1.0,0.6678052282615677,0.8830933356219074,0.9956682211631721,0.7290187641220637,instance,informative+rand_extra
0,0.1606172684720829,0.0,0.3846153846153846,0.47368421052631576,0.2020658431036111,0.0,0.4357462652545908,0.9749791492910759,1.0,0.6678903057206297,0.8631033453275087,0.9855028361227643,1.1872378777483596,instance,informative+rand_extra
0,0.22845826145842474,0.0,0.05853658536585371,0.3684210526315789,0.2155438631494639,0.0,0.418176738234077,0.9866555462885738,1.0,0.6672272202308042,0.8525056030280157,0.9953445440333394,1.0960073501999463,instance,informative+rand_extra
0,0.24473185180541623,0.2,0.09090909090909094,0.47368421052631576,0.45524203974583954,0.0,0.4626176452910348,0.9983319432860718,1.0,0.6675350706833577,0.8862719340501725,0.9983056795557069,-0.3882274521469324,instance,informative+rand_extra
0,0.26964504624986074,0.0,0.05853658536585371,0.5263157894736842,0.6562889217311666,0.0,0.42388342910784604,0.9958298582151793,1.0,0.667571736920211,0.870913452256724,0.9911982411601047,0.1982469613789703,instance,informative+rand_extra
0,0.4328612893988393,0.4,0.03508771929824561,0.47368421052631576,0.233240970781721,0.0,0.47028906094448586,0.9983319432860718,1.0,0.6674611265795228,0.8882031219274811,0.9919854218419141,0.10742729383277831,instance,informative+rand_extra
0,0.371402956065506,0.0,0.12195121951219512,0.631578947368421,0.43713296566426624,0.0,0.4632775006269547,0.9958298582151793,1.0,0.6679922387605788,0.8845524352654399,0.9865087967547391,0.22660642125382197,instance,informative+rand_extra
0,0.4742422417797917,0.2,0.41666666666666663,0.47368421052631576,0.7707694757858019,0.5,0.4904236004055347,0.9991659716430359,1.0,0.6682354823478737,0.8666676505906771,0.9725637452548201,-0.8133655465506676,instance,informative+rand_extra
0,0.17749170692671012,0.2,0.20618556701030932,0.631578947368421,0.19439908430735847,0.0,0.48237353695718455,0.9966638865721434,1.0,0.6678795690903926,0.878357095262394,0.9955345411957038,1.4413971401551453,instance,informative+rand_extra
0,0.3584262611502518,0.0,0.20618556701030932,0.5263157894736842,0.3929820488603871,0.0,0.424218084021062,0.9891576313594662,1.0,0.6693051791363548,0.8306573746645121,0.9898361879532332,-0.045345262856222604,instance,informative+rand_extra
0,0.35345826145842474,0.0,0.20618556701030932,0.631578947368421,0.45492682040425436,0.0,0.456193609900852,0.9958298582151793,1.0,0.6680354949741643,0.8764042940336955,0.9936028348403795,0.3936737114652874,instance,informative+rand_extra
0,0.19930774466255907,0.0,0.058394160583941646,0.42105263157894735,0.21556912444951387,0.0,0.47688469629092656,0.9958298582151793,1.0,0.6683425344543898,0.8705221382025677,0.9784009773053661,1.1872150359459375,instance,informative+rand_extra
0,0.22845826145842474,0.0,0.08333333333333337,0.5789473684210527,0.41444587370729646,0.0,0.4003097398513161,0.9733110925771477,1.0,0.6675462407909706,0.8688767252055775,0.9944698185456198,0.4792225526595889,instance,informative+rand_extra
0,0.7588372653748152,0.4,0.9616252821670429,0.631578947368421,0.9059301039245398,0.5,0.521170971594022,1.0,1.0,0.6687390621084983,0.8740643652038741,0.9929178562863005,-1.189644141463467,instance,informative+rand_extra
0,0.17587024466255907,0.0,0.058394160583941646,0.42105263157894735,0.2772879755159857,0.0,0.4228464536811347,0.9708090075062552,1.0,0.6680722953604241,0.8486863874503815,0.9863236206107213,-0.35477680227326047,instance,informative+rand_extra
0,0.23703481035755425,0.0,0.08333333333333337,0.5789473684210527,0.3338464158200618,0.0,0.45420944293045984,0.9924937447873228,1.0,0.6675208314483617,0.8660528809745918,0.9743481338270152,1.189829321938432,instance,informative+rand_extra
0,0.1684297684720829,0.0,0.0,0.3157894736842105,0.25013649776245617,0.0,0.4637841260571871,0.9933277731442869,1.0,0.6686404703759051,0.8750826605582797,0.9842975778147661,1.4255546311994598,instance,informative+rand_extra
0,0.22926043086524528,0.4,0.08333333333333337,0.5789473684210527,0.4128110400888864,0.0,0.46837977573322354,0.9991659716430359,1.0,0.6674933047168795,0.8945029510380371,0.9777387793878627,0.6897805991763115,instance,informative+rand_extra
0,0.380476045316154,0.4,0.9467213114754098,0.6842105263157895,0.44328897841987513,1.0,0.5056741727356632,1.0,1.0,0.6676861359062405,0.883346517463908,0.9893660432560549,-0.1814065106864345,instance,informative+rand_extra
0,0.25504556304572634,0.0,0.08333333333333337,0.5789473684210527,0.1965787047487092,0.0,0.3845681734360763,0.9841534612176814,1.0,0.6675858759396227,0.8841995846463335,0.9978282257648657,0.9668908453104657,instance,informative+rand_extra
0,0.17541068583902963,0.0,0.018867924528301883,0.3157894736842105,0.19216182690756417,0.0,0.4294034102576657,0.994161801501251,1.0,0.6673099839528879,0.8628051584816182,0.9726023140039399,0.8529981439790528,instance,informative+rand_extra
0,0.2968151851387497,0.0,0.08333333333333337,0.5789473684210527,0.2248972867577702,0.0,0.44150530514089525,0.9866555462885738,1.0,0.667623836116356,0.891113369016957,0.9885306703511132,1.198692850219054,instance,informative+rand_extra
0,0.3968151851387496,0.4,0.03508771929824561,0.47368421052631576,0.6225053568706599,0.0,0.47899569240745554,0.9983319432860718,1.0,0.6672079671196309,0.8898713010538915,0.9997692896701762,-0.5038269390657385,instance,informative+rand_extra
0,0.23703481035755425,0.2,0.5569620253164558,0.631578947368421,0.411799570661621,0.0,0.43168754385160146,0.9974979149291076,1.0,0.6674021219139811,0.9062572491775127,0.9977766239769724,0.2309017352505517,instance,informative+rand_extra
0,0.594777956065506,0.6,0.5569620253164558,0.7368421052631579,0.5479325659299271,0.75,0.5480345080562301,1.0,1.0,0.667788705771173,0.895562966992918,0.9959952700223537,0.24951410026657245,instance,informative+rand_extra
0,0.21915837359337664,0.2,0.05853658536585371,0.5263157894736842,0.2041476553347527,0.14285714285714285,0.5299603425235226,1.0,1.0,0.6678693902005772,0.8874836965562247,0.9912883940038639,0.7706660253211721,instance,informative+rand_extra
0,0.29464504624986065,0.0,0.05853658536585371,0.5263157894736842,0.30283982960893985,0.0,0.4584155775270208,0.9924937447873228,1.0,0.6674536402070961,0.8781450006028748,0.9887933331937607,0.692900493913462,instance,informative+rand_extra
0,0.24473185180541623,0.0,0.058394160583941646,0.42105263157894735,0.741112201455989,0.0,0.44452543713285364,0.994161801501251,1.0,0.6679963409926819,0.8494770090830158,0.9925201859323614,-0.06557430415175493,instance,informative+rand_extra
0,0.24158715642726492,0.2,0.20618556701030932,0.6842105263157895,0.23848881710447056,0.3333333333333333,0.48720638096668756,0.9991659716430359,1.0,0.6679660793990201,0.8789703791788471,0.988966178801706,0.009324126679517288,instance,informative+rand_extra
0,0.438527956065506,0.0,0.2727272727272727,0.47368421052631576,0.4275917955649644,0.0,0.42806880860158025,0.9833194328607172,1.0,0.6673395420556707,0.857632815563779,0.9725663754826975,-0.13455313447998052,instance,informative+rand_extra
0,0.5889082404016963,0.2,0.0,0.3157894736842105,0.31449956004073787,1.0,0.5087605470683964,1.0,1.0,0.6678922826915499,0.8518014003795839,0.9894961685609863,1.3985700172641569,instance,informative+rand_extra
0,0.16805774466255907,0.0,0.018867924528301883,0.2631578947368421,0.19279854589711876,0.0,0.4615882218852455,0.9866555462885738,1.0,0.66859065957109,0.8582328950655542,0.9962385721907867,0.6430318301510755,instance,informative+rand_extra
0,0.2041440541863686,0.0,0.3846153846153846,0.5263157894736842,0.2726354688700162,0.0,0.41441013718030284,0.9783152627189324,1.0,0.667461939137855,0.8639946496035731,0.9849282398268779,0.4415955228376422,instance,informative+rand_extra
0,0.24473185180541623,0.0,0.03508771929824561,0.47368421052631576,0.2334244663993793,0.0,0.46395327534528386,0.9933277731442869,1.0,0.668132800273525,0.8588863707307705,0.9858663875212776,1.256845553997958,instance,informative+rand_extra
0,0.5518362502752087,0.2,0.05853658536585371,0.5263157894736842,0.2388342716395333,1.0,0.5183303007832407,1.0,1.0,0.667473841291681,0.8681767042559254,0.9937939243635735,0.7970597506663284,instance,informative+rand_extra
0,0.1918672684720829,0.2,0.9616252821670429,0.5789473684210527,0.6359723527376387,0.0,0.4851635945965209,0.9966638865721434,1.0,0.6676337702632185,0.8874080390588609,0.9970716498057547,0.15955011992122156,instance,informative+rand_extra
0,0.1684297684720829,0.0,0.20618556701030932,0.5263157894736842,0.1988679171764418,0.0,0.39255534298103356,0.9658048373644704,1.0,0.667472645737553,0.8492409252572173,0.9928874877840578,2.0660389665715098,instance,informative+rand_extra
0,0.24473185180541623,0.0,0.0,0.3157894736842105,0.23767112575735572,0.0,0.4703208453787012,0.9958298582151793,1.0,0.6678859723595593,0.8668895876533035,0.9806001358080988,1.0341638527263495,instance,informative+rand_extra
0,0.40792629624986076,0.0,0.1875,0.5789473684210527,0.1923259817446804,0.0,0.4419715210109635,0.9958298582151793,1.0,0.6669635251616276,0.8546975880430115,0.9833902332687426,1.5999286499705436,instance,informative+rand_extra
0,0.438527956065506,0.6,0.5569620253164558,0.7368421052631579,0.8430649772611947,0.0,0.48823305582442056,0.9983319432860718,1.0,0.6673539006530814,0.8811741653973261,0.988070778565229,-0.5449620494742257,instance,informative+rand_extra
0,0.2985184694496672,0.0,0.05853658536585371,0.5263157894736842,0.20684653300237776,0.0,0.4327392651092359,0.994161801501251,1.0,0.6674581122191383,0.8783682920166186,0.9984825728148827,0.5664051773703652,instance,informative+rand_extra
0,0.380476045316154,0.0,0.12195121951219512,0.5789473684210527,0.2698918176206546,0.0,0.48751828228462213,0.9958298582151793,1.0,0.6679198060159597,0.883213893119148,0.9834780165538256,0.09447654060088267,instance,informative+rand_extra
0,0.2628041837353815,0.0,0.058394160583941646,0.42105263157894735,0.2083980050237102,0.0,0.3892925467603512,0.9716430358632193,1.0,0.6673630206432478,0.8521417316036101,0.9861685931897873,1.5152138055910345,instance,informative+rand_extra
0,0.1606172684720829,0.0,0.05853658536585371,0.5263157894736842,0.1930337763617057,0.0,0.44186218256557486,0.9824854045037531,0.9565217391304348,0.6282962420873527,0.8546514888582478,0.9892378645249615,0.9700634224310877,instance,informative+rand_extra
0,0.39296903129259575,0.0,0.0,0.3157894736842105,0.45344697188490557,0.0,0.42645619728870554,0.9933277731442869,1.0,0.6678602769718752,0.8939974048630728,0.9950799726643824,0.37710578777459103,instance,informative+rand_extra
0,0.371402956065506,0.0,0.20618556701030932,0.631578947368421,0.27822514224512745,0.0,0.45582265489154417,0.9899916597164303,1.0,0.6679162918342076,0.8427281893611981,0.9981743748171336,0.2243019119313687,instance,informative+rand_extra
0,0.4801946227321726,0.0,0.9736842105263158,0.42105263157894735,0.5743636392707331,0.0,0.42531221859730906,0.9949958298582152,1.0,0.6683195503501517,0.8653603951237708,0.9505436534632314,-0.2727585573356418,instance,informative+rand_extra
0,0.1684297684720829,0.0,0.0,0.3157894736842105,0.20124807239296938,0.0,0.399810704016364,0.9708090075062552,1.0,0.6689264085940819,0.8259403578492158,0.9931896537043338,0.6975443708180787,instance,informative+rand_extra
0,0.23926542120175476,0.0,0.05853658536585371,0.5263157894736842,0.19668066137095114,0.0,0.43737033736235953,0.9924937447873228,1.0,0.6672224394735377,0.8515630744238954,0.9962281336846637,1.6904748032875343,instance,informative+rand_extra
0,0.17541068583902963,0.0,0.058394160583941646,0.42105263157894735,0.19705943037116225,0.0,0.44961388131924296,0.9899916597164303,1.0,0.6669576103226276,0.8755175412956351,0.985651731170154,0.7440620369628086,instance,informative+rand_extra
0,0.24158715642726492,0.4,0.8068181818181819,0.47368421052631576,0.5248116187684743,0.0,0.4759627122832065,0.9983319432860718,1.0,0.6677244430561666,0.857621234774958,0.9807568860596468,-0.28825731689394263,instance,informative+rand_extra
0,0.17749170692671012,0.0,0.058394160583941646,0.42105263157894735,0.19162603305008735,0.0,0.4428783401775954,0.9858215179316097,0.9130434782608695,0.6566182420573888,0.8417855940724065,0.9919380920213976,1.5428924407664242,instance,informative+rand_extra
0,0.27751006608832274,0.4,0.3846153846153846,0.5263157894736842,0.19744620198189172,0.2,0.4765837178071519,0.9991659716430359,1.0,0.6675251233398575,0.8899273488670317,0.9971663751369729,0.7801402062433052,instance,informative+rand_extra
0,0.3648035363932298,0.2,0.12195121951219512,0.5789473684210527,0.3060971076830258,0.0,0.45170960627708345,0.9974979149291076,1.0,0.668276161773637,0.867931542067452,0.9972983077476373,0.5544005372113245,instance,informative+rand_extra
0,0.39296903129259575,0.0,0.08333333333333337,0.5789473684210527,0.2360363151148332,0.0,0.43341160953240576,0.994161801501251,1.0,0.6675768673372097,0.8914474395040767,0.990436521672633,1.3596287487684078,instance,informative+rand_extra
0,0.4359083223936515,0.4,0.1875,0.5789473684210527,0.27947713291207155,1.0,0.525788499290613,1.0,1.0,0.6674262978648959,0.885591698420898,0.9812978726893418,0.16929993523977496,instance,informative+rand_extra
0,0.2628041837353815,0.0,0.05853658536585371,0.5263157894736842,0.19613903036186475,0.0,0.4266774155694658,0.9774812343619683,1.0,0.667508115151238,0.8677359978135619,0.999955443176793,0.9460535354671663,instance,informative+rand_extra
0,0.22587024466255912,0.0,0.058394160583941646,0.42105263157894735,0.27999176060999775,0.0,0.45297503075912193,0.9916597164303587,1.0,0.6685628277800898,0.8399065743390167,0.9807820726408685,0.8223694967123912,instance,informative+rand_extra
0,0.1684297684720829,0.0,0.7857142857142857,0.5263157894736842,0.4067869536451155,0.0,0.4451435551202225,0.9924937447873228,1.0,0.6673831812236499,0.8703241125134227,0.998157765061445,0.2947645011704492,instance,informative+rand_extra
0,0.20861699161715497,0.0,0.058394160583941646,0.42105263157894735,0.21532415805022065,0.0,0.42631235562889536,0.9716430358632193,1.0,0.667271807810094,0.8528067013353046,0.9740766315648745,-0.23772422741758248,instance,informative+rand_extra
0,0.3695703793147287,0.0,0.20618556701030932,0.6842105263157895,0.7106383599977603,0.0,0.465727186892957,0.9949958298582152,1.0,0.6677353149387127,0.8607720564251372,0.9870915355414646,-0.1727440384848657,instance,informative+rand_extra
0,0.17749170692671012,0.0,0.05853658536585371,0.5263157894736842,0.19159737777801134,0.0,0.40205078494059476,0.9724770642201834,1.0,0.6695012889497329,0.8422513525788987,0.998872673121355,1.425115937192462,instance,informative+rand_extra
1,0.19200096955432877,0.0,0.0,0.21052631578947367,0.2912865850457148,0.0,0.4341316924807721,0.9638688160088938,1.0,0.6679048402182751,0.8599746004267845,0.9933891698451922,-0.7960441544911898,instance,informative+rand_extra
1,0.19200096955432877,0.0,0.06666666666666665,0.47368421052631576,0.10875233055348188,0.0,0.425357463852191,0.9777654252362423,1.0,0.6678947796416078,0.8793579724333401,0.9827178102583967,1.149941601495636,instance,informative+rand_extra
1,0.13800537826102888,0.0,0.05327868852459017,0.5789473684210527,0.10165365216127709,0.0,0.4028477198808862,0.9916620344635909,1.0,0.6693880242367086,0.8649202832411811,0.9960889256754042,0.5046164479230247,instance,informative+rand_extra
1,0.19200096955432877,0.0,0.6153846153846154,0.6842105263157895,0.6919375720751617,0.0,0.4581063025044385,0.9961089494163424,1.0,0.667316178804632,0.8643973173299727,0.9644388016552758,0.46291035098866645,instance,informative+rand_extra
1,0.175472043934494,0.0,0.038374717832957095,0.631578947368421,0.07469028721166948,0.0,0.37189630119697037,0.9616453585325181,1.0,0.6678426247566356,0.8404232864647857,0.9955236364761124,0.8842069598738419,instance,informative+rand_extra
1,0.13800537826102888,0.0,0.1863636363636364,0.6842105263157895,0.29073364865213647,0.0,0.4477380282131793,0.9961089494163424,1.0,0.6677400541994205,0.8927622033545096,0.9940539505895886,0.6285863595037218,instance,informative+rand_extra
1,0.10703770554424963,0.0,0.038374717832957095,0.631578947368421,0.08552890314836725,0.0,0.34745481461337147,0.9883268482490273,1.0,0.6671667888145834,0.8350526447372613,0.9781829275171896,1.0258820479920931,instance,informative+rand_extra
1,0.43547648152791707,0.2,0.1863636363636364,0.8421052631578947,0.438174715424418,0.0,0.48364194912191383,0.9994441356309061,1.0,0.669534439022308,0.893218975423716,0.999383802937298,-0.010449067567506921,instance,informative+rand_extra
1,0.10703770554424963,0.0,0.0625,0.2631578947368421,0.14795641811855953,0.0,0.42139465776984963,0.9938854919399667,0.9565217391304348,0.6408044386685898,0.8514735324254474,0.9915291592788685,1.306792001294993,instance,informative+rand_extra
1,0.10184857852245255,0.0,0.038374717832957095,0.42105263157894735,0.2713162609055593,0.0,0.3798849097798378,0.9883268482490273,1.0,0.6681537121723251,0.8631706546483552,0.9985825188065224,1.2041567066077934,instance,informative+rand_extra
1,0.175472043934494,0.0,0.1863636363636364,0.5263157894736842,0.07784070806071852,0.0,0.4088080244892984,0.9849916620344636,1.0,0.6674724568817783,0.8686120722446649,0.996754083585717,0.4741407619488687,instance,informative+rand_extra
1,0.10184857852245255,0.0,0.19999999999999996,0.5263157894736842,0.33303208837574827,0.0,0.43571984430268407,0.9861033907726515,1.0,0.6679559960338682,0.8414525662680546,0.96120360457782,0.5075370758825911,instance,informative+rand_extra
1,0.5701451674211768,0.2,0.038374717832957095,0.631578947368421,0.2575714033584281,0.0,0.4601892889696494,0.9983324068927182,1.0,0.668514280765716,0.8917357087646132,0.9943279892469175,0.7193717458608216,instance,informative+rand_extra
1,0.3803549537501393,0.2,0.1863636363636364,0.5263157894736842,0.3359974573466288,0.0,0.45207106556685517,0.9977765425236242,1.0,0.667009933694782,0.869275006141266,0.9759976924784305,0.33017893240153395,instance,informative+rand_extra
1,0.33647204393449404,0.2,0.7938144329896908,0.5789473684210527,0.49099779915068564,0.0,0.47957048371271016,0.9994441356309061,1.0,0.667589965889305,0.8584488990031124,0.9705865747502042,0.3063843986553356,instance,informative+rand_extra
1,0.11166733517387928,0.2,0.6153846153846154,0.47368421052631576,0.7164864311802841,0.0,0.48245515171723685,0.9983324068927182,1.0,0.6671310052407504,0.8715257826152226,0.9883809424472522,0.5296799150778252,instance,informative+rand_extra
1,0.25526814819458377,0.0,0.5833333333333333,0.3684210526315789,0.11043654707946848,0.0,0.4434920463401356,0.9955530850472485,1.0,0.6675202370914969,0.8600469014601206,0.9974829320830892,0.8522123793795445,instance,informative+rand_extra
1,0.25526814819458377,0.0,0.0,0.21052631578947367,0.07466658955904215,0.0,0.4181606776608664,0.980544747081712,0.9130434782608695,0.6315763991085481,0.8484850456660319,0.9963409996416811,0.8856879225079889,instance,informative+rand_extra
1,0.5915737388497483,0.6,0.9090909090909091,0.5263157894736842,0.5232587679753995,1.0,0.5056898242940366,1.0,0.9565217391304348,0.6343050714508707,0.8818208353949276,0.9929929987441852,0.37407674424118975,instance,informative+rand_extra
1,0.175472043934494,0.0,0.038374717832957095,0.42105263157894735,0.0746459015159524,0.0,0.38919745535449335,0.9566425792106726,0.9565217391304348,0.6438496032539335,0.8366520861946402,0.9681580048558623,2.459750038461542,instance,informative+rand_extra
1,0.10703770554424963,0.2,0.15000000000000002,0.631578947368421,0.12130327947348746,0.0,0.4718552107456899,0.9983324068927182,1.0,0.6681385713527591,0.851925000368308,0.9796114276971271,0.8381147168445011,instance,informative+rand_extra
1,0.19200096955432877,0.0,0.2142857142857143,0.2631578947368421,0.07849194643900559,0.0,0.44075431394708453,0.980544747081712,1.0,0.6677619786599333,0.8542229605834544,0.9894346894928328,0.1553711885648712,instance,informative+rand_extra
1,0.10703770554424963,0.0,0.2142857142857143,0.2631578947368421,0.07487468878979359,0.0,0.44436486527540764,0.9933296275708727,0.9130434782608695,0.6131125450474987,0.8591940121740889,0.9945258442040618,1.0236545929832672,instance,informative+rand_extra
1,0.10184857852245255,0.0,0.038374717832957095,0.42105263157894735,0.07558058687167712,0.0,0.40286483038452303,0.9688715953307393,1.0,0.6674249107493757,0.8643609103455469,0.9868980399790529,0.7036496952135268,instance,informative+rand_extra
1,0.2242525317393721,0.0,0.05327868852459017,0.7894736842105263,0.33303211060268156,0.0,0.4116285382755863,0.9772095608671484,1.0,0.6676468114746537,0.8956180980447231,0.9953618092852338,0.5956608599408301,instance,informative+rand_extra
1,0.24547204393449407,0.4,0.1863636363636364,0.7894736842105263,0.5002102574804402,0.0,0.44960806272118314,0.9988882712618121,1.0,0.6676676067006552,0.8753588764082434,0.9899508700633316,-0.6501123161613858,instance,informative+rand_extra
1,0.11166733517387928,0.2,0.44303797468354433,0.7368421052631579,0.7829356322666637,1.0,0.5095184092799635,1.0,1.0,0.6674078524245661,0.8703724647131207,0.975756204616272,-0.07998087951969647,instance,informative+rand_extra
1,0.10703770554424963,0.0,0.5833333333333333,0.3684210526315789,0.10618944717979772,0.0,0.38109158277026633,0.9755419677598666,1.0,0.6674146829305547,0.8698683618778773,0.9821417026754596,1.1115995216287105,instance,informative+rand_extra
1,0.4390916776063485,0.0,0.0625,0.2631578947368421,0.19602948518941288,0.0,0.44368546386928376,0.9916620344635909,1.0,0.6677399148521235,0.8361386626409207,0.9871799445195734,-0.2162421096396756,instance,informative+rand_extra
1,0.10184857852245255,0.0,0.038374717832957095,0.42105263157894735,0.33144504180650236,0.0,0.3807276667145886,0.9555308504724848,1.0,0.6728506311217335,0.854276517407721,0.9964497134760002,0.9688338599360297,instance,informative+rand_extra
1,0.5107345787982452,0.2,0.03314917127071826,0.5789473684210527,0.6859772819002284,0.0,0.42763615704537017,0.9983324068927182,1.0,0.6675386524268662,0.8649162323371264,0.9845211270570973,0.005944054549408609,instance,informative+rand_extra
1,0.10703770554424963,0.0,0.038374717832957095,0.631578947368421,0.15232256839414104,0.0,0.4165901077659654,0.991106170094497,1.0,0.6673532482238276,0.8635588266990027,0.9830132341106913,0.626096426016141,instance,informative+rand_extra
1,0.1781894352388419,0.0,0.03314917127071826,0.5789473684210527,0.08057783046270678,0.0,0.4213624497245343,0.9844357976653697,1.0,0.6675320802547575,0.8711657189133576,0.9966352681265045,0.558470397214446,instance,informative+rand_extra
1,0.10184857852245255,0.0,0.038374717832957095,0.42105263157894735,0.09407386279896668,0.0,0.36740060256390716,0.9471928849360756,1.0,0.6677984077089018,0.8465359736816289,0.9932113561255348,1.190861192686549,instance,informative+rand_extra
1,0.10184857852245255,0.0,0.03314917127071826,0.5789473684210527,0.5583195107838744,0.0,0.412919465338645,0.9816564758198999,1.0,0.6684164222008236,0.8366621255302291,0.9570122857092777,-0.08545271873277845,instance,informative+rand_extra
1,0.24547204393449407,0.0,0.1863636363636364,0.8421052631578947,0.28784204168453076,0.0,0.47000310918727795,0.9955530850472485,1.0,0.670210749565733,0.8758533395640528,0.9962016118049224,0.022055824743250577,instance,informative+rand_extra
1,0.8003202315279171,0.8,0.7938144329896908,0.5263157894736842,0.5090837860745528,1.0,0.5382729927178904,1.0,1.0,0.6674896072859251,0.8728345219944257,0.9911091568202209,-0.23724221122998762,instance,informative+rand_extra
1,0.10703770554424963,0.0,0.05327868852459017,0.7894736842105263,0.1553031920458241,0.0,0.4620700921309048,0.9966648137854364,1.0,0.6674628446086657,0.87094926531584,0.9878233888462284,0.22797867660346732,instance,informative+rand_extra
1,0.10184857852245255,0.8,0.5833333333333333,0.47368421052631576,0.6077441563837497,0.5,0.494494027066981,0.9994441356309061,1.0,0.6672279597360926,0.879682059518196,0.9982205408413652,0.2665550231683006,instance,informative+rand_extra
1,0.13800537826102888,0.0,0.05327868852459017,0.5789473684210527,0.07729289639435344,0.0,0.44503031345202215,0.9833240689271817,0.9565217391304348,0.655849723232867,0.8659011895360463,0.9918152651747827,1.3602248412250906,instance,informative+rand_extra
1,0.24547204393449407,0.0,0.038374717832957095,0.631578947368421,0.22652294942902806,0.0,0.46022761719197935,0.9916620344635909,1.0,0.6675164351852306,0.8876911198910026,0.9949832590188376,0.261861362444446,instance,informative+rand_extra
1,0.24547204393449407,0.0,0.05327868852459017,0.8421052631578947,0.4651639517635672,0.0,0.38649483060208323,0.9955530850472485,1.0,0.6677802052403463,0.8420399032951328,0.9853217297484507,-0.17063068334128217,instance,informative+rand_extra
1,0.36985148152791714,0.0,0.8780487804878049,0.5263157894736842,0.4827460555299251,0.0,0.4299696820785245,0.9966648137854364,1.0,0.6678688489530529,0.8447853572334659,0.9916479868234468,0.8733306075268907,instance,informative+rand_extra
1,0.13800537826102888,0.0,0.038374717832957095,0.42105263157894735,0.07647290962370512,0.0,0.39013203424406084,0.9605336297943302,0.9565217391304348,0.6367029787821035,0.8641465023096889,0.9965444790186803,1.569005675515947,instance,informative+rand_extra
1,0.1146134631200072,0.0,0.03314917127071826,0.5789473684210527,0.09907095172086794,0.0,0.38269456519334,0.9566425792106726,1.0,0.6675283814121247,0.8741191005194289,0.998639932215686,1.4236325236385692,instance,informative+rand_extra
1,0.10703770554424963,0.0,0.10526315789473684,0.42105263157894735,0.07765412108128444,0.0,0.43588260292521397,0.9705391884380211,1.0,0.6677469409205484,0.8497391219714051,0.993372973310758,0.8968252842384195,instance,informative+rand_extra
1,0.13800537826102888,0.0,0.44303797468354433,0.47368421052631576,0.07489366862149932,0.0,0.44364877960205473,0.9849916620344636,1.0,0.6674254540590654,0.8566771429349275,0.9873533056900422,0.8911656914172079,instance,informative+rand_extra
1,0.2983533998666974,0.0,0.0,0.3157894736842105,0.14413423598400443,0.0,0.40843228114257146,0.9788771539744302,1.0,0.6672302843936272,0.8745164733861843,0.9951176931841289,0.3678324995807976,instance,informative+rand_extra
1,0.10703770554424963,0.0,0.03314917127071826,0.5789473684210527,0.08600423669860247,0.0,0.3668682290830785,0.9366314619232907,1.0,0.6671371762272923,0.8727817442966419,0.9990544712963385,1.5960706779006755,instance,informative+rand_extra
1,0.175472043934494,0.0,0.038374717832957095,0.42105263157894735,0.07560932302138618,0.0,0.36639739783650727,0.9471928849360756,1.0,0.6673374917739375,0.8592669203555718,0.999090483034311,1.4378541029911382,instance,informative+rand_extra
1,0.1146134631200072,0.0,0.41666666666666663,0.5263157894736842,0.2506891531301977,0.0,0.3430842479792694,0.9766536964980544,1.0,0.6679351050957669,0.8565217765947742,0.9970739390550879,0.3556738822735336,instance,informative+rand_extra
1,0.2983533998666974,0.0,0.1863636363636364,0.6842105263157895,0.07472229114459089,0.0,0.4389639278475046,0.9927737632017788,1.0,0.6674854906327744,0.8606263394436249,0.998220498027667,1.7443538900998852,instance,informative+rand_extra
1,0.1146134631200072,0.2,0.15000000000000002,0.631578947368421,0.3587745174338832,0.5,0.5031420291936431,1.0,1.0,0.6676904052102607,0.8701012249931306,0.9954595500921664,0.8340304340630715,instance,informative+rand_extra
1,0.25526814819458377,0.0,0.12,0.2631578947368421,0.07703681369969362,0.0,0.4470241526573636,0.9916620344635909,1.0,0.6681237109818279,0.8515660896699132,0.9887347398023633,1.3746017851704329,instance,informative+rand_extra
1,0.10184857852245255,0.0,0.038374717832957095,0.42105263157894735,0.077354682463603,0.0,0.46822626064337636,0.9961089494163424,1.0,0.6676506970033478,0.872055294746171,0.9768805488506491,1.2891328227451477,instance,informative+rand_extra
1,0.24547204393449407,0.0,0.05327868852459017,0.7894736842105263,0.4762637076803897,0.0,0.4390439608465766,0.9861033907726515,1.0,0.668720176441759,0.8914571705213478,0.9993472453335338,0.45864269554785675,instance,informative+rand_extra
1,0.43724228875558635,0.2,0.7938144329896908,0.5789473684210527,0.36675523370133767,0.0,0.4939653513927522,0.9988882712618121,1.0,0.6675375697025211,0.8702026147317553,0.9938797018556279,0.3278400120331445,instance,informative+rand_extra
1,0.1146134631200072,0.0,0.02631578947368418,0.42105263157894735,0.2588509249649095,0.0,0.4329453269888458,0.9916620344635909,0.9565217391304348,0.6622684314382001,0.8395436407239009,0.9774013223025928,0.5266242175521179,instance,informative+rand_extra
1,0.10184857852245255,0.0,0.038374717832957095,0.42105263157894735,0.08229594783380817,0.0,0.37657584717268167,0.9566425792106726,1.0,0.6682588637058428,0.8656996854838511,0.9886632639349259,1.026989082182139,instance,informative+rand_extra
1,0.24116273462518467,0.0,0.12903225806451613,0.47368421052631576,0.08534473372981799,0.0,0.4062881233609935,0.9688715953307393,1.0,0.6674694987721681,0.8624647369608761,0.9985833981490603,0.7638230404668149,instance,informative+rand_extra
1,0.10184857852245255,0.0,0.038374717832957095,0.42105263157894735,0.15417421647122637,0.0,0.33998501202429277,0.980544747081712,1.0,0.668283551934771,0.8734397697366412,0.9930410674030066,0.48405411185429603,instance,informative+rand_extra
1,0.1554472387261452,0.2,0.05327868852459017,0.5789473684210527,0.13948622689457313,0.0,0.464443389052109,0.9983324068927182,1.0,0.6676444525860584,0.886858320851125,0.9991946352156119,0.780963979431158,instance,informative+rand_extra
1,0.37047204393449407,0.0,0.03314917127071826,0.5789473684210527,0.5409635931886836,0.0,0.4778389885396268,0.9966648137854364,1.0,0.6675020935990008,0.9105298185286385,0.9917296982575481,0.2743815068659141,instance,informative+rand_extra
1,0.10703770554424963,0.0,0.02631578947368418,0.42105263157894735,0.4016054108336219,0.0,0.3778997748823879,0.9799888827126181,1.0,0.6677720990295546,0.8501123914774532,0.997489110193902,0.011524587555796821,instance,informative+rand_extra
1,0.10703770554424963,0.0,0.15000000000000002,0.631578947368421,0.08029941819912001,0.0,0.34371042205328717,0.9505280711506392,1.0,0.6676212945373414,0.8549442160063986,0.9563464699536707,0.6492187312028974,instance,informative+rand_extra
1,0.1146134631200072,0.0,0.5833333333333333,0.3684210526315789,0.42820070982851066,0.0,0.4309303095701513,0.9938854919399667,1.0,0.666998187887394,0.8407864192354362,0.991659149149537,0.8727253073099875,instance,informative+rand_extra
1,0.2614454139987732,0.2,0.19999999999999996,0.5263157894736842,0.43831047106234344,0.42857142857142855,0.4957265531467836,0.9994441356309061,1.0,0.6680599034079258,0.9192641721649556,0.9962592342028356,0.12971112993327005,instance,informative+rand_extra
1,0.10184857852245255,0.0,0.1863636363636364,0.6842105263157895,0.0928910024623405,0.0,0.42980448750089495,0.991106170094497,1.0,0.6681926862921324,0.8692411134221147,0.9942115982905152,0.08220047177733675,instance,informative+rand_extra
1,0.10703770554424963,0.0,0.10526315789473684,0.42105263157894735,0.07462561279574903,0.0,0.4400791355468243,0.9749861033907726,0.9565217391304348,0.638023745723155,0.8348786822655785,0.9753074397255003,1.1679687368595528,instance,informative+rand_extra
1,0.46836576992681156,0.4,0.05327868852459017,0.5789473684210527,0.32133487850011166,0.0,0.49731260327339666,0.9994441356309061,1.0,0.6676119487092433,0.905438729397644,0.9973531481689231,0.6009223194833444,instance,informative+rand_extra
1,0.2614454139987732,0.0,0.05327868852459017,0.5789473684210527,0.4220605716925766,0.0,0.45457669071393847,0.9944413563090606,1.0,0.6675665888773334,0.9183215848923285,0.9921019978107022,0.4451177306738152,instance,informative+rand_extra
1,0.1781894352388419,0.2,0.19318181818181823,0.9473684210526315,0.5961545447440507,0.0,0.45089649851611324,0.9983324068927182,1.0,0.6677268781295823,0.8689700572602617,0.9961223907261633,0.5577995185755449,instance,informative+rand_extra
1,0.19200096955432877,0.0,0.19318181818181823,0.9473684210526315,0.07848434388099984,0.0,0.46385324972171493,0.9961089494163424,1.0,0.6677076521764824,0.8598016587158696,0.9785161929639414,1.018399643006139,instance,informative+rand_extra
1,0.311472043934494,0.0,0.03314917127071826,0.5789473684210527,0.07507313171405083,0.0,0.38140339212694063,0.9616453585325181,1.0,0.6672938351712109,0.844349802111006,0.9874825186299566,1.395198624590285,instance,informative+rand_extra
1,0.1554472387261452,0.0,0.10526315789473684,0.42105263157894735,0.16207638401188962,0.0,0.4448390453073301,0.9949972206781545,1.0,0.6677330379497207,0.8817573904725629,0.9901528165011894,0.6265531168843815,instance,informative+rand_extra
1,0.10184857852245255,0.0,0.038374717832957095,0.631578947368421,0.07527516288603486,0.0,0.4447059921023018,0.9855475264035576,1.0,0.6679816964151001,0.8444022632547378,0.9874081290192767,0.8997103382354328,instance,informative+rand_extra
1,0.6581327315279171,0.4,0.9414634146341463,0.42105263157894735,0.18121777868631178,1.0,0.5068062770517274,1.0,1.0,0.6685921552662978,0.8507524180321404,0.9991119264368438,1.0564860755475856,instance,informative+rand_extra
1,0.175472043934494,0.0,0.05327868852459017,0.7894736842105263,0.07799971476375667,0.0,0.4362389476319064,0.9844357976653697,0.9565217391304348,0.6595126095786552,0.8618153298701728,0.9834393153823652,1.1843166221592285,instance,informative+rand_extra
1,0.1674735785224526,0.0,0.038374717832957095,0.42105263157894735,0.1665448129729371,0.0,0.3558038365835898,0.9944413563090606,1.0,0.6696922397967174,0.8455120170746856,0.9837198957044483,0.9626146693701582,instance,informative+rand_extra
1,0.10899143566530967,0.0,0.1863636363636364,0.5789473684210527,0.5118821333194791,0.0,0.4576620552468714,0.991106170094497,1.0,0.6680887474415483,0.8905741170113223,0.9819020643014718,0.25905015276612386,instance,informative+rand_extra
1,0.6070309687074043,1.0,0.1863636363636364,0.6842105263157895,0.2919272443339347,1.0,0.5255623716606252,1.0,1.0,0.6683057026360755,0.8858208123772336,0.9990485558887405,-0.01968538338866345,instance,informative+rand_extra
1,0.10184857852245255,0.0,0.038374717832957095,0.42105263157894735,0.07574144267461497,0.0,0.39144311746968263,0.9822123401889938,1.0,0.6688934439251972,0.8465609777071148,0.9928032250125662,1.1339298344223405,instance,informative+rand_extra
1,0.11747357852245255,0.0,0.038374717832957095,0.42105263157894735,0.12109674732759129,0.0,0.4031146595691084,0.9655364091161757,1.0,0.6673701348745802,0.8470858906066172,0.9695772765800313,1.0545334736556178,instance,informative+rand_extra
1,0.1554472387261452,0.0,0.06666666666666665,0.47368421052631576,0.12874165756982592,0.0,0.43611443016969453,0.9944413563090606,1.0,0.6681928607119626,0.8728192470138754,0.985585312848984,0.7971635077279439,instance,informative+rand_extra
1,0.19200096955432877,0.0,0.8125,0.5263157894736842,0.10077251089359984,0.0,0.4579724344134436,0.9972206781545303,1.0,0.6677622801544232,0.8771951780648813,0.9642018213446575,0.9334318574493433,instance,informative+rand_extra
1,0.13800537826102888,0.0,0.03314917127071826,0.5789473684210527,0.07563437552586849,0.0,0.4197652918896315,0.9672040022234575,0.9565217391304348,0.6171928707218254,0.8594916878509077,0.9958997645117139,1.142119877489581,instance,informative+rand_extra
1,0.19232476899864304,0.0,0.7272727272727273,0.47368421052631576,0.13188445381864972,0.0,0.4414703291751082,0.9838799332962757,1.0,0.6675032588293083,0.862746879133131,0.975909189633437,0.9558563988721935,instance,informative+rand_extra
1,0.3092748608359025,0.4,0.038374717832957095,0.42105263157894735,0.38389493414637166,0.16666666666666666,0.49328862853276123,0.9994441356309061,1.0,0.6673278562814575,0.899137187824948,0.9992997350465036,0.769664499552388,instance,informative+rand_extra
1,0.16109175959830369,0.0,0.02631578947368418,0.42105263157894735,0.6744768253885279,0.0,0.45689414989733623,0.9944413563090606,1.0,0.6695725841458423,0.8677609662929339,0.9874967819083081,0.12089286614195514,instance,informative+rand_extra
1,0.10703770554424963,0.0,0.41666666666666663,0.5263157894736842,0.12542263224661582,0.0,0.4015171046949094,0.9944413563090606,1.0,0.6678374139028234,0.8610361050479638,0.9795713648202746,0.45771993539146705,instance,informative+rand_extra
1,0.1781894352388419,0.0,0.038374717832957095,0.631578947368421,0.07732383627299677,0.0,0.4012322912541423,0.9822123401889938,1.0,0.6677162297072459,0.8571859970889476,0.985107171683585,0.9953723786203662,instance,informative+rand_extra
1,0.13800537826102888,0.0,0.2142857142857143,0.5263157894736842,0.07654006301583971,0.0,0.45125481458527994,0.9955530850472485,1.0,0.6677892367572712,0.8508250920597663,0.9904643149788183,0.7525296374230962,instance,informative+rand_extra
1,0.14726463752028818,0.0,0.05327868852459017,0.5789473684210527,0.33521517445330495,0.0,0.4216650547266385,0.9777654252362423,1.0,0.6679598744707972,0.8483978138761633,0.9707700874979068,1.3337789639873263,instance,informative+rand_extra
1,0.3092748608359025,0.4,0.02631578947368418,0.42105263157894735,0.1176702208742994,0.0,0.4840430679559188,0.9994441356309061,1.0,0.6673880105214332,0.8574528364315528,0.9945484297964219,-0.004488654721486411,instance,informative+rand_extra
1,0.1781894352388419,0.0,0.1863636363636364,0.5263157894736842,0.0760716962016531,0.0,0.4074443684088239,0.9588660366870484,1.0,0.6674961527473954,0.8595009919358634,0.990672078810207,1.956791575256545,instance,informative+rand_extra
1,0.6616211036209403,0.4,0.05327868852459017,0.7894736842105263,0.5434922903854319,0.0,0.4863612413769166,0.9994441356309061,1.0,0.6673437414182896,0.8689307049296673,0.9843661033164347,0.5788127009676154,instance,informative+rand_extra
1,0.10703770554424963,0.0,0.038374717832957095,0.42105263157894735,0.07461685511398108,0.0,0.41830333513576123,0.9744302390216787,0.9565217391304348,0.6330662421814357,0.8610426091550959,0.9964955536656472,1.976177558607339,instance,informative+rand_extra
1,0.19200096955432877,0.0,0.06666666666666665,0.3684210526315789,0.566030010413156,0.0,0.42628794847446416,0.9827682045580878,1.0,0.6675182980086607,0.8707255606277421,0.985138726697206,-0.3274727165932268,instance,informative+rand_extra
1,0.3178549537501393,0.0,0.038374717832957095,0.631578947368421,0.09490804621712234,0.0,0.4457457309464544,0.990550305725403,0.8695652173913043,0.6661388866889413,0.8464322805629331,0.997780358986324,1.689062679985437,instance,informative+rand_extra
1,0.1781894352388419,0.2,0.0,0.3157894736842105,0.6311643030811864,0.0,0.4899810676627312,0.9983324068927182,1.0,0.6673162041193127,0.9006177443371078,0.9927811098470002,0.1266671068872611,instance,informative+rand_extra
1,0.1554472387261452,0.2,0.1863636363636364,0.7894736842105263,0.08405955168283646,0.5,0.5082812672521395,1.0,1.0,0.6674458312275632,0.8845465044142067,0.9821179797275778,1.7485121058711977,instance,informative+rand_extra
1,0.14726463752028818,0.0,0.05327868852459017,0.5789473684210527,0.29485912728019936,0.0,0.41172151393031886,0.9794330183435241,1.0,0.6677123920287092,0.8784841932410654,0.9978240133547309,0.6122866173778982,instance,informative+rand_extra
1,0.11166733517387928,0.0,0.02631578947368418,0.42105263157894735,0.6280627878047284,0.0,0.43246627321206965,0.9861033907726515,1.0,0.6675008284357841,0.8425281857717993,0.9796645910210983,0.10501757053475233,instance,informative+rand_extra
1,0.13800537826102888,0.0,0.23076923076923073,0.42105263157894735,0.0815188829470494,0.0,0.41833654360914774,0.9866592551417455,1.0,0.6680027551594859,0.8555416765271341,0.9881112947644405,1.3624150939352075,instance,informative+rand_extra
1,0.175472043934494,0.0,0.1863636363636364,0.5263157894736842,0.12791121128090782,0.0,0.36416634783171553,0.9688715953307393,1.0,0.6674942787817797,0.8720357635766685,0.9949168568931339,1.6760238781921024,instance,informative+rand_extra
1,0.19200096955432877,0.6,0.6153846153846154,0.6842105263157895,0.5652299558396506,0.6,0.5085616868560152,1.0,1.0,0.6675192149257603,0.9183745951620589,0.9972781099885673,0.07742016404270564,instance,informative+rand_extra
1,0.10703770554424963,0.0,0.0,0.3157894736842105,0.07505801044963567,0.0,0.45001151524309213,0.9833240689271817,0.9565217391304348,0.5953929107199352,0.8460310341722718,0.9941677661672381,1.066274871436319,instance,informative+rand_extra
1,0.1710722387261452,0.0,0.1428571428571429,0.47368421052631576,0.09942668175337516,0.0,0.46533049228099777,0.9966648137854364,1.0,0.6674111987294211,0.867335517979598,0.9947349608383413,1.652229773730921,instance,informative+rand_extra
1,0.11166733517387928,0.0,0.15000000000000002,0.631578947368421,0.48496131722572355,0.5,0.45229221191783164,0.9966648137854364,1.0,0.6676260551140957,0.8435093880003315,0.9599330269644829,0.4002650275267415,instance,informative+rand_extra
1,0.10184857852245255,0.0,0.038374717832957095,0.42105263157894735,0.08423197851924746,0.0,0.4183389197062627,0.9972206781545303,1.0,0.6684574060050883,0.8656621067409901,0.9794392793990706,0.7410585457066814,instance,informative+rand_extra
1,0.10184857852245255,0.0,0.038374717832957095,0.42105263157894735,0.0746293669264958,0.0,0.43164250380337454,0.9838799332962757,1.0,0.6682972098063237,0.8309186157811778,0.9755180868543718,1.5420426701532093,instance,informative+rand_extra
1,0.1554472387261452,0.2,0.12,0.2631578947368421,0.4303108787663089,0.0,0.4421143110063368,0.9977765425236242,1.0,0.6680357290847542,0.89361354426666,0.9970193972481859,0.3430861203279911,instance,informative+rand_extra
1,0.09979939819458372,0.0,0.9416058394160584,0.3684210526315789,0.5672414890729285,0.0,0.44819529438394423,0.9955530850472485,1.0,0.7228628342129231,0.8413746261157691,0.9886590861417417,0.030787682635808066,instance,informative+rand_extra
1,0.3178549537501393,0.0,0.038374717832957095,0.42105263157894735,0.08267434375488547,0.0,0.43551193764603024,0.9783212896053363,0.9565217391304348,0.6590588250689032,0.8540579149917191,0.9955036999347722,1.216869778171529,instance,informative+rand_extra
1,0.43547648152791707,0.2,0.038374717832957095,0.42105263157894735,0.20821603077974482,0.0,0.49693367831335467,0.9994441356309061,1.0,0.6679962557127476,0.8710921493632383,0.9894218286595737,0.5103284158858769,instance,informative+rand_extra
1,0.11120437221091628,0.0,0.02631578947368418,0.42105263157894735,0.07700111666156356,0.0,0.38918033402370045,0.952751528627015,0.9565217391304348,0.6234011573700806,0.8246694312171247,0.9682186702323087,0.5847573233691606,instance,informative+rand_extra
1,0.10184857852245255,0.0,0.0,0.21052631578947367,0.18417939733646393,0.0,0.4351978856407661,0.9877709838799333,1.0,0.6696598984318282,0.8498987345508475,0.9982331550590212,0.2796592124887375,instance,informative+rand_extra
1,0.1554472387261452,0.0,0.05327868852459017,0.5789473684210527,0.07548860191444717,0.0,0.4352300205069475,0.9816564758198999,1.0,0.6675064151973262,0.8442328051873133,0.9987128349935754,1.5020407190057474,instance,informative+rand_extra
1,0.4186149010773512,0.0,0.05327868852459017,0.5789473684210527,0.5964653536682684,0.0,0.4324584856889563,0.9966648137854364,1.0,0.667589694270454,0.9121996297025818,0.9913594671321571,-0.22308777131172533,instance,informative+rand_extra
1,0.311472043934494,0.0,0.03314917127071826,0.5789473684210527,0.4774575445271413,0.0,0.4794152705022262,0.9955530850472485,1.0,0.6673746938362732,0.8834163891332585,0.9994686855946433,0.302433523556145,instance,informative+rand_extra
1,0.43547648152791707,0.0,0.19318181818181823,0.9473684210526315,0.44443459731383805,0.3333333333333333,0.44677223415113276,0.9961089494163424,1.0,0.667607810914755,0.8887030598665386,0.9859046960220427,0.12813798613206775,instance,informative+rand_extra
1,0.19200096955432877,0.0,0.038374717832957095,0.631578947368421,0.0753305451677938,0.0,0.4543547235505634,0.9938854919399667,1.0,0.667381212783122,0.8624575837828041,0.9920403283399372,1.6596608479566803,instance,informative+rand_extra
1,0.10703770554424963,0.0,0.03314917127071826,0.5789473684210527,0.248759463562795,0.0,0.3741368703188189,0.9744302390216787,1.0,0.6671471358011274,0.8499926254128731,0.9936354034959017,0.8734283969648463,instance,informative+rand_extra
1,0.19200096955432877,0.0,0.03314917127071826,0.5789473684210527,0.08726272160493431,0.0,0.463364061953377,0.9922178988326849,1.0,0.667661428844982,0.8679903341506844,0.9991839805359358,0.6125260310508462,instance,informative+rand_extra
1,0.1856071790696292,0.4,0.19318181818181823,0.9473684210526315,0.4440199566158659,0.0,0.4420382647453547,0.9988882712618121,1.0,0.667482207355837,0.8890644407671074,0.9996508034172242,0.8626441801473965,instance,informative+rand_extra
1,0.10184857852245255,0.0,0.0,0.21052631578947367,0.0752595448673799,0.0,0.37726227500438325,0.9727626459143969,1.0,0.6700995264476105,0.8384897627111012,0.9916126100416699,1.0152962439698785,instance,informative+rand_extra
1,0.43547648152791707,0.0,0.44303797468354433,0.47368421052631576,0.122680496457785,0.0,0.4206518416976246,0.9916620344635909,1.0,0.6681239003238015,0.8727354045273393,0.9992197673680296,-0.2803207097496582,instance,informative+rand_extra
1,0.1554472387261452,0.0,0.1863636363636364,0.5263157894736842,0.07755961246880627,0.0,0.42172377279196316,0.9694274596998332,1.0,0.667349874053455,0.876737583035805,0.9820069705942107,0.9375362522210496,instance,informative+rand_extra
1,0.311472043934494,0.0,0.03314917127071826,0.5789473684210527,0.07840352660581018,0.0,0.40696735697963227,0.9894385769872152,1.0,0.6674692938094675,0.8892692161407468,0.9976501531815165,1.106616491692484,instance,informative+rand_extra
1,0.21283430288766203,0.0,0.03314917127071826,0.5789473684210527,0.07580805422906778,0.0,0.4325218167370357,0.9827682045580878,1.0,0.667596593820891,0.8434654651558624,0.9570937729078673,1.0156215786539664,instance,informative+rand_extra
1,0.175472043934494,0.0,0.05327868852459017,0.7894736842105263,0.08408985778284206,0.0,0.3793142702193655,0.943301834352418,1.0,0.6687141248818317,0.8420048204286132,0.9928435962067341,1.5168060006545308,instance,informative+rand_extra
1,0.14726463752028818,0.0,0.05327868852459017,0.5789473684210527,0.08473531150918989,0.0,0.44959075795926506,0.9855475264035576,0.9565217391304348,0.6504929335927985,0.8326745871241645,0.9785273607143314,0.9891330580438712,instance,informative+rand_extra
1,0.10184857852245255,0.0,0.13043478260869568,0.3684210526315789,0.09600871861217486,0.0,0.40052357045303977,0.962201222901612,1.0,0.6675669217834258,0.8643129858486702,0.9922731383676187,0.7038363145803214,instance,informative+rand_extra
1,0.10184857852245255,0.0,0.03314917127071826,0.5789473684210527,0.07479492781520936,0.0,0.37547618575568875,0.9616453585325181,0.9130434782608695,0.6126095123005479,0.830691041592685,0.9810363349259489,0.5070628962917297,instance,informative+rand_extra
1,0.11166733517387928,0.0,0.2142857142857143,0.2631578947368421,0.33757001999189684,0.0,0.39912187378750275,0.9861033907726515,1.0,0.6677916360082603,0.8565066318247349,0.9988328776093909,0.24199989116641968,instance,informative+rand_extra
1,0.7958559458136314,0.2,0.02631578947368418,0.42105263157894735,0.6378895461989446,0.0,0.47888885802258885,0.9977765425236242,1.0,0.667930145689964,0.8816210980518957,0.9790879110801204,0.02570103823247569,instance,informative+rand_extra
1,0.14726463752028818,0.0,0.05327868852459017,0.5789473684210527,0.22730048613152698,0.0,0.4101712573299442,0.9749861033907726,1.0,0.6675032064448244,0.8542668373726019,0.9863795704479297,0.4222990080818394,instance,informative+rand_extra
1,0.19200096955432877,0.2,0.06666666666666665,0.3684210526315789,0.5497916262216668,0.0,0.4355081818147143,0.9983324068927182,1.0,0.6675328064658682,0.8614687536957268,0.9853878872649141,0.5141223281227909,instance,informative+rand_extra
1,0.11166733517387928,0.0,0.41666666666666663,0.5263157894736842,0.7466850635858387,0.0,0.4744294408871256,0.9955530850472485,1.0,0.668254806735786,0.8652503206749032,0.9976013665459966,-0.646752767499431,instance,informative+rand_extra
1,0.1856071790696292,0.0,0.13043478260869568,0.3684210526315789,0.08733850886149697,0.0,0.4477886703589409,0.9755419677598666,1.0,0.6670417518852849,0.8555379318676487,0.9843821527387894,0.9950708920757185,instance,informative+rand_extra
1,0.13800537826102888,0.0,0.7938144329896908,0.6842105263157895,0.1594351831264182,0.0,0.4658949342683951,0.9972206781545303,1.0,0.6673877053365823,0.8720928978380386,0.9878201067721776,0.5961552809582329,instance,informative+rand_extra
1,0.24116273462518467,0.0,0.05327868852459017,0.5789473684210527,0.0772051240012398,0.0,0.41166954495800223,0.9688715953307393,1.0,0.6676159258582092,0.8605107423479003,0.9980514743972182,0.9247837924785826,instance,informative+rand_extra
1,0.11120437221091628,0.0,0.19318181818181823,0.9473684210526315,0.4760683313315869,0.0,0.450208640303737,0.9933296275708727,1.0,0.6673875021436473,0.8821757959873646,0.9923450294608422,0.3347118079559878,instance,informative+rand_extra
1,0.10184857852245255,0.0,0.038374717832957095,0.42105263157894735,0.07495422835838816,0.0,0.41097693388828316,0.9777654252362423,1.0,0.6679799082741348,0.8581537135021012,0.9980434270020986,0.3870751929105481,instance,informative+rand_extra
1,0.24547204393449407,0.0,0.19999999999999996,0.5263157894736842,0.7237509417559184,0.0,0.4308371491242615,0.9944413563090606,1.0,0.6679470515423171,0.860206789964879,0.9973352252059555,-0.15293514288411755,instance,informative+rand_extra
1,0.11166733517387928,0.0,0.19318181818181823,0.9473684210526315,0.19566615563581735,0.0,0.4046802913655726,0.971650917176209,1.0,0.6673955132396975,0.8647908809385727,0.9780697760315085,0.6852273706391615,instance,informative+rand_extra
1,0.2242525317393721,0.0,0.1863636363636364,0.6842105263157895,0.08961621419448373,0.0,0.4431193453584611,0.9933296275708727,1.0,0.6673564733583325,0.8692090865762665,0.9773229103346968,1.2393889700606933,instance,informative+rand_extra
1,0.1856071790696292,0.0,0.038374717832957095,0.42105263157894735,0.24365259611386225,0.0,0.35677818205217016,0.9899944413563091,1.0,0.6671630385503416,0.8771240461858542,0.9872181744791713,1.1461900338890185,instance,informative+rand_extra
1,0.175472043934494,0.0,0.05327868852459017,0.7894736842105263,0.6705367178145449,0.0,0.4227816720808901,0.991106170094497,1.0,0.6683865489294678,0.8832201685703002,0.9964457300907589,0.4365457008336418,instance,informative+rand_extra
1,0.1146134631200072,0.0,0.9166666666666666,0.47368421052631576,0.1077799365048791,0.0,0.4482069547859885,0.9894385769872152,1.0,0.667512302893624,0.8731235650622403,0.9936043879339465,1.660532220977478,instance,informative+rand_extra
1,0.21100279428170077,0.0,0.05327868852459017,0.5789473684210527,0.10032698923421368,0.0,0.4747262892793578,0.9961089494163424,1.0,0.6674162382866622,0.8984473715962948,0.9920150134781048,0.8748546250142865,instance,informative+rand_extra
1,0.19200096955432877,0.0,0.6153846153846154,0.6842105263157895,0.6830364314009613,0.0,0.4474534151108529,0.9966648137854364,1.0,0.6675487180664403,0.8810335021111202,0.9966047990295552,0.18448398925114493,instance,informative+rand_extra
1,0.10184857852245255,0.0,0.038374717832957095,0.42105263157894735,0.0752519287795233,0.0,0.4219290016455308,0.9799888827126181,1.0,0.667301260049806,0.8429551633831447,0.9915583538431404,1.2889317021975004,instance,informative+rand_extra
1,0.10703770554424963,0.0,0.038374717832957095,0.42105263157894735,0.0792962321852616,0.0,0.3904574106259574,0.9822123401889938,1.0,0.6671125870371243,0.8627371847327857,0.9883333772997952,1.754738796734574,instance,informative+rand_extra
1,0.11120437221091628,0.0,0.02631578947368418,0.42105263157894735,0.23555399260474463,0.0,0.3320287369798972,0.9672040022234575,1.0,0.6671368368336906,0.8244838944276498,0.9907021631686695,0.5024748836761307,instance,informative+rand_extra
1,0.10184857852245255,0.0,0.0,0.21052631578947367,0.07461900639964308,0.0,0.4131398508605174,0.9855475264035576,0.9130434782608695,0.6037229437487915,0.8039307466581943,0.9643534416144158,1.152548645241945,instance,informative+rand_extra
1,0.25526814819458377,0.0,0.03314917127071826,0.5789473684210527,0.3033690572078719,0.0,0.39321649940182224,0.9961089494163424,1.0,0.667624915465049,0.8688247704617732,0.9979267857931367,0.7407999982655825,instance,informative+rand_extra
1,0.1856071790696292,0.0,0.05327868852459017,0.5789473684210527,0.3557082974030815,0.0,0.47138134308552004,0.9972206781545303,1.0,0.667372467512762,0.8932393592629534,0.9896952367349815,0.42045812029465424,instance,informative+rand_extra
1,0.1554472387261452,0.0,0.15000000000000002,0.631578947368421,0.13873767848091456,0.0,0.4438631724458585,0.9838799332962757,1.0,0.6680233336427713,0.8783886272284286,0.9885157632551811,0.6320150302223347,instance,informative+rand_extra
1,0.1856071790696292,0.0,0.7938144329896908,0.6842105263157895,0.1817337083011431,0.0,0.45239252816196496,0.9972206781545303,1.0,0.6671510442448139,0.8698363625491773,0.9970759837985574,0.9966425499506304,instance,informative+rand_extra
1,0.19200096955432877,0.2,0.9166666666666666,0.631578947368421,0.3151355086301175,0.5,0.4999101518846817,0.9994441356309061,1.0,0.6675047812022692,0.8975243905196841,0.988057463040119,0.21826710697673132,instance,informative+rand_extra
1,0.1781894352388419,0.0,0.1863636363636364,0.5263157894736842,0.18344669863433544,0.0,0.4091832951724924,0.9738743746525848,1.0,0.6675795648883531,0.8639456682317702,0.9909824185606776,0.5027414571193406,instance,informative+rand_extra
1,0.1781894352388419,0.0,0.038374717832957095,0.42105263157894735,0.6315440745415598,0.0,0.47407450138073737,0.9972206781545303,1.0,0.6672415651249703,0.8888146312560726,0.997537153738743,0.0517975574119829,instance,informative+rand_extra
1,0.11166733517387928,0.0,0.44303797468354433,0.7368421052631579,0.5896945676390474,0.0,0.44949806383121893,0.9888827126181212,1.0,0.6674340812079449,0.8654306941453703,0.9723511290688971,0.573298681556934,instance,informative+rand_extra
1,0.541383008382845,0.0,0.03314917127071826,0.5789473684210527,0.09758795231719963,0.0,0.465103124251001,0.9966648137854364,0.9565217391304348,0.6666666666666666,0.8475663028207961,0.9841818097370414,-0.25011728877453476,instance,informative+rand_extra
1,0.5198053772678274,0.2,0.19318181818181823,0.9473684210526315,0.18934757168009902,0.0,0.47263623319915005,0.9977765425236242,1.0,0.6676730459446872,0.873373605645709,0.9607411241315041,1.0722815363672442,instance,informative+rand_extra
1,0.2614454139987732,0.0,0.44303797468354433,0.47368421052631576,0.34300903672142813,0.0,0.4731758276516598,0.9972206781545303,1.0,0.667612674749404,0.899065984337214,0.9956737676182956,0.570878220699992,instance,informative+rand_extra
1,0.1503277488342929,0.2,0.1863636363636364,0.5263157894736842,0.4839935639479298,0.0,0.4733986620714413,0.9977765425236242,1.0,0.6674965728405606,0.9166164953407158,0.9979375897480359,0.38757778927380127,instance,informative+rand_extra
1,0.10703770554424963,0.0,0.7938144329896908,0.6842105263157895,0.26889454717303696,0.0,0.47259012876804274,0.9955530850472485,1.0,0.6673224285822532,0.8984501666105141,0.9993434653596162,0.6634364049957131,instance,informative+rand_extra
1,0.13800537826102888,0.0,0.0,0.21052631578947367,0.5387798597166107,0.0,0.4354473236052059,0.9899944413563091,1.0,0.6682750391620716,0.8548929901211885,0.9816977526630558,0.030700024400468873,instance,informative+rand_extra
1,0.10184857852245255,0.0,0.038374717832957095,0.42105263157894735,0.10978871138950369,0.0,0.46608182790523445,0.9944413563090606,1.0,0.6676857421330913,0.890863702475269,0.9959542392878987,0.43957552395294225,instance,informative+rand_extra
1,0.1781894352388419,0.0,0.038374717832957095,0.42105263157894735,0.078585596403632,0.0,0.37397969870114056,0.9710950528071151,1.0,0.6675402124123919,0.8696943225771472,0.9872460450977953,0.8098979844871634,instance,informative+rand_extra
1,0.24547204393449407,0.2,0.15000000000000002,0.47368421052631576,0.6768977184359657,1.0,0.5152144150566791,1.0,1.0,0.6676430718802268,0.869837078932171,0.9971664153820491,-0.9718000579159738,instance,informative+rand_extra
1,0.10184857852245255,0.0,0.12903225806451613,0.47368421052631576,0.1161637452824274,0.0,0.42133830164521935,0.9944413563090606,1.0,0.6677097313082309,0.8732341202487824,0.982731743671538,0.42975451302891027,instance,informative+rand_extra
1,0.2009017841806906,0.0,0.05327868852459017,0.5789473684210527,0.4746874511862459,0.15384615384615385,0.4577845892516469,0.9972206781545303,1.0,0.6676216032730169,0.9119361950291317,0.9990613284086578,0.06853047162005134,instance,informative+rand_extra
1,0.16120437221091632,0.2,0.02631578947368418,0.42105263157894735,0.30617000994087784,0.0,0.49805690905003086,0.9994441356309061,1.0,0.6672171144111165,0.8599678310052764,0.9887039022357655,0.23241199568881504,instance,informative+rand_extra
1,0.6031848148612504,0.2,0.12903225806451613,0.47368421052631576,0.5800794029831401,0.0,0.47528967491555196,0.9983324068927182,1.0,0.6675059142271696,0.9025929250541833,0.9990963479509415,-0.0010387492353406737,instance,informative+rand_extra
1,0.175472043934494,0.0,0.1863636363636364,0.5263157894736842,0.5142419332877326,0.0,0.4547002782986357,0.991106170094497,1.0,0.6674784246378745,0.8884126891716566,0.9937539130095209,0.25605207482450676,instance,informative+rand_extra
1,0.5129651896424456,0.0,0.9414634146341463,0.2631578947368421,0.19722718326209698,0.0,0.4179914395868395,0.9938854919399667,1.0,0.6675501034223881,0.8493841217685514,0.9973355579044001,-0.48644604121584273,instance,informative+rand_extra
1,0.6849004082955938,0.6,0.44303797468354433,0.47368421052631576,0.3741721089057055,0.0,0.4993265481303898,0.9994441356309061,1.0,0.6675941609220729,0.8676314053049715,0.9883565815315539,-0.034307717689360466,instance,informative+rand_extra
1,0.10184857852245255,0.0,0.0,0.21052631578947367,0.3337232927389865,0.0,0.4086076452940137,0.952751528627015,0.9565217391304348,0.6577299654530221,0.8355614652906674,0.9922806300103474,1.2596808999060038,instance,informative+rand_extra
1,0.43547648152791707,0.4,0.15000000000000002,0.631578947368421,0.2556694751549915,0.3333333333333333,0.5104053324169338,1.0,1.0,0.6678826969570631,0.8662320133188545,0.9944394421659233,-0.017125617185087764,instance,informative+rand_extra
1,0.5671387106011607,0.6,0.02631578947368418,0.42105263157894735,0.6990867387106127,1.0,0.5058323973326126,1.0,1.0,0.667632356879012,0.8593982657355564,0.9608667995023976,-0.3042543102091025,instance,informative+rand_extra
1,0.175472043934494,0.0,0.038374717832957095,0.42105263157894735,0.1272914663733391,0.0,0.3970500659222015,0.9710950528071151,1.0,0.6689334582035458,0.8838166453998701,0.998562995604757,0.8444862408506736,instance,informative+rand_extra
1,0.2106071790696291,0.2,0.038374717832957095,0.631578947368421,0.07837659696188898,0.0,0.4548355898497749,0.9983324068927182,1.0,0.6678520616075834,0.8771431073998568,0.9963952041424184,1.687421939551475,instance,informative+rand_extra
1,0.16109175959830369,0.2,0.02631578947368418,0.42105263157894735,0.1605314477448504,0.0,0.49721676992733665,0.9994441356309061,1.0,0.6675665540406495,0.855687964234921,0.9929442763747782,0.044115248785457244,instance,informative+rand_extra
1,0.13800537826102888,0.0,0.03314917127071826,0.5789473684210527,0.09681608076890696,0.0,0.4192797259327091,0.9788771539744302,1.0,0.6675303794980549,0.872515279325458,0.9784591742241023,2.2446445405948943,instance,informative+rand_extra
1,0.10184857852245255,0.0,0.038374717832957095,0.42105263157894735,0.11627146042090936,0.0,0.315915755493019,0.9822123401889938,1.0,0.6681245268155172,0.8619930715551346,0.9962679524527828,0.16401615437708975,instance,informative+rand_extra
1,0.11120437221091628,0.2,0.12903225806451613,0.47368421052631576,0.37402231803904756,0.0,0.44744222799994804,0.9994441356309061,1.0,0.6675206472787016,0.8678444731458173,0.985213228041866,-0.20535130804881493,instance,informative+rand_extra
1,0.6719348148612504,0.0,0.15000000000000002,0.631578947368421,0.37685076772064463,0.0,0.4683486234063654,0.9972206781545303,1.0,0.6675976159369215,0.8706703973594173,0.9932044658767186,-0.0075930795709590986,instance,informative+rand_extra
1,0.45690505295648853,0.0,0.2142857142857143,0.2631578947368421,0.12215305724201136,0.0,0.43110052009103617,0.9888827126181212,1.0,0.6691109201344723,0.8340947811722242,0.9884712963118929,-0.3282410509501769,instance,informative+rand_extra
1,0.1710722387261452,0.2,0.23076923076923073,0.42105263157894735,0.11205488732453839,0.0,0.4569278453259822,0.9977765425236242,1.0,0.6702877432768851,0.8651918024843649,0.9788809163743192,0.726869081996401,instance,informative+rand_extra
1,0.24547204393449407,0.0,0.12903225806451613,0.47368421052631576,0.3446026736268014,0.0,0.43726646260827295,0.9894385769872152,1.0,0.6694331111958329,0.8379956902229544,0.9973502253048884,-0.6967496363975556,instance,informative+rand_extra
1,0.1856071790696292,0.0,0.038374717832957095,0.631578947368421,0.07817540276059803,0.0,0.4142790636249323,0.9533073929961089,1.0,0.6681599882274755,0.8623950755577283,0.9979944091941239,1.1942684258199359,instance,informative+rand_extra
1,0.4186149010773512,0.2,0.44303797468354433,0.7368421052631579,0.6487458728500016,0.3333333333333333,0.47512361588563157,0.9983324068927182,1.0,0.667618435093751,0.8956996048818885,0.9998122349227503,-0.2469823506952877,instance,informative+rand_extra
1,0.5107345787982452,0.0,0.19999999999999996,0.3157894736842105,0.7868575999763725,0.0,0.42895092001677804,0.990550305725403,0.9565217391304348,0.6487595867253008,0.8554515999598102,0.9909049199868957,-0.3449257320000699,instance,informative+rand_extra
1,0.10703770554424963,0.0,0.02631578947368418,0.42105263157894735,0.14949296511705396,0.0,0.41594200627262423,0.9872151195108394,1.0,0.6674826808861124,0.8671222087324424,0.9964472387372287,0.8183161476386357,instance,informative+rand_extra
1,0.1781894352388419,0.4,0.19318181818181823,0.9473684210526315,0.3723363172189017,0.5,0.5051637801568032,1.0,1.0,0.667690914176615,0.8850055461497286,0.9911729886236483,-0.14056377119953178,instance,informative+rand_extra
1,0.36985148152791714,0.0,0.10526315789473684,0.42105263157894735,0.08326115147340868,0.0,0.4588373917934536,0.9944413563090606,1.0,0.6678886371001305,0.8271073415909487,0.9804456820545444,1.0772882477395906,instance,informative+rand_extra
1,0.175472043934494,0.0,0.1863636363636364,0.5789473684210527,0.1777586586109442,0.0,0.4486627797398657,0.9961089494163424,1.0,0.6676907030776993,0.8789729801314041,0.9969087670514135,0.4586142118813568,instance,informative+rand_extra
1,0.1856071790696292,0.0,0.05327868852459017,0.5789473684210527,0.07541497346382675,0.0,0.3929442550414286,0.9744302390216787,0.9565217391304348,0.6507910957695149,0.8657732138522988,0.9768422973561673,1.6469839794440255,instance,informative+rand_extra
1,0.11120437221091628,0.0,0.02631578947368418,0.42105263157894735,0.08641689244170847,0.0,0.41458690266181275,0.9844357976653697,1.0,0.6673876076488351,0.8472596616249911,0.9819691879340079,0.4182723568835964,instance,informative+rand_extra
1,0.11120437221091628,0.0,0.038374717832957095,0.6842105263157895,0.07694973900998542,0.0,0.4309580819183749,0.9610894941634242,1.0,0.666921604926754,0.8406057440160737,0.9887934787215968,1.1357394255515403,instance,informative+rand_extra
1,0.311472043934494,0.2,0.9090909090909091,0.5263157894736842,0.5741504724494929,0.5,0.5020575023022593,1.0,1.0,0.6675358013416233,0.8877379798570506,0.9924339988220879,0.055387153357872095,instance,informative+rand_extra
1,0.13800537826102888,0.0,0.038374717832957095,0.42105263157894735,0.0763254242889872,0.0,0.42736269639254665,0.9899944413563091,1.0,0.6680873739781383,0.8514760177466115,0.9980260330872286,0.8745445934900641,instance,informative+rand_extra
1,0.13800537826102888,0.0,0.06666666666666665,0.47368421052631576,0.2231764982109382,0.0,0.40655995290687996,0.9799888827126181,1.0,0.6682491763425081,0.8818017682156258,0.9955885207586523,1.0238622074301715,instance,informative+rand_extra
1,0.24116273462518467,0.0,0.038374717832957095,0.631578947368421,0.07657108789970973,0.0,0.46098256354885925,0.9955530850472485,1.0,0.667687830719333,0.8521012918683717,0.9970216809505478,0.7068147469487599,instance,informative+rand_extra
1,0.10703770554424963,0.2,0.15000000000000002,0.631578947368421,0.08992215509396279,0.0,0.42428410425637286,0.9988882712618121,0.9565217391304348,0.6660731918753504,0.844098218875715,0.9917191328847197,0.610003228294123,instance,informative+rand_extra
1,0.19200096955432877,0.0,0.038374717832957095,0.42105263157894735,0.12037937416727651,0.0,0.4316229321794788,0.9883268482490273,1.0,0.6677069159184763,0.8837305315842293,0.9985123935753257,0.5649737773563477,instance,informative+rand_extra
1,0.1554472387261452,0.0,0.038374717832957095,0.42105263157894735,0.0994904048740386,0.0,0.4382367780224007,0.990550305725403,1.0,0.6674534705078864,0.8778226894912109,0.9971514589683755,0.9768366520076672,instance,informative+rand_extra
1,0.175472043934494,0.0,0.038374717832957095,0.42105263157894735,0.3594024922548883,0.0,0.41691945175970324,0.9861033907726515,1.0,0.6773450220750756,0.8325120725898979,0.9924204349169782,0.9668439132909845,instance,informative+rand_extra
1,0.5184458162646185,0.0,0.19999999999999996,0.5263157894736842,0.7732749740975366,0.0,0.4133467280201588,0.9955530850472485,1.0,0.6678273101363993,0.8812378897201955,0.9883360744453313,-0.8101438369160533,instance,informative+rand_extra
1,0.19200096955432877,0.2,0.038374717832957095,0.42105263157894735,0.08267604777838822,0.0,0.4570766010460383,0.9977765425236242,1.0,0.6676094647891284,0.8788688695171705,0.9951964387049748,0.5681886418342499,instance,informative+rand_extra
1,0.25526814819458377,0.2,0.19318181818181823,0.9473684210526315,0.6452041850624605,0.0,0.4833154099098159,0.9988882712618121,1.0,0.6677917297961815,0.8804517095665724,0.992783202855704,-0.032747770994049324,instance,informative+rand_extra
1,0.3092748608359025,0.4,0.7938144329896908,0.47368421052631576,0.7523602820317389,0.0,0.4674502609441257,0.9983324068927182,1.0,0.6674594776871426,0.8590600718365996,0.9881259897639103,-0.5047431643905625,instance,informative+rand_extra
1,0.30797204393449407,0.0,0.12903225806451613,0.47368421052631576,0.7806582121695262,0.0,0.464129583750599,0.9972206781545303,1.0,0.6678952423991719,0.8464006170709619,0.9565266787746622,-0.6318747456915939,instance,informative+rand_extra
1,0.2139037209531276,0.0,0.05327868852459017,0.5789473684210527,0.1324085895461592,0.0,0.399781501486121,0.9777654252362423,1.0,0.6677026843849432,0.8700866410277435,0.978035750711209,0.29025100482871097,instance,informative+rand_extra
1,0.10184857852245255,0.0,0.038374717832957095,0.42105263157894735,0.07728426571368124,0.0,0.39809730779657526,0.9838799332962757,1.0,0.6674341504093879,0.8543904709971141,0.9828469106019426,0.692048691880238,instance,informative+rand_extra
1,0.6195239546838461,0.0,0.19999999999999996,0.5263157894736842,0.23538006061562228,0.0,0.4705656335955305,0.9966648137854364,1.0,0.6679887981177743,0.8778408370119635,0.9975363870395505,0.7608562577271735,instance,informative+rand_extra
1,0.10703770554424963,0.0,0.02631578947368418,0.42105263157894735,0.3083348631580424,0.0,0.3862690956330048,0.9872151195108394,1.0,0.6676772405466758,0.8446519506213681,0.9692169053159828,0.21389947068834048,instance,informative+rand_extra
1,0.10184857852245255,0.0,0.0,0.21052631578947367,0.6175376398637377,0.0,0.3563988643386252,0.942745969983324,1.0,0.6680492299306446,0.8408114534483978,0.957533361421184,-0.41028264517633944,instance,informative+rand_extra
1,0.10703770554424963,0.0,0.03314917127071826,0.5789473684210527,0.07473296480642527,0.0,0.439788347731094,0.9844357976653697,1.0,0.6676138190654086,0.8636796847533239,0.9995788305496458,1.5402911026702133,instance,informative+rand_extra
1,0.1710722387261452,0.0,0.12,0.2631578947368421,0.08475023139624993,0.0,0.43811650676807723,0.9961089494163424,1.0,0.6678703496097689,0.8628099843703043,0.997383374207117,1.3669556538673513,instance,informative+rand_extra
1,0.19200096955432877,0.0,0.0,0.21052631578947367,0.5472097336514553,0.0,0.3731265370163105,0.9849916620344636,1.0,0.6678788255374497,0.8816919439829478,0.9987112540480847,-0.263685231057552,instance,informative+rand_extra
1,0.1674735785224526,0.0,0.038374717832957095,0.42105263157894735,0.09282484302802041,0.0,0.4555463871484776,0.9961089494163424,1.0,0.6675240459745108,0.8434984810894646,0.9966227453689918,0.9441523660635651,instance,informative+rand_extra
1,0.6199544369542737,0.8,0.05327868852459017,0.7894736842105263,0.8069409185279923,1.0,0.5203532965862424,1.0,0.9565217391304348,0.6597575856223578,0.8358671456919116,0.9728969432861678,-0.15697450472402663,instance,informative+rand_extra
1,0.3803549537501393,0.4,0.44303797468354433,0.47368421052631576,0.11212967440353827,0.0,0.4830117107812478,0.9988882712618121,1.0,0.6672770971385774,0.8532825021070766,0.981819166430219,0.37593654766313417,instance,informative+rand_extra
1,0.22547204393449405,0.0,0.05327868852459017,0.7894736842105263,0.08913283336342526,0.0,0.3974187776074849,0.9799888827126181,1.0,0.6672585444332974,0.8572321914020367,0.9795114029687133,0.6089767079682649,instance,informative+rand_extra
1,0.5171387106011607,0.4,0.44303797468354433,0.7368421052631579,0.4386366107709424,1.0,0.508558789954072,1.0,1.0,0.66769359115645,0.8922662605756603,0.9825740487374037,0.18362777637259506,instance,informative+rand_extra
1,0.11166733517387928,0.0,0.02631578947368418,0.42105263157894735,0.2932450307323996,0.0,0.3842855447596677,0.9733185102834908,1.0,0.6673268220385246,0.855075733623257,0.9778295757395543,0.7000280491211105,instance,informative+rand_extra
1,0.11120437221091628,0.2,0.12903225806451613,0.47368421052631576,0.43650533901697275,0.0,0.48595856871058807,0.9983324068927182,1.0,0.6671405866129153,0.861501071098607,0.9957283797667382,0.012582732692999327,instance,informative+rand_extra
1,0.10703770554424963,0.2,0.15000000000000002,0.631578947368421,0.27008564561824794,0.0,0.4633937012156897,0.9977765425236242,1.0,0.6675705392800746,0.8934311532298539,0.9999237793111997,0.5003392462609074,instance,informative+rand_extra
1,0.34835339986669744,0.2,0.6153846153846154,0.5789473684210527,0.5359084107660622,0.0,0.4690249766871253,0.9988882712618121,1.0,0.6677295106208737,0.898448572628989,0.996361206348226,0.44268159924839123,instance,informative+rand_extra
1,0.1554472387261452,0.0,0.05327868852459017,0.5789473684210527,0.08336203215903676,0.0,0.45746809400677135,0.9861033907726515,1.0,0.6703623200854535,0.8630301108763416,0.9795064272997318,1.0021378665412433,instance,informative+rand_extra
1,0.3092748608359025,0.0,0.0625,0.2631578947368421,0.08041589350550737,0.0,0.42388594712137273,0.9922178988326849,1.0,0.6674527720560542,0.8630859365828464,0.9923275359521463,1.2856745110552175,instance,informative+rand_extra
1,0.11166733517387928,0.0,0.05327868852459017,0.5789473684210527,0.5868701357455406,0.0,0.43463336462146107,0.9949972206781545,1.0,0.6675864084474792,0.8832269629284198,0.9981772731799448,0.16504463848732415,instance,informative+rand_extra
1,0.1781894352388419,0.0,0.1863636363636364,0.5263157894736842,0.4469745577495461,0.0,0.4612385417900414,0.9972206781545303,1.0,0.6675527704215949,0.8992717619009251,0.9989449612088446,0.8334386060548853,instance,informative+rand_extra
1,0.1856071790696292,0.0,0.7938144329896908,0.3157894736842105,0.281611996229698,0.0,0.43729836247725695,0.9916620344635909,0.9565217391304348,0.6593599273616849,0.8714393010500622,0.9900312649996289,0.5277079783129088,instance,informative+rand_extra
1,0.10184857852245255,0.0,0.038374717832957095,0.42105263157894735,0.0791654417447899,0.0,0.4007464120400106,0.9449694274596998,1.0,0.668129221297667,0.827670762637959,0.981979596408763,1.321153353233371,instance,informative+rand_extra
1,0.1554472387261452,0.0,0.06666666666666665,0.47368421052631576,0.19043662342788442,0.0,0.42368163222643074,0.9861033907726515,1.0,0.6686158041066648,0.8811191921087667,0.9950401113925039,0.12284954921678366,instance,informative+rand_extra
1,0.1856071790696292,0.0,0.1863636363636364,0.5263157894736842,0.352795374086311,0.0,0.4392622768772977,0.9955530850472485,1.0,0.667103863211623,0.8955574668042863,0.9988385441866231,0.30747418165006074,instance,informative+rand_extra
1,0.10703770554424963,0.0,0.15000000000000002,0.631578947368421,0.11988081068578788,0.0,0.4468701779622407,0.9755419677598666,1.0,0.6685829320605966,0.8618475422068963,0.9895221730040783,0.021229816775912715,instance,informative+rand_extra
1,0.16109175959830369,0.0,0.02631578947368418,0.42105263157894735,0.31581344817140194,0.0,0.38056567515047124,0.9783212896053363,1.0,0.667849654246203,0.8699525839452036,0.9999912538559097,0.8356304808762608,instance,informative+rand_extra
1,0.13800537826102888,0.0,0.13043478260869568,0.3684210526315789,0.07572894126841845,0.0,0.41227968581408003,0.9799888827126181,0.9130434782608695,0.6581135540019809,0.8312172791100949,0.9978325586281932,0.819389049144169,instance,informative+rand_extra
1,0.10184857852245255,0.0,0.2142857142857143,0.5263157894736842,0.0859835874061764,0.0,0.44278836239596886,0.9833240689271817,0.9565217391304348,0.6431596583859285,0.8318772036825502,0.9834118850768472,-0.737168137565329,instance,informative+rand_extra
1,0.33647204393449404,0.4,0.0625,0.2631578947368421,0.4589097695559696,1.0,0.5007323410453669,1.0,1.0,0.6671990713701313,0.8732707382893107,0.9985634247381183,0.8622491963494028,instance,informative+rand_extra
1,0.25526814819458377,0.0,0.0,0.21052631578947367,0.10410370167452887,0.0,0.4648841169436144,0.9955530850472485,1.0,0.6677501751754659,0.8708612211142147,0.9996028277841041,0.14693682704071268,instance,informative+rand_extra
1,0.11120437221091628,0.0,0.038374717832957095,0.631578947368421,0.08383134432425987,0.0,0.36782586083101554,0.9633129516397999,1.0,0.6672893740124762,0.8798353576273013,0.9895494975898118,1.1131831796051181,instance,informative+rand_extra
1,0.1146134631200072,0.0,0.10526315789473684,0.42105263157894735,0.09709834188332567,0.0,0.4400428968263388,0.9949972206781545,0.9565217391304348,0.6521872839708902,0.874047810377271,0.9891925652927908,1.7959072227164277,instance,informative+rand_extra
1,0.28488037826102885,0.0,0.03314917127071826,0.5789473684210527,0.12399132738362445,0.0,0.43772055697730117,0.9944413563090606,1.0,0.6679956322134842,0.8801664184374556,0.9975294809262449,0.22628900416491524,instance,informative+rand_extra
1,0.1781894352388419,0.0,0.03314917127071826,0.5789473684210527,0.09561862632366314,0.0,0.4398622076883322,0.9938854919399667,1.0,0.6677020370074086,0.8798961764839788,0.9983594445282088,1.245698182914358,instance,informative+rand_extra
1,0.1781894352388419,0.0,0.0,0.3157894736842105,0.5262676860148727,0.0,0.41286120415093397,0.9872151195108394,1.0,0.6675747382486013,0.890211376387529,0.9892600810128124,-0.07450606483424327,instance,informative+rand_extra
1,0.1781894352388419,0.0,0.0,0.3684210526315789,0.13645111825246226,0.0,0.4324656043844385,0.9955530850472485,0.9565217391304348,0.6646169672613857,0.8809301994646497,0.9949259145593683,1.0579458495174945,instance,informative+rand_extra
1,0.16109175959830369,0.0,0.02631578947368418,0.42105263157894735,0.6465183587285828,0.0,0.44280017631850666,0.9922178988326849,1.0,0.6680416077537351,0.8936584070160432,0.9999349884743644,0.3291050921742148,instance,informative+rand_extra
1,0.14726463752028818,0.0,0.05327868852459017,0.5789473684210527,0.6334650664553374,0.0,0.4075059117582306,0.9816564758198999,1.0,0.668907132484855,0.8532568173953681,0.9938973556785411,-0.41963460314037776,instance,informative+rand_extra
1,0.1146134631200072,0.0,0.15000000000000002,0.631578947368421,0.5715754037940617,0.0,0.41976142247697446,0.9783212896053363,1.0,0.6675258624994967,0.8599005921317884,0.9981662418799789,0.5840832110700488,instance,informative+rand_extra
1,0.10703770554424963,0.0,0.038374717832957095,0.631578947368421,0.0746215631464292,0.0,0.38787383149780386,0.9699833240689272,0.9565217391304348,0.6359645190395049,0.8355667131009332,0.9979096453565529,2.119830015365163,instance,informative+rand_extra
1,0.5303549537501393,0.6,0.02631578947368418,0.42105263157894735,0.799258605541754,0.0,0.4709332242268547,0.9994441356309061,1.0,0.6672602517973333,0.8500996866568656,0.9906707890970757,-0.679257413356647,instance,informative+rand_extra
1,0.13800537826102888,0.0,0.03314917127071826,0.5789473684210527,0.07943477765192303,0.0,0.4540373986908124,0.9938854919399667,1.0,0.667976574001213,0.8620824411934676,0.9921275000072686,1.2666906649452394,instance,informative+rand_extra
1,0.7741297553374409,0.4,0.1863636363636364,0.6842105263157895,0.5900010461674953,1.0,0.5098053215401833,1.0,1.0,0.667831279634504,0.8864126741995944,0.9996235853259979,0.4923215836664672,instance,informative+rand_extra
1,0.5032520191623256,0.6,0.41666666666666663,0.5263157894736842,0.3568380147616136,0.6,0.4971116340252413,0.9994441356309061,1.0,0.6687999356781648,0.8681729622553533,0.9959844533427624,0.6512718648467583,instance,informative+rand_extra
1,0.10184857852245255,0.0,0.0,0.21052631578947367,0.17870946116152586,0.0,0.4145410973658217,0.9966648137854364,1.0,0.6691151134503853,0.8581335108322995,0.9891170328109724,0.4622182135583231,instance,informative+rand_extra
1,0.10899143566530967,0.2,0.1863636363636364,0.5263157894736842,0.3908788825942627,0.0,0.46992793834008095,0.9977765425236242,1.0,0.66759736799155,0.8862145754739241,0.9998917503246322,-0.3663190971642641,instance,informative+rand_extra
1,0.37047204393449407,0.2,0.038374717832957095,0.42105263157894735,0.4674676719506642,0.3333333333333333,0.4939083777626345,0.9994441356309061,1.0,0.6678256499513446,0.9116267807343804,0.9967071879281187,-0.3923052121584232,instance,informative+rand_extra
1,0.5032520191623256,0.2,0.06666666666666665,0.47368421052631576,0.6625799049819063,0.0,0.49355902109285865,0.9994441356309061,1.0,0.6683937643743,0.8617518107713633,0.9883203037680262,0.19069827006657888,instance,informative+rand_extra
1,0.13800537826102888,0.0,0.12,0.2631578947368421,0.09689635103801886,0.0,0.4482656782189395,0.9933296275708727,1.0,0.6680689391802374,0.874874877800236,0.990278346803162,1.1939167953878749,instance,informative+rand_extra
1,0.1554472387261452,0.0,0.05327868852459017,0.5789473684210527,0.180959417414293,0.0,0.4365683230156685,0.9961089494163424,1.0,0.6676525360887318,0.8852436010238244,0.9959432805777366,0.645730929342616,instance,informative+rand_extra
1,0.1458634631200072,0.2,0.03314917127071826,0.5789473684210527,0.17826488573331412,0.0,0.47183976200340205,0.9988882712618121,1.0,0.6675438787689361,0.9026799193248031,0.993464628846344,0.8271024707332639,instance,informative+rand_extra
1,0.1554472387261452,0.2,0.15000000000000002,0.631578947368421,0.4424130988218947,0.0,0.48658371790776944,0.9983324068927182,1.0,0.6676463059263971,0.8778948827717884,0.9817941340579408,0.23198272653672045,instance,informative+rand_extra
1,0.13800537826102888,0.0,0.038374717832957095,0.42105263157894735,0.09878398403931332,0.0,0.4057442388479141,0.924958310172318,0.9130434782608695,0.6126424904130197,0.8486667686607609,0.9990176126235168,1.270926221826654,instance,informative+rand_extra
1,0.1838053772678273,0.4,0.19318181818181823,0.9473684210526315,0.208173905806044,0.25,0.4615939683009799,0.9988882712618121,1.0,0.6674546639380736,0.908050210623906,0.9882945788444528,0.9133808001719642,instance,informative+rand_extra
1,0.10184857852245255,0.0,0.1863636363636364,0.5789473684210527,0.13462613581070626,0.0,0.3930371193318012,0.9710950528071151,1.0,0.667844730350691,0.8361754246357489,0.9985863690897137,0.2009776686290332,instance,informative+rand_extra
1,0.2983533998666974,0.4,0.1863636363636364,0.7894736842105263,0.12189830894513676,0.3333333333333333,0.5189285192511988,1.0,1.0,0.6675528089234165,0.8987244680578845,0.9951658671196706,0.051031922567209606,instance,informative+rand_extra
1,0.10703770554424963,0.0,0.038374717832957095,0.42105263157894735,0.07578126425430448,0.0,0.40644866906429145,0.9672040022234575,1.0,0.6671432262074719,0.8684760373609031,0.9917615164019666,1.5233566607978688,instance,informative+rand_extra
1,0.1722646375202882,0.4,0.6153846153846154,0.631578947368421,0.6292762623987737,0.0,0.4614960005152011,0.9988882712618121,1.0,0.6674720584777248,0.8814652796070529,0.9824336405616421,0.12620319275729516,instance,informative+rand_extra
1,0.1554472387261452,0.0,0.038374717832957095,0.42105263157894735,0.08439468182622478,0.3333333333333333,0.45992601725030224,0.9949972206781545,1.0,0.6677251244417312,0.8697333640218278,0.9978987793397542,1.410137995209412,instance,informative+rand_extra
1,0.1781894352388419,0.0,0.05327868852459017,0.7894736842105263,0.32604058922244095,0.0,0.4088472022725661,0.9883268482490273,1.0,0.6675284677686929,0.9034005236492451,0.9998478909380707,1.0911310819360105,instance,informative+rand_extra
1,0.25526814819458377,0.0,0.0,0.21052631578947367,0.3844745938554657,0.0,0.46805221876659076,0.9961089494163424,0.9565217391304348,0.6333608669374206,0.8616519525233245,0.9960852431317428,-0.1759450984356852,instance,informative+rand_extra
1,0.2983533998666974,0.0,0.1863636363636364,0.631578947368421,0.10373759786253123,0.0,0.44214992719917945,0.9922178988326849,1.0,0.6678297878128978,0.8672406476007927,0.9971180408653082,0.8791145538010724,instance,informative+rand_extra
1,0.1856071790696292,0.0,0.1863636363636364,0.7368421052631579,0.19194346456419387,0.0,0.45325616276600245,0.9955530850472485,1.0,0.6676815539973019,0.9037368315184271,0.9870702526623754,0.9508914812135643,instance,informative+rand_extra
1,0.11120437221091628,0.4,0.6153846153846154,0.6842105263157895,0.6327927502813174,0.5,0.5098856209835018,1.0,1.0,0.6675474494077218,0.8872010403885071,0.9854464196650462,0.5477306116867183,instance,informative+rand_extra
1,0.10703770554424963,0.0,0.038374717832957095,0.631578947368421,0.09409373649970593,0.0,0.3512643598033317,0.9766536964980544,1.0,0.667369672654259,0.8653922854437586,0.9980816635536904,0.9233099571964127,instance,informative+rand_extra
1,0.16109175959830369,0.0,0.02631578947368418,0.42105263157894735,0.13295040998636576,0.0,0.4437944013433617,0.9783212896053363,1.0,0.6677957495791279,0.8643258800631178,0.99766141794017,0.5608944339534502,instance,informative+rand_extra
1,0.19200096955432877,0.0,0.9166666666666666,0.631578947368421,0.4137653823454207,0.0,0.44402387167400237,0.9944413563090606,1.0,0.6675585661373432,0.8985520267345365,0.9816042122047072,0.5869341603623179,instance,informative+rand_extra
1,0.10703770554424963,0.0,0.02631578947368418,0.42105263157894735,0.1178442886151449,0.0,0.434302711803622,0.9799888827126181,1.0,0.667299251265557,0.8614776049878777,0.9992315336593361,1.0760319239172917,instance,informative+rand_extra
1,0.1781894352388419,0.0,0.13043478260869568,0.3684210526315789,0.09823101842272575,0.0,0.4127838638091158,0.991106170094497,1.0,0.6676805112452195,0.8875208831944571,0.9974237350038712,0.6008583823604338,instance,informative+rand_extra
1,0.13800537826102888,0.0,0.1863636363636364,0.631578947368421,0.1353014953809829,0.0,0.4607592325837542,0.9972206781545303,1.0,0.668341646706644,0.9060855842862527,0.9980852202633006,0.9991953285683363,instance,informative+rand_extra
1,0.49835339986669747,0.2,0.7938144329896908,0.5789473684210527,0.4770591553745386,0.0,0.44263823461214,0.9988882712618121,1.0,0.6672860459863201,0.8989205723112866,0.9943644316076357,1.32355380690266,instance,informative+rand_extra
1,0.1781894352388419,0.0,0.03314917127071826,0.5789473684210527,0.08545834357856003,0.0,0.45843116764984226,0.9966648137854364,1.0,0.6672463230668075,0.8581107736302881,0.9914228466315927,1.1477099873492755,instance,informative+rand_extra
1,0.10184857852245255,0.0,0.038374717832957095,0.5263157894736842,0.5881837233812698,0.0,0.4459510939677046,0.990550305725403,1.0,0.667754280568701,0.8375713069687012,0.9535803609586738,-0.5548614326590581,instance,informative+rand_extra
1,0.1146134631200072,0.2,0.03314917127071826,0.5789473684210527,0.31960811605102446,0.0,0.4904830923391249,0.9988882712618121,1.0,0.6676042999126859,0.8883985923396405,0.9965055302823609,0.8516933828533092,instance,informative+rand_extra
1,0.19200096955432877,0.0,0.0,0.3157894736842105,0.12582188130362165,0.0,0.4373470427413789,0.9888827126181212,0.9565217391304348,0.6666666666666666,0.8739545477773908,0.9983839274185864,0.6514993805071063,instance,informative+rand_extra
1,0.1838053772678273,0.0,0.0,0.3157894736842105,0.2693081553883432,0.0,0.41979570480166006,0.9872151195108394,1.0,0.6671411244840181,0.8729409257569697,0.9856000069738999,0.5279611405694656,instance,informative+rand_extra
1,0.10184857852245255,0.0,0.038374717832957095,0.47368421052631576,0.3153815012080945,0.0,0.4156766041168748,0.9760978321289605,1.0,0.6679947979678782,0.8711830160732592,0.9899717233117399,0.4909259471168057,instance,informative+rand_extra
1,0.18488037826102888,0.0,0.038374717832957095,0.42105263157894735,0.12745094560217252,0.0,0.4039597605804668,0.9760978321289605,0.9565217391304348,0.660989785115162,0.8374077867160136,0.9889551618326862,1.1447249151180798,instance,informative+rand_extra
1,0.10184857852245255,0.0,0.0,0.21052631578947367,0.10135154572303612,0.0,0.41807502738724345,0.9916620344635909,1.0,0.6685258275974575,0.8432145890293412,0.9882340051389813,-0.03999036444681963,instance,informative+rand_extra
1,0.1856071790696292,0.0,0.038374717832957095,0.47368421052631576,0.0783295440765559,0.0,0.4634896275360757,0.9972206781545303,1.0,0.6670173707495847,0.8451769471538723,0.9829654467923614,1.1644044334283556,instance,informative+rand_extra
1,0.10703770554424963,0.0,0.038374717832957095,0.631578947368421,0.07465295902197427,0.0,0.372559681878334,0.9188438021122846,0.9565217391304348,0.6116001284740735,0.8206003953143067,0.9976416448404953,1.5394049916117194,instance,informative+rand_extra
1,0.10184857852245255,0.0,0.038374717832957095,0.42105263157894735,0.08187600035837883,0.0,0.4028611683017993,0.9722067815453029,1.0,0.6690782841212941,0.8388112774191762,0.998518801170727,0.101816870390991,instance,informative+rand_extra
1,0.16109175959830369,0.0,0.15000000000000002,0.631578947368421,0.19165205776597344,0.0,0.4128347233496875,0.9922178988326849,1.0,0.6675937616093304,0.8909273540616318,0.9984008581561455,1.048964401100467,instance,informative+rand_extra
1,0.3178549537501393,0.0,0.038374717832957095,0.42105263157894735,0.07547661474221512,0.0,0.44004617490576536,0.9833240689271817,1.0,0.6670225951027763,0.8432101153085558,0.9943750862784232,1.0096212943693526,instance,informative+rand_extra
1,0.37047204393449407,0.2,0.038374717832957095,0.631578947368421,0.0905316225735549,0.5,0.4712272796869732,0.9994441356309061,1.0,0.6672737301423012,0.8840938565082311,0.9924558428026199,0.4836990985344745,instance,informative+rand_extra
1,0.1146134631200072,0.0,0.03314917127071826,0.5789473684210527,0.07779774912470722,0.0,0.4424623054650896,0.9844357976653697,1.0,0.6673326233588929,0.8399716901647267,0.9650938989937557,1.3973430279306753,instance,informative+rand_extra
1,0.10703770554424963,0.0,0.1863636363636364,0.5263157894736842,0.26024982137656083,0.0,0.39233950092267544,0.9938854919399667,1.0,0.667216537202021,0.8686771968998378,0.9864610604076359,1.290453865488909,instance,informative+rand_extra
1,0.1856071790696292,0.0,0.038374717832957095,0.631578947368421,0.08250963881811202,0.0,0.39036526622753975,0.9694274596998332,1.0,0.6671325778153278,0.8743096829346293,0.9918183268447389,1.537197721715428,instance,informative+rand_extra
1,0.19200096955432877,0.0,0.038374717832957095,0.42105263157894735,0.15920306402793916,0.0,0.3971632822691856,0.980544747081712,1.0,0.6677725876539368,0.8981882436399992,0.9995831469883218,0.5094890195456988,instance,informative+rand_extra
1,0.6070309687074043,0.0,0.7272727272727273,0.47368421052631576,0.27949146902762256,0.0,0.4668750483449622,0.9972206781545303,1.0,0.667652992168599,0.8981372280969554,0.9957128753896938,0.45785918245229057,instance,informative+rand_extra
1,0.2106071790696291,0.2,0.038374717832957095,0.631578947368421,0.09176494530864998,0.0,0.4952142326870195,0.9983324068927182,1.0,0.6677063648697305,0.8753947103152812,0.996535504018262,0.39215721612261495,instance,informative+rand_extra
1,0.5235605751216168,0.2,0.0625,0.2631578947368421,0.09035351749683063,0.0,0.4915532203674765,0.9994441356309061,1.0,0.6673294304504364,0.8727964496199838,0.9980610727784208,1.560546711271782,instance,informative+rand_extra
1,0.24547204393449407,0.0,0.05327868852459017,0.7894736842105263,0.36829477754541806,0.0,0.4025904799347837,0.9633129516397999,1.0,0.6676074018531583,0.8940850081182926,0.9895604662789518,0.5780486470229015,instance,informative+rand_extra
1,0.5229101019789042,0.2,0.02631578947368418,0.42105263157894735,0.7831922610313254,0.0,0.45005544544188447,0.9988882712618121,1.0,0.667384469447773,0.8932579808222469,0.9994611872406245,-0.4669971266614555,instance,informative+rand_extra
1,0.5521431481945838,0.0,0.05327868852459017,0.7894736842105263,0.44803148141313454,0.0,0.4459693690408534,0.9922178988326849,1.0,0.675066816145123,0.8846790971870793,0.9960022764068606,0.0049087453001741286,instance,informative+rand_extra
1,0.11166733517387928,0.0,0.02631578947368418,0.42105263157894735,0.5279913833148743,0.0,0.3801852644599012,0.9838799332962757,1.0,0.6675656788048213,0.855605591799107,0.999923441683238,0.49249204142195757,instance,informative+rand_extra
1,0.1838053772678273,0.0,0.1863636363636364,0.5263157894736842,0.08108034371216988,0.0,0.42025222340283175,0.9888827126181212,1.0,0.6672716650254419,0.8425140521056511,0.9875364532109767,1.2038465399040945,instance,informative+rand_extra
1,0.25526814819458377,0.0,0.0,0.21052631578947367,0.17726131165641268,0.0,0.4309559326037503,0.9894385769872152,0.9565217391304348,0.6384421565780632,0.8306359397942163,0.9998828887986726,0.5531681083216199,instance,informative+rand_extra
1,0.1856071790696292,0.0,0.12903225806451613,0.47368421052631576,0.6743014245228625,0.0,0.4730211327230567,0.9961089494163424,1.0,0.6672936494702741,0.8923865764792395,0.9931367714115401,0.24447403758136282,instance,informative+rand_extra
1,0.11747357852245255,0.0,0.038374717832957095,0.42105263157894735,0.12362812899820852,0.0,0.4358281954126788,0.9844357976653697,1.0,0.667423616516702,0.8377135550870188,0.9934856877854873,0.8220968109762482,instance,informative+rand_extra
1,0.1554472387261452,0.0,0.05327868852459017,0.5789473684210527,0.07493225992090347,0.0,0.4470868068688405,0.9949972206781545,1.0,0.6700800634652478,0.8299255999266946,0.9711320978347382,0.9944703867641582,instance,informative+rand_extra
1,0.1856071790696292,0.0,0.038374717832957095,0.631578947368421,0.17781115491201122,0.0,0.41718751536679954,0.9966648137854364,1.0,0.6673451426131116,0.873409286117286,0.9857774428553909,0.3186608404291987,instance,informative+rand_extra
1,0.10184857852245255,0.0,0.13043478260869568,0.3684210526315789,0.0770622111661643,0.0,0.43618765643900415,0.9899944413563091,1.0,0.6678976550831538,0.8717612750315596,0.98861342597685,1.0716269602704238,instance,informative+rand_extra
1,0.11120437221091628,0.0,0.6153846153846154,0.6842105263157895,0.37583987818999265,0.0,0.378387094862917,0.9644246803779878,1.0,0.6671968144170878,0.8464552368266899,0.9969760527213244,0.8063430945381994,instance,informative+rand_extra
1,0.1554472387261452,0.0,0.03314917127071826,0.5789473684210527,0.08625061939757916,0.0,0.4222706203351595,0.9888827126181212,1.0,0.667769781725781,0.9003494509320125,0.9983838736177203,1.1538764333250766,instance,informative+rand_extra
1,0.19200096955432877,0.0,0.19318181818181823,0.9473684210526315,0.44457735006926924,0.0,0.43167028548738473,0.9877709838799333,1.0,0.6676573055367703,0.8887056722418522,0.996070970012524,0.8906090922097687,instance,informative+rand_extra
1,0.175472043934494,0.0,0.1863636363636364,0.5263157894736842,0.4040341751859503,0.0,0.45660107190361277,0.991106170094497,1.0,0.6675630887829131,0.874316909073328,0.9964744888716754,0.21036132664421667,instance,informative+rand_extra
1,0.1146134631200072,0.0,0.15000000000000002,0.631578947368421,0.18218336905483873,0.0,0.4151219719712469,0.9872151195108394,1.0,0.6677769171563465,0.8939284786882536,0.9839217952824301,1.4992932285330276,instance,informative+rand_extra
1,0.1838053772678273,0.0,0.1863636363636364,0.5263157894736842,0.07481275029345624,0.0,0.38640680671470806,0.943301834352418,1.0,0.6674228620851627,0.8303832442336685,0.9885533061320675,0.35955315659941006,instance,informative+rand_extra
1,0.10703770554424963,0.0,0.12903225806451613,0.47368421052631576,0.14433914250295166,0.0,0.41975085495233944,0.9972206781545303,1.0,0.6673946761927156,0.8485640245250734,0.9845992388279902,0.3032358397661818,instance,informative+rand_extra
1,0.44816374972479134,0.6,0.6153846153846154,0.631578947368421,0.6946010297508165,0.5,0.48030582673286315,0.9994441356309061,1.0,0.6674577226207199,0.898476578776134,0.9981937840356504,0.041710266507166124,instance,informative+rand_extra
1,0.11120437221091628,0.0,0.02631578947368418,0.47368421052631576,0.07608145401848798,0.0,0.3507554533349859,0.9382990550305725,0.9565217391304348,0.6423145531104046,0.8071684930020935,0.9592245093266644,1.802972625524581,instance,informative+rand_extra
1,0.13800537826102888,0.0,0.1863636363636364,0.6842105263157895,0.07870841522724498,0.5,0.4453047858631436,0.9955530850472485,1.0,0.6674268773852217,0.8693240336333193,0.9971183355931759,0.5637272874651511,instance,informative+rand_extra
1,0.3471863296487797,0.0,0.03314917127071826,0.5789473684210527,0.2080606684793388,0.0,0.4798000045549973,0.9966648137854364,1.0,0.6675032270542443,0.8748088507179422,0.987314995629158,0.9564368556724561,instance,informative+rand_extra
1,0.3471863296487797,0.4,0.44303797468354433,0.7368421052631579,0.5105996125098757,0.0,0.45661697049172323,0.9983324068927182,1.0,0.6677025865217452,0.9031654788617871,0.9962778743260597,0.17764338372836844,instance,informative+rand_extra
1,0.10184857852245255,0.2,0.23076923076923073,0.42105263157894735,0.10626229487245009,0.0,0.459491827093341,0.9983324068927182,1.0,0.6676255735615446,0.8603504649998643,0.9792250403157697,0.5259713477083947,instance,informative+rand_extra
1,0.1838053772678273,0.0,0.1863636363636364,0.5263157894736842,0.08705654347223835,0.0,0.4317672032069195,0.9972206781545303,1.0,0.6671229649594482,0.8685973058975253,0.9987036643776104,1.6346175851563178,instance,informative+rand_extra
1,0.10703770554424963,0.0,0.038374717832957095,0.631578947368421,0.07505286884895473,0.0,0.37517089848884455,0.9471928849360756,0.9565217391304348,0.6658982017984961,0.8469797118733658,0.9794654621152858,1.8603929140202202,instance,informative+rand_extra
1,0.10703770554424963,0.0,0.02631578947368418,0.42105263157894735,0.4054607829008705,0.0,0.40911297550060954,0.9866592551417455,1.0,0.6677540544094303,0.8761409785045116,0.9996099837277238,0.0776465238929282,instance,informative+rand_extra
1,0.3729152070181132,0.0,0.19318181818181823,0.9473684210526315,0.07663038847742082,0.0,0.44017458912543217,0.9877709838799333,1.0,0.6674921461735682,0.8729882596835475,0.9983189486368084,1.2774217384956839,instance,informative+rand_extra
1,0.11166733517387928,0.0,0.19318181818181823,0.9473684210526315,0.4345530811160796,0.0,0.42387879393036876,0.9933296275708727,1.0,0.6675534231880638,0.8797139165200633,0.9964040128784982,0.992998890041946,instance,informative+rand_extra
1,0.1146134631200072,0.0,0.02631578947368418,0.42105263157894735,0.17484238744326885,0.0,0.40373664369120277,0.9938854919399667,1.0,0.6675858575316171,0.8587446615133905,0.9901521373098557,0.5739261564101809,instance,informative+rand_extra
1,0.5229101019789042,0.4,0.12903225806451613,0.47368421052631576,0.7237578348471242,0.25,0.43372812655756143,0.9994441356309061,1.0,0.6675990874060634,0.9018559956037066,0.9973911434978208,-0.5863651460654358,instance,informative+rand_extra
1,0.10703770554424963,0.0,0.05327868852459017,0.7894736842105263,0.5181837325571902,0.0,0.4455502895897149,0.9955530850472485,1.0,0.6717274385297873,0.9006467018031484,0.998509699548155,0.496094801984511,instance,informative+rand_extra
1,0.1838053772678273,0.0,0.038374717832957095,0.631578947368421,0.10022738389457031,0.14285714285714285,0.4394851532274119,0.9966648137854364,1.0,0.6674831021191927,0.90292608788251,0.9975043581625193,0.9875213740207884,instance,informative+rand_extra
1,0.10703770554424963,0.0,0.10526315789473684,0.42105263157894735,0.07782091475861092,0.0,0.38523504980474,0.9710950528071151,1.0,0.6673101374203954,0.8712065288271532,0.9986932880108127,1.2427119903555943,instance,informative+rand_extra
1,0.19200096955432877,0.0,0.19318181818181823,0.9473684210526315,0.22107006529452244,0.0,0.4780640882089149,0.9961089494163424,1.0,0.6675724078082349,0.881086588259486,0.9637876270513324,0.8555434222770679,instance,informative+rand_extra
1,0.11166733517387928,0.0,0.15000000000000002,0.631578947368421,0.5389407257031817,0.0,0.41498482269266557,0.9833240689271817,1.0,0.6677243753546044,0.8372145015869595,0.9769498273003606,-0.498995264814016,instance,informative+rand_extra
1,0.16109175959830369,0.0,0.1863636363636364,0.631578947368421,0.08628531800469386,0.0,0.4405339302837574,0.991106170094497,1.0,0.6681588226855077,0.8411216585140228,0.9966329790505729,-0.02890262106702504,instance,informative+rand_extra
1,0.22547204393449405,0.4,0.7938144329896908,0.6842105263157895,0.20660561786095055,0.0,0.45357289545738644,0.9994441356309061,1.0,0.6670177405670887,0.8632520891635865,0.9928646024209059,-0.42816421055570647,instance,informative+rand_extra
1,0.44816374972479134,0.2,0.03314917127071826,0.5789473684210527,0.2696444528250107,0.0,0.4479450250023552,0.9977765425236242,1.0,0.667440530262894,0.9040502851357285,0.9914410877683101,0.49903939054613283,instance,informative+rand_extra
1,0.10184857852245255,0.0,0.038374717832957095,0.631578947368421,0.07463214404947655,0.0,0.40453074416285584,0.9838799332962757,0.9565217391304348,0.6462484806045833,0.8144254040916706,0.9284504263042741,1.3375136196016877,instance,informative+rand_extra
1,0.7808416264066234,0.4,0.02631578947368418,0.42105263157894735,0.7834943330380337,0.0,0.4627519909123723,0.9988882712618121,1.0,0.6676485727462447,0.8699440245609662,0.9876810250314988,-0.3189170425239322,instance,informative+rand_extra
1,0.10184857852245255,0.0,0.7938144329896908,0.3157894736842105,0.2660461635266863,0.0,0.45337604270269294,0.990550305725403,1.0,0.6676325473074378,0.8615538213341754,0.9834494461333312,0.7927832362308752,instance,informative+rand_extra
1,0.13800537826102888,0.0,0.03314917127071826,0.5789473684210527,0.08847789017324909,0.0,0.40191713335627866,0.9961089494163424,1.0,0.6687749530283057,0.8510611810661276,0.9879218540136538,1.2470269519637478,instance,informative+rand_extra
1,0.311472043934494,0.0,0.038374717832957095,0.42105263157894735,0.141858233729731,0.0,0.42057478826831796,0.9927737632017788,1.0,0.6673772317626294,0.8777938674900301,0.9877223482935243,0.802081141439301,instance,informative+rand_extra
1,0.13800537826102888,0.0,0.1863636363636364,0.7894736842105263,0.07485071669265064,0.0,0.37632591003675986,0.9866592551417455,1.0,0.6675592240747903,0.8758604526043389,0.9922723015364509,1.5187002417499504,instance,informative+rand_extra
1,0.1856071790696292,0.0,0.03314917127071826,0.5789473684210527,0.0786356401681374,0.0,0.4165934978931949,0.9783212896053363,1.0,0.6676568904862408,0.8555157838175937,0.9909251129647632,0.9139428133074633,instance,informative+rand_extra
1,0.21100279428170077,0.0,0.03314917127071826,0.5789473684210527,0.15651169403442405,0.0,0.44926813755788053,0.9861033907726515,1.0,0.6676555091654,0.8963340696171633,0.9986149856435967,1.1719278410065104,instance,informative+rand_extra
1,0.3092748608359025,0.2,0.0625,0.2631578947368421,0.38542447523967704,0.0,0.45104402108384,0.9988882712618121,1.0,0.6672524350606728,0.8669455528975452,0.9988202006705795,0.7729865720474686,instance,informative+rand_extra
1,0.3178549537501393,0.4,0.038374717832957095,0.42105263157894735,0.11786280827115247,0.3333333333333333,0.5089290383778051,1.0,1.0,0.667009998452974,0.8600718770568057,0.98177903411522,0.7257379484050656,instance,informative+rand_extra
1,0.10703770554424963,0.0,0.02631578947368418,0.42105263157894735,0.07533538233728204,0.0,0.44668368809273296,0.9655364091161757,1.0,0.6675496561855531,0.8382845175250495,0.9643023434292084,0.6932994917559456,instance,informative+rand_extra
1,0.2106071790696291,0.0,0.038374717832957095,0.631578947368421,0.07542455387006564,0.0,0.42796034541671213,0.990550305725403,1.0,0.6675886903528115,0.837877052966249,0.9865417678129975,0.8706061594200855,instance,informative+rand_extra
1,0.13800537826102888,0.0,0.05327868852459017,0.5789473684210527,0.07773568168055844,0.0,0.44300526615823765,0.9838799332962757,1.0,0.6677601697531587,0.8695804115430205,0.9754991579576999,1.0020256761034183,instance,informative+rand_extra
1,0.10703770554424963,0.0,0.05327868852459017,0.5789473684210527,0.07612323421229955,0.0,0.4167112486375041,0.9916620344635909,0.9565217391304348,0.6605083153255985,0.8617922556193524,0.9945879366185685,0.8159631505971428,instance,informative+rand_extra
1,0.2614454139987732,0.0,0.05327868852459017,0.5789473684210527,0.13914889847440587,0.0,0.44108796250314697,0.9877709838799333,1.0,0.6682133466604017,0.8753044510290744,0.9999477707480907,0.5713590156394177,instance,informative+rand_extra
1,0.3178549537501393,0.0,0.038374717832957095,0.631578947368421,0.10328731159866089,0.0,0.4632389904577213,0.9944413563090606,1.0,0.6671812006553103,0.86402396330007,0.994139579476464,0.8451479699727881,instance,informative+rand_extra
1,0.10184857852245255,0.0,0.038374717832957095,0.631578947368421,0.07586184913704674,0.0,0.44083821417247004,0.9916620344635909,1.0,0.6672016834300518,0.8583738221952154,0.9852318888784292,1.2413029036334975,instance,informative+rand_extra
1,0.175472043934494,0.0,0.05327868852459017,0.7894736842105263,0.0812020696625056,0.0,0.3578128574503271,0.9866592551417455,0.9565217391304348,0.6508577902041084,0.8540028929237057,0.9846062575643468,1.1087792876836495,instance,informative+rand_extra
1,0.10703770554424963,0.0,0.02631578947368418,0.42105263157894735,0.25132875199667204,0.0,0.4651462937001145,0.9949972206781545,1.0,0.6672111444134675,0.8594647127759036,0.9875859279335143,0.3635173996015808,instance,informative+rand_extra
1,0.5107345787982452,0.2,0.19318181818181823,0.9473684210526315,0.7718440499622783,0.0,0.4792676770336738,0.9977765425236242,1.0,0.667264923941773,0.8907098904187912,0.9888638881821223,0.575861882388823,instance,informative+rand_extra
1,0.1554472387261452,0.0,0.038374717832957095,0.42105263157894735,0.0801643304116677,0.0,0.4810407604427678,0.9966648137854364,1.0,0.6673745092528518,0.8729196187297404,0.9976258109109217,1.0808644261732763,instance,informative+rand_extra
1,0.1838053772678273,0.0,0.0,0.3157894736842105,0.07785406071158629,0.0,0.4247168972495238,0.990550305725403,1.0,0.6669954744651968,0.8252544615829976,0.9505907844929301,0.3283030479628391,instance,informative+rand_extra
1,0.10703770554424963,0.0,0.1863636363636364,0.5263157894736842,0.08678981102721306,0.0,0.32206483896537474,0.9377431906614786,0.9565217391304348,0.6305506587883078,0.8202596067482076,0.978781312170626,1.2946976140771045,instance,informative+rand_extra
1,0.1554472387261452,0.0,0.03314917127071826,0.5789473684210527,0.10071916645064583,0.0,0.43251318916007286,0.9944413563090606,1.0,0.6676622323080594,0.9017765240503238,0.9985849971397407,0.84301713716335,instance,informative+rand_extra
1,0.10703770554424963,0.0,0.038374717832957095,0.631578947368421,0.07462304693306943,0.0,0.350396662455694,0.9110617009449694,0.9565217391304348,0.6105698433731517,0.8398408782455968,0.9986666288542666,1.6405263794264717,instance,informative+rand_extra
1,0.24116273462518467,0.0,0.06666666666666665,0.47368421052631576,0.07933287696755686,0.0,0.4499518764806171,0.9933296275708727,1.0,0.6678766772610807,0.872111354767096,0.9987690874667762,0.6933080588743529,instance,informative+rand_extra
1,0.10703770554424963,0.0,0.03314917127071826,0.5789473684210527,0.07465559894130186,0.0,0.4203018378484592,0.9677598665925514,1.0,0.667438687890514,0.8367855232950454,0.9915370054518685,2.067645690781391,instance,informative+rand_extra
1,0.11120437221091628,0.0,0.038374717832957095,0.42105263157894735,0.155328520721158,0.0,0.4786385203811582,0.9972206781545303,1.0,0.6672829332983805,0.890074769924324,0.9964847892100819,0.8285257415480851,instance,informative+rand_extra
1,0.5920737037501393,0.2,0.44303797468354433,0.7368421052631579,0.7590998711423061,0.0,0.46961485690048377,0.9988882712618121,1.0,0.6678247172363593,0.8737802791603799,0.9866613650529213,-0.7363654544169628,instance,informative+rand_extra
1,0.2614454139987732,0.0,0.15000000000000002,0.631578947368421,0.24914676712506617,0.0,0.4709656046608782,0.9961089494163424,1.0,0.6676285571787823,0.8930753720629285,0.998408010627552,0.6856020941904862,instance,informative+rand_extra
1,0.36713871060116066,0.2,0.038374717832957095,0.5789473684210527,0.12515609465000432,0.0,0.47585218798598616,0.9988882712618121,1.0,0.6684678825086497,0.8653473202820642,0.9991658441740995,0.4413040295615091,instance,informative+rand_extra
1,0.1856071790696292,0.0,0.02631578947368418,0.42105263157894735,0.10333796266728656,0.0,0.421711931044792,0.9855475264035576,1.0,0.6672654420619245,0.8467923038076283,0.9975677778299229,0.3806154157583709,instance,informative+rand_extra
1,0.19200096955432877,0.0,0.038374717832957095,0.42105263157894735,0.0771865654926881,0.0,0.41873697926594344,0.9816564758198999,1.0,0.6673634327402939,0.8528178463305833,0.9825876517797332,0.821892940346661,instance,informative+rand_extra
1,0.2106071790696291,0.0,0.038374717832957095,0.631578947368421,0.07544438861934655,0.0,0.4574997154863071,0.9972206781545303,0.9565217391304348,0.6340434804883386,0.8406109341985083,0.9848585108072291,1.0768082800347585,instance,informative+rand_extra
1,0.13800537826102888,0.0,0.0,0.3684210526315789,0.08782627153266304,0.0,0.3851033383068294,0.9916620344635909,0.9565217391304348,0.658891136380747,0.8717683193243058,0.9946610505553837,0.9572246286248524,instance,informative+rand_extra
1,0.24116273462518467,0.0,0.038374717832957095,0.631578947368421,0.07547488880310249,0.0,0.4540993775492066,0.990550305725403,1.0,0.6677589977500574,0.867718107536814,0.9856551485578465,0.7543366296039432,instance,informative+rand_extra
1,0.19200096955432877,0.0,0.0,0.3157894736842105,0.10444375448353177,0.0,0.470134579328772,0.9966648137854364,1.0,0.6674108422312054,0.8611213971863173,0.9935614777645911,0.52484394576918,instance,informative+rand_extra
1,0.19200096955432877,0.0,0.0625,0.2631578947368421,0.7166406094312605,0.0,0.4075907505769577,0.9660922734852696,1.0,0.6679958559356839,0.8718638661641621,0.9987408571063897,-0.4292084235477156,instance,informative+rand_extra
1,0.10703770554424963,0.0,0.03314917127071826,0.5789473684210527,0.08547656086751731,0.0,0.3900919285506036,0.9794330183435241,1.0,0.6672805072637957,0.8676036691094666,0.9969454591567588,1.4897155879880741,instance,informative+rand_extra
1,0.1554472387261452,0.0,0.038374717832957095,0.42105263157894735,0.07591343305449177,0.0,0.4458716467174806,0.991106170094497,1.0,0.667504788659563,0.8698535154125733,0.9986894593839654,1.4594722254365147,instance,informative+rand_extra
1,0.18488037826102888,0.2,0.1863636363636364,0.631578947368421,0.0795190154078772,0.0,0.4660076927559703,0.9983324068927182,1.0,0.6680128517484284,0.8785092921252781,0.9967799030552048,1.1231092495221884,instance,informative+rand_extra
1,0.3729152070181132,0.2,0.10526315789473684,0.42105263157894735,0.09473460698828562,0.0,0.4813126684447244,0.9977765425236242,1.0,0.667707017676747,0.8659316492884218,0.987819393113845,0.9216237305262285,instance,informative+rand_extra
1,0.1831327315279171,0.0,0.0,0.3157894736842105,0.2970392862129647,0.0,0.4507727713190739,0.990550305725403,0.9565217391304348,0.6383855279675769,0.8319229636319103,0.9776755318834788,1.4297769639904943,instance,informative+rand_extra
1,0.2106071790696291,0.0,0.038374717832957095,0.42105263157894735,0.07505070447234663,0.0,0.39664069474277996,0.9760978321289605,1.0,0.667333230276037,0.8547238036750755,0.9873394538498392,2.105713341308862,instance,informative+rand_extra
1,0.11120437221091628,0.0,0.1863636363636364,0.5263157894736842,0.21533166039823498,0.0,0.36859652090834416,0.9883268482490273,1.0,0.6672077497853294,0.8889103369393251,0.9973442477527003,1.1130566045698183,instance,informative+rand_extra
1,0.5304626277386372,0.6,0.7938144329896908,0.5789473684210527,0.5513233993803386,0.0,0.4980185602274356,0.9994441356309061,1.0,0.668287906836446,0.9018673684873229,0.9982315151860904,0.40556364077000917,instance,informative+rand_extra
1,0.28488037826102885,0.0,0.038374717832957095,0.631578947368421,0.13232894220818636,0.0,0.46282896433804865,0.9972206781545303,1.0,0.6682562393450809,0.8579667291526427,0.9898914445810497,0.4182959259355831,instance,informative+rand_extra
1,0.1458634631200072,0.2,0.15000000000000002,0.631578947368421,0.0769080611627167,0.0,0.4969970339300981,0.9988882712618121,0.9565217391304348,0.6428398490411927,0.8912115812887182,0.9989621912545489,1.1933109245998876,instance,informative+rand_extra
1,0.10703770554424963,0.0,0.038374717832957095,0.631578947368421,0.07668441405180842,0.0,0.40244080044540254,0.962757087270706,1.0,0.6672320136973225,0.8704516959449629,0.9938379263214462,1.4793193156970184,instance,informative+rand_extra
1,0.1554472387261452,0.0,0.038374717832957095,0.42105263157894735,0.07905974604290744,0.0,0.41749299018885044,0.9733185102834908,1.0,0.6674655148362151,0.8771375256276418,0.9980063803740684,1.6960814199966232,instance,informative+rand_extra
1,0.1554472387261452,0.0,0.038374717832957095,0.42105263157894735,0.09811803058909685,0.0,0.4660068640082644,0.9877709838799333,1.0,0.6677577935591439,0.8505772030850451,0.9997500527522408,0.5850987382482941,instance,informative+rand_extra
1,0.10703770554424963,0.0,0.05327868852459017,0.7894736842105263,0.0910351582678165,0.0,0.4249366789196879,0.9949972206781545,1.0,0.667536292216501,0.8879986264430065,0.999675464726147,0.552171814640772,instance,informative+rand_extra
1,0.3092748608359025,0.0,0.03314917127071826,0.5789473684210527,0.16086813352990037,0.0,0.42339544575961985,0.9933296275708727,1.0,0.6677029897836944,0.8890484535758987,0.9991157513437895,0.49185422425055725,instance,informative+rand_extra
1,0.2614454139987732,0.0,0.05327868852459017,0.5789473684210527,0.08693628811775123,0.0,0.4402663409339387,0.9961089494163424,1.0,0.6677239808791989,0.8911454180409494,0.9951619326763802,0.9744546098379927,instance,informative+rand_extra
1,0.37047204393449407,0.2,0.038374717832957095,0.631578947368421,0.36144669267856866,0.4,0.47839665768533035,0.9988882712618121,1.0,0.6677528401661149,0.9017105967778941,0.9945286484145568,0.004137767842050133,instance,informative+rand_extra
1,0.1781894352388419,0.0,0.03314917127071826,0.5789473684210527,0.16220319149784784,0.0,0.4519609385872535,0.9944413563090606,1.0,0.6675528101412499,0.8717269108306497,0.9866772818685472,0.4173284307273384,instance,informative+rand_extra
1,0.1856071790696292,0.0,0.44303797468354433,0.47368421052631576,0.08777054814092572,0.0,0.38996151239851296,0.9760978321289605,0.9565217391304348,0.6649223210975819,0.8514550558634243,0.9962884802796435,0.9550477415196144,instance,informative+rand_extra
1,0.1781894352388419,0.0,0.03314917127071826,0.5789473684210527,0.3277661585185143,0.0,0.45282462747030117,0.9866592551417455,1.0,0.667304770637513,0.8442888479727193,0.993862207377,0.8783159474277675,instance,informative+rand_extra
1,0.1554472387261452,0.0,0.038374717832957095,0.42105263157894735,0.07491083632326728,0.0,0.4280419831186947,0.991106170094497,1.0,0.6678227102891231,0.8521317565974849,0.9954866992238292,1.1887291563652953,instance,informative+rand_extra
1,0.10703770554424963,0.0,0.03314917127071826,0.5789473684210527,0.07475342401483503,0.0,0.3747864118486014,0.9605336297943302,0.9565217391304348,0.6352093625552233,0.8501336279323044,0.9671059071838961,1.9649892950409438,instance,informative+rand_extra
1,0.5701451674211768,1.0,0.9649122807017544,0.5263157894736842,0.31546332829257284,1.0,0.5222186359725578,1.0,1.0,0.6680853760003567,0.870713619894758,0.9887568954521165,0.25885785919037874,instance,informative+rand_extra
1,0.25526814819458377,0.2,0.0,0.21052631578947367,0.07569322422786595,0.0,0.44735906825041605,0.9988882712618121,0.9130434782608695,0.6104689165993576,0.8570743369656152,0.9992364188131636,0.8586962405701675,instance,informative+rand_extra
1,0.10184857852245255,0.2,0.0,0.21052631578947367,0.30186624876771767,0.25,0.4448194450838222,0.9994441356309061,1.0,0.6703889233992478,0.8664057758412984,0.9982146245241322,0.5592510008521303,instance,informative+rand_extra
1,0.1856071790696292,0.0,0.038374717832957095,0.42105263157894735,0.16455315995351866,0.0,0.43322418203702895,0.991106170094497,1.0,0.6670694872127644,0.8770158434088332,0.9978768657506136,1.5504272091261284,instance,informative+rand_extra
1,0.4186149010773512,0.2,0.1863636363636364,0.5263157894736842,0.4411495930201653,0.2,0.49265421413291066,0.9977765425236242,1.0,0.6675804217892085,0.915166022745298,0.9988801414757144,0.5470742764914733,instance,informative+rand_extra
1,0.10703770554424963,0.0,0.15000000000000002,0.631578947368421,0.07489862039978723,0.0,0.3990208691537105,0.9683157309616454,0.9565217391304348,0.6567497043231413,0.8389928523793976,0.9844718510500523,1.5306316889655018,instance,informative+rand_extra
1,0.1781894352388419,0.0,0.1863636363636364,0.7894736842105263,0.12090519643625319,0.0,0.40568034926891083,0.9694274596998332,1.0,0.6676503232966291,0.8774418611461958,0.9886903607541168,1.2820488708166446,instance,informative+rand_extra
1,0.2242525317393721,0.0,0.05327868852459017,0.7894736842105263,0.07642255172613055,0.0,0.35024006072035685,0.9332962757087271,1.0,0.6672376117911799,0.8494563230068491,0.9960470526784012,0.9399041373130085,instance,informative+rand_extra
1,0.5303549537501393,0.4,0.7938144329896908,0.47368421052631576,0.5278435219073745,0.0,0.4958722125060486,0.9994441356309061,1.0,0.6677366620260518,0.8642867725132864,0.9882421388415139,-0.9572559424990881,instance,informative+rand_extra
1,0.13800537826102888,0.0,0.05327868852459017,0.5789473684210527,0.22443409017260674,0.0,0.4326561001243763,0.9894385769872152,1.0,0.6765410622757247,0.8397776678614314,0.9859333159747615,1.3395080216287862,instance,informative+rand_extra
1,0.11120437221091628,0.6,0.19999999999999996,0.3157894736842105,0.6577052606050319,1.0,0.5380487063835306,1.0,1.0,0.6669854813103733,0.8566744933415349,0.9994179320891213,0.7774966650876259,instance,informative+rand_extra
1,0.13800537826102888,0.0,0.03314917127071826,0.5789473684210527,0.07736762808742093,0.0,0.3707755996416865,0.9549749861033908,1.0,0.6683122496026919,0.8643217996686416,0.9877675417355404,0.6763941843961053,instance,informative+rand_extra
1,0.5303549537501393,0.2,0.12903225806451613,0.47368421052631576,0.39000543291109013,0.0,0.4769749140531886,0.9977765425236242,1.0,0.6674428833855747,0.8712338210914727,0.9893203669360775,-0.03559021905649065,instance,informative+rand_extra
1,0.10703770554424963,0.0,0.05327868852459017,0.5789473684210527,0.07730169451570346,0.0,0.420761844318002,0.952751528627015,1.0,0.6676260654228033,0.8704589339463501,0.9946067202487928,0.9543902707661389,instance,informative+rand_extra
1,0.10899143566530967,0.0,0.03314917127071826,0.5789473684210527,0.5145132089271819,0.0,0.44593269190623186,0.9894385769872152,1.0,0.6677867921733845,0.8813250804133945,0.9773276036955533,0.3006788488638589,instance,informative+rand_extra
1,0.1781894352388419,0.0,0.06666666666666665,0.47368421052631576,0.4871000104809584,0.0,0.410140561348432,0.9872151195108394,1.0,0.667932427262596,0.8602035697792936,0.9955499776275485,-0.4579152995394914,instance,informative+rand_extra
1,0.16109175959830369,0.0,0.03314917127071826,0.5789473684210527,0.07511616704186308,0.0,0.43327806319798934,0.9760978321289605,1.0,0.6677831117982752,0.8590406661166171,0.9899765320596269,1.2818380385278154,instance,informative+rand_extra
1,0.311472043934494,0.0,0.19318181818181823,0.9473684210526315,0.3851560198838825,0.0,0.4195578360217912,0.9922178988326849,1.0,0.6674378997290371,0.8928168395231368,0.9929344293377298,1.3877478333162614,instance,informative+rand_extra
1,0.19200096955432877,0.0,0.8181818181818181,0.3157894736842105,0.7877413740711885,0.0,0.43357314845214323,0.9944413563090606,1.0,0.6674246790566316,0.8604482512977905,0.9946224071210716,-0.895059139089055,instance,informative+rand_extra
1,0.1781894352388419,0.0,0.0,0.3157894736842105,0.5191007963083204,0.0,0.4033271212648645,0.9694274596998332,1.0,0.6677303226251159,0.8546031091453012,0.993529394747464,0.23787323540568595,instance,informative+rand_extra
1,0.10184857852245255,0.0,0.13043478260869568,0.3684210526315789,0.08085488862662343,0.0,0.4177561539282433,0.9949972206781545,1.0,0.667859707010135,0.8482232339891395,0.9735589760271163,1.3286239646669016,instance,informative+rand_extra
1,0.13800537826102888,0.2,0.0,0.3157894736842105,0.15725938137296624,0.0,0.4560216781503792,0.9988882712618121,0.9565217391304348,0.6419677923245467,0.8489100204973665,0.9854640853135077,-0.823371037724266,instance,informative+rand_extra
1,0.175472043934494,0.0,0.05327868852459017,0.7894736842105263,0.37512119387784526,0.0,0.43120985249469934,0.9844357976653697,1.0,0.6687299721031863,0.852239935882952,0.9984003640528124,0.8901425208407819,instance,informative+rand_extra
1,0.13800537826102888,0.0,0.05327868852459017,0.5789473684210527,0.080639170490523,0.0,0.4448549045174063,0.9933296275708727,1.0,0.6681773835504965,0.8629048693505369,0.9887298031082687,0.6125489550319532,instance,informative+rand_extra
1,0.11120437221091628,0.0,0.02631578947368418,0.42105263157894735,0.41820278457248716,0.0,0.3073166398348617,0.9705391884380211,0.9565217391304348,0.6636157556664144,0.8128551985184247,0.9991055432115727,0.5220327119797901,instance,informative+rand_extra
1,0.10703770554424963,0.0,0.15000000000000002,0.631578947368421,0.13237394377044798,0.0,0.399807908336545,0.9883268482490273,1.0,0.6672727677312691,0.863958783450626,0.9925577860501341,0.05186010183541086,instance,informative+rand_extra
1,0.175472043934494,0.2,0.05327868852459017,0.6842105263157895,0.5137388899767202,0.0,0.4620602151670169,0.9983324068927182,1.0,0.6676649969233522,0.9027611760959467,0.9978466500941845,0.11343150198265181,instance,informative+rand_extra
1,0.311472043934494,0.0,0.03314917127071826,0.5789473684210527,0.18192402367072624,0.0,0.44524640663527437,0.9883268482490273,1.0,0.6672534032639398,0.8636361445063429,0.9974503699888845,0.812660578653379,instance,informative+rand_extra
1,0.2242525317393721,0.2,0.1863636363636364,0.7894736842105263,0.5574732331152207,0.0,0.4848020933318684,0.9994441356309061,0.9565217391304348,0.6611712538117005,0.8399522844678371,0.9964588366569676,0.37992956484581797,instance,informative+rand_extra
1,0.16109175959830369,0.0,0.02631578947368418,0.42105263157894735,0.0751270452630588,0.0,0.3693845286763954,0.9349638688160089,0.9565217391304348,0.6634880647426209,0.8302753985895057,0.9874100277961834,0.8612645230706577,instance,informative+rand_extra
1,0.1838053772678273,0.0,0.05327868852459017,0.5789473684210527,0.07578069886091282,0.0,0.38452189117866675,0.952751528627015,1.0,0.6673906527418874,0.8542656585048162,0.9970258785185199,1.5585378955937723,instance,informative+rand_extra
1,0.10184857852245255,0.0,0.038374717832957095,0.42105263157894735,0.07662176017083971,0.0,0.4035343933855289,0.980544747081712,1.0,0.6675555731345479,0.86168735101545,0.9874299264370834,1.3728165257155285,instance,informative+rand_extra
1,0.10184857852245255,0.2,0.038374717832957095,0.42105263157894735,0.10539585938361828,0.0,0.4820523094090976,0.9977765425236242,1.0,0.667864087717478,0.8610942344141783,0.9847954036753797,0.10514299498405823,instance,informative+rand_extra
1,0.6465417385415753,0.8,0.7938144329896908,0.6842105263157895,0.6604270187173719,0.7142857142857143,0.4996785268615649,0.9994441356309061,1.0,0.6677565532846271,0.916719128009408,0.9976021994464541,0.09263584256143474,instance,informative+rand_extra
1,0.4531848148612504,0.0,0.2142857142857143,0.5263157894736842,0.41278143256913225,0.0,0.464678079735518,0.9927737632017788,1.0,0.6674668194793034,0.8768301814542595,0.9975751998638926,0.702964650027906,instance,informative+rand_extra
1,0.3092748608359025,0.2,0.038374717832957095,0.631578947368421,0.21507251459126903,0.0,0.4942763859488605,0.9983324068927182,1.0,0.6677332998359679,0.8809238251189229,0.9925359294851923,1.05827207639352,instance,informative+rand_extra
1,0.13800537826102888,0.0,0.038374717832957095,0.42105263157894735,0.07462738321156864,0.0,0.41612516235734054,0.9710950528071151,0.8695652173913043,0.6449756939158248,0.8328801843556444,0.9742659682996833,0.7820667906883756,instance,informative+rand_extra
1,0.25526814819458377,0.2,0.9416058394160584,0.3684210526315789,0.5997692202320196,0.0,0.4846667400018785,0.9994441356309061,1.0,0.6677371555067306,0.8429003470471628,0.9884140623958259,-0.0265912427114486,instance,informative+rand_extra
1,0.5214541867916369,0.0,0.12903225806451613,0.47368421052631576,0.20129505456806285,0.0,0.48252697695724645,0.9955530850472485,1.0,0.6671042555132645,0.8435500163694888,0.9736915162666203,0.6604925689240256,instance,informative+rand_extra
1,0.44816374972479134,0.4,0.05327868852459017,0.6842105263157895,0.6061062712619679,0.0,0.4705068981330107,0.9988882712618121,1.0,0.668308662723762,0.9054969059966579,0.9897409545803589,-0.17381447502936395,instance,informative+rand_extra
1,0.16109175959830369,0.4,0.02631578947368418,0.42105263157894735,0.4791770226898965,0.0,0.46991434351368244,0.9994441356309061,1.0,0.6677468868914641,0.8720515687387447,0.9874749475086987,0.23144613951293297,instance,informative+rand_extra
1,0.5521431481945838,0.0,0.05327868852459017,0.5789473684210527,0.08103729865001863,0.0,0.4414699561923987,0.9966648137854364,1.0,0.6682493375635421,0.8780428122099263,0.9974121393643101,0.8022512210032556,instance,informative+rand_extra
1,0.10184857852245255,0.0,0.05327868852459017,0.5789473684210527,0.21912525146574524,0.0,0.44901214911284604,0.9938854919399667,1.0,0.6681992213218082,0.8847094740066556,0.9965945588251064,0.21149018354783022,instance,informative+rand_extra
1,0.13800537826102888,0.0,0.038374717832957095,0.42105263157894735,0.07474137564839323,0.0,0.3620901116809412,0.9616453585325181,1.0,0.668918286867525,0.8193210267454983,0.9855539721954311,1.129349921293239,instance,informative+rand_extra
1,0.10184857852245255,0.0,0.038374717832957095,0.42105263157894735,0.07896619974021074,0.0,0.40824566202532064,0.9633129516397999,1.0,0.6676019685921611,0.8394854785140254,0.9916986320384131,1.472650003968743,instance,informative+rand_extra
1,0.10899143566530967,0.0,0.1863636363636364,0.5789473684210527,0.40174555340467233,0.0,0.4218717588333776,0.980544747081712,0.9565217391304348,0.6541763392485951,0.8439510804125159,0.9921818622418694,-0.056401105533560855,instance,informative+rand_extra
1,0.1554472387261452,0.0,0.038374717832957095,0.42105263157894735,0.07602058878657664,0.0,0.42169651783068574,0.962201222901612,1.0,0.6675080040057079,0.8774058200402791,0.9963674517134078,0.8080584755423114,instance,informative+rand_extra
1,0.14738162088816498,0.0,0.19318181818181823,0.9473684210526315,0.6786397468392769,0.0,0.4571544858632838,0.9972206781545303,1.0,0.6675003409006689,0.8905720916669232,0.9992543481861559,0.4340289084896997,instance,informative+rand_extra
1,0.10899143566530967,0.0,0.038374717832957095,0.42105263157894735,0.5167801088237062,0.0,0.4280390034797841,0.9938854919399667,1.0,0.6674593530810873,0.8864154760524332,0.9986101111413007,0.24135381755302052,instance,informative+rand_extra
1,0.1781894352388419,0.0,0.05882352941176472,0.42105263157894735,0.6466041358021505,0.0,0.41578973135316355,0.9849916620344636,1.0,0.6673218778505975,0.8409681613871455,0.9873541004940848,0.27706944996528515,instance,informative+rand_extra
1,0.10703770554424963,0.0,0.02631578947368418,0.42105263157894735,0.07912350337041563,0.0,0.4164852876799938,0.9616453585325181,0.9130434782608695,0.6446093555337478,0.8243963488713123,0.9896572322554538,0.8319728897356489,instance,informative+rand_extra
1,0.43724228875558635,0.4,0.1863636363636364,0.6842105263157895,0.1173026342996244,1.0,0.5088515281574495,1.0,1.0,0.6674551558445314,0.8853459928907582,0.9995532544495255,0.8191083970605177,instance,informative+rand_extra
1,0.16109175959830369,0.2,0.12903225806451613,0.5263157894736842,0.5779235241568278,0.0,0.49615274881112814,0.9988882712618121,1.0,0.6698099018621193,0.8684347791068557,0.9948347646066668,-0.060850762177432176,instance,informative+rand_extra
1,0.1554472387261452,0.0,0.05327868852459017,0.5789473684210527,0.07681707990896164,0.0,0.4329965253507535,0.980544747081712,1.0,0.6672700213495029,0.8559022724275119,0.9998917207158323,0.9374608555165612,instance,informative+rand_extra
1,0.13800537826102888,0.0,0.02631578947368418,0.42105263157894735,0.20753319422803695,0.0,0.421936780905811,0.9927737632017788,1.0,0.6673335540808919,0.8604970478892784,0.9978286206496175,1.1362049579657625,instance,informative+rand_extra
1,0.10184857852245255,0.0,0.1863636363636364,0.5789473684210527,0.09163067028021205,0.0,0.40890712055652734,0.9755419677598666,1.0,0.6679577840304789,0.8725398395372206,0.9914204401209257,0.9646017472232805,instance,informative+rand_extra
1,0.175472043934494,0.0,0.038374717832957095,0.42105263157894735,0.07524096729176877,0.0,0.3969219330772995,0.9772095608671484,1.0,0.6673339765250736,0.8552929206665142,0.9771437454897353,1.4712387078983575,instance,informative+rand_extra
1,0.11120437221091628,0.0,0.44303797468354433,0.5263157894736842,0.449899866129177,0.0,0.38521463614988793,0.9899944413563091,1.0,0.6672232223534128,0.8611839513147932,0.9852510377574806,0.009785257038776758,instance,informative+rand_extra
1,0.10703770554424963,0.4,0.1863636363636364,0.5263157894736842,0.17305427641059234,1.0,0.5020849387709436,1.0,0.9565217391304348,0.6425468813627047,0.874442922839702,0.9993696639912013,-0.2600030899022431,instance,informative+rand_extra
1,0.10703770554424963,0.0,0.0,0.3157894736842105,0.09140353324211004,0.0,0.45558600481527556,0.9922178988326849,1.0,0.6670589471695128,0.850799258465618,0.9964815669612238,1.2552136353882886,instance,informative+rand_extra
1,0.1503277488342929,0.0,0.03314917127071826,0.5789473684210527,0.44807370503009725,0.0,0.4718888408064861,0.9972206781545303,1.0,0.6673114343662172,0.9068442294551887,0.9991634445909426,0.9805093283183117,instance,informative+rand_extra
1,0.10703770554424963,0.0,0.02631578947368418,0.42105263157894735,0.07683913963225536,0.0,0.3891546707659893,0.9099499722067815,1.0,0.6673313914013307,0.8301922594624986,0.9956167611559368,1.21674368694416,instance,informative+rand_extra
1,0.175472043934494,0.0,0.05327868852459017,0.5789473684210527,0.4174469452261528,0.0,0.4748366160765717,0.9972206781545303,1.0,0.6676525282537098,0.8832035545110738,0.9844833194364538,0.9395351597871079,instance,informative+rand_extra
1,0.10184857852245255,0.0,0.038374717832957095,0.42105263157894735,0.07527484031263854,0.0,0.43667962695036133,0.9616453585325181,0.9565217391304348,0.6528208384996002,0.8567398316311802,0.9937108759463537,1.153868426528829,instance,informative+rand_extra
1,0.48035495375013926,0.0,0.6153846153846154,0.6842105263157895,0.64300226658442,0.0,0.3828803770039835,0.9894385769872152,1.0,0.66776393827293,0.872485686592223,0.9995684082192658,0.505770644599467,instance,informative+rand_extra
1,0.10703770554424963,0.0,0.03314917127071826,0.5789473684210527,0.07482214251252711,0.0,0.3979329867622373,0.9872151195108394,1.0,0.6672494072772507,0.8693534752393163,0.9959353937968004,1.8766716712124476,instance,informative+rand_extra
1,0.10703770554424963,0.0,0.038374717832957095,0.631578947368421,0.08365579272584611,0.0,0.35406683407425865,0.9672040022234575,1.0,0.6671070857695975,0.8478945588607208,0.996153049741653,1.6196149177440475,instance,informative+rand_extra
1,0.2009017841806906,0.0,0.2142857142857143,0.2631578947368421,0.21012632532443398,0.5,0.48120034474943985,0.9966648137854364,1.0,0.6677575866071609,0.8905256141396084,0.9867773825261136,0.1893531885821472,instance,informative+rand_extra
1,0.10703770554424963,0.0,0.03314917127071826,0.5789473684210527,0.08193633674496636,0.0,0.4536421925962252,0.9866592551417455,1.0,0.6674095495286061,0.8530043635231069,0.9870202268305364,1.3554686599229313,instance,informative+rand_extra
1,0.10703770554424963,0.0,0.038374717832957095,0.631578947368421,0.07461589301853111,0.0,0.35387723521374903,0.9360755975541968,0.9565217391304348,0.6297474647128888,0.8059667057221551,0.98360467584333,2.407389600555709,instance,informative+rand_extra
1,0.10184857852245255,0.0,0.038374717832957095,0.42105263157894735,0.07754453969945957,0.0,0.427192057601572,0.980544747081712,1.0,0.6716640940380816,0.8663261416279527,0.9956848915209108,1.3891369492074483,instance,informative+rand_extra
1,0.1554472387261452,0.0,0.038374717832957095,0.42105263157894735,0.07523591832186904,0.0,0.43847441859396474,0.9788771539744302,1.0,0.6698884974509283,0.8617179160631899,0.9991862860562292,1.8083580737046379,instance,informative+rand_extra
1,0.11747357852245255,0.0,0.038374717832957095,0.42105263157894735,0.10507604043652874,0.0,0.3174567462904686,0.9844357976653697,1.0,0.6672595701450369,0.8528184843726009,0.9987281500165747,1.6045161997625836,instance,informative+rand_extra
1,0.10184857852245255,0.0,0.038374717832957095,0.42105263157894735,0.15005571659906958,0.0,0.44141559764775207,0.9894385769872152,1.0,0.6686946457382735,0.8628356914692764,0.9750962887831158,0.6699217241318461,instance,informative+rand_extra
1,0.1856071790696292,0.0,0.038374717832957095,0.631578947368421,0.09283511015783541,0.0,0.38719002337942465,0.9894385769872152,1.0,0.6671221907627568,0.8707583583652244,0.9975042189978268,1.0954794348142762,instance,informative+rand_extra
1,0.1781894352388419,0.0,0.0,0.21052631578947367,0.13382838202558622,0.0,0.3854458703747262,0.9872151195108394,1.0,0.6678849840742166,0.8410369362218791,0.980742225370064,0.6092362512961422,instance,informative+rand_extra
1,0.175472043934494,0.0,0.05327868852459017,0.7894736842105263,0.30739208326261497,0.0,0.4252328191067123,0.991106170094497,1.0,0.6675610978079364,0.8860465566773349,0.9964857066457318,0.4660761393088291,instance,informative+rand_extra
1,0.10703770554424963,0.0,0.7938144329896908,0.6842105263157895,0.0908790634301263,0.0,0.43987552520693673,0.9933296275708727,1.0,0.6672365700504532,0.8658218166210597,0.9948741228017186,0.6947687259217982,instance,informative+rand_extra
1,0.11166733517387928,0.2,0.1863636363636364,0.5263157894736842,0.5995369611725695,0.0,0.4401915330201279,0.9977765425236242,1.0,0.667650977992705,0.8835233060491374,0.9989478872924263,0.23095740032241835,instance,informative+rand_extra
1,0.21100279428170077,0.4,0.12903225806451613,0.47368421052631576,0.1192462511078684,0.0,0.4811578971085838,0.9983324068927182,1.0,0.6673219108265537,0.8935174709508023,0.9888709975710189,0.9126955667834805,instance,informative+rand_extra
1,0.1554472387261452,0.0,0.038374717832957095,0.631578947368421,0.08740568816454258,0.0,0.4289078051897315,0.9794330183435241,1.0,0.6676263596919066,0.8739362419387043,0.9969670952324893,1.749616060445861,instance,informative+rand_extra
1,0.11120437221091628,0.2,0.1863636363636364,0.5263157894736842,0.481036458162888,0.0,0.43050421020583574,0.9983324068927182,1.0,0.6672257272114418,0.8832191499092702,0.9979895869004012,-0.22642813793389446,instance,informative+rand_extra
1,0.1554472387261452,0.2,0.038374717832957095,0.42105263157894735,0.09168103561588847,0.0,0.4590097826539765,0.9977765425236242,1.0,0.6673916851237941,0.8766798570907383,0.9850416180285402,0.8769773422884702,instance,informative+rand_extra
1,0.1146134631200072,0.0,0.15000000000000002,0.631578947368421,0.0808816847810454,0.0,0.468640514006859,0.9927737632017788,0.9565217391304348,0.6474896193304166,0.8476305139013022,0.9965345844535236,0.6243385651446943,instance,informative+rand_extra
1,0.10184857852245255,0.0,0.038374717832957095,0.42105263157894735,0.08186457467171593,0.0,0.42320113914677415,0.9883268482490273,1.0,0.6681693436989476,0.8878476169522365,0.9966975630466035,0.9217401005541012,instance,informative+rand_extra
1,0.1554472387261452,0.0,0.038374717832957095,0.42105263157894735,0.07632746800740575,0.0,0.40715017119934294,0.9610894941634242,1.0,0.6673287724266598,0.8569118969401984,0.9964218752183139,1.6478282353754954,instance,informative+rand_extra
1,0.11120437221091628,0.0,0.02631578947368418,0.42105263157894735,0.0856853451966727,0.0,0.42613134718461343,0.9888827126181212,0.9565217391304348,0.6461437000911463,0.8450355906861303,0.9683063395317847,0.607176695505982,instance,informative+rand_extra
1,0.10184857852245255,0.0,0.038374717832957095,0.42105263157894735,0.07863030748557359,0.0,0.41700873250424964,0.9877709838799333,1.0,0.6676370098617974,0.8656340957047469,0.993733050684369,0.6717025134197642,instance,informative+rand_extra
1,0.11120437221091628,0.4,0.7938144329896908,0.5263157894736842,0.5943000733869105,1.0,0.5368383349086925,1.0,1.0,0.6673041041929733,0.8734960667761505,0.9772610181917267,-0.4796349317830914,instance,informative+rand_extra
1,0.10899143566530967,0.0,0.038374717832957095,0.42105263157894735,0.347271358728959,0.0,0.4125461563601407,0.9938854919399667,1.0,0.6671859064152689,0.872769191461266,0.9983724558317308,1.2285666676857794,instance,informative+rand_extra
1,0.2009017841806906,0.0,0.038374717832957095,0.42105263157894735,0.4779869220919952,0.0,0.4578718789415167,0.9966648137854364,1.0,0.6676363890961493,0.8907525277922838,0.9895902570223779,-0.277930360338758,instance,informative+rand_extra
1,0.25526814819458377,0.0,0.06666666666666665,0.3684210526315789,0.07927391521221594,0.0,0.43996050506315054,0.9933296275708727,1.0,0.6679471559283029,0.8572816567390985,0.9974848003485303,1.0569508130873655,instance,informative+rand_extra
1,0.10184857852245255,0.0,0.0,0.21052631578947367,0.09299935830869765,0.0,0.41825338151670755,0.9694274596998332,0.9130434782608695,0.6191487177956376,0.8303239301914224,0.9891072562417941,0.18221898474491524,instance,informative+rand_extra
1,0.09979939819458372,0.0,0.0,0.3157894736842105,0.7010211149068704,0.0,0.4694151482538994,0.9966648137854364,1.0,0.667786728624484,0.8183793821361519,0.990565555400812,-0.45336556279791523,instance,informative+rand_extra
1,0.175472043934494,0.0,0.05327868852459017,0.7894736842105263,0.4996345107083999,0.0,0.4288896215265896,0.990550305725403,1.0,0.6675258703096024,0.8803334369483516,0.9808143795806291,0.31850048216272614,instance,informative+rand_extra
1,0.1554472387261452,0.0,0.05327868852459017,0.5789473684210527,0.07555124271821756,0.0,0.46066944133727905,0.9949972206781545,1.0,0.6683925092527614,0.8516990085069281,0.977682729716418,1.226533410285482,instance,informative+rand_extra
1,0.3178549537501393,0.0,0.0,0.3157894736842105,0.0779735206703433,0.0,0.4468156995505804,0.9894385769872152,1.0,0.6676663740986422,0.8609432120958691,0.9861283670203217,0.8881352651724214,instance,informative+rand_extra
1,0.6195239546838461,0.0,0.05327868852459017,0.5789473684210527,0.3744055611426558,0.0,0.4644563639891759,0.9972206781545303,1.0,0.6677630140463753,0.8632690565961406,0.9883912799679896,0.7977565177482185,instance,informative+rand_extra
1,0.25526814819458377,0.0,0.03314917127071826,0.5789473684210527,0.07475363302342108,0.0,0.3971614256225605,0.9833240689271817,0.9565217391304348,0.6030759070926923,0.8265498403816657,0.9997428410168033,0.798131299501414,instance,informative+rand_extra
1,0.13800537826102888,0.0,0.05327868852459017,0.5789473684210527,0.21212626474344942,0.0,0.4469157129705501,0.9938854919399667,1.0,0.667876190119884,0.8669392867890413,0.9856047388845436,0.6449502552186399,instance,informative+rand_extra
1,0.2242525317393721,0.2,0.1863636363636364,0.5263157894736842,0.14367955165519708,0.0,0.4711110343798929,0.9977765425236242,1.0,0.6673866021826007,0.8965772191519011,0.9965202313871875,1.0444984374102912,instance,informative+rand_extra
1,0.11166733517387928,0.0,0.02631578947368418,0.42105263157894735,0.8057954201723964,0.0,0.4458932890154198,0.9938854919399667,0.9565217391304348,0.6666666666666666,0.8393517398160028,0.971971067761781,-0.8962747118397647,instance,informative+rand_extra
1,0.5107345787982452,0.0,0.19999999999999996,0.3157894736842105,0.7852757252224829,0.0,0.43896825026723285,0.9972206781545303,1.0,0.6675005736902218,0.8555468587711917,0.9799023974712538,-0.4079003216520539,instance,informative+rand_extra
1,0.11120437221091628,0.2,0.19318181818181823,0.9473684210526315,0.3127000036896601,0.0,0.42113124001867497,0.9977765425236242,1.0,0.6673708857288724,0.8519495823522066,0.9873978901745667,0.5514403226766517,instance,informative+rand_extra
1,0.3178549537501393,0.0,0.0,0.3157894736842105,0.07515756267430307,0.0,0.445298549265001,0.9833240689271817,0.9565217391304348,0.6643582544345527,0.8473765931527335,0.9987500899801758,1.9204998788649774,instance,informative+rand_extra
1,0.10899143566530967,0.4,0.038374717832957095,0.42105263157894735,0.17609085794242763,1.0,0.5031495025191822,1.0,1.0,0.6677282865999884,0.8813621052287092,0.9974688945582988,-0.16018771631298281,instance,informative+rand_extra
1,0.19200096955432877,0.4,0.1863636363636364,0.7894736842105263,0.09776234618250584,0.0,0.49188198962822915,0.9988882712618121,1.0,0.6674714226179852,0.8959909218707631,0.9974685327398098,1.3327211448911864,instance,informative+rand_extra
1,0.6070309687074043,0.8,0.0625,0.2631578947368421,0.3832091502163776,1.0,0.5466213378690585,1.0,1.0,0.6679510664668776,0.8702910744060041,0.9855508870847536,0.17182361012938308,instance,informative+rand_extra
1,0.25526814819458377,0.0,0.9414634146341463,0.5789473684210527,0.7714819695228649,0.0,0.47330072614796415,0.9972206781545303,1.0,0.6677950688712473,0.8820203320979694,0.9946242030638905,-0.43201577834477034,instance,informative+rand_extra
1,0.1146134631200072,0.0,0.03314917127071826,0.5789473684210527,0.3276958129966241,0.0,0.4351555530756419,0.9838799332962757,1.0,0.6672471342005845,0.8990345574524139,0.9993272549729402,1.1854523391004839,instance,informative+rand_extra
1,0.13800537826102888,0.0,0.038374717832957095,0.42105263157894735,0.07462199401171704,0.0,0.3979021860985922,0.9755419677598666,0.9565217391304348,0.6434320962851636,0.84547307906947,0.9960281185418169,1.6019286922652687,instance,informative+rand_extra
1,0.3729152070181132,0.0,0.19318181818181823,0.9473684210526315,0.5036634393125005,0.0,0.46932770407524627,0.9961089494163424,1.0,0.6676807642829866,0.8551687326678312,0.9756659883188118,-0.309664495458429,instance,informative+rand_extra
1,0.34835339986669744,0.6,0.19318181818181823,0.5789473684210527,0.4895873177161989,1.0,0.5862237889427104,1.0,1.0,0.6675141561427779,0.8994435144245456,0.9853746443100881,0.3611875416924481,instance,informative+rand_extra
1,0.13800537826102888,0.0,0.8780487804878049,0.5263157894736842,0.5058885680029271,0.0,0.4620340368750444,0.9955530850472485,1.0,0.6698008748845814,0.8754226929083444,0.9818654885651293,-0.2817425850824137,instance,informative+rand_extra
1,0.175472043934494,0.0,0.1863636363636364,0.5263157894736842,0.404411050944085,0.0,0.4265136212437646,0.9899944413563091,1.0,0.6672174480717155,0.873717682236009,0.9932737170610284,0.6951563626829925,instance,informative+rand_extra
1,0.10184857852245255,0.0,0.038374717832957095,0.42105263157894735,0.07514543432414211,0.0,0.42763843641041677,0.980544747081712,1.0,0.6675608697302751,0.8405447776499576,0.9820151767173507,1.142413338547336,instance,informative+rand_extra
1,0.10703770554424963,0.0,0.12903225806451613,0.47368421052631576,0.07929321088789781,0.0,0.42876263338376874,0.971650917176209,0.9565217391304348,0.6181723249424386,0.8537122385763768,0.9985776360678922,1.5424748646520845,instance,informative+rand_extra
1,0.10184857852245255,0.0,0.13043478260869568,0.3684210526315789,0.0847795397631324,0.0,0.457372744205756,0.9861033907726515,0.9565217391304348,0.6422439683027401,0.8371374654164498,0.9699403818259943,0.5556197364539694,instance,informative+rand_extra
1,0.10703770554424963,0.0,0.1863636363636364,0.5263157894736842,0.07820328850825653,0.0,0.3925803073546644,0.9555308504724848,1.0,0.6674714304178351,0.8792730310501978,0.9969609125096078,0.9710014905778603,instance,informative+rand_extra
1,0.13800537826102888,0.0,0.038374717832957095,0.42105263157894735,0.0756830599526781,0.0,0.35479925467198314,0.9549749861033908,1.0,0.6676190831733065,0.868296521808578,0.997633844311291,1.1674059046955703,instance,informative+rand_extra
1,0.1781894352388419,0.0,0.1863636363636364,0.5263157894736842,0.2812017533814234,0.0,0.4151145869298152,0.9916620344635909,1.0,0.6675149946342971,0.9125127176297824,0.9981182974571248,1.0561234475465282,instance,informative+rand_extra
1,0.10184857852245255,0.0,0.1863636363636364,0.5789473684210527,0.09035647286791404,0.0,0.3848909011691618,0.9883268482490273,1.0,0.6677698481890891,0.8593559274406524,0.9920428481412265,0.30818343932236286,instance,informative+rand_extra
1,0.21283430288766203,0.0,0.038374717832957095,0.42105263157894735,0.12339305585336885,0.0,0.4112291267618289,0.9944413563090606,1.0,0.6675785507362756,0.8825551693992094,0.9908266767861621,0.8269654182839253,instance,informative+rand_extra
1,0.19200096955432877,0.0,0.6153846153846154,0.6842105263157895,0.14266870853191616,0.0,0.48464471809279597,0.9972206781545303,1.0,0.6675573167773555,0.8844443010372192,0.9940024315085146,0.755693475180928,instance,informative+rand_extra
1,0.13800537826102888,0.0,0.06666666666666665,0.47368421052631576,0.5486840113457426,0.0,0.46815531600266647,0.9949972206781545,1.0,0.6680014940607307,0.8731433234662874,0.9998535933523849,0.4182498545275677,instance,informative+rand_extra
1,0.10703770554424963,0.0,0.038374717832957095,0.631578947368421,0.07493788351481212,0.0,0.3360937539372908,0.868260144524736,1.0,0.6674006613715656,0.8354790195279347,0.9872495346316261,2.1584634142878008,instance,informative+rand_extra
1,0.11166733517387928,0.0,0.03314917127071826,0.631578947368421,0.103939587645268,0.0,0.41873031264968386,0.9733185102834908,1.0,0.6678072305405384,0.8641944606958678,0.9957407940843337,1.6152931733050626,instance,informative+rand_extra
1,0.7224899339116773,0.2,0.6153846153846154,0.6842105263157895,0.7100609787103632,0.0,0.47688298620889,0.9983324068927182,1.0,0.6673328284205745,0.8993274481310418,0.9875658790757633,0.12828117259269117,instance,informative+rand_extra
1,0.10703770554424963,0.0,0.038374717832957095,0.42105263157894735,0.08332240575578981,0.0,0.44362715881474446,0.991106170094497,1.0,0.6672884119723934,0.8794363734058391,0.9906727333294583,1.2511323503599228,instance,informative+rand_extra
1,0.1146134631200072,0.2,0.038374717832957095,0.631578947368421,0.5731863974485413,0.0,0.4871651962961183,0.9988882712618121,1.0,0.6679391221411499,0.875532381521791,0.993329338546042,0.14016207384990198,instance,informative+rand_extra
1,0.10184857852245255,0.0,0.038374717832957095,0.42105263157894735,0.33105987270215714,0.0,0.4203236169507807,0.9633129516397999,0.9565217391304348,0.636093542750175,0.815794663300018,0.9573676108077762,1.4035464105376338,instance,informative+rand_extra
1,0.1503277488342929,0.0,0.1863636363636364,0.5789473684210527,0.37544223090073897,0.0,0.4362357782051147,0.9955530850472485,1.0,0.6679646672226454,0.9002221663817956,0.9951976271232529,0.32623199262554275,instance,informative+rand_extra
1,0.10184857852245255,0.0,0.038374717832957095,0.42105263157894735,0.32436830067012623,0.0,0.34397144192151874,0.9688715953307393,1.0,0.667201410840048,0.8410724845428134,0.9727258550956996,0.4297726100448017,instance,informative+rand_extra
1,0.2139037209531276,0.4,0.1863636363636364,0.8421052631578947,0.09258230406865631,0.0,0.4811791351975999,0.9983324068927182,1.0,0.6674219153440194,0.8859037723142383,0.9962053366005447,0.5965005817885626,instance,informative+rand_extra
1,0.13800537826102888,0.0,0.03314917127071826,0.5789473684210527,0.07527265112428028,0.0,0.4298948024994905,0.9849916620344636,1.0,0.6685971078525699,0.8623489624792242,0.9975333393341381,1.5523992139062126,instance,informative+rand_extra
1,0.1856071790696292,0.2,0.038374717832957095,0.631578947368421,0.14253278879644782,0.0,0.4614271958324191,0.9977765425236242,1.0,0.6684639738892288,0.8776648081049205,0.9939413141934947,0.7952753758830902,instance,informative+rand_extra
1,0.18488037826102888,0.0,0.1863636363636364,0.5789473684210527,0.1499688702065175,0.0,0.4784333152190602,0.9961089494163424,1.0,0.6689059421885024,0.8794920341717996,0.9971156894908788,0.820136663278584,instance,informative+rand_extra
1,0.405222043934494,0.2,0.038374717832957095,0.631578947368421,0.16274978709430493,0.0,0.44571764870216946,0.9983324068927182,1.0,0.6677386766420115,0.8803768066335249,0.998145150741037,0.34649779301504047,instance,informative+rand_extra
1,0.1838053772678273,0.0,0.038374717832957095,0.42105263157894735,0.07746147220949562,0.0,0.375532507142064,0.9649805447470817,1.0,0.6675933685997858,0.8542706053909623,0.9753359406805818,1.6909792878763403,instance,informative+rand_extra
1,0.11166733517387928,0.0,0.1863636363636364,0.631578947368421,0.6311188326806482,0.0,0.4541278183508489,0.9972206781545303,1.0,0.6677666223935059,0.8634300495561642,0.9986270280094371,0.1367277931171818,instance,informative+rand_extra
1,0.1554472387261452,0.0,0.15000000000000002,0.631578947368421,0.09765776594653841,0.0,0.43695131992661407,0.9894385769872152,1.0,0.6674107458321444,0.8644774914845669,0.9994639125222664,0.3902503533766502,instance,informative+rand_extra
1,0.1781894352388419,0.0,0.8823529411764706,0.2631578947368421,0.10050505481994715,0.0,0.449386085149024,0.9916620344635909,1.0,0.6674551979333558,0.8725540758141013,0.9965813270134015,1.148272132636832,instance,informative+rand_extra
1,0.10703770554424963,0.0,0.03314917127071826,0.5789473684210527,0.25389812561834,0.0,0.4421559269079819,0.9927737632017788,1.0,0.6672724178434913,0.8574454935645797,0.9935720573507342,1.1794918200057405,instance,informative+rand_extra
1,0.467722043934494,0.8,0.0625,0.2631578947368421,0.4837818009128609,1.0,0.5395708312261016,1.0,1.0,0.6673456965059325,0.8807246239670158,0.9807984673820246,-0.13199416322926288,instance,informative+rand_extra
1,0.19200096955432877,0.2,0.44303797468354433,0.47368421052631576,0.10267008858012322,0.0,0.4966576910321979,0.9994441356309061,1.0,0.6677260695364766,0.8850246103419253,0.9923314762151619,-0.10414082498736325,instance,informative+rand_extra
1,0.2983533998666974,0.0,0.1863636363636364,0.7894736842105263,0.10891372493744866,0.0,0.42339068130325763,0.9927737632017788,1.0,0.6676520917057724,0.8889675703187155,0.971505915843685,0.6747634723962292,instance,informative+rand_extra
1,0.10184857852245255,0.2,0.0,0.21052631578947367,0.5547786749139991,0.0,0.47841825143104266,0.9977765425236242,1.0,0.6682543976208809,0.8665620204151174,0.9994196436075827,0.3103007245229033,instance,informative+rand_extra
1,0.14726463752028818,0.0,0.038374717832957095,0.42105263157894735,0.1123697754036061,0.0,0.32993769450162835,0.9949972206781545,1.0,0.6683267468721349,0.8783036046534538,0.9663404864525634,1.3619969253317918,instance,informative+rand_extra
1,0.10184857852245255,0.0,0.1863636363636364,0.7894736842105263,0.0949574088263474,0.0,0.4485041562644335,0.9944413563090606,1.0,0.6675950544086554,0.8929026209594241,0.9977615944638337,0.371981158978116,instance,informative+rand_extra
1,0.3092748608359025,0.0,0.15000000000000002,0.631578947368421,0.239927691583878,0.0,0.4245550859496924,0.9961089494163424,1.0,0.6676813892215443,0.8867185281875211,0.9993450433757781,0.2547488729307291,instance,informative+rand_extra
1,0.25526814819458377,0.0,0.03314917127071826,0.5789473684210527,0.08202517291143813,0.0,0.4396024793712937,0.9883268482490273,0.9565217391304348,0.6628734915780632,0.8928163676627142,0.9947907326131392,0.9400060266904303,instance,informative+rand_extra
1,0.19200096955432877,0.0,0.0625,0.2631578947368421,0.22801363619092108,0.5,0.4239627988261575,0.9927737632017788,1.0,0.667518549869086,0.8738424665852067,0.9724211327299367,0.20096584401784318,instance,informative+rand_extra
1,0.10184857852245255,0.0,0.06666666666666665,0.47368421052631576,0.10580986134207848,0.0,0.4082315950046814,0.9838799332962757,1.0,0.6679104390387385,0.8487834110279687,0.9999285682855543,0.2562534915386419,instance,informative+rand_extra
1,0.10184857852245255,0.0,0.038374717832957095,0.42105263157894735,0.07490177624109495,0.0,0.3831696262372466,0.9783212896053363,1.0,0.6671646258710049,0.8381451692350336,0.9670246673345838,1.5102285615444115,instance,informative+rand_extra
1,0.11166733517387928,0.0,0.44303797468354433,0.5263157894736842,0.322007144345443,0.0,0.44660746995289524,0.9844357976653697,0.9565217391304348,0.6586284053959647,0.8669596985386332,0.9991949010224934,0.2842874599964189,instance,informative+rand_extra
1,0.10703770554424963,0.0,0.19318181818181823,0.9473684210526315,0.11354161110722683,0.0,0.3896168320503607,0.9899944413563091,1.0,0.6672960192264785,0.8642035513469849,0.9997173229652546,1.0726044478125587,instance,informative+rand_extra
1,0.10703770554424963,0.0,0.05327868852459017,0.7894736842105263,0.13275915259554438,0.0,0.4535394924429468,0.9877709838799333,0.9565217391304348,0.6663669006568206,0.8566199679864244,0.9726960899262673,-0.31744867257000053,instance,informative+rand_extra
1,0.1856071790696292,0.0,0.038374717832957095,0.42105263157894735,0.1159323764531982,0.0,0.43329999441490574,0.990550305725403,1.0,0.6673615671468535,0.8710681227304369,0.9854982552794189,1.5252218082292919,instance,informative+rand_extra
1,0.10703770554424963,0.0,0.038374717832957095,0.631578947368421,0.07496513649635927,0.0,0.4271484960320904,0.9733185102834908,1.0,0.6672255457174363,0.8536759942479245,0.9890286133531283,1.458228851602568,instance,informative+rand_extra
1,0.2336676362209954,0.0,0.05327868852459017,0.5789473684210527,0.1507242292131833,0.0,0.43812772511098774,0.9755419677598666,1.0,0.66762733509754,0.8801366610989463,0.9867148340202021,1.0678181036604022,instance,informative+rand_extra
1,0.1781894352388419,0.6,0.02631578947368418,0.42105263157894735,0.7087501272411534,0.0,0.4916309189425033,0.9994441356309061,1.0,0.6673319542472842,0.8736832286373307,0.9992148168278671,0.06697070288946903,instance,informative+rand_extra
1,0.1554472387261452,0.0,0.038374717832957095,0.42105263157894735,0.07626600697078462,0.0,0.443535413494727,0.9822123401889938,1.0,0.6677660729153138,0.8585381465937187,0.9851470185293295,1.8294428151787105,instance,informative+rand_extra
1,0.175472043934494,0.0,0.038374717832957095,0.42105263157894735,0.33303208837574827,0.0,0.4147102879574728,0.9760978321289605,1.0,0.6685010386840965,0.8567574980078068,0.9961996981198518,1.5324443953896938,instance,informative+rand_extra
1,0.1838053772678273,0.0,0.1863636363636364,0.631578947368421,0.09050631579354679,0.0,0.46425610790519134,0.9949972206781545,1.0,0.6679570065637329,0.8530203614566776,0.9677885309186217,0.7448958857895549,instance,informative+rand_extra
1,0.10703770554424963,0.0,0.12903225806451613,0.47368421052631576,0.07916500624964673,0.0,0.42564511154689455,0.9794330183435241,0.9130434782608695,0.6224920330033383,0.8381661489395501,0.9961651911965536,0.7123541512432622,instance,informative+rand_extra
1,0.25526814819458377,0.0,0.06666666666666665,0.5263157894736842,0.30352001715039295,0.0,0.36787139097581745,0.980544747081712,1.0,0.6683696475259864,0.8603874990279093,0.99114651111515,0.648197840880769,instance,informative+rand_extra
1,0.13800537826102888,0.0,0.03314917127071826,0.5789473684210527,0.07763837064524459,0.0,0.40452924916046074,0.9616453585325181,1.0,0.6683382235713992,0.871667134553749,0.9933964792204406,1.7907391805349762,instance,informative+rand_extra
1,0.1838053772678273,0.0,0.038374717832957095,0.631578947368421,0.09038649405372595,0.0,0.4451222055262337,0.9972206781545303,1.0,0.667614587946441,0.8668361506284074,0.9923240310107848,0.4707085534512487,instance,informative+rand_extra
1,0.10184857852245255,0.0,0.038374717832957095,0.42105263157894735,0.07602500297539694,0.0,0.39948019225087394,0.9655364091161757,1.0,0.6674884693208933,0.8672364609427522,0.9892720026328614,1.0826944548562087,instance,informative+rand_extra
1,0.1146134631200072,0.0,0.038374717832957095,0.42105263157894735,0.09339145192169707,0.0,0.4281267504397631,0.9916620344635909,1.0,0.6670384762094135,0.8699929388383503,0.9934719463566534,1.3964718480832414,instance,informative+rand_extra
1,0.6465417385415753,0.4,0.6153846153846154,0.631578947368421,0.5462922803860492,0.5,0.5148320852402992,1.0,1.0,0.6670787177699705,0.8660681192534007,0.9976773952666877,0.5285783874956108,instance,informative+rand_extra
1,0.10184857852245255,0.0,0.038374717832957095,0.42105263157894735,0.07745356181088037,0.0,0.36393104649845953,0.9777654252362423,1.0,0.667557293107034,0.8665422990446479,0.9905746045581251,0.5695865218922872,instance,informative+rand_extra
1,0.24547204393449407,0.0,0.038374717832957095,0.42105263157894735,0.33303213569278733,0.0,0.46086833859622434,0.9961089494163424,1.0,0.6766951371157051,0.8662158148974157,0.999266906404134,1.251777605736779,instance,informative+rand_extra
1,0.10703770554424963,0.0,0.05327868852459017,0.7894736842105263,0.10207491612656394,0.0,0.3797080005959743,0.9460811561978877,1.0,0.6675095221592785,0.8597841312266751,0.9852838302329247,0.7714203184034671,instance,informative+rand_extra
1,0.1458634631200072,0.0,0.15000000000000002,0.631578947368421,0.3119140635218688,0.0,0.45307299094051623,0.9938854919399667,1.0,0.6676594065472284,0.8905371608544527,0.9991912130464842,0.8713398187913598,instance,informative+rand_extra
1,0.36713871060116066,0.0,0.02631578947368418,0.42105263157894735,0.4733402549900859,0.0,0.41237809359278654,0.9944413563090606,1.0,0.6678951456421861,0.8535681362285324,0.9803088062536783,0.006096839603533612,instance,informative+rand_extra
1,0.175472043934494,0.4,0.03314917127071826,0.5789473684210527,0.13974833042028278,0.25,0.4519798488086806,0.9983324068927182,1.0,0.6672188929692571,0.8691945755863365,0.9957276572948777,0.5801634262374767,instance,informative+rand_extra
1,0.10703770554424963,0.0,0.03314917127071826,0.5789473684210527,0.0817631313176242,0.0,0.39502483202285466,0.952751528627015,1.0,0.667348912749585,0.8543496678490357,0.9985616374288852,1.787975468507321,instance,informative+rand_extra
1,0.10184857852245255,0.0,0.038374717832957095,0.42105263157894735,0.07517192208140544,0.0,0.3933168046746057,0.9394107837687604,0.9565217391304348,0.6442568707331707,0.8433011695584206,0.9945527521944232,1.0289432875799225,instance,informative+rand_extra
1,0.10703770554424963,0.0,0.05327868852459017,0.5789473684210527,0.0912595485486421,0.0,0.35086687533494365,0.9683157309616454,1.0,0.6674488534256835,0.8729631014223137,0.9982146962581596,0.7575812043766986,instance,informative+rand_extra
1,0.11120437221091628,0.0,0.1863636363636364,0.5263157894736842,0.08600174474052119,0.0,0.4215028811182784,0.9599777654252363,1.0,0.6673355960315523,0.8717884882204495,0.9957057107164488,0.9896865476642829,instance,informative+rand_extra
1,0.10899143566530967,0.2,0.038374717832957095,0.42105263157894735,0.26316203868929733,1.0,0.5113318049070035,1.0,1.0,0.6675125919442191,0.8948730759006583,0.9937522048166288,0.6389782167556017,instance,informative+rand_extra
1,0.1146134631200072,0.2,0.02631578947368418,0.42105263157894735,0.7509532480757267,0.0,0.4765540829270052,0.9977765425236242,1.0,0.6677717478418964,0.8839415173893775,0.9925797168700613,0.4270542256375214,instance,informative+rand_extra
1,0.175472043934494,0.0,0.038374717832957095,0.42105263157894735,0.07647149239552375,0.0,0.4326732045925319,0.9822123401889938,1.0,0.6681776626023178,0.8812545939548507,0.9996422998069614,1.1516826344233289,instance,informative+rand_extra
1,0.18488037826102888,0.0,0.02631578947368418,0.42105263157894735,0.23369201427555536,0.0,0.4198401713979987,0.9955530850472485,0.9565217391304348,0.6634274619833247,0.8334567013632888,0.9803711683328022,0.5490556581904318,instance,informative+rand_extra
1,0.7330802000800368,0.8,0.1863636363636364,0.5263157894736842,0.40677124400482,1.0,0.5039327352099012,1.0,1.0,0.6675832983920585,0.8968691918613981,0.9995479883907119,0.5296767835237,instance,informative+rand_extra
1,0.1781894352388419,0.0,0.038374717832957095,0.42105263157894735,0.10577619489603618,0.0,0.4628279407542213,0.9955530850472485,1.0,0.6676275594458423,0.8903584711914369,0.9984418019131313,0.7083091613536127,instance,informative+rand_extra
1,0.175472043934494,0.2,0.038374717832957095,0.42105263157894735,0.6754454755665601,0.5,0.46131397976910193,0.9988882712618121,1.0,0.6679193917670292,0.8821510593899123,0.9949714083438991,-0.09756256402460163,instance,informative+rand_extra
1,0.10703770554424963,0.0,0.05327868852459017,0.5789473684210527,0.238386189432521,0.0,0.39752437454968126,0.9788771539744302,1.0,0.6685541422626882,0.8761806102738313,0.98409650350293,0.8332365333545251,instance,informative+rand_extra
1,0.5107345787982452,0.2,0.19318181818181823,0.9473684210526315,0.6549535574540345,0.0,0.4345816626847897,0.9977765425236242,1.0,0.6673245452866445,0.8724302376636455,0.9932138283852975,0.20964581503802096,instance,informative+rand_extra
1,0.1838053772678273,0.0,0.12903225806451613,0.47368421052631576,0.24867073933346823,0.0,0.42670985730115696,0.9872151195108394,1.0,0.6670833046766825,0.8418684474013205,0.9998818407103685,0.48889992698605,instance,informative+rand_extra
1,0.13800537826102888,0.0,0.12,0.2631578947368421,0.07552296653725382,0.0,0.4087377898406942,0.9833240689271817,0.9565217391304348,0.6538528795178257,0.8197869383439812,0.9760571200611853,1.2759176794151408,instance,informative+rand_extra
1,0.3717748608359025,0.2,0.038374717832957095,0.42105263157894735,0.31105705431091,0.0,0.4597642265129216,0.9983324068927182,1.0,0.6675289754259781,0.8823674291340285,0.9920155944614277,0.5027412006916806,instance,informative+rand_extra
1,0.11120437221091628,0.0,0.12903225806451613,0.47368421052631576,0.6329545620384978,0.0,0.490265209281587,0.9949972206781545,1.0,0.6670159355201107,0.8407725538691769,0.98409131801937,-0.2782426243242812,instance,informative+rand_extra
1,0.13800537826102888,0.0,0.1863636363636364,0.631578947368421,0.07847852924791648,0.0,0.46744570015552334,0.9938854919399667,0.9565217391304348,0.65466424879715,0.8731730620276376,0.9955448430920024,0.9847205081641551,instance,informative+rand_extra
1,0.25526814819458377,0.0,0.0,0.21052631578947367,0.07828688462068933,0.0,0.4196891676285962,0.9927737632017788,0.9565217391304348,0.6279089552704986,0.8380873573749786,0.9830280053414041,0.26045931008961704,instance,informative+rand_extra
1,0.43547648152791707,0.6,0.1428571428571429,0.47368421052631576,0.5433278721698896,0.0,0.4928931838174414,0.9988882712618121,1.0,0.6675846241055097,0.8381090315974958,0.9994979905103477,0.17119939462433062,instance,informative+rand_extra
1,0.10703770554424963,0.0,0.03314917127071826,0.5789473684210527,0.07520037939086421,0.0,0.4043798698112604,0.9494163424124513,1.0,0.6673698942787551,0.8637754142744842,0.9987001691109225,1.6652431689834921,instance,informative+rand_extra
1,0.175472043934494,0.4,0.05882352941176472,0.42105263157894735,0.2507431251659743,0.0,0.463633162978918,0.9983324068927182,1.0,0.6671473738267005,0.8787036635322041,0.999798076286373,0.676065739485227,instance,informative+rand_extra
1,0.1722646375202882,0.2,0.05327868852459017,0.5789473684210527,0.12160220804046673,0.0,0.4725936283570995,0.9994441356309061,1.0,0.6673820911363259,0.887667941397601,0.9922993750479532,1.5758879765426381,instance,informative+rand_extra
1,0.311472043934494,0.0,0.0625,0.2631578947368421,0.70586293587073,0.0,0.44059360894572963,0.9966648137854364,1.0,0.6676543590669659,0.8464112096388717,0.9954541124506914,0.02236647294529137,instance,informative+rand_extra
1,0.10703770554424963,0.0,0.7938144329896908,0.3157894736842105,0.12124358728929419,0.0,0.45447230316794685,0.990550305725403,0.9565217391304348,0.6201901856173389,0.8408911941327837,0.9994992151128518,0.2666812978236291,instance,informative+rand_extra
1,0.175472043934494,0.4,0.05327868852459017,0.7894736842105263,0.7007371175077545,0.0,0.4890220593959286,0.9994441356309061,1.0,0.6675796207542029,0.8834207763876043,0.9991648855716477,-0.20385161358846132,instance,informative+rand_extra
1,0.10184857852245255,0.2,0.038374717832957095,0.631578947368421,0.07557243068697134,0.5,0.5008477943635561,1.0,1.0,0.6673837402845487,0.8700942315060232,0.9997782316562944,1.3078233485450734,instance,informative+rand_extra
1,0.20833333333333337,0.0,0.038374717832957095,0.42105263157894735,0.5665309172234573,0.0,0.40643645430943487,0.9349638688160089,0.9565217391304348,0.6290878370652359,0.8335354016668302,0.9933419575089872,1.0000069595458176,instance,informative+rand_extra
1,0.10184857852245255,0.0,0.06666666666666665,0.47368421052631576,0.15204266005709394,0.0,0.42036936394917435,0.9849916620344636,1.0,0.67076502808937,0.8662815535758889,0.993113282055769,-0.025699846483938964,instance,informative+rand_extra
1,0.1831327315279171,0.0,0.1863636363636364,0.5263157894736842,0.33303208837574827,0.0,0.47435734059390366,0.9966648137854364,1.0,0.6672582665442678,0.8608247450631571,0.9961501421873301,2.1240769438607123,instance,informative+rand_extra
1,0.175472043934494,0.0,0.038374717832957095,0.42105263157894735,0.07483534421416271,0.0,0.43308500116684767,0.9833240689271817,1.0,0.6677709840542356,0.8425500648855266,0.9999874101850224,0.4170229841023888,instance,informative+rand_extra
1,0.10899143566530967,0.0,0.038374717832957095,0.42105263157894735,0.22311369418230054,0.0,0.4329976131038161,0.9916620344635909,1.0,0.6680539153822362,0.8783138784298796,0.9940497004874719,0.12346023057415663,instance,informative+rand_extra
1,0.1146134631200072,0.0,0.03314917127071826,0.5789473684210527,0.0839325905914281,0.0,0.4134806701287772,0.9549749861033908,1.0,0.6674645725965257,0.8548652692453456,0.9951061004606107,1.0333610629331051,instance,informative+rand_extra
1,0.10184857852245255,0.2,0.038374717832957095,0.42105263157894735,0.4301147080562544,0.0,0.4535517148726682,0.9977765425236242,1.0,0.6675344855493905,0.8683912046244988,0.9717732333943331,0.003276729584818986,instance,informative+rand_extra
1,0.311472043934494,0.0,0.03314917127071826,0.5789473684210527,0.09349631444095596,0.0,0.39607423403745623,0.9683157309616454,1.0,0.6675186586495082,0.8466081761159465,0.9942204170178727,1.4574815481418442,instance,informative+rand_extra
1,0.36985148152791714,0.0,0.05327868852459017,0.5789473684210527,0.21788699815647983,0.0,0.4363471766417313,0.9927737632017788,1.0,0.668169445784637,0.8657743133494256,0.9935537679352742,1.391880842893845,instance,informative+rand_extra
1,0.10703770554424963,0.4,0.02631578947368418,0.42105263157894735,0.7492197573756331,0.0,0.4705809743054089,0.9983324068927182,1.0,0.6670657874789999,0.8622496488486986,0.9846687439909815,0.4635322582796584,instance,informative+rand_extra
1,0.24547204393449407,0.0,0.05327868852459017,0.7894736842105263,0.7793415632616728,0.0,0.4229534377802018,0.991106170094497,1.0,0.6691196501028824,0.8756773879090258,0.9991401801417207,-0.029860125007137316,instance,informative+rand_extra
1,0.1856071790696292,0.0,0.038374717832957095,0.631578947368421,0.07573051873426451,0.0,0.43415968713053166,0.9672040022234575,0.9565217391304348,0.6629136266049991,0.8334584536199906,0.9637235397869178,0.7219212916618458,instance,informative+rand_extra
1,0.6195239546838461,0.8,0.05327868852459017,0.5789473684210527,0.631111921081913,1.0,0.5545374622437744,1.0,1.0,0.6678376518820525,0.871781415163766,0.998308032955842,-0.29656560245291413,instance,informative+rand_extra
1,0.10184857852245255,0.0,0.038374717832957095,0.631578947368421,0.09362986143637031,0.0,0.45725684688136625,0.9944413563090606,1.0,0.6685095068205782,0.8722620065302086,0.9911347551408156,0.9451429330451333,instance,informative+rand_extra
1,0.1554472387261452,0.0,0.038374717832957095,0.5263157894736842,0.08917277928562267,0.0,0.43889067121249425,0.9955530850472485,1.0,0.6671760215136369,0.8567642180761289,0.9839636756018741,0.8259579016377823,instance,informative+rand_extra
1,0.10184857852245255,0.0,0.23076923076923073,0.42105263157894735,0.2717270788492384,0.0,0.4305883951664542,0.9877709838799333,1.0,0.6681442107858075,0.8521859903714326,0.9627485613830488,-0.7844503479707108,instance,informative+rand_extra
1,0.1856071790696292,0.0,0.05327868852459017,0.7894736842105263,0.08712583837823029,0.0,0.4099546004060103,0.9894385769872152,1.0,0.6673330018254101,0.8640235143812411,0.9922503655825006,0.5010125109306257,instance,informative+rand_extra
1,0.2242525317393721,0.0,0.1863636363636364,0.5263157894736842,0.07506053946991409,0.0,0.4150474581873119,0.9827682045580878,0.9565217391304348,0.6630295900545196,0.847317564496011,0.9973007988759415,0.02542999103297014,instance,informative+rand_extra
1,0.10184857852245255,0.0,0.038374717832957095,0.42105263157894735,0.07862404037079723,0.0,0.423425606855098,0.980544747081712,1.0,0.6678832596841208,0.8507077862234567,0.9920066357297352,0.43598685363779227,instance,informative+rand_extra
1,0.11166733517387928,0.0,0.12,0.2631578947368421,0.2240746275886067,0.0,0.4741512164062862,0.9972206781545303,1.0,0.6680086561354159,0.83998100649173,0.9995721583141945,0.34580167894303654,instance,informative+rand_extra
1,0.13800537826102888,0.2,0.1863636363636364,0.7894736842105263,0.07872145296086358,0.0,0.48899660676000956,0.9983324068927182,1.0,0.6673662764621242,0.857939820618968,0.9917907890885396,1.358793989089731,instance,informative+rand_extra
1,0.43547648152791707,0.0,0.05882352941176472,0.42105263157894735,0.3896485115631714,0.0,0.4772395566751231,0.9972206781545303,1.0,0.6677469306423128,0.8683640454780021,0.9992623762670633,0.4828268838361597,instance,informative+rand_extra
1,0.24547204393449407,0.2,0.2142857142857143,0.5263157894736842,0.13094748574664405,0.0,0.493421425407361,0.9994441356309061,1.0,0.6678340645147692,0.8872164870276297,0.9927059623062979,-0.03659747276966282,instance,informative+rand_extra
1,0.10184857852245255,0.0,0.038374717832957095,0.42105263157894735,0.07473616904692326,0.0,0.3772926949592349,0.9077265147304058,0.9565217391304348,0.6351829006281839,0.8335121739477792,0.9997289884271876,0.33664887889135015,instance,informative+rand_extra
1,0.2336676362209954,0.2,0.19999999999999996,0.5263157894736842,0.1975509624242312,0.0,0.49967074276709966,0.9994441356309061,1.0,0.6679635088821585,0.8734617240335206,0.98559348279862,0.26024599614455285,instance,informative+rand_extra
1,0.10899143566530967,0.2,0.03314917127071826,0.5789473684210527,0.5793100543718301,0.0,0.4915982719153732,0.9977765425236242,1.0,0.6675090195328958,0.8999903567558798,0.9953647304651485,0.41089493314600284,instance,informative+rand_extra
1,0.21283430288766203,0.0,0.038374717832957095,0.42105263157894735,0.16863298195773246,0.0,0.45482468600845916,0.9972206781545303,1.0,0.6673448945700342,0.8846362946456535,0.9984787550315285,0.7382331030371464,instance,informative+rand_extra
1,0.1554472387261452,0.0,0.15000000000000002,0.631578947368421,0.07960101807066644,0.0,0.43857151418074336,0.9949972206781545,1.0,0.6678277989967338,0.8698297783446599,0.9904748588341944,0.7925666709392476,instance,informative+rand_extra
1,0.1458634631200072,0.0,0.0625,0.2631578947368421,0.07675547706077973,0.0,0.4297965886500654,0.9849916620344636,0.9565217391304348,0.6534915329592724,0.845336483518026,0.9937055913914071,0.5301619648274764,instance,informative+rand_extra
1,0.175472043934494,0.0,0.9090909090909091,0.5263157894736842,0.7238823150418325,0.0,0.43300156681007174,0.9944413563090606,1.0,0.6676871869419009,0.8856018322853731,0.9940914363964957,-0.1055749269515263,instance,informative+rand_extra
1,0.10703770554424963,0.0,0.12,0.2631578947368421,0.07598252847150488,0.0,0.4264682064336217,0.9861033907726515,0.9565217391304348,0.6540072261063985,0.8423731914696586,0.9969370825338392,0.11475329633738239,instance,informative+rand_extra
1,0.1554472387261452,0.0,0.05327868852459017,0.5789473684210527,0.19481749381336633,0.0,0.44060238723044143,0.9949972206781545,1.0,0.6675103503044151,0.8630941231737145,0.9983542893746502,1.2760683175655687,instance,informative+rand_extra
1,0.25526814819458377,0.0,0.05327868852459017,0.5789473684210527,0.20968152795628736,0.0,0.48054216921017756,0.9972206781545303,1.0,0.6683392651233969,0.8917963556079228,0.9977282777544579,1.0425537846560256,instance,informative+rand_extra
1,0.13800537826102888,0.0,0.0,0.3684210526315789,0.07620579717372217,0.0,0.3936516993473421,0.9816564758198999,0.9565217391304348,0.6096153108857304,0.8774344408722949,0.998714001107846,0.9985651131920336,instance,informative+rand_extra
1,0.1554472387261452,0.2,0.19318181818181823,0.9473684210526315,0.1045432347940925,0.0,0.4735367064682744,0.9977765425236242,1.0,0.667695622936994,0.8819827828191162,0.9981761898976963,0.7885766091105677,instance,informative+rand_extra
1,0.1146134631200072,0.0,0.02631578947368418,0.42105263157894735,0.08735907069616722,0.0,0.38382637473287995,0.9649805447470817,1.0,0.6675653682843014,0.8509870214569912,0.9932535219336712,0.5911246026856518,instance,informative+rand_extra
1,0.10703770554424963,0.0,0.05327868852459017,0.5789473684210527,0.13925266764105404,0.0,0.44293750417961797,0.9972206781545303,1.0,0.667830375712408,0.8586469669023435,0.9760827524347665,1.0717463350196406,instance,informative+rand_extra
1,0.1781894352388419,0.0,0.03314917127071826,0.5789473684210527,0.07867004178902148,0.0,0.4036404447226829,0.9677598665925514,1.0,0.6675223807309046,0.8750446713961593,0.9965026745217054,0.9880686287798144,instance,informative+rand_extra
1,0.1554472387261452,0.0,0.038374717832957095,0.42105263157894735,0.07596170544291747,0.0,0.404991962828006,0.9833240689271817,1.0,0.6674884136666307,0.8594600637682146,0.9800795301145556,1.7480767225482279,instance,informative+rand_extra
1,0.10703770554424963,0.0,0.05327868852459017,0.7894736842105263,0.27123344515890857,0.0,0.4346508703719748,0.9660922734852696,1.0,0.6677271873349543,0.8569647254625946,0.9956154671671532,0.5369331967938437,instance,informative+rand_extra
1,0.1838053772678273,0.2,0.1863636363636364,0.5263157894736842,0.45208272637448077,0.0,0.47716212458082863,0.9983324068927182,1.0,0.6672488194829768,0.8819073776771075,0.992661552350215,0.28802100067446795,instance,informative+rand_extra
1,0.1856071790696292,0.0,0.44303797468354433,0.6842105263157895,0.5563351038482016,0.0,0.44000548719736143,0.9944413563090606,1.0,0.6673746467450852,0.8879913912075049,0.9702948163097824,0.00070580074334142,instance,informative+rand_extra
1,0.10703770554424963,0.0,0.038374717832957095,0.631578947368421,0.11090051662577743,0.16666666666666666,0.39250902326389003,0.9933296275708727,1.0,0.6671416722868148,0.8633926204545309,0.996958458783728,0.8700541331678433,instance,informative+rand_extra
1,0.2242525317393721,0.0,0.1863636363636364,0.5263157894736842,0.07660199048943594,0.0,0.45797891549401415,0.990550305725403,0.9565217391304348,0.6519669633058748,0.8624865613500691,0.9976140065903517,0.6662124256418475,instance,informative+rand_extra
1,0.10703770554424963,0.0,0.05327868852459017,0.5789473684210527,0.10073928409248589,0.0,0.4156194922941445,0.9799888827126181,1.0,0.6675407454046318,0.8760167023093451,0.9822481287573567,1.2032452785988705,instance,informative+rand_extra
1,0.10184857852245255,0.0,0.038374717832957095,0.42105263157894735,0.0985363398463786,0.0,0.38327466223971507,0.9649805447470817,1.0,0.667900969704236,0.8558333656366371,0.9835887329481655,0.35727983427789156,instance,informative+rand_extra
1,0.1781894352388419,0.0,0.038374717832957095,0.42105263157894735,0.07991530811029585,0.0,0.3992369119093251,0.9688715953307393,1.0,0.6674003449513364,0.8765083498089552,0.9938275294271136,1.1042743441757037,instance,informative+rand_extra
1,0.6351964636067702,0.4,0.06666666666666665,0.47368421052631576,0.6176338049818928,1.0,0.5067637532109335,1.0,1.0,0.6705739387540222,0.8648636593822113,0.9781294702792749,-0.31596812513789546,instance,informative+rand_extra
1,0.10184857852245255,0.0,0.038374717832957095,0.42105263157894735,0.09248517628193664,0.0,0.3734579372253898,0.9644246803779878,1.0,0.6674543623935473,0.8493550101319781,0.9985923524965367,1.059390781066217,instance,informative+rand_extra
1,0.10184857852245255,0.0,0.0,0.3157894736842105,0.23092207600771936,0.0,0.39235721047996575,0.971650917176209,1.0,0.6674345059383632,0.844441970835705,0.9647142147079443,0.3802701060225059,instance,informative+rand_extra
1,0.10184857852245255,0.0,0.038374717832957095,0.42105263157894735,0.09611046838505616,0.0,0.41217089334042,0.9694274596998332,1.0,0.6678575676699444,0.8538443364217521,0.9683892999626664,1.185900622227138,instance,informative+rand_extra
1,0.11120437221091628,0.2,0.038374717832957095,0.6842105263157895,0.28644954645575293,0.5,0.5001968341238416,1.0,1.0,0.6673056978269418,0.8738385229423126,0.996308284520922,0.10850684556613302,instance,informative+rand_extra
1,0.10184857852245255,0.0,0.0,0.3157894736842105,0.08388765864280101,0.0,0.4556167367571903,0.990550305725403,1.0,0.6672023964864393,0.8563071859004611,0.995133101253884,0.5112254483816226,instance,informative+rand_extra
1,0.13800537826102888,0.0,0.038374717832957095,0.42105263157894735,0.07462049962324757,0.0,0.4288120681412929,0.9772095608671484,1.0,0.6672730166294062,0.8577939754386784,0.9971541844442191,2.0519213696354797,instance,informative+rand_extra
1,0.11120437221091628,0.0,0.19318181818181823,1.0,0.08440179750635518,0.0,0.41444485956971755,0.9722067815453029,0.9565217391304348,0.6458663331894414,0.8579135638998467,0.9949089704165824,0.33345942880530516,instance,informative+rand_extra
1,0.7488144658143026,0.6,0.7938144329896908,0.6842105263157895,0.5677445664582176,1.0,0.5148122030652442,1.0,1.0,0.6671248799879376,0.854887595763828,0.9872300003360178,0.33950782716769373,instance,informative+rand_extra
1,0.10184857852245255,0.0,0.0,0.21052631578947367,0.0804879514423808,0.0,0.419994185705149,0.9766536964980544,0.9565217391304348,0.6578231069191439,0.8438859269685611,0.9952711718586212,0.7819671287027146,instance,informative+rand_extra
1,0.1838053772678273,0.0,0.1863636363636364,0.7894736842105263,0.21150661910065527,0.0,0.4264379976782391,0.9938854919399667,1.0,0.6674508735989432,0.8963313242880807,0.9955768828616754,0.7490683111438294,instance,informative+rand_extra
1,0.45690505295648853,0.0,0.1863636363636364,0.7368421052631579,0.1498385700265023,0.0,0.45456652211251025,0.9961089494163424,1.0,0.6693458030775917,0.8672924829342877,0.994393427429105,-0.14461077724125146,instance,informative+rand_extra
1,0.10703770554424963,0.0,0.03314917127071826,0.5789473684210527,0.07529425403926299,0.0,0.4091126966390405,0.9355197331851028,1.0,0.6670193618399503,0.8676085483036979,0.9944336868836819,1.538331805262973,instance,informative+rand_extra
1,0.10703770554424963,0.0,0.02631578947368418,0.42105263157894735,0.26091523417678053,0.0,0.3990813441921627,0.9849916620344636,1.0,0.6672901175413204,0.8666269820259371,0.9796493727755101,0.8549724868629088,instance,informative+rand_extra
1,0.48035495375013926,0.0,0.02631578947368418,0.42105263157894735,0.668331815909101,0.0,0.44731204445248174,0.9955530850472485,1.0,0.6672338086276818,0.8643043174934831,0.9964098994805487,0.29682720814252134,instance,informative+rand_extra
1,0.10703770554424963,0.2,0.0,0.3157894736842105,0.09159941359385465,0.0,0.4902833500066751,0.9977765425236242,1.0,0.6672309018334229,0.858815203159286,0.9980311079412927,1.5876162587274638,instance,informative+rand_extra
1,0.10703770554424963,0.0,0.038374717832957095,0.631578947368421,0.07461767150012877,0.0,0.3794591281526768,0.9316286826014453,0.9130434782608695,0.6296900441189416,0.8253940024225664,0.9958124074970616,2.040440911827715,instance,informative+rand_extra
1,0.43547648152791707,0.2,0.1863636363636364,0.5789473684210527,0.3482525004998266,0.0,0.438823478679106,0.9977765425236242,1.0,0.6679120087504163,0.887619526816902,0.985890128882964,0.26111171515573817,instance,informative+rand_extra
1,0.1146134631200072,0.0,0.1863636363636364,0.5263157894736842,0.10175870658543901,0.0,0.3964083222100758,0.9710950528071151,1.0,0.6674339148558807,0.8863693600251031,0.9888445614570222,1.4830982831069395,instance,informative+rand_extra
1,0.14726463752028818,0.0,0.05327868852459017,0.7894736842105263,0.5333469217511206,0.0,0.4378501119598196,0.9833240689271817,1.0,0.6817468386351938,0.8516252127752826,0.9924247432480388,1.1696491028696925,instance,informative+rand_extra
1,0.6054296206852714,0.2,0.05327868852459017,0.5789473684210527,0.23788539867155983,0.0,0.46305441753043586,0.9988882712618121,0.9565217391304348,0.6587680111180902,0.8752543805664115,0.9902768426995227,-0.01869713758222326,instance,informative+rand_extra
1,0.10184857852245255,0.0,0.038374717832957095,0.631578947368421,0.07559569027327395,0.0,0.3520402134280468,0.962757087270706,1.0,0.6680531435248344,0.8315756151943433,0.9531925118858408,0.8867721226567088,instance,informative+rand_extra
1,0.1781894352388419,0.0,0.1863636363636364,0.631578947368421,0.08193285737841255,0.0,0.39147810297045926,0.9727626459143969,1.0,0.6677050216612676,0.8740226428848186,0.98170147008318,1.4371235987362432,instance,informative+rand_extra
1,0.1554472387261452,0.0,0.15000000000000002,0.631578947368421,0.6450186849995548,0.0,0.4663308970427559,0.9922178988326849,1.0,0.6684139210552965,0.8726732812226218,0.9987772360910685,0.094776131830839,instance,informative+rand_extra
1,0.5943386734074756,0.0,0.6153846153846154,0.631578947368421,0.5882470042680068,0.0,0.4648714034482885,0.9961089494163424,1.0,0.6671980048595594,0.8675316784917559,0.9961363438416282,0.47319998917862577,instance,informative+rand_extra
1,0.175472043934494,0.0,0.13043478260869568,0.3684210526315789,0.07533736140035352,0.0,0.3996563340249344,0.9899944413563091,0.9130434782608695,0.618477966374197,0.860885622533187,0.9908771290409373,1.0248477213983533,instance,informative+rand_extra
1,0.10184857852245255,0.2,0.02631578947368418,0.42105263157894735,0.11896984589247828,0.0,0.4951497479237724,0.9988882712618121,1.0,0.6681966445927069,0.8567578898643593,0.9772832856913637,0.7736932060661629,instance,informative+rand_extra
1,0.25526814819458377,0.4,0.7938144329896908,0.6842105263157895,0.6401278548776573,0.25,0.4933907431239203,0.9988882712618121,1.0,0.6677254370229674,0.9070882906645646,0.9982655752085233,0.03895122933410603,instance,informative+rand_extra
1,0.25526814819458377,0.2,0.06666666666666665,0.47368421052631576,0.7066881903824371,0.0,0.49328942129041453,0.9994441356309061,1.0,0.6678578788239768,0.8751664838535964,0.9935511940185555,-0.2547732273108264,instance,informative+rand_extra
1,0.10703770554424963,0.0,0.0,0.3684210526315789,0.07800843902038085,0.0,0.46255781254216644,0.9916620344635909,1.0,0.6671631510433801,0.8391622717518115,0.9937413877489367,0.9459036719432934,instance,informative+rand_extra
1,0.10184857852245255,0.0,0.038374717832957095,0.42105263157894735,0.08355116335679258,0.0,0.34748589533604923,0.9377431906614786,1.0,0.6679164831461244,0.8525243748012427,0.9925547524113038,0.482694415296596,instance,informative+rand_extra
1,0.7250202930839595,0.4,0.44303797468354433,0.7368421052631579,0.7131403139458861,0.0,0.49039294264698796,0.9994441356309061,1.0,0.6673042649874846,0.8700436927050724,0.9752608353080974,0.36451893983890254,instance,informative+rand_extra
1,0.37047204393449407,0.6,0.038374717832957095,0.631578947368421,0.12127816086155496,0.5,0.5001289099775363,1.0,1.0,0.6674526979903791,0.9062002970454366,0.9951685060863088,0.4945725945685445,instance,informative+rand_extra
1,0.1856071790696292,0.2,0.038374717832957095,0.42105263157894735,0.21357629573421788,0.0,0.43675186930267584,0.9983324068927182,1.0,0.6672536625633317,0.8859351001857949,0.9990764648874907,0.30448034224494114,instance,informative+rand_extra
1,0.19200096955432877,0.0,0.12903225806451613,0.47368421052631576,0.08014055473841653,0.0,0.4392939806164078,0.9927737632017788,1.0,0.6676554656177494,0.8588609891209176,0.9885822685000099,0.8811810519805175,instance,informative+rand_extra
1,0.6465417385415753,0.8,0.7938144329896908,0.631578947368421,0.7347229330535585,1.0,0.527634167047009,1.0,1.0,0.6673672314326725,0.8811954205823207,0.9777275267617141,-0.40312246050234074,instance,informative+rand_extra
1,0.447976481527917,0.0,0.23076923076923073,0.42105263157894735,0.08467946479864219,0.0,0.4723420958071506,0.9972206781545303,1.0,0.6685051325792702,0.8565721039730012,0.9920856461500713,0.48333764961744663,instance,informative+rand_extra
1,0.11120437221091628,0.0,0.19999999999999996,0.3157894736842105,0.2220985030985152,0.0,0.4728817997017669,0.9916620344635909,1.0,0.66697461655258,0.8656782130205786,0.9958794708887783,0.9629083690198389,instance,informative+rand_extra
1,0.6070309687074043,0.4,0.7272727272727273,0.47368421052631576,0.4762017735687468,0.0,0.48699667921390366,0.9988882712618121,1.0,0.6678319828711331,0.8813975019026321,0.9954204400778789,0.2220235587083604,instance,informative+rand_extra
1,0.1710722387261452,0.0,0.03314917127071826,0.5789473684210527,0.11403352044729165,0.0,0.4082247968522399,0.9922178988326849,1.0,0.6674731644433436,0.8822721570216766,0.9942565874260036,1.5808202195009629,instance,informative+rand_extra
1,0.11166733517387928,0.0,0.0,0.3684210526315789,0.17254568961240374,0.0,0.4602418379914942,0.9888827126181212,1.0,0.6677880901042177,0.8338526342979419,0.9768083746290115,0.9001052498151312,instance,informative+rand_extra
1,0.10703770554424963,0.0,0.05327868852459017,0.5789473684210527,0.07928272066007891,0.0,0.359304814804871,0.9588660366870484,1.0,0.6683070786995216,0.865051919595763,0.9929461834558112,1.005090692347542,instance,informative+rand_extra
1,0.5229101019789042,0.2,0.12903225806451613,0.47368421052631576,0.7699878230432212,0.0,0.46057937142620287,0.9988882712618121,1.0,0.6676715925971366,0.8801423374024984,0.9925528573335574,-0.5978494948575839,instance,informative+rand_extra
1,0.10703770554424963,0.0,0.12,0.2631578947368421,0.07507199766337169,0.0,0.4149858189570821,0.9949972206781545,0.9565217391304348,0.6590192773006349,0.8361083071917308,0.9946751983994907,0.5943148686699569,instance,informative+rand_extra
1,0.175472043934494,0.2,0.038374717832957095,0.631578947368421,0.07735638140499523,0.0,0.4475309239735079,0.9977765425236242,1.0,0.6674714427630046,0.8532664945633354,0.9810741737437705,1.1435016735618513,instance,informative+rand_extra
1,0.10184857852245255,0.0,0.038374717832957095,0.42105263157894735,0.07608861809159106,0.0,0.44763930281489717,0.9833240689271817,1.0,0.6675039123903771,0.847331850224889,0.9855892247214516,1.3824880952884357,instance,informative+rand_extra
1,0.5304626277386372,0.6,0.2142857142857143,0.3157894736842105,0.7073807457567097,0.3333333333333333,0.47365431235372213,0.9994441356309061,1.0,0.6686057489643804,0.8886740655440077,0.993017932158284,-0.598472803765414,instance,informative+rand_extra
1,0.1781894352388419,0.0,0.19318181818181823,0.9473684210526315,0.5938017109885746,0.0,0.4072269603454154,0.9933296275708727,1.0,0.6677267150490959,0.8630166733875377,0.9702284925459559,0.043144972050711036,instance,informative+rand_extra
1,0.19200096955432877,0.0,0.8125,0.5263157894736842,0.21675304573047338,0.0,0.42480085766764186,0.9961089494163424,1.0,0.6677634468003723,0.8831458102567855,0.9829449219683598,0.38062135385108326,instance,informative+rand_extra
1,0.1781894352388419,0.0,0.05882352941176472,0.42105263157894735,0.5172057662195262,0.0,0.4110020723154969,0.9944413563090606,1.0,0.6674476401150762,0.9040537981692388,0.9989575118147396,0.15505241879574008,instance,informative+rand_extra
1,0.3717748608359025,0.0,0.05327868852459017,0.5789473684210527,0.1280057548996702,0.0,0.4395335694771354,0.9872151195108394,1.0,0.6675750378365428,0.8664063487102901,0.9920338151201047,0.8957802574679052,instance,informative+rand_extra
1,0.10184857852245255,0.0,0.05327868852459017,0.5789473684210527,0.16361607020313518,0.0,0.42708683890439403,0.9888827126181212,1.0,0.6687687119351484,0.8786137883707508,0.9949651927585431,1.185308830934689,instance,informative+rand_extra
1,0.13800537826102888,0.0,0.02631578947368418,0.42105263157894735,0.08004738904946684,0.0,0.4288519206479562,0.9744302390216787,0.9565217391304348,0.6385805175950597,0.8452527569957312,0.9864687367024317,1.0334530766568502,instance,informative+rand_extra
1,0.19200096955432877,0.2,0.1863636363636364,0.7894736842105263,0.15741350866798892,0.0,0.49641525690663413,0.9994441356309061,1.0,0.6675492201076862,0.8989639567042405,0.9978241235918448,1.0836046837728102,instance,informative+rand_extra
1,0.2242525317393721,0.0,0.19318181818181823,0.9473684210526315,0.08185523621678126,0.0,0.4421262306286192,0.9894385769872152,1.0,0.667359261016074,0.8577544258840378,0.999228275648377,0.8063952403710999,instance,informative+rand_extra
1,0.10703770554424963,0.0,0.038374717832957095,0.42105263157894735,0.07485794061713102,0.0,0.42607765882226956,0.981100611450806,0.9565217391304348,0.593392077409362,0.8499966480956003,0.9995672221534294,1.7311331937450916,instance,informative+rand_extra
1,0.5521431481945838,0.0,0.05327868852459017,0.8421052631578947,0.44282987741314794,0.0,0.4621144980403953,0.9972206781545303,1.0,0.6699204979470009,0.881735137610476,0.9986427721638035,0.07081987535621548,instance,informative+rand_extra
1,0.311472043934494,0.2,0.038374717832957095,0.42105263157894735,0.2520804263931261,0.0,0.4891753168568238,0.9983324068927182,1.0,0.6676855171081426,0.8996738764535968,0.9893052174398059,0.5661678455412419,instance,informative+rand_extra
1,0.19200096955432877,0.0,0.0,0.21052631578947367,0.07818439288650969,0.0,0.4069380959283636,0.971650917176209,1.0,0.668134501157512,0.85742471248514,0.9755853899383582,-0.16452197739516214,instance,informative+rand_extra
1,0.175472043934494,0.0,0.038374717832957095,0.42105263157894735,0.07871624606101185,0.0,0.45065735752500446,0.990550305725403,1.0,0.667510891739632,0.868849588126406,0.9934541528016574,1.451339729538138,instance,informative+rand_extra
1,0.1554472387261452,0.0,0.038374717832957095,0.42105263157894735,0.0753883454986074,0.0,0.3803794783706036,0.9677598665925514,0.9565217391304348,0.636313322273416,0.8463339346836816,0.9997819971807449,1.4776547322790483,instance,informative+rand_extra
1,0.19200096955432877,0.0,0.038374717832957095,0.631578947368421,0.07584928845569794,0.0,0.42128075056961545,0.9683157309616454,0.9565217391304348,0.6619328948621623,0.8624500569018316,0.9943853992790894,1.6729396874939226,instance,informative+rand_extra
1,0.2242525317393721,0.0,0.12903225806451613,0.47368421052631576,0.17980443854377598,0.0,0.46763302689077235,0.9972206781545303,1.0,0.6672136986512457,0.8193885336111211,0.9823956516776458,0.6353064280773253,instance,informative+rand_extra
1,0.10703770554424963,0.0,0.5833333333333333,0.3684210526315789,0.07566158469414042,0.0,0.3672366602617313,0.9488604780433574,1.0,0.6673577537962618,0.8445334382275773,0.9979933823545595,1.5613824423882088,instance,informative+rand_extra
1,0.10184857852245255,0.0,0.038374717832957095,0.42105263157894735,0.08189041326319157,0.0,0.39089049443436674,0.9238465814341301,1.0,0.6686071256031961,0.8466941473728562,0.9979326396901604,0.0875079027555672,instance,informative+rand_extra
1,0.1554472387261452,0.0,0.44303797468354433,0.7368421052631579,0.48397262953112885,0.0,0.44424458133397193,0.9961089494163424,1.0,0.667582873016651,0.8807288693210036,0.9989522858711969,0.38626337196859123,instance,informative+rand_extra
1,0.3471863296487797,0.2,0.44303797468354433,0.7368421052631579,0.49864402477594316,0.2,0.4834687044967987,0.9977765425236242,1.0,0.6675762460043143,0.9203348744279076,0.9996737205440646,0.364164905520349,instance,informative+rand_extra
1,0.33647204393449404,0.0,0.03314917127071826,0.5789473684210527,0.3332131599394463,0.0,0.4793637162775224,0.9972206781545303,1.0,0.6673675370310718,0.8954228003813948,0.991840299002182,0.9081037286636404,instance,informative+rand_extra
1,0.10703770554424963,0.0,0.1863636363636364,0.5263157894736842,0.07569845266007774,0.0,0.35244162575363414,0.9677598665925514,1.0,0.6673466901254097,0.8327853820999856,0.977989750345662,1.9333761351924335,instance,informative+rand_extra
1,0.10703770554424963,0.0,0.02631578947368418,0.42105263157894735,0.37474313378544455,0.0,0.40416163418079665,0.9833240689271817,1.0,0.6672595434345928,0.8562292491784207,0.999686316752407,0.4715905241366606,instance,informative+rand_extra
1,0.24547204393449407,0.4,0.1863636363636364,0.7894736842105263,0.22670538423142494,0.5,0.5146442786919232,1.0,1.0,0.667077706279987,0.8983063864544889,0.9982406515056905,0.5597426553258901,instance,informative+rand_extra
1,0.2614454139987732,0.0,0.7938144329896908,0.5789473684210527,0.44784343717245734,0.0,0.45646877103656447,0.9949972206781545,1.0,0.6685695248846266,0.8817361095388945,0.9999395513160961,0.35246969811689666,instance,informative+rand_extra
1,0.7808416264066234,0.6,0.9811320754716981,0.3157894736842105,0.7693139655307074,0.6,0.5296559840471222,1.0,1.0,0.6681280660549358,0.9001854535285622,0.9999107865240879,-0.39719066153090127,instance,informative+rand_extra
1,0.10703770554424963,0.0,0.038374717832957095,0.42105263157894735,0.0892172908624786,0.0,0.38296414301100745,0.981100611450806,1.0,0.6671698865041437,0.8547839710708586,0.9769919862689522,1.2912817765779725,instance,informative+rand_extra
1,0.311472043934494,0.0,0.7938144329896908,0.6842105263157895,0.5092593171970449,0.0,0.44199546887597674,0.9972206781545303,1.0,0.6676386471198325,0.897993209924028,0.998509742663597,0.2865573536856476,instance,informative+rand_extra
1,0.10703770554424963,0.0,0.038374717832957095,0.42105263157894735,0.07535039973378271,0.0,0.38457658692273,0.9644246803779878,1.0,0.6673110922809857,0.8643274621850887,0.981604125348849,1.553821996353481,instance,informative+rand_extra
1,0.37047204393449407,0.0,0.038374717832957095,0.631578947368421,0.10954762042788024,0.0,0.4645555131896786,0.9949972206781545,1.0,0.6681147268897969,0.8676161400945968,0.9977678015988053,0.33916027221535794,instance,informative+rand_extra
1,0.10703770554424963,0.0,0.02631578947368418,0.42105263157894735,0.07734072856419438,0.0,0.4231236232054376,0.9794330183435241,1.0,0.668982794893715,0.8172641599843139,0.9747011283989616,1.2656680510178873,instance,informative+rand_extra
1,0.34835339986669744,0.0,0.8125,0.5263157894736842,0.44834813477480673,0.0,0.44049898432468204,0.9966648137854364,1.0,0.6675934904416552,0.8922093786899331,0.9851781574242205,0.7046682518674142,instance,informative+rand_extra
1,0.175472043934494,0.0,0.8125,0.5263157894736842,0.5808683180001882,0.0,0.4064154515936784,0.9916620344635909,1.0,0.6673770012499218,0.9051323453956874,0.9879025985363116,0.5802810640726503,instance,informative+rand_extra
1,0.0,0.0,0.13043478260869568,0.3684210526315789,0.33303208837574827,0.0,0.46487793130948174,0.9961089494163424,0.9130434782608695,0.08549320972208199,0.8192674249941893,0.9895276812984263,2.432539447981059,instance,informative+rand_extra
1,0.3178549537501393,0.0,0.038374717832957095,0.42105263157894735,0.07479366010053135,0.0,0.44024090871790156,0.9883268482490273,0.9130434782608695,0.615758054840288,0.8196521717765904,0.9921030007118301,2.091129160483159,instance,informative+rand_extra
1,0.13800537826102888,0.0,0.038374717832957095,0.631578947368421,0.1771872896913817,0.0,0.4674201865600671,0.9933296275708727,1.0,0.667987288615824,0.8641627703949821,0.9982866947369345,0.9109109622098263,instance,informative+rand_extra
1,0.10184857852245255,0.0,0.06666666666666665,0.3684210526315789,0.08237708926781062,0.0,0.442892726219986,0.9955530850472485,1.0,0.6684970652965854,0.8644594879770406,0.9926013689131046,0.9410626810459848,instance,informative+rand_extra
1,0.3178549537501393,0.0,0.038374717832957095,0.42105263157894735,0.07466606451203661,0.0,0.4334440941429001,0.9838799332962757,0.9565217391304348,0.5812129784348267,0.8247071567669105,0.9807458673731014,1.4512976464617444,instance,informative+rand_extra
1,0.10184857852245255,0.0,0.0,0.21052631578947367,0.21417831929877773,0.0,0.4113182314546521,0.9744302390216787,1.0,0.6680367643954357,0.8350656078521455,0.9958023376769412,0.5022228177018586,instance,informative+rand_extra
1,0.175472043934494,0.0,0.038374717832957095,0.631578947368421,0.07461720250413012,0.0,0.3510452179198813,0.8554752640355754,0.9130434782608695,0.6519425649120943,0.8105679962487433,0.9472017300425142,2.439581297664702,instance,informative+rand_extra
1,0.21283430288766203,0.0,0.038374717832957095,0.42105263157894735,0.09060526235753608,0.0,0.44895168739665814,0.9933296275708727,1.0,0.6675315563324272,0.8954112748022527,0.992399036876332,1.0781233207218157,instance,informative+rand_extra
1,0.10184857852245255,0.0,0.1428571428571429,0.47368421052631576,0.07610746705540572,0.0,0.4506229736362666,0.9894385769872152,1.0,0.6678381942746626,0.8737067701136574,0.9987273333964877,1.1631796416516278,instance,informative+rand_extra
1,0.13800537826102888,0.0,0.038374717832957095,0.42105263157894735,0.074620315385374,0.0,0.3975662423796531,0.9505280711506392,1.0,0.6693436616008104,0.8360857424123261,0.9941747785075491,1.926967658596681,instance,informative+rand_extra
1,0.311472043934494,0.4,0.7938144329896908,0.6842105263157895,0.6654896227048713,0.3333333333333333,0.5196556865746822,1.0,1.0,0.66753964070031,0.9135959334749816,0.9889386989599525,-0.019765862243383437,instance,informative+rand_extra
1,0.18488037826102888,0.0,0.13043478260869568,0.3684210526315789,0.07484762035244541,0.0,0.40572364764193447,0.990550305725403,1.0,0.6679233719062441,0.8474484852824545,0.991735109582374,0.8779941198642129,instance,informative+rand_extra
1,0.2983533998666974,0.2,0.03314917127071826,0.5789473684210527,0.29531517505543325,0.3333333333333333,0.4782041191938815,0.9988882712618121,1.0,0.6678752329773742,0.9066280296966415,0.9995241658256174,0.2445529037301687,instance,informative+rand_extra
1,0.34835339986669744,0.0,0.038374717832957095,0.42105263157894735,0.13832451647595845,0.0,0.4507723640727509,0.9955530850472485,1.0,0.6675714004138854,0.8998097772456493,0.9973561958456006,1.1757518054304519,instance,informative+rand_extra
1,0.1781894352388419,0.0,0.03314917127071826,0.5789473684210527,0.07673544557783712,0.0,0.40963919988759834,0.9760978321289605,1.0,0.6674069434898412,0.8485238940764215,0.9906715532022398,1.2929492020272815,instance,informative+rand_extra
1,0.25526814819458377,0.0,0.03314917127071826,0.5789473684210527,0.3307097093559007,0.0,0.43925342175736193,0.9922178988326849,1.0,0.6677030833102523,0.8968083516878377,0.9995362347709335,0.8856726038609343,instance,informative+rand_extra
1,0.5640916776063485,0.8,0.2142857142857143,0.5263157894736842,0.5409088801651234,0.5,0.5089808998115595,1.0,1.0,0.6675952463541835,0.8772410572970785,0.9828498522773307,0.14087189870488287,instance,informative+rand_extra
1,0.11166733517387928,0.0,0.02631578947368418,0.42105263157894735,0.5940001556743525,0.0,0.44978525739769315,0.9966648137854364,1.0,0.6675195792439798,0.854319782889336,0.9970076919319731,-0.44736253058901954,instance,informative+rand_extra
1,0.19200096955432877,0.2,0.038374717832957095,0.42105263157894735,0.0864197427693511,0.0,0.4916685732484495,0.9983324068927182,1.0,0.6674396200858508,0.8831851053206867,0.9686256366284548,0.5573295142515985,instance,informative+rand_extra
1,0.1781894352388419,0.0,0.03314917127071826,0.5789473684210527,0.0748780266510573,0.0,0.39274597760555907,0.9638688160088938,0.9565217391304348,0.6426516861495234,0.8410109484765586,0.984248604660075,1.6767177430309865,instance,informative+rand_extra
1,0.6581327315279171,0.0,0.7938144329896908,0.5789473684210527,0.10609206482788858,0.0,0.4379478622307845,0.9972206781545303,1.0,0.6683516614791881,0.8505487109474714,0.9890059902183554,0.359438833068417,instance,informative+rand_extra
1,0.10703770554424963,0.0,0.12,0.2631578947368421,0.07688066322871767,0.0,0.40871305249557854,0.9416342412451362,1.0,0.6679211494432253,0.8630344086466912,0.9980616801539551,1.2307478021577254,instance,informative+rand_extra
1,0.1146134631200072,0.0,0.15000000000000002,0.631578947368421,0.46800782695026133,0.0,0.4074945300134468,0.9849916620344636,1.0,0.668311104989842,0.8654770407176191,0.9548453058279062,0.2235156850293533,instance,informative+rand_extra
1,0.13800537826102888,0.0,0.12,0.2631578947368421,0.0746837567837812,0.0,0.4005291217099879,0.9866592551417455,0.9565217391304348,0.5791866382750811,0.7930827134384433,0.9575329254951641,1.9070704969959777,instance,informative+rand_extra
1,0.1503277488342929,0.2,0.8125,0.5263157894736842,0.6778610298642381,0.0,0.40857254543940824,0.9983324068927182,1.0,0.667331102452646,0.8932156528713042,0.9967524092180644,0.4941919141152791,instance,informative+rand_extra
1,0.2614454139987732,0.0,0.038374717832957095,0.42105263157894735,0.1082440647277102,0.0,0.41533429968141167,0.9961089494163424,1.0,0.6687119017671337,0.9011792266711663,0.9988544606080695,0.6818063841418018,instance,informative+rand_extra
1,0.175472043934494,0.2,0.13043478260869568,0.3684210526315789,0.07799138593813632,0.0,0.48633458379766714,0.9988882712618121,1.0,0.6674112651370512,0.8871170802450395,0.9961180810144472,0.9033341963108575,instance,informative+rand_extra
1,0.19200096955432877,0.2,0.06666666666666665,0.3684210526315789,0.5341301634569083,0.0,0.4461221230415552,0.9983324068927182,1.0,0.6677153402687991,0.8866604462136128,0.9999511847258387,0.17836677165321924,instance,informative+rand_extra
1,0.175472043934494,0.0,0.05327868852459017,0.7894736842105263,0.0990319432564884,0.0,0.40911517196130653,0.990550305725403,1.0,0.6672940061570884,0.8688745748266645,0.9841014209901665,1.3308330328660158,instance,informative+rand_extra
1,0.46836576992681156,0.2,0.03314917127071826,0.5789473684210527,0.37628379837243353,0.0,0.4178604913969506,0.9994441356309061,1.0,0.6678347096390096,0.8961668627051699,0.985333668936679,0.21158676580241811,instance,informative+rand_extra
1,0.11120437221091628,0.2,0.02631578947368418,0.42105263157894735,0.4717738407718056,0.0,0.48333855679843063,0.9988882712618121,1.0,0.6671686854426421,0.8699801603681535,0.9921109037155981,0.47844107027979427,instance,informative+rand_extra
1,0.10703770554424963,0.0,0.1428571428571429,0.47368421052631576,0.0753566966515698,0.0,0.3960364316984052,0.9588660366870484,1.0,0.6674440752118548,0.8622526738031224,0.9934160281565327,1.0429937559443745,instance,informative+rand_extra
1,0.14726463752028818,0.0,0.038374717832957095,0.42105263157894735,0.0999996258534458,0.0,0.3084523643762035,0.9799888827126181,1.0,0.6676456353129381,0.8803375085944644,0.9955927320566421,1.3072868525022172,instance,informative+rand_extra
1,0.10184857852245255,0.0,0.038374717832957095,0.42105263157894735,0.08215150304736502,0.0,0.4404585144702762,0.991106170094497,1.0,0.6680404315153298,0.8758979915625404,0.9959796950095328,1.06036472879078,instance,informative+rand_extra
1,0.1781894352388419,0.0,0.038374717832957095,0.42105263157894735,0.37787109226666804,0.0,0.40528750861161134,0.9872151195108394,1.0,0.6673710090660789,0.9013838512299258,0.9871650133834301,0.5754468350561566,instance,informative+rand_extra
1,0.3717748608359025,0.0,0.03314917127071826,0.5789473684210527,0.5323188275213248,0.0,0.46652244941139753,0.9961089494163424,1.0,0.6673174443057032,0.8892008641327191,0.9935277987512185,0.3778284679923455,instance,informative+rand_extra
1,0.3471863296487797,0.2,0.44303797468354433,0.7368421052631579,0.1902341977040951,0.75,0.5173967647815058,1.0,1.0,0.6673920168680096,0.893879185878257,0.9987788374531106,1.1266274277711423,instance,informative+rand_extra
1,0.1554472387261452,0.2,0.44303797468354433,0.47368421052631576,0.31613178393977537,0.0,0.4777084355486464,0.9983324068927182,1.0,0.6678308093664046,0.8891818826646329,0.9998078935497989,0.46021527540207047,instance,informative+rand_extra
1,0.10184857852245255,0.0,0.038374717832957095,0.42105263157894735,0.07465053442077263,0.0,0.38033039047230155,0.9772095608671484,0.9565217391304348,0.6160391020855805,0.8529609834415974,0.999565989130835,1.1334554765226772,instance,informative+rand_extra
1,0.2336676362209954,0.6,0.1863636363636364,0.7894736842105263,0.2651067088812308,0.3333333333333333,0.5057553813229074,1.0,1.0,0.6676701939303733,0.8940108065671635,0.9899382755788193,0.6732919798346714,instance,informative+rand_extra
1,0.1856071790696292,0.0,0.05327868852459017,0.7894736842105263,0.1367522874656132,0.0,0.39752333747124247,0.9855475264035576,1.0,0.6677059377795247,0.8761920034616005,0.989904895133014,1.0365424197220643,instance,informative+rand_extra
1,0.10184857852245255,0.0,0.038374717832957095,0.42105263157894735,0.07727436957302575,0.0,0.4399396573087849,0.9938854919399667,1.0,0.6682180622549317,0.8713729734493773,0.999398837735528,0.6528439473361092,instance,informative+rand_extra
1,0.10703770554424963,0.0,0.038374717832957095,0.42105263157894735,0.07695372528295452,0.0,0.35999392583297674,0.9638688160088938,1.0,0.6671199735811971,0.8541905411698557,0.9937624530099591,0.9246606329746805,instance,informative+rand_extra
1,0.2803549537501393,0.0,0.038374717832957095,0.42105263157894735,0.07891890408626956,0.0,0.46859115725647604,0.9972206781545303,0.9565217391304348,0.6168974209550759,0.8146727850673653,0.994216326162399,1.2212061993498797,instance,informative+rand_extra
1,0.10703770554424963,0.0,0.038374717832957095,0.631578947368421,0.07471200550562712,0.0,0.3551565485973198,0.9332962757087271,0.9130434782608695,0.5899417850015153,0.8235818560638165,0.9939833929201494,1.7429868161324755,instance,informative+rand_extra
1,0.19200096955432877,0.0,0.05327868852459017,0.5789473684210527,0.18117114718099492,0.0,0.42855240831047703,0.9894385769872152,1.0,0.6675599721669179,0.8924674655154727,0.9870867948638975,0.7206102568918257,instance,informative+rand_extra
1,0.25526814819458377,0.0,0.0,0.21052631578947367,0.24068012682361284,0.0,0.3846017516612872,0.9760978321289605,1.0,0.66800672258852,0.8679863594530823,0.995919515520185,0.6752581794701359,instance,informative+rand_extra
1,0.10184857852245255,0.0,0.038374717832957095,0.42105263157894735,0.07466939178611154,0.0,0.4318823146271765,0.9894385769872152,1.0,0.6682336414764616,0.8498492704893247,0.9768057051409269,1.5096572648078423,instance,informative+rand_extra
1,0.10703770554424963,0.0,0.12903225806451613,0.47368421052631576,0.0806166176169349,0.0,0.4106023161586998,0.9605336297943302,1.0,0.6671033538717904,0.8309929158337332,0.9651345137158519,0.5769710116084812,instance,informative+rand_extra
1,0.10184857852245255,0.0,0.038374717832957095,0.42105263157894735,0.07635672475429134,0.0,0.3828101842458296,0.9394107837687604,1.0,0.6683020420601046,0.8530556855567609,0.995070368255674,0.706562691791916,instance,informative+rand_extra
1,0.10184857852245255,0.0,0.038374717832957095,0.42105263157894735,0.09119394765863564,0.0,0.41146536682996004,0.9722067815453029,1.0,0.6681577055062822,0.8678628320998719,0.9976860110895315,0.9260889274535061,instance,informative+rand_extra
1,0.175472043934494,0.2,0.05882352941176472,0.42105263157894735,0.2268359339963898,0.0,0.48054077262571837,0.9988882712618121,1.0,0.6679514972237915,0.886772149005837,0.9986649001723313,0.7061972214663942,instance,informative+rand_extra
1,0.175472043934494,0.2,0.038374717832957095,0.631578947368421,0.12330185198050508,0.0,0.48466154532267913,0.9988882712618121,1.0,0.667400486497175,0.8656974754354468,0.9913852019260248,1.2827797705196797,instance,informative+rand_extra
1,0.10184857852245255,0.0,0.05327868852459017,0.5789473684210527,0.09113191776397167,0.0,0.39470100350175863,0.9749861033907726,1.0,0.6684557459536079,0.8606565783036217,0.9893328672319784,0.9808758270200479,instance,informative+rand_extra
1,0.1554472387261452,0.0,0.038374717832957095,0.42105263157894735,0.2825754292354392,0.0,0.4418513419145439,0.9949972206781545,1.0,0.6673705903804751,0.8953385179819512,0.9887777386147868,1.4500418476038537,instance,informative+rand_extra
1,0.1781894352388419,0.2,0.038374717832957095,0.42105263157894735,0.08310981676784068,0.125,0.4926779267078657,0.9994441356309061,1.0,0.6675051421030138,0.8865721077622675,0.9924997022413704,1.165650609067685,instance,informative+rand_extra
1,0.10703770554424963,0.0,0.02631578947368418,0.42105263157894735,0.0944441868906033,0.0,0.4012793200164525,0.9677598665925514,1.0,0.6672298262722336,0.8496171330397005,0.9950119217380698,0.7046214651629465,instance,informative+rand_extra
1,0.1146134631200072,0.0,0.05327868852459017,0.7894736842105263,0.6159835427917203,0.0,0.4734000110611455,0.9966648137854364,1.0,0.6678165488146007,0.9101090747783623,0.9958051823085156,0.04713601831434769,instance,informative+rand_extra
1,0.13800537826102888,0.0,0.0,0.21052631578947367,0.13084287232786507,0.0,0.4566575021876468,0.9966648137854364,1.0,0.6683888736638924,0.8581078847528963,0.9908781213053872,0.7130785649437256,instance,informative+rand_extra
1,0.1781894352388419,0.0,0.03314917127071826,0.5789473684210527,0.07925469563680154,0.0,0.4318244922559824,0.9849916620344636,1.0,0.6676744636645131,0.8724746917879524,0.9933047911432856,1.4606305651830205,instance,informative+rand_extra
1,0.10703770554424963,0.0,0.0625,0.2631578947368421,0.28139608958143014,0.0,0.4176701336081411,0.9827682045580878,1.0,0.667723846598423,0.8524207815470399,0.9851629131336886,0.4649600852874089,instance,informative+rand_extra
1,0.10703770554424963,0.0,0.038374717832957095,0.42105263157894735,0.07475435314818651,0.0,0.4349805307413962,0.9861033907726515,1.0,0.6673294508256215,0.8612095558797119,0.9988923014237301,1.4978065967584626,instance,informative+rand_extra
1,0.24547204393449407,0.0,0.1863636363636364,0.5263157894736842,0.6205047322454972,0.0,0.44280510123107153,0.9927737632017788,1.0,0.6670412959896821,0.8683491893822776,0.9997790029081862,0.41921861945744343,instance,informative+rand_extra
1,0.14738162088816498,0.2,0.6153846153846154,0.6842105263157895,0.6238895614868413,0.0,0.4649416127461633,0.9977765425236242,1.0,0.667403080840314,0.8884395774827567,0.998748869991475,0.22037543890059294,instance,informative+rand_extra
1,0.11166733517387928,0.0,0.02631578947368418,0.42105263157894735,0.7337147170026815,0.0,0.4370165931652241,0.9922178988326849,1.0,0.6674377293025376,0.8644351261444221,0.9987469258511906,-0.15749221997132962,instance,informative+rand_extra
1,0.14726463752028818,0.0,0.05327868852459017,0.5789473684210527,0.5728067938676099,0.0,0.46334070362151225,0.9933296275708727,1.0,0.6801384656960633,0.8506186611968442,0.9641133076409839,1.2439064470514736,instance,informative+rand_extra
1,0.3319422553374408,0.0,0.19999999999999996,0.5263157894736842,0.33303208837574827,0.0,0.4766028254521467,0.9972206781545303,1.0,0.6701111571994123,0.8612539845921717,0.9927840516896399,-0.005652086679877547,instance,informative+rand_extra
1,0.33647204393449404,0.0,0.7272727272727273,0.47368421052631576,0.1562940638918372,0.0,0.43456406402114167,0.9866592551417455,1.0,0.6674110965282634,0.8952768923118933,0.9978753518186967,1.2378914797345233,instance,informative+rand_extra
1,0.10703770554424963,0.0,0.05327868852459017,0.5789473684210527,0.08929578928563542,0.0,0.4323348021240877,0.9938854919399667,1.0,0.667558525236801,0.8968944216643935,0.9934471806642281,0.8009798904168305,instance,informative+rand_extra
1,0.3242525317393721,0.0,0.02631578947368418,0.42105263157894735,0.09767186043016973,0.0,0.475769685115743,0.9949972206781545,1.0,0.667419098642411,0.8658708906853346,0.9805419097155973,0.6758037090222809,instance,informative+rand_extra
1,0.19200096955432877,0.0,0.44303797468354433,0.47368421052631576,0.09169094895806096,0.0,0.45847645003834114,0.9966648137854364,1.0,0.6673323212396791,0.8606592096614512,0.9988184159184873,-0.022479535480275932,instance,informative+rand_extra
1,0.19200096955432877,0.2,0.038374717832957095,0.42105263157894735,0.37464081687442075,0.0,0.45813559877576127,0.9977765425236242,1.0,0.6672207879819184,0.8544027019687137,0.9828355897885508,0.41113224823016464,instance,informative+rand_extra
1,0.11166733517387928,0.0,0.05327868852459017,0.5789473684210527,0.5087560876808467,0.0,0.4357633835525171,0.9849916620344636,1.0,0.6676273888473242,0.8658811774247454,0.9905539154663177,1.0078354311908588,instance,informative+rand_extra
1,0.25526814819458377,0.0,0.03314917127071826,0.5263157894736842,0.24714313453922598,0.0,0.3675550344685279,0.9966648137854364,1.0,0.6673996749573383,0.851886930178643,0.9908416646202766,1.1957558094869807,instance,informative+rand_extra
1,0.10184857852245255,0.0,0.2142857142857143,0.5263157894736842,0.333075161017358,0.0,0.3995389080026873,0.981100611450806,1.0,0.6703251567682574,0.8692051999680495,0.9949623139465039,0.19572710471991905,instance,informative+rand_extra
1,0.10899143566530967,0.0,0.03314917127071826,0.5789473684210527,0.28622337107922213,0.0,0.41886846441493386,0.9844357976653697,1.0,0.6741569792917473,0.8732323407625635,0.9855389259239081,0.5077616556558259,instance,informative+rand_extra
1,0.10703770554424963,0.0,0.03314917127071826,0.5789473684210527,0.10379051917350857,0.0,0.4545413305668181,0.9944413563090606,1.0,0.6675300952830414,0.8976878603990527,0.9986345921515669,1.398455021974945,instance,informative+rand_extra
1,0.2242525317393721,0.0,0.05327868852459017,0.7894736842105263,0.1269871397752726,0.0,0.3938647067159301,0.9705391884380211,1.0,0.6675016356527722,0.8600639855039324,0.9972549952357774,0.991158225953221,instance,informative+rand_extra
1,0.19200096955432877,0.0,0.03314917127071826,0.5789473684210527,0.338179691673942,0.0,0.460222725270376,0.9961089494163424,1.0,0.6675937845989736,0.8949601967227103,0.9988231525204329,0.7356144938571876,instance,informative+rand_extra
1,0.374252531739372,0.2,0.05327868852459017,0.7894736842105263,0.5006186259924387,0.5,0.5120961532733803,1.0,1.0,0.6674276944911629,0.8774385764792219,0.9865345431673902,0.2650029983010088,instance,informative+rand_extra
1,0.2242525317393721,0.0,0.19318181818181823,0.9473684210526315,0.25860961742808763,0.0,0.41525789832903537,0.9833240689271817,1.0,0.667345943592675,0.8596901066486337,0.9921656023655656,0.2457805190456503,instance,informative+rand_extra
1,0.10703770554424963,0.0,0.03314917127071826,0.5789473684210527,0.07694946645736245,0.0,0.4174196977033062,0.9788771539744302,1.0,0.6672731140833355,0.8712119750741695,0.9957389341956256,1.10654880208993,instance,informative+rand_extra
1,0.19200096955432877,0.0,0.19318181818181823,0.9473684210526315,0.19844354405001435,0.0,0.46070202598121457,0.9972206781545303,1.0,0.6674654089786142,0.8911471510557033,0.994858538327344,0.5115562617148456,instance,informative+rand_extra
1,0.09979939819458372,0.0,0.0,0.21052631578947367,0.0746236482717334,0.0,0.4414460440908293,0.9888827126181212,0.9130434782608695,0.5833315274569622,0.8030443620506231,0.991232016305396,1.16794989868989,instance,informative+rand_extra
1,0.10184857852245255,0.0,0.038374717832957095,0.42105263157894735,0.07991489655973494,0.0,0.433336896364768,0.9927737632017788,0.9565217391304348,0.6494155246163713,0.857694342900778,0.9921636187568103,1.0662786239979498,instance,informative+rand_extra
1,0.10899143566530967,0.0,0.19999999999999996,0.5263157894736842,0.5978350977859369,0.0,0.4127500282675117,0.9838799332962757,1.0,0.6680999564610522,0.8669544428182308,0.9977092046696493,-0.2383189605686462,instance,informative+rand_extra
1,0.10703770554424963,0.0,0.038374717832957095,0.42105263157894735,0.0746694840751404,0.0,0.3763526218246517,0.9099499722067815,0.9565217391304348,0.6664034281028165,0.8460770970100996,0.9802230126211949,1.9244203122752057,instance,informative+rand_extra
1,0.10184857852245255,0.0,0.06666666666666665,0.47368421052631576,0.6416316730690416,0.0,0.4539623608827066,0.9961089494163424,1.0,0.6686057092406451,0.8699573393771596,0.9894216529784763,-0.4927365225276196,instance,informative+rand_extra
1,0.10703770554424963,0.2,0.03314917127071826,0.631578947368421,0.07610727757854496,0.3333333333333333,0.5122246125650383,1.0,1.0,0.6679793519531209,0.8781621955628032,0.9966781700599524,1.171571683559269,instance,informative+rand_extra
1,0.1554472387261452,0.0,0.05327868852459017,0.5789473684210527,0.08333747000611458,0.0,0.43389508015231815,0.9899944413563091,1.0,0.6675308328989219,0.8800236717187291,0.9943542790172636,0.7426063486026802,instance,informative+rand_extra
1,0.09979939819458372,0.0,0.41666666666666663,0.5263157894736842,0.5500499851185697,0.0,0.4483286260528072,0.9933296275708727,1.0,0.6686286877437128,0.8458708345527377,0.9875001683757181,0.26945009368008516,instance,informative+rand_extra
1,0.10184857852245255,0.0,0.0,0.21052631578947367,0.07480786541869888,0.0,0.36927049668344614,0.971650917176209,0.9565217391304348,0.6596446824488478,0.8206818723713802,0.9873158080347172,0.9493893461796478,instance,informative+rand_extra
1,0.33647204393449404,0.2,0.03314917127071826,0.5789473684210527,0.12920381383732427,0.0,0.476526440235034,0.9983324068927182,1.0,0.6674016774686526,0.8982963689986371,0.9898544611338879,0.7658439218409041,instance,informative+rand_extra
1,0.1554472387261452,0.0,0.038374717832957095,0.631578947368421,0.12910808354439418,0.0,0.4806638220683068,0.9966648137854364,1.0,0.6677694164012161,0.8670836426226094,0.9811124728135657,0.6222941268949859,instance,informative+rand_extra
1,0.10703770554424963,0.0,0.12903225806451613,0.47368421052631576,0.13681723487234637,0.0,0.40169489185361407,0.9899944413563091,1.0,0.6671665867770352,0.8617457606116679,0.996534177477276,1.1952006512569078,instance,informative+rand_extra
1,0.11166733517387928,0.0,0.12903225806451613,0.47368421052631576,0.4904540454654237,0.0,0.4363711842639322,0.9872151195108394,1.0,0.6678030031113642,0.8417638639244732,0.9655386839399062,0.4273856551213776,instance,informative+rand_extra
1,0.11120437221091628,0.0,0.02631578947368418,0.42105263157894735,0.5285712805327305,0.0,0.4545626896036825,0.9888827126181212,1.0,0.6674283159496203,0.8462572481219246,0.9891436301019784,0.04230082990778019,instance,informative+rand_extra
1,0.3092748608359025,0.0,0.02631578947368418,0.42105263157894735,0.1888269375559125,0.0,0.40072378773050654,0.9827682045580878,1.0,0.6678096083624835,0.8768499941479355,0.9855468005163313,0.6002731452174963,instance,informative+rand_extra
1,0.5943386734074756,0.0,0.19318181818181823,1.0,0.4783666569878403,0.0,0.4428551136033325,0.9938854919399667,1.0,0.6670053522947845,0.8711710384340116,0.9819664765911978,1.3007597044950918,instance,informative+rand_extra
1,0.25526814819458377,0.2,0.8125,0.5263157894736842,0.7052137118678797,0.0,0.4315960559260089,0.9977765425236242,1.0,0.6674100712987119,0.8828152495061634,0.9990008536063313,0.7157799604545925,instance,informative+rand_extra
1,0.24547204393449407,0.0,0.02631578947368418,0.42105263157894735,0.5908656700109411,0.0,0.42182101969224395,0.9922178988326849,1.0,0.6672551594966355,0.8391687607554156,0.984926375038781,-0.06434385047226183,instance,informative+rand_extra
1,0.5184458162646185,0.2,0.8125,0.631578947368421,0.7283756306800102,0.0,0.4922056515600367,0.9994441356309061,1.0,0.6676130437827346,0.8886414709059192,0.9998830858517599,-0.32063193816163266,instance,informative+rand_extra
1,0.11120437221091628,0.0,0.02631578947368418,0.42105263157894735,0.5745684042092356,0.0,0.4624949449584371,0.9949972206781545,1.0,0.6674774002425211,0.8657585488737642,0.999207708152712,-0.5071630067374062,instance,informative+rand_extra
1,0.11120437221091628,0.0,0.03314917127071826,0.5789473684210527,0.1053144906459641,0.0,0.3910184121723085,0.9794330183435241,1.0,0.6672194418840913,0.8791204238857467,0.9939054004729312,1.0222307046050343,instance,informative+rand_extra
1,0.10184857852245255,0.0,0.05327868852459017,0.5789473684210527,0.0757083909401689,0.0,0.4591480754539754,0.9933296275708727,1.0,0.6686182663604914,0.8628972586609729,0.9949698280214979,1.0291319837614306,instance,informative+rand_extra
1,0.1554472387261452,0.0,0.038374717832957095,0.42105263157894735,0.08364991380385833,0.0,0.4164209937267943,0.9816564758198999,1.0,0.6673912450284981,0.8562585737103355,0.9725669506708119,0.7147791564173577,instance,informative+rand_extra
1,0.405222043934494,0.0,0.1863636363636364,0.7894736842105263,0.17969051142643133,0.0,0.39946356536208805,0.9966648137854364,1.0,0.6675817473119814,0.8741115446215659,0.9926593260714449,0.2904904732318951,instance,informative+rand_extra
1,0.10703770554424963,0.0,0.038374717832957095,0.5789473684210527,0.07463630210752781,0.0,0.3813697903634241,0.9349638688160089,0.9565217391304348,0.5568101944197418,0.8123722003188792,0.9968764617367684,2.172633423251413,instance,informative+rand_extra
1,0.19200096955432877,0.4,0.038374717832957095,0.631578947368421,0.27818188735489036,0.5,0.4572687895607277,0.9983324068927182,1.0,0.667598061047488,0.8749633129883314,0.9967015966962135,0.5368499110824573,instance,informative+rand_extra
1,0.13800537826102888,0.0,0.05327868852459017,0.5789473684210527,0.09172804949175095,0.0,0.4167819913869574,0.9772095608671484,1.0,0.6676075065724628,0.8764215609037153,0.9899841080473342,1.6466943238065797,instance,informative+rand_extra
1,0.19200096955432877,0.0,0.9414634146341463,0.42105263157894735,0.5574464224610413,0.0,0.44634415212412537,0.9916620344635909,1.0,0.6677290597655946,0.869316838164866,0.9834660373131054,0.19314929286957697,instance,informative+rand_extra
1,0.11120437221091628,0.0,0.02631578947368418,0.42105263157894735,0.43070758198142955,0.0,0.4294848674427527,0.9899944413563091,1.0,0.6674538552186702,0.86128850204531,0.9937307398477271,0.5148905889223012,instance,informative+rand_extra
1,0.10703770554424963,0.0,0.13043478260869568,0.3684210526315789,0.07725144694891972,0.0,0.45937909624035544,0.9972206781545303,1.0,0.6676454023461537,0.8718609117859728,0.9979178739663376,1.136707081796953,instance,informative+rand_extra
1,0.5640916776063485,0.2,0.19999999999999996,0.5263157894736842,0.6022251405089302,0.0,0.46203639251144546,0.9988882712618121,1.0,0.667801576257638,0.8629032701594896,0.9726367895927143,-0.12368837470228593,instance,informative+rand_extra
1,0.10703770554424963,0.0,0.03314917127071826,0.5789473684210527,0.07898790366536723,0.0,0.42744860184779965,0.9699833240689272,1.0,0.6672194593265086,0.8602930855988822,0.9986125258419105,1.3280425525908601,instance,informative+rand_extra
1,0.19200096955432877,0.0,0.0,0.3157894736842105,0.4171572030595726,0.0,0.4146422169631403,0.9833240689271817,1.0,0.6678263169605283,0.8494037606141809,0.9679497718665059,0.2610901559935433,instance,informative+rand_extra
1,0.2983533998666974,0.0,0.41666666666666663,0.5263157894736842,0.1695883616750019,0.0,0.4051691976426006,0.9849916620344636,1.0,0.6678527184699995,0.8783328462132165,0.9698897047464526,-0.16648367284693957,instance,informative+rand_extra
1,0.13800537826102888,0.2,0.03314917127071826,0.631578947368421,0.08527399501630917,0.0,0.47027723099886565,0.9977765425236242,1.0,0.6681513178060619,0.8715194426956255,0.9924904650631742,0.8828403662097195,instance,informative+rand_extra
1,0.40118828708347265,0.0,0.7938144329896908,0.6842105263157895,0.14398232021684682,0.0,0.4664893580643733,0.9972206781545303,1.0,0.6673125226121422,0.8365518563577707,0.9699168603676451,0.9326840303685976,instance,informative+rand_extra
1,0.43547648152791707,0.2,0.1863636363636364,0.6842105263157895,0.497821815972883,0.36363636363636365,0.47119783166364015,0.9977765425236242,1.0,0.6677894130199797,0.9038259046252937,0.9958056171524986,-0.23393994393288203,instance,informative+rand_extra
1,0.1710722387261452,0.0,0.038374717832957095,0.631578947368421,0.13613407768889407,0.0,0.46832828643528657,0.9972206781545303,1.0,0.6684129583027782,0.877631856690332,0.9990692669578914,1.3522834866691966,instance,informative+rand_extra
1,0.11166733517387928,0.2,0.12903225806451613,0.47368421052631576,0.6670770927016875,0.0,0.46044863896726984,0.9977765425236242,1.0,0.6675025636813564,0.8682660591561641,0.9999177663397542,-0.20574759552307667,instance,informative+rand_extra
1,0.5229101019789042,0.4,0.02631578947368418,0.42105263157894735,0.7249299897034064,0.0,0.46137755454982043,0.9988882712618121,1.0,0.6674608786792666,0.8871032813663262,0.9928707332220466,-0.7825542920994258,instance,informative+rand_extra
1,0.7649779696231551,0.2,0.1863636363636364,0.8947368421052632,0.7136672679411833,0.0,0.4897412899085606,0.9988882712618121,1.0,0.6678729931794186,0.8617382588917345,0.979361836600698,0.16096161166913955,instance,informative+rand_extra
1,0.10703770554424963,0.0,0.038374717832957095,0.42105263157894735,0.07466443627916652,0.0,0.4015197378404096,0.9405225125069483,0.9565217391304348,0.6128894406854106,0.8406115207187427,0.9938280719211182,1.4841729714939822,instance,informative+rand_extra
1,0.25526814819458377,0.0,0.5833333333333333,0.3684210526315789,0.42714817686211803,0.0,0.4608393627496602,0.9972206781545303,1.0,0.6673365953835165,0.8584607764006845,0.9883315372862231,0.9919894290569056,instance,informative+rand_extra
1,0.10703770554424963,0.0,0.03314917127071826,0.5789473684210527,0.08340455997410612,0.0,0.37486628613027984,0.9538632573652028,1.0,0.6672268329945206,0.8642851692341239,0.9798264429961864,1.2325466423621247,instance,informative+rand_extra
1,0.19200096955432877,0.0,0.03314917127071826,0.5789473684210527,0.5376729151337435,0.0,0.4465095325745928,0.9916620344635909,1.0,0.6677444467966752,0.8993818219358615,0.9990166056813259,0.04451135084907214,instance,informative+rand_extra
1,0.1781894352388419,0.0,0.03314917127071826,0.5789473684210527,0.13806875799185286,0.0,0.4198530558673377,0.9783212896053363,1.0,0.6678952855187446,0.8677529534175398,0.9962374297661448,0.645409365956227,instance,informative+rand_extra
1,0.16109175959830369,0.0,0.02631578947368418,0.42105263157894735,0.2746506195347904,0.0,0.4156144151521134,0.9705391884380211,1.0,0.6687414063436053,0.8249706353043298,0.98969599521896,0.34083583883732865,instance,informative+rand_extra
1,0.19200096955432877,0.0,0.1863636363636364,0.7894736842105263,0.08162688142576285,0.0,0.458924999051311,0.9955530850472485,1.0,0.6674055437808741,0.8788677333381368,0.991101152137872,0.5330027668318205,instance,informative+rand_extra
1,0.10184857852245255,0.0,0.0,0.3157894736842105,0.13325027098531955,0.0,0.4505230971097386,0.9894385769872152,1.0,0.6674243050903748,0.8754013910216933,0.9764083981726724,0.8121706737759408,instance,informative+rand_extra
1,0.10703770554424963,0.0,0.0625,0.2631578947368421,0.09019294856450433,0.0,0.3884268927412686,0.9922178988326849,1.0,0.6673321276034067,0.8748679627133784,0.9951932102653738,1.357283129613719,instance,informative+rand_extra
1,0.24547204393449407,0.2,0.05327868852459017,0.5789473684210527,0.7227497675894146,0.0,0.46153544787460177,0.9988882712618121,1.0,0.6675982954762605,0.8681735673043197,0.9898358737593507,0.11000565132166397,instance,informative+rand_extra
1,0.10184857852245255,0.0,0.038374717832957095,0.42105263157894735,0.1164625305191912,0.0,0.4250876686310564,0.9755419677598666,1.0,0.6692336428694445,0.8648946715919353,0.9842792651731183,1.1477593786660378,instance,informative+rand_extra
1,0.1838053772678273,0.0,0.05327868852459017,0.7894736842105263,0.13284929170057802,0.0,0.45345643523366985,0.9966648137854364,1.0,0.6675024244844076,0.8827366452180508,0.9959585014139981,-0.07691917320103078,instance,informative+rand_extra
1,0.1554472387261452,0.0,0.038374717832957095,0.42105263157894735,0.07620181919077706,0.0,0.39052717179982543,0.9488604780433574,0.9565217391304348,0.6607660488454603,0.8538771437875969,0.994195584519019,1.3706784656542204,instance,informative+rand_extra
1,0.10703770554424963,0.0,0.038374717832957095,0.42105263157894735,0.07558982845823203,0.0,0.4354682603980694,0.9894385769872152,1.0,0.6675728855571038,0.878522583218827,0.9894606751094086,1.197272622426822,instance,informative+rand_extra
1,0.2242525317393721,0.0,0.0,0.3157894736842105,0.09083687407030744,0.0,0.4494489999654283,0.991106170094497,1.0,0.6672398276427276,0.8427565784572475,0.9941031114926671,1.7822847241562656,instance,informative+rand_extra
1,0.22325096955432877,0.0,0.19318181818181823,0.9473684210526315,0.45442615735134984,0.0,0.4314856936052195,0.9938854919399667,1.0,0.6674247420312444,0.8726659932659271,0.9979661330060889,-0.21005509742668202,instance,informative+rand_extra
1,0.1554472387261452,0.0,0.05327868852459017,0.5789473684210527,0.5831125966292409,0.0,0.42937492365094154,0.9916620344635909,1.0,0.6676332041935049,0.8518696272809033,0.979056221403627,0.47386436925570713,instance,informative+rand_extra
1,0.10703770554424963,0.0,0.038374717832957095,0.42105263157894735,0.07480117124227742,0.0,0.3874496982278651,0.9710950528071151,1.0,0.6672590285537567,0.8609199787507649,0.9918445138143563,1.4631470957855488,instance,informative+rand_extra
1,0.10184857852245255,0.0,0.12903225806451613,0.47368421052631576,0.10252269213962995,0.0,0.44978291345374355,0.9933296275708727,1.0,0.668784335685647,0.8612499177597002,0.9973163683891536,0.4268587696664551,instance,informative+rand_extra
1,0.175472043934494,0.0,0.038374717832957095,0.631578947368421,0.07473367072832998,0.0,0.39122792609474244,0.9655364091161757,1.0,0.6674188572009754,0.8248024972613289,0.9892587229964124,1.202531663894467,instance,informative+rand_extra
1,0.24547204393449407,0.2,0.05327868852459017,0.5789473684210527,0.39817081106257535,0.0,0.424781426675801,0.9977765425236242,1.0,0.6673141973548726,0.8527520436999031,0.9937362361301153,0.7258606623746663,instance,informative+rand_extra
1,0.10703770554424963,0.0,0.05327868852459017,0.5789473684210527,0.30795682385373624,0.0,0.41129372456098234,0.9794330183435241,1.0,0.6680290289574479,0.8789734835067974,0.9972129277577029,0.7045237420240215,instance,informative+rand_extra
1,0.1781894352388419,0.2,0.03314917127071826,0.5789473684210527,0.3574316779502657,0.0,0.4659019612145713,0.9977765425236242,1.0,0.6674433903293703,0.9009245453455627,0.996552340807062,0.5264176859728692,instance,informative+rand_extra
1,0.10703770554424963,0.0,0.15000000000000002,0.631578947368421,0.08038262360300064,0.0,0.41662645122149855,0.9571984435797666,0.9565217391304348,0.6624190163996044,0.8308072122121876,0.9763006403538549,1.0156467965879983,instance,informative+rand_extra
1,0.22325096955432877,0.0,0.7938144329896908,0.42105263157894735,0.7389770499268771,0.0,0.4279553322033147,0.9899944413563091,1.0,0.6671148737930894,0.8512705182559113,0.991822236156036,-0.8835696358429784,instance,informative+rand_extra
1,0.125,0.0,0.05327868852459017,0.7894736842105263,0.33303208837574827,0.0,0.4494364733739207,0.9888827126181212,0.782608695652174,0.3500222730739184,0.8109594535293658,0.9980880851164509,-0.27754831569068744,instance,informative+rand_extra
1,0.10184857852245255,0.0,0.06666666666666665,0.47368421052631576,0.45437810822464586,0.0,0.35772459000508716,0.9516397998888271,1.0,0.6682799669263383,0.866484207182804,0.995611010355005,0.3786094847049237,instance,informative+rand_extra
1,0.1554472387261452,0.0,0.05327868852459017,0.5789473684210527,0.07849925737483138,0.0,0.41714686549424185,0.9755419677598666,1.0,0.6679907936669343,0.8625658773161796,0.984576592275529,1.3916713177053197,instance,informative+rand_extra
1,0.640787770287607,0.2,0.1863636363636364,0.7894736842105263,0.4677562529764838,0.0,0.48646113217123976,0.9988882712618121,1.0,0.6676688868181415,0.8669664923620083,0.9855286262992728,0.8437248822543743,instance,informative+rand_extra
1,0.1554472387261452,0.2,0.05327868852459017,0.5789473684210527,0.1612352830632281,0.0,0.43473044349477596,0.9977765425236242,1.0,0.6676396003064313,0.8920955333174255,0.998894995866535,0.421873226789471,instance,informative+rand_extra
1,0.1781894352388419,0.0,0.1863636363636364,0.5789473684210527,0.24196327851666938,0.0,0.45883312667559406,0.9938854919399667,1.0,0.6679451784028643,0.8939276490933922,0.9917334755312032,0.7690653371462088,instance,informative+rand_extra
1,0.1856071790696292,0.2,0.02631578947368418,0.42105263157894735,0.7429906370672479,0.0,0.49522828806765107,0.9983324068927182,1.0,0.6671290371059043,0.8433787764251158,0.9935081624343578,-0.2209184050340306,instance,informative+rand_extra
1,0.3729152070181132,0.0,0.19999999999999996,0.5263157894736842,0.4000072367233064,0.0,0.4572300663723511,0.9944413563090606,1.0,0.6678683583707882,0.8595860084703176,0.9921831098604226,0.0050440287379116796,instance,informative+rand_extra
1,0.10703770554424963,0.0,0.038374717832957095,0.42105263157894735,0.07629485723265927,0.0,0.4405352421422316,0.9899944413563091,0.9565217391304348,0.5692516995211347,0.8460498833962282,0.993949290174913,1.611808414646371,instance,informative+rand_extra
1,0.1503277488342929,0.0,0.03314917127071826,0.5789473684210527,0.2439799901391071,0.5,0.39981332475513487,0.9855475264035576,1.0,0.6678360607061945,0.8788868044453954,0.9932422024748834,0.8316781830325651,instance,informative+rand_extra
1,0.2106071790696291,0.0,0.038374717832957095,0.42105263157894735,0.08068485233519063,0.2,0.4386545690644177,0.990550305725403,1.0,0.6674977942166774,0.8807453970550938,0.9962401997428919,0.7306839595377491,instance,informative+rand_extra
1,0.175472043934494,0.0,0.038374717832957095,0.42105263157894735,0.0749945023187516,0.0,0.41736381843153225,0.9738743746525848,1.0,0.6676246026104663,0.8531083095540708,0.9945931932961937,2.0715779394500156,instance,informative+rand_extra
1,0.2614454139987732,0.2,0.9166666666666666,0.631578947368421,0.39118898638336785,0.0,0.48326170518071854,0.9977765425236242,1.0,0.6678004157717966,0.9040107804187383,0.999667394027277,0.27411110248266335,instance,informative+rand_extra
1,0.1554472387261452,0.0,0.05327868852459017,0.5789473684210527,0.1254778078820098,0.0,0.4760879058628663,0.9972206781545303,1.0,0.6675042746747484,0.8911267370215373,0.9956162749943468,0.8564926962062764,instance,informative+rand_extra
1,0.5506922553374409,0.0,0.1863636363636364,0.5789473684210527,0.613785251693053,0.0,0.46633145122728326,0.9949972206781545,1.0,0.67726627177348,0.8516450686723805,0.9873724954511917,-0.5129435995687476,instance,informative+rand_extra
1,0.10703770554424963,0.0,0.19999999999999996,0.3157894736842105,0.2212527445916287,0.0,0.3442542735416343,0.9816564758198999,1.0,0.6672366509400042,0.8419014744584925,0.95813603282404,0.7413790348689449,instance,informative+rand_extra
1,0.1146134631200072,0.0,0.03314917127071826,0.5789473684210527,0.1453659394913006,0.0,0.4271525154192818,0.9816564758198999,1.0,0.6674249144530929,0.8933269522972688,0.9968813768825432,0.8828595096416988,instance,informative+rand_extra
1,0.19200096955432877,0.2,0.2142857142857143,0.5263157894736842,0.8029015353967602,0.0,0.455254510346528,0.9977765425236242,0.9130434782608695,0.6666666666666666,0.8665989808358591,0.9972588909007996,-0.058773509928712386,instance,informative+rand_extra
1,0.11747357852245255,0.0,0.038374717832957095,0.42105263157894735,0.30412906823950214,0.0,0.43493015975494265,0.9833240689271817,1.0,0.6678139177761571,0.8682755314787234,0.99191142711723,1.0514106969499255,instance,informative+rand_extra
1,0.5129651896424456,0.0,0.1863636363636364,0.5263157894736842,0.09364439344600317,0.0,0.45707184388063893,0.9899944413563091,1.0,0.6674294446671252,0.8473395855387514,0.9749666583306297,0.14769443970409504,instance,informative+rand_extra
1,0.14726463752028818,0.0,0.038374717832957095,0.631578947368421,0.09338021895456727,0.0,0.4203567612418899,0.9844357976653697,1.0,0.667644853210195,0.8593148747339805,0.998750577099731,1.2266732312912,instance,informative+rand_extra
1,0.175472043934494,0.0,0.05327868852459017,0.7894736842105263,0.33250503387073904,0.0,0.43482341942077574,0.9866592551417455,1.0,0.6675688237914267,0.8720097395860892,0.9898175866648737,-0.08251497795406376,instance,informative+rand_extra
1,0.3591084075708577,0.4,0.038374717832957095,0.42105263157894735,0.4378076827993241,0.25,0.5126346542176321,1.0,1.0,0.6679519927101986,0.9018588878758486,0.9987559692534899,0.5515446434431643,instance,informative+rand_extra
1,0.11120437221091628,0.0,0.19318181818181823,0.9473684210526315,0.40591475727098103,0.0,0.40502539673537796,0.9866592551417455,1.0,0.6673111324356736,0.8569906342061296,0.9969148024455455,0.8408132151812612,instance,informative+rand_extra
1,0.43724228875558635,0.6,0.1863636363636364,0.7894736842105263,0.4055213158357075,1.0,0.5466505618291021,1.0,1.0,0.6674854822069402,0.884105098123988,0.9994727195518807,0.3643267511323846,instance,informative+rand_extra
1,0.6351964636067702,0.2,0.05327868852459017,0.5789473684210527,0.42298669538698264,1.0,0.5122903867950139,1.0,1.0,0.6764437864845814,0.83640275077087,0.9777328767929184,0.5285883180743428,instance,informative+rand_extra
1,0.34835339986669744,0.0,0.0,0.3157894736842105,0.29607374945333753,0.0,0.46572382950828617,0.9961089494163424,1.0,0.6677491124913348,0.8983471902046938,0.9988992884462443,0.4038406381846644,instance,informative+rand_extra
1,0.16109175959830369,0.2,0.02631578947368418,0.42105263157894735,0.7299321498901175,0.0,0.4196400424252864,0.9994441356309061,1.0,0.6683960128419201,0.878548618169269,0.9985776183460773,0.08550096215615688,instance,informative+rand_extra
1,0.10703770554424963,0.0,0.03314917127071826,0.5789473684210527,0.07479909894412329,0.0,0.3800286429520975,0.9171762090050027,0.9565217391304348,0.6501765789918577,0.8308208459823788,0.9869669752731478,0.8327911294039344,instance,informative+rand_extra
1,0.10703770554424963,0.0,0.02631578947368418,0.42105263157894735,0.24602855559810866,0.0,0.42196272534149204,0.9788771539744302,1.0,0.667349037495749,0.8437546161449557,0.9894866115126347,0.9357355007172727,instance,informative+rand_extra
1,0.24547204393449407,0.4,0.05882352941176472,0.42105263157894735,0.12895026010392163,0.0,0.49888714811045565,0.9994441356309061,1.0,0.6674202303621267,0.8857727413049392,0.9925911006717961,-0.19422445211061107,instance,informative+rand_extra
1,0.34835339986669744,0.0,0.8125,0.5263157894736842,0.35490327088171025,0.0,0.42159944235834745,0.990550305725403,1.0,0.6678105653964904,0.8848966884918458,0.9952948626767251,0.37604112285184643,instance,informative+rand_extra
1,0.16120437221091632,0.2,0.5833333333333333,0.47368421052631576,0.4317757504115469,0.0,0.45886814043549384,0.9983324068927182,1.0,0.6672914051900214,0.873865158374926,0.9777760350875843,0.03438922035516682,instance,informative+rand_extra
1,0.1856071790696292,0.0,0.05327868852459017,0.7894736842105263,0.07495054648126354,0.0,0.40499974730000765,0.9760978321289605,0.9565217391304348,0.6654668223040956,0.8473530768091294,0.9794591887108692,1.342227659178712,instance,informative+rand_extra
1,0.1722646375202882,0.2,0.05327868852459017,0.5789473684210527,0.09430085689265394,0.0,0.45767523690022094,0.9988882712618121,1.0,0.6674650420771095,0.8874214232532988,0.993468653104346,0.9794876422672784,instance,informative+rand_extra
1,0.10899143566530967,0.0,0.03314917127071826,0.5789473684210527,0.4995998842808046,0.0,0.4428123431450389,0.9938854919399667,1.0,0.6676070757588503,0.8469357895618939,0.9485544962592787,-0.18339718406010372,instance,informative+rand_extra
1,0.10899143566530967,0.0,0.038374717832957095,0.42105263157894735,0.39215037696548904,0.0,0.4213312317097091,0.9722067815453029,1.0,0.6677317410059297,0.8482647620087544,0.9977099691717386,1.1251765515372192,instance,informative+rand_extra
1,0.1554472387261452,0.0,0.038374717832957095,0.42105263157894735,0.09016949478309877,0.0,0.4403829300312555,0.9933296275708727,1.0,0.6674890662040055,0.8931969559714423,0.9911782099112404,0.5281067972905656,instance,informative+rand_extra
1,0.19200096955432877,0.0,0.06666666666666665,0.3684210526315789,0.08241750304385753,0.0,0.42713512062929215,0.9766536964980544,1.0,0.6678981278133591,0.8563490722348798,0.992128135313496,0.66410640423698,instance,informative+rand_extra
1,0.1856071790696292,0.0,0.05327868852459017,0.5789473684210527,0.0809215614551615,0.0,0.4309283068987838,0.9899944413563091,1.0,0.6678936854078203,0.871034019330151,0.990870596403111,1.0700008144785365,instance,informative+rand_extra
1,0.1554472387261452,0.0,0.038374717832957095,0.42105263157894735,0.10238099565427483,0.0,0.4435057809006544,0.9966648137854364,1.0,0.6676289235064012,0.905111788018612,0.9991143712927967,1.081815980976694,instance,informative+rand_extra
1,0.13800537826102888,0.0,0.41666666666666663,0.5263157894736842,0.4617189508694679,0.0,0.42167044836409595,0.9961089494163424,1.0,0.6684061152249169,0.8683737246615152,0.999903504489692,-0.30931732203066553,instance,informative+rand_extra
1,0.10703770554424963,0.0,0.03314917127071826,0.5789473684210527,0.07700742251284554,0.0,0.41330348035917,0.9544191217342969,1.0,0.667682999971865,0.8852516253314219,0.9970914801819171,1.3064392213031581,instance,informative+rand_extra
1,0.10184857852245255,0.2,0.0,0.21052631578947367,0.3896273034656965,0.0,0.4464093281687954,0.9983324068927182,1.0,0.6696117254914888,0.8538506957533619,0.9708766973987951,-0.19236075045559292,instance,informative+rand_extra
1,0.1554472387261452,0.0,0.038374717832957095,0.42105263157894735,0.07488977662777818,0.0,0.4803008098327979,0.9949972206781545,1.0,0.6677880676507272,0.8630513578946007,0.9780342924510439,1.1919838384373207,instance,informative+rand_extra
1,0.19200096955432877,0.0,0.19318181818181823,0.9473684210526315,0.6419552370155684,0.0,0.3878045544027856,0.9961089494163424,1.0,0.6678334718383232,0.884565677860987,0.9947505408772473,-0.5567633294256777,instance,informative+rand_extra
1,0.5214541867916369,0.2,0.05327868852459017,0.5789473684210527,0.09244462551508292,0.0,0.48997328309870203,0.9994441356309061,1.0,0.667395441317177,0.8833130617591006,0.9961358359744408,1.178462224052128,instance,informative+rand_extra
1,0.175472043934494,0.0,0.03314917127071826,0.5789473684210527,0.10008543092027372,0.0,0.3854951770879729,0.9733185102834908,1.0,0.6675140252229878,0.8845290174024278,0.9933097809023091,1.0539082221343656,instance,informative+rand_extra
1,0.10899143566530967,0.0,0.05327868852459017,0.7894736842105263,0.5574047310886376,0.0,0.4194710109418842,0.9838799332962757,1.0,0.667942873761898,0.8716994405844736,0.9873548861491439,0.23939422199193774,instance,informative+rand_extra
1,0.10703770554424963,0.0,0.03314917127071826,0.5789473684210527,0.08598002886387557,0.0,0.38179330960422175,0.9760978321289605,1.0,0.6675816270901191,0.8882730811611258,0.9995896730145759,0.7158384361645123,instance,informative+rand_extra
1,0.10703770554424963,0.0,0.1863636363636364,0.5263157894736842,0.07762713115303826,0.0,0.41266918832443944,0.9566425792106726,1.0,0.667543318834558,0.8594264876543103,0.996573082988098,0.7466712969502491,instance,informative+rand_extra
1,0.3729152070181132,0.2,0.19318181818181823,0.9473684210526315,0.12509023407159703,0.25,0.4883568758187644,0.9977765425236242,1.0,0.6677060631439438,0.8604168612219418,0.9952130341332599,0.41127709267155427,instance,informative+rand_extra
1,0.19200096955432877,0.0,0.0625,0.2631578947368421,0.07824851891663409,0.0,0.407870373204716,0.9861033907726515,0.9565217391304348,0.653895769766458,0.8541814891214726,0.9770861024611791,0.8150890309651494,instance,informative+rand_extra
1,0.1856071790696292,0.0,0.038374717832957095,0.631578947368421,0.08138461725885238,0.0,0.41846128630019963,0.9838799332962757,1.0,0.6672038992636838,0.8264071001202794,0.9666766960724555,1.2905283826054035,instance,informative+rand_extra
1,0.3092748608359025,0.0,0.0625,0.2631578947368421,0.23866048891034125,0.0,0.4193060532952487,0.9944413563090606,1.0,0.6675576947272681,0.879531420527698,0.9977877346684171,0.8218667321243767,instance,informative+rand_extra
1,0.10703770554424963,0.0,0.038374717832957095,0.631578947368421,0.07810609930481766,0.0,0.38863195740735135,0.9466370205669816,1.0,0.6671090159991216,0.8319786066442576,0.9734823385989443,0.8759166830665944,instance,informative+rand_extra
1,0.10703770554424963,0.0,0.6153846153846154,0.6842105263157895,0.22366994358240477,0.0,0.41671948488537447,0.9877709838799333,1.0,0.6671863491348617,0.8453902102428682,0.9455613457838626,0.5594462946051492,instance,informative+rand_extra
1,0.19200096955432877,0.0,0.8125,0.5263157894736842,0.08292977087891795,0.0,0.4374018530841941,0.9927737632017788,1.0,0.6677305949813968,0.8862954917890092,0.9948895970015598,0.9581067068001071,instance,informative+rand_extra
1,0.22547204393449405,0.0,0.44303797468354433,0.5263157894736842,0.1513042402635592,0.0,0.43340421817981156,0.9972206781545303,1.0,0.6673723376541456,0.8587598688301086,0.997532345266456,0.3097376015992412,instance,informative+rand_extra
1,0.10703770554424963,0.0,0.03314917127071826,0.5789473684210527,0.07463998428642549,0.0,0.3968069303076459,0.962757087270706,1.0,0.6677218971460885,0.8623895565334011,0.9964795034086692,1.8604295688017032,instance,informative+rand_extra
1,0.1856071790696292,0.0,0.038374717832957095,0.42105263157894735,0.08895361065078411,0.0,0.45818147655900265,0.9922178988326849,1.0,0.6671286516030833,0.8890498318456236,0.9988112442882664,0.8922916718323408,instance,informative+rand_extra
1,0.10184857852245255,0.0,0.06666666666666665,0.47368421052631576,0.10818258755788585,0.0,0.3900667306713609,0.9799888827126181,1.0,0.6724376135491396,0.8375881897124813,0.9949093308693391,1.1495210921159749,instance,informative+rand_extra
1,0.11166733517387928,0.0,0.2142857142857143,0.2631578947368421,0.5224259338380185,0.0,0.41422065011388587,0.9777654252362423,1.0,0.6678177290460869,0.8379674685817062,0.9905680949386433,0.03155776718266889,instance,informative+rand_extra
1,0.10703770554424963,0.0,0.038374717832957095,0.42105263157894735,0.07541923676317597,0.0,0.38848770650345654,0.9705391884380211,1.0,0.667234936235189,0.8591021760998941,0.9975650763541118,0.8475583353163426,instance,informative+rand_extra
1,0.3092748608359025,0.2,0.10526315789473684,0.42105263157894735,0.4535103950628271,0.0,0.46854659541320287,0.9983324068927182,1.0,0.6674725128383482,0.8906631518797549,0.99547470592894,0.7962329711437163,instance,informative+rand_extra
1,0.175472043934494,0.0,0.1863636363636364,0.5263157894736842,0.2334638733695268,0.0,0.39476945422522725,0.9866592551417455,1.0,0.6671027365329639,0.8592518435209359,0.983165972622581,0.9498158385451946,instance,informative+rand_extra
1,0.14726463752028818,0.0,0.23076923076923073,0.42105263157894735,0.12693057568521582,0.0,0.38603974760273974,0.9733185102834908,1.0,0.6692294373125716,0.8484047735481923,0.9791310203271779,0.7890657188788602,instance,informative+rand_extra
1,0.43547648152791707,0.4,0.1863636363636364,0.7894736842105263,0.518244491919272,0.0,0.4772207275891788,0.9988882712618121,1.0,0.6676197132837777,0.9065158043448001,0.9995110006526264,0.5474426162852288,instance,informative+rand_extra
1,0.175472043934494,0.0,0.05327868852459017,0.7894736842105263,0.34324589889210444,0.0,0.4145723473826727,0.9899944413563091,1.0,0.669474552104494,0.8833903273962932,0.9992542399257499,0.7294989977702747,instance,informative+rand_extra
1,0.16120437221091632,0.6,0.7938144329896908,0.6842105263157895,0.38418668987626264,0.2857142857142857,0.5592475517788451,1.0,1.0,0.6673554390692383,0.9003789908020595,0.9997266025995895,0.3047065283639869,instance,informative+rand_extra
1,0.10184857852245255,0.0,0.03314917127071826,0.5789473684210527,0.08413385725296096,0.0,0.3596081378910978,0.9722067815453029,1.0,0.6688143649294619,0.8843407726542857,0.9987966896861442,1.2299459142927278,instance,informative+rand_extra
1,0.10184857852245255,0.0,0.1863636363636364,0.7894736842105263,0.07898080964050702,0.0,0.4333005005780225,0.9966648137854364,1.0,0.6674382932516408,0.8763143703172832,0.9990950172352943,0.6784376560111384,instance,informative+rand_extra
1,0.5304626277386372,0.2,0.8125,0.5263157894736842,0.5826807735843115,0.0,0.4818054983664348,0.9988882712618121,1.0,0.6675426690280915,0.890390438419821,0.9999927724305943,0.43616070471218826,instance,informative+rand_extra
1,0.1146134631200072,0.0,0.05327868852459017,0.5789473684210527,0.10924444817229867,0.0,0.41533200708864637,0.9766536964980544,1.0,0.6688810090195719,0.8770943119473336,0.9885486199113582,0.9498182217316992,instance,informative+rand_extra
1,0.10703770554424963,0.0,0.05327868852459017,0.5789473684210527,0.09599121851764453,0.0,0.40830491920168543,0.9872151195108394,1.0,0.6678137373818538,0.8841944066443288,0.9968675920914329,0.7859458431363945,instance,informative+rand_extra
1,0.405222043934494,0.6,0.05327868852459017,0.7894736842105263,0.4673662185498403,0.6,0.5167048587585545,1.0,1.0,0.6680230313725279,0.908671705396101,0.9864802147700074,0.04076431523202784,instance,informative+rand_extra
1,0.1781894352388419,0.0,0.038374717832957095,0.3157894736842105,0.1625496039378621,0.0,0.45503008452139393,0.9855475264035576,1.0,0.6673701013592865,0.8858936749842039,0.9915304630597308,0.9796713525865144,instance,informative+rand_extra
1,0.1146134631200072,0.0,0.05327868852459017,0.5789473684210527,0.10084880876546398,0.0,0.33997248506836797,0.9727626459143969,1.0,0.668007856382226,0.8528894527945586,0.9979159547414697,0.7267116482508323,instance,informative+rand_extra
1,0.10703770554424963,0.4,0.19318181818181823,0.47368421052631576,0.10386868629464319,0.0,0.4831771850471649,0.9983324068927182,0.9565217391304348,0.6564448899307369,0.8721212672396238,0.9908119613804561,0.4124142089325014,instance,informative+rand_extra
1,0.175472043934494,0.0,0.7938144329896908,0.6842105263157895,0.16028224895180399,0.0,0.46552186848720634,0.9922178988326849,1.0,0.6674463951163159,0.8567902064255634,0.9983269478648289,0.4993398029203163,instance,informative+rand_extra
1,0.48035495375013926,0.2,0.05882352941176472,0.42105263157894735,0.6323092087717433,0.0,0.40802291112365763,0.9977765425236242,1.0,0.6681892090759873,0.874762757228224,0.9968010360843433,-0.14745255189290027,instance,informative+rand_extra
1,0.2242525317393721,0.0,0.1863636363636364,0.6842105263157895,0.11467613974508495,0.0,0.45129401259998025,0.9938854919399667,1.0,0.6673379218248154,0.8450405770592304,0.9820971282416601,1.1383480738496863,instance,informative+rand_extra
1,0.3092748608359025,0.0,0.038374717832957095,0.42105263157894735,0.0867528584979918,0.0,0.4325194470987781,0.9955530850472485,1.0,0.6674751660209713,0.8886754404937683,0.998952475361773,1.3915287866185664,instance,informative+rand_extra
1,0.5640916776063485,0.6,0.0,0.21052631578947367,0.6520892798647674,0.0,0.4967036280204268,0.9994441356309061,1.0,0.6667723360386266,0.8429897539538797,0.9846226991323033,0.42492633568611715,instance,informative+rand_extra
1,0.2983533998666974,0.0,0.05327868852459017,0.7894736842105263,0.07586334075724427,0.0,0.40493078708850117,0.9466370205669816,1.0,0.6678103662157001,0.8689799524049684,0.9981952100254607,1.8051012348557747,instance,informative+rand_extra
1,0.1554472387261452,0.0,0.1863636363636364,0.7894736842105263,0.0781994919772474,0.0,0.3903712671992515,0.9833240689271817,1.0,0.667643628657934,0.8728806359757408,0.989919720832769,1.1632825383530532,instance,informative+rand_extra
1,0.2242525317393721,0.0,0.9166666666666666,0.5263157894736842,0.43100326496770053,0.0,0.4604028066036788,0.9933296275708727,1.0,0.6674983525235664,0.8441232404336397,0.9982036525455523,0.4788518324957016,instance,informative+rand_extra
1,0.1554472387261452,0.2,0.038374717832957095,0.42105263157894735,0.09330890450636187,0.0,0.46435001197457615,0.9983324068927182,1.0,0.6676186621560865,0.8916506756226091,0.9799616541266855,0.27799309132610434,instance,informative+rand_extra
1,0.2336676362209954,0.0,0.0,0.21052631578947367,0.09663282957249963,0.0,0.43745319158897267,0.9838799332962757,1.0,0.6680413083367394,0.8548713590712612,0.9888919108272017,-0.1252275355318752,instance,informative+rand_extra
1,0.10703770554424963,0.0,0.03314917127071826,0.5789473684210527,0.07505914915073097,0.0,0.35419529091740043,0.9182879377431906,1.0,0.6673806341237277,0.8711627426329949,0.9984554866564764,1.3736109682173478,instance,informative+rand_extra
1,0.25526814819458377,0.0,0.038374717832957095,0.42105263157894735,0.0760392436984515,0.0,0.40151649434293846,0.9738743746525848,1.0,0.6679668153818873,0.8674407393687654,0.9833653430741174,1.2874605323599595,instance,informative+rand_extra
1,0.09979939819458372,0.0,0.15000000000000002,0.631578947368421,0.5665156663807537,0.0,0.43334994363809776,0.9833240689271817,0.9565217391304348,0.6569698315820426,0.8411788127483205,0.9758791486520512,0.42229784018154315,instance,informative+rand_extra
1,0.33647204393449404,0.0,0.6153846153846154,0.6842105263157895,0.48848432757838967,0.0,0.4621886116671181,0.9883268482490273,1.0,0.6674924323647777,0.9019540376220685,0.9985147075434646,0.6563090950774811,instance,informative+rand_extra
1,0.10184857852245255,0.0,0.038374717832957095,0.42105263157894735,0.0748969881456289,0.0,0.4293887737388087,0.9833240689271817,1.0,0.6705389728137798,0.8544123951674171,0.9918185712825934,1.1094834156619708,instance,informative+rand_extra
1,0.175472043934494,0.0,0.038374717832957095,0.42105263157894735,0.07793565692724413,0.0,0.39889399162889083,0.943301834352418,1.0,0.668100038773488,0.831147401731851,0.9884696496325713,0.7667137084140105,instance,informative+rand_extra
1,0.175472043934494,0.0,0.038374717832957095,0.42105263157894735,0.07662713482235717,0.0,0.44847154582462523,0.9855475264035576,1.0,0.6674600997019869,0.8561930392533142,0.9986080035163638,1.769019148600211,instance,informative+rand_extra
1,0.1838053772678273,0.2,0.1863636363636364,0.5263157894736842,0.11991955470978793,0.0,0.469096945034842,0.9977765425236242,1.0,0.6671791458486339,0.8645414072128292,0.9801159479205352,0.9534090948655602,instance,informative+rand_extra
1,0.1856071790696292,0.0,0.038374717832957095,0.631578947368421,0.07593849329945035,0.0,0.38602661683557815,0.9488604780433574,1.0,0.6677191352082545,0.8430654588436051,0.9853849044630353,1.9476294022756613,instance,informative+rand_extra
1,0.22325096955432877,0.0,0.19318181818181823,0.9473684210526315,0.37736504260070036,0.0,0.42413551815647854,0.9938854919399667,1.0,0.6674641908942487,0.8900144051941892,0.9998877229124348,0.3136416186473229,instance,informative+rand_extra
1,0.1710722387261452,0.0,0.03314917127071826,0.5789473684210527,0.10647276708584752,0.0,0.4320773022713513,0.9938854919399667,1.0,0.6678602254451458,0.8995236629402714,0.9981140588141707,1.244928785508799,instance,informative+rand_extra
1,0.3092748608359025,0.2,0.0625,0.2631578947368421,0.24253455608373137,0.0,0.4615033876857898,0.9983324068927182,1.0,0.6677628533090162,0.8573897831412942,0.9930102061926865,0.45072725504004196,instance,informative+rand_extra
1,0.1781894352388419,0.0,0.05882352941176472,0.42105263157894735,0.11957159667923023,0.0,0.3748788269697927,0.9777654252362423,1.0,0.6676008959906705,0.860717921747854,0.9858715146443401,0.9725416590660364,instance,informative+rand_extra
1,0.10184857852245255,0.0,0.038374717832957095,0.42105263157894735,0.07618621340626497,0.0,0.39591587211539814,0.9405225125069483,1.0,0.6679658603164258,0.8405980418102572,0.98768700112217,1.1604104827217836,instance,informative+rand_extra
1,0.19232476899864304,0.2,0.038374717832957095,0.42105263157894735,0.3519246517647844,0.3333333333333333,0.4763713942018769,0.9983324068927182,1.0,0.6690408039932664,0.8635836258122644,0.9840998661465307,0.9171565002347305,instance,informative+rand_extra
1,0.24547204393449407,0.0,0.44303797468354433,0.7368421052631579,0.6494492448007472,0.0,0.45475600338106925,0.9961089494163424,1.0,0.6680918831752213,0.883890946437941,0.9934119646821603,-0.3306703103064213,instance,informative+rand_extra
1,0.19200096955432877,0.0,0.03314917127071826,0.5789473684210527,0.32988693771363464,0.0,0.434512260618625,0.9783212896053363,1.0,0.6678429378632978,0.8593573417341797,0.9680308920003875,1.1572077961627367,instance,informative+rand_extra
1,0.1554472387261452,0.0,0.038374717832957095,0.42105263157894735,0.08932936145375148,0.0,0.44896631000324216,0.9927737632017788,1.0,0.6675381975471316,0.8703369764408547,0.9929461218767996,0.21113760226200715,instance,informative+rand_extra
1,0.19200096955432877,0.0,0.038374717832957095,0.42105263157894735,0.07473428886716016,0.0,0.38878916505937977,0.9666481378543635,1.0,0.6678064589646436,0.855956996587654,0.9954796716370934,1.6779751459547656,instance,informative+rand_extra
1,0.10184857852245255,0.2,0.12903225806451613,0.47368421052631576,0.3468570740568952,0.5,0.48219718892147734,0.9994441356309061,1.0,0.668246558407416,0.8907321008726654,0.9990289224502877,0.41951706665310906,instance,informative+rand_extra
1,0.21100279428170077,0.0,0.038374717832957095,0.42105263157894735,0.07501929504842464,0.0,0.46206800740298826,0.9949972206781545,1.0,0.6674320990995105,0.877466161179683,0.9913817537612678,1.5117420528877932,instance,informative+rand_extra
1,0.5171387106011607,0.0,0.05327868852459017,0.5789473684210527,0.3234012074785153,0.0,0.4673151416712322,0.9961089494163424,1.0,0.6674394737798246,0.8625482001080728,0.9862611798663904,-0.3724482576562215,instance,informative+rand_extra
1,0.1554472387261452,0.0,0.038374717832957095,0.42105263157894735,0.07776752703304407,0.0,0.400943805518705,0.962757087270706,1.0,0.6672356474888615,0.8486089213468493,0.9969721559856902,1.6691140080380693,instance,informative+rand_extra
1,0.3717748608359025,0.0,0.038374717832957095,0.42105263157894735,0.4036440853819212,0.0,0.41741167954045244,0.9938854919399667,1.0,0.6674056176140549,0.8915737291043793,0.9922672144127045,0.6310156913550073,instance,informative+rand_extra
1,0.19200096955432877,0.2,0.6153846153846154,0.6842105263157895,0.2173407344829023,0.0,0.42771434384015905,0.9983324068927182,1.0,0.6674994908154662,0.8905874503217835,0.9837488794015308,0.3678662094780787,instance,informative+rand_extra
1,0.25526814819458377,0.0,0.12,0.2631578947368421,0.0802201058193946,0.0,0.4401920480268985,0.9927737632017788,0.9565217391304348,0.6452711192764342,0.8502200363425352,0.9984382922211033,0.8180106905975469,instance,informative+rand_extra
1,0.175472043934494,0.0,0.038374717832957095,0.631578947368421,0.07557507319462775,0.0,0.4060108066242829,0.9594219010561423,1.0,0.6680698626228839,0.8472324137562264,0.9736096260164948,1.138448213484726,instance,informative+rand_extra
1,0.13800537826102888,0.0,0.038374717832957095,0.42105263157894735,0.07514457379077977,0.0,0.39724308180002044,0.9861033907726515,1.0,0.6676135156215985,0.8668072502084369,0.9993412242093069,1.165190331850367,instance,informative+rand_extra
1,0.4531848148612504,0.2,0.1863636363636364,0.5789473684210527,0.729817635187413,0.4,0.4957245906082771,0.9994441356309061,1.0,0.6679058493345325,0.8740011075936003,0.9964338212835844,0.30197742087117563,instance,informative+rand_extra
1,0.1781894352388419,0.0,0.038374717832957095,0.42105263157894735,0.07517047823599105,0.0,0.38742763952025316,0.980544747081712,1.0,0.6671371437176262,0.8533734548792671,0.9799159545781593,1.3896360556276213,instance,informative+rand_extra
1,0.175472043934494,0.2,0.19318181818181823,0.9473684210526315,0.7014931678564833,0.0,0.46524027633793597,0.9988882712618121,1.0,0.6674459504740399,0.8702107996506163,0.9873511219489034,0.6709564946165522,instance,informative+rand_extra
1,0.5257577582202083,0.0,0.03314917127071826,0.5789473684210527,0.11153958489824622,0.0,0.4795883874598176,0.9966648137854364,1.0,0.6676007239826005,0.8840450222564812,0.9929965412381192,0.820658996017762,instance,informative+rand_extra
1,0.22325096955432877,0.0,0.038374717832957095,0.42105263157894735,0.18300263659872984,0.0,0.37546013873946604,0.9488604780433574,1.0,0.6674826915594196,0.8371920974729476,0.996321477256568,0.043189123838645635,instance,informative+rand_extra
1,0.10184857852245255,0.0,0.038374717832957095,0.42105263157894735,0.08413938728526682,0.0,0.4211496830070348,0.9933296275708727,1.0,0.667705730742181,0.887113705324848,0.998398135186075,0.17887423640696007,instance,informative+rand_extra
1,0.16109175959830369,0.4,0.02631578947368418,0.42105263157894735,0.6158446184958865,0.2,0.48381739914277866,0.9994441356309061,1.0,0.6680136963785058,0.8779293398356728,0.9998145335632107,-0.32588926237147336,instance,informative+rand_extra
1,0.24547204393449407,0.0,0.05327868852459017,0.5789473684210527,0.10327928255480173,0.0,0.47192985592555725,0.9961089494163424,1.0,0.6695930665564733,0.8451972463738259,0.9908339959278023,0.5522956378141384,instance,informative+rand_extra
1,0.3471863296487797,0.0,0.038374717832957095,0.631578947368421,0.10302443530587901,0.0,0.4559874298136888,0.9883268482490273,1.0,0.6673938353120672,0.8744069905180103,0.9869777668650649,1.680357488539588,instance,informative+rand_extra
1,0.7144685435373458,0.2,0.12903225806451613,0.47368421052631576,0.6327614663750488,0.2,0.4503842554757298,0.9983324068927182,1.0,0.667332534094269,0.8970010708847521,0.9992019820881547,0.08351014517726241,instance,informative+rand_extra
1,0.10184857852245255,0.2,0.02631578947368418,0.42105263157894735,0.25812859045707215,0.0,0.48097351151983225,0.9994441356309061,1.0,0.6680955683783149,0.8661635411494253,0.9914296639992232,0.42285742022513945,instance,informative+rand_extra
1,0.10703770554424963,0.0,0.038374717832957095,0.631578947368421,0.07759471123733175,0.0,0.42929730431322466,0.9816564758198999,1.0,0.6682563601568425,0.875497918804761,0.9894069132974344,0.7687687197589927,instance,informative+rand_extra
1,0.4390916776063485,0.0,0.02631578947368418,0.42105263157894735,0.580373369931988,0.0,0.43356311421304217,0.9972206781545303,1.0,0.6675223812012471,0.8459220075250689,0.9685047988603709,0.31600960676060746,instance,informative+rand_extra
1,0.1146134631200072,0.0,0.02631578947368418,0.42105263157894735,0.3335349234876067,0.0,0.44346863865383923,0.9844357976653697,1.0,0.6675037156185456,0.8503106959613794,0.9910610289826178,1.0929232002791731,instance,informative+rand_extra
1,0.1856071790696292,0.0,0.12903225806451613,0.47368421052631576,0.4015941827393454,0.0,0.45872980108387196,0.9916620344635909,1.0,0.6676813232903958,0.8668437632585695,0.9649478012581406,0.0459406815598663,instance,informative+rand_extra
1,0.11120437221091628,0.0,0.15000000000000002,0.631578947368421,0.10562642244332465,0.0,0.3735540607765342,0.9961089494163424,1.0,0.667163061559102,0.8681591301444854,0.9849736646775499,0.8259433120046433,instance,informative+rand_extra
1,0.19200096955432877,0.0,0.03314917127071826,0.5789473684210527,0.07691108624083409,0.0,0.4191695191143393,0.9866592551417455,1.0,0.6677128144336006,0.8432870142259936,0.9669420901272457,0.5176787927337576,instance,informative+rand_extra
1,0.11166733517387928,0.4,0.05327868852459017,0.5789473684210527,0.4667003375526956,0.0,0.490365402762854,0.9988882712618121,1.0,0.6684207039574092,0.8848369495611182,0.9946445644788056,0.8283615234669459,instance,informative+rand_extra
1,0.10703770554424963,0.0,0.05327868852459017,0.7894736842105263,0.07464875602802407,0.0,0.3808864848843895,0.9510839355197331,0.9565217391304348,0.5722564930070406,0.8107927660977086,0.9790488278080313,1.2724152129429809,instance,informative+rand_extra
1,0.25526814819458377,0.0,0.8780487804878049,0.5263157894736842,0.18893680364777898,0.0,0.4616747026181909,0.9966648137854364,1.0,0.6682354568759244,0.8565854082231925,0.9715583583073563,0.2093178844134252,instance,informative+rand_extra
1,0.11166733517387928,0.0,0.41666666666666663,0.5263157894736842,0.5036184379349781,0.0,0.429003286928095,0.9949972206781545,1.0,0.6678498005721489,0.8825051643369504,0.9907290169673306,0.655854613159441,instance,informative+rand_extra
1,0.1781894352388419,0.2,0.0625,0.2631578947368421,0.2929370421691746,0.0,0.4837386935809064,0.9977765425236242,1.0,0.667456666079282,0.8710533189138999,0.992066040954045,-0.16497209236701782,instance,informative+rand_extra
1,0.175472043934494,0.0,0.05327868852459017,0.7894736842105263,0.09723337153042477,0.0,0.40932722497986596,0.9883268482490273,1.0,0.6675837079096312,0.8632902224234144,0.990033789444453,0.573986313574061,instance,informative+rand_extra
1,0.1722646375202882,0.0,0.05327868852459017,0.5789473684210527,0.21123844324018243,0.0,0.41913735449810996,0.9866592551417455,1.0,0.6680020605204398,0.8670333675491754,0.9840183934775896,0.7070975460799315,instance,informative+rand_extra
1,0.10703770554424963,0.0,0.23076923076923073,0.42105263157894735,0.39129183271027246,0.0,0.39674354310185156,0.9633129516397999,1.0,0.6685244737329485,0.8299783591620833,0.9894310835140301,0.22469082928959516,instance,informative+rand_extra
1,0.175472043934494,0.0,0.05327868852459017,0.7894736842105263,0.08070441406098788,0.0,0.42932464558430783,0.9672040022234575,1.0,0.6674388067399595,0.8669030941647781,0.9894261763301291,0.9301982798485492,instance,informative+rand_extra
1,0.6886882870834726,0.4,0.7938144329896908,0.6842105263157895,0.25272697020846613,0.5,0.4999232137394234,0.9994441356309061,1.0,0.6672872966973348,0.8694864922971142,0.9721858884886203,0.10545340519149665,instance,informative+rand_extra
1,0.19200096955432877,0.4,0.05327868852459017,0.5789473684210527,0.18925625211293767,0.0,0.4804061083705211,0.9994441356309061,1.0,0.6676296058953132,0.8835275991634666,0.9898574618584314,0.5418498814562833,instance,informative+rand_extra
1,0.10703770554424963,0.0,0.0625,0.2631578947368421,0.08020955788548001,0.0,0.42421760153203114,0.9760978321289605,1.0,0.6671485408086958,0.8525638193437505,0.9976491626493191,1.558511508624112,instance,informative+rand_extra
1,0.175472043934494,0.0,0.1863636363636364,0.5263157894736842,0.10078725402754529,0.0,0.44752658704695636,0.9894385769872152,1.0,0.6673590089389276,0.8484280997244854,0.9890158141665613,0.6327697001739129,instance,informative+rand_extra
1,0.10184857852245255,0.0,0.038374717832957095,0.631578947368421,0.07645200107063943,0.0,0.4475387933836056,0.9955530850472485,1.0,0.6674780063730227,0.8731083810385142,0.9989915132213033,1.0403015137271527,instance,informative+rand_extra
1,0.10899143566530967,0.0,0.1863636363636364,0.5789473684210527,0.40798379154248066,0.0,0.4626908346894474,0.9972206781545303,1.0,0.6685523985922707,0.8610727929859978,0.9866431011621706,-0.03908928401365321,instance,informative+rand_extra
1,0.11747357852245255,0.0,0.038374717832957095,0.42105263157894735,0.11245063025798013,0.0,0.43945714440993555,0.9894385769872152,1.0,0.6674056989934356,0.8598803377166611,0.9973487120350725,1.338740758922979,instance,informative+rand_extra
1,0.19200096955432877,0.0,0.19318181818181823,0.9473684210526315,0.5768858377749732,0.0,0.41300035617629605,0.9872151195108394,1.0,0.6678353069585317,0.8775425598389657,0.9870988314001004,-0.3197425248333858,instance,informative+rand_extra
1,0.1856071790696292,0.0,0.02631578947368418,0.42105263157894735,0.4345741547271168,0.0,0.43511837450537205,0.9849916620344636,1.0,0.6673344710808392,0.8513251997512077,0.9942819850937573,0.31976857398914105,instance,informative+rand_extra
1,0.10703770554424963,0.0,0.05327868852459017,0.5789473684210527,0.07926092007985586,0.0,0.42686674044584094,0.9916620344635909,1.0,0.6683648502932891,0.8681726262263996,0.999328147021177,1.0760420773400698,instance,informative+rand_extra
1,0.13800537826102888,0.0,0.038374717832957095,0.42105263157894735,0.22556402764061667,0.0,0.41926630039891133,0.9827682045580878,1.0,0.6689856758617881,0.872998903646681,0.9956884903721053,1.1766338597721622,instance,informative+rand_extra
1,0.1554472387261452,0.2,0.05327868852459017,0.5789473684210527,0.4023518082103954,0.0,0.46004909941410654,0.9988882712618121,1.0,0.6675833822085161,0.8956226285650822,0.9900441969076705,0.14631905093824413,instance,informative+rand_extra
1,0.1146134631200072,0.0,0.12903225806451613,0.47368421052631576,0.41891108125545007,0.0,0.42853774389816324,0.9916620344635909,1.0,0.6674150920073599,0.8801252072924832,0.9976953966042598,0.8652386814545777,instance,informative+rand_extra
1,0.19200096955432877,0.4,0.9416058394160584,0.3684210526315789,0.6735813590813718,0.0,0.48834270359786225,0.9988882712618121,1.0,0.6679799140335697,0.8729512017634307,0.9927525604634188,-0.06851596186913295,instance,informative+rand_extra
1,0.10184857852245255,0.0,0.038374717832957095,0.42105263157894735,0.392190064627846,0.0,0.4225230105076331,0.9827682045580878,1.0,0.668336215759822,0.8623032265101742,0.975183501729367,0.06338574015473523,instance,informative+rand_extra
1,0.24547204393449407,0.8,0.05327868852459017,0.5789473684210527,0.4065597262534895,1.0,0.5026327001531049,1.0,1.0,0.6676898204338669,0.8763659055008882,0.9988655179878909,0.6954087856341201,instance,informative+rand_extra
1,0.4186149010773512,0.0,0.15000000000000002,0.631578947368421,0.3197145523038757,0.0,0.4255658658269361,0.9877709838799333,1.0,0.6675625082934904,0.8978513106861058,0.9872285417088003,0.24560249699673609,instance,informative+rand_extra
1,0.13800537826102888,0.0,0.0,0.21052631578947367,0.08424666296471156,0.0,0.40060856941863543,0.9861033907726515,0.9565217391304348,0.6080907064187014,0.8257892024477258,0.9983352917300607,1.031325195246498,instance,informative+rand_extra
1,0.1781894352388419,0.0,0.1863636363636364,0.6842105263157895,0.12034724181224316,0.0,0.4431283279454452,0.9944413563090606,1.0,0.6677452809849892,0.8560428275526651,0.9837452006618808,0.7227122800560599,instance,informative+rand_extra
1,0.175472043934494,0.0,0.12903225806451613,0.47368421052631576,0.12827539332228743,0.0,0.4727146956581094,0.9961089494163424,1.0,0.6674453641311275,0.826957674631972,0.9824523705034334,1.1822233689977961,instance,informative+rand_extra
1,0.175472043934494,0.0,0.05327868852459017,0.7894736842105263,0.45743257208205035,0.0,0.4012877167855423,0.9927737632017788,0.9565217391304348,0.6628458870933374,0.8800989474061763,0.9979606837126356,0.11646593026006376,instance,informative+rand_extra
1,0.10703770554424963,0.0,0.12903225806451613,0.47368421052631576,0.10158839925538637,0.0,0.4604329695351762,0.9961089494163424,0.9565217391304348,0.6666666666666666,0.8475083795900933,0.9997315128683858,0.6724934345943284,instance,informative+rand_extra
1,0.311472043934494,0.2,0.03314917127071826,0.5789473684210527,0.09578614040188321,0.5,0.5254936125539509,1.0,1.0,0.6675454405426864,0.8888946842235986,0.9955471183059121,0.7707374520625956,instance,informative+rand_extra
1,0.1781894352388419,0.2,0.05327868852459017,0.5789473684210527,0.22591725993919143,0.5,0.49202221339352936,0.9994441356309061,1.0,0.6676750067731037,0.8846172234056335,0.9891485176891031,0.4979946577741404,instance,informative+rand_extra
1,0.10703770554424963,0.0,0.03314917127071826,0.631578947368421,0.1084287544593644,0.0,0.40366982542108354,0.9888827126181212,1.0,0.6681234594096509,0.8546866491428164,0.9905500554219722,0.3203317276341261,instance,informative+rand_extra
1,0.303287770287607,0.2,0.038374717832957095,0.42105263157894735,0.4986340690144239,0.0,0.4740012096747578,0.9977765425236242,1.0,0.667077603061362,0.8356568268522919,0.9801480863863365,0.6275461547676772,instance,informative+rand_extra
1,0.21100279428170077,0.4,0.02631578947368418,0.42105263157894735,0.45149463718989236,0.0,0.4875835311855161,0.9983324068927182,1.0,0.6674733015476566,0.8928334597106443,0.9996134197436908,0.3339056715396337,instance,informative+rand_extra
1,0.1781894352388419,0.0,0.03314917127071826,0.5789473684210527,0.12548618783018428,0.0,0.39533888735994194,0.962757087270706,1.0,0.6676499281636391,0.8720019254704318,0.9911605980917707,1.0198353382587861,instance,informative+rand_extra
1,0.16109175959830369,0.2,0.02631578947368418,0.42105263157894735,0.15871375640667829,0.0,0.48060665745945685,0.9977765425236242,1.0,0.6684998891458616,0.8706177196464868,0.9807154099479048,0.533351805481799,instance,informative+rand_extra
1,0.1856071790696292,0.0,0.038374717832957095,0.42105263157894735,0.14337272402602136,0.0,0.45716119009711564,0.9966648137854364,1.0,0.6671815385114438,0.8565234193156112,0.9953387546594754,0.3825254927006562,instance,informative+rand_extra
1,0.21283430288766203,0.2,0.1863636363636364,0.7894736842105263,0.08092160766021139,0.0,0.4556065276165241,0.9977765425236242,1.0,0.6674947375805751,0.8748402911991424,0.995330393800298,0.8570489879134005,instance,informative+rand_extra
1,0.10184857852245255,0.0,0.038374717832957095,0.631578947368421,0.30722089507918005,0.0,0.46886672845900423,0.9938854919399667,1.0,0.6762366941222896,0.8729859260439435,0.9928275655525669,0.8327141198135984,instance,informative+rand_extra
1,0.1781894352388419,0.0,0.1863636363636364,0.5263157894736842,0.18900287295509388,0.0,0.39709661226107806,0.9872151195108394,1.0,0.6675436475949184,0.8878990296194204,0.9979772145694188,0.8576461592510716,instance,informative+rand_extra
1,0.10703770554424963,0.0,0.02631578947368418,0.42105263157894735,0.07518047598015559,0.0,0.3970355452914416,0.9510839355197331,0.9565217391304348,0.6229719879314631,0.8346410322363834,0.9915881857709912,0.8322381997210668,instance,informative+rand_extra
1,0.1781894352388419,0.0,0.06666666666666665,0.47368421052631576,0.08266025315796,0.0,0.3630754707984365,0.9244024458032241,1.0,0.6678547845614858,0.8695192023147741,0.9968798521917411,1.0468005952333568,instance,informative+rand_extra
1,0.2614454139987732,0.2,0.038374717832957095,0.42105263157894735,0.3659989007012695,0.0,0.42146857711689023,0.9983324068927182,1.0,0.6674896781844606,0.8868391250530334,0.9758646840706192,0.6477641165840051,instance,informative+rand_extra
1,0.2983533998666974,0.2,0.1863636363636364,0.7894736842105263,0.14243999832636256,0.0,0.41746793386207537,0.9977765425236242,1.0,0.6674529449617352,0.8898115223719358,0.9906643883173879,0.8037870390391078,instance,informative+rand_extra
1,0.19200096955432877,0.0,0.19318181818181823,0.9473684210526315,0.6959548810811432,0.0,0.4222826108785166,0.9788771539744302,1.0,0.6676395375701915,0.8684942464698271,0.9884326299135856,0.04592006713546532,instance,informative+rand_extra
1,0.10703770554424963,0.0,0.03314917127071826,0.5789473684210527,0.0790282542687229,0.0,0.39331678324068686,0.9438576987215119,1.0,0.6674210692798587,0.8645723159956201,0.9830127204529021,0.9868657489830636,instance,informative+rand_extra
1,0.1781894352388419,0.0,0.03314917127071826,0.5789473684210527,0.07720450826474157,0.0,0.4095702763274375,0.9849916620344636,1.0,0.6678408940306149,0.8472569975269368,0.9942195978968549,0.9421469513999623,instance,informative+rand_extra
1,0.2242525317393721,0.0,0.1863636363636364,0.5263157894736842,0.42936588203626247,0.0,0.4561073129086085,0.9972206781545303,1.0,0.6674554363076289,0.8821708996404939,0.9977968389889619,0.5349702144237121,instance,informative+rand_extra
1,0.09979939819458372,0.0,0.41666666666666663,0.5263157894736842,0.3328912213603137,0.0,0.444714931196443,0.9933296275708727,0.9130434782608695,0.6519188442202559,0.8046247380181989,0.9720203662760702,1.1122220742989017,instance,informative+rand_extra
1,0.2242525317393721,0.0,0.05327868852459017,0.5789473684210527,0.07593914438251848,0.0,0.4165085501892143,0.9788771539744302,1.0,0.6671564346960406,0.8618549590234864,0.9970079679450802,1.2131304955659175,instance,informative+rand_extra
1,0.2139037209531276,0.0,0.05327868852459017,0.5789473684210527,0.1875492346800624,0.0,0.4663048785848728,0.9955530850472485,1.0,0.6676742719418467,0.8924313519649641,0.9925029488407299,0.26598051389299693,instance,informative+rand_extra
1,0.4186149010773512,0.2,0.06666666666666665,0.47368421052631576,0.6052499854911011,0.0,0.46272606756415113,0.9977765425236242,1.0,0.6678592857724371,0.8964039120403146,0.9906626269900032,-0.2156446709620626,instance,informative+rand_extra
1,0.25526814819458377,0.0,0.1863636363636364,0.5789473684210527,0.42246120984870783,0.0,0.45917948251777074,0.9972206781545303,0.9565217391304348,0.6498261664314864,0.866236807488891,0.9793394048001725,-0.6177036837247635,instance,informative+rand_extra
1,0.10899143566530967,0.0,0.1863636363636364,0.5789473684210527,0.15832869611589928,0.0,0.41736261395191976,0.9822123401889938,1.0,0.6677657902554776,0.861983011161703,0.9925273762254109,-0.08694931436555803,instance,informative+rand_extra
1,0.10184857852245255,0.2,0.05327868852459017,0.7894736842105263,0.16598971060669132,0.0,0.44609605900343186,0.9977765425236242,1.0,0.6676620253532851,0.885194786185068,0.9874125991821152,0.04128329622871525,instance,informative+rand_extra
1,0.1554472387261452,0.0,0.038374717832957095,0.42105263157894735,0.07542557534833705,0.0,0.4592969214346154,0.9888827126181212,1.0,0.6673919319443354,0.8514690791043501,0.9815683381773741,1.8089142747292692,instance,informative+rand_extra
1,0.30797204393449407,0.2,0.02631578947368418,0.42105263157894735,0.5122549434901653,0.0,0.4753050072200643,0.9994441356309061,1.0,0.6679827857754262,0.8571725091904815,0.9808521907205027,-0.48193181556965575,instance,informative+rand_extra
1,0.10184857852245255,0.0,0.038374717832957095,0.42105263157894735,0.0759519185594395,0.0,0.34987785579643227,0.9783212896053363,0.9565217391304348,0.6598525043843275,0.82715784691617,0.9904911410219135,0.8237421187027685,instance,informative+rand_extra
1,0.2614454139987732,0.0,0.038374717832957095,0.42105263157894735,0.13658568829660156,0.09090909090909091,0.46063295232808477,0.9972206781545303,1.0,0.6675941974000934,0.913434262484968,0.9983777847890735,0.7094928832605534,instance,informative+rand_extra
1,0.10703770554424963,0.0,0.0625,0.2631578947368421,0.07804647965268285,0.0,0.43008736021035576,0.9938854919399667,0.9565217391304348,0.6609918934927888,0.8477765013931873,0.9975908057865998,1.2687495096795272,instance,informative+rand_extra
1,0.18488037826102888,0.0,0.05327868852459017,0.5789473684210527,0.08338401069178225,0.0,0.4198214094381244,0.9822123401889938,1.0,0.6677302387813008,0.8682193043219696,0.9924945823039394,0.8936792362909225,instance,informative+rand_extra
1,0.11120437221091628,0.0,0.05327868852459017,0.5789473684210527,0.3247627355979579,0.0,0.45367535562223005,0.9972206781545303,1.0,0.6672072417683507,0.8512177726522523,0.9749541034359299,0.23227531308974853,instance,informative+rand_extra
1,0.10184857852245255,0.0,0.038374717832957095,0.42105263157894735,0.07943346870097906,0.0,0.4442789830674596,0.9938854919399667,1.0,0.6677064911544125,0.8788206140916843,0.9877925185205361,0.7533300516820607,instance,informative+rand_extra
1,0.37047204393449407,0.0,0.13043478260869568,0.3684210526315789,0.41470131520341325,0.0,0.47508577992810186,0.9972206781545303,1.0,0.6671655509369937,0.8719741412179315,0.9962161838503659,0.8495181687937847,instance,informative+rand_extra
1,0.16120437221091632,0.0,0.44303797468354433,0.5263157894736842,0.3702010275421047,0.0,0.42399338946860576,0.9866592551417455,1.0,0.6674432072055217,0.8649636334886263,0.9795122015253073,-0.4665228850139728,instance,informative+rand_extra
1,0.19200096955432877,0.0,0.1863636363636364,0.5789473684210527,0.2448904347205127,0.0,0.4312291453941167,0.9944413563090606,1.0,0.6677489038575922,0.9032291924280424,0.9994229376917276,0.445404170288571,instance,informative+rand_extra
1,0.10184857852245255,0.0,0.038374717832957095,0.631578947368421,0.09659109516310604,0.0,0.433552580612253,0.9816564758198999,1.0,0.6676424330513897,0.8587600167060664,0.9969576568391951,0.29146349054830334,instance,informative+rand_extra
1,0.1458634631200072,0.0,0.03314917127071826,0.5789473684210527,0.20621936524178225,0.0,0.49063288621306445,0.9961089494163424,1.0,0.6676545952723358,0.8746995825439524,0.9928526338722361,0.4397010654195101,instance,informative+rand_extra
1,0.175472043934494,0.2,0.05327868852459017,0.7894736842105263,0.5842120311780427,1.0,0.5007873934802254,1.0,1.0,0.6687234654750626,0.8798251747727418,0.9945608858254815,0.7468578042145188,instance,informative+rand_extra
1,0.1781894352388419,0.0,0.03314917127071826,0.5789473684210527,0.07596973993529776,0.0,0.3749787445437638,0.9816564758198999,0.9565217391304348,0.6496991267346518,0.8774829923159182,0.9951203180431353,1.1813663446736584,instance,informative+rand_extra
1,0.44816374972479134,0.2,0.1863636363636364,0.5263157894736842,0.5547232342324041,0.0,0.45780238493814185,0.9983324068927182,1.0,0.6674584858431125,0.8967681615604769,0.9759883432892071,0.25228177032695037,instance,informative+rand_extra
1,0.2009017841806906,0.2,0.15000000000000002,0.631578947368421,0.35803978083867394,0.0,0.4742128951999336,0.9977765425236242,1.0,0.6675924633038209,0.87545934609616,0.998413242624728,0.45535888219825266,instance,informative+rand_extra
1,0.21100279428170077,0.0,0.05327868852459017,0.5789473684210527,0.08222027896349149,0.0,0.4222954103867864,0.9955530850472485,1.0,0.6676040365568585,0.8830062490167078,0.9799282254855595,1.0101914395060811,instance,informative+rand_extra
1,0.175472043934494,0.2,0.06666666666666665,0.47368421052631576,0.7486840844063577,0.0,0.4173851458422153,0.9977765425236242,1.0,0.6681896462249112,0.8697097654294283,0.9918681396250033,0.43143139889596854,instance,informative+rand_extra
1,0.10899143566530967,0.0,0.03314917127071826,0.5789473684210527,0.43547807757053814,0.0,0.47262065582208634,0.9955530850472485,1.0,0.6686896747933727,0.881031562822973,0.9887857827626979,0.5666242724512071,instance,informative+rand_extra
1,0.10703770554424963,0.0,0.05327868852459017,0.5789473684210527,0.21298706074757118,0.0,0.4322504696285683,0.9949972206781545,1.0,0.6675640670649008,0.8922062864524539,0.9972579194210203,0.78055477324694,instance,informative+rand_extra
1,0.13800537826102888,0.0,0.05327868852459017,0.5789473684210527,0.3419868940209919,0.0,0.4586683131063508,0.9949972206781545,1.0,0.6682332869381696,0.8908447814441749,0.9924438447657558,0.7523925812090365,instance,informative+rand_extra
1,0.1146134631200072,0.0,0.2142857142857143,0.2631578947368421,0.14316502041698287,0.0,0.4625093965461633,0.9944413563090606,1.0,0.668769633630799,0.8337559395048817,0.9927534551090175,0.6201709796236995,instance,informative+rand_extra
1,0.13800537826102888,0.0,0.038374717832957095,0.42105263157894735,0.07499253389505667,0.0,0.33487438591609053,0.9594219010561423,1.0,0.6675755116503275,0.8597792311260656,0.9995223169860922,1.1534362903869273,instance,informative+rand_extra
1,0.1856071790696292,0.0,0.038374717832957095,0.42105263157894735,0.086125692745039,0.0,0.44870094944195793,0.9899944413563091,1.0,0.6672235288381055,0.8832711455231135,0.9970115996609782,1.021149402440938,instance,informative+rand_extra
1,0.36985148152791714,0.0,0.12903225806451613,0.5263157894736842,0.48170186855571806,0.0,0.38452238179614895,0.9899944413563091,1.0,0.6684650293169677,0.8522004934295826,0.9967616102803575,0.9336093814748432,instance,informative+rand_extra
1,0.18488037826102888,0.0,0.038374717832957095,0.3684210526315789,0.07463352581194166,0.0,0.40362508444745826,0.9132851584213452,0.9565217391304348,0.6389890068262138,0.8322898440073686,0.9965657025797332,1.2718233960161036,instance,informative+rand_extra
1,0.3729152070181132,0.0,0.2142857142857143,0.2631578947368421,0.462208138278116,0.0,0.42902877957362096,0.9961089494163424,1.0,0.667666849059974,0.8534852339332227,0.99895685413169,-0.10373985943231767,instance,informative+rand_extra
1,0.11747357852245255,0.0,0.038374717832957095,0.42105263157894735,0.5500831701773233,0.0,0.4619778491579122,0.9961089494163424,1.0,0.667618441409974,0.8564192974613904,0.9882283704318527,1.145246824732795,instance,informative+rand_extra
1,0.21283430288766203,0.2,0.038374717832957095,0.42105263157894735,0.39797048323216455,1.0,0.5007665274173942,1.0,1.0,0.6672498162816849,0.8832182941260255,0.9954345138472714,0.05644668349321375,instance,informative+rand_extra
1,0.311472043934494,0.2,0.038374717832957095,0.42105263157894735,0.08087295891352253,0.0,0.45197479302827726,0.9977765425236242,1.0,0.6674738352865502,0.8819249122916664,0.995762699267483,1.6952768592259702,instance,informative+rand_extra
1,0.13800537826102888,0.0,0.05327868852459017,0.5789473684210527,0.15607047419952041,0.0,0.3865521089955306,0.991106170094497,1.0,0.667728506434773,0.8797320775091668,0.9936934968032294,0.7489152589469052,instance,informative+rand_extra
1,0.311472043934494,0.0,0.0625,0.2631578947368421,0.7012992270175946,0.0,0.4802041901807732,0.9972206781545303,1.0,0.6678167519603015,0.8572148428650948,0.9774878978736067,-0.7534821472447361,instance,informative+rand_extra
1,0.11166733517387928,0.0,0.05327868852459017,0.5789473684210527,0.25529321829337226,0.0,0.434749708175874,0.9938854919399667,1.0,0.6675218728531842,0.8730301531804924,0.9914814075761074,1.0158264650449382,instance,informative+rand_extra
1,0.10703770554424963,0.0,0.03314917127071826,0.5789473684210527,0.07642363575575184,0.0,0.3219746912095459,0.943301834352418,1.0,0.6671131109227634,0.8608721804378522,0.9991572435711554,1.4557215825612522,instance,informative+rand_extra
1,0.5229101019789042,0.0,0.8125,0.5263157894736842,0.6864184387462554,0.0,0.40210874048574663,0.9966648137854364,1.0,0.6677883071570678,0.9097910337276314,0.9942731953716827,-0.6543582347299107,instance,informative+rand_extra
1,0.10899143566530967,0.0,0.1863636363636364,0.5789473684210527,0.5919910320175368,0.0,0.4521945952878591,0.991106170094497,1.0,0.6676847316311075,0.8887492520811054,0.999326172495085,0.19525314389292,instance,informative+rand_extra
1,0.10703770554424963,0.0,0.038374717832957095,0.631578947368421,0.07463328838187377,0.0,0.416540132477106,0.9744302390216787,0.9565217391304348,0.5910900054493331,0.8496822889349072,0.985442765254191,1.6240043772917203,instance,informative+rand_extra
1,0.175472043934494,0.0,0.6153846153846154,0.6842105263157895,0.14366724907465167,0.0,0.48192153965447093,0.9955530850472485,1.0,0.6692222913652246,0.8397439748397824,0.9983137228374477,0.79420484482681,instance,informative+rand_extra
1,0.1781894352388419,0.0,0.1863636363636364,0.5263157894736842,0.12174040303950229,0.0,0.46484582932564966,0.9961089494163424,1.0,0.6676407277810725,0.89930379407272,0.9980532554464638,0.9703220272724081,instance,informative+rand_extra
1,0.4186149010773512,0.2,0.1863636363636364,0.5789473684210527,0.4522519121244356,1.0,0.5050611827788656,1.0,1.0,0.667810250157289,0.8924690432528837,0.9987050487963928,0.0792945657844403,instance,informative+rand_extra
1,0.10703770554424963,0.0,0.05327868852459017,0.5789473684210527,0.07666187279397363,0.0,0.372755888669866,0.9677598665925514,1.0,0.6675366072268439,0.8518064535595274,0.9993492023703769,1.2671107140256248,instance,informative+rand_extra
1,0.21283430288766203,0.2,0.038374717832957095,0.631578947368421,0.08354795505511203,0.14285714285714285,0.49917857467070437,0.9994441356309061,1.0,0.6674359427364512,0.8952983694490407,0.9991627419518656,1.1884016999027007,instance,informative+rand_extra
1,0.24547204393449407,0.0,0.2142857142857143,0.5263157894736842,0.20585469085708086,0.0,0.43547354673080285,0.9927737632017788,1.0,0.6682463684810125,0.867786101918418,0.9839776961977301,0.07128637606221831,instance,informative+rand_extra
1,0.10703770554424963,0.0,0.03314917127071826,0.5789473684210527,0.078070743553245,0.0,0.41362234664019526,0.9738743746525848,1.0,0.6675468012399592,0.8463508160047752,0.9755638248326354,1.5479260102940195,instance,informative+rand_extra
1,0.16109175959830369,0.0,0.02631578947368418,0.42105263157894735,0.45316086401954436,0.0,0.462574429536565,0.9933296275708727,1.0,0.667895683843312,0.8717834341094652,0.9986688564175165,0.21783457793014474,instance,informative+rand_extra
1,0.1856071790696292,0.0,0.03314917127071826,0.5789473684210527,0.07500705762108728,0.0,0.38253127033687284,0.9594219010561423,1.0,0.6677310763255507,0.8579543186120213,0.9894534592082649,1.925467155409608,instance,informative+rand_extra
1,0.175472043934494,0.2,0.44303797468354433,0.7368421052631579,0.22686952165880453,0.0,0.47918095621606616,0.9994441356309061,1.0,0.6685720203347723,0.8627328774731247,0.9919458557946257,0.2435728586000308,instance,informative+rand_extra
1,0.13800537826102888,0.0,0.038374717832957095,0.42105263157894735,0.09471653823174353,0.0,0.38059595302395877,0.9677598665925514,1.0,0.6678516932439506,0.8528715820252983,0.9803313053126177,1.2354112308206464,instance,informative+rand_extra
1,0.10703770554424963,0.0,0.03314917127071826,0.5789473684210527,0.07927434139453726,0.0,0.3650003340003255,0.9360755975541968,1.0,0.667664525718268,0.8473357723178379,0.9889149822727827,1.2522463404438982,instance,informative+rand_extra
1,0.22325096955432877,0.0,0.19318181818181823,0.9473684210526315,0.2865638742497169,0.0,0.40443170327072564,0.9938854919399667,1.0,0.6675283594108067,0.8849133374227489,0.9952035236624773,0.3141570384832075,instance,informative+rand_extra
1,0.19200096955432877,0.2,0.44303797468354433,0.7368421052631579,0.5295688815126572,0.3333333333333333,0.5053567634019984,1.0,1.0,0.6677691608191583,0.8907334276409484,0.9950059910584476,0.32975119399981506,instance,informative+rand_extra
1,0.10703770554424963,0.0,0.02631578947368418,0.42105263157894735,0.37716635636226836,0.0,0.3334650933862201,0.9588660366870484,1.0,0.6673760853983941,0.8675782126162375,0.9997437618947442,0.3041913872947395,instance,informative+rand_extra
1,0.2242525317393721,0.0,0.1863636363636364,0.5263157894736842,0.08124687794632796,0.0,0.41870546487470917,0.9916620344635909,0.9565217391304348,0.6220590902199352,0.8377211156087737,0.9967617697796148,-0.08296065084677574,instance,informative+rand_extra
1,0.10184857852245255,0.0,0.038374717832957095,0.42105263157894735,0.2833287540190589,0.0,0.4036805730148647,0.943301834352418,0.9565217391304348,0.6526429299466333,0.8313153383260399,0.9796896282956833,1.3070069519352039,instance,informative+rand_extra
1,0.1146134631200072,0.6,0.10526315789473684,0.42105263157894735,0.5541639214458964,1.0,0.5092218189834994,1.0,1.0,0.6676173978480479,0.9014152621516018,0.9964843731317719,0.32452444319444695,instance,informative+rand_extra
1,0.1781894352388419,0.2,0.06666666666666665,0.47368421052631576,0.5691964967106654,0.0,0.42296620475887114,0.9977765425236242,1.0,0.6679275758523804,0.8691500752648565,0.9995745346479451,0.13339728250784477,instance,informative+rand_extra
1,0.1554472387261452,0.0,0.038374717832957095,0.631578947368421,0.07481395524656642,0.0,0.4183870775374994,0.9888827126181212,1.0,0.6688589362618023,0.843594591164671,0.9950464708524173,1.492624274812795,instance,informative+rand_extra
1,0.10184857852245255,0.2,0.05327868852459017,0.5789473684210527,0.11567127179333536,0.0,0.44238060825467207,0.9994441356309061,1.0,0.6681150630892619,0.8690307090620124,0.9864918217206626,1.3921260656477024,instance,informative+rand_extra
1,0.37047204393449407,0.6,0.9414634146341463,0.5263157894736842,0.5808578154873084,1.0,0.5263052334580209,1.0,1.0,0.6675555922739417,0.874957984590803,0.9758867323079746,0.09006511173152869,instance,informative+rand_extra
1,0.175472043934494,0.0,0.038374717832957095,0.631578947368421,0.07734716035586386,0.0,0.4596649160256556,0.9955530850472485,1.0,0.6673798762187976,0.8718612347597514,0.9774395085027882,1.3927025693188282,instance,informative+rand_extra
1,0.10184857852245255,0.0,0.06666666666666665,0.3684210526315789,0.13361097911039643,0.0,0.4405586583330918,0.9872151195108394,1.0,0.6671326137662935,0.8472826477783345,0.9990744115991292,1.1180196546502434,instance,informative+rand_extra
1,0.10703770554424963,0.0,0.03314917127071826,0.5789473684210527,0.07909201226748996,0.0,0.37717751730575555,0.9722067815453029,1.0,0.6672508204532609,0.8815548352189303,0.999788586272527,1.2662492943449342,instance,informative+rand_extra
1,0.3717748608359025,0.6,0.19318181818181823,0.9473684210526315,0.4613305310010921,0.0,0.47648686342325774,0.9994441356309061,1.0,0.6676432768657378,0.8757211665737509,0.9684971476892682,-0.36571258048054034,instance,informative+rand_extra
1,0.1781894352388419,0.0,0.038374717832957095,0.42105263157894735,0.09946623557391254,0.0,0.4196955502331261,0.9744302390216787,1.0,0.6677018475493027,0.8672874022904161,0.9994174365573711,0.12553307132986702,instance,informative+rand_extra
1,0.10899143566530967,0.0,0.1863636363636364,0.6842105263157895,0.22153042743210838,0.0,0.4727161080266423,0.9972206781545303,1.0,0.6679536117832074,0.8806149747985894,0.9997821305253286,0.3887975518865534,instance,informative+rand_extra
1,0.13800537826102888,0.0,0.038374717832957095,0.42105263157894735,0.07465431136245076,0.0,0.4030230636434471,0.9360755975541968,0.9565217391304348,0.6316638652167968,0.8395644570093459,0.9948113533002295,1.8357659157853752,instance,informative+rand_extra
1,0.1838053772678273,0.0,0.1863636363636364,0.6842105263157895,0.08362344673958744,0.0,0.4492098358681952,0.9955530850472485,1.0,0.6677314324246274,0.8751118594329053,0.9714409990625924,0.05325293295355177,instance,informative+rand_extra
1,0.175472043934494,0.0,0.038374717832957095,0.42105263157894735,0.076284062742633,0.0,0.4517652947129315,0.9872151195108394,0.9565217391304348,0.6448542767070683,0.8520728949044362,0.9948677750061863,0.6781522997805496,instance,informative+rand_extra
1,0.3092748608359025,0.4,0.12903225806451613,0.47368421052631576,0.12433660754484815,0.5,0.4398737058092108,0.9988882712618121,1.0,0.6674195735357001,0.8820406909914824,0.9900549867720216,0.875221649783073,instance,informative+rand_extra
1,0.46836576992681156,0.2,0.03314917127071826,0.5789473684210527,0.4661589691250184,0.0,0.48514049481703836,0.9994441356309061,1.0,0.6676868728041327,0.8838292641256242,0.9933616003598731,-0.4778271705549243,instance,informative+rand_extra
1,0.1781894352388419,0.2,0.13043478260869568,0.3684210526315789,0.11689891617251585,0.0,0.4598579313944853,0.9983324068927182,1.0,0.6676336991767585,0.8805418222376389,0.9851416045217366,0.20959525603906695,instance,informative+rand_extra
1,0.558240405516415,0.4,0.038374717832957095,0.42105263157894735,0.49991237448941195,1.0,0.5109422217795474,1.0,1.0,0.6671534323599695,0.8710622892924356,0.9940119769759709,0.08813094176296007,instance,informative+rand_extra
1,0.10703770554424963,0.0,0.03314917127071826,0.5789473684210527,0.08175720670572384,0.0,0.367442256005997,0.9722067815453029,1.0,0.6674593916367607,0.842374312685877,0.9979802596719727,1.6224515736934508,instance,informative+rand_extra
1,0.1838053772678273,0.0,0.038374717832957095,0.631578947368421,0.12457261159323407,0.0,0.396781964471701,0.9933296275708727,1.0,0.6672438918175236,0.8925783355241947,0.9989562144187337,1.0484636251068273,instance,informative+rand_extra
1,0.2242525317393721,0.0,0.15000000000000002,0.631578947368421,0.07704912593742363,0.0,0.4338067592588276,0.9827682045580878,1.0,0.6672278289197675,0.878355346878309,0.9970209778502666,0.5880551568104627,instance,informative+rand_extra
1,0.1838053772678273,0.0,0.038374717832957095,0.631578947368421,0.07594946135558256,0.0,0.4101887313031263,0.9855475264035576,1.0,0.6671526392309683,0.8472064436048907,0.9996000609278276,1.2429886947750006,instance,informative+rand_extra
1,0.10184857852245255,0.0,0.038374717832957095,0.631578947368421,0.07478812544963842,0.0,0.43871400436048946,0.990550305725403,0.9565217391304348,0.6592496223529423,0.8565081163332849,0.9966838008401295,0.8020477393792395,instance,informative+rand_extra
1,0.1554472387261452,0.0,0.05327868852459017,0.5789473684210527,0.2315540269008673,0.0,0.43572819200389423,0.9961089494163424,1.0,0.6674705394609921,0.9103855210585042,0.9978419714571553,0.4906411262902991,instance,informative+rand_extra
1,0.1856071790696292,0.0,0.03314917127071826,0.5789473684210527,0.08464121727954577,0.0,0.4104477758602154,0.9788771539744302,1.0,0.6676142839260871,0.8666602991785899,0.9935231394784206,0.8107182406880546,instance,informative+rand_extra
1,0.1781894352388419,0.0,0.05327868852459017,0.5789473684210527,0.22006311006859958,0.0,0.42137472144707044,0.9894385769872152,1.0,0.6680559927152693,0.8780211575906616,0.9987427250767242,0.9441263032309762,instance,informative+rand_extra
1,0.22547204393449405,0.0,0.038374717832957095,0.42105263157894735,0.11423773787840713,0.0,0.4553341458183088,0.9944413563090606,1.0,0.6674425100258319,0.8830838851671383,0.9980931173984751,0.15379564722349218,instance,informative+rand_extra
1,0.10184857852245255,0.0,0.038374717832957095,0.42105263157894735,0.12290435995391485,0.0,0.43837273411875444,0.9922178988326849,1.0,0.6681312016024763,0.8835727355431388,0.9995658815946565,0.38012993739371687,instance,informative+rand_extra
1,0.13800537826102888,0.2,0.9416058394160584,0.3684210526315789,0.5288598924694888,0.0,0.4333094187668399,0.9983324068927182,1.0,0.6685487419258276,0.8790724343233982,0.9946529019100663,0.6806317461789517,instance,informative+rand_extra
1,0.2106071790696291,0.0,0.038374717832957095,0.631578947368421,0.07472109760254059,0.0,0.4135009239250417,0.9883268482490273,0.9565217391304348,0.6525565886031816,0.8518953471445216,0.979967221720515,1.4209083029332839,instance,informative+rand_extra
1,0.7429617913569769,0.6,0.44303797468354433,0.7368421052631579,0.6193514687575151,0.5,0.5244235625534679,1.0,1.0,0.6674191567978539,0.88939695757228,0.9924608447992843,-0.6200910622876548,instance,informative+rand_extra
1,0.5943386734074756,0.2,0.6153846153846154,0.6842105263157895,0.22262200579226343,1.0,0.5081128832403277,1.0,1.0,0.6671489106832809,0.8772187932920911,0.9762111553858193,0.46357074899503053,instance,informative+rand_extra
1,0.311472043934494,0.4,0.9414634146341463,0.42105263157894735,0.7774589746892872,0.0,0.4827066828859051,0.9988882712618121,1.0,0.6671055035223382,0.8403641041251363,0.9986018300958649,-0.19747702286396526,instance,informative+rand_extra
1,0.10184857852245255,0.0,0.038374717832957095,0.631578947368421,0.07467937619628184,0.0,0.44353682058668087,0.9883268482490273,1.0,0.6675220145111596,0.8452529123723822,0.9721058757812285,2.0909551562743434,instance,informative+rand_extra
1,0.10703770554424963,0.0,0.9414634146341463,0.2631578947368421,0.10253130912055547,0.0,0.46122740206452506,0.9894385769872152,0.9565217391304348,0.6601362814617189,0.8336272816180103,0.9765460939372748,0.20090611175160522,instance,informative+rand_extra
1,0.2009017841806906,0.4,0.1863636363636364,0.5263157894736842,0.5274394400882108,0.4,0.48335511284721133,0.9988882712618121,1.0,0.6675280036221396,0.9040422403480877,0.9992494508234459,0.09121053633354805,instance,informative+rand_extra
1,0.303287770287607,0.4,0.7938144329896908,0.3157894736842105,0.7952621553128384,0.0,0.49691690217032514,0.9994441356309061,0.9565217391304348,0.6650068357727859,0.8507889947978831,0.9958038579778917,-0.5871588543656617,instance,informative+rand_extra
1,0.16109175959830369,0.0,0.02631578947368418,0.42105263157894735,0.1710120801913343,0.0,0.446614981990356,0.990550305725403,1.0,0.6693730655352841,0.8724854929893133,0.9850682454192994,0.8834515905983344,instance,informative+rand_extra
1,0.25526814819458377,0.0,0.15000000000000002,0.631578947368421,0.1714915302461545,0.0,0.4260833200380718,0.9888827126181212,1.0,0.6677817076620922,0.8757515934764387,0.9950451613015034,0.6272650065472469,instance,informative+rand_extra
1,0.11166733517387928,0.0,0.02631578947368418,0.42105263157894735,0.740099693302008,0.0,0.4466965801978362,0.9922178988326849,1.0,0.667653610205279,0.8753665069761997,0.996440441705033,-0.7297477788716624,instance,informative+rand_extra
1,0.2242525317393721,0.0,0.05327868852459017,0.5789473684210527,0.16371917036390682,0.0,0.42247779860426893,0.9749861033907726,1.0,0.6676650293996379,0.8629264041266104,0.9789427578644253,0.7057678331374397,instance,informative+rand_extra
1,0.1781894352388419,0.0,0.03314917127071826,0.5789473684210527,0.0777535777906021,0.0,0.4240022773402532,0.9799888827126181,1.0,0.6675611181018077,0.8548001794444476,0.9966837820238951,0.736651487554712,instance,informative+rand_extra
1,0.1838053772678273,0.4,0.0,0.3157894736842105,0.4425374471065836,1.0,0.5370971402911067,1.0,1.0,0.6675849407225226,0.863028209742089,0.9799897175811768,0.012018223991849023,instance,informative+rand_extra
1,0.11120437221091628,0.0,0.1863636363636364,0.5263157894736842,0.0905257069856708,0.0,0.4715289999686144,0.9961089494163424,1.0,0.66733955242125,0.893837611641284,0.9863939327681991,0.9517531302060247,instance,informative+rand_extra
1,0.10184857852245255,0.0,0.038374717832957095,0.42105263157894735,0.07640562998218403,0.0,0.4119724023864747,0.9877709838799333,1.0,0.6672719008620028,0.8626031256742934,0.9794408562837467,0.6098824697549187,instance,informative+rand_extra
1,0.21283430288766203,0.0,0.1863636363636364,0.7894736842105263,0.17826148404198072,0.0,0.47034869169291404,0.9949972206781545,1.0,0.6674182242360257,0.9011583647952967,0.9988490411803359,1.4536582296065248,instance,informative+rand_extra
1,0.10899143566530967,0.0,0.05327868852459017,0.7894736842105263,0.5847182523144183,0.0,0.4380492710460995,0.9888827126181212,1.0,0.6678303105957446,0.8959126109934701,0.9900856855761332,0.482645403945451,instance,informative+rand_extra
1,0.11747357852245255,0.0,0.06666666666666665,0.3684210526315789,0.0791307157123951,0.0,0.44978685488376224,0.9966648137854364,1.0,0.6701195978098147,0.8648745931306969,0.9982213244651034,1.6753767419189838,instance,informative+rand_extra
1,0.10703770554424963,0.0,0.038374717832957095,0.631578947368421,0.09215632934974644,0.0,0.40395852197062143,0.9888827126181212,1.0,0.6676760725048533,0.8803173916757431,0.9989167395824893,1.0831498304411735,instance,informative+rand_extra
1,0.1554472387261452,0.0,0.05327868852459017,0.5789473684210527,0.16629070942020974,0.0,0.40350607556834184,0.9816564758198999,1.0,0.6677744221186288,0.9012651852694238,0.9964020464266282,1.0710060420279965,instance,informative+rand_extra
1,0.10703770554424963,0.0,0.02631578947368418,0.42105263157894735,0.41695239130705564,0.0,0.42462750473938027,0.9899944413563091,1.0,0.6672908225657286,0.8645589459252861,0.9988181668898903,0.28092988408947184,instance,informative+rand_extra
1,0.10703770554424963,0.0,0.038374717832957095,0.631578947368421,0.0753408016930166,0.0,0.4285357136743796,0.9872151195108394,1.0,0.6674372469435473,0.873458208043029,0.9880111426842803,1.1958063668079275,instance,informative+rand_extra
1,0.3178549537501393,0.0,0.038374717832957095,0.631578947368421,0.16785138527476107,0.0,0.4204909052743858,0.9944413563090606,1.0,0.6670484631557101,0.8468528628559246,0.9954139209397818,1.4100430450300998,instance,informative+rand_extra
1,0.175472043934494,0.2,0.1863636363636364,0.7894736842105263,0.47303420793008943,0.0,0.488520721913246,0.9977765425236242,1.0,0.667267746231536,0.9006478891186791,0.9992163661334893,1.0449661879506462,instance,informative+rand_extra
1,0.13800537826102888,0.0,0.05327868852459017,0.5789473684210527,0.07735702233612063,0.0,0.43691590636192823,0.9883268482490273,1.0,0.6678000085784445,0.857326257777515,0.9902231920464498,1.0896869556107722,instance,informative+rand_extra
1,0.1458634631200072,0.2,0.10526315789473684,0.42105263157894735,0.362737165104455,0.0,0.4944335833904655,0.9988882712618121,1.0,0.6672579718160098,0.8724699617629229,0.9988541853195362,0.9543831646765212,instance,informative+rand_extra
1,0.43547648152791707,0.0,0.15000000000000002,0.631578947368421,0.20078351180932896,0.0,0.48003864408030605,0.9972206781545303,1.0,0.6672930329849678,0.8501880530527832,0.9928807307153906,0.5746047500856764,instance,informative+rand_extra
1,0.16109175959830369,0.0,0.05327868852459017,0.6842105263157895,0.5732525949573184,0.0,0.45069794856223777,0.9944413563090606,1.0,0.6677237880645701,0.8780280347908131,0.9927569680874724,-0.15176209306154897,instance,informative+rand_extra
1,0.10184857852245255,0.0,0.05327868852459017,0.5789473684210527,0.0758571156282431,0.0,0.35893033199057534,0.9733185102834908,1.0,0.6688881797053183,0.844517975712454,0.9805315692603632,0.6552772103025669,instance,informative+rand_extra
1,0.10184857852245255,0.0,0.038374717832957095,0.42105263157894735,0.07814539356861055,0.0,0.39337010921838766,0.9749861033907726,0.9565217391304348,0.6438764920843848,0.8216435388462076,0.9888544066789666,0.046971635393887975,instance,informative+rand_extra
1,0.10184857852245255,0.0,0.06666666666666665,0.3684210526315789,0.07578043884022206,0.0,0.4181077901313637,0.9722067815453029,1.0,0.6687827349438921,0.8551996677456826,0.9815174468174077,0.2982755146094442,instance,informative+rand_extra
1,0.467722043934494,0.4,0.44303797468354433,0.7368421052631579,0.486544396820765,0.4,0.5106149763660973,1.0,1.0,0.6676455313130786,0.911639679843806,0.9996130826611929,0.44406128105969234,instance,informative+rand_extra
1,0.13800537826102888,0.0,0.038374717832957095,0.42105263157894735,0.07511490266711685,0.0,0.4042027601029776,0.9316286826014453,1.0,0.6676529742867546,0.828677148728381,0.9893389360822914,0.4649810159236372,instance,informative+rand_extra
1,0.13800537826102888,0.0,0.038374717832957095,0.631578947368421,0.0780601576841426,0.0,0.4231234352239842,0.9560867148415787,1.0,0.6689304051434175,0.8366671750119025,0.9859640975022638,1.1232976025611918,instance,informative+rand_extra
1,0.7330802000800368,0.6,0.44303797468354433,0.6842105263157895,0.31791934950159384,1.0,0.5069998895087275,1.0,1.0,0.6675559495409663,0.8854084243321985,0.9965525728334287,-0.3644506611081259,instance,informative+rand_extra
1,0.1554472387261452,0.0,0.038374717832957095,0.42105263157894735,0.09264756141132252,0.0,0.4278716808972457,0.9916620344635909,1.0,0.6673039118037273,0.8719707825872477,0.9968768441419944,0.8439372958820173,instance,informative+rand_extra
1,0.1554472387261452,0.0,0.05327868852459017,0.5789473684210527,0.22053397161861765,0.0,0.44028601872319506,0.9938854919399667,1.0,0.668515194069597,0.8912744047540381,0.9905626202074255,0.9439942268902124,instance,informative+rand_extra
1,0.13800537826102888,0.0,0.038374717832957095,0.42105263157894735,0.07537856399679221,0.0,0.39361931497668434,0.9399666481378544,1.0,0.669113431873743,0.839272323182849,0.9910793411673195,0.6954258441083524,instance,informative+rand_extra
1,0.10899143566530967,0.2,0.1863636363636364,0.7894736842105263,0.23487560311391992,0.0,0.4785521695073085,0.9977765425236242,1.0,0.6675390077809336,0.8843051970203137,0.9969899049733808,0.4148611137196363,instance,informative+rand_extra
1,0.10703770554424963,0.0,0.12903225806451613,0.47368421052631576,0.08451517515585039,0.0,0.41629108975079687,0.9949972206781545,0.9565217391304348,0.6362544862808154,0.8513879449827142,0.9863624213374426,0.7084003022000421,instance,informative+rand_extra
1,0.175472043934494,0.6,0.05327868852459017,0.7894736842105263,0.46119768947994755,1.0,0.5108578790055954,1.0,1.0,0.6675840588210418,0.9035380466441346,0.9941040882522756,0.3661519870733133,instance,informative+rand_extra
1,0.10899143566530967,0.0,0.03314917127071826,0.5789473684210527,0.56431624073569,0.0,0.40685949231412366,0.9822123401889938,1.0,0.6675220061406177,0.8685249636312606,0.9843623778944447,0.2868923162976058,instance,informative+rand_extra
1,0.11166733517387928,0.2,0.15000000000000002,0.631578947368421,0.38438526511564886,0.0,0.48608067527297305,0.9983324068927182,1.0,0.6674874134855845,0.8626657857602692,0.9932601582882405,0.16369421983652338,instance,informative+rand_extra
1,0.2614454139987732,0.0,0.44303797468354433,0.7368421052631579,0.3831144133156975,0.0,0.40973350942016673,0.9961089494163424,1.0,0.6684316741354861,0.899500727071188,0.9984283502560558,0.02728814147351523,instance,informative+rand_extra
1,0.13800537826102888,0.0,0.1863636363636364,0.5789473684210527,0.13718494512362467,0.0,0.40493210089750287,0.991106170094497,1.0,0.6680097341526113,0.8968091606748759,0.9984097399139846,1.015364425282503,instance,informative+rand_extra
1,0.11120437221091628,0.0,0.1863636363636364,0.5263157894736842,0.10282339025874787,0.0,0.4030945756183314,0.9888827126181212,1.0,0.6671248627307202,0.8980454683047655,0.9997017952300776,1.2606692453082096,instance,informative+rand_extra
1,0.10184857852245255,0.0,0.038374717832957095,0.42105263157894735,0.07481665438499024,0.0,0.41463449311072,0.980544747081712,1.0,0.6676575418721137,0.8372878383547788,0.9977775230568011,1.067760847262798,instance,informative+rand_extra
1,0.11747357852245255,0.0,0.038374717832957095,0.42105263157894735,0.134462844154088,0.0,0.40275595719726154,0.9755419677598666,0.9565217391304348,0.6666666666666666,0.8238406061854269,0.9849557910954656,1.2133841672446086,instance,informative+rand_extra
1,0.10184857852245255,0.0,0.038374717832957095,0.42105263157894735,0.08288203271055661,0.0,0.3627372406127539,0.9266259032795998,0.9565217391304348,0.6393747295768853,0.8337672031072048,0.9970791588225989,0.2668807261512959,instance,informative+rand_extra
1,0.1554472387261452,0.0,0.12,0.2631578947368421,0.08619330642368084,0.0,0.43424997460466463,0.9877709838799333,0.9565217391304348,0.666133076134793,0.8665283087937886,0.9840310282337197,0.9826556829270591,instance,informative+rand_extra
1,0.13800537826102888,0.0,0.038374717832957095,0.42105263157894735,0.07467484026636767,0.0,0.43176821840099844,0.9738743746525848,1.0,0.6672920694705687,0.8624334224884237,0.9962179196666895,1.72249278060869,instance,informative+rand_extra
1,0.11166733517387928,0.0,0.19318181818181823,0.9473684210526315,0.10628658733323249,0.0,0.41372390133715076,0.9888827126181212,1.0,0.6674416673205179,0.8799693340934461,0.9987746800130133,1.1346790660020512,instance,informative+rand_extra
1,0.374252531739372,0.0,0.6153846153846154,0.6842105263157895,0.5326169833779122,0.0,0.4489911496061273,0.9949972206781545,1.0,0.6672380488419212,0.8949638068899167,0.9857117338780818,0.515145169356239,instance,informative+rand_extra
1,0.11120437221091628,0.0,0.6153846153846154,0.6842105263157895,0.0776320152755074,0.0,0.3926469263110113,0.943301834352418,0.8695652173913043,0.6436817903917328,0.8302179612474789,0.9964413728642,0.3844420848521715,instance,informative+rand_extra
1,0.13800537826102888,0.0,0.9416058394160584,0.3684210526315789,0.712026518683089,0.0,0.47379883114481514,0.9972206781545303,0.9565217391304348,0.6247067984272497,0.8231107583842869,0.996948459473955,1.1025632718560165,instance,informative+rand_extra
1,0.1856071790696292,0.0,0.05327868852459017,0.5789473684210527,0.13557614914852045,0.0,0.4217103754921492,0.9827682045580878,1.0,0.6675790281404118,0.8475107707669411,0.9730491044015113,2.0260542448773298,instance,informative+rand_extra
1,0.5114720439344941,0.4,0.44303797468354433,0.7368421052631579,0.7027447136393216,0.0,0.46532651814667225,0.9983324068927182,1.0,0.6676067781772366,0.8937020183877464,0.9927525732370721,0.28293561338151896,instance,informative+rand_extra
1,0.11747357852245255,0.0,0.038374717832957095,0.42105263157894735,0.08018957582620229,0.0,0.3040877315413433,0.9483046136742634,1.0,0.667135343151093,0.8609169775849316,0.9972534214019645,1.6543532733087378,instance,informative+rand_extra
1,0.2009017841806906,0.0,0.15000000000000002,0.631578947368421,0.5071104095381009,0.0,0.4361024819458945,0.9927737632017788,1.0,0.6680090984479455,0.8857939235627745,0.992046502574266,0.12852478090897487,instance,informative+rand_extra
1,0.1856071790696292,0.0,0.038374717832957095,0.631578947368421,0.07483769250245886,0.0,0.43811878139968274,0.9927737632017788,0.9565217391304348,0.6412643420309421,0.8402320086761538,0.9985573798372211,1.2533039727864659,instance,informative+rand_extra
1,0.175472043934494,0.0,0.038374717832957095,0.42105263157894735,0.31142187894866125,0.0,0.37828863904532317,0.9683157309616454,1.0,0.6692528506430594,0.8627493372961303,0.9854219312836714,0.8903385957303503,instance,informative+rand_extra
1,0.14726463752028818,0.0,0.038374717832957095,0.42105263157894735,0.3343253482105607,0.0,0.4271886115150769,0.990550305725403,1.0,0.7026273558263302,0.8612790568385856,0.9968502570857873,0.9811022305859158,instance,informative+rand_extra
1,0.1146134631200072,0.0,0.02631578947368418,0.42105263157894735,0.258170824080055,0.0,0.4459055530770293,0.9916620344635909,1.0,0.6676118163885979,0.8701221204689084,0.9996244306292715,0.670402206201023,instance,informative+rand_extra
1,0.10703770554424963,0.2,0.038374717832957095,0.631578947368421,0.07815286435405139,0.0,0.4901031849572556,0.9994441356309061,1.0,0.6672303604334187,0.8559018351531964,0.9975951900478088,0.6068005651586066,instance,informative+rand_extra
1,0.5943386734074756,0.0,0.8181818181818181,0.3157894736842105,0.7951645988250542,0.0,0.44220381940531506,0.9972206781545303,1.0,0.6671539436717852,0.8641714040276349,0.9958879325112285,-0.20967670506621494,instance,informative+rand_extra
1,0.09979939819458372,0.0,0.038374717832957095,0.631578947368421,0.07462532021955337,0.0,0.42533350393295644,0.9777654252362423,0.9130434782608695,0.5426269373615096,0.8131887284012881,0.9804642474728458,1.3438566657924729,instance,informative+rand_extra
1,0.10703770554424963,0.0,0.03314917127071826,0.5789473684210527,0.31962698250772387,0.0,0.3849873234211092,0.9844357976653697,1.0,0.6672495695150932,0.8435411307057512,0.9286195740982885,1.3335219887912226,instance,informative+rand_extra
1,0.25526814819458377,0.2,0.9416058394160584,0.3684210526315789,0.7868362247422459,0.0,0.4721037855181578,0.9977765425236242,1.0,0.6673931873876418,0.8790812954547584,0.995757265550446,-0.966773322128919,instance,informative+rand_extra
1,0.10184857852245255,0.0,0.1863636363636364,0.5789473684210527,0.07754574424642202,0.0,0.4029830564216035,0.971650917176209,1.0,0.6679071869510108,0.8514272434458722,0.9956421356437215,-0.04400090095018001,instance,informative+rand_extra
1,0.311472043934494,0.0,0.15000000000000002,0.631578947368421,0.11879767304090627,0.0,0.4348308566814819,0.9944413563090606,1.0,0.6676093506109744,0.8702758566392793,0.9957492138486252,0.8399715789808975,instance,informative+rand_extra
1,0.11120437221091628,0.0,0.038374717832957095,0.631578947368421,0.08384107710471123,0.0,0.43946873635692385,0.991106170094497,1.0,0.6673550406276912,0.8795229446880343,0.9922315197156701,0.7673855913047306,instance,informative+rand_extra
1,0.25526814819458377,0.0,0.41666666666666663,0.5263157894736842,0.5235055045854615,0.0,0.40068212506717726,0.9916620344635909,1.0,0.667858622470662,0.8734653961750015,0.9981706724940467,-0.12617820062634216,instance,informative+rand_extra
1,0.10184857852245255,0.0,0.038374717832957095,0.42105263157894735,0.07949835068741684,0.0,0.39958042664570637,0.9505280711506392,1.0,0.6675452519224558,0.839137246770415,0.9966274994719929,1.2410565018139867,instance,informative+rand_extra
1,0.6756922553374409,0.4,0.19318181818181823,0.9473684210526315,0.41270350266348654,0.0,0.4864049939762256,0.9988882712618121,1.0,0.6675855272583561,0.8912099800251386,0.9876143205355699,0.4450185009869918,instance,informative+rand_extra
1,0.1831327315279171,0.0,0.0,0.21052631578947367,0.5264186826078842,0.0,0.42213017917974327,0.9922178988326849,0.9130434782608695,0.6643823672464468,0.8229828651549902,0.9748286032042427,0.9183123605463703,instance,informative+rand_extra
1,0.10703770554424963,0.0,0.038374717832957095,0.631578947368421,0.1293862553269235,0.0,0.44180312803232347,0.9855475264035576,1.0,0.6672963370084058,0.8605877739263947,0.9806507823810907,1.7896998905507957,instance,informative+rand_extra
1,0.10184857852245255,0.2,0.06666666666666665,0.47368421052631576,0.4678325678730316,0.0,0.46308427187995094,0.9977765425236242,1.0,0.6688541602902666,0.8640091109778736,0.9774823905827199,0.30653158354187054,instance,informative+rand_extra
1,0.10703770554424963,0.0,0.05327868852459017,0.5789473684210527,0.08773814007368896,0.0,0.42500826167407646,0.9849916620344636,0.9565217391304348,0.6217148660115013,0.8519944844087864,0.9940723262750694,0.8718437744249175,instance,informative+rand_extra
1,0.10703770554424963,0.0,0.15000000000000002,0.631578947368421,0.08467043987344891,0.0,0.41448395846833186,0.9772095608671484,0.9565217391304348,0.6406355448695795,0.8558165356270883,0.968820607506549,0.8054010662255198,instance,informative+rand_extra
1,0.2242525317393721,0.0,0.02631578947368418,0.42105263157894735,0.33981850594914587,0.0,0.4318740522012684,0.9766536964980544,1.0,0.6672960233424692,0.8368353966012252,0.9918622708610094,0.7522465374368293,instance,informative+rand_extra
1,0.5184458162646185,0.0,0.19999999999999996,0.5263157894736842,0.6729575694132574,0.0,0.40447630523658307,0.9949972206781545,1.0,0.6676770378965939,0.8874679545937589,0.9926682510931625,0.38996817137023765,instance,informative+rand_extra
1,0.1554472387261452,0.2,0.05327868852459017,0.5789473684210527,0.4091746420771737,0.0,0.44753389826306866,0.9983324068927182,1.0,0.6678212339737805,0.8684834392016635,0.9982418767467559,0.45622771570961473,instance,informative+rand_extra
1,0.19200096955432877,0.0,0.05327868852459017,0.5789473684210527,0.09261471861499232,0.0,0.42493060441950303,0.980544747081712,1.0,0.6676533374670713,0.8610803468440428,0.9950633096150768,1.2040424231850793,instance,informative+rand_extra
1,0.10703770554424963,0.0,0.05327868852459017,0.5789473684210527,0.1436444154535927,0.0,0.43287068392264305,0.9699833240689272,1.0,0.6676490042451916,0.86999002196391,0.9915361402520497,0.655103523548197,instance,informative+rand_extra
1,0.2336676362209954,0.0,0.19999999999999996,0.5263157894736842,0.08245990266222825,0.0,0.47963743219668087,0.9961089494163424,1.0,0.6674167994368065,0.8638334540756318,0.9996599607065664,1.161897664907738,instance,informative+rand_extra
1,0.10184857852245255,0.0,0.038374717832957095,0.42105263157894735,0.07465331024031202,0.0,0.43009707778309714,0.9888827126181212,1.0,0.6678297040099946,0.8337646764986569,0.9924180995989215,1.085064713741938,instance,informative+rand_extra
1,0.1554472387261452,0.2,0.1863636363636364,0.7894736842105263,0.11186089395672527,0.2,0.4760776000203826,0.9988882712618121,1.0,0.6674134507085343,0.8903091108979033,0.9638737033382354,0.5694437824880328,instance,informative+rand_extra
1,0.2983533998666974,0.0,0.038374717832957095,0.42105263157894735,0.08005717187305972,0.0,0.4510694376151029,0.9849916620344636,1.0,0.6676004397370227,0.8846590060399756,0.9935202054846587,1.103586600290899,instance,informative+rand_extra
1,0.25526814819458377,0.0,0.03314917127071826,0.5789473684210527,0.07462252611375686,0.0,0.4266280506826502,0.9822123401889938,0.9130434782608695,0.5815317929030355,0.8451851041187908,0.9962689630737588,1.5097017606145597,instance,informative+rand_extra
1,0.1856071790696292,0.0,0.038374717832957095,0.631578947368421,0.08662468469952767,0.0,0.4379166793462991,0.9938854919399667,1.0,0.6683745876588137,0.8746959698425342,0.9991641282950351,1.3844352987984694,instance,informative+rand_extra
1,0.1710722387261452,0.0,0.1863636363636364,0.631578947368421,0.30742080459726984,0.0,0.4359609879258318,0.9955530850472485,1.0,0.6677402949058112,0.9052350164948563,0.9902610873084715,0.5709973786617133,instance,informative+rand_extra
1,0.374252531739372,0.2,0.05327868852459017,0.5789473684210527,0.2560125977651042,0.0,0.49490204857758824,0.9977765425236242,1.0,0.667359433002873,0.8768871262106704,0.9971795349652095,0.41733500072019486,instance,informative+rand_extra
1,0.16109175959830369,0.0,0.05327868852459017,0.5789473684210527,0.7184681492481976,0.0,0.4532233955095847,0.9922178988326849,1.0,0.6682785526895906,0.8575107519288803,0.9763342778800946,0.020714532261636286,instance,informative+rand_extra
1,0.1146134631200072,0.2,0.7938144329896908,0.6842105263157895,0.3859548895212902,0.5,0.5040595756359214,1.0,1.0,0.667270060106068,0.8628568407364096,0.9966126569447267,0.9100190380904193,instance,informative+rand_extra
1,0.640787770287607,0.8,0.7938144329896908,0.5789473684210527,0.7307607326793271,1.0,0.5309954860299638,1.0,1.0,0.6676910175965912,0.8569687932191085,0.9942198376931548,-0.22322345703621313,instance,informative+rand_extra
1,0.1838053772678273,0.0,0.19318181818181823,0.9473684210526315,0.11445830654712597,0.0,0.4485410019886774,0.9966648137854364,1.0,0.667398894307986,0.881222105259676,0.9999788861118827,0.053310111272296096,instance,informative+rand_extra
1,0.13800537826102888,0.0,0.1863636363636364,0.631578947368421,0.13861873488353726,0.0,0.42507071620218473,0.990550305725403,1.0,0.6678521652545643,0.8990306552424289,0.9963035408162761,0.9013099049643556,instance,informative+rand_extra
1,0.24116273462518467,0.0,0.038374717832957095,0.631578947368421,0.08126087401984117,0.0,0.42730521339508976,0.9966648137854364,1.0,0.6681007019879068,0.8641419446762848,0.9913433238970534,1.563012383061485,instance,informative+rand_extra
1,0.19200096955432877,0.0,0.19318181818181823,0.9473684210526315,0.45955153089599177,0.0,0.4271285651013986,0.9944413563090606,1.0,0.6677757825223881,0.8990619007086794,0.9983797506904962,-0.13045921446258027,instance,informative+rand_extra
1,0.10184857852245255,0.0,0.05327868852459017,0.5789473684210527,0.08396637615069924,0.0,0.36865669712989246,0.9861033907726515,1.0,0.667782290519437,0.8448064225878151,0.9945893771070721,1.0410013300083654,instance,informative+rand_extra
1,0.10184857852245255,0.0,0.038374717832957095,0.42105263157894735,0.0746418735557563,0.0,0.4175702740346894,0.9749861033907726,0.9565217391304348,0.6252567446361434,0.8310863484757512,0.9892297205817864,1.4251129230410235,instance,informative+rand_extra
1,0.2242525317393721,0.0,0.1863636363636364,0.5263157894736842,0.08082005792245195,0.0,0.4211351784167897,0.9899944413563091,1.0,0.6674213239691735,0.8633017882659438,0.9982836930464859,0.7935595630213916,instance,informative+rand_extra
1,0.10184857852245255,0.4,0.1863636363636364,0.7894736842105263,0.10931959993260287,0.0,0.4767398653397251,0.9983324068927182,1.0,0.6676200542277775,0.8616843792225108,0.9823990359762562,0.4874419048704267,instance,informative+rand_extra
1,0.10703770554424963,0.0,0.038374717832957095,0.631578947368421,0.07520284734321458,0.0,0.3742022571722722,0.9399666481378544,1.0,0.6671812795044246,0.8526968332816642,0.983944494702688,1.6515651327824028,instance,informative+rand_extra
1,0.1781894352388419,0.0,0.03314917127071826,0.5789473684210527,0.09896480209092945,0.0,0.4364595012478325,0.9861033907726515,1.0,0.667546199553219,0.8809410510692549,0.998298996196328,1.2803940211965246,instance,informative+rand_extra
1,0.1146134631200072,0.0,0.1863636363636364,0.7368421052631579,0.6999692428379045,0.0,0.44431469834111037,0.9938854919399667,1.0,0.6677050688865498,0.9011658022114375,0.9993796530374526,0.4796623109823614,instance,informative+rand_extra
1,0.10184857852245255,0.0,0.038374717832957095,0.631578947368421,0.07470267428500577,0.0,0.40959484209375896,0.9710950528071151,1.0,0.6680288473758045,0.8400242389412781,0.9980784343046301,1.4415102529262587,instance,informative+rand_extra
1,0.1146134631200072,0.0,0.1863636363636364,0.5263157894736842,0.30355007938517203,0.0,0.43870364269509843,0.9883268482490273,1.0,0.6671809337652241,0.880525565665755,0.9988860266645,1.0166005577273745,instance,informative+rand_extra
1,0.19200096955432877,0.2,0.0,0.3157894736842105,0.08249126996760953,0.0,0.4810764448270122,0.9977765425236242,1.0,0.6675251288129234,0.8827320369901624,0.9975066128921112,0.5134288040216469,instance,informative+rand_extra
1,0.6465417385415753,0.2,0.12903225806451613,0.47368421052631576,0.5533246340928066,0.0,0.47736119473511207,0.9977765425236242,1.0,0.6673344731239952,0.8997124445094485,0.9998479860020035,0.5030731156929366,instance,informative+rand_extra
1,0.1781894352388419,0.0,0.0,0.3157894736842105,0.21199285952764274,0.0,0.3921456878092784,0.9710950528071151,1.0,0.6674568225140586,0.8842656069067203,0.9982585872039091,0.48457429807708186,instance,informative+rand_extra
1,0.1781894352388419,0.0,0.038374717832957095,0.42105263157894735,0.31192920125243384,0.0,0.37984027928363584,0.9938854919399667,1.0,0.6671643383566546,0.8608339453210223,0.9949172885945736,0.572126821143968,instance,informative+rand_extra
1,0.1554472387261452,0.0,0.038374717832957095,0.42105263157894735,0.0884558405617159,0.0,0.41815417794333387,0.9938854919399667,1.0,0.6674972275642085,0.9008462664861119,0.996380596009887,1.2969619403704282,instance,informative+rand_extra
1,0.175472043934494,0.0,0.1863636363636364,0.5263157894736842,0.12185107570374754,0.0,0.420830444474531,0.9760978321289605,1.0,0.6672045161929672,0.8617373239755716,0.9898078217936084,0.8535749696556828,instance,informative+rand_extra
1,0.10184857852245255,0.0,0.038374717832957095,0.47368421052631576,0.07971313981338951,0.0,0.4607401041220205,0.9944413563090606,1.0,0.6672001497091862,0.8475262870087722,0.9986514192857096,0.8082500722199953,instance,informative+rand_extra
1,0.175472043934494,0.0,0.1863636363636364,0.5789473684210527,0.3655837291593742,0.0,0.4539236957598636,0.9966648137854364,1.0,0.6678066745971618,0.8915159102307664,0.9980559967223306,0.5218639354304324,instance,informative+rand_extra
1,0.10184857852245255,0.0,0.038374717832957095,0.42105263157894735,0.07471465196318139,0.0,0.377925047555836,0.9238465814341301,1.0,0.6677551256479746,0.8521030272569063,0.989595307236044,1.4323776680848141,instance,informative+rand_extra
1,0.13800537826102888,0.0,0.10526315789473684,0.42105263157894735,0.07778816579916975,0.0,0.41722731402732594,0.980544747081712,1.0,0.6683685579972102,0.8806563437782241,0.9978482333631754,1.2391838896059455,instance,informative+rand_extra
1,0.311472043934494,0.0,0.7938144329896908,0.6842105263157895,0.6274391439073767,0.0,0.38384766020975347,0.9961089494163424,1.0,0.6674665089246145,0.8991194405173699,0.9912554033543767,0.7546446261231923,instance,informative+rand_extra
1,0.1781894352388419,0.0,0.1863636363636364,0.7894736842105263,0.23866112307247828,0.0,0.42641851605337755,0.9955530850472485,1.0,0.6674749335694005,0.9136733833374682,0.9987670459224145,0.7716148824452589,instance,informative+rand_extra
1,0.175472043934494,0.0,0.038374717832957095,0.42105263157894735,0.0751999526356259,0.0,0.3511094532393757,0.9505280711506392,1.0,0.667351335766362,0.8606485384082496,0.9942263809147878,1.1876844761692673,instance,informative+rand_extra
1,0.10703770554424963,0.2,0.19318181818181823,0.9473684210526315,0.13735323214314266,0.0,0.4356884535550757,0.9983324068927182,1.0,0.6676620051637827,0.8791036008432163,0.9970252609963395,0.6004792714623626,instance,informative+rand_extra
1,0.311472043934494,0.0,0.03314917127071826,0.5789473684210527,0.13475752779738093,0.0,0.42811544599448015,0.9688715953307393,1.0,0.6674918837803058,0.857915911146082,0.9891957644185169,1.3778962554349627,instance,informative+rand_extra
1,0.10703770554424963,0.0,0.03314917127071826,0.5789473684210527,0.07478430425593208,0.0,0.35938527167990575,0.9216231239577544,1.0,0.6672167997891195,0.8310939613540987,0.9981665884202287,1.7378118308734944,instance,informative+rand_extra
1,0.1554472387261452,0.0,0.038374717832957095,0.631578947368421,0.07579115443181417,0.0,0.41603303780666945,0.9738743746525848,0.9565217391304348,0.6637627927511298,0.8779467970120044,0.9964235364811003,1.399800450030038,instance,informative+rand_extra
1,0.1781894352388419,0.0,0.03314917127071826,0.5789473684210527,0.10985794075667699,0.0,0.3827229126417969,0.9694274596998332,1.0,0.6677222188951208,0.8881133972646246,0.9971570058990472,0.8899148602149167,instance,informative+rand_extra
1,0.3092748608359025,0.2,0.0625,0.2631578947368421,0.17862454613147927,0.0,0.4312355834643402,0.9988882712618121,1.0,0.6674865331996575,0.8809274000534875,0.9860915940254673,0.6267805217361262,instance,informative+rand_extra
1,0.11120437221091628,0.0,0.44303797468354433,0.7368421052631579,0.3148223717278861,0.0,0.47973630876197093,0.9961089494163424,1.0,0.6675239741665657,0.8766898024995485,0.981083817117449,0.32633413381762183,instance,informative+rand_extra
1,0.16109175959830369,0.4,0.02631578947368418,0.42105263157894735,0.7388938985092826,1.0,0.5009188163517826,1.0,1.0,0.6677645145851153,0.8733656269186036,0.987381916909541,-0.5429525930077554,instance,informative+rand_extra
1,0.5114720439344941,0.4,0.44303797468354433,0.7368421052631579,0.5193316578695465,1.0,0.5030690857209312,1.0,1.0,0.6675448355843197,0.8930545029396718,0.9994624090517882,0.9381275062650329,instance,informative+rand_extra
1,0.10184857852245255,0.0,0.2142857142857143,0.5263157894736842,0.284206534603039,0.0,0.3729612811452826,0.9644246803779878,1.0,0.6675461573201797,0.8381775582239424,0.9945210010207142,0.3105598240951021,instance,informative+rand_extra
1,0.10703770554424963,0.0,0.038374717832957095,0.631578947368421,0.07461577819409115,0.0,0.3968984042396412,0.9533073929961089,0.8695652173913043,0.6283403349683118,0.8150103310301927,0.9906915730552649,1.8019762100550225,instance,informative+rand_extra
1,0.10184857852245255,0.0,0.0,0.21052631578947367,0.07465511771447952,0.0,0.4136358867530826,0.9555308504724848,0.9565217391304348,0.6118117198953663,0.8209865814717218,0.9988983397515658,0.4152549353610517,instance,informative+rand_extra
1,0.175472043934494,0.0,0.038374717832957095,0.42105263157894735,0.07994952626806978,0.0,0.36994933505650307,0.9916620344635909,1.0,0.6681408733158131,0.8628514452279356,0.9912387831894437,0.07204869068107482,instance,informative+rand_extra
1,0.6195239546838461,0.0,0.19318181818181823,0.9473684210526315,0.5768689148030893,0.0,0.46519587618868474,0.9944413563090606,1.0,0.6678023029894472,0.8875316252804386,0.993176383285982,-0.2488814698755711,instance,informative+rand_extra
1,0.1781894352388419,0.0,0.038374717832957095,0.42105263157894735,0.09313784277286408,0.0,0.43068108189022536,0.980544747081712,1.0,0.6679625212538606,0.8818524227069215,0.9993707691900193,0.8347081380637283,instance,informative+rand_extra
1,0.13800537826102888,0.0,0.12,0.2631578947368421,0.0772630280251626,0.0,0.4144531592681986,0.9855475264035576,1.0,0.6678815223835807,0.8518536416172096,0.9836338053108555,1.23567444983095,instance,informative+rand_extra
1,0.1554472387261452,0.6,0.05327868852459017,0.5789473684210527,0.2150228360012939,0.25,0.5051151916822041,1.0,1.0,0.6675873306875756,0.9080367612252023,0.9844595533907897,0.7199997707632537,instance,informative+rand_extra
1,0.16109175959830369,0.0,0.02631578947368418,0.42105263157894735,0.7868256315514642,0.0,0.46118618786114185,0.9972206781545303,1.0,0.6683467134749547,0.8518507594499398,0.9942132217229037,-0.13703349782381044,instance,informative+rand_extra
1,0.4121387106011607,0.2,0.1863636363636364,0.7894736842105263,0.3863402528581922,0.0,0.4173332782368877,0.9983324068927182,1.0,0.6675371274322212,0.8896836577010437,0.9958911858048968,0.6308497633134296,instance,informative+rand_extra
1,0.4390916776063485,0.0,0.12903225806451613,0.47368421052631576,0.09207804469530512,0.0,0.44505316258494865,0.9933296275708727,1.0,0.667525684971149,0.8572952126581207,0.9992603673148801,0.636090320856708,instance,informative+rand_extra
1,0.10703770554424963,0.0,0.12903225806451613,0.47368421052631576,0.07535840859485032,0.0,0.34908686996341254,0.9633129516397999,0.9565217391304348,0.6582233934190016,0.8490085099534194,0.9976919353535476,1.57811648936624,instance,informative+rand_extra
1,0.1856071790696292,0.4,0.038374717832957095,0.42105263157894735,0.593494081312159,0.0,0.46939781080342236,0.9994441356309061,1.0,0.667182739805774,0.8820061117824466,0.9910611692334514,0.3574225155970135,instance,informative+rand_extra
1,0.10184857852245255,0.0,0.0625,0.2631578947368421,0.07473144968273865,0.0,0.44407561946157115,0.9833240689271817,0.9565217391304348,0.6130937993180676,0.8369296325077247,0.9916788588689689,0.25810739643426917,instance,informative+rand_extra
1,0.11120437221091628,0.0,0.1863636363636364,0.5263157894736842,0.1896783558381866,0.0,0.4641460054151363,0.9972206781545303,1.0,0.6674328537012925,0.8949366363018114,0.9972140241376489,0.3053296048606418,instance,informative+rand_extra
1,0.1781894352388419,0.0,0.19318181818181823,0.9473684210526315,0.5756072864200603,0.0,0.43937020479602906,0.9955530850472485,1.0,0.667649920872332,0.8868611711266143,0.9984070257217925,-0.07797478259040795,instance,informative+rand_extra
1,0.1710722387261452,0.2,0.1863636363636364,0.7894736842105263,0.07803284937990468,0.0,0.4499538003407122,0.9977765425236242,1.0,0.6676267539799254,0.8936409279195573,0.991721986215633,1.452283220221274,instance,informative+rand_extra
1,0.10703770554424963,0.0,0.038374717832957095,0.42105263157894735,0.20012608627136608,0.0,0.4047135737996871,0.9838799332962757,1.0,0.6673579074866628,0.8665709163490329,0.9957537246388465,0.2901924667535719,instance,informative+rand_extra
1,0.43547648152791707,0.0,0.1863636363636364,0.5789473684210527,0.09780295188842203,0.0,0.43572653309104215,0.9916620344635909,1.0,0.6691579284782153,0.8625817171894277,0.9989006693440987,0.36804612179009105,instance,informative+rand_extra
1,0.25526814819458377,0.4,0.0625,0.2631578947368421,0.6422841949444761,0.0,0.4761041075077169,0.9988882712618121,1.0,0.6676031560929611,0.8913917538435491,0.9999218865431188,0.3525199749671326,instance,informative+rand_extra
1,0.311472043934494,0.0,0.7272727272727273,0.47368421052631576,0.5220300536607815,0.0,0.41592764299914886,0.991106170094497,1.0,0.6672509471203105,0.859181017383027,0.9739460563475635,1.2834240862226747,instance,informative+rand_extra
1,0.13800537826102888,0.0,0.03314917127071826,0.5789473684210527,0.08818876394752062,0.0,0.4412171455604197,0.9888827126181212,1.0,0.667714976335319,0.866104185872544,0.9898899157060883,1.5923473461051119,instance,informative+rand_extra
1,0.10703770554424963,0.0,0.03314917127071826,0.5789473684210527,0.07496243665188845,0.0,0.40910094424639754,0.9405225125069483,1.0,0.6671891843499447,0.8532596243155293,0.9963449472484183,1.2149670275448943,instance,informative+rand_extra
1,0.1146134631200072,0.0,0.03314917127071826,0.5789473684210527,0.0886395488896744,0.0,0.40074145008459894,0.9794330183435241,1.0,0.6672806952337651,0.8790161564939395,0.9920712869040146,1.388351659327955,instance,informative+rand_extra
1,0.10184857852245255,0.0,0.038374717832957095,0.42105263157894735,0.0763823681210889,0.0,0.4028705963201594,0.9827682045580878,1.0,0.6675866744501042,0.8451110421859104,0.9748826167886427,1.3698330645954566,instance,informative+rand_extra
1,0.11120437221091628,0.0,0.12903225806451613,0.47368421052631576,0.61103303098741,0.0,0.4628997138398713,0.9961089494163424,1.0,0.6672660548282588,0.879536611382927,0.9958727865158247,0.18342890151070126,instance,informative+rand_extra
1,0.28488037826102885,0.0,0.038374717832957095,0.631578947368421,0.07501779963598709,0.0,0.42768824006733486,0.9777654252362423,1.0,0.6679070234517596,0.8697492261965513,0.9946307384428341,1.3461292939244305,instance,informative+rand_extra
1,0.11120437221091628,0.0,0.05882352941176472,0.42105263157894735,0.24680519172418408,0.0,0.4278786000550916,0.9861033907726515,1.0,0.6672996597150164,0.8683411525109441,0.9979545926149133,0.9719176174242854,instance,informative+rand_extra
1,0.1554472387261452,0.0,0.05327868852459017,0.5789473684210527,0.10575682530140512,0.0,0.4523206085601905,0.9955530850472485,1.0,0.6680209449372518,0.8854986979141413,0.998970632393699,0.921746474186578,instance,informative+rand_extra
1,0.1722646375202882,0.4,0.05327868852459017,0.7894736842105263,0.3756109079993629,0.5,0.49907401726635137,0.9994441356309061,1.0,0.6680601379555444,0.8786979808728086,0.9893322425815881,0.6103247264079781,instance,informative+rand_extra
1,0.36713871060116066,0.0,0.12903225806451613,0.47368421052631576,0.1087725221535969,0.0,0.42535228359368216,0.9866592551417455,1.0,0.667540375344176,0.8487439949128968,0.9813970262294088,0.7053092132756542,instance,informative+rand_extra
1,0.11120437221091628,0.0,0.0625,0.2631578947368421,0.5852871407763182,0.0,0.4323918337586701,0.9938854919399667,1.0,0.6672689854859049,0.8754553534473242,0.981206581464523,0.699517093635773,instance,informative+rand_extra
1,0.13800537826102888,0.0,0.038374717832957095,0.42105263157894735,0.07697981394394515,0.0,0.39235620220160494,0.952195664257921,1.0,0.6676347392196988,0.8843578339865389,0.9969260388096759,1.3955429682656888,instance,informative+rand_extra
1,0.11166733517387928,0.0,0.8125,0.5263157894736842,0.3164970740012053,0.0,0.4253146279890182,0.9883268482490273,1.0,0.6675680374274768,0.8729749262247917,0.991209379695588,0.49179694175109817,instance,informative+rand_extra
1,0.09979939819458372,0.6,0.19318181818181823,0.8947368421052632,0.7995853973879653,1.0,0.52450454659368,1.0,0.9565217391304348,0.6666666666666666,0.832417315763135,0.9937464326099674,-0.5404603837936789,instance,informative+rand_extra
1,0.1146134631200072,0.2,0.03314917127071826,0.5789473684210527,0.2572040992076965,0.0,0.4598820277470449,0.9988882712618121,1.0,0.667663456427554,0.8838216095234878,0.9954382277242744,0.71492991221914,instance,informative+rand_extra
1,0.22325096955432877,0.0,0.0625,0.2631578947368421,0.4808965528028917,0.0,0.42440514250494243,0.9916620344635909,1.0,0.6675032183277755,0.8572078767525665,0.9664531238155153,-0.06265413597500265,instance,informative+rand_extra
1,0.10703770554424963,0.0,0.15000000000000002,0.631578947368421,0.09221293064667835,0.0,0.419407118168419,0.9783212896053363,1.0,0.6673902302223482,0.8566334775740864,0.9959258760776138,1.2837752795658453,instance,informative+rand_extra
1,0.34835339986669744,0.0,0.038374717832957095,0.42105263157894735,0.11298542485288554,0.0,0.4592029023819696,0.9955530850472485,1.0,0.6677015100971452,0.8962289973972047,0.9784979474095209,1.1322678540500162,instance,informative+rand_extra
1,0.3242525317393721,0.2,0.02631578947368418,0.42105263157894735,0.2997300056402946,0.0,0.4668790880421061,0.9983324068927182,1.0,0.6674850789270436,0.8617155818015986,0.9943804238351597,0.8931438035167408,instance,informative+rand_extra
1,0.1856071790696292,0.0,0.05327868852459017,0.7894736842105263,0.1963281868721568,0.0,0.4279799343619868,0.9916620344635909,1.0,0.6680985485315055,0.8671644057478282,0.9826685731437509,1.082393442462863,instance,informative+rand_extra
1,0.4531848148612504,0.2,0.1863636363636364,0.5789473684210527,0.2567170187665443,0.0,0.4784268012792243,0.9983324068927182,1.0,0.6676462742549243,0.8812501234668652,0.9998684418162503,0.9028850222593855,instance,informative+rand_extra
1,0.21100279428170077,0.2,0.1863636363636364,0.5263157894736842,0.11345760123321463,0.0,0.4849719911605239,0.9988882712618121,1.0,0.6675727033136413,0.9005779724995301,0.9960836303189766,1.124487763514988,instance,informative+rand_extra
1,0.1146134631200072,0.0,0.05327868852459017,0.5789473684210527,0.36161895400275235,0.0,0.4519421614862793,0.9938854919399667,1.0,0.6680021645529209,0.8862600687706114,0.9833879769640129,0.41656138224374933,instance,informative+rand_extra
1,0.3729152070181132,0.2,0.0,0.3684210526315789,0.28674067513016566,0.0,0.4884001374633695,0.9994441356309061,0.9565217391304348,0.6521587189527025,0.8509440673800358,0.9792113972351217,0.2967124659608336,instance,informative+rand_extra
1,0.1554472387261452,0.0,0.038374717832957095,0.42105263157894735,0.0791512548538732,0.0,0.40154796445487795,0.9683157309616454,1.0,0.6678934239632522,0.8655127925415634,0.9861162173100871,0.9770905804137225,instance,informative+rand_extra
1,0.11166733517387928,0.0,0.02631578947368418,0.42105263157894735,0.43382308329867614,0.0,0.34212096124745883,0.9772095608671484,1.0,0.6673997268220875,0.8652366831639277,0.9874075688797852,0.5476359568071334,instance,informative+rand_extra
1,0.21283430288766203,0.2,0.038374717832957095,0.42105263157894735,0.18343430526620708,0.0,0.4581478687718673,0.9988882712618121,1.0,0.6691444976949148,0.8898000330591291,0.9963861191472249,0.7501714863787731,instance,informative+rand_extra
1,0.10184857852245255,0.0,0.038374717832957095,0.42105263157894735,0.0747107424899176,0.0,0.37524351602563866,0.9544191217342969,1.0,0.6682801748256672,0.8414431642583334,0.991651096257592,1.1689715758431536,instance,informative+rand_extra
1,0.10703770554424963,0.0,0.15000000000000002,0.631578947368421,0.08464276086161104,0.0,0.4118566125436779,0.9388549193996665,1.0,0.6688491158386056,0.8300113461060095,0.9500814895655922,1.037627185555588,instance,informative+rand_extra
1,0.16109175959830369,0.6,0.02631578947368418,0.42105263157894735,0.42648855007514674,0.3333333333333333,0.4547315269426868,0.9994441356309061,1.0,0.6679327303756447,0.8779823944074328,0.9982628235869643,-0.10869050623722423,instance,informative+rand_extra
1,0.2009017841806906,0.0,0.1863636363636364,0.5263157894736842,0.15281676605903638,0.0,0.458785454184957,0.9949972206781545,1.0,0.6674155180911965,0.8876849377073258,0.9811410720452328,0.7820225096733786,instance,informative+rand_extra
1,0.19200096955432877,0.0,0.038374717832957095,0.631578947368421,0.07979063541232057,0.0,0.4575177726972276,0.9888827126181212,1.0,0.6675801542038935,0.8463482925853323,0.9917953938042685,1.1745490573474424,instance,informative+rand_extra
1,0.30797204393449407,0.2,0.19999999999999996,0.5263157894736842,0.4374948397009445,0.0,0.46869575915442396,0.9983324068927182,1.0,0.6678426492506504,0.8702977896851299,0.9995060409874296,-0.00032768540896399096,instance,informative+rand_extra
1,0.1856071790696292,0.0,0.05327868852459017,0.7894736842105263,0.08116111255652392,0.0,0.391771155569532,0.9827682045580878,1.0,0.6688821108753676,0.8720718071652722,0.9957428616285903,1.529723657405115,instance,informative+rand_extra
1,0.11166733517387928,0.0,0.15000000000000002,0.631578947368421,0.5418070965948937,0.0,0.4423076596700237,0.9838799332962757,1.0,0.6676720291380661,0.8631151455813388,0.99110361505135,-0.4160296222286251,instance,informative+rand_extra
1,0.175472043934494,0.0,0.05882352941176472,0.42105263157894735,0.5836068186247519,0.0,0.43137803012730824,0.9933296275708727,1.0,0.6676432381706159,0.8923291258501891,0.9974515038341413,-0.25130090656868725,instance,informative+rand_extra
1,0.2983533998666974,0.0,0.1863636363636364,0.631578947368421,0.12415175116923599,0.0,0.43492276110681627,0.9894385769872152,1.0,0.6677499295873185,0.9080754883807474,0.9961440188848119,0.6864815056193463,instance,informative+rand_extra
1,0.1856071790696292,0.0,0.05327868852459017,0.5789473684210527,0.5355033451625325,0.0,0.43207849583718794,0.9922178988326849,1.0,0.6671907577482664,0.8869426274696324,0.9982103850365848,1.0626678229319473,instance,informative+rand_extra
1,0.6070309687074043,0.8,0.1863636363636364,0.6842105263157895,0.30561550325229714,0.5,0.5287453624399341,1.0,1.0,0.667963201905937,0.8819463644733949,0.98636858288562,-0.12276973377509766,instance,informative+rand_extra
1,0.10703770554424963,0.0,0.038374717832957095,0.42105263157894735,0.07595365035234153,0.0,0.36389413670011805,0.9838799332962757,0.9565217391304348,0.6510643685110086,0.8462644265114979,0.992116131171168,1.4344742877652683,instance,informative+rand_extra
1,0.19200096955432877,0.0,0.0,0.21052631578947367,0.08494575098692492,0.0,0.4093043755959763,0.9888827126181212,1.0,0.6680236318492014,0.8504347398349877,0.9958551816043701,-0.5898574698099096,instance,informative+rand_extra
1,0.10184857852245255,0.0,0.038374717832957095,0.42105263157894735,0.07590586099936492,0.0,0.40284951101497246,0.9816564758198999,1.0,0.6674326192380298,0.8785205098803482,0.9997925213996653,1.3935470207694385,instance,informative+rand_extra
1,0.10703770554424963,0.0,0.038374717832957095,0.42105263157894735,0.0767691875059815,0.0,0.41464559168594406,0.9733185102834908,1.0,0.667054417421312,0.8594835798402779,0.9769934667316532,1.095384110452617,instance,informative+rand_extra
1,0.24547204393449407,0.0,0.038374717832957095,0.42105263157894735,0.07516002782338704,0.0,0.4247980582125732,0.9838799332962757,0.9565217391304348,0.6336309128239772,0.8280743180919758,0.9978145988236546,0.28796607686286374,instance,informative+rand_extra
1,0.1554472387261452,0.0,0.10526315789473684,0.42105263157894735,0.11952862443821816,0.0,0.4292004332998519,0.9933296275708727,0.9565217391304348,0.6666666666666666,0.8706278611274115,0.9922684744905644,0.5706860152693434,instance,informative+rand_extra
1,0.5184458162646185,0.0,0.06666666666666665,0.47368421052631576,0.7723324665544121,0.0,0.43858863707450113,0.9966648137854364,1.0,0.6679450463312101,0.8543900772096845,0.9984500525350855,-0.5693935333009982,instance,informative+rand_extra
1,0.175472043934494,0.0,0.1863636363636364,0.6842105263157895,0.5090544360508279,0.0,0.4606028215286321,0.9933296275708727,1.0,0.6680181367228893,0.9028338694258026,0.9995280594070698,0.15720051515621625,instance,informative+rand_extra
1,0.10184857852245255,0.0,0.05327868852459017,0.5789473684210527,0.7117859364255102,0.0,0.42998017716247516,0.9922178988326849,1.0,0.6759642299461711,0.8604421051072351,0.9921198974117311,0.27663778444729503,instance,informative+rand_extra
1,0.6756922553374409,0.2,0.038374717832957095,0.631578947368421,0.0997228945358577,0.0,0.4592102820081223,0.9977765425236242,1.0,0.6676696875719429,0.8722640892464978,0.9864911436152214,0.7006837515342691,instance,informative+rand_extra
1,0.1781894352388419,0.0,0.03314917127071826,0.5789473684210527,0.13759776981533783,0.0,0.40762872743078227,0.9722067815453029,1.0,0.6676932257534051,0.8854098320250415,0.9977507522942339,0.7829445335239396,instance,informative+rand_extra
1,0.10703770554424963,0.0,0.02631578947368418,0.42105263157894735,0.07501369451822637,0.0,0.4001308292851734,0.9788771539744302,1.0,0.6670879322603792,0.8330943866194843,0.9939582347701943,1.4109431343048868,instance,informative+rand_extra
1,0.1554472387261452,0.0,0.10526315789473684,0.42105263157894735,0.07598283834746505,0.0,0.4694781464646689,0.9899944413563091,1.0,0.66821392961095,0.8412787665438349,0.9849226366094836,1.288942303149325,instance,informative+rand_extra
1,0.10703770554424963,0.0,0.05327868852459017,0.5789473684210527,0.08701248563228309,0.0,0.3214296935846007,0.9394107837687604,1.0,0.6677601807506456,0.8476108971792244,0.9949825975881137,1.4623410242506172,instance,informative+rand_extra
1,0.10184857852245255,0.0,0.038374717832957095,0.42105263157894735,0.07470566659007688,0.0,0.4321533307120481,0.9727626459143969,1.0,0.6679425971655091,0.8322770690247003,0.9868608978042379,2.043197194015866,instance,informative+rand_extra
1,0.175472043934494,0.2,0.1863636363636364,0.7894736842105263,0.5241872841951078,0.0,0.47443168946703695,0.9977765425236242,1.0,0.667300379312922,0.8957241794391689,0.9998835052339341,0.7367741617063375,instance,informative+rand_extra
1,0.18488037826102888,0.0,0.05327868852459017,0.5789473684210527,0.33303691087784326,0.0,0.4594583777990412,0.990550305725403,1.0,0.6678894319275853,0.8789352407283672,0.9850899765816135,1.2787513857437292,instance,informative+rand_extra
1,0.10703770554424963,0.0,0.03314917127071826,0.5789473684210527,0.07527361509765329,0.0,0.3284993791469748,0.9282934963868816,0.9130434782608695,0.6414917797130284,0.8283710319360028,0.9950186533037396,1.6184840587164737,instance,informative+rand_extra
1,0.10703770554424963,0.0,0.038374717832957095,0.631578947368421,0.08722814384270244,0.0,0.4433398631732246,0.9922178988326849,1.0,0.6674213639376257,0.8823663441652043,0.9964424351973558,0.49176722499956527,instance,informative+rand_extra
1,0.13800537826102888,0.0,0.038374717832957095,0.42105263157894735,0.3410105195823757,0.0,0.38710979215286556,0.9260700389105059,0.9565217391304348,0.6567096076000152,0.858645932176387,0.9999003639869614,1.0765976930358323,instance,informative+rand_extra
1,0.10703770554424963,0.0,0.0,0.3684210526315789,0.11797787300503826,0.0,0.42924542411537203,0.9938854919399667,1.0,0.6672204766814497,0.876370816647421,0.9981448393261094,1.1408900674316804,instance,informative+rand_extra
1,0.5229101019789042,0.4,0.0,0.3157894736842105,0.5265686266710421,0.0,0.46468106546993604,0.9994441356309061,1.0,0.667824563389692,0.8679085851722036,0.9913072486995038,-0.21737149870521066,instance,informative+rand_extra
1,0.3717748608359025,0.0,0.44303797468354433,0.7368421052631579,0.25333952395314807,0.0,0.4488194397516011,0.9955530850472485,1.0,0.6675658522430796,0.8706354501350373,0.9908478009775458,0.8107820249297436,instance,informative+rand_extra
1,0.13800537826102888,0.0,0.038374717832957095,0.42105263157894735,0.07514962157633348,0.0,0.39625638738310964,0.9722067815453029,1.0,0.667863129850745,0.839559993854573,0.9890889126731492,1.280813502809782,instance,informative+rand_extra
1,0.1554472387261452,0.0,0.05327868852459017,0.5789473684210527,0.20127788677064196,0.0,0.4610022094048537,0.9927737632017788,1.0,0.6675461648111051,0.910933444350879,0.9888841787562899,1.158996924787415,instance,informative+rand_extra
1,0.10703770554424963,0.0,0.03314917127071826,0.5789473684210527,0.28715828002224664,0.0,0.3597962441729051,0.9599777654252363,1.0,0.6674020195421967,0.8529447827783997,0.977896182986023,1.0133063568245857,instance,informative+rand_extra
1,0.10703770554424963,0.0,0.13043478260869568,0.3684210526315789,0.07978843323647106,0.0,0.35413878951815103,0.9394107837687604,1.0,0.6671710350916195,0.8508449658157349,0.9988604109296796,0.8409048852562739,instance,informative+rand_extra
1,0.2106071790696291,0.2,0.038374717832957095,0.42105263157894735,0.07533472790091389,0.0,0.4483604425104132,0.9977765425236242,1.0,0.667474695337396,0.8701754916409756,0.9918786513068056,0.7749037958623538,instance,informative+rand_extra
1,0.13800537826102888,0.0,0.12,0.2631578947368421,0.07537169532963961,0.0,0.38696203544133756,0.9660922734852696,0.9565217391304348,0.6605508150250865,0.8356488681564795,0.9550511914517031,1.2949559364009302,instance,informative+rand_extra
1,0.6031848148612504,0.4,0.9414634146341463,0.42105263157894735,0.6890623327765742,0.4,0.4644251465787782,0.9994441356309061,1.0,0.6673055310936961,0.8862454964578739,0.9898484413638764,0.14697450795986786,instance,informative+rand_extra
1,0.3471863296487797,0.4,0.03314917127071826,0.5789473684210527,0.1925602421927199,0.5,0.4741925413119814,0.9994441356309061,1.0,0.6674655406760314,0.8862165026813575,0.9996027300232918,1.1118035425189612,instance,informative+rand_extra
1,0.2139037209531276,0.0,0.8823529411764706,0.2631578947368421,0.167805617301091,0.0,0.47476668942955147,0.9961089494163424,1.0,0.6676702756757273,0.8548232828051351,0.973962133286211,0.7574355071380221,instance,informative+rand_extra
1,0.24116273462518467,0.2,0.038374717832957095,0.631578947368421,0.09216805056157601,0.2,0.4878423873198765,0.9977765425236242,1.0,0.6676075937250389,0.8909011676653932,0.9920223965160518,0.7464680147423718,instance,informative+rand_extra
1,0.303287770287607,0.0,0.44303797468354433,0.47368421052631576,0.3538144539640212,0.0,0.4173105679974981,0.9877709838799333,1.0,0.6674655650631742,0.8433656311369535,0.9802356941055969,0.15345870685597904,instance,informative+rand_extra
1,0.3178549537501393,0.2,0.19999999999999996,0.3157894736842105,0.15962710070667363,0.0,0.45538356557774207,0.9994441356309061,1.0,0.6668420896632562,0.8459233389723148,0.9975537485643478,0.5415783165076642,instance,informative+rand_extra
1,0.10184857852245255,0.0,0.038374717832957095,0.42105263157894735,0.07617907729489604,0.0,0.39449352617355715,0.962757087270706,1.0,0.6683459051285424,0.8652378916640192,0.9949372178178403,0.9308848674784249,instance,informative+rand_extra
1,0.1838053772678273,0.0,0.038374717832957095,0.631578947368421,0.10362427235838101,0.0,0.4286098637548652,0.9888827126181212,1.0,0.6673711149829297,0.8975269572085318,0.9997734953156375,1.3190871187563362,instance,informative+rand_extra
1,0.1146134631200072,0.2,0.6153846153846154,0.6842105263157895,0.3381465170831901,0.0,0.45853876611160094,0.9977765425236242,1.0,0.6675046473891664,0.9028061425891315,0.9906408790772104,0.620773848725363,instance,informative+rand_extra
1,0.7014815305503328,0.2,0.05327868852459017,0.7894736842105263,0.6360269907666644,0.0,0.47087953108178904,0.9983324068927182,1.0,0.6674839419129408,0.8745395342934171,0.9955003685300287,-0.013710312197676017,instance,informative+rand_extra
1,0.1554472387261452,0.0,0.15000000000000002,0.631578947368421,0.5171004871878836,0.0,0.3771452838240459,0.9733185102834908,1.0,0.6671737379759971,0.8443128044488849,0.9704430161491003,0.5254043703589072,instance,informative+rand_extra
1,0.1856071790696292,0.0,0.9649122807017544,0.5263157894736842,0.15448155331010327,0.0,0.44846932851567956,0.9872151195108394,1.0,0.6675288637316712,0.8809310560645759,0.9998411352659637,0.7144593648508263,instance,informative+rand_extra
1,0.10703770554424963,0.0,0.038374717832957095,0.42105263157894735,0.0751225702134567,0.0,0.4351262786496587,0.9755419677598666,1.0,0.6674975121821571,0.860131608712736,0.9880156894106409,1.161138940112191,instance,informative+rand_extra
1,0.7053549537501393,0.6,0.12903225806451613,0.47368421052631576,0.21669757977944754,0.0,0.49687098902362625,0.9994441356309061,1.0,0.6674025991604293,0.8708932499683758,0.995747861869607,0.1652600791011119,instance,informative+rand_extra
1,0.10703770554424963,0.0,0.03314917127071826,0.5789473684210527,0.07712935865454984,0.0,0.3548676870840892,0.9466370205669816,1.0,0.6675438012232436,0.8572090915824662,0.9939100758529641,1.2257924484022686,instance,informative+rand_extra
1,0.11166733517387928,0.0,0.12903225806451613,0.47368421052631576,0.49826077326748464,0.0,0.4109940106601554,0.9733185102834908,1.0,0.6676215434372115,0.8538679988870198,0.9883420523265338,0.07579291240604046,instance,informative+rand_extra
1,0.5129651896424456,0.2,0.8125,0.5263157894736842,0.6202155883617088,0.0,0.44744588831750554,0.9983324068927182,1.0,0.6678026657872567,0.872445626773038,0.9904232438484374,-0.03126172473417822,instance,informative+rand_extra
1,0.24547204393449407,0.0,0.05327868852459017,0.8421052631578947,0.46003167964755753,0.0,0.4285003529376403,0.9916620344635909,1.0,0.6681371672181048,0.8626060444559616,0.9785344088375909,0.8073097301693173,instance,informative+rand_extra
1,0.175472043934494,0.0,0.1863636363636364,0.7894736842105263,0.49428711298518546,0.0,0.4124840835834761,0.9916620344635909,1.0,0.6676709134309776,0.8873116032424303,0.9976899077753987,0.554890152786167,instance,informative+rand_extra
1,0.1146134631200072,0.0,0.7272727272727273,0.47368421052631576,0.3823018247404918,0.0,0.39440397106371494,0.9877709838799333,1.0,0.6675983304854206,0.8578031589628511,0.9953079779819929,0.6157795344339163,instance,informative+rand_extra
1,0.19200096955432877,0.0,0.0,0.3157894736842105,0.08537712366265093,0.0,0.43145447352106137,0.9877709838799333,1.0,0.667762938886431,0.8573843785127314,0.9962950262100297,0.4553924723834719,instance,informative+rand_extra
1,0.1781894352388419,0.0,0.03314917127071826,0.5789473684210527,0.2344571535589961,0.0,0.3419499450144734,0.9644246803779878,1.0,0.667677639331157,0.8593729665217379,0.9964560795165469,1.4223354688859842,instance,informative+rand_extra
1,0.4871958162646185,0.0,0.5833333333333333,0.47368421052631576,0.8044641698032334,0.0,0.45488508601013555,0.9966648137854364,1.0,0.6675533162815369,0.8762571679327513,0.9985243612489045,-1.0992629678306116,instance,informative+rand_extra
1,0.10184857852245255,0.0,0.038374717832957095,0.42105263157894735,0.0777863077651082,0.0,0.381461039453851,0.9460811561978877,1.0,0.6686699511089553,0.8580790626522087,0.9947371279199725,1.5539874138623524,instance,informative+rand_extra
1,0.1554472387261452,0.0,0.05327868852459017,0.5789473684210527,0.21326247380725266,0.0,0.4026794131215369,0.9816564758198999,1.0,0.6683912467759292,0.8702307032981472,0.9998058983330662,0.9878666178856338,instance,informative+rand_extra
1,0.1554472387261452,0.0,0.038374717832957095,0.631578947368421,0.07497198037727981,0.0,0.42223067766151356,0.9799888827126181,0.9565217391304348,0.6353708159606414,0.8752790259613177,0.9988648353421297,1.5045167533404604,instance,informative+rand_extra
1,0.13800537826102888,0.0,0.12,0.2631578947368421,0.08061639955557592,0.0,0.39018968403285426,0.9799888827126181,0.9565217391304348,0.665862229616855,0.8689868905456423,0.9966349721824675,1.2772703638060556,instance,informative+rand_extra
1,0.10184857852245255,0.0,0.038374717832957095,0.631578947368421,0.12313191562887615,0.0,0.41049121322213356,0.9783212896053363,1.0,0.6683166157018493,0.8634874831234705,0.9983904771032629,0.05181557300796797,instance,informative+rand_extra
1,0.14726463752028818,0.0,0.038374717832957095,0.631578947368421,0.11159494168937717,0.5,0.4485424453838579,0.9961089494163424,1.0,0.667510088036943,0.8836783904625299,0.9981907500523249,1.312612554715252,instance,informative+rand_extra
1,0.6195239546838461,0.4,0.06666666666666665,0.47368421052631576,0.7942979764037315,1.0,0.507655805674055,1.0,1.0,0.6677935316762161,0.8568387346457653,0.9960488247776301,-0.5315606971765545,instance,informative+rand_extra
1,0.10703770554424963,0.0,0.05882352941176472,0.42105263157894735,0.13158959532834047,0.0,0.43145890812454757,0.9799888827126181,1.0,0.6675058108083752,0.8548590304706983,0.9963857275305785,-0.00638465560710877,instance,informative+rand_extra
1,0.11120437221091628,0.0,0.1863636363636364,0.5263157894736842,0.07690197505516927,0.0,0.35060862029163875,0.9549749861033908,0.9565217391304348,0.6490062750182349,0.8284172598519042,0.9540023272756469,0.6569530543041043,instance,informative+rand_extra
1,0.5032520191623256,0.4,0.9416058394160584,0.3684210526315789,0.6242029016340748,0.0,0.4932143660245779,0.9994441356309061,1.0,0.6678802786011779,0.8703937431878267,0.9897573624422803,0.3251030664419878,instance,informative+rand_extra
1,0.10899143566530967,0.0,0.03314917127071826,0.5789473684210527,0.617943492899881,0.0,0.4571071713406658,0.9916620344635909,1.0,0.6673562831426385,0.8645438296950517,0.9946515459468706,0.5001361460980559,instance,informative+rand_extra
1,0.1831327315279171,0.0,0.038374717832957095,0.42105263157894735,0.10251509396234126,0.0,0.4717274600946251,0.9927737632017788,0.9565217391304348,0.6620068037672893,0.8373654771601503,0.9751333713700547,1.4253531863623263,instance,informative+rand_extra
1,0.3729152070181132,0.0,0.12,0.2631578947368421,0.15982064004876329,0.0,0.3841420639948957,0.9733185102834908,1.0,0.6683536839603519,0.8664007369290424,0.9968378152951506,0.022046400651437918,instance,informative+rand_extra
1,0.11166733517387928,0.0,0.19318181818181823,0.9473684210526315,0.5754918492078785,0.0,0.4610939627446161,0.990550305725403,1.0,0.6675581494382598,0.8867514424124484,0.9911487999472747,0.6202245098136991,instance,informative+rand_extra
1,0.18488037826102888,0.0,0.038374717832957095,0.42105263157894735,0.07475937039429742,0.0,0.3821100740283261,0.9466370205669816,1.0,0.667491688025138,0.8231564265518322,0.9874286532862137,1.7432159956583826,instance,informative+rand_extra
1,0.11120437221091628,0.0,0.19999999999999996,0.3157894736842105,0.07509074818962835,0.0,0.4094835236089591,0.9733185102834908,0.9130434782608695,0.6566266783885288,0.8370718561309739,0.9995587142336223,1.2478224964901143,instance,informative+rand_extra
1,0.10703770554424963,0.0,0.02631578947368418,0.42105263157894735,0.4984286512690633,0.0,0.4456169997521502,0.9788771539744302,1.0,0.6673341910514419,0.8362191258018241,0.9924900969300497,-0.3734818382388042,instance,informative+rand_extra
1,0.2242525317393721,0.0,0.05327868852459017,0.5789473684210527,0.07699836777719476,0.0,0.423536408288955,0.9783212896053363,1.0,0.6676623505430443,0.8482194788166401,0.9850891091498846,1.3972258608740349,instance,informative+rand_extra
1,0.10184857852245255,0.0,0.03314917127071826,0.5789473684210527,0.07714054325989544,0.0,0.3443892553583193,0.9633129516397999,0.9565217391304348,0.6637376234628879,0.8418350441240582,0.9851085634423893,1.9473536611888456,instance,informative+rand_extra
1,0.14738162088816498,0.0,0.02631578947368418,0.42105263157894735,0.6025917607071231,0.0,0.3884519272257393,0.9772095608671484,1.0,0.66760200725886,0.8402301620453032,0.9955966416854926,0.16693888620628283,instance,informative+rand_extra
1,0.36985148152791714,0.0,0.05327868852459017,0.7894736842105263,0.6127584518927602,0.0,0.45830916161552304,0.9933296275708727,1.0,0.6689327846486528,0.8573549563708573,0.9881934226237752,-0.2086614906416467,instance,informative+rand_extra
1,0.2242525317393721,0.0,0.05327868852459017,0.5789473684210527,0.08450702186317577,0.0,0.40703799807015806,0.9794330183435241,1.0,0.6673827504054172,0.8691182872656031,0.9832466508338953,1.0799322356255752,instance,informative+rand_extra
1,0.1554472387261452,0.0,0.03314917127071826,0.5789473684210527,0.1430001900941651,0.0,0.42551529023504053,0.990550305725403,1.0,0.6677436188235318,0.8830450275057522,0.9801883474482225,0.8564757791147795,instance,informative+rand_extra
1,0.33647204393449404,0.2,0.0,0.3157894736842105,0.314725155338173,0.0,0.4724175495293953,0.9977765425236242,1.0,0.6674541887403508,0.8635668079209252,0.9936361608368898,-0.6094678358786398,instance,informative+rand_extra
1,0.10184857852245255,0.0,0.038374717832957095,0.42105263157894735,0.07568673210481924,0.0,0.36412825648133906,0.8988326848249028,0.9565217391304348,0.6596451147829188,0.8321394281353397,0.9981867909848355,1.4181305670228561,instance,informative+rand_extra
1,0.10184857852245255,0.0,0.038374717832957095,0.42105263157894735,0.07670093928511496,0.0,0.42015760805713676,0.9822123401889938,1.0,0.6676155635688906,0.8520526163057025,0.9935552999249022,0.4804258914565518,instance,informative+rand_extra
1,0.13800537826102888,0.0,0.19999999999999996,0.5263157894736842,0.10237758840232536,0.0,0.4624515307227569,0.9961089494163424,1.0,0.6681069998348906,0.8773173928175598,0.9978221714384738,0.807933911414129,instance,informative+rand_extra
1,0.11120437221091628,0.2,0.8125,0.5789473684210527,0.26168410603871595,0.0,0.47654548864496526,0.9977765425236242,1.0,0.667444084439897,0.8662049044090413,0.9996915816513964,0.10967146941496363,instance,informative+rand_extra
1,0.14726463752028818,0.0,0.05327868852459017,0.7894736842105263,0.2913856431230082,0.0,0.429467051870252,0.9888827126181212,1.0,0.66763805706507,0.8818035642687315,0.9998694643523803,1.16563725982679,instance,informative+rand_extra
1,0.19200096955432877,0.0,0.0,0.21052631578947367,0.08746730923255569,0.0,0.4505833821676296,0.9772095608671484,1.0,0.6689453282656825,0.8572591613127633,0.988042276932154,0.9848834838410014,instance,informative+rand_extra
1,0.175472043934494,0.4,0.05327868852459017,0.7894736842105263,0.3814364820004964,1.0,0.5105213415282355,1.0,1.0,0.6675425264919825,0.8785887676845019,0.9854378267684235,0.22934377024106287,instance,informative+rand_extra
1,0.1781894352388419,0.0,0.03314917127071826,0.5789473684210527,0.09039774953826624,0.0,0.3824490837793221,0.9916620344635909,1.0,0.6676410728846732,0.8954286806558562,0.9857525689689934,0.5534795370506274,instance,informative+rand_extra
1,0.19200096955432877,0.2,0.19318181818181823,0.9473684210526315,0.7805173267946421,0.0,0.4562066977560232,0.9977765425236242,1.0,0.6669562133475043,0.8392273519704467,0.9993043172791797,-0.1532695035973179,instance,informative+rand_extra
1,0.640787770287607,0.4,0.1863636363636364,0.7894736842105263,0.7596389589247844,0.0,0.46553374373925704,0.9983324068927182,1.0,0.6676179979094351,0.8837408533162877,0.9726127453117794,-0.29492349915906524,instance,informative+rand_extra
1,0.11166733517387928,0.0,0.02631578947368418,0.42105263157894735,0.2676157630813387,0.0,0.40339065184744893,0.9894385769872152,1.0,0.6675809250144566,0.8829628974693616,0.999816899792464,0.24531472775792795,instance,informative+rand_extra
1,0.10184857852245255,0.2,0.038374717832957095,0.42105263157894735,0.22281414494445045,0.0,0.4755971425872936,0.9988882712618121,1.0,0.6679461397461315,0.8918485290534943,0.9931049751259341,0.8282679810465209,instance,informative+rand_extra
1,0.175472043934494,0.0,0.038374717832957095,0.42105263157894735,0.28335458381864864,0.0,0.41684925993169086,0.9733185102834908,1.0,0.6813299658569273,0.8212241471283134,0.9711520581856565,1.295882777434547,instance,informative+rand_extra
1,0.3591084075708577,0.2,0.1863636363636364,0.8421052631578947,0.34822348820686366,0.2,0.4768583634620618,0.9994441356309061,1.0,0.6682455436310191,0.8982150056605098,0.9940082086168829,0.037095841827527114,instance,informative+rand_extra
1,0.640787770287607,0.2,0.05327868852459017,0.5789473684210527,0.6807284801421679,0.0,0.4852663314493466,0.9988882712618121,1.0,0.6675425955058945,0.8898460160698959,0.9963164147293331,0.7489742699054162,instance,informative+rand_extra
1,0.2983533998666974,0.2,0.05327868852459017,0.7894736842105263,0.26817171441070375,0.0,0.4060256036886093,0.9977765425236242,1.0,0.6675431604790775,0.8751025891546057,0.976148515223213,0.5323348462335828,instance,informative+rand_extra
1,0.10899143566530967,0.0,0.05882352941176472,0.42105263157894735,0.6772126874915019,0.0,0.47261991225035005,0.9972206781545303,1.0,0.6673243447806682,0.8784890353805409,0.9941316826618384,-0.4873065605077971,instance,informative+rand_extra
1,0.175472043934494,0.2,0.03314917127071826,0.5789473684210527,0.08059978147235969,0.0,0.41242468252303754,0.9977765425236242,1.0,0.6672174097959355,0.8681859907176748,0.9912354762377206,1.1487767624892766,instance,informative+rand_extra
1,0.10703770554424963,0.0,0.05327868852459017,0.7894736842105263,0.08265479868215769,0.0,0.4397429658434374,0.9944413563090606,1.0,0.6673370368297743,0.8737570842993898,0.9856590649000374,0.7776558311217139,instance,informative+rand_extra
1,0.09979939819458372,0.0,0.0,0.21052631578947367,0.07462069825170692,0.0,0.45335077936459633,0.9944413563090606,0.8695652173913043,0.6119920866997228,0.8112830398601178,0.984006387164748,0.646666101253579,instance,informative+rand_extra
1,0.1554472387261452,0.0,0.05327868852459017,0.5789473684210527,0.09249329816689189,0.0,0.4342137952681182,0.9949972206781545,1.0,0.6678804238841761,0.860211802293264,0.988488403494387,1.1015070253531978,instance,informative+rand_extra
1,0.13800537826102888,0.0,0.05327868852459017,0.5789473684210527,0.23176104839099593,0.0,0.3678203002102496,0.9777654252362423,1.0,0.6684613891499241,0.8812721778260988,0.998209532235797,0.5877968527302425,instance,informative+rand_extra
1,0.13800537826102888,0.2,0.05327868852459017,0.5789473684210527,0.25320178022143136,0.0,0.4598761134355337,0.9988882712618121,1.0,0.6682821673712549,0.880936570004496,0.992097181815855,1.4618845719302167,instance,informative+rand_extra
1,0.10703770554424963,0.0,0.038374717832957095,0.631578947368421,0.0751589886331443,0.0,0.30046432185680216,0.906058921623124,1.0,0.6675295386762572,0.8579452096960942,0.9790941886133836,1.5284743072181064,instance,informative+rand_extra
1,0.10703770554424963,0.0,0.05327868852459017,0.5789473684210527,0.10856865357927353,0.0,0.4107335741243001,0.9816564758198999,1.0,0.6675021714653618,0.881392781845176,0.9961984127452839,0.8406496481787044,instance,informative+rand_extra
1,0.1781894352388419,0.0,0.05327868852459017,0.7894736842105263,0.5074772703492277,0.0,0.4503495827662716,0.9949972206781545,1.0,0.667765736057627,0.8817807599589331,0.9994220184455117,0.5108500076970822,instance,informative+rand_extra
1,0.37047204393449407,0.2,0.038374717832957095,0.42105263157894735,0.18408348459220597,0.0,0.494797947970658,0.9983324068927182,1.0,0.6674818158171432,0.8832248522269657,0.9854624706493267,0.7548612250254593,instance,informative+rand_extra
1,0.10703770554424963,0.0,0.13043478260869568,0.3684210526315789,0.07566550249750803,0.0,0.43668593510404974,0.9883268482490273,1.0,0.6674989491728839,0.8599453969916845,0.995316092263676,0.6546031683812745,instance,informative+rand_extra
1,0.1146134631200072,0.0,0.10526315789473684,0.42105263157894735,0.11466891735603707,0.0,0.43805216279886483,0.9961089494163424,1.0,0.6676557064666451,0.8601809065174864,0.9892868537057397,1.0496456462573676,instance,informative+rand_extra
1,0.3803549537501393,0.2,0.9414634146341463,0.42105263157894735,0.6883723851643059,0.0,0.46471238744659504,0.9983324068927182,1.0,0.6669308178232739,0.8323246293061127,0.9928177112426482,0.01777434275745449,instance,informative+rand_extra
1,0.1710722387261452,0.0,0.10526315789473684,0.42105263157894735,0.26641129731194146,0.0,0.4319717714133582,0.9938854919399667,1.0,0.6683960175927804,0.8651180300827777,0.9924168048666208,1.0072675879989124,instance,informative+rand_extra
1,0.11166733517387928,0.0,0.05327868852459017,0.5789473684210527,0.27717653907862416,0.0,0.38365288365873207,0.9916620344635909,1.0,0.6677639866029522,0.8881006297885713,0.9923174485043119,0.6221445995053383,instance,informative+rand_extra
1,0.10184857852245255,0.6,0.02631578947368418,0.42105263157894735,0.20893272340358587,0.0,0.49600552970777845,0.9994441356309061,1.0,0.667834837103666,0.8706571811372236,0.9967871665293547,0.9957364451078901,instance,informative+rand_extra
1,0.10184857852245255,0.0,0.05327868852459017,0.5789473684210527,0.1654364741021509,0.0,0.4510960258901602,0.9916620344635909,1.0,0.667907582631713,0.8820866471336544,0.991543309307468,1.768814737941824,instance,informative+rand_extra
1,0.1554472387261452,0.0,0.05327868852459017,0.8421052631578947,0.48869200487225856,0.0,0.39697529749195415,0.9766536964980544,1.0,0.6682259427409986,0.8198533386461296,0.9744665433816422,0.5430590605763502,instance,informative+rand_extra
1,0.10899143566530967,0.0,0.06666666666666665,0.3684210526315789,0.3327567136085342,0.0,0.399738370630496,0.9699833240689272,1.0,0.66770263049039,0.8511723473923606,0.998815338683964,0.7698315055845179,instance,informative+rand_extra
1,0.10184857852245255,0.0,0.23076923076923073,0.42105263157894735,0.19981785518374473,0.0,0.3819932391169567,0.9733185102834908,1.0,0.6688960760195203,0.8758370450964861,0.9901328932615086,1.0657151129385836,instance,informative+rand_extra
1,0.10703770554424963,0.0,0.02631578947368418,0.42105263157894735,0.07707412172600092,0.0,0.44228023589893983,0.9683157309616454,1.0,0.6674477571434345,0.8517141429642329,0.9823130250145595,0.4484563082817301,instance,informative+rand_extra
1,0.1722646375202882,0.0,0.05327868852459017,0.7894736842105263,0.16994647951791952,0.0,0.4703796226146424,0.9972206781545303,1.0,0.6679934222561612,0.8968009378831604,0.9978690805307343,0.5427338539749481,instance,informative+rand_extra
1,0.1838053772678273,0.0,0.038374717832957095,0.631578947368421,0.12550256123017695,0.0,0.42455873142517075,0.9899944413563091,1.0,0.667220533637165,0.8665012236327752,0.9932637141244403,0.901820796389831,instance,informative+rand_extra
1,0.1146134631200072,0.0,0.02631578947368418,0.42105263157894735,0.743064503938347,0.0,0.4712702695374009,0.9955530850472485,1.0,0.6674623216866492,0.847473246560619,0.9865816764393393,0.5832006170858262,instance,informative+rand_extra
1,0.14738162088816498,0.2,0.44303797468354433,0.7368421052631579,0.6294452433736387,0.3333333333333333,0.4948460404660414,0.9994441356309061,1.0,0.6675941051732187,0.8707161039177553,0.9572451434951739,-0.13300177022236118,instance,informative+rand_extra
1,0.1503277488342929,0.0,0.02631578947368418,0.42105263157894735,0.17009083523383295,0.0,0.4076397004775226,0.9961089494163424,1.0,0.6673082038689934,0.8591779914830819,0.9854550551467051,1.0935726385470836,instance,informative+rand_extra
1,0.2242525317393721,0.0,0.1863636363636364,0.5263157894736842,0.07464444013206195,0.0,0.4043499461277458,0.924958310172318,1.0,0.6670871506046397,0.8150272438160446,0.9986115306138903,2.3102038564306095,instance,informative+rand_extra
1,0.10703770554424963,0.0,0.19318181818181823,0.9473684210526315,0.07471882950825248,0.0,0.4220215161293873,0.9877709838799333,0.9565217391304348,0.6633112111857137,0.8370993876367534,0.9595639698776272,1.6062890079100174,instance,informative+rand_extra
1,0.3591084075708577,0.6,0.6153846153846154,0.6842105263157895,0.23820728350314224,1.0,0.5067805960803221,1.0,1.0,0.6673414661447234,0.8893891611447691,0.9976590168552799,0.7051671276963394,instance,informative+rand_extra
1,0.09979939819458372,0.0,0.06666666666666665,0.3684210526315789,0.7815358807012105,0.0,0.448246730500212,0.9961089494163424,0.9565217391304348,0.6619791872067776,0.8386218499085105,0.9635909405076316,-0.7744637555340518,instance,informative+rand_extra
1,0.10184857852245255,0.0,0.05327868852459017,0.5789473684210527,0.07491760957426319,0.0,0.4051368500981468,0.980544747081712,0.9565217391304348,0.6380508183542847,0.8437100462917464,0.9958538794812036,1.2636378894219078,instance,informative+rand_extra
1,0.3591084075708577,0.2,0.1863636363636364,0.631578947368421,0.3849730870235265,0.0,0.4962157115606861,0.9994441356309061,1.0,0.6681289190308844,0.9012802707383567,0.9948332156922634,0.4734636674548207,instance,informative+rand_extra
1,0.1856071790696292,0.0,0.038374717832957095,0.42105263157894735,0.08343631219512171,0.0,0.4244115555447472,0.9722067815453029,1.0,0.6673032229689165,0.8462273063813498,0.9846815105149795,1.1400607182300064,instance,informative+rand_extra
1,0.10703770554424963,0.0,0.03314917127071826,0.5789473684210527,0.08022556160656552,0.0,0.347042922305268,0.9677598665925514,1.0,0.6672211175241609,0.8497548376790115,0.9712460326643666,0.9768020178336434,instance,informative+rand_extra
1,0.25526814819458377,0.0,0.19999999999999996,0.5263157894736842,0.4040328720830586,0.0,0.4343850557741694,0.9927737632017788,1.0,0.6676848989640242,0.8819106113585033,0.9991607971334387,0.5570504500999247,instance,informative+rand_extra
1,0.16109175959830369,0.0,0.03314917127071826,0.5789473684210527,0.10174377668805823,0.0,0.4143597711623985,0.9788771539744302,1.0,0.6685873467642012,0.8592008598608787,0.9994168114050966,1.3033531603122674,instance,informative+rand_extra
1,0.19200096955432877,0.0,0.02631578947368418,0.42105263157894735,0.1691300579023861,0.0,0.44456825330573535,0.9966648137854364,1.0,0.6676035622076382,0.8560377813070075,0.9927848595213311,-0.21979660815388177,instance,informative+rand_extra
1,0.10184857852245255,0.0,0.05327868852459017,0.5789473684210527,0.09404826570491343,0.0,0.4446748191309392,0.9949972206781545,0.9565217391304348,0.648728298714773,0.8647743194929629,0.9876286018444612,1.1780618548476303,instance,informative+rand_extra
1,0.1146134631200072,0.2,0.19318181818181823,0.9473684210526315,0.19597442714052093,0.0,0.44925244263953223,0.9988882712618121,1.0,0.6675479988150437,0.8906715463801591,0.9854285612704486,0.9541815376160004,instance,informative+rand_extra
1,0.1781894352388419,0.0,0.1863636363636364,0.5263157894736842,0.13876435780170293,0.0,0.4152151320157117,0.9749861033907726,1.0,0.6675834123965819,0.8956454733482097,0.9935976338093891,0.6261167046675423,instance,informative+rand_extra
1,0.2983533998666974,0.0,0.038374717832957095,0.631578947368421,0.08086334934062095,0.0,0.4365988551774974,0.9944413563090606,1.0,0.6674258240456185,0.8593153561137848,0.9856411741430275,0.6075765100296339,instance,informative+rand_extra
1,0.11120437221091628,0.0,0.6153846153846154,0.6842105263157895,0.25106583417409134,0.0,0.4197497303525246,0.9922178988326849,1.0,0.6672054836845991,0.8840034349183893,0.9869855200006414,0.4569789728140795,instance,informative+rand_extra
1,0.11120437221091628,0.0,0.12903225806451613,0.47368421052631576,0.7424983431424677,0.0,0.43949599200587397,0.9883268482490273,0.9565217391304348,0.6666666666666666,0.8497408408203634,0.9848772769642248,-0.6763006539068718,instance,informative+rand_extra
1,0.11120437221091628,0.0,0.12903225806451613,0.47368421052631576,0.23355523098914477,0.0,0.4704076671232392,0.9938854919399667,1.0,0.6672230446611236,0.8607161329927773,0.9726658315453625,-0.2377461883069075,instance,informative+rand_extra
1,0.10703770554424963,0.0,0.03314917127071826,0.5789473684210527,0.08657070453213617,0.0,0.3821722399757742,0.9877709838799333,1.0,0.6672890232017038,0.874280811106892,0.9970146330115818,1.542459232567563,instance,informative+rand_extra
1,0.1146134631200072,0.0,0.10526315789473684,0.42105263157894735,0.08491940680888027,0.0,0.41710619169483676,0.9899944413563091,1.0,0.6676085641572485,0.8761003264776079,0.9988439691406831,1.556780837214859,instance,informative+rand_extra
1,0.19200096955432877,0.0,0.06666666666666665,0.3684210526315789,0.5010306383729688,0.0,0.4088024727134305,0.9849916620344636,1.0,0.667785122979282,0.8748693762483587,0.9974228588910057,-0.5625965233413187,instance,informative+rand_extra
1,0.11166733517387928,0.0,0.19318181818181823,0.9473684210526315,0.4789995557064447,0.0,0.39390143804602706,0.9861033907726515,1.0,0.6677631324047345,0.8602626272234261,0.9822702370252361,0.6295722211772004,instance,informative+rand_extra
1,0.10703770554424963,0.0,0.02631578947368418,0.42105263157894735,0.07488484723840089,0.0,0.4139109523892611,0.952751528627015,1.0,0.6680750507271547,0.8357743956704553,0.9813469586094931,0.8856671759619521,instance,informative+rand_extra
1,0.13800537826102888,0.0,0.0,0.3157894736842105,0.07527130275833371,0.0,0.4582902057693281,0.9927737632017788,1.0,0.6673060311641267,0.8375056377924271,0.9865209466049142,1.7644843136467847,instance,informative+rand_extra
1,0.24547204393449407,0.4,0.1863636363636364,0.5263157894736842,0.35004284906533467,0.0,0.4573177416508625,0.9988882712618121,1.0,0.6673877405234193,0.8793606314976578,0.9962484415443151,0.43805420722096844,instance,informative+rand_extra
1,0.37047204393449407,0.2,0.038374717832957095,0.631578947368421,0.08192604878341986,0.0,0.49631164779685866,0.9994441356309061,1.0,0.6674962563759083,0.8968005196772174,0.998845022770358,0.6135604431434541,instance,informative+rand_extra
1,0.1781894352388419,0.0,0.05327868852459017,0.5789473684210527,0.4607655071221939,0.0,0.4338163640412631,0.9938854919399667,1.0,0.6676846182521021,0.9069299000454407,0.9952873608136331,0.45661432057569584,instance,informative+rand_extra
1,0.1781894352388419,0.0,0.1863636363636364,0.7894736842105263,0.09205135590584668,0.0,0.43159431521031877,0.9861033907726515,1.0,0.667627903849041,0.8877710935831175,0.9896083815286012,0.8472804391446872,instance,informative+rand_extra
1,0.10703770554424963,0.0,0.19318181818181823,0.9473684210526315,0.08072148706501853,0.0,0.44563237368170006,0.9855475264035576,1.0,0.6674134838155236,0.8824848417107816,0.9969762592025039,0.6582086306910873,instance,informative+rand_extra
1,0.5107345787982452,0.0,0.05882352941176472,0.42105263157894735,0.763985839368031,0.0,0.45281922624237725,0.9955530850472485,1.0,0.6678144216992249,0.8530062167654989,0.9760345025585668,-0.3819834551011194,instance,informative+rand_extra
1,0.25526814819458377,0.0,0.0,0.21052631578947367,0.16031971727372296,0.0,0.38701100918391684,0.9849916620344636,1.0,0.6686774824979171,0.8619021918936225,0.9932984602574322,0.17467950056725798,instance,informative+rand_extra
1,0.10899143566530967,0.0,0.9166666666666666,0.5263157894736842,0.7433942477549403,0.0,0.45219217134450673,0.9949972206781545,1.0,0.6675773217149288,0.8737756610496167,0.9988259297442941,0.5567593905182112,instance,informative+rand_extra
1,0.10899143566530967,0.0,0.038374717832957095,0.3157894736842105,0.7280708187314532,0.0,0.3697528131986989,0.9855475264035576,1.0,0.6671221737789039,0.8601790580388718,0.9921678224416253,1.0819924512187074,instance,informative+rand_extra
1,0.6756922553374409,0.6,0.19318181818181823,0.9473684210526315,0.4483528559715442,0.6,0.5136356620070051,1.0,1.0,0.6676964072962861,0.8989912441940899,0.9915406549899786,0.3735035661496069,instance,informative+rand_extra
1,0.1781894352388419,0.0,0.03314917127071826,0.5789473684210527,0.09546465551816519,0.0,0.4201723302669449,0.9883268482490273,1.0,0.6675391442932737,0.8792385150459658,0.9820269974053522,0.299513849513262,instance,informative+rand_extra
1,0.175472043934494,0.0,0.05327868852459017,0.7894736842105263,0.23048929199089557,0.0,0.4311468594059419,0.9883268482490273,1.0,0.6675328402993415,0.8730948904687021,0.9807483612005857,0.44431052241092095,instance,informative+rand_extra
1,0.5032520191623256,0.2,0.0,0.21052631578947367,0.08292217149384529,0.0,0.48776118666117185,0.9977765425236242,0.9565217391304348,0.6602600995231629,0.8417390814948377,0.99399705848562,0.7290553051164059,instance,informative+rand_extra
1,0.10703770554424963,0.0,0.03314917127071826,0.5789473684210527,0.08862306161798406,0.0,0.43656386683069304,0.9949972206781545,1.0,0.6676457712129961,0.8795396236493328,0.9943469759474927,0.6494139447357501,instance,informative+rand_extra
1,0.13800537826102888,0.0,0.038374717832957095,0.42105263157894735,0.0746163955169924,0.0,0.381430968952552,0.9421901056142301,0.9130434782608695,0.6566112194624164,0.8189215032902674,0.9865622427195094,1.7193226259756706,instance,informative+rand_extra
1,0.45690505295648853,0.4,0.1863636363636364,0.631578947368421,0.41107928715607944,0.0,0.4529531194239701,0.9988882712618121,1.0,0.6703442166201853,0.8654813782861658,0.998463241196374,-0.30143890068162593,instance,informative+rand_extra
1,0.11120437221091628,0.0,0.1863636363636364,0.5263157894736842,0.5440978614902755,0.0,0.3940386332276944,0.9972206781545303,1.0,0.6670410346595098,0.8686296021323908,0.998408141512884,0.2100919195438419,instance,informative+rand_extra
1,0.4531848148612504,0.0,0.05327868852459017,0.5789473684210527,0.1600479483976277,0.0,0.45400875680915964,0.9972206781545303,1.0,0.6679861202896427,0.8642315832886266,0.9890901340208936,0.8998707443983481,instance,informative+rand_extra
1,0.5304626277386372,0.4,0.8125,0.5263157894736842,0.6811943383765274,0.5,0.48155803741591874,0.9994441356309061,1.0,0.6691063101320034,0.899790834395416,0.9863361888841485,-0.18695542985588146,instance,informative+rand_extra
1,0.175472043934494,0.0,0.9166666666666666,0.5263157894736842,0.47559349673639917,0.0,0.4417180669983417,0.9894385769872152,1.0,0.667300399553403,0.8832216277563094,0.9930940222333398,0.5017421555273617,instance,informative+rand_extra
1,0.1146134631200072,0.0,0.1863636363636364,0.5263157894736842,0.08484607667285304,0.0,0.42389753710484546,0.9833240689271817,1.0,0.6673767652900847,0.8791047798128101,0.9990242751754042,1.3244582381948333,instance,informative+rand_extra
1,0.2139037209531276,0.6,0.1863636363636364,0.6842105263157895,0.17799225909216104,0.0,0.46310314654109885,0.9988882712618121,1.0,0.6676733954988275,0.8567581488374415,0.9828567448102222,-0.12685971149730826,instance,informative+rand_extra
1,0.10703770554424963,0.0,0.12903225806451613,0.47368421052631576,0.07881623838382434,0.0,0.36955047478517833,0.9455252918287937,1.0,0.667519717811782,0.8500138957215306,0.9927727453553381,1.058863698126654,instance,informative+rand_extra
1,0.10184857852245255,0.0,0.12903225806451613,0.47368421052631576,0.07832061736483054,0.0,0.4500708942476487,0.9838799332962757,1.0,0.6683025307386068,0.8558247292248397,0.9753224649663292,0.6260293561191544,instance,informative+rand_extra
1,0.14726463752028818,0.0,0.05327868852459017,0.7894736842105263,0.41329270824251974,0.0,0.4222083196491512,0.981100611450806,1.0,0.6680860506683582,0.8458643670424307,0.9749534225471941,0.39692942595965214,instance,informative+rand_extra
1,0.10184857852245255,0.0,0.0,0.21052631578947367,0.12133188694505181,0.0,0.38682333445540706,0.9327404113396331,1.0,0.667655970035705,0.8324400149451452,0.9790657780477112,0.3271847686469134,instance,informative+rand_extra
1,0.1554472387261452,0.0,0.05327868852459017,0.7894736842105263,0.08477352284250939,0.0,0.39769909861650166,0.9888827126181212,1.0,0.6676300172410689,0.8586790510416376,0.9980611117207098,1.120803605938227,instance,informative+rand_extra
1,0.175472043934494,0.0,0.05327868852459017,0.7894736842105263,0.3262485785460688,0.0,0.41986863163085886,0.9899944413563091,1.0,0.6676563308814522,0.876769942285056,0.9938641037645207,0.2994671008837336,instance,informative+rand_extra
1,0.16109175959830369,0.0,0.02631578947368418,0.42105263157894735,0.4184573378097367,0.0,0.43371694245559755,0.991106170094497,1.0,0.668924263599901,0.8475695111656819,0.9932648099561008,-0.594264718536087,instance,informative+rand_extra
1,0.1146134631200072,0.0,0.44303797468354433,0.5263157894736842,0.09144515744046566,0.0,0.3247786216148517,0.9538632573652028,1.0,0.6675504525906232,0.8644704333013722,0.9935595482911792,0.7084375898968793,instance,informative+rand_extra
1,0.2242525317393721,0.4,0.13043478260869568,0.3684210526315789,0.16930013959693702,0.0,0.4655223215264205,0.9994441356309061,1.0,0.6673126502347168,0.8667644714493123,0.9958016249697424,0.5127178555968238,instance,informative+rand_extra
1,0.10703770554424963,0.0,0.10526315789473684,0.42105263157894735,0.07505623103128195,0.0,0.4470726544303478,0.9899944413563091,0.9565217391304348,0.6267913126685478,0.8637200039647195,0.9988220429664948,0.9657454258277773,instance,informative+rand_extra
1,0.1781894352388419,0.0,0.03314917127071826,0.5789473684210527,0.07818945690177426,0.0,0.4155266224319645,0.9816564758198999,1.0,0.6677352094453448,0.8536238256631109,0.9966914974625226,1.0252303715546185,instance,informative+rand_extra
1,0.45981360274003824,0.2,0.23076923076923073,0.47368421052631576,0.3520376670254808,0.0,0.46127848772408775,0.9977765425236242,1.0,0.6703161527272246,0.828987144843175,0.971449640532805,1.4629375080432248,instance,informative+rand_extra
1,0.5184458162646185,0.0,0.7938144329896908,0.5789473684210527,0.6978606858114011,0.0,0.4068129766747669,0.9966648137854364,1.0,0.6678627232911801,0.8901222365136737,0.9961278692192684,0.0165311947251646,instance,informative+rand_extra
1,0.10703770554424963,0.0,0.02631578947368418,0.42105263157894735,0.10136629602750524,0.0,0.3587338442668565,0.9888827126181212,1.0,0.6673791526489717,0.8438742150797747,0.9949259327609509,0.8916640666594018,instance,informative+rand_extra
1,0.1554472387261452,0.0,0.1863636363636364,0.5263157894736842,0.08059839602548097,0.0,0.44382109899097666,0.9799888827126181,1.0,0.6674637043823308,0.8905436562108734,0.9957201783087265,1.1620429435013009,instance,informative+rand_extra
1,0.5671387106011607,0.6,0.19999999999999996,0.5263157894736842,0.5792072808075891,1.0,0.5374763368838894,1.0,1.0,0.6687187417741218,0.8629845692106081,0.9957794250523792,-0.15780685659345176,instance,informative+rand_extra
1,0.175472043934494,0.0,0.1863636363636364,0.5263157894736842,0.4245521619530851,0.0,0.382578594034392,0.9866592551417455,1.0,0.6671855120806677,0.8649392714885207,0.976975670750872,1.1744006192758474,instance,informative+rand_extra
1,0.25526814819458377,0.0,0.0625,0.2631578947368421,0.614730823385769,0.0,0.4770825997311091,0.9972206781545303,1.0,0.6677597308646538,0.8714395989272,0.993137506379474,-0.14487875182645021,instance,informative+rand_extra
1,0.10703770554424963,0.0,0.12903225806451613,0.47368421052631576,0.31863203315288313,0.0,0.4241706372520794,0.9883268482490273,1.0,0.6673799442092403,0.8676726331780025,0.99973385941047,1.4240754491339278,instance,informative+rand_extra
1,0.1781894352388419,0.0,0.038374717832957095,0.42105263157894735,0.11058189071752567,0.0,0.43028234635734275,0.9783212896053363,1.0,0.667462324890842,0.8658240316408414,0.9947493582493309,0.824824998566863,instance,informative+rand_extra
1,0.11120437221091628,0.0,0.02631578947368418,0.42105263157894735,0.17435406973909057,0.0,0.3790086068549713,0.9705391884380211,1.0,0.6672263851640146,0.8497776430496365,0.9981426165911135,0.9501856744942295,instance,informative+rand_extra
1,0.2983533998666974,0.2,0.9166666666666666,0.5263157894736842,0.08549961136791567,0.0,0.46728251368045814,0.9988882712618121,0.9565217391304348,0.6526523872245567,0.8597836891349826,0.9921980332275339,0.21671854655250347,instance,informative+rand_extra
1,0.10184857852245255,0.0,0.12903225806451613,0.47368421052631576,0.14652099584614992,0.0,0.38494000016714336,0.9883268482490273,1.0,0.6677829816301915,0.8567977714247779,0.9918663019225075,0.6927204082213939,instance,informative+rand_extra
1,0.175472043934494,0.0,0.1863636363636364,0.7894736842105263,0.3065930313798376,0.0,0.40944544174712494,0.9955530850472485,1.0,0.6674005638088868,0.8676169287855278,0.9721371338768393,0.7461162475079478,instance,informative+rand_extra
1,0.1856071790696292,0.0,0.03314917127071826,0.5789473684210527,0.08473159489246002,0.0,0.41512134381138766,0.9844357976653697,1.0,0.6673625368608489,0.8799669895661993,0.9855397579468553,1.8115825051616128,instance,informative+rand_extra
1,0.25526814819458377,0.0,0.0,0.21052631578947367,0.4429030732566749,0.0,0.4699139780778523,0.9949972206781545,1.0,0.6670341160028782,0.8489401291007846,0.9832064747487484,0.3848279205120425,instance,informative+rand_extra
1,0.10184857852245255,0.2,0.1863636363636364,0.7368421052631579,0.4803339871280321,1.0,0.5138669164384767,1.0,1.0,0.6677731260728699,0.8979870224636304,0.9983945676004589,0.32065479359532356,instance,informative+rand_extra
1,0.13800537826102888,0.0,0.05327868852459017,0.8421052631578947,0.3414125949961464,0.0,0.4068695846428507,0.9877709838799333,1.0,0.6720121453076713,0.8703147011060388,0.9992189500494809,0.6333127203265343,instance,informative+rand_extra
1,0.1146134631200072,0.0,0.03314917127071826,0.5789473684210527,0.07765338215172968,0.0,0.39192633902571516,0.9744302390216787,1.0,0.6677040757034134,0.8714211985228815,0.9951811003642563,1.2393496801647317,instance,informative+rand_extra
1,0.45981360274003824,0.2,0.23076923076923073,0.42105263157894735,0.44794381015833584,0.0,0.471870883990649,0.9988882712618121,1.0,0.6800673884960992,0.859903478312917,0.9805416162113706,0.404126749430576,instance,informative+rand_extra
1,0.10184857852245255,0.0,0.038374717832957095,0.42105263157894735,0.12814713439568476,0.0,0.3941324699992885,0.9649805447470817,1.0,0.6678486297690422,0.8426953195279928,0.9855471865756998,-0.15492982322290888,instance,informative+rand_extra
1,0.10703770554424963,0.0,0.03314917127071826,0.5789473684210527,0.07855057308877023,0.0,0.35366569413877447,0.9560867148415787,1.0,0.6681323526669302,0.8465408447835359,0.9906827534256997,1.4814241868424292,instance,informative+rand_extra
1,0.175472043934494,0.0,0.038374717832957095,0.631578947368421,0.07943495547650692,0.0,0.42990839850659335,0.9872151195108394,1.0,0.6676919304382243,0.8710187991162834,0.9915817334555617,0.538631553780228,instance,informative+rand_extra
1,0.175472043934494,0.0,0.038374717832957095,0.42105263157894735,0.07873042112163375,0.0,0.37170126393352576,0.9861033907726515,1.0,0.6682688389289434,0.8804083994381358,0.9826502384990516,0.7470881531186142,instance,informative+rand_extra
1,0.1781894352388419,0.0,0.19318181818181823,0.9473684210526315,0.3330382148981862,0.0,0.46619057653053975,0.9949972206781545,1.0,0.6675896411459655,0.8822299419000664,0.9774482439700687,1.3693342240039639,instance,informative+rand_extra
1,0.14726463752028818,0.2,0.05327868852459017,0.7894736842105263,0.44647090576978254,0.0,0.49400273518334403,0.9994441356309061,1.0,0.6789680237192932,0.8749566376424356,0.9913580111077338,0.19686502089827657,instance,informative+rand_extra
1,0.1838053772678273,0.2,0.038374717832957095,0.631578947368421,0.07969235112302864,0.0,0.4904978019940379,0.9988882712618121,1.0,0.6672602065510943,0.8315064907466226,0.9962437829596353,0.515563507553533,instance,informative+rand_extra
1,0.11120437221091628,0.0,0.15000000000000002,0.631578947368421,0.5831185874863376,0.5,0.4571537675902093,0.9944413563090606,1.0,0.6675811349651137,0.9056456398433003,0.998727529321316,0.254849428621307,instance,informative+rand_extra
1,0.37047204393449407,0.2,0.05882352941176472,0.42105263157894735,0.5530774637631789,0.0,0.4741679895882013,0.9983324068927182,1.0,0.6675369316073961,0.8783737600254146,0.9852067999710357,-0.3635165548893375,instance,informative+rand_extra
1,0.13800537826102888,0.0,0.12,0.2631578947368421,0.13055636755479438,0.0,0.36205125008936423,0.9922178988326849,1.0,0.6679205631982084,0.8579391947956552,0.9990943179109243,0.7113772352834136,instance,informative+rand_extra
1,0.10703770554424963,0.0,0.05882352941176472,0.42105263157894735,0.33773422974430967,0.0,0.4288375872580864,0.9844357976653697,1.0,0.6673085145724268,0.8928789242304254,0.9931802566226123,0.9405545118340893,instance,informative+rand_extra
1,0.24547204393449407,0.0,0.1863636363636364,0.8421052631578947,0.6236433841319408,0.0,0.39227409964267357,0.9894385769872152,1.0,0.6678216734380493,0.8596779459336411,0.980820594426213,-0.01895852528590707,instance,informative+rand_extra
1,0.3092748608359025,0.0,0.19318181818181823,0.9473684210526315,0.5343229914481004,0.0,0.43637975861596756,0.991106170094497,1.0,0.6675506488159664,0.8903565334315072,0.9898788487758335,0.6360442956203611,instance,informative+rand_extra
1,0.1856071790696292,0.0,0.038374717832957095,0.5789473684210527,0.07824122817806795,0.0,0.4312195778772414,0.991106170094497,1.0,0.6673144598875782,0.8537101175910178,0.9846343608376634,1.0658808114420615,instance,informative+rand_extra
1,0.1781894352388419,0.0,0.03314917127071826,0.5789473684210527,0.09678159463098596,0.0,0.380849567247995,0.9382990550305725,1.0,0.6675655434595049,0.8703649263502605,0.990705288887154,1.0582992884545843,instance,informative+rand_extra
1,0.1781894352388419,0.0,0.03314917127071826,0.5789473684210527,0.4606612471197976,0.0,0.3191988627022273,0.9583101723179545,1.0,0.667742131535521,0.8623690949804725,0.9990564540608963,1.2132008973671926,instance,informative+rand_extra
1,0.11166733517387928,0.0,0.15000000000000002,0.631578947368421,0.18804021885109817,0.0,0.3805521503152074,0.9710950528071151,0.9565217391304348,0.6615749811322015,0.8385106035875256,0.9714934193032501,0.5690891894801844,instance,informative+rand_extra
1,0.11747357852245255,0.0,0.038374717832957095,0.42105263157894735,0.08042517587393083,0.0,0.42706950081636197,0.981100611450806,1.0,0.6678307923008077,0.8547510353700545,0.9869698428988094,1.4503796555818846,instance,informative+rand_extra
1,0.10703770554424963,0.0,0.02631578947368418,0.42105263157894735,0.5302406172894963,0.0,0.4138042123675013,0.9855475264035576,1.0,0.6672957274171839,0.8617981332806786,0.9981824903393915,0.1659831556315467,instance,informative+rand_extra
1,0.1146134631200072,0.0,0.02631578947368418,0.42105263157894735,0.39293859887753224,0.0,0.4240175739640154,0.9827682045580878,1.0,0.6674510740137325,0.8777241902951111,0.9953491915016657,1.0704652465366151,instance,informative+rand_extra
1,0.10184857852245255,0.4,0.038374717832957095,0.631578947368421,0.11691669627692686,0.0,0.4567825390790068,0.9988882712618121,1.0,0.667962823408522,0.8723610394024996,0.9938720435279513,0.492463021768608,instance,informative+rand_extra
1,0.21283430288766203,0.0,0.038374717832957095,0.42105263157894735,0.07564984884369041,0.0,0.445794313687628,0.9955530850472485,1.0,0.6673907365990759,0.875457198669468,0.9999239221331456,1.2275299405002558,instance,informative+rand_extra
1,0.25526814819458377,0.2,0.41666666666666663,0.5789473684210527,0.6421595406645109,0.0,0.4704278920403079,0.9977765425236242,0.9565217391304348,0.6666666666666666,0.8494664226697399,0.983128856808364,-0.7810396690481266,instance,informative+rand_extra
1,0.25526814819458377,0.0,0.0625,0.2631578947368421,0.08790015124922423,0.0,0.42152819103227435,0.9949972206781545,0.9565217391304348,0.6603831661941215,0.8696559254300635,0.9947132111882034,0.9411647800778209,instance,informative+rand_extra
1,0.175472043934494,0.0,0.05882352941176472,0.42105263157894735,0.5086382001046997,0.0,0.4243549317619063,0.9944413563090606,1.0,0.6674475338074806,0.9004776294966601,0.9904557155910996,0.4764379819225116,instance,informative+rand_extra
1,0.1781894352388419,0.0,0.038374717832957095,0.42105263157894735,0.0749856832780873,0.0,0.4065770686250906,0.9705391884380211,0.9565217391304348,0.6388638756931782,0.8688233398922662,0.9985376582906077,1.552460296578436,instance,informative+rand_extra
1,0.10184857852245255,0.0,0.038374717832957095,0.42105263157894735,0.08487355270319225,0.0,0.41739930920727497,0.9666481378543635,1.0,0.6677591506016249,0.8533887153644055,0.9975069011857117,0.7658769878824031,instance,informative+rand_extra
1,0.6465417385415753,0.4,0.6153846153846154,0.6842105263157895,0.5908087035093313,0.42857142857142855,0.4845464871738131,0.9994441356309061,1.0,0.667649217504119,0.9031293868049085,0.996001147170336,0.09631758716329182,instance,informative+rand_extra
1,0.1856071790696292,0.0,0.038374717832957095,0.631578947368421,0.07763964200649609,0.0,0.3890236691158039,0.9694274596998332,1.0,0.6671003407942274,0.8675036496942574,0.9984713800840678,1.6151220871681795,instance,informative+rand_extra
1,0.1554472387261452,0.0,0.03314917127071826,0.5789473684210527,0.2614323671405351,0.0,0.4431584327803527,0.9888827126181212,1.0,0.6677838545659418,0.8764529926484497,0.999863997550151,1.2561947704972993,instance,informative+rand_extra
1,0.10184857852245255,0.0,0.05327868852459017,0.5789473684210527,0.08648444938196731,0.0,0.4040100874573187,0.9755419677598666,1.0,0.6677217606496164,0.8358819820325063,0.9800697838848579,0.804978556146286,instance,informative+rand_extra
1,0.1722646375202882,0.0,0.1863636363636364,0.631578947368421,0.5442302916966753,0.0,0.4527473905439414,0.9966648137854364,1.0,0.6680076909068636,0.8922166889826503,0.9936351596522043,0.12073595627196196,instance,informative+rand_extra
1,0.10703770554424963,0.0,0.038374717832957095,0.631578947368421,0.0902506856250837,0.0,0.4772631559268333,0.9955530850472485,1.0,0.6673738775274565,0.8857675625457943,0.9963618404605913,1.1274774963332757,instance,informative+rand_extra
1,0.1856071790696292,0.0,0.038374717832957095,0.631578947368421,0.09456806002357254,0.0,0.44149633194227866,0.9944413563090606,1.0,0.6677102177549795,0.8696985053169762,0.9854198247681663,0.6515539261971227,instance,informative+rand_extra
1,0.1554472387261452,0.0,0.038374717832957095,0.42105263157894735,0.10911418239419984,0.0,0.4474343098546457,0.9922178988326849,1.0,0.6675200161773547,0.854418304121444,0.9807544535396269,2.2511326600496226,instance,informative+rand_extra
1,0.25526814819458377,0.0,0.41666666666666663,0.5263157894736842,0.3763835358914792,0.0,0.4676369717967802,0.9972206781545303,1.0,0.6679302455851909,0.875785164192307,0.9943012929428189,-0.1398812113916938,instance,informative+rand_extra
1,0.10703770554424963,0.0,0.0,0.3157894736842105,0.0870330865953236,0.0,0.42603998322884873,0.980544747081712,1.0,0.6674878449796634,0.8625540014157655,0.9931590839317588,0.8433325696790902,instance,informative+rand_extra
1,0.24547204393449407,0.0,0.19318181818181823,0.9473684210526315,0.497289261135735,0.0,0.48313420303566457,0.9966648137854364,1.0,0.6675000411730756,0.8962664066854998,0.9996631495373236,0.33074056992428114,instance,informative+rand_extra
1,0.11120437221091628,0.0,0.02631578947368418,0.42105263157894735,0.5502829219387134,0.0,0.4296987220226225,0.9949972206781545,1.0,0.6672897212361177,0.8900389912332116,0.9988864743491248,0.49000631167513026,instance,informative+rand_extra
1,0.175472043934494,0.2,0.19318181818181823,0.9473684210526315,0.3512305338161805,0.0,0.48548697605961644,0.9988882712618121,1.0,0.667411452679476,0.8928070817030824,0.9816831971736277,0.2043818144502816,instance,informative+rand_extra
1,0.1856071790696292,0.2,0.2142857142857143,0.5263157894736842,0.19749638214674647,0.0,0.4761901984963244,0.9994441356309061,1.0,0.667491473267051,0.8602240153855574,0.9804022707348816,0.20092293932937982,instance,informative+rand_extra
1,0.467722043934494,0.8,0.9414634146341463,0.42105263157894735,0.620275328459616,1.0,0.5302815119867391,1.0,1.0,0.6675538605058479,0.8821614591918597,0.972823788914424,0.2407318556330641,instance,informative+rand_extra
1,0.10703770554424963,0.0,0.038374717832957095,0.42105263157894735,0.23871201817450943,0.0,0.4417096469863885,0.9866592551417455,1.0,0.6673538233452948,0.8703552897025224,0.9907834974307573,0.3543007887166041,instance,informative+rand_extra
1,0.175472043934494,0.0,0.19318181818181823,0.9473684210526315,0.36676570999449365,0.0,0.4180536807733607,0.9949972206781545,1.0,0.667549302817715,0.8772280473344906,0.988415409986057,0.39976651042148786,instance,informative+rand_extra
1,0.10703770554424963,0.0,0.02631578947368418,0.42105263157894735,0.11193025958377945,0.0,0.3909049439954433,0.9660922734852696,1.0,0.6671534138776397,0.8312782507188876,0.9982401135979243,0.9893421346955744,instance,informative+rand_extra
1,0.1781894352388419,0.0,0.03314917127071826,0.5789473684210527,0.08006800784708357,0.0,0.4076828432956445,0.9888827126181212,0.9565217391304348,0.6287679899434748,0.8724142812114601,0.9984434027308118,1.1799519715604971,instance,informative+rand_extra
1,0.10184857852245255,0.0,0.038374717832957095,0.42105263157894735,0.33124677842418615,0.0,0.3949906802025389,0.9799888827126181,1.0,0.6828324749395315,0.8645373656830214,0.9972613529842358,0.5950341116878957,instance,informative+rand_extra
1,0.1146134631200072,0.2,0.05327868852459017,0.5789473684210527,0.5329452081159284,0.25,0.4667703707732891,0.9977765425236242,1.0,0.6680328762963291,0.8907461463000711,0.9835207996928204,0.32280641238418684,instance,informative+rand_extra
1,0.10184857852245255,0.0,0.038374717832957095,0.42105263157894735,0.08353282824594144,0.0,0.3849757636250418,0.9794330183435241,1.0,0.6676140815687943,0.8827904757866135,0.9958603274212814,1.2188711645189156,instance,informative+rand_extra
1,0.175472043934494,0.2,0.038374717832957095,0.42105263157894735,0.089377966194296,0.0,0.4725694218125094,0.9977765425236242,1.0,0.6690169002992051,0.8665570097532634,0.9986179453634386,0.2924539774876244,instance,informative+rand_extra
1,0.5107345787982452,0.4,0.19999999999999996,0.3157894736842105,0.7561406804655548,0.5,0.47680437133143916,0.9994441356309061,1.0,0.6674108383584342,0.8505419463288372,0.9996126460239597,-0.9036055141150762,instance,informative+rand_extra
1,0.13800537826102888,0.0,0.1863636363636364,0.7894736842105263,0.0747781530333963,0.0,0.37477111746166014,0.9677598665925514,1.0,0.6674294699251982,0.8569953262136435,0.9931276228145884,1.4466965893953188,instance,informative+rand_extra
1,0.11166733517387928,0.0,0.06666666666666665,0.47368421052631576,0.5631603540273025,0.0,0.46246754539801005,0.9966648137854364,1.0,0.667883615204333,0.8772387772817944,0.9921071927709842,0.4192540804131711,instance,informative+rand_extra
1,0.1554472387261452,0.0,0.038374717832957095,0.42105263157894735,0.08229921206000795,0.0,0.37531001509693207,0.9755419677598666,1.0,0.6671977872782154,0.8462932483141484,0.9923111052495616,1.495916765937318,instance,informative+rand_extra
1,0.1710722387261452,0.0,0.038374717832957095,0.42105263157894735,0.10116293173089552,0.0,0.43461248261714336,0.9899944413563091,1.0,0.6679254658335158,0.8978270039691104,0.9984401863056628,0.852367561309811,instance,informative+rand_extra
1,0.24547204393449407,0.0,0.02631578947368418,0.42105263157894735,0.7159098505219657,0.0,0.38115461338685175,0.9955530850472485,1.0,0.6678315712849947,0.8603763550695536,0.9969401843589959,-0.8538833688239741,instance,informative+rand_extra
1,0.5184458162646185,0.4,0.19318181818181823,0.9473684210526315,0.7984740344092419,0.3333333333333333,0.5133229835864715,1.0,1.0,0.6675948032920443,0.883026382301318,0.9983084485733702,-0.6792156484082117,instance,informative+rand_extra
1,0.6581327315279171,0.4,0.7938144329896908,0.5789473684210527,0.441799278874912,1.0,0.5007121083519142,1.0,1.0,0.6674143235900296,0.8875451481185135,0.9848055729336843,0.6177012031770395,instance,informative+rand_extra
1,0.2983533998666974,0.0,0.1863636363636364,0.7894736842105263,0.1575699093214215,0.0,0.4482120048640743,0.9955530850472485,1.0,0.6675803882894682,0.8975892661103143,0.9919594291758286,0.4203483301827228,instance,informative+rand_extra
1,0.43724228875558635,0.0,0.05327868852459017,0.5789473684210527,0.32701109002147444,0.3333333333333333,0.47229754786577627,0.9966648137854364,1.0,0.6676977770730641,0.8903899654637399,0.980932037481926,0.6491714018660232,instance,informative+rand_extra
1,0.2614454139987732,0.2,0.05327868852459017,0.5789473684210527,0.5398210870785652,1.0,0.5310329002442027,1.0,1.0,0.6676549743337868,0.8870248037560837,0.9879251405783126,-0.5958584499307553,instance,informative+rand_extra
1,0.1146134631200072,0.0,0.05327868852459017,0.5789473684210527,0.08897551755982702,0.0,0.38815765258367296,0.9799888827126181,1.0,0.6676014907899793,0.8886025547596966,0.9973575249366109,0.676153384642014,instance,informative+rand_extra
1,0.13800537826102888,0.0,0.038374717832957095,0.42105263157894735,0.0747054256859232,0.0,0.419506637193653,0.9455252918287937,1.0,0.6676094512538683,0.8394380870683823,0.9908798290568598,2.4661791084414952,instance,informative+rand_extra
1,0.45690505295648853,0.0,0.06666666666666665,0.3684210526315789,0.1248371396652691,0.0,0.44476708136583143,0.9894385769872152,1.0,0.6681603022589494,0.8608283104612681,0.9918507612464165,-0.15575500050636193,instance,informative+rand_extra
1,0.11166733517387928,0.0,0.05327868852459017,0.5789473684210527,0.26321940370983776,0.0,0.37930169553379867,0.9922178988326849,1.0,0.6678133100496463,0.8790478270660174,0.9991513860092853,0.5883735077891064,instance,informative+rand_extra
1,0.5640916776063485,0.2,0.19318181818181823,0.9473684210526315,0.49914117080273257,0.25,0.48049512320902865,0.9988882712618121,1.0,0.6677116521849387,0.9048240108262379,0.995289953629807,0.30620301007452,instance,informative+rand_extra
1,0.11166733517387928,0.2,0.5833333333333333,0.3684210526315789,0.482422315965071,0.0,0.4559311178242892,0.9977765425236242,0.9565217391304348,0.629201954261783,0.8613881931949515,0.9981504416926894,0.4541561610581092,instance,informative+rand_extra
1,0.5129651896424456,0.0,0.05327868852459017,0.5789473684210527,0.35450283411816974,0.0,0.454861032486638,0.9972206781545303,1.0,0.6676507554182931,0.8972983604921011,0.9813092588659889,-0.18068401798594363,instance,informative+rand_extra
1,0.5032520191623256,0.4,0.12,0.2631578947368421,0.1394127123781767,0.0,0.4728183814280056,0.9988882712618121,1.0,0.6673702189768921,0.8386966612964791,0.9982799500860422,0.8794414965138531,instance,informative+rand_extra
1,0.3178549537501393,0.0,0.9414634146341463,0.3684210526315789,0.33563982936074355,0.0,0.44829923199141875,0.9966648137854364,1.0,0.6669526012276237,0.8414956525007333,0.9723156311502802,0.8861149059817359,instance,informative+rand_extra
1,0.19200096955432877,0.0,0.19318181818181823,0.9473684210526315,0.3745576469069597,0.0,0.4369431550088947,0.990550305725403,1.0,0.667703993215114,0.8669938409527053,0.9806711333586041,0.5699526634357934,instance,informative+rand_extra
1,0.16109175959830369,0.0,0.15000000000000002,0.631578947368421,0.13225776074833406,0.0,0.4328040326581427,0.9916620344635909,1.0,0.6678425603237069,0.8849009495014002,0.9978640869793611,0.4593994264628686,instance,informative+rand_extra
1,0.25526814819458377,0.0,0.03314917127071826,0.631578947368421,0.4851620018209758,0.0,0.40184295667697967,0.9938854919399667,1.0,0.6677835539119882,0.8755166434406795,0.9788489183873118,0.38826769506646913,instance,informative+rand_extra
1,0.6031848148612504,0.6,0.9414634146341463,0.42105263157894735,0.7669522586219852,0.0,0.43771922306451594,0.9988882712618121,1.0,0.6673406691636778,0.8900076907521215,0.9984485597997712,-0.36884609618524383,instance,informative+rand_extra
1,0.5303549537501393,0.0,0.03314917127071826,0.5789473684210527,0.6341538547001145,0.0,0.468850721592145,0.9972206781545303,1.0,0.6674081930646847,0.8928101433159282,0.9963457588853077,0.2635381063049247,instance,informative+rand_extra
1,0.2139037209531276,0.0,0.05327868852459017,0.5789473684210527,0.08035928053043967,0.0,0.46818700493952947,0.9938854919399667,1.0,0.6674602526220808,0.8644469926476528,0.9971227552732571,1.4576514039216166,instance,informative+rand_extra
1,0.1674735785224526,0.0,0.038374717832957095,0.42105263157894735,0.23495615463404435,0.0,0.3158376574728555,0.971650917176209,1.0,0.6678776560821291,0.840337873352916,0.9931858868211599,1.1968579018912227,instance,informative+rand_extra
1,0.1781894352388419,0.0,0.0,0.3157894736842105,0.6140972730062003,0.0,0.46522010819709847,0.9972206781545303,1.0,0.667360641585688,0.8793035375300077,0.98268609611647,-0.56323681294845,instance,informative+rand_extra
1,0.1710722387261452,0.2,0.038374717832957095,0.631578947368421,0.08111427178957331,0.0,0.4897560960157692,0.9983324068927182,1.0,0.6676502016239876,0.881772249056971,0.996942065407781,1.1366450817705198,instance,informative+rand_extra
1,0.1710722387261452,0.2,0.03314917127071826,0.5789473684210527,0.0773714244300665,0.0,0.43734912382417046,0.9977765425236242,1.0,0.6678497737955652,0.8738205852411064,0.999682904896183,1.2889893136311037,instance,informative+rand_extra
1,0.2983533998666974,0.0,0.1863636363636364,0.6842105263157895,0.09781375135181108,0.0,0.4329231337419087,0.9844357976653697,1.0,0.6677814519418415,0.8934243711889287,0.9959496102022906,0.8228953195071927,instance,informative+rand_extra
1,0.1856071790696292,0.6,0.7938144329896908,0.6842105263157895,0.3340214182312198,1.0,0.5127310264442947,1.0,1.0,0.6673550089522017,0.8865511244458983,0.9988799158490067,0.7767358829950375,instance,informative+rand_extra
1,0.3092748608359025,0.2,0.0625,0.2631578947368421,0.5264201079014926,0.0,0.4886951209106377,0.9988882712618121,1.0,0.6678503642019293,0.873748889414221,0.9757486570344145,-0.06877694639804591,instance,informative+rand_extra
1,0.13800537826102888,0.2,0.0,0.21052631578947367,0.09438904489234912,0.0,0.4440793965145101,0.9983324068927182,1.0,0.6678674440537525,0.8390541944610095,0.9734205901258224,1.1411117227553726,instance,informative+rand_extra
1,0.4531848148612504,0.4,0.9416058394160584,0.47368421052631576,0.5561585813126758,0.3333333333333333,0.4782373275208589,0.9988882712618121,1.0,0.6675703440229186,0.8710177794329239,0.9958742913087707,-0.25904122078248354,instance,informative+rand_extra
1,0.447976481527917,0.2,0.05327868852459017,0.7894736842105263,0.16920948863278856,0.0,0.4871974378371664,0.9988882712618121,1.0,0.667924222106054,0.881207556984963,0.9998886080247249,0.804197386803148,instance,informative+rand_extra
1,0.10703770554424963,0.0,0.1428571428571429,0.47368421052631576,0.0752669907697543,0.0,0.44584278604571004,0.9949972206781545,0.9565217391304348,0.6033889848083551,0.8798681369416003,0.9851314782547461,1.727417877774869,instance,informative+rand_extra
1,0.1146134631200072,0.0,0.03314917127071826,0.5789473684210527,0.09089688886537933,0.0,0.4471368268604331,0.9955530850472485,1.0,0.6675316631266742,0.8649625173163918,0.9956662410003214,0.9465758144168553,instance,informative+rand_extra
1,0.2983533998666974,0.0,0.038374717832957095,0.631578947368421,0.09731048589497604,0.0,0.44316215679933635,0.9861033907726515,1.0,0.6677918646763542,0.892065990399033,0.9927040965542684,0.27989093060529446,instance,informative+rand_extra
1,0.10703770554424963,0.0,0.0625,0.2631578947368421,0.07693822216284207,0.0,0.4052879114320451,0.9722067815453029,0.9130434782608695,0.6336006638435546,0.8327201298627744,0.999962952223637,1.9168573526129602,instance,informative+rand_extra
1,0.1554472387261452,0.0,0.6153846153846154,0.6842105263157895,0.1704614860042441,0.0,0.4685050397788587,0.9966648137854364,1.0,0.6689948449940044,0.8864069733378226,0.997862674381157,0.14653257030987996,instance,informative+rand_extra
1,0.1146134631200072,0.0,0.15000000000000002,0.631578947368421,0.26895427715579895,0.0,0.41827062970545714,0.9877709838799333,1.0,0.6673498387600986,0.8754159841277788,0.999052209407925,1.022260727835091,instance,informative+rand_extra
1,0.7694422553374409,0.2,0.1863636363636364,0.8421052631578947,0.8048065072254819,0.0,0.48406413550241034,0.9988882712618121,1.0,0.6821792417111472,0.8822750170209374,0.9972631396991458,0.08950503907361326,instance,informative+rand_extra
1,0.4186149010773512,0.2,0.05327868852459017,0.5789473684210527,0.5123000039265272,0.16666666666666666,0.4968830214611928,0.9994441356309061,1.0,0.6675924892821173,0.902700037240531,0.9992939114087175,0.871987812936068,instance,informative+rand_extra
1,0.1554472387261452,0.0,0.038374717832957095,0.42105263157894735,0.08900756152303335,0.0,0.43377713760151215,0.9894385769872152,1.0,0.6682435469856061,0.8545654080559296,0.9933377586082389,1.2385781685877746,instance,informative+rand_extra
1,0.1146134631200072,0.0,0.03314917127071826,0.5789473684210527,0.07643135659040012,0.0,0.36826463968104917,0.9749861033907726,1.0,0.6675232123539556,0.8703242656961975,0.9899872121002331,2.2502606990833893,instance,informative+rand_extra
1,0.4531848148612504,0.0,0.05327868852459017,0.5789473684210527,0.6689267882169458,0.0,0.42266052763767803,0.9894385769872152,1.0,0.6683928203829237,0.8546021978531972,0.9958103262402892,0.6310135049433612,instance,informative+rand_extra
1,0.10899143566530967,0.0,0.6153846153846154,0.6842105263157895,0.579817150224433,0.0,0.4547672446147475,0.9955530850472485,1.0,0.6678536031851007,0.8766064994901539,0.9821713563128956,0.3762671552248421,instance,informative+rand_extra
1,0.175472043934494,0.0,0.05327868852459017,0.7894736842105263,0.10675943878255278,0.0,0.37595576212980675,0.9916620344635909,1.0,0.6675051571209836,0.8600607437830562,0.9934382507924429,1.1921154050962814,instance,informative+rand_extra
1,0.10184857852245255,0.0,0.05327868852459017,0.8421052631578947,0.09306381069524605,0.0,0.4250375036400913,0.9861033907726515,1.0,0.6689568291160137,0.8719870594884914,0.9931802884653889,0.6442672998137065,instance,informative+rand_extra
1,0.13800537826102888,0.0,0.13043478260869568,0.3684210526315789,0.08740109334718571,0.0,0.46895384940604845,0.9922178988326849,1.0,0.6687424439089745,0.8774692636447263,0.9902169279508646,0.7251389908686113,instance,informative+rand_extra
1,0.25526814819458377,0.0,0.12,0.2631578947368421,0.09751069110495891,0.0,0.4166658808984218,0.9922178988326849,1.0,0.6679480873142177,0.8225014308602467,0.9845449477554192,0.33661921380580534,instance,informative+rand_extra
1,0.10703770554424963,0.0,0.02631578947368418,0.47368421052631576,0.4671068946182383,0.0,0.44902667741375313,0.9933296275708727,0.9565217391304348,0.6125686844602466,0.8243615025039865,0.9838083316685275,0.5227033865739856,instance,informative+rand_extra
1,0.10184857852245255,0.0,0.05327868852459017,0.5789473684210527,0.2879043089625828,0.0,0.39732316696930803,0.9783212896053363,1.0,0.6690381506049627,0.8774823757374951,0.995463989523646,0.6223296624603265,instance,informative+rand_extra
1,0.10703770554424963,0.0,0.05327868852459017,0.5789473684210527,0.0831850704831017,0.0,0.36792154758602247,0.9371873262923847,1.0,0.6672780780090034,0.8673831568378744,0.9974364131273432,1.5978326786025498,instance,informative+rand_extra
1,0.10184857852245255,0.0,0.038374717832957095,0.631578947368421,0.0746288217990348,0.0,0.39021305810375573,0.9855475264035576,1.0,0.6686044619662559,0.8407579448508768,0.9811701059837292,1.5485129823549737,instance,informative+rand_extra
1,0.21283430288766203,0.6,0.1428571428571429,0.47368421052631576,0.19463703742227645,0.5,0.44401272234350464,0.9994441356309061,1.0,0.6674728689408755,0.8680593597153161,0.9858977572218726,0.7030953985490721,instance,informative+rand_extra
1,0.22547204393449405,0.2,0.038374717832957095,0.42105263157894735,0.10655051276168948,0.0,0.47130242004492895,0.9983324068927182,1.0,0.6673218698153077,0.860141450694147,0.9671165340396295,-0.006092295822503566,instance,informative+rand_extra
1,0.22325096955432877,0.4,0.8181818181818181,0.3157894736842105,0.44344986720270785,0.0,0.46945777123832433,0.9994441356309061,1.0,0.667362757161839,0.8542916808134811,0.9984742982123528,-0.1575499185205463,instance,informative+rand_extra
1,0.11166733517387928,0.0,0.19318181818181823,0.9473684210526315,0.28679429562882486,0.0,0.4118814853281585,0.9772095608671484,1.0,0.6676106977299586,0.8727484859696264,0.9916042526493272,0.6843035767941918,instance,informative+rand_extra
1,0.6849004082955938,0.6,0.1863636363636364,0.7894736842105263,0.4401807219576498,1.0,0.5048332944763794,1.0,0.9565217391304348,0.6666666666666666,0.8708490309267647,0.9989201209650082,-0.6708609290864467,instance,informative+rand_extra
1,0.10703770554424963,0.0,0.1863636363636364,0.5263157894736842,0.0752703700319049,0.0,0.35693183530005124,0.9360755975541968,0.9565217391304348,0.6600565970393156,0.8368547389592725,0.9949617081239163,1.0698546951061632,instance,informative+rand_extra
1,0.1554472387261452,0.0,0.06666666666666665,0.47368421052631576,0.2918128345916752,0.0,0.39000404821229073,0.9855475264035576,1.0,0.66821644361511,0.866792894314551,0.9964365947987021,0.3730901404626663,instance,informative+rand_extra
1,0.1674735785224526,0.2,0.2142857142857143,0.5263157894736842,0.5788704063505837,0.0,0.46808482747354163,0.9994441356309061,1.0,0.6678460267573275,0.8702712176519772,0.9955338428213936,0.24281966089602577,instance,informative+rand_extra
1,0.34835339986669744,0.6,0.9166666666666666,0.631578947368421,0.2068352337994927,0.5,0.5056063520785177,1.0,1.0,0.6681668157865643,0.8852651830122965,0.9783543053035881,0.5988097484462338,instance,informative+rand_extra
1,0.10703770554424963,0.0,0.03314917127071826,0.5789473684210527,0.0814735706011594,0.0,0.3949770164138946,0.9872151195108394,1.0,0.6670777271139586,0.8481102810236985,0.9867714924875127,0.8799713729167989,instance,informative+rand_extra
1,0.5129651896424456,0.2,0.7938144329896908,0.6842105263157895,0.4191046475196224,0.0,0.4810371595649464,0.9983324068927182,1.0,0.6675701468716156,0.88541227381449,0.9960264637518622,-0.2733692236326094,instance,informative+rand_extra
1,0.11120437221091628,0.0,0.44303797468354433,0.5263157894736842,0.5228204053561828,0.0,0.44614081386495785,0.9933296275708727,1.0,0.6672852819682326,0.8610345751812081,0.9851413457450036,0.2527857345949266,instance,informative+rand_extra
1,0.10703770554424963,0.0,0.038374717832957095,0.631578947368421,0.08502239623053442,0.0,0.3919732276752218,0.9816564758198999,1.0,0.6671547939380922,0.8477322758069483,0.9876861277932447,1.4792088038691136,instance,informative+rand_extra
1,0.10703770554424963,0.0,0.13043478260869568,0.42105263157894735,0.07854549899145713,0.0,0.41244428194767113,0.9744302390216787,0.9565217391304348,0.6546321502697539,0.8287624580777294,0.9790363276015905,0.2858709760884206,instance,informative+rand_extra
1,0.10703770554424963,0.0,0.03314917127071826,0.5789473684210527,0.07463607470651501,0.0,0.3786420487194544,0.9238465814341301,0.9130434782608695,0.6472431284317923,0.821393018408649,0.978657163921265,1.584535744630944,instance,informative+rand_extra
1,0.13800537826102888,0.2,0.06666666666666665,0.47368421052631576,0.36285131507563306,0.0,0.4677385295753489,0.9988882712618121,1.0,0.669726870291294,0.8658295540184899,0.9998372604593283,0.7740714225961542,instance,informative+rand_extra
1,0.1781894352388419,0.0,0.03314917127071826,0.5789473684210527,0.23206666470933318,0.0,0.42634091407932306,0.9894385769872152,1.0,0.6678784684314799,0.8870046827684904,0.9976222554509714,0.743659791550668,instance,informative+rand_extra
1,0.405222043934494,0.6,0.44303797468354433,0.7368421052631579,0.38314551354220505,0.6666666666666666,0.5397290880471064,1.0,1.0,0.6677695478474078,0.8820901040069344,0.9778633247933938,-0.05597574314143725,instance,informative+rand_extra
1,0.36985148152791714,0.0,0.06666666666666665,0.47368421052631576,0.41920763265480165,0.0,0.4640289227726041,0.9961089494163424,1.0,0.6679364161890814,0.858229005260997,0.9903521529172656,0.32910754112134466,instance,informative+rand_extra
1,0.10703770554424963,0.0,0.03314917127071826,0.5789473684210527,0.0934484348075863,0.0,0.41527013775643185,0.9733185102834908,1.0,0.66745921451798,0.8587241985051861,0.9985521363993308,1.1003006258353354,instance,informative+rand_extra
1,0.2009017841806906,0.6,0.7938144329896908,0.5789473684210527,0.5045183037779752,1.0,0.5050262658353712,1.0,1.0,0.6682061659750691,0.9094167741684054,0.9949961170376314,0.2122892776076298,instance,informative+rand_extra
1,0.10184857852245255,0.0,0.0,0.21052631578947367,0.07523147200962682,0.0,0.37590036760902035,0.9649805447470817,1.0,0.6686211016601585,0.8445456056713547,0.985667118782713,0.881250043853796,instance,informative+rand_extra
1,0.25526814819458377,0.0,0.03314917127071826,0.5789473684210527,0.09837796580733604,0.0,0.3672362921772495,0.9872151195108394,1.0,0.6676923291445974,0.8619387796298161,0.9825116871569153,0.8558256491580369,instance,informative+rand_extra
1,0.10184857852245255,0.0,0.13043478260869568,0.3684210526315789,0.08103992625165513,0.0,0.43833810430585574,0.9916620344635909,1.0,0.6689956444173553,0.8500140736289149,0.9951328616534758,0.5272652356003287,instance,informative+rand_extra
1,0.10703770554424963,0.0,0.038374717832957095,0.631578947368421,0.07472466365259417,0.0,0.3958536691200527,0.9544191217342969,0.9565217391304348,0.6441700933192116,0.8485073629275695,0.997956551172559,1.6964519953342745,instance,informative+rand_extra
1,0.405222043934494,0.0,0.05327868852459017,0.7894736842105263,0.48273348535883776,0.0,0.45073900251084553,0.9966648137854364,1.0,0.6679649166878856,0.8944802828531703,0.9988170038652701,0.13093083888356422,instance,informative+rand_extra
1,0.13800537826102888,0.0,0.12,0.2631578947368421,0.10350515634142887,0.0,0.4484486421855305,0.9838799332962757,1.0,0.6678063056157562,0.8460972103816846,0.9936126901894708,0.7985033270608024,instance,informative+rand_extra
1,0.16109175959830369,0.6,0.0,0.3157894736842105,0.10551021214254463,0.0,0.49921111652473704,0.9994441356309061,1.0,0.6675131957594383,0.8620871569867365,0.9828761891279787,0.9006077226140654,instance,informative+rand_extra
1,0.10184857852245255,0.0,0.0,0.3157894736842105,0.1393637423617759,0.0,0.39824332152613606,0.9922178988326849,1.0,0.6675861852557866,0.8661296751878936,0.9939527995397515,-0.27270414051628306,instance,informative+rand_extra
1,0.37047204393449407,0.0,0.038374717832957095,0.42105263157894735,0.11105426756240255,0.0,0.4514433999625411,0.9916620344635909,1.0,0.6674543212941877,0.8760583265124254,0.99791173779791,0.37573964787232506,instance,informative+rand_extra
1,0.10703770554424963,0.0,0.02631578947368418,0.42105263157894735,0.07624706964846562,0.0,0.3749423979840233,0.9310728182323513,0.9565217391304348,0.6433217248724639,0.8150457175520928,0.9804898806291356,0.8858626723040618,instance,informative+rand_extra
1,0.25526814819458377,0.0,0.03314917127071826,0.5789473684210527,0.07685013010224473,0.0,0.39577016480176486,0.9949972206781545,0.9565217391304348,0.6581975122528068,0.85547080790454,0.9789892512933219,1.0601935244531087,instance,informative+rand_extra
1,0.10899143566530967,0.4,0.03314917127071826,0.5789473684210527,0.6672054371416614,1.0,0.5036937661482102,1.0,1.0,0.6672617960140137,0.8775124547939485,0.999961078559704,0.09125880379434273,instance,informative+rand_extra
1,0.10184857852245255,0.0,0.0,0.21052631578947367,0.07498605135580216,0.0,0.3814695529446802,0.9438576987215119,0.9130434782608695,0.5869985860394384,0.8092682693453155,0.9975599381010845,0.07491193144630585,instance,informative+rand_extra
1,0.10703770554424963,0.0,0.03314917127071826,0.5789473684210527,0.07495298549183049,0.0,0.42181374844673636,0.9877709838799333,1.0,0.6676527493667849,0.8564917542942115,0.9931802181094954,1.622402101601132,instance,informative+rand_extra
1,0.11747357852245255,0.0,0.038374717832957095,0.42105263157894735,0.12323169294912767,0.0,0.39217723714190267,0.9349638688160089,1.0,0.6680526087404985,0.8493260878985116,0.9988104956514753,1.5843331703206553,instance,informative+rand_extra
1,0.11166733517387928,0.0,0.02631578947368418,0.42105263157894735,0.45416538658681216,0.0,0.39917430868482473,0.9660922734852696,1.0,0.6673897875016369,0.8414717906912267,0.9918732280457152,0.7607461063120673,instance,informative+rand_extra
1,0.3092748608359025,0.4,0.5833333333333333,0.47368421052631576,0.7688122725267373,0.0,0.4856346305526048,0.9994441356309061,1.0,0.667308077997494,0.8881482446838834,0.9924560618540493,-0.3746909176931383,instance,informative+rand_extra
1,0.10184857852245255,0.0,0.6153846153846154,0.6842105263157895,0.1284895526702935,0.0,0.47746895199837425,0.9949972206781545,1.0,0.6693185189798091,0.8715996283921459,0.987454985753523,0.036045274805175845,instance,informative+rand_extra
1,0.19200096955432877,0.2,0.41666666666666663,0.5789473684210527,0.5172213217542335,0.0,0.49228642950772405,0.9988882712618121,1.0,0.668058953867297,0.8867491057914737,0.9974074556133891,-0.6613980594283985,instance,informative+rand_extra
1,0.10703770554424963,0.0,0.12903225806451613,0.47368421052631576,0.07751157560791205,0.0,0.35292720093606356,0.9838799332962757,0.9565217391304348,0.6657757055793698,0.8413300609179784,0.9773285471458338,0.8672916813854723,instance,informative+rand_extra
1,0.19200096955432877,0.0,0.1863636363636364,0.5789473684210527,0.08045924886095612,0.0,0.4513768781610302,0.9888827126181212,1.0,0.6677405871973121,0.8621193815591311,0.9830731622489368,0.561115465291809,instance,informative+rand_extra
1,0.25526814819458377,0.2,0.0,0.21052631578947367,0.16172910634196175,0.0,0.4820075785715612,0.9994441356309061,1.0,0.6679393471852229,0.8654303453143196,0.999081044978432,0.22761657176378877,instance,informative+rand_extra
1,0.5198053772678274,1.0,0.1863636363636364,0.8421052631578947,0.2963948686009208,0.7,0.5292981627446804,1.0,1.0,0.6677029919431821,0.9033115200005237,0.9914846602851027,0.04458525263879164,instance,informative+rand_extra
1,0.10184857852245255,0.0,0.03314917127071826,0.631578947368421,0.09654466675553669,0.0,0.372854747875484,0.9444135630906059,1.0,0.6773133579247037,0.8411935392572916,0.9899745487279639,0.9783738268928281,instance,informative+rand_extra
1,0.1710722387261452,0.0,0.038374717832957095,0.42105263157894735,0.10493519999766637,0.0,0.4288578299943834,0.9922178988326849,1.0,0.6687891536264362,0.8642720429347166,0.9981004163490648,1.3269661414787677,instance,informative+rand_extra
1,0.640787770287607,0.4,0.19318181818181823,0.9473684210526315,0.7048756372444759,0.5,0.5020188610215159,1.0,1.0,0.6675745060300006,0.8642038913442935,0.9662933727206744,-0.08614433775345108,instance,informative+rand_extra
1,0.13800537826102888,0.2,0.8780487804878049,0.631578947368421,0.1904527198733793,0.0,0.4278494265120879,0.9977765425236242,1.0,0.6680715882424644,0.8627156297123513,0.9711550568766933,1.5537908721543503,instance,informative+rand_extra
1,0.10703770554424963,0.0,0.038374717832957095,0.42105263157894735,0.07553924916687471,0.0,0.3825610519895306,0.9783212896053363,1.0,0.6673096610188838,0.8656997974542301,0.9991494880846846,1.219136319758025,instance,informative+rand_extra
1,0.6031848148612504,0.8,0.44303797468354433,0.7368421052631579,0.5463861246043676,0.8333333333333334,0.5310532885397294,1.0,1.0,0.6675428989704747,0.9065496758994153,0.996770594223473,-0.22846333841735317,instance,informative+rand_extra
1,0.1781894352388419,0.0,0.05327868852459017,0.5789473684210527,0.33766677729486505,0.0,0.44730644967415456,0.990550305725403,1.0,0.6680107294028008,0.8973947353628309,0.997772900938882,1.0413888580121207,instance,informative+rand_extra
1,0.1722646375202882,0.0,0.1863636363636364,0.7894736842105263,0.13276987104655713,0.0,0.4602713112281175,0.9949972206781545,1.0,0.667660615848998,0.8704334728625064,0.9937259830758681,0.6725927959368498,instance,informative+rand_extra
1,0.1856071790696292,0.0,0.05327868852459017,0.7894736842105263,0.09839887987843238,0.0,0.4470189814502572,0.9961089494163424,1.0,0.6691516941168372,0.8756129941922252,0.9976687298218262,0.5103889078290947,instance,informative+rand_extra
1,0.175472043934494,0.0,0.02631578947368418,0.42105263157894735,0.386503332166671,0.0,0.42345031991808346,0.9816564758198999,1.0,0.6673851876459718,0.8498870520780216,0.9796074556060778,-0.37658156832512596,instance,informative+rand_extra
1,0.10184857852245255,0.0,0.038374717832957095,0.42105263157894735,0.0758759599166619,0.0,0.3862795071067192,0.9699833240689272,1.0,0.6676033941111693,0.8501370389067289,0.9884282282614923,0.9837082051680069,instance,informative+rand_extra
1,0.447976481527917,0.4,0.1863636363636364,0.631578947368421,0.11697076448870691,0.0,0.4864961697882584,0.9994441356309061,1.0,0.667924040492671,0.8885828169814544,0.9976806779413693,0.3619325422782284,instance,informative+rand_extra
1,0.311472043934494,0.4,0.03314917127071826,0.5789473684210527,0.18736326739464093,0.0,0.47412065636650813,0.9994441356309061,1.0,0.6676614691686691,0.8814685647928073,0.9893617232798723,0.6923215604594186,instance,informative+rand_extra
1,0.1710722387261452,0.0,0.03314917127071826,0.5789473684210527,0.08583113956415761,0.0,0.4418276110332653,0.9916620344635909,0.9565217391304348,0.6663645607303056,0.8893456962007309,0.9946118167118227,0.8064756160010317,instance,informative+rand_extra
1,0.175472043934494,0.0,0.05327868852459017,0.5789473684210527,0.5164048516884335,0.0,0.4411199954759121,0.9944413563090606,1.0,0.6675883400897947,0.8986497270175542,0.9912842199630121,0.8032412310907985,instance,informative+rand_extra
1,0.4186149010773512,0.0,0.44303797468354433,0.5263157894736842,0.14852626274325081,0.0,0.42386801029939536,0.9922178988326849,1.0,0.6675887711905911,0.8937332308403206,0.9995510562677025,0.18140108043789943,instance,informative+rand_extra
1,0.10703770554424963,0.0,0.12,0.2631578947368421,0.07533738232902837,0.0,0.4512508666519405,0.9916620344635909,0.9565217391304348,0.6055107383827293,0.8481972112152386,0.9828761543919093,1.1751257398549704,instance,informative+rand_extra
1,0.10703770554424963,0.0,0.02631578947368418,0.42105263157894735,0.07493706710344672,0.0,0.41579167111432913,0.9633129516397999,0.9130434782608695,0.6519238226140353,0.8188890036633865,0.9677906379545261,1.0969995368061751,instance,informative+rand_extra
1,0.11120437221091628,0.0,0.12903225806451613,0.47368421052631576,0.16566028373688846,0.0,0.39377735841189376,0.9777654252362423,1.0,0.6670247662934314,0.8393887944843321,0.9789425419345296,1.0421492067377078,instance,informative+rand_extra
1,0.33647204393449404,0.2,0.7938144329896908,0.6842105263157895,0.6915613681110608,0.3333333333333333,0.48316289606505913,0.9994441356309061,1.0,0.6673363258980043,0.8997180402555298,0.999573616352693,0.13097316698486705,instance,informative+rand_extra
1,0.16109175959830369,0.0,0.02631578947368418,0.42105263157894735,0.10660941387612144,0.0,0.4682864898419026,0.9922178988326849,1.0,0.6675635614149378,0.8722961074166053,0.9948647816333442,0.862383971098826,instance,informative+rand_extra
1,0.10703770554424963,0.0,0.05327868852459017,0.5789473684210527,0.11653085529634677,0.0,0.3792866337994082,0.9694274596998332,1.0,0.6672986774510818,0.877796048811323,0.9841666706684142,1.1141303045334272,instance,informative+rand_extra
1,0.14726463752028818,0.0,0.05327868852459017,0.7894736842105263,0.10723627305647254,0.0,0.45164664133233834,0.990550305725403,1.0,0.6693907421391437,0.8597311820708609,0.9956158235677633,0.5311413859426872,instance,informative+rand_extra
1,0.10703770554424963,0.2,0.05327868852459017,0.5789473684210527,0.10355495452973046,0.0,0.45002269686429053,0.9983324068927182,1.0,0.6677190105004899,0.8708120683637222,0.9960207744063395,0.6179526196036736,instance,informative+rand_extra
1,0.1554472387261452,0.0,0.05327868852459017,0.5789473684210527,0.08325960994613102,0.0,0.4177580627349843,0.9844357976653697,1.0,0.6676685588233309,0.8474098403290173,0.9634872077264606,1.1413343332965653,instance,informative+rand_extra
1,0.175472043934494,0.0,0.12903225806451613,0.47368421052631576,0.08883790828937299,0.0,0.43610644890458716,0.9838799332962757,0.9565217391304348,0.6658451712223347,0.844008461107341,0.9966886467080266,0.5356183794937054,instance,informative+rand_extra
1,0.10184857852245255,0.0,0.03314917127071826,0.631578947368421,0.08542322738269215,0.0,0.3336655002747717,0.9505280711506392,1.0,0.6690083471466743,0.8699314409307446,0.9957217375624037,0.6828781516647325,instance,informative+rand_extra
1,0.24547204393449407,0.0,0.1863636363636364,0.5789473684210527,0.1537906590470196,0.0,0.4153542464649185,0.9844357976653697,1.0,0.6676749883247376,0.8540846608292564,0.9762165737646605,0.37037701661356526,instance,informative+rand_extra
1,0.6682583442730151,0.8,0.8181818181818181,0.3684210526315789,0.7880679422789195,1.0,0.5011294092645824,1.0,1.0,0.6674673112483777,0.867189831382818,0.997942531261076,-0.9927470527977582,instance,informative+rand_extra
1,0.5184458162646185,0.2,0.19318181818181823,0.9473684210526315,0.7002129719381587,0.0,0.48977130287378556,0.9983324068927182,0.9565217391304348,0.6421026755422508,0.8591504954071141,0.9909816233139517,-1.001935312202272,instance,informative+rand_extra
1,0.7829226474943036,0.6,0.8780487804878049,0.5263157894736842,0.723935668972748,0.0,0.4338737073435155,0.9988882712618121,1.0,0.6685171963576142,0.8929010882910865,0.9946487384133075,-0.4709083369183706,instance,informative+rand_extra
1,0.10703770554424963,0.0,0.1863636363636364,0.5263157894736842,0.08865033710093134,0.0,0.4064819546403815,0.9399666481378544,1.0,0.6673588060516488,0.8506728356104213,0.9889674049138305,0.5716324087780783,instance,informative+rand_extra
1,0.40118828708347265,0.2,0.7938144329896908,0.5789473684210527,0.08808348883197503,1.0,0.5262862002614088,1.0,1.0,0.6670142878526798,0.8643785605966257,0.9991395035071902,0.8361718184928697,instance,informative+rand_extra
1,0.13800537826102888,0.0,0.05327868852459017,0.7894736842105263,0.6034280898647822,0.0,0.42612144169329924,0.981100611450806,1.0,0.6677333068267368,0.8825129526809191,0.99444474546575,0.5909293207155742,instance,informative+rand_extra
1,0.19200096955432877,0.0,0.0,0.21052631578947367,0.16664321002133015,0.0,0.3666309850943774,0.9455252918287937,1.0,0.668133929315946,0.866245487922778,0.9637516853623641,0.43823527741538804,instance,informative+rand_extra
1,0.37047204393449407,0.4,0.038374717832957095,0.631578947368421,0.3096376736943428,0.0,0.480103120417372,0.9988882712618121,1.0,0.6674913500553713,0.8830633814522729,0.9916718054438359,0.5943527666687072,instance,informative+rand_extra
1,0.374252531739372,0.2,0.1863636363636364,0.7894736842105263,0.16851807436960825,0.0,0.49262086403177285,0.9994441356309061,1.0,0.6675355596524802,0.8849430883219792,0.9960791582498113,1.1009168660886892,instance,informative+rand_extra
1,0.14738162088816498,0.0,0.6153846153846154,0.7368421052631579,0.6935199285768133,0.0,0.4627464503676437,0.9966648137854364,1.0,0.6673464887339287,0.8668565013688064,0.9858775922967951,0.4477359516163716,instance,informative+rand_extra
1,0.10184857852245255,0.0,0.1863636363636364,0.5789473684210527,0.07656602127694023,0.0,0.3949452782161491,0.9705391884380211,1.0,0.6712782476801314,0.8331379432277157,0.9767192295945544,0.455367883240932,instance,informative+rand_extra
1,0.5214541867916369,0.4,0.038374717832957095,0.631578947368421,0.08707446194748292,0.0,0.4993472064907526,0.9988882712618121,1.0,0.6672940827802062,0.8602235323835237,0.9831739354663731,0.4569253802724764,instance,informative+rand_extra
1,0.10703770554424963,0.0,0.038374717832957095,0.631578947368421,0.0748329990139962,0.0,0.36572945809546475,0.9382990550305725,1.0,0.6672515113717299,0.8072190570170621,0.9968562576112403,1.677273235313676,instance,informative+rand_extra
1,0.33647204393449404,0.0,0.03314917127071826,0.5789473684210527,0.25723919057389966,0.0,0.4512802397411101,0.9949972206781545,1.0,0.6676163425654423,0.8888644204080675,0.9968862116591317,0.5177969612674449,instance,informative+rand_extra
1,0.10703770554424963,0.0,0.03314917127071826,0.5789473684210527,0.07696891453383203,0.0,0.3944281791286961,0.9588660366870484,1.0,0.6675723663317977,0.8683961313961078,0.9759350858170052,1.4819648857225052,instance,informative+rand_extra
1,0.10184857852245255,0.0,0.038374717832957095,0.631578947368421,0.07957940560476662,0.0,0.44320016221417735,0.9849916620344636,0.9565217391304348,0.6666666666666666,0.8556416004918448,0.9984739250977807,1.8101851110813294,instance,informative+rand_extra
1,0.1856071790696292,0.0,0.038374717832957095,0.42105263157894735,0.3487513355086592,0.0,0.4450321377972215,0.9894385769872152,1.0,0.6672050035671808,0.8863762681408417,0.9993604093048024,0.2661501413742538,instance,informative+rand_extra
1,0.3729152070181132,0.0,0.41666666666666663,0.5263157894736842,0.6773051992597054,0.0,0.4278802527562261,0.9922178988326849,0.9565217391304348,0.6666666666666666,0.8522912338637707,0.9992926057973301,-0.6988173913139318,instance,informative+rand_extra
1,0.10184857852245255,0.0,0.05327868852459017,0.5789473684210527,0.608171751482283,0.0,0.46768685337301574,0.9972206781545303,1.0,0.6686268091471048,0.8589033850508238,0.9907759802877467,0.4092578087972673,instance,informative+rand_extra
1,0.1781894352388419,0.0,0.03314917127071826,0.5789473684210527,0.08673264501514033,0.0,0.4001083091204589,0.9877709838799333,1.0,0.6675395790300994,0.8785023160041772,0.9898785147492815,1.049579890045779,instance,informative+rand_extra
1,0.175472043934494,0.2,0.19318181818181823,0.9473684210526315,0.545583125867072,0.0,0.42662099480038174,0.9977765425236242,1.0,0.6676592066565852,0.8656777206517914,0.9859948216941844,0.5162076022802573,instance,informative+rand_extra
1,0.11166733517387928,0.0,0.1863636363636364,0.5263157894736842,0.23791548090574993,0.0,0.3926209315950828,0.990550305725403,1.0,0.6675782985138786,0.8842065939560066,0.9966210819833695,0.7457623183806112,instance,informative+rand_extra
1,0.1781894352388419,0.0,0.05327868852459017,0.5789473684210527,0.08336490160928545,0.0,0.42234165206672003,0.9894385769872152,1.0,0.6676291171047457,0.8830318061455956,0.9808199319201215,0.6403525175010938,instance,informative+rand_extra
1,0.10184857852245255,0.0,0.19318181818181823,0.9473684210526315,0.32625165174668525,0.0,0.4542179298014799,0.9966648137854364,1.0,0.6675544891482149,0.8816399525877692,0.998649909976493,0.2751268080342074,instance,informative+rand_extra
1,0.4871958162646185,0.2,0.1863636363636364,0.5263157894736842,0.7586088652471297,0.0,0.49917039144846176,0.9994441356309061,1.0,0.66766229498956,0.881252940745752,0.9951272392345464,-0.14586778194657748,instance,informative+rand_extra
1,0.13800537826102888,0.0,0.2142857142857143,0.2631578947368421,0.07577191526402494,0.0,0.44184765144765237,0.9933296275708727,0.9565217391304348,0.5619425690357862,0.8214617368293694,0.994065805362777,0.7336390922087973,instance,informative+rand_extra
1,0.1458634631200072,0.0,0.03314917127071826,0.5789473684210527,0.0823580073653562,0.0,0.4074173451254045,0.9733185102834908,1.0,0.6681727646002943,0.8620280706313544,0.984887879154124,0.8473562367268793,instance,informative+rand_extra
1,0.13800537826102888,0.0,0.05327868852459017,0.5789473684210527,0.1772542721130369,0.0,0.44075888605685964,0.9938854919399667,1.0,0.6684946990727415,0.8835167227900405,0.9960191148911148,1.3294136095801075,instance,informative+rand_extra
1,0.1710722387261452,0.0,0.03314917127071826,0.5789473684210527,0.1531499786366134,0.0,0.3875564542535189,0.9738743746525848,1.0,0.6680261816497722,0.890631733751122,0.9947585735049732,1.257743333057967,instance,informative+rand_extra
1,0.19200096955432877,0.0,0.038374717832957095,0.42105263157894735,0.14742613402857796,0.0,0.41467643330403814,0.9855475264035576,1.0,0.6676162827014717,0.8890484132818308,0.9982231642229107,0.5236272113190894,instance,informative+rand_extra
1,0.10184857852245255,0.0,0.038374717832957095,0.42105263157894735,0.09156560849651285,0.0,0.3797359760848138,0.9488604780433574,1.0,0.6676612281635556,0.8546701820374574,0.9991473909377583,0.06097121365254926,instance,informative+rand_extra
1,0.25526814819458377,0.0,0.0,0.21052631578947367,0.6651786076027342,0.0,0.42369281081576493,0.971650917176209,1.0,0.6678967543851846,0.8898705766506426,0.995903159958738,0.2367675358519054,instance,informative+rand_extra
1,0.10703770554424963,0.0,0.15000000000000002,0.631578947368421,0.08450043832541326,0.0,0.4127034230467106,0.9660922734852696,1.0,0.667511434091781,0.8436474911363733,0.9982524808277573,0.6393005798636975,instance,informative+rand_extra
1,0.46836576992681156,0.2,0.05327868852459017,0.5789473684210527,0.6907624738483067,0.0,0.47869142861289304,0.9988882712618121,1.0,0.6677321018119396,0.8909749615935129,0.9893316561287546,0.07944694746519204,instance,informative+rand_extra
1,0.10703770554424963,0.0,0.12903225806451613,0.47368421052631576,0.11775586813295913,0.0,0.3879519736050805,0.9599777654252363,1.0,0.6676073214756095,0.8434855551101483,0.9735510465180788,0.050055946169661775,instance,informative+rand_extra
1,0.175472043934494,0.0,0.038374717832957095,0.42105263157894735,0.07532727847090948,0.0,0.38304727822589524,0.9594219010561423,1.0,0.6676819300451693,0.850583454898431,0.9965126479515937,1.7730626918255654,instance,informative+rand_extra
1,0.3098803782610289,0.8,0.15000000000000002,0.6842105263157895,0.17910612507371498,0.5,0.5096686875569398,1.0,1.0,0.6685862356365865,0.8703388812398288,0.977879403297223,0.2408782161099219,instance,informative+rand_extra
1,0.24547204393449407,0.0,0.44303797468354433,0.47368421052631576,0.5010209083857984,0.0,0.44574181921479883,0.9961089494163424,1.0,0.6675895165645308,0.8808329296983375,0.9945112637757958,-0.019252661604942163,instance,informative+rand_extra
1,0.5032520191623256,0.4,0.12,0.2631578947368421,0.12739562506609586,0.0,0.4852124898887771,0.9983324068927182,0.9565217391304348,0.6527542691929761,0.8654656423316922,0.9847807983154157,0.9858770285331834,instance,informative+rand_extra
1,0.10184857852245255,0.0,0.038374717832957095,0.42105263157894735,0.07898456231315709,0.0,0.38759466695635536,0.9766536964980544,1.0,0.6696970374483162,0.8533171423720943,0.969051802327664,1.1523418536330854,instance,informative+rand_extra
1,0.175472043934494,0.0,0.038374717832957095,0.42105263157894735,0.07539292363744787,0.0,0.40238771550655283,0.9861033907726515,1.0,0.6672671780280737,0.8724579307794756,0.9981524749427523,1.9796975205804845,instance,informative+rand_extra
1,0.10703770554424963,0.0,0.038374717832957095,0.631578947368421,0.07689776163984019,0.0,0.3994573465638278,0.9855475264035576,1.0,0.6672383711369038,0.866615105766341,0.9922956969934492,0.6417983301413864,instance,informative+rand_extra
1,0.2242525317393721,0.0,0.19318181818181823,0.9473684210526315,0.3414657359044454,0.0,0.40904092246221324,0.9972206781545303,1.0,0.6673622409468946,0.8805816044478825,0.9734003429834873,0.9892367895636902,instance,informative+rand_extra
1,0.3242525317393721,0.2,0.02631578947368418,0.42105263157894735,0.27019415898199767,0.0,0.48384525235356757,0.9988882712618121,1.0,0.6674269193416801,0.8746752658120719,0.994758739150495,0.36345778902250103,instance,informative+rand_extra
1,0.2009017841806906,0.2,0.2142857142857143,0.2631578947368421,0.6372387191538867,0.0,0.439039180909113,0.9977765425236242,1.0,0.6681230666038819,0.8856148567495356,0.9987672052590977,-0.32416849897409994,instance,informative+rand_extra
1,0.303287770287607,0.0,0.44303797468354433,0.47368421052631576,0.5688718793982052,0.0,0.43943848861707324,0.9838799332962757,0.9565217391304348,0.6540975934859734,0.8459302263342291,0.9933952226193904,-0.000862793773774959,instance,informative+rand_extra
1,0.175472043934494,0.0,0.038374717832957095,0.42105263157894735,0.07481378822246726,0.0,0.39813966453289185,0.9538632573652028,0.9565217391304348,0.650275781124622,0.8574475572538074,0.9971070858061623,1.5687237220632175,instance,informative+rand_extra
1,0.10184857852245255,0.0,0.038374717832957095,0.42105263157894735,0.27377027177350344,0.0,0.4048824345287543,0.9382990550305725,1.0,0.6675199764872483,0.8230751847236234,0.988499618017864,0.8947933387496191,instance,informative+rand_extra
1,0.16109175959830369,0.0,0.15000000000000002,0.631578947368421,0.6190677646203218,0.0,0.4307606146160814,0.9933296275708727,1.0,0.6680681416432639,0.8482393444627824,0.9916264605292991,-0.46439386749067335,instance,informative+rand_extra
1,0.10703770554424963,0.0,0.03314917127071826,0.5789473684210527,0.0746538682723254,0.0,0.3194340936849004,0.8788215675375208,1.0,0.6671854338671858,0.8502938952741945,0.9821630030419778,2.20428853948238,instance,informative+rand_extra
1,0.10703770554424963,0.0,0.03314917127071826,0.5789473684210527,0.08684212256028134,0.0,0.4051357511034549,0.9499722067815453,1.0,0.6673632124592896,0.8755156030171622,0.989246232461608,1.6567958141753596,instance,informative+rand_extra
1,0.14738162088816498,0.2,0.19318181818181823,0.9473684210526315,0.6045705825395317,0.0,0.4517645111181783,0.9977765425236242,1.0,0.6676268568156373,0.8741045325932185,0.9890791554432296,-0.1957806198905206,instance,informative+rand_extra
1,0.10899143566530967,0.0,0.1863636363636364,0.7894736842105263,0.4771860831757856,0.0,0.4468462375418427,0.9955530850472485,1.0,0.6675977578912784,0.8898861356496424,0.9980824381526398,0.5514446217549033,instance,informative+rand_extra
1,0.1722646375202882,0.0,0.03314917127071826,0.5789473684210527,0.21647554253197726,0.0,0.4074136627921766,0.9777654252362423,1.0,0.6703511030222936,0.8750093232990742,0.9917535315762488,0.969694021174451,instance,informative+rand_extra
1,0.13800537826102888,0.0,0.1863636363636364,0.631578947368421,0.106608151541835,0.0,0.4378541285295292,0.9961089494163424,1.0,0.6679451641224614,0.8877398452829819,0.9981455940128444,0.6540019987144612,instance,informative+rand_extra
1,0.16109175959830369,0.0,0.05327868852459017,0.5789473684210527,0.07551745608832844,0.0,0.36138461334255945,0.8843802112284602,0.9130434782608695,0.6566493003290599,0.8309135159574472,0.9940329396437908,1.1258205982104827,instance,informative+rand_extra
1,0.24547204393449407,0.0,0.15000000000000002,0.631578947368421,0.11742029535165655,0.0,0.4208070873361863,0.9922178988326849,1.0,0.6683188207843678,0.869229264000401,0.9993366118035671,0.5690965609900025,instance,informative+rand_extra
1,0.11120437221091628,0.0,0.12903225806451613,0.47368421052631576,0.4702037616543775,0.0,0.43232633098125184,0.9844357976653697,1.0,0.6674238523531159,0.8568677203712837,0.9755630666297715,0.21507238788274038,instance,informative+rand_extra
1,0.10184857852245255,0.0,0.03314917127071826,0.5789473684210527,0.1080599780906687,0.0,0.40628275427126415,0.9844357976653697,1.0,0.6676409132665434,0.8670341083246926,0.9825595634270792,0.5065767524014265,instance,informative+rand_extra
1,0.19200096955432877,0.0,0.19318181818181823,0.9473684210526315,0.13559978656596128,0.0,0.4298226905776421,0.9766536964980544,1.0,0.6675433779482508,0.8770242816403805,0.9945819265198946,1.1964364348581682,instance,informative+rand_extra
1,0.25526814819458377,0.0,0.06666666666666665,0.5263157894736842,0.5555049722063201,0.0,0.43722476437731794,0.9916620344635909,1.0,0.6679492999852633,0.869482106023158,0.9936657073148925,-0.039834349668576914,instance,informative+rand_extra
1,0.4390916776063485,0.0,0.12903225806451613,0.47368421052631576,0.13053125033716084,0.0,0.4395127595494168,0.9961089494163424,1.0,0.6676376130907233,0.8613662735760284,0.9960716942040523,0.6411482970153061,instance,informative+rand_extra
1,0.3591084075708577,0.0,0.05327868852459017,0.5789473684210527,0.46363219155588764,0.0,0.4667696286411608,0.9961089494163424,1.0,0.6679026598696164,0.8967744215700142,0.9960919140984773,0.22369081747775094,instance,informative+rand_extra
1,0.2106071790696291,0.0,0.038374717832957095,0.631578947368421,0.0747919465070484,0.0,0.41155807920122944,0.9927737632017788,0.9565217391304348,0.6302512789469148,0.8484098851113595,0.9824345546648794,0.6439419728998523,instance,informative+rand_extra
1,0.3591084075708577,0.4,0.06666666666666665,0.3684210526315789,0.4569397929024019,0.0,0.47544809620256856,0.9988882712618121,1.0,0.6676003212224397,0.8804066134258812,0.9913099767042264,0.31046937473242225,instance,informative+rand_extra
1,0.1781894352388419,0.0,0.038374717832957095,0.42105263157894735,0.08901624001326952,0.0,0.4414693233820801,0.990550305725403,0.9565217391304348,0.6644901274776848,0.8708553826772593,0.9944303383454705,1.6684392729386472,instance,informative+rand_extra
1,0.10184857852245255,0.0,0.038374717832957095,0.42105263157894735,0.07585510763761294,0.0,0.42947601072104846,0.9683157309616454,0.9565217391304348,0.6490856768998677,0.851499838637018,0.995548101049147,1.2219629227831168,instance,informative+rand_extra
1,0.10899143566530967,0.0,0.038374717832957095,0.42105263157894735,0.1708066914884404,0.0,0.42809192348447744,0.9883268482490273,1.0,0.6686083065918264,0.8591084446754135,0.9995087449633476,1.7718806462374996,instance,informative+rand_extra
1,0.10184857852245255,0.0,0.038374717832957095,0.42105263157894735,0.07491582922446849,0.0,0.41930957803743596,0.9710950528071151,1.0,0.6678155281475251,0.8565752281471314,0.9958899856520563,1.2301938117140467,instance,informative+rand_extra
1,0.13800537826102888,0.2,0.0,0.21052631578947367,0.07803739340090965,0.0,0.45098380589929055,0.9983324068927182,1.0,0.6679192018788872,0.8407197993437697,0.9757676200165967,0.7575792574174346,instance,informative+rand_extra
1,0.4871958162646185,0.0,0.02631578947368418,0.42105263157894735,0.805190189977008,0.0,0.45555691894668515,0.9938854919399667,0.9565217391304348,0.6445161643551187,0.8316760645534964,0.9937534670248452,-1.615070427740332,instance,informative+rand_extra
1,0.45690505295648853,0.0,0.0,0.21052631578947367,0.38847944504246357,0.0,0.4477308977720226,0.9972206781545303,1.0,0.6689601368167475,0.8614708350641425,0.9954250077677134,-0.19496700295435065,instance,informative+rand_extra
1,0.13800537826102888,0.0,0.038374717832957095,0.42105263157894735,0.08491652994004228,0.0,0.3834440043294768,0.9555308504724848,1.0,0.667617359525855,0.8718795321100218,0.9946907389790133,0.9659273641409831,instance,informative+rand_extra
