y,Hostility,kDN,DCP,TD_U,CLD,N1,N2,LSC,F1,F2,F3,F4,L1,level,subset
0,0.6,0.616,0.65,0.48,0.6509260014997232,0.6661558441558442,0.5039844521709874,0.9963546798029557,0.9863673469387756,0.6539973043099541,0.8538694601453802,0.9961006860310518,-0.16017877995889326,class,complexity_kDN_top70
1,0.16307692307692306,0.3433846153846154,0.35,0.647032967032967,0.35180588086674774,0.3471949845026768,0.49177978900218733,0.9936752136752137,0.98610989010989,0.6418338242940762,0.8545797911813873,0.9961421410623579,1.1477577656426134,class,complexity_kDN_top70
dataset,0.316,0.4388,0.4549999999999999,0.5885714285714285,0.45649792308828924,0.45883128538128537,0.4960514211112674,0.9946130268199234,0.9862000000000001,0.6460910422996335,0.854331175318785,0.9961276318014008,0.689979974682086,class,complexity_kDN_top70
1,0.33333333333333337,0.4,0.35,0.35714285714285715,0.35838441053570336,0.0,0.47378880190187767,0.9938271604938271,0.9857142857142858,0.659875415075342,0.8396068515734003,0.9970161386642951,-0.12667076280840422,instance,complexity_kDN_top70
0,0.4666666666666667,0.6,0.65,0.6428571428571429,0.6545177765069677,0.0,0.4688366223312931,0.9885057471264368,1.0,0.6666761695157376,0.8673023560973582,0.9995817217893558,0.997825860135057,instance,complexity_kDN_top70
0,0.8571428571428572,0.6,0.65,0.42857142857142855,0.6521971245000693,1.0,0.519217842130314,1.0,0.9857142857142858,0.6666666666666666,0.8640511906825639,0.9963855086050329,-0.4643535108434569,instance,complexity_kDN_top70
0,0.6666666666666667,0.8,0.65,0.5,0.64643010209822,1.0,0.514205342845985,1.0,1.0,0.6666688158507345,0.8625905290339606,0.9973868226304519,0.07797679116639036,instance,complexity_kDN_top70
0,0.4,0.6,0.65,0.6428571428571429,0.6438479424485756,0.0,0.47689899959558957,0.9885057471264368,0.9857142857142858,0.6658492443336128,0.8285938938816751,0.9974370101085411,-0.47617232628709927,instance,complexity_kDN_top70
0,0.4666666666666667,0.6,0.65,0.7857142857142857,0.6531031379341896,0.42857142857142855,0.5029323616081642,1.0,0.9857142857142858,0.6666666666666666,0.8592104202549407,0.9962148325351423,-0.4432176622545791,instance,complexity_kDN_top70
0,0.6666666666666667,1.0,0.65,0.35714285714285715,0.6547868996059412,1.0,0.5140050637959015,1.0,1.0,0.6666757550550607,0.8531698425327057,0.9918453605327724,1.7229444926913087,instance,complexity_kDN_top70
0,0.5625,0.8,0.65,0.6428571428571429,0.6422989277409061,0.75,0.5057907218615867,1.0,1.0,0.6666714847816146,0.8863810621937743,0.9942139067792274,-1.9858709949496947,instance,complexity_kDN_top70
1,0.6666666666666667,0.4,0.35,1.0,0.3481118237609627,0.375,0.48226645030488235,0.9907407407407407,1.0,0.6666727620339375,0.873965362011278,0.993942056062002,1.249399144680725,instance,complexity_kDN_top70
0,0.4285714285714286,0.4,0.65,0.2857142857142857,0.6547398724105555,0.0,0.498377408460817,0.9885057471264368,0.9857142857142858,0.665956177532827,0.8443370626754204,0.9981010151557754,0.06563445232275394,instance,complexity_kDN_top70
0,0.2727272727272727,0.2,0.65,0.2857142857142857,0.6490089063150638,0.4,0.506262973430541,1.0,1.0,0.6666697913907692,0.8636439732028235,0.9997519537686606,-0.9506511819149637,instance,complexity_kDN_top70
0,0.6,0.4,0.65,0.6428571428571429,0.6461941969410226,0.625,0.4813276662144048,0.9827586206896551,1.0,0.6666698941563973,0.87648355996751,0.9957682809566084,-0.8983353062341972,instance,complexity_kDN_top70
0,0.33333333333333337,0.8,0.65,0.42857142857142855,0.6423471291245487,1.0,0.5105020753547231,1.0,1.0,0.6666721671810005,0.8400351041828747,0.9936123688229205,-2.6872204289312163,instance,complexity_kDN_top70
1,0.6,1.0,0.35,0.9285714285714286,0.3473674994120265,0.625,0.5105066270146396,1.0,1.0,0.6666704909449422,0.8763695754084304,0.9980940207532512,0.4619775672615951,instance,complexity_kDN_top70
0,0.0,0.4,0.65,0.35714285714285715,0.6389438226777058,0.0,0.47388173139643297,0.9942528735632183,0.9428571428571428,0.6560661889097079,0.8418565977371727,0.9840246233802196,0.8924922741583554,instance,complexity_kDN_top70
0,0.5,0.4,0.65,0.35714285714285715,0.6483697056874193,0.0,0.4981451993270718,0.9942528735632183,0.9857142857142858,0.6666666666666666,0.8414232209982967,0.99859255618631,-0.5822834934537879,instance,complexity_kDN_top70
0,0.8571428571428572,0.6,0.65,0.42857142857142855,0.6462033042351302,1.0,0.5232625211740343,1.0,0.9428571428571428,0.5995406391998638,0.8275299008038123,0.9883787800811408,-2.3269926801428276,instance,complexity_kDN_top70
0,0.5,0.4,0.65,0.35714285714285715,0.6547293101837431,0.0,0.4803640390291469,0.9942528735632183,0.9285714285714286,0.5729384222539747,0.8167445938009761,0.9929447408493456,2.7050977083105554,instance,complexity_kDN_top70
0,0.375,0.4,0.65,0.2857142857142857,0.6538870011208535,0.5,0.4894831384457685,0.9942528735632183,1.0,0.6666727712597862,0.8397131946748976,0.9972124811928854,1.113711607053552,instance,complexity_kDN_top70
1,0.5333333333333333,0.2,0.35,0.42857142857142855,0.345425717959725,0.5,0.4803623507013913,0.9876543209876543,1.0,0.6666679648977627,0.8652338543697381,0.9980141497181969,0.7993205934192045,instance,complexity_kDN_top70
0,0.375,0.6,0.65,1.0,0.6535824066190851,1.0,0.5030385062842646,1.0,0.9857142857142858,0.6666666666666666,0.857128649664045,0.9984014933955563,0.050280799203574804,instance,complexity_kDN_top70
0,0.0,0.4,0.65,0.42857142857142855,0.6435897961416578,1.0,0.5055592363478127,1.0,0.9571428571428572,0.6250858187431894,0.8366945890110215,0.9986784838918581,0.5555377224314768,instance,complexity_kDN_top70
0,0.5,0.4,0.65,0.35714285714285715,0.6547946265526208,0.3333333333333333,0.4997344602763665,0.9942528735632183,0.9857142857142858,0.6393655537639605,0.8602420829170441,0.9996060609598993,0.27054061327748374,instance,complexity_kDN_top70
0,0.6,0.6,0.65,0.6428571428571429,0.6331092416916361,1.0,0.5079224899054608,1.0,1.0,0.6666992347074443,0.8621883030943119,0.995457748918013,0.36064113907436196,instance,complexity_kDN_top70
0,0.5,0.4,0.65,0.6428571428571429,0.6530981192003246,0.0,0.4591926179211475,0.9827586206896551,0.9714285714285714,0.6370268002690561,0.8603456193156155,0.9973700121077266,0.4104794393709576,instance,complexity_kDN_top70
1,0.0,1.0,0.35,0.35714285714285715,0.34566327045339584,1.0,0.527981314641121,1.0,0.9857142857142858,0.6611185414613383,0.822743123674496,0.9982118788442099,-0.1920476932901706,instance,complexity_kDN_top70
0,0.2727272727272727,0.2,0.65,0.6428571428571429,0.6543034305728118,0.0,0.492248148787797,0.9885057471264368,1.0,0.6666691308967985,0.8688434558503657,0.9974762017861584,0.8425784701490208,instance,complexity_kDN_top70
0,0.8125,1.0,0.65,0.6428571428571429,0.6540179279023639,1.0,0.5498043058691636,1.0,1.0,0.666673549654456,0.8505761156677073,0.9983764596032226,1.0100815497368525,instance,complexity_kDN_top70
0,0.0,0.2,0.65,0.2857142857142857,0.6547323965589416,0.0,0.47355253334077907,0.9770114942528736,0.9714285714285714,0.5438977696406855,0.8476304662322349,0.9950235351534028,1.3938320505759187,instance,complexity_kDN_top70
0,0.6923076923076923,0.8,0.65,0.35714285714285715,0.6547935656663731,1.0,0.5160819364090814,1.0,0.9285714285714286,0.6406134912736705,0.8379381813357387,0.9966576262607798,-0.2722365394158734,instance,complexity_kDN_top70
0,0.5,0.6,0.65,0.42857142857142855,0.6537489120644927,1.0,0.5086122408518091,1.0,0.9714285714285714,0.6666649848605875,0.8583904813442874,0.9951908104136047,1.7685145006555572,instance,complexity_kDN_top70
0,0.4,0.6,0.65,0.7857142857142857,0.6542839624523785,0.5714285714285714,0.5005258154154807,1.0,0.9857142857142858,0.6666666666666666,0.8726779610593807,0.9994414544583275,0.44748997962914366,instance,complexity_kDN_top70
0,0.33333333333333337,0.6,0.65,0.5,0.6478572781503346,1.0,0.5002123696368725,1.0,0.9857142857142858,0.6536709010455399,0.846739786429282,0.9994013329758391,-0.14087782678550487,instance,complexity_kDN_top70
1,0.4375,0.6,0.35,0.5,0.3542648259310767,1.0,0.5087524596328281,1.0,1.0,0.6666759298886142,0.8348930380806584,0.9955793882384869,1.3015188003599572,instance,complexity_kDN_top70
0,0.6,0.6,0.65,0.42857142857142855,0.6525269077771741,0.5,0.4975112831470101,0.9942528735632183,1.0,0.666673996944544,0.8557474065149898,0.9968020291151322,2.2281071083324493,instance,complexity_kDN_top70
0,0.6666666666666667,0.8,0.65,0.5,0.6423990317653279,1.0,0.5356095708916022,1.0,1.0,0.6666687817013495,0.8481823071447566,0.9966548719652555,-1.3387126726051486,instance,complexity_kDN_top70
0,0.6,0.8,0.65,0.5,0.6444357771417386,1.0,0.5158266417071498,1.0,1.0,0.6666731636052956,0.8475789326496758,0.9996597602714666,0.12377258116707227,instance,complexity_kDN_top70
0,0.75,0.8,0.65,0.42857142857142855,0.641120083899973,1.0,0.5215884840389691,1.0,0.9571428571428572,0.6120532344398867,0.8319553528014695,0.9996898892178218,0.2755589439932174,instance,complexity_kDN_top70
0,0.4,0.2,0.65,0.2857142857142857,0.6497166238425202,0.0,0.49925169927642654,0.9885057471264368,0.9857142857142858,0.6666666666666666,0.8508863651340596,0.9962531179468006,0.47323375391893874,instance,complexity_kDN_top70
0,0.2727272727272727,0.2,0.65,0.35714285714285715,0.6515757762615473,0.0,0.48836427008927064,0.9827586206896551,0.9857142857142858,0.6438438573401217,0.8375061120221334,0.9999778730932842,0.017809643207842174,instance,complexity_kDN_top70
0,0.6666666666666667,0.8,0.65,0.35714285714285715,0.65461310828872,0.0,0.4996829544016065,0.9942528735632183,0.9857142857142858,0.6658249632966612,0.8632158613114106,0.9982815441641474,0.25850827523889114,instance,complexity_kDN_top70
1,0.6,0.6,0.35,0.6428571428571429,0.35045109055340506,0.0,0.48729277653074365,0.9969135802469136,0.9857142857142858,0.6666666666666666,0.848485343749038,0.9948543866540216,0.635745318851514,instance,complexity_kDN_top70
0,0.2727272727272727,0.6,0.65,0.35714285714285715,0.6538565361952644,0.0,0.4801713935532125,0.9942528735632183,1.0,0.6666721021650135,0.8557275997057966,0.995705278272506,0.9335666451185305,instance,complexity_kDN_top70
1,0.3076923076923077,0.4,0.35,0.6428571428571429,0.3456259966309885,0.0,0.49555581141333316,0.9969135802469136,1.0,0.6666728090858173,0.8664748460598299,0.9926238640594796,-0.4291713289904365,instance,complexity_kDN_top70
1,0.4,0.2,0.35,0.5714285714285714,0.3544627739506895,0.2,0.5031873786349508,1.0,1.0,0.6666725352989522,0.85675771947918,0.9996057656936697,1.195519167766576,instance,complexity_kDN_top70
0,0.6,0.4,0.65,0.42857142857142855,0.6423029710935132,0.0,0.46405339231264287,0.9885057471264368,1.0,0.6666718672526848,0.860115554922407,0.9924176568636751,-0.03313997508935799,instance,complexity_kDN_top70
0,0.6,0.8,0.65,0.5,0.6464733036484732,1.0,0.5429804252670838,1.0,1.0,0.6666706459747284,0.8643697949800088,0.9939105230852062,-0.1850623629370551,instance,complexity_kDN_top70
1,0.2142857142857143,0.4,0.35,0.9285714285714286,0.35284199514453624,0.5,0.4795552928832971,0.9969135802469136,1.0,0.6666694322507963,0.852733664544513,0.9989175127113558,2.1173115386161814,instance,complexity_kDN_top70
0,0.33333333333333337,0.4,0.65,0.35714285714285715,0.6541808339929579,0.4,0.4766088996363824,0.9885057471264368,1.0,0.6666683574022639,0.876527090767709,0.999569480176141,0.6446024483297863,instance,complexity_kDN_top70
0,0.5625,0.8,0.65,0.42857142857142855,0.6449956728934797,1.0,0.5032019514716286,1.0,1.0,0.6666776976529316,0.8397848994069823,0.9878440679200667,-2.0174197828288527,instance,complexity_kDN_top70
1,0.5,0.6,0.35,0.6428571428571429,0.3480501922913545,0.0,0.4956464277787307,0.9969135802469136,0.9857142857142858,0.6549309016840336,0.852964247691009,0.9990196567863227,1.0630811294360247,instance,complexity_kDN_top70
1,0.0,0.2,0.35,0.42857142857142855,0.3610561772946467,0.0,0.49990826098532026,0.9969135802469136,0.9571428571428572,0.004475942972759963,0.8543691454071309,0.9971109202523315,2.342877812955906,instance,complexity_kDN_top70
1,0.33333333333333337,0.4,0.35,0.6428571428571429,0.3520787048129258,0.3333333333333333,0.49324287521983423,0.9907407407407407,1.0,0.6666692429534795,0.8732910808868857,0.9956104062402071,1.6448334805538938,instance,complexity_kDN_top70
1,0.33333333333333337,0.6,0.35,0.42857142857142855,0.376020393413402,1.0,0.5087606035669529,1.0,1.0,0.6666770713631892,0.8652547656162443,0.9982298054634897,-0.9768758746033828,instance,complexity_kDN_top70
1,0.07692307692307687,0.6,0.35,0.42857142857142855,0.3500725406306874,0.0,0.4891683394039926,0.9969135802469136,0.9857142857142858,0.6666666666666666,0.8476896658554107,0.9893603906364746,0.0575619064929574,instance,complexity_kDN_top70
0,0.5625,0.8,0.65,0.42857142857142855,0.6531168075033372,0.5,0.4678211887317939,0.9942528735632183,1.0,0.6666727359492362,0.8688585520021387,0.9893201095739261,0.318982954141382,instance,complexity_kDN_top70
0,0.5,0.8,0.65,0.6428571428571429,0.6543449986757289,1.0,0.5137837846276927,1.0,1.0,0.6666705770070035,0.857747052847185,0.991603811939784,-0.515743853866674,instance,complexity_kDN_top70
1,0.1875,0.0,0.35,0.6428571428571429,0.34326188925474865,0.0,0.4840656854169699,0.962962962962963,0.9142857142857143,0.6072457199093255,0.854878700213949,0.9967961946131589,3.2153915366027106,instance,complexity_kDN_top70
1,0.33333333333333337,0.6,0.35,0.9285714285714286,0.3454620407246508,1.0,0.5071607875590944,1.0,1.0,0.6666688995452384,0.8586910669822992,0.9987285547958298,-0.7624989453821894,instance,complexity_kDN_top70
0,0.0,0.6,0.65,0.42857142857142855,0.6546291546090423,1.0,0.5049872983212784,1.0,0.9714285714285714,0.640795895321246,0.817932002447709,0.997265721500832,1.3226527034980577,instance,complexity_kDN_top70
1,0.4,0.6,0.35,0.6428571428571429,0.3452485160302662,0.0,0.497980709965711,0.9969135802469136,0.9714285714285714,0.6327165695725255,0.8531026852523733,0.9900069972583876,0.73544534369143,instance,complexity_kDN_top70
1,0.0,0.0,0.35,0.5714285714285714,0.3496667035086355,0.0,0.46715278993548326,0.9598765432098766,0.9857142857142858,0.611264513673862,0.8469458511597198,0.9897716245737593,1.691889940318677,instance,complexity_kDN_top70
1,0.0,0.6,0.35,0.9285714285714286,0.3499154809371115,0.0,0.489923756380243,0.9969135802469136,1.0,0.6666709931917926,0.8523462275395424,0.9928830267887253,1.5762452243365024,instance,complexity_kDN_top70
1,0.2142857142857143,0.4,0.35,0.5714285714285714,0.34569533377911654,0.5,0.4742443189562301,0.9969135802469136,1.0,0.6666753695694536,0.8671359512093819,0.9966775711594954,0.9310833217992115,instance,complexity_kDN_top70
0,0.5625,1.0,0.65,0.6428571428571429,0.6412391055961072,1.0,0.5164052558195894,1.0,1.0,0.6666747379492521,0.8412113192966596,0.99451826340451,-1.872858707295022,instance,complexity_kDN_top70
1,0.7272727272727273,0.4,0.35,0.5714285714285714,0.3472027835203165,0.4,0.5296565346137438,1.0,1.0,0.6666692752855817,0.8694910535060932,0.9997439881231721,1.146882802005504,instance,complexity_kDN_top70
1,0.07692307692307687,0.4,0.35,0.9285714285714286,0.3456646161129002,1.0,0.5070608430778518,1.0,0.9857142857142858,0.6514905840166768,0.8625939523958017,0.9991886207767681,2.1881681870930203,instance,complexity_kDN_top70
1,0.25,0.4,0.35,0.6428571428571429,0.35293772872551943,0.0,0.4798752450084569,0.9907407407407407,0.9714285714285714,0.6193909636959333,0.856906089889818,0.9975753841802011,2.576907283998139,instance,complexity_kDN_top70
1,0.0,0.6,0.35,0.2857142857142857,0.3457912660142973,0.0,0.49039075511882324,0.9938271604938271,0.9857142857142858,0.6666666666666666,0.8577140743083933,0.9985806048944023,0.6040896108906403,instance,complexity_kDN_top70
1,0.3076923076923077,0.2,0.35,0.5714285714285714,0.3457017244303674,0.125,0.48529527623311697,0.9969135802469136,1.0,0.6666800238639804,0.8676382309021154,0.998348855278734,0.5333963041462395,instance,complexity_kDN_top70
1,0.3846153846153846,0.2,0.35,0.6428571428571429,0.3486753848592542,1.0,0.5031765460874073,1.0,0.9714285714285714,0.5910273565933638,0.8539328680725511,0.9986574545523221,2.010395253876726,instance,complexity_kDN_top70
0,0.5625,0.4,0.65,0.6428571428571429,0.6476011539941594,0.5,0.45524190543020515,0.9827586206896551,1.0,0.6666715342101777,0.866953068399256,0.9870465764846531,-1.219799235002588,instance,complexity_kDN_top70
0,0.4,1.0,0.65,0.42857142857142855,0.6529368229741451,1.0,0.5178424267246821,1.0,1.0,0.6666718941844431,0.85652806451403,0.9985222334108188,-0.5319867688714437,instance,complexity_kDN_top70
1,0.4,0.4,0.35,0.5714285714285714,0.36752826337046174,1.0,0.511761211725918,1.0,0.9714285714285714,0.633200067908279,0.8298956006267598,0.9938276838050525,1.1343481162643505,instance,complexity_kDN_top70
1,0.07692307692307687,0.2,0.35,0.9285714285714286,0.35926660969174584,1.0,0.5058521750349677,1.0,0.9571428571428572,0.6313899050634468,0.8377901329950531,0.998893270195413,2.017039345104669,instance,complexity_kDN_top70
0,0.4285714285714286,0.4,0.65,0.42857142857142855,0.6547505351714601,1.0,0.5254084786037269,1.0,0.9571428571428572,0.6432672924071515,0.84209902874657,0.9949329400138852,2.1596157819955057,instance,complexity_kDN_top70
1,0.25,0.8,0.35,0.6428571428571429,0.35551054330282605,1.0,0.5109856439678678,1.0,0.9857142857142858,0.6448150059267993,0.845188337803246,0.9994474663905077,1.751250331144975,instance,complexity_kDN_top70
1,0.25,0.6,0.35,0.6428571428571429,0.34940245600997766,0.3333333333333333,0.5002176156793003,1.0,0.9857142857142858,0.6412531165083073,0.8602805110732167,0.9997023468804781,0.7053932286213416,instance,complexity_kDN_top70
1,0.1875,0.6,0.35,0.6428571428571429,0.34611360070630737,0.0,0.4962452848610147,0.9969135802469136,0.9428571428571428,0.5737582396584646,0.8231509608946721,0.9985429107776923,0.4055966714688406,instance,complexity_kDN_top70
1,0.4,0.2,0.35,0.5714285714285714,0.34543423785279026,0.5,0.48077819489412255,0.9907407407407407,1.0,0.6666738951061977,0.8566046761997703,0.9984606838115672,-0.8801000993250906,instance,complexity_kDN_top70
1,0.33333333333333337,0.2,0.35,0.6428571428571429,0.3529554828298094,0.0,0.49981037606218337,0.9969135802469136,0.9571428571428572,0.6596697261662624,0.834119334305561,0.9921873840932632,0.1666421239313085,instance,complexity_kDN_top70
1,0.0,0.2,0.35,0.9285714285714286,0.35348017624208206,0.0,0.49321123600273264,0.9907407407407407,0.9857142857142858,0.6402480116560377,0.8644293727362177,0.997295493571703,1.5753137683412213,instance,complexity_kDN_top70
1,0.07692307692307687,0.2,0.35,0.9285714285714286,0.3593206791605299,0.0,0.4881595289437878,0.9969135802469136,0.9857142857142858,0.648416238633448,0.8600758289761922,0.99985111752159,2.7201438608342356,instance,complexity_kDN_top70
1,0.5333333333333333,0.6,0.35,0.5714285714285714,0.34567298691159054,1.0,0.5378492500758214,1.0,0.9857142857142858,0.6454922865529777,0.8421643687511638,0.9876983912224417,1.286219958147969,instance,complexity_kDN_top70
1,0.33333333333333337,0.4,0.35,0.9285714285714286,0.34520990825318687,0.0,0.49485168180263994,0.9969135802469136,0.9571428571428572,0.6530638939695915,0.8488711561658586,0.9943204525560146,-0.7512331234004228,instance,complexity_kDN_top70
1,0.33333333333333337,0.4,0.35,0.6428571428571429,0.34522927633871137,0.0,0.4953495897865673,0.9938271604938271,0.9857142857142858,0.6431258015089006,0.8668362474510024,0.9967082061125682,0.4773642095763824,instance,complexity_kDN_top70
0,0.33333333333333337,0.2,0.65,0.42857142857142855,0.654171214255401,0.0,0.4382820292169378,0.9827586206896551,0.9857142857142858,0.6666666666666666,0.8511558057585806,0.9997048839705099,0.3267153412645526,instance,complexity_kDN_top70
1,0.07692307692307687,0.6,0.35,0.6428571428571429,0.346560670430217,0.25,0.4993665434574328,0.9969135802469136,1.0,0.6666710803281254,0.8828759758329232,0.999708669092027,0.4561167636511474,instance,complexity_kDN_top70
0,0.6153846153846154,0.8,0.65,0.5,0.647868153110439,1.0,0.5075568221597866,1.0,0.9857142857142858,0.6666666666666666,0.852378337481708,0.9989808529450077,-0.9325710370812447,instance,complexity_kDN_top70
1,0.33333333333333337,0.6,0.35,0.5714285714285714,0.34661132325014793,0.5714285714285714,0.5012436477114108,1.0,1.0,0.6666718672929471,0.8680850701759892,0.9970708950241606,-0.006925370788924018,instance,complexity_kDN_top70
1,0.3076923076923077,0.0,0.35,0.5714285714285714,0.3484839783141449,0.2,0.4636629717459827,0.9783950617283951,1.0,0.6666754626889093,0.8717043927840044,0.9938092048564259,0.6710292975133995,instance,complexity_kDN_top70
0,0.33333333333333337,1.0,0.65,0.2857142857142857,0.6444172629606132,1.0,0.5265064664263535,1.0,1.0,0.666673318074721,0.850925106928255,0.9993446560556126,-0.08884631154766262,instance,complexity_kDN_top70
0,0.6666666666666667,0.8,0.65,0.35714285714285715,0.6475039930268377,0.8,0.5147040580112191,1.0,0.9857142857142858,0.6494664104297869,0.8718382312813157,0.9920146185261152,-0.5688759008462391,instance,complexity_kDN_top70
1,0.5,0.4,0.35,1.0,0.34810300314786424,0.0,0.4877376629544934,0.9969135802469136,1.0,0.6666696932183078,0.8568896852776317,0.998246568905899,2.3127929444839763,instance,complexity_kDN_top70
0,0.375,0.6,0.65,0.42857142857142855,0.6546674315047104,0.0,0.4861094833142201,0.9885057471264368,1.0,0.6666755155610842,0.8510715261761831,0.996700532645109,-0.28104380733866713,instance,complexity_kDN_top70
1,0.4375,0.6,0.35,0.6428571428571429,0.35601834200788696,0.0,0.4843766735324264,0.9938271604938271,1.0,0.6666755480979191,0.8640731977877888,0.9972342145405672,2.13438327706102,instance,complexity_kDN_top70
0,0.7692307692307692,0.8,0.65,0.42857142857142855,0.6435114238532399,1.0,0.5047568571477727,1.0,0.9857142857142858,0.6666666666666666,0.8579933012692187,0.9988121862877516,-0.5474494956423404,instance,complexity_kDN_top70
1,0.1875,0.0,0.35,0.5714285714285714,0.3495144231057199,0.0,0.46503286214013506,0.9783950617283951,1.0,0.6666757250508736,0.8636920238231228,0.9976032445503435,1.6207456806253797,instance,complexity_kDN_top70
0,0.75,0.6,0.65,0.42857142857142855,0.643527692009215,1.0,0.544659058616568,1.0,0.9571428571428572,0.6666666666666666,0.8396223472335527,0.9922708794519445,-1.4678616895649874,instance,complexity_kDN_top70
1,0.4,0.0,0.35,0.5714285714285714,0.34554673906889555,0.0,0.4825119711571676,0.9814814814814815,0.9714285714285714,0.6082775669519047,0.8523163236360398,0.9961804418852882,2.1346185458111413,instance,complexity_kDN_top70
0,0.2727272727272727,0.2,0.65,0.7857142857142857,0.6526897140972479,0.25,0.47130847866314685,0.9770114942528736,1.0,0.6666731324188218,0.8642119335335713,0.9950014247244376,0.07243935320723856,instance,complexity_kDN_top70
1,0.0,0.2,0.35,0.2857142857142857,0.3459540559367923,0.0,0.4709597088102708,0.9876543209876543,1.0,0.6666713302921192,0.8483705101374,0.9968265938719251,1.4554716001779617,instance,complexity_kDN_top70
1,0.0,0.2,0.35,0.6428571428571429,0.3534748510576499,0.0,0.4814371530820961,0.9876543209876543,0.9714285714285714,0.6598760461797877,0.820657441305455,0.9943025845708091,0.5817144776555626,instance,complexity_kDN_top70
1,0.33333333333333337,0.0,0.35,0.6428571428571429,0.34594552654842936,0.0,0.47016548201623687,0.9722222222222222,1.0,0.6666707310890648,0.8465918804594201,0.9966097505153338,1.723565514665914,instance,complexity_kDN_top70
1,0.0,0.2,0.35,0.5714285714285714,0.3457693835247685,1.0,0.5079368145858494,1.0,0.9714285714285714,0.6492079234554018,0.8512090137308189,0.9972261907115579,1.8920075544230637,instance,complexity_kDN_top70
1,0.16666666666666663,0.8,0.35,0.9285714285714286,0.34796620931019523,1.0,0.5435619263868967,1.0,1.0,0.6666705399913455,0.850239807072126,0.9935777672762582,0.5252548329564877,instance,complexity_kDN_top70
1,0.25,0.2,0.35,0.9285714285714286,0.3489721985709191,0.0,0.49007110225110206,0.9876543209876543,0.9714285714285714,0.6205347764964422,0.8604664105213263,0.9984765195537095,0.11326926835978483,instance,complexity_kDN_top70
0,0.5,0.8,0.65,0.6428571428571429,0.6539247587940797,1.0,0.5214363919407679,1.0,1.0,0.6666713695881268,0.8617798442245483,0.9982135421625876,0.7245190405314098,instance,complexity_kDN_top70
1,0.1428571428571429,0.4,0.35,0.9285714285714286,0.3477294364471889,0.5,0.5024270712611221,1.0,1.0,0.6666735829629333,0.8721530318904105,0.9944569025500457,0.6407680692173133,instance,complexity_kDN_top70
1,0.4,0.6,0.35,0.6428571428571429,0.35860228018036755,1.0,0.5010850635525095,1.0,1.0,0.6666686187346239,0.8571939042692375,0.9983052315597495,2.3605877032240925,instance,complexity_kDN_top70
1,0.25,0.0,0.35,0.5714285714285714,0.3593702832054585,0.0,0.48765436740551327,0.9845679012345679,1.0,0.6666723220459161,0.8577700610618042,0.9995549821357828,2.7933166845402986,instance,complexity_kDN_top70
1,0.3846153846153846,0.6,0.35,0.5714285714285714,0.3511091678026167,0.5,0.4954757550715283,0.9969135802469136,1.0,0.6666702008909401,0.8516406541881071,0.9979089913095326,0.7389593505217456,instance,complexity_kDN_top70
1,0.1428571428571429,0.6,0.35,0.9285714285714286,0.34560833256484036,1.0,0.5060792571829495,1.0,0.9857142857142858,0.6666658703086756,0.8520313954754305,0.9993949222713744,-0.11872125903253217,instance,complexity_kDN_top70
1,0.4375,0.4,0.35,0.42857142857142855,0.3515281767975871,1.0,0.5045603247803712,1.0,0.9857142857142858,0.6536885345555424,0.8514760784868752,0.9973290184833177,0.4162003327556371,instance,complexity_kDN_top70
1,0.25,0.2,0.35,0.9285714285714286,0.3554276363239136,0.25,0.5174840515552522,1.0,1.0,0.6666721957169419,0.8655941497131455,0.9960553796728557,2.9174153181520612,instance,complexity_kDN_top70
1,0.625,0.4,0.35,0.42857142857142855,0.3474792136855326,1.0,0.5028090378339478,1.0,0.9857142857142858,0.60335253396083,0.8459543954524014,0.9989140504342529,1.5751216865101527,instance,complexity_kDN_top70
1,0.07692307692307687,0.4,0.35,0.6428571428571429,0.3496304848479557,1.0,0.5081218342868543,1.0,1.0,0.6666767002681955,0.8457014552284182,0.9994582176323986,1.4872083009505976,instance,complexity_kDN_top70
1,0.625,0.6,0.35,0.9285714285714286,0.34524580964965057,0.0,0.4800783499529523,0.9938271604938271,0.9714285714285714,0.6666666666666666,0.8315125748704439,0.9967745375576845,-0.07313519780219832,instance,complexity_kDN_top70
1,0.4,0.2,0.35,1.0,0.34570495613069685,0.0,0.47778109304059113,0.9876543209876543,1.0,0.6666755081076322,0.8481419760285704,0.9988019261330428,0.5446429847787907,instance,complexity_kDN_top70
0,0.5,0.4,0.65,0.5714285714285714,0.6546324211448692,0.5,0.4890363887638939,0.9942528735632183,1.0,0.666671209005357,0.8527182525932159,0.9909686302800869,-0.061762908981886494,instance,complexity_kDN_top70
1,0.5,0.8,0.35,0.6428571428571429,0.34811432398753417,1.0,0.5161489522338303,1.0,0.9857142857142858,0.6666666666666666,0.8590039551649551,0.9974405633742232,1.8954812938615793,instance,complexity_kDN_top70
1,0.33333333333333337,0.2,0.35,0.6428571428571429,0.3452182399324055,0.0,0.46422863653976476,0.9907407407407407,1.0,0.6666697615078327,0.8577062495061786,0.9979934872697517,0.17699800713735228,instance,complexity_kDN_top70
0,0.6,0.8,0.65,0.42857142857142855,0.6527120430265401,0.6666666666666666,0.4925341015792146,0.9942528735632183,1.0,0.6666696936651798,0.853443710185475,0.9994808358393236,-0.8096403978864037,instance,complexity_kDN_top70
1,0.625,0.4,0.35,0.9285714285714286,0.34524432740568045,1.0,0.5460154296968387,1.0,0.9857142857142858,0.662675892114603,0.8573534618512967,0.9967563617529435,5.607679207250976e-05,instance,complexity_kDN_top70
0,0.33333333333333337,0.6,0.65,0.42857142857142855,0.6547437917042326,0.0,0.4974800654215954,0.9942528735632183,1.0,0.6666706146255987,0.8435514462579842,0.9979465923536186,1.2287148680594357,instance,complexity_kDN_top70
1,0.3846153846153846,0.6,0.35,0.6428571428571429,0.34634396256407496,1.0,0.5124079883277242,1.0,0.9857142857142858,0.6568113511593136,0.8596605754398611,0.9975565468704204,0.856796534976466,instance,complexity_kDN_top70
0,0.5,0.2,0.65,0.5714285714285714,0.654460350975139,0.0,0.46985259969832216,0.9827586206896551,0.9428571428571428,0.6666666666666666,0.8557306660282464,0.9908502771448475,0.11886679594100007,instance,complexity_kDN_top70
1,0.25,0.2,0.35,0.6428571428571429,0.3540529922462867,0.0,0.46045142882811796,0.9876543209876543,0.9857142857142858,0.6650902949973627,0.8570873295278916,0.9998366987568268,1.3097317542960434,instance,complexity_kDN_top70
0,0.5,0.8,0.65,0.6428571428571429,0.6525781710776611,1.0,0.5169237993250475,1.0,0.9714285714285714,0.6085573492276258,0.8565826100572353,0.9976528014142335,-0.958727063163381,instance,complexity_kDN_top70
1,0.2142857142857143,0.2,0.35,0.6428571428571429,0.34819781626819934,0.0,0.48040315944715317,0.9938271604938271,1.0,0.6666722535401558,0.8459665809072242,0.989011041048999,1.2381619805712099,instance,complexity_kDN_top70
1,0.0,0.6,0.35,0.6428571428571429,0.34562348342062965,1.0,0.5011039016273737,1.0,0.9714285714285714,0.6539351379089599,0.8513492473243943,0.997850116204742,1.5894460036629887,instance,complexity_kDN_top70
1,0.4,0.8,0.35,0.5714285714285714,0.34559760553126473,1.0,0.5036711117829503,1.0,0.9857142857142858,0.6054293393618952,0.8585432342784599,0.9989129057732801,1.1726035810425224,instance,complexity_kDN_top70
1,0.0,0.0,0.35,0.6428571428571429,0.3473132328884493,0.0,0.4679184220602892,0.9783950617283951,1.0,0.6666710508999284,0.8480195196673611,0.9982792418123236,2.2996925759933977,instance,complexity_kDN_top70
1,0.3846153846153846,0.6,0.35,0.6428571428571429,0.3465043899029512,0.3333333333333333,0.49317465598157795,0.9969135802469136,1.0,0.6666684414479188,0.8720422282954482,0.9979172867619475,0.7610115316999617,instance,complexity_kDN_top70
1,0.33333333333333337,0.4,0.35,0.6428571428571429,0.34588789513320595,0.0,0.47415248489367245,0.9969135802469136,1.0,0.666669664526427,0.8740526030035787,0.9917084253740006,1.5678617686452365,instance,complexity_kDN_top70
1,0.0,0.0,0.35,0.42857142857142855,0.35141807511985024,0.0,0.48744805936326085,0.9814814814814815,0.9714285714285714,0.6419911630425618,0.8312089452446005,0.9956475517564398,0.03553519628288598,instance,complexity_kDN_top70
1,0.5,0.4,0.35,0.9285714285714286,0.34733746558453926,0.25,0.495946269716548,0.9938271604938271,0.9714285714285714,0.6309635642793274,0.8642853061736208,0.9940204904724728,0.4420019381514561,instance,complexity_kDN_top70
1,0.4375,0.0,0.35,0.6428571428571429,0.35791265126742744,0.0,0.4841779067960904,0.9845679012345679,0.9571428571428572,0.6604265954031716,0.8564645100432343,0.9959101918532332,2.69302970633655,instance,complexity_kDN_top70
1,0.0,0.2,0.35,0.6428571428571429,0.3508988555150432,0.0,0.4936359064433896,0.9876543209876543,0.9857142857142858,0.6666666666666666,0.8368726362281936,0.9998788972800903,2.358572375820288,instance,complexity_kDN_top70
1,0.33333333333333337,0.4,0.35,0.9285714285714286,0.34522987572830693,0.3333333333333333,0.48866426777290717,0.9969135802469136,1.0,0.666670248176799,0.8553971390081502,0.998248608896767,-0.8528467059255445,instance,complexity_kDN_top70
1,0.16666666666666663,0.2,0.35,0.5714285714285714,0.35394165741972516,0.3333333333333333,0.5038696046197947,1.0,1.0,0.666674155600467,0.8750401375459134,0.999097615743084,1.636816091159053,instance,complexity_kDN_top70
1,0.1875,0.6,0.35,0.6428571428571429,0.35481730833432923,0.0,0.4857326775811256,0.9938271604938271,0.9857142857142858,0.6241660023957901,0.8695378670668101,0.9978755425705402,2.096402237358772,instance,complexity_kDN_top70
0,0.4,0.6,0.65,0.42857142857142855,0.6547090899297725,0.0,0.4964900985738969,0.9885057471264368,1.0,0.6666717718276444,0.8488541446860219,0.9994345460851237,1.5164880465760227,instance,complexity_kDN_top70
1,0.0,0.4,0.35,0.2857142857142857,0.358207647494191,1.0,0.5082427819463122,1.0,0.9857142857142858,0.6651902085435832,0.8519659506457371,0.9984082659018001,2.0055262319551974,instance,complexity_kDN_top70
1,0.0,0.4,0.35,0.35714285714285715,0.34525799972462157,1.0,0.5007736322009859,1.0,0.9428571428571428,0.5306361933353303,0.8396533817912394,0.9926357879155938,1.103304442942929,instance,complexity_kDN_top70
1,0.1875,0.2,0.35,0.5714285714285714,0.3503739873843662,0.0,0.46954147303795446,0.9876543209876543,0.9857142857142858,0.6631056409370076,0.8619796162355424,0.9949524842143239,2.176761781100168,instance,complexity_kDN_top70
1,0.1428571428571429,0.4,0.35,0.9285714285714286,0.34593589165474514,1.0,0.5101650685037982,1.0,0.9857142857142858,0.6292360054835922,0.8624724802492704,0.9989081448803305,0.5097863203743482,instance,complexity_kDN_top70
1,0.33333333333333337,0.2,0.35,0.6428571428571429,0.34842940982007464,1.0,0.5095210826899395,1.0,1.0,0.6666781291766434,0.843483116326381,0.9985818412478387,0.8081817138253288,instance,complexity_kDN_top70
1,0.33333333333333337,0.4,0.35,0.6428571428571429,0.34933025469406664,0.0,0.4787911974712197,0.9969135802469136,0.9714285714285714,0.6366785215677335,0.8623281358755885,0.9981839283343196,1.0127083167344868,instance,complexity_kDN_top70
1,0.2142857142857143,0.2,0.35,0.6428571428571429,0.3486357730033202,0.5,0.4989209002127837,0.9969135802469136,1.0,0.6666729712344486,0.8571473664904192,0.998351163262934,0.8761826770554322,instance,complexity_kDN_top70
1,0.2142857142857143,0.2,0.35,0.6428571428571429,0.3576483606508627,0.0,0.4952627346121131,0.9969135802469136,0.9714285714285714,0.5808159871815679,0.861768493119325,0.9971729754272998,1.3552307008123434,instance,complexity_kDN_top70
1,0.4,0.4,0.35,0.6428571428571429,0.34681546646943984,0.0,0.4995257300129926,0.9969135802469136,0.9714285714285714,0.6035576344958697,0.8500884850037472,0.9991035146762,0.19091113937753654,instance,complexity_kDN_top70
1,0.5333333333333333,0.8,0.35,0.6428571428571429,0.35085231747521284,0.5,0.49933076430686507,0.9969135802469136,0.9857142857142858,0.6565218371998157,0.8746160955250517,0.9997076672306728,1.3937749956456653,instance,complexity_kDN_top70
0,0.5,0.8,0.65,0.2857142857142857,0.6547690248614223,1.0,0.5049633660204647,1.0,0.9857142857142858,0.6666666666666666,0.8434343220812115,0.9999712484140205,-2.480570856055292,instance,complexity_kDN_top70
1,0.3076923076923077,0.0,0.35,0.35714285714285715,0.3452282563439417,0.0,0.4637574590212703,0.9783950617283951,0.9857142857142858,0.6666666666666666,0.8408264722123315,0.9998956592334386,0.5665872059289422,instance,complexity_kDN_top70
0,0.0,0.8,0.65,0.2857142857142857,0.654790075260112,1.0,0.5123069087914791,1.0,0.9714285714285714,0.611931458117787,0.8270102379807888,0.9898795662343199,1.3144932723195626,instance,complexity_kDN_top70
1,0.1875,0.2,0.35,0.35714285714285715,0.3459324150885966,1.0,0.5017401170904554,1.0,0.9571428571428572,0.6318866244104155,0.8425246846985085,0.9980184595101697,1.6178513358946491,instance,complexity_kDN_top70
0,0.6,0.4,0.65,0.5714285714285714,0.6536277320679144,0.8,0.4939777744947129,0.9885057471264368,1.0,0.6666726495779892,0.8595222429246939,0.9957570031232794,-1.8156802358195039,instance,complexity_kDN_top70
0,0.8,0.8,0.65,0.5,0.6547289901956596,1.0,0.5125625286943656,1.0,1.0,0.666673470876249,0.8626869952423399,0.9976576002483432,0.5778136255516724,instance,complexity_kDN_top70
1,0.0,0.2,0.35,0.9285714285714286,0.3526815575592296,0.0,0.4825095564752683,0.9907407407407407,0.9571428571428572,0.605892397655162,0.851410242721661,0.9974523287360925,0.5447372454560633,instance,complexity_kDN_top70
1,0.1875,0.2,0.35,0.9285714285714286,0.3464514936987254,0.3333333333333333,0.4700682896876427,0.9876543209876543,1.0,0.6666707850490846,0.8701540009815756,0.9984651796251605,1.90043598122316,instance,complexity_kDN_top70
1,0.5333333333333333,0.4,0.35,0.5714285714285714,0.34559054020266633,0.75,0.5002018434087796,1.0,1.0,0.6666724635286728,0.8786508226958312,0.999939579761097,-0.42360136645735874,instance,complexity_kDN_top70
0,0.6666666666666667,0.8,0.65,0.42857142857142855,0.6546256028768521,1.0,0.5028144524084599,1.0,0.9857142857142858,0.6666666666666666,0.8753449572212997,0.9975605765442845,-0.4113052160809884,instance,complexity_kDN_top70
0,0.6,0.6,0.65,0.7857142857142857,0.6526790072119328,0.8,0.5077506074590645,1.0,0.9857142857142858,0.6666665167776025,0.8793606222486607,0.99769119200403,-0.5330564025833799,instance,complexity_kDN_top70
0,0.4,0.6,0.65,0.2857142857142857,0.6528630932488231,1.0,0.5114612287687172,1.0,0.9857142857142858,0.6666666666666666,0.8428232796000735,0.9927244550470252,-1.1514027510978044,instance,complexity_kDN_top70
1,0.3846153846153846,0.0,0.35,0.9285714285714286,0.345426265542769,0.0,0.4527747687545315,0.9814814814814815,0.9857142857142858,0.6103575736942463,0.8669221414442139,0.9944727534822861,1.6015813848156482,instance,complexity_kDN_top70
1,0.3076923076923077,0.2,0.35,0.6428571428571429,0.3592496074567403,0.0,0.4644201660131687,0.9876543209876543,0.9857142857142858,0.6530087545358682,0.8471171809597123,0.9905129218235269,2.9146311212502254,instance,complexity_kDN_top70
1,0.1428571428571429,0.2,0.35,0.6428571428571429,0.35496032059729943,0.0,0.4929302332836989,0.9969135802469136,0.9857142857142858,0.5550210311538203,0.8597040506901015,0.9973413573846192,2.152319325642218,instance,complexity_kDN_top70
1,0.6666666666666667,0.2,0.35,0.9285714285714286,0.34548633527058514,0.5,0.4998970102064315,0.9969135802469136,1.0,0.6666716590332047,0.8555744289346917,0.9981863736766259,0.007532165448544222,instance,complexity_kDN_top70
1,0.5714285714285714,0.4,0.35,0.9285714285714286,0.3481260450220782,1.0,0.5151517762446503,1.0,0.9857142857142858,0.6453225315084214,0.8735036662025465,0.9960843886705811,0.39932431477880126,instance,complexity_kDN_top70
1,0.16666666666666663,0.4,0.35,0.9285714285714286,0.3551298268834756,0.0,0.489253113030795,0.9938271604938271,0.9857142857142858,0.6476728379720521,0.8561074533616925,0.9927674774712447,1.7099815228247037,instance,complexity_kDN_top70
1,0.4,0.2,0.35,0.6428571428571429,0.34989223516482326,0.0,0.4950378074376872,0.9907407407407407,0.9714285714285714,0.6425177538130186,0.8343829855268127,0.9944866602960418,1.2927954665346209,instance,complexity_kDN_top70
1,0.4,0.4,0.35,0.9285714285714286,0.3555233524454279,1.0,0.5032721674270813,1.0,1.0,0.6666713317082639,0.8610567937555799,0.9898008412790948,2.0438029684811494,instance,complexity_kDN_top70
1,0.33333333333333337,0.8,0.35,0.9285714285714286,0.34624220268313755,1.0,0.5182134342889966,1.0,1.0,0.6666750386181886,0.8605237739285698,0.997552898461533,-0.5147826767492633,instance,complexity_kDN_top70
1,0.25,0.2,0.35,0.5714285714285714,0.3456494560727831,0.0,0.4966982724641784,0.9969135802469136,1.0,0.6666750387656603,0.8583152669508861,0.996237020930919,0.11884802820009031,instance,complexity_kDN_top70
1,0.7272727272727273,0.4,0.35,0.6428571428571429,0.34638561767569453,0.0,0.47914610076458697,0.9907407407407407,0.9857142857142858,0.6074974739929908,0.8574657034232522,0.9913751907195001,2.1297585651094613,instance,complexity_kDN_top70
0,0.7857142857142857,0.4,0.65,0.5714285714285714,0.645905059264007,1.0,0.5116309557696805,1.0,0.9857142857142858,0.6666666666666666,0.8631307363077845,0.9982574410385173,-0.9913031230803553,instance,complexity_kDN_top70
0,0.6,1.0,0.65,0.5,0.653430273469015,1.0,0.5214691030892861,1.0,1.0,0.6666689397603653,0.8545907185334497,0.9988331702137208,-0.35015064141274876,instance,complexity_kDN_top70
1,0.0,0.2,0.35,0.9285714285714286,0.346206591261351,0.0,0.4876056977296537,0.9969135802469136,1.0,0.6666720469880153,0.8531947641429157,0.9990060490716612,1.970435638697801,instance,complexity_kDN_top70
1,0.5,0.4,0.35,0.6428571428571429,0.3542202601649409,0.3333333333333333,0.48190101124023177,0.9907407407407407,0.9857142857142858,0.6645461837690372,0.8421019156440609,0.9998717785953061,3.625178457851304,instance,complexity_kDN_top70
1,0.0,0.4,0.35,0.2857142857142857,0.34560707976338845,0.0,0.47885359629793445,0.9907407407407407,1.0,0.6666759053053679,0.8571762168128343,0.99447236900108,-0.44665216825295634,instance,complexity_kDN_top70
0,0.375,1.0,0.65,1.0,0.6528485966558049,1.0,0.5537309375338189,1.0,1.0,0.6666692555149072,0.8550590544415814,0.9944085720030326,-1.2723829221022054,instance,complexity_kDN_top70
1,0.19999999999999996,0.6,0.35,0.6428571428571429,0.34731766335366676,0.5,0.49195206897152155,0.9969135802469136,1.0,0.6666710182080864,0.8620156806365772,0.9882520941858028,1.353524144991679,instance,complexity_kDN_top70
1,0.0,0.4,0.35,0.9285714285714286,0.34555572622411346,0.5,0.5023912277262437,1.0,1.0,0.6666683356439302,0.8677566912485019,0.9944813572350247,-0.42269918016815405,instance,complexity_kDN_top70
1,0.25,0.4,0.35,0.9285714285714286,0.3458695380300758,0.0,0.4861467119847058,0.9969135802469136,1.0,0.6666690694374693,0.8544059754436548,0.9973648169287281,-0.13253786067264495,instance,complexity_kDN_top70
1,0.6666666666666667,0.6,0.35,0.7142857142857143,0.3511306449194319,1.0,0.5093738205793519,1.0,1.0,0.6666695399799948,0.8431236619644048,0.9995764745371576,0.12138775963793917,instance,complexity_kDN_top70
1,0.25,0.4,0.35,0.9285714285714286,0.34977968443626084,0.0,0.49930473411046117,0.9969135802469136,1.0,0.66666775954915,0.846338580468705,0.9733019537322294,1.0230659265338038,instance,complexity_kDN_top70
1,0.4,0.2,0.35,0.21428571428571427,0.35525629538853076,0.3333333333333333,0.47743243998372076,0.9969135802469136,1.0,0.6666736465450522,0.8552128639866106,0.9972012271988868,1.8811524294514876,instance,complexity_kDN_top70
1,0.0,0.2,0.35,0.42857142857142855,0.3465491291324061,0.0,0.46670521086754047,0.9938271604938271,0.9714285714285714,0.6490779139828539,0.8425408880687534,0.997261443468021,2.014096765184979,instance,complexity_kDN_top70
0,0.7692307692307692,0.8,0.65,0.6428571428571429,0.6545702695993464,0.5833333333333334,0.5132403200035415,1.0,1.0,0.6666697798938886,0.8798794040220925,0.9972916448538902,0.6257420382195247,instance,complexity_kDN_top70
1,0.0,0.2,0.35,0.42857142857142855,0.3760205389363642,0.0,0.4820487538234308,0.9938271604938271,0.9428571428571428,0.171137701611904,0.8193330167286446,0.9977588882491737,2.020137251792255,instance,complexity_kDN_top70
0,0.4666666666666667,0.2,0.65,0.35714285714285715,0.6547595188808295,0.5,0.4899082061318093,0.9827586206896551,1.0,0.6666794422923359,0.8502750873280874,0.9963289952240112,1.8644979379546933,instance,complexity_kDN_top70
1,0.25,0.4,0.35,0.7857142857142857,0.35443268107433645,0.4,0.5200887933485043,1.0,0.9857142857142858,0.617259193811048,0.8717715273804443,0.995481791287541,0.3247897856098472,instance,complexity_kDN_top70
1,0.4,0.4,0.35,0.9285714285714286,0.3455218044287952,0.6666666666666666,0.5125170558646688,1.0,0.9714285714285714,0.6531129863539394,0.8664463587356555,0.9928131901499297,0.39791251775965625,instance,complexity_kDN_top70
1,0.33333333333333337,0.4,0.35,0.35714285714285715,0.34874912530547275,0.0,0.4780023920452773,0.9907407407407407,0.9857142857142858,0.6449156110299014,0.8440683989407384,0.9911520452180004,0.008076243071785647,instance,complexity_kDN_top70
1,0.3846153846153846,0.4,0.35,0.6428571428571429,0.34724573451366647,0.3333333333333333,0.4796785460627603,0.9969135802469136,1.0,0.6666709551527538,0.8847854818017874,0.9966264941288224,0.8364850011936448,instance,complexity_kDN_top70
1,0.33333333333333337,0.6,0.35,0.6428571428571429,0.34618745790434347,0.0,0.4854652922991377,0.9969135802469136,1.0,0.6666723537400081,0.845349124848183,0.9924199012506727,-0.46630725962550573,instance,complexity_kDN_top70
1,0.23076923076923073,0.2,0.35,0.6428571428571429,0.35834169215943135,0.0,0.4842147307099758,0.9876543209876543,1.0,0.6666702358821256,0.8665929244339938,0.9985023720072813,2.3175349473159454,instance,complexity_kDN_top70
0,0.6923076923076923,1.0,0.65,0.5,0.6541437562224072,1.0,0.5251402750396401,1.0,0.9857142857142858,0.6525222821325005,0.8486688088878473,0.9919460731126697,-2.213182644690608,instance,complexity_kDN_top70
1,0.33333333333333337,0.6,0.35,0.6428571428571429,0.35185007437708815,0.75,0.5140367782978295,1.0,1.0,0.6666761661492602,0.8527938674910874,0.9961950660458047,1.3826152918122516,instance,complexity_kDN_top70
0,0.2727272727272727,0.8,0.65,0.6428571428571429,0.6539496261336574,1.0,0.517189560673301,1.0,1.0,0.6666687322214029,0.8647340899912224,0.9989983366302434,0.8177961641761408,instance,complexity_kDN_top70
1,0.33333333333333337,0.4,0.35,0.35714285714285715,0.3452183880541505,1.0,0.5081309890136687,1.0,1.0,0.6666684645131704,0.8390951437249232,0.9991511055234507,-0.2654617082289651,instance,complexity_kDN_top70
0,0.6,0.4,0.65,0.35714285714285715,0.6547717493654958,1.0,0.5002626945873231,1.0,0.9857142857142858,0.6530525600863292,0.8325745682549528,0.9862111192402526,1.5217072147931732,instance,complexity_kDN_top70
0,0.6666666666666667,0.6,0.65,0.6428571428571429,0.6533343273033724,1.0,0.5203744270141739,1.0,1.0,0.6666733555054726,0.8649755249170733,0.9998643345079488,0.3306798321870356,instance,complexity_kDN_top70
0,0.6666666666666667,0.8,0.65,0.2857142857142857,0.6502035182154211,1.0,0.5118740700222153,1.0,1.0,0.6666738723993696,0.8513920870926978,0.9987270675092828,-2.0871510076596413,instance,complexity_kDN_top70
1,0.19999999999999996,0.0,0.35,0.5714285714285714,0.3460518958269675,0.25,0.4784003667796747,0.9845679012345679,1.0,0.6666770126739318,0.8698376032510559,0.9887471009373796,-0.0043295803585826145,instance,complexity_kDN_top70
1,0.5333333333333333,0.2,0.35,0.35714285714285715,0.34620624231082137,0.0,0.4892343906240133,0.9938271604938271,0.9857142857142858,0.6571424372623276,0.8564172958545837,0.9985735810826615,-0.2869662088494307,instance,complexity_kDN_top70
1,0.07692307692307687,0.4,0.35,0.9285714285714286,0.350995448023806,1.0,0.5086419976831323,1.0,1.0,0.6666722352999275,0.8520779939652865,0.9985900288238764,1.5574845816219482,instance,complexity_kDN_top70
1,0.23076923076923073,0.2,0.35,0.6428571428571429,0.3592682686203341,0.0,0.4791654051912302,0.9907407407407407,1.0,0.6666684422902857,0.8598215444128267,0.9991859804851206,1.9680133163887665,instance,complexity_kDN_top70
1,0.4375,0.6,0.35,0.42857142857142855,0.34728876415093923,0.6666666666666666,0.5223126673439813,1.0,1.0,0.6666735235285427,0.8672639442908567,0.9954821726648252,0.6848787407190846,instance,complexity_kDN_top70
0,0.0,0.8,0.65,0.6428571428571429,0.6545659098530816,1.0,0.5064180628222555,1.0,1.0,0.6666730151203804,0.8530702953425567,0.9992844068042557,-0.46574066657360236,instance,complexity_kDN_top70
1,0.25,0.6,0.35,0.5714285714285714,0.3538307481514532,1.0,0.5078391014256933,1.0,0.9857142857142858,0.6344001241537304,0.8545235689362635,0.9967757336747431,2.889524664074635,instance,complexity_kDN_top70
1,0.4,0.4,0.35,0.9285714285714286,0.35486187304460126,1.0,0.5068831963688716,1.0,1.0,0.6666686263968906,0.8621886199785624,0.993663995626701,0.2526456991320784,instance,complexity_kDN_top70
1,0.16666666666666663,0.4,0.35,0.7142857142857143,0.36108863298052407,0.0,0.47653442110338273,0.9969135802469136,0.9571428571428572,0.5975955001526486,0.839236690704846,0.9942532991141929,3.6874455660109966,instance,complexity_kDN_top70
1,0.2142857142857143,0.6,0.35,0.9285714285714286,0.34751332246802424,0.5,0.5004218222845136,1.0,1.0,0.666673656869634,0.8539799735126831,0.9993558219393843,1.2678427963458236,instance,complexity_kDN_top70
0,0.75,0.8,0.65,0.7857142857142857,0.6515062471042145,0.875,0.5176052266283253,1.0,1.0,0.6666707132090985,0.86745871093738,0.9986586816843449,-1.545584392006769,instance,complexity_kDN_top70
1,0.2142857142857143,0.6,0.35,0.6428571428571429,0.34729649873327195,0.5,0.4751527148970238,0.9969135802469136,0.9857142857142858,0.6426967477610774,0.8691500130567992,0.999222104102928,1.282214513492242,instance,complexity_kDN_top70
1,0.0,0.4,0.35,0.6428571428571429,0.36649032091445777,0.0,0.4907549111926086,0.9969135802469136,0.9428571428571428,0.6377600853854922,0.8405387549343504,0.9984661980244975,2.1998545102577594,instance,complexity_kDN_top70
1,0.25,0.4,0.35,0.9285714285714286,0.35520927118180745,0.0,0.49672263584858967,0.9969135802469136,0.9714285714285714,0.6434496282374013,0.8478906916591251,0.999426464643194,1.8680206315119012,instance,complexity_kDN_top70
1,0.3846153846153846,0.4,0.35,0.6428571428571429,0.34899651898081974,0.0,0.49744177652936317,0.9969135802469136,0.9428571428571428,0.5547251086062377,0.8372490600297752,0.9984341208740798,0.0499661842062282,instance,complexity_kDN_top70
0,0.9230769230769231,0.6,0.65,0.6428571428571429,0.6511557877827446,0.8,0.5013138335385359,1.0,1.0,0.666676825713614,0.8802999505206947,0.9994871392043795,-1.2986077962362994,instance,complexity_kDN_top70
1,0.4,0.4,0.35,0.7142857142857143,0.34796887023890954,0.0,0.4606846938328959,0.9969135802469136,0.9571428571428572,0.6146649475148268,0.8463336180466475,0.993249363569433,0.9967546765053192,instance,complexity_kDN_top70
1,0.5,0.4,0.35,1.0,0.3460094042253038,0.5,0.4786926906919311,0.9938271604938271,0.9857142857142858,0.6655084300596753,0.8591033626618334,0.996351191952342,0.9123473174825889,instance,complexity_kDN_top70
1,0.4,0.6,0.35,0.2857142857142857,0.34544110802995254,1.0,0.5102914548120133,1.0,1.0,0.6666709693658326,0.8775478622991879,0.9995007064900275,-0.6268870354988345,instance,complexity_kDN_top70
1,0.25,0.4,0.35,0.5714285714285714,0.3528372219465089,1.0,0.5028892723187373,1.0,0.9857142857142858,0.5900385292606205,0.8529037361935106,0.9880309675476303,1.3088500529446612,instance,complexity_kDN_top70
1,0.0,0.0,0.35,0.6428571428571429,0.35257633336016736,0.0,0.4266628694353969,0.9753086419753086,1.0,0.6666738680055782,0.8479843750560654,0.9932374958677738,3.1844279309712484,instance,complexity_kDN_top70
1,0.1875,0.2,0.35,0.6428571428571429,0.35930897457266486,0.0,0.48147246415153155,0.9938271604938271,1.0,0.6666738891263341,0.8686673023460302,0.9997771427435403,2.596692672376173,instance,complexity_kDN_top70
1,0.1428571428571429,0.4,0.35,0.6428571428571429,0.3500101509968049,0.0,0.4809844832130502,0.9938271604938271,0.9714285714285714,0.6617284918757196,0.8695150401632272,0.9974022096406739,-0.16147681959562668,instance,complexity_kDN_top70
0,0.0,0.2,0.65,0.35714285714285715,0.6547154868388264,0.0,0.4996218370364258,0.9885057471264368,0.9857142857142858,0.6247047058547726,0.8639973279959005,0.9989871586226082,-0.11162535779045347,instance,complexity_kDN_top70
1,0.4375,0.4,0.35,0.42857142857142855,0.3526865655357634,0.5,0.5036924892258454,1.0,1.0,0.6666725467440077,0.8569456332842588,0.9999512190580263,1.7260104242592866,instance,complexity_kDN_top70
1,0.0,0.6,0.35,0.5714285714285714,0.3532045782712766,0.0,0.4910049688256456,0.9969135802469136,0.9857142857142858,0.5626294953804525,0.8506113812146969,0.9966577631904321,1.6737117896894989,instance,complexity_kDN_top70
1,0.6,0.4,0.35,0.9285714285714286,0.35024578591630784,1.0,0.5024325995160666,1.0,0.9857142857142858,0.5851288756043541,0.8427660765101633,0.9908987774976618,0.9146498613797237,instance,complexity_kDN_top70
1,0.33333333333333337,0.4,0.35,0.6428571428571429,0.35537631462626373,0.0,0.47027679056039584,0.9938271604938271,1.0,0.6666725433720818,0.8577548776921958,0.9951851804879966,1.770645357216407,instance,complexity_kDN_top70
1,0.0,0.0,0.35,0.6428571428571429,0.3502114943019593,0.0,0.43001221790247157,0.9660493827160493,0.9857142857142858,0.6276403438286314,0.862681083702792,0.998400098751074,1.4842782896955047,instance,complexity_kDN_top70
1,0.25,0.0,0.35,0.9285714285714286,0.3585401912866961,0.0,0.4839130796692346,0.9845679012345679,0.9857142857142858,0.636958725176597,0.8502602328510126,0.9968415341539627,2.4242121582417324,instance,complexity_kDN_top70
0,0.75,0.6,0.65,0.42857142857142855,0.6530104954250322,1.0,0.5048274337568917,1.0,1.0,0.6666678427791654,0.8713509942159711,0.9988955409149439,-0.43475169612426473,instance,complexity_kDN_top70
0,0.6153846153846154,0.6,0.65,0.5714285714285714,0.6523539140549331,1.0,0.5057392841383233,1.0,1.0,0.6666667069792352,0.870706554795945,0.9997686003725511,0.22990556257828995,instance,complexity_kDN_top70
1,0.16666666666666663,0.4,0.35,0.6428571428571429,0.34841600725288424,1.0,0.5156300280897663,1.0,0.9857142857142858,0.6666666666666666,0.8540871990319879,0.9977940777579002,1.169339321051173,instance,complexity_kDN_top70
1,0.33333333333333337,0.6,0.35,0.35714285714285715,0.34565252632414867,1.0,0.5053454346548572,1.0,0.9857142857142858,0.6666666666666666,0.8531158490455203,0.9910549509478417,0.6895211396994163,instance,complexity_kDN_top70
1,0.4,0.6,0.35,0.7142857142857143,0.3545341557317755,1.0,0.5211512686548652,1.0,0.9857142857142858,0.5882705667255493,0.8579133903407701,0.9866932388811182,2.4816211096147898,instance,complexity_kDN_top70
1,0.33333333333333337,0.4,0.35,0.9285714285714286,0.35691414310530245,1.0,0.5193193196036723,1.0,0.9857142857142858,0.662966269007088,0.8597700225150416,0.9972203716939675,1.6653125580474766,instance,complexity_kDN_top70
1,0.3076923076923077,0.0,0.35,0.6428571428571429,0.3454596171150612,0.5,0.4748090173135885,0.9845679012345679,1.0,0.6666703715963291,0.8597625917472335,0.9980333418616381,0.2403963292026085,instance,complexity_kDN_top70
1,0.1428571428571429,0.2,0.35,0.9285714285714286,0.35433465123637775,0.0,0.4961613620066403,0.9938271604938271,1.0,0.6666697195681069,0.8598606579826186,0.9954321148395034,1.227562070253358,instance,complexity_kDN_top70
1,0.33333333333333337,0.6,0.35,0.6428571428571429,0.35589526066945154,0.25,0.49654324832651375,0.9969135802469136,1.0,0.6666697854856578,0.8610816636486959,0.9926438841697462,1.6400579733884038,instance,complexity_kDN_top70
0,0.6666666666666667,0.6,0.65,0.35714285714285715,0.6545881310352938,1.0,0.5184629150932338,1.0,1.0,0.6666714846230218,0.8490188030468541,0.9959591422641214,-0.7286154483905711,instance,complexity_kDN_top70
1,0.1875,0.2,0.35,0.5714285714285714,0.3577811310881902,0.0,0.4850418451381705,0.9969135802469136,0.9857142857142858,0.6101510576976452,0.8552799445246868,0.9974652226822954,3.4688944596023332,instance,complexity_kDN_top70
1,0.1875,0.2,0.35,0.9285714285714286,0.35036473664093404,1.0,0.5030591958794358,1.0,0.9857142857142858,0.6666666666666666,0.8350277459035327,0.9960399826574642,1.6033745866496896,instance,complexity_kDN_top70
1,0.16666666666666663,0.0,0.35,1.0,0.34812077015771775,0.0,0.46938724081698335,0.9660493827160493,0.9857142857142858,0.6531473812631845,0.8492910942636359,0.9958096755234263,1.1096252037255134,instance,complexity_kDN_top70
1,0.25,0.0,0.35,0.9285714285714286,0.3461262008062046,0.0,0.476719195477484,0.9814814814814815,0.9857142857142858,0.6429199975343881,0.8357449666319667,0.9980679693274578,0.815593159554644,instance,complexity_kDN_top70
1,0.07692307692307687,0.4,0.35,0.6428571428571429,0.3494900914460551,0.6,0.509564419771418,1.0,0.9857142857142858,0.6183510890731047,0.8673932590806354,0.9998731161918161,-0.7289538832293606,instance,complexity_kDN_top70
0,0.6666666666666667,0.4,0.65,0.35714285714285715,0.6544489913355349,0.4,0.49417027753620546,0.9942528735632183,0.9714285714285714,0.6666666666666666,0.8581082915116758,0.9987521197638405,-0.7051280256210867,instance,complexity_kDN_top70
0,0.33333333333333337,0.6,0.65,0.5,0.6547859205869503,0.0,0.4946885180469628,0.9942528735632183,0.9714285714285714,0.6269662544125906,0.8461993302106434,0.998969748224965,0.3084312855101315,instance,complexity_kDN_top70
0,0.4666666666666667,0.6,0.65,0.2857142857142857,0.6546168514423756,1.0,0.5005371969127559,1.0,0.9714285714285714,0.6195378396193171,0.8411236278591605,0.9983110967318948,2.325679928755086,instance,complexity_kDN_top70
0,0.6666666666666667,0.6,0.65,0.6428571428571429,0.6543934342714204,1.0,0.5062278523934345,1.0,0.9857142857142858,0.6578399823780428,0.8555781033913892,0.9987778748926726,1.0540660412954534,instance,complexity_kDN_top70
0,0.33333333333333337,0.4,0.65,0.42857142857142855,0.6436771283440591,0.0,0.48751722938852937,0.9885057471264368,0.9857142857142858,0.5600483576023471,0.8590908514553907,0.9994844850701378,-0.15899795808495226,instance,complexity_kDN_top70
0,0.4285714285714286,1.0,0.65,0.2857142857142857,0.6543314370046145,1.0,0.5231902113102603,1.0,0.9857142857142858,0.6666666666666666,0.8363532323594682,0.9771753045828018,-1.084509556000283,instance,complexity_kDN_top70
0,0.5,0.6,0.65,0.42857142857142855,0.653526059273764,0.0,0.494614299517911,0.9942528735632183,1.0,0.6666702391279801,0.846194281428476,0.9971621356504579,0.2018580741841603,instance,complexity_kDN_top70
1,0.0,0.6,0.35,0.5714285714285714,0.34530396889341053,1.0,0.5060026589752775,1.0,0.9714285714285714,0.643040254854037,0.8362124547406602,0.9996535943718698,-0.2075357821558469,instance,complexity_kDN_top70
1,0.6,0.2,0.35,0.42857142857142855,0.3462170414728372,0.0,0.4790819170820646,0.9876543209876543,1.0,0.6666770510709847,0.8389646489388731,0.9813509660767282,0.4243593969129535,instance,complexity_kDN_top70
0,0.6,0.6,0.65,0.5,0.6432963317401413,1.0,0.5117467535415781,1.0,1.0,0.6666731986738847,0.8788087776579857,0.9991138842376996,-2.1090436085087547,instance,complexity_kDN_top70
1,0.6,0.4,0.35,0.6428571428571429,0.34619225990513636,1.0,0.5097247103549891,1.0,0.9857142857142858,0.6167373336078897,0.8545281088339214,0.9997100578764531,0.1379513353140568,instance,complexity_kDN_top70
0,0.75,1.0,0.65,0.42857142857142855,0.6543257868713506,1.0,0.5226588301026358,1.0,0.9857142857142858,0.6666666666666666,0.8506781326011055,0.9997799052631017,-0.0156819843603247,instance,complexity_kDN_top70
0,0.75,1.0,0.65,0.5,0.6531366258924215,1.0,0.5210605586749071,1.0,0.9857142857142858,0.6666666666666666,0.8653056328267438,0.998052760017492,-0.5269249043441859,instance,complexity_kDN_top70
0,0.75,0.8,0.65,0.42857142857142855,0.6532863440103832,1.0,0.5087293536835535,1.0,0.9714285714285714,0.5944401524562454,0.8459397861749167,0.9899145172954935,1.0604748802091384,instance,complexity_kDN_top70
0,0.33333333333333337,0.4,0.65,0.5714285714285714,0.6436457180814885,1.0,0.5084221963830479,1.0,0.9571428571428572,0.6356594482094189,0.8528560884562401,0.9916062068412538,-1.286179105867149,instance,complexity_kDN_top70
0,0.2727272727272727,0.6,0.65,0.35714285714285715,0.6547745809297885,1.0,0.5028841806740099,1.0,1.0,0.6666690104200957,0.8437886922847689,0.9987644635035672,1.415715045287741,instance,complexity_kDN_top70
0,0.6666666666666667,0.6,0.65,0.42857142857142855,0.6547665277374309,0.0,0.49665144517490034,0.9942528735632183,0.9428571428571428,0.6666666666666666,0.833607175017826,0.9922275777866537,1.2453151353626388,instance,complexity_kDN_top70
0,0.6153846153846154,0.4,0.65,0.5,0.6545892930569129,0.3333333333333333,0.5160365099354525,1.0,0.9857142857142858,0.6666666666666666,0.8591132538608282,0.9959521872142847,0.3508231604335702,instance,complexity_kDN_top70
0,0.7857142857142857,0.6,0.65,0.35714285714285715,0.6538929771327971,0.6666666666666666,0.5119280395058552,1.0,0.9857142857142858,0.6666666666666666,0.8751444044866352,0.999430649711503,-0.07814947434855539,instance,complexity_kDN_top70
0,0.7692307692307692,0.6,0.65,0.6428571428571429,0.6545396803340255,1.0,0.51611310478401,1.0,0.9857142857142858,0.6529299116818243,0.8444142595439795,0.9937815082192155,-0.1919865978956352,instance,complexity_kDN_top70
0,0.0,0.4,0.65,0.35714285714285715,0.6541456313279279,0.0,0.4966967801126637,0.9827586206896551,1.0,0.6666691581645139,0.8560836032332855,0.9959737766008955,0.6093660954830525,instance,complexity_kDN_top70
0,0.8125,0.8,0.65,0.5,0.6544478993509165,1.0,0.5190238170554592,1.0,1.0,0.6666694867360392,0.8677082562559398,0.9998114006219092,0.10699945449768246,instance,complexity_kDN_top70
0,0.4,0.6,0.65,0.35714285714285715,0.6484191989877974,0.6666666666666666,0.49755128253665615,0.9942528735632183,1.0,0.6666702874520513,0.8716122053206263,0.9987919804265291,-0.4866994026546618,instance,complexity_kDN_top70
0,0.0,0.4,0.65,0.8571428571428571,0.6547399946219178,0.0,0.4782481637753798,0.9885057471264368,0.9857142857142858,0.6666666666666666,0.8557582686861559,0.9983030642212257,1.2813793065334895,instance,complexity_kDN_top70
1,0.0,0.2,0.35,0.9285714285714286,0.3760205389363642,1.0,0.5048200046990718,1.0,0.9285714285714286,0.18010330864648194,0.8300473595474652,0.9988343261057464,1.7866175637790287,instance,complexity_kDN_top70
0,0.4666666666666667,0.2,0.65,0.6428571428571429,0.6547902153675601,0.0,0.48898835222349335,0.9885057471264368,0.9857142857142858,0.5911740300731779,0.8461980927058537,0.993235094532173,1.1660399707257556,instance,complexity_kDN_top70
0,0.33333333333333337,0.4,0.65,0.42857142857142855,0.6547615688045573,1.0,0.5195780477269935,1.0,0.9857142857142858,0.6617601091952194,0.841983778428408,0.9969803175055358,0.8619283541105188,instance,complexity_kDN_top70
0,0.6666666666666667,0.8,0.65,0.5714285714285714,0.6543887266884635,0.0,0.4969394063732189,0.9942528735632183,0.9857142857142858,0.6666666666666666,0.847149783044913,0.9948530917465681,-1.1430211142398976,instance,complexity_kDN_top70
1,0.25,0.4,0.35,0.6428571428571429,0.35682664776713346,0.0,0.4899987886932091,0.9938271604938271,0.9142857142857143,0.6022047993005558,0.8206151512264123,0.9920232136959238,2.047750397571954,instance,complexity_kDN_top70
0,0.2727272727272727,0.4,0.65,0.2857142857142857,0.6547874148460209,1.0,0.5049457844810842,1.0,0.9571428571428572,0.5929736184539045,0.8369030456988568,0.997785943320174,0.11431724659499724,instance,complexity_kDN_top70
0,0.0,0.6,0.65,0.6428571428571429,0.6239794610636358,1.0,0.507000244264489,1.0,0.9285714285714286,0.6666666666666666,0.8367806813837692,0.9778141747967329,-1.2560561881581431,instance,complexity_kDN_top70
0,0.4,0.6,0.65,0.5714285714285714,0.6538879994575851,0.0,0.498493783754524,0.9942528735632183,0.9857142857142858,0.6666666666666666,0.8670157684336584,0.998047488268153,-0.445699636426694,instance,complexity_kDN_top70
0,0.8333333333333334,0.4,0.65,0.6428571428571429,0.6333238876884412,0.0,0.4858063035873579,0.9885057471264368,1.0,0.6666813949742049,0.8523283740339145,0.9954547447962564,0.17014253821707764,instance,complexity_kDN_top70
1,0.5333333333333333,0.4,0.35,0.6428571428571429,0.3453869924904108,1.0,0.5278067733243579,1.0,1.0,0.6666759401442222,0.8523363292664956,0.9997120435136526,-0.6433855220304905,instance,complexity_kDN_top70
0,0.0,0.8,0.65,0.5,0.6335035438467495,0.0,0.4849949995612206,0.9942528735632183,1.0,0.6666709354927141,0.8470698432332785,0.9995153855854932,-0.3630631790540522,instance,complexity_kDN_top70
0,0.75,0.6,0.65,0.5,0.6517658534804881,0.0,0.4905053637535287,0.9942528735632183,1.0,0.6666721357293226,0.864548512782416,0.9988027424178316,-1.071078445957053,instance,complexity_kDN_top70
0,0.33333333333333337,0.4,0.65,0.7857142857142857,0.6488763110582809,0.2,0.4628694950164284,0.9942528735632183,1.0,0.666669167208921,0.8723664459444441,0.9990303925976743,-0.685221959544454,instance,complexity_kDN_top70
1,0.4,0.6,0.35,0.6428571428571429,0.3486812731828355,0.42857142857142855,0.49818107164009817,0.9938271604938271,0.9857142857142858,0.6666666666666666,0.8769413705441959,0.9990829114336888,0.16505217882468626,instance,complexity_kDN_top70
0,0.6666666666666667,0.2,0.65,0.35714285714285715,0.6547655296514753,1.0,0.5107855821552999,1.0,1.0,0.6666683713020809,0.8365656054773287,0.9984874532226552,1.6460286522497822,instance,complexity_kDN_top70
0,0.6,0.4,0.65,0.42857142857142855,0.6544031640556806,0.0,0.4915347095408371,0.9885057471264368,0.9857142857142858,0.6666666666666666,0.8479256228315063,0.9986697739899371,0.5604778376392421,instance,complexity_kDN_top70
0,0.6,0.4,0.65,0.35714285714285715,0.6503506424436969,1.0,0.5278167426747736,1.0,1.0,0.6666720306597022,0.8510371265784188,0.9967414094239062,-0.751481603511589,instance,complexity_kDN_top70
0,0.4,0.2,0.65,0.5,0.6545066767013155,0.0,0.4749770631675089,0.9885057471264368,0.9857142857142858,0.6590293530715071,0.858181855164316,0.9992575893762426,0.669299227996499,instance,complexity_kDN_top70
0,0.8333333333333334,1.0,0.65,0.35714285714285715,0.6590251644987596,1.0,0.514081959709124,1.0,1.0,0.666673929397179,0.836377469340702,0.9919011172369939,-0.40779438792701866,instance,complexity_kDN_top70
0,0.6666666666666667,0.8,0.65,0.5,0.6460105008298976,1.0,0.5124521023446753,1.0,1.0,0.6666729497653049,0.8718143491188434,0.9974855008293322,-1.8685823540833875,instance,complexity_kDN_top70
0,0.6,0.6,0.65,0.35714285714285715,0.6546940321741941,1.0,0.5162819113305286,1.0,1.0,0.6666721201845962,0.8501851969236852,0.9989514349222928,-0.032205856980354615,instance,complexity_kDN_top70
0,0.6,0.8,0.65,0.35714285714285715,0.6481546711984937,0.0,0.486647913068171,0.9942528735632183,0.9714285714285714,0.6666666666666666,0.8602228177998573,0.9971514112610101,0.24665188835653953,instance,complexity_kDN_top70
1,0.7272727272727273,0.4,0.35,0.42857142857142855,0.34730536261753553,0.5,0.48557361287641965,0.9969135802469136,0.9714285714285714,0.6267732293882261,0.8440528331619497,0.9898284302963639,0.3336826344970918,instance,complexity_kDN_top70
0,0.4,0.4,0.65,0.6428571428571429,0.651716636854315,0.0,0.4739183232805507,0.9827586206896551,0.9857142857142858,0.6666666666666666,0.866099713697702,0.9935585026365528,-0.0406621766363743,instance,complexity_kDN_top70
0,0.4,0.6,0.65,0.2857142857142857,0.6540102284759906,1.0,0.530625483823113,1.0,1.0,0.666670183603841,0.8580063685120787,0.9970681542879568,-0.5157605819736911,instance,complexity_kDN_top70
0,0.6,0.8,0.65,0.42857142857142855,0.6547944091076774,1.0,0.5113776478638947,1.0,0.9714285714285714,0.610033851914016,0.849313999101232,0.997578883164674,-0.08684805591289638,instance,complexity_kDN_top70
1,0.25,0.2,0.35,0.42857142857142855,0.35490621569511493,0.0,0.46934445195256513,0.9907407407407407,1.0,0.6666711514191777,0.8548702031025734,0.9908149869665206,0.8466814019400903,instance,complexity_kDN_top70
1,0.23076923076923073,0.2,0.35,0.5714285714285714,0.3601000727568411,0.0,0.4729403602244243,0.9907407407407407,0.9571428571428572,0.615617798926442,0.8415240194792672,0.9971776973914789,3.076924553158391,instance,complexity_kDN_top70
0,0.6153846153846154,0.8,0.65,0.35714285714285715,0.6494359425189613,1.0,0.507835409852781,1.0,0.9857142857142858,0.660449856352846,0.8515358285481428,0.9974978554213477,-0.9091945936395894,instance,complexity_kDN_top70
1,0.0,0.2,0.35,0.5714285714285714,0.3587697399527815,0.0,0.48235927148460134,0.9938271604938271,1.0,0.6666682016999768,0.8612196642469279,0.9967248276568225,1.1840284985992136,instance,complexity_kDN_top70
1,0.6666666666666667,0.4,0.35,0.5714285714285714,0.3554372862723236,0.0,0.48547865765226494,0.9969135802469136,0.9857142857142858,0.6627781622176363,0.8399712586595083,0.999581751023453,1.2382589258762768,instance,complexity_kDN_top70
0,0.0,0.8,0.65,0.2857142857142857,0.6335096790855422,1.0,0.5027707479886462,1.0,0.9571428571428572,0.3126763355475079,0.8433134977891907,0.9921558510947439,1.8210433054231614,instance,complexity_kDN_top70
1,0.0,0.4,0.35,0.5714285714285714,0.3574900756538444,0.5,0.5267842724663117,1.0,0.9857142857142858,0.6546706486846604,0.8661247815505161,0.989974343467807,1.012024879392479,instance,complexity_kDN_top70
0,0.33333333333333337,0.4,0.65,0.42857142857142855,0.6487398561465234,1.0,0.5353032626768766,1.0,0.9857142857142858,0.6666666666666666,0.8463693489339893,0.9992294852812847,-1.9522504783559937,instance,complexity_kDN_top70
1,0.4375,0.0,0.35,0.6428571428571429,0.35538398889237505,0.0,0.4624951652349397,0.9814814814814815,0.9857142857142858,0.6633365923298256,0.8536031429279687,0.994242234865896,0.5332144682233623,instance,complexity_kDN_top70
1,0.4,0.8,0.35,0.6428571428571429,0.34674795035456296,0.0,0.48970655413754016,0.9969135802469136,1.0,0.6666727170856473,0.847679151852287,0.9967879804180614,0.6797219491122374,instance,complexity_kDN_top70
1,0.0,0.4,0.35,0.2857142857142857,0.34606200533502285,1.0,0.5080801508195752,1.0,1.0,0.6666778569722589,0.8480535068419568,0.9964215434669235,-0.06296569001914278,instance,complexity_kDN_top70
1,0.25,0.4,0.35,0.35714285714285715,0.34772255751316783,0.0,0.4869786455786609,0.9938271604938271,0.9714285714285714,0.6233691546805665,0.848193111048888,0.9981141198346906,1.307667315417473,instance,complexity_kDN_top70
1,0.4,0.6,0.35,0.6428571428571429,0.34886714820400433,0.5,0.48780714144361026,0.9938271604938271,0.9857142857142858,0.6662934477837812,0.868915942486069,0.9988636287962054,0.45340959568210726,instance,complexity_kDN_top70
1,0.6,0.2,0.35,0.6428571428571429,0.3577646686359664,0.0,0.48160709980239225,0.9938271604938271,1.0,0.6666716633106129,0.8644161365488077,0.999228419873255,1.5586849416037052,instance,complexity_kDN_top70
0,0.6,0.4,0.65,0.6428571428571429,0.6539131220800152,1.0,0.5082252996514127,1.0,0.9857142857142858,0.6666666666666666,0.8553298180243141,0.9977105838581453,-0.20500160059779943,instance,complexity_kDN_top70
1,0.5714285714285714,0.4,0.35,0.9285714285714286,0.3460376040114692,0.6,0.48467735764547426,0.9969135802469136,1.0,0.6666712667593804,0.8687690068334655,0.9949445472107462,0.3672822068712296,instance,complexity_kDN_top70
0,0.33333333333333337,0.6,0.65,0.35714285714285715,0.6460799860863439,1.0,0.5286091329016833,1.0,0.9857142857142858,0.6666666666666666,0.8482365004919705,0.992316212977891,-1.0040680084999198,instance,complexity_kDN_top70
1,0.5,0.4,0.35,0.5714285714285714,0.3523192226950873,1.0,0.5108679230388409,1.0,0.9428571428571428,0.5605815601410701,0.8404703136844691,0.9999146344262236,2.9165377341712655,instance,complexity_kDN_top70
1,0.25,0.2,0.35,0.9285714285714286,0.3583968649415129,0.0,0.48648290292080243,0.9938271604938271,1.0,0.6666710531697764,0.8701483288171366,0.9995081868335289,2.3294860820619174,instance,complexity_kDN_top70
1,0.33333333333333337,0.0,0.35,0.9285714285714286,0.35821497821876047,0.0,0.4784221080409454,0.9783950617283951,0.9428571428571428,0.6499924968706766,0.839624807762455,0.996438035362196,2.1875091061267575,instance,complexity_kDN_top70
1,0.19999999999999996,0.2,0.35,0.6428571428571429,0.354106137885818,0.14285714285714285,0.4916381411338142,0.9969135802469136,1.0,0.66667574143442,0.8583866483916622,0.9968326752564206,1.5042166236891874,instance,complexity_kDN_top70
1,0.0,0.2,0.35,0.6428571428571429,0.3586778367887776,0.0,0.4845372009961686,0.9938271604938271,1.0,0.6666734506093926,0.857668218999286,0.9939366316420156,1.5790833607855375,instance,complexity_kDN_top70
1,0.0,0.4,0.35,0.9285714285714286,0.35968378246348565,1.0,0.5014751086425595,1.0,0.9857142857142858,0.6541780832129479,0.8586336281287835,0.9942425088715374,2.288223892938225,instance,complexity_kDN_top70
0,0.5,0.4,0.65,0.42857142857142855,0.6519584897880607,0.0,0.4757472844792656,0.9942528735632183,0.9571428571428572,0.5537305376203271,0.8409050231271552,0.9988148945022929,-0.5622851456335524,instance,complexity_kDN_top70
1,0.5,0.6,0.35,0.42857142857142855,0.3458304991474418,1.0,0.5132916633936919,1.0,1.0,0.66666985109598,0.8582643736925725,0.9994131343788841,-0.6947245335654413,instance,complexity_kDN_top70
0,0.8125,0.8,0.65,0.6428571428571429,0.6548241186664661,1.0,0.5033507856007766,1.0,0.9857142857142858,0.6666666666666666,0.8586249618669998,0.9991880143189507,-1.220949256388208,instance,complexity_kDN_top70
1,0.4,0.2,0.35,0.5,0.35616864466943576,0.0,0.47794713580484915,0.9969135802469136,0.9571428571428572,0.6070575585657978,0.8422848410439782,0.9999637411004627,0.06865908280912733,instance,complexity_kDN_top70
1,0.6,0.4,0.35,0.6428571428571429,0.3516576715854272,0.0,0.4792278544717913,0.9938271604938271,1.0,0.6666693270485705,0.8457930152156828,0.9875886365362133,1.8929339477405214,instance,complexity_kDN_top70
1,0.16666666666666663,0.6,0.35,0.35714285714285715,0.348991323135614,0.0,0.4533629124110229,0.9969135802469136,1.0,0.6666715245481726,0.8446937575464246,0.997963328779117,-0.05004358778445095,instance,complexity_kDN_top70
0,0.75,0.6,0.65,0.2857142857142857,0.6483296294080776,1.0,0.5017081397658487,1.0,0.9857142857142858,0.6666666666666666,0.8387506578122438,0.9933579403123495,-0.5858324088377362,instance,complexity_kDN_top70
1,0.25,0.4,0.35,0.5714285714285714,0.34553720825385026,1.0,0.5082087303148435,1.0,0.9571428571428572,0.5895076976661515,0.8612993843489081,0.9999676498627419,-0.3889633240558697,instance,complexity_kDN_top70
1,0.4,0.4,0.35,0.42857142857142855,0.3535006208898965,0.5,0.4901846689196242,0.9969135802469136,1.0,0.6666711678003107,0.854261471752546,0.9993425914594294,1.7960031106492296,instance,complexity_kDN_top70
1,0.23076923076923073,0.4,0.35,0.35714285714285715,0.35673495862926285,0.0,0.4855262904593117,0.9907407407407407,0.9857142857142858,0.6136214966440549,0.853623222424976,0.99018112053698,-0.7967900209138451,instance,complexity_kDN_top70
0,0.6923076923076923,0.8,0.65,0.5,0.6542941122473079,1.0,0.5271933688865493,1.0,1.0,0.6666761491077244,0.8677913231065516,0.9873283812880768,0.6753135330302845,instance,complexity_kDN_top70
1,0.19999999999999996,0.2,0.35,0.9285714285714286,0.3508703924879696,0.3333333333333333,0.4692360496445085,0.9876543209876543,0.9857142857142858,0.6491526375080583,0.8731001879388715,0.9921450084404665,-0.15143497998355143,instance,complexity_kDN_top70
0,0.4285714285714286,0.8,0.65,0.42857142857142855,0.6508578898963648,1.0,0.5179372227866731,1.0,0.9857142857142858,0.6666666666666666,0.8523857320042818,0.9933048007480184,-0.7282360603914084,instance,complexity_kDN_top70
0,0.4666666666666667,0.4,0.65,0.35714285714285715,0.6547946905917338,0.0,0.4870321832155965,0.9827586206896551,1.0,0.6666772576470059,0.8651476692778459,0.992481520872991,0.42494587912039844,instance,complexity_kDN_top70
1,0.0,0.0,0.35,0.6428571428571429,0.3598941446726135,0.0,0.464659197099897,0.9598765432098766,1.0,0.666672492722131,0.8326086810246758,0.9979948149190552,2.102133519717523,instance,complexity_kDN_top70
1,0.0,0.0,0.35,0.5714285714285714,0.3469885338986467,0.0,0.4904234387281463,0.9845679012345679,0.9571428571428572,0.6002475141010787,0.843188679789853,0.9955358967769333,1.1540605629611982,instance,complexity_kDN_top70
1,0.0,0.0,0.35,0.42857142857142855,0.35180795789893293,0.0,0.4622200992804726,0.9814814814814815,0.9857142857142858,0.5736676701096257,0.8380338758843487,0.9995724202108524,1.538329009823899,instance,complexity_kDN_top70
1,0.23076923076923073,0.2,0.35,0.6428571428571429,0.3548562510973461,1.0,0.5000957001117725,1.0,1.0,0.666669815158551,0.8629345960565267,0.9973452643010474,1.7095624341333866,instance,complexity_kDN_top70
1,0.6666666666666667,0.2,0.35,0.35714285714285715,0.34557194982366757,0.0,0.48789569044897685,0.9907407407407407,1.0,0.6666707848876126,0.8536840951746105,0.9991400553744302,0.7243694606218714,instance,complexity_kDN_top70
1,0.19999999999999996,0.0,0.35,0.6428571428571429,0.346971139209459,0.0,0.4762976120419564,0.9753086419753086,1.0,0.6666718783001365,0.8372973589684763,0.9980503284863043,0.6145728217617379,instance,complexity_kDN_top70
0,0.0,0.8,0.65,0.35714285714285715,0.6408486918685936,1.0,0.5301164301274279,1.0,0.9142857142857143,0.6115219326245912,0.8272347986920838,0.9936227399627905,-0.1371273680352229,instance,complexity_kDN_top70
1,0.0,0.4,0.35,0.6428571428571429,0.3595807272542192,0.0,0.49248346849495617,0.9969135802469136,0.9285714285714286,0.6343585059524242,0.8518857062759716,0.9896248377269935,1.9193772884924571,instance,complexity_kDN_top70
1,0.4,0.6,0.35,0.5714285714285714,0.3566725358924273,0.0,0.4958740700603388,0.9969135802469136,1.0,0.6666730592356047,0.8639292987298214,0.9999906452499572,2.4830645659569095,instance,complexity_kDN_top70
1,0.4375,0.6,0.35,0.5714285714285714,0.3460107354392902,1.0,0.5117553568158626,1.0,1.0,0.6666702131917941,0.8633250992647129,0.9966741338435718,-0.028029099041522187,instance,complexity_kDN_top70
0,0.5,0.8,0.65,0.42857142857142855,0.6544213295100607,1.0,0.5290886830478885,1.0,0.9714285714285714,0.6666666666666666,0.8446074596222585,0.9907797841830713,-0.4631835396415141,instance,complexity_kDN_top70
1,0.33333333333333337,0.6,0.35,0.7142857142857143,0.34538606276016137,0.0,0.4978134378314629,0.9938271604938271,0.9857142857142858,0.6627047661932765,0.8367301013078297,0.9845473466599683,-0.7875795116207943,instance,complexity_kDN_top70
1,0.3076923076923077,0.4,0.35,0.6428571428571429,0.35790407420153636,0.0,0.4925280333733766,0.9938271604938271,0.9714285714285714,0.6408739127104957,0.852351171715443,0.9944534684549821,2.0579108625844245,instance,complexity_kDN_top70
1,0.4,0.2,0.35,0.6428571428571429,0.35600585137247087,0.0,0.49129897646019527,0.9907407407407407,0.9571428571428572,0.6449823981961953,0.8599273225716288,0.9976264102248836,1.2661253080151496,instance,complexity_kDN_top70
1,0.33333333333333337,0.2,0.35,0.6428571428571429,0.34906826778780076,0.0,0.49660347097485336,0.9969135802469136,1.0,0.6666718531660591,0.8438214300352893,0.988188763056539,1.1549891895508617,instance,complexity_kDN_top70
1,0.5,0.2,0.35,0.35714285714285715,0.34532849989593883,0.0,0.48834955132566304,0.9938271604938271,1.0,0.6666729496349347,0.8496056284241597,0.9929707327120548,-1.3303505677246108,instance,complexity_kDN_top70
1,0.25,0.2,0.35,0.2857142857142857,0.3597105982102562,0.5,0.47954147193427554,0.9938271604938271,0.9857142857142858,0.6406982459321303,0.8462143718397809,0.9993321926166592,2.5015948927043317,instance,complexity_kDN_top70
1,0.33333333333333337,0.4,0.35,0.6428571428571429,0.3540595211451069,0.0,0.48473758338584527,0.9969135802469136,0.9857142857142858,0.600958071638583,0.8509023122251419,0.989481904211842,0.9161666956011457,instance,complexity_kDN_top70
1,0.19999999999999996,0.4,0.35,0.6428571428571429,0.3512931481503422,0.0,0.4859544067137005,0.9907407407407407,1.0,0.6666742918377101,0.856104208163222,0.9985697957875909,1.7549137565428112,instance,complexity_kDN_top70
1,0.0,0.2,0.35,0.9285714285714286,0.3551431777908265,0.5,0.49502771683017943,0.9969135802469136,0.9857142857142858,0.6561458005159946,0.8646637304242316,0.9995950350053117,1.6278609938552913,instance,complexity_kDN_top70
1,0.33333333333333337,0.2,0.35,0.9285714285714286,0.34579076506915085,0.0,0.4912140397757465,0.9876543209876543,0.9857142857142858,0.6498145640442352,0.8795597095110012,0.997899854358776,-0.09243265355434488,instance,complexity_kDN_top70
1,0.25,0.4,0.35,0.9285714285714286,0.359303511247253,0.0,0.48705072244562975,0.9969135802469136,0.9857142857142858,0.6373416592202964,0.8285962431527851,0.9963793329289096,3.2151522009949334,instance,complexity_kDN_top70
1,0.0,0.2,0.35,0.6428571428571429,0.3458170092991192,0.5,0.4951368194594564,0.9969135802469136,0.9857142857142858,0.6460836854275298,0.8583523297096566,0.9981849504100013,0.8442832628454314,instance,complexity_kDN_top70
1,0.07692307692307687,0.6,0.35,0.6428571428571429,0.35369313536993846,0.5,0.5156758141580223,1.0,1.0,0.6666682353738957,0.8654460115119478,0.9907278382164433,1.6886337638436233,instance,complexity_kDN_top70
1,0.2142857142857143,0.2,0.35,0.21428571428571427,0.35978666307916674,0.0,0.4874100583344906,0.9938271604938271,0.9857142857142858,0.615806138179432,0.8487722145848654,0.9983425959800573,2.5529062068626915,instance,complexity_kDN_top70
1,0.3076923076923077,0.4,0.35,0.5714285714285714,0.34932931564606007,0.0,0.4840045453015829,0.9969135802469136,1.0,0.6666719812034108,0.8540159396518145,0.9993585995803903,2.301590862220146,instance,complexity_kDN_top70
1,0.0,0.2,0.35,0.9285714285714286,0.34769432909552833,0.0,0.48854740202747904,0.9938271604938271,1.0,0.6666701020716637,0.8481451850735623,0.9974236691994517,-0.047551890642924005,instance,complexity_kDN_top70
0,0.4,0.6,0.65,0.6428571428571429,0.6539542269848697,0.5,0.4971827703571676,0.9942528735632183,1.0,0.6666709428893169,0.8606845425197188,0.9958625944502338,-0.22580382780224056,instance,complexity_kDN_top70
0,0.4,0.8,0.65,0.5714285714285714,0.645807002060659,1.0,0.5063673238353796,1.0,0.9857142857142858,0.6666666666666666,0.8487678094834532,0.9994801341105841,-1.0438752339494348,instance,complexity_kDN_top70
1,0.23076923076923073,0.4,0.35,0.5714285714285714,0.3571336561212676,0.25,0.4858814665411211,0.9938271604938271,1.0,0.666671581081472,0.8776072747784808,0.9995512505410352,2.448137864985556,instance,complexity_kDN_top70
1,0.0,0.0,0.35,0.35714285714285715,0.3614156286155378,0.0,0.47230492793737744,0.9845679012345679,0.9571428571428572,0.5928777936779877,0.8203016788451226,0.9933284182986869,-0.5660871585426459,instance,complexity_kDN_top70
1,0.07692307692307687,0.4,0.35,0.6428571428571429,0.35682995004348494,0.0,0.47749762520315187,0.9969135802469136,0.9857142857142858,0.6194745432583401,0.8685417765147708,0.9952902665998644,1.254789776473801,instance,complexity_kDN_top70
0,0.4,0.2,0.65,0.2857142857142857,0.653710693145463,0.25,0.5021389314927758,1.0,1.0,0.6666707359053544,0.867662209422083,0.9991578374973861,-0.05935596876543693,instance,complexity_kDN_top70
1,0.25,0.4,0.35,0.9285714285714286,0.3478382887946736,0.0,0.47512439648225624,0.9938271604938271,1.0,0.6666688943164428,0.8575639177068917,0.9964516788821046,0.904251444513098,instance,complexity_kDN_top70
1,0.33333333333333337,0.0,0.35,0.2857142857142857,0.34751658961951737,0.0,0.4621452450263469,0.9753086419753086,0.9857142857142858,0.6252173340481455,0.8341517361651827,0.9930543677732719,1.674681632551369,instance,complexity_kDN_top70
1,0.5,0.2,0.35,0.6428571428571429,0.3486805702994613,0.0,0.4728787386661366,0.9876543209876543,0.9714285714285714,0.6474381058386736,0.8482310542177971,0.9981743560094526,0.6401969374662118,instance,complexity_kDN_top70
1,0.0,0.2,0.35,0.9285714285714286,0.35770759541655206,0.5,0.4988139716191903,0.9969135802469136,1.0,0.6666769033870239,0.8517290953319332,0.9906848174300643,1.7415471420073398,instance,complexity_kDN_top70
1,0.33333333333333337,0.4,0.35,0.6428571428571429,0.34858803927354975,0.2,0.5242517695035782,1.0,1.0,0.6666704793775448,0.8767472599968322,0.998858171303261,0.7815589591041102,instance,complexity_kDN_top70
1,0.25,0.4,0.35,0.9285714285714286,0.35345275605138937,0.25,0.5074007650973168,1.0,1.0,0.6666763276902525,0.8556740905425495,0.9741355513874522,1.2014448059086382,instance,complexity_kDN_top70
1,0.0,0.6,0.35,0.35714285714285715,0.36003636922630056,1.0,0.509819659781449,1.0,0.9857142857142858,0.6210003964576593,0.8383771344662706,0.9965241924777369,1.926953922614098,instance,complexity_kDN_top70
0,0.75,0.6,0.65,0.35714285714285715,0.6547772516952081,0.0,0.4675911295205236,0.9942528735632183,1.0,0.666672270105301,0.8497832010151348,0.9972414889846101,0.41235131118958473,instance,complexity_kDN_top70
1,0.33333333333333337,0.6,0.35,0.6428571428571429,0.3548727530843374,0.5,0.4957285179055174,0.9969135802469136,0.9857142857142858,0.6494306636341386,0.85473836155917,0.9973382304155796,2.720454818340848,instance,complexity_kDN_top70
1,0.23076923076923073,0.0,0.35,0.6428571428571429,0.3483287002594657,0.0,0.4760468266549268,0.9845679012345679,1.0,0.6666761026865654,0.8461431506060072,0.9838687571422916,1.048512935786521,instance,complexity_kDN_top70
1,0.25,0.2,0.35,0.5714285714285714,0.35155979003322413,0.3333333333333333,0.4692342385044579,0.9907407407407407,0.9714285714285714,0.6224630697430331,0.8661774417878081,0.9974059154370459,0.3831257681649659,instance,complexity_kDN_top70
1,0.33333333333333337,0.6,0.35,0.9285714285714286,0.35430395117532243,0.75,0.5107735265004845,1.0,1.0,0.6666687790423088,0.8690986784747847,0.9978631178287276,2.250314229082193,instance,complexity_kDN_top70
1,0.5,0.8,0.35,0.6428571428571429,0.3587062532971039,0.5,0.49917072626687686,0.9969135802469136,1.0,0.6666718333332686,0.8787714429010338,0.999429401562592,2.162953948163496,instance,complexity_kDN_top70
1,0.1875,0.2,0.35,0.6428571428571429,0.3481857347128136,0.0,0.48915101581233233,0.9907407407407407,1.0,0.666678693579307,0.8673219556379965,0.9977474027148672,1.378624424101655,instance,complexity_kDN_top70
1,0.6,0.4,0.35,0.6428571428571429,0.3578814361511605,1.0,0.5433551115935034,1.0,0.9714285714285714,0.6560056083608148,0.8306727337766784,0.9956720177885734,1.7813114795255636,instance,complexity_kDN_top70
1,0.07692307692307687,0.4,0.35,0.6428571428571429,0.34519968236596565,0.0,0.49721446091229804,0.9938271604938271,0.9857142857142858,0.6511480384369193,0.85510316725667,0.9971390384223127,1.9545938470832946,instance,complexity_kDN_top70
1,0.19999999999999996,0.2,0.35,0.6428571428571429,0.3557148006242198,0.0,0.48513336428329423,0.9907407407407407,1.0,0.6666720074331086,0.8589374088671535,0.9949382860908371,0.7905121596842799,instance,complexity_kDN_top70
1,0.0,0.4,0.35,0.5714285714285714,0.35994224735127933,1.0,0.5045686060929762,1.0,0.9857142857142858,0.6194738565733168,0.8630036923501071,0.9998838977652571,1.8669607398271304,instance,complexity_kDN_top70
1,0.6666666666666667,0.6,0.35,0.9285714285714286,0.35628751625280286,0.8333333333333334,0.500470702970176,1.0,1.0,0.6666678572111345,0.8658788621363597,0.9990491049611854,1.5208691888827055,instance,complexity_kDN_top70
1,0.1428571428571429,0.2,0.35,0.6428571428571429,0.35952469376688223,0.0,0.49227311610253044,0.9907407407407407,0.9857142857142858,0.6110373718849545,0.8475906685312261,0.9967073220528228,1.7519903821593608,instance,complexity_kDN_top70
0,0.8,0.8,0.65,0.5,0.6482527782421612,1.0,0.5115822166527071,1.0,0.9714285714285714,0.6591822325084106,0.8550130255899004,0.9987729286097269,-1.7774957230655477,instance,complexity_kDN_top70
1,0.33333333333333337,0.4,0.35,0.42857142857142855,0.3557375396570279,0.5,0.5026201514263,1.0,0.9857142857142858,0.6326594444808569,0.854700985019284,0.9988673020213211,-0.5938342925343888,instance,complexity_kDN_top70
1,0.5333333333333333,0.8,0.35,0.5714285714285714,0.34634403925639035,1.0,0.520974920469777,1.0,1.0,0.6666867252363474,0.8531872701916643,0.9952866735706246,-0.950645671531533,instance,complexity_kDN_top70
1,0.6,0.0,0.35,0.6428571428571429,0.34803855170033204,0.0,0.4737032749147049,0.9845679012345679,0.9428571428571428,0.6473609489355723,0.8517391813070875,0.9993839281096146,1.0407460850167973,instance,complexity_kDN_top70
0,0.6,0.8,0.65,0.35714285714285715,0.6467229556975329,1.0,0.5074148289516649,1.0,0.9857142857142858,0.6666666666666666,0.8778152205019705,0.9992674112660443,-0.9769006027517337,instance,complexity_kDN_top70
1,0.5,0.6,0.35,0.42857142857142855,0.3487651986599207,0.0,0.49538679310650924,0.9938271604938271,0.9714285714285714,0.6120568279267605,0.8469499926921057,0.9997453521179605,0.7474880232249407,instance,complexity_kDN_top70
1,0.4,0.2,0.35,0.6428571428571429,0.3530581994859818,0.3333333333333333,0.49665888242640643,0.9969135802469136,0.9714285714285714,0.6141628828972614,0.8665952528435144,0.9978497528297425,0.5176991491642984,instance,complexity_kDN_top70
1,0.4,0.4,0.35,0.6428571428571429,0.35430789896172676,0.5,0.4888010796156349,0.9969135802469136,1.0,0.6666763244976057,0.8524310207308301,0.9995651124782866,1.0900531040381551,instance,complexity_kDN_top70
1,0.5,0.4,0.35,0.2857142857142857,0.35095995888438836,0.0,0.48471030834205586,0.9969135802469136,0.9857142857142858,0.6666666666666666,0.850453850321188,0.997171380385391,0.012379197621626028,instance,complexity_kDN_top70
0,0.6666666666666667,0.8,0.65,0.5714285714285714,0.6480196252036926,1.0,0.5002145124600819,1.0,1.0,0.6666688014729099,0.8504923978154095,0.9929912090280636,-3.600906623172339,instance,complexity_kDN_top70
0,0.6153846153846154,0.6,0.65,0.42857142857142855,0.6545239518618715,0.75,0.506779352281886,1.0,1.0,0.6666723384437102,0.8755707731754507,0.9988552369864706,-1.1414456584312973,instance,complexity_kDN_top70
1,0.0,0.4,0.35,0.7142857142857143,0.35392903186388674,1.0,0.5020920778757352,1.0,0.9857142857142858,0.6605227527132393,0.8602586652499398,0.9999306590740528,1.3754600757999929,instance,complexity_kDN_top70
1,0.6,0.0,0.35,0.9285714285714286,0.34726642805072105,0.0,0.48539134854187294,0.9691358024691358,1.0,0.6666678246111504,0.8637151475433683,0.9980974481765623,0.2780890486354258,instance,complexity_kDN_top70
0,0.6666666666666667,0.6,0.65,0.35714285714285715,0.6530520530141813,0.5,0.49883864753694007,0.9942528735632183,0.9857142857142858,0.6060378460020932,0.8750065030588651,0.994814777285863,-1.9341900703569064,instance,complexity_kDN_top70
1,0.1428571428571429,0.2,0.35,0.42857142857142855,0.35632924421221934,0.2,0.4701222878870396,0.9907407407407407,1.0,0.6666722007917351,0.8727918730237653,0.9994384424802881,-0.05362833377071479,instance,complexity_kDN_top70
1,0.07692307692307687,0.8,0.35,0.5714285714285714,0.3471582574730109,1.0,0.5201450290398645,1.0,0.9714285714285714,0.602444968671561,0.8429081178487569,0.9977822761833093,1.8194505716795049,instance,complexity_kDN_top70
0,0.6,0.6,0.65,0.42857142857142855,0.6538635494187034,1.0,0.5021708615304332,1.0,1.0,0.6666681290971581,0.8462920911017434,0.9892743226559475,0.4387442874448605,instance,complexity_kDN_top70
1,0.0,0.2,0.35,0.42857142857142855,0.35655069150606256,0.0,0.4838432590469939,0.9938271604938271,1.0,0.6666705581175932,0.8176378838488023,0.9909916190253878,1.7925988950297012,instance,complexity_kDN_top70
1,0.4,0.6,0.35,0.6428571428571429,0.34879819863638495,0.25,0.4937627142202581,0.9969135802469136,1.0,0.6666720424152033,0.8645927108886543,0.9905140789333182,0.30915512222028574,instance,complexity_kDN_top70
0,0.6666666666666667,0.8,0.65,0.42857142857142855,0.6480494864395564,1.0,0.517290798192507,1.0,0.9857142857142858,0.6666666666666666,0.8546471179480974,0.9993374436986044,-1.4782666059464702,instance,complexity_kDN_top70
1,0.4,0.4,0.35,0.6428571428571429,0.34544682001006854,0.5,0.49531794514537475,0.9969135802469136,1.0,0.6666697540295161,0.8626144387431718,0.9988181441424315,0.1265557672721399,instance,complexity_kDN_top70
1,0.33333333333333337,0.4,0.35,0.6428571428571429,0.3571666567081496,0.2,0.49751872808580655,0.9969135802469136,1.0,0.6666756949725424,0.8884488241140552,0.9981266107920611,2.5313408722147193,instance,complexity_kDN_top70
1,0.0,0.2,0.35,0.21428571428571427,0.3598902756823552,0.0,0.49844209987765475,0.9969135802469136,0.9714285714285714,0.5648964745107641,0.8341633058409891,0.9965723757052641,3.362720425545221,instance,complexity_kDN_top70
1,0.25,0.4,0.35,0.35714285714285715,0.353281209995998,0.0,0.4964185079134449,0.9969135802469136,0.9428571428571428,0.6443380233445506,0.8352387387569193,0.9876719307255816,0.8394056168804125,instance,complexity_kDN_top70
0,0.5,1.0,0.65,0.35714285714285715,0.6547946368907019,1.0,0.519760227205156,1.0,0.9714285714285714,0.540747472899511,0.8280724931434605,0.9977588679374261,-1.0896697886503182,instance,complexity_kDN_top70
1,0.33333333333333337,0.6,0.35,0.9285714285714286,0.3467069152574091,0.5,0.496949117333779,0.9938271604938271,0.9714285714285714,0.6395814957246532,0.8618983634919349,0.998529178476103,-0.33331813084715556,instance,complexity_kDN_top70
0,0.75,0.8,0.65,0.42857142857142855,0.6546410931644795,1.0,0.5129444549080926,1.0,0.9857142857142858,0.6547309339956584,0.8536881721764552,0.9988962668375049,-1.3761496222112553,instance,complexity_kDN_top70
1,0.4375,0.4,0.35,0.5714285714285714,0.3549982735057323,0.3333333333333333,0.5042756778044493,1.0,1.0,0.6666765730798829,0.8675758092438962,0.9995009781630606,0.6949343009432098,instance,complexity_kDN_top70
1,0.4,0.0,0.35,0.6428571428571429,0.35848963608613016,0.0,0.48186970192271583,0.9845679012345679,1.0,0.666672125308817,0.8447366736053598,0.9968407010108877,2.3293852482236526,instance,complexity_kDN_top70
1,0.2142857142857143,0.0,0.35,0.6428571428571429,0.35536789472484154,0.5,0.4799786041985875,0.9845679012345679,1.0,0.6666682130336313,0.8686305105446983,0.997580206170038,2.071913678792484,instance,complexity_kDN_top70
0,0.4666666666666667,0.6,0.65,0.6428571428571429,0.6547913908483439,0.5,0.5094880788706286,1.0,0.9857142857142858,0.5953913656981964,0.8544970962189127,0.9990817914212233,2.315997422562114,instance,complexity_kDN_top70
1,0.25,0.2,0.35,0.6428571428571429,0.34622701695767427,0.0,0.4799725186380911,0.9938271604938271,0.9857142857142858,0.6666666666666666,0.8543904677429676,0.9950769995794382,0.9673733399316866,instance,complexity_kDN_top70
1,0.0,0.0,0.35,0.21428571428571427,0.35558842286212633,0.0,0.48075348127557405,0.9722222222222222,0.9428571428571428,0.6089875527052846,0.8460635953497114,0.996066949093008,1.2679855846951833,instance,complexity_kDN_top70
1,0.3846153846153846,0.2,0.35,0.5,0.3488193151924376,0.5,0.506799327654305,1.0,1.0,0.6666746501342294,0.8583257742757334,0.9961069219367119,0.8368614413664335,instance,complexity_kDN_top70
0,0.75,0.6,0.65,0.5714285714285714,0.653334766895473,1.0,0.5166051560677704,1.0,0.9857142857142858,0.6665501719654038,0.8503815129235919,0.9980330367311689,-3.398326450369937,instance,complexity_kDN_top70
0,0.6,0.6,0.65,0.42857142857142855,0.6389412268863174,0.0,0.49858279395025795,0.9942528735632183,0.9857142857142858,0.6666666666666666,0.8524843851971861,0.9967223924293833,1.0454411201418508,instance,complexity_kDN_top70
1,0.4,0.6,0.35,0.6428571428571429,0.3509623773508444,0.5,0.4863110558647926,0.9969135802469136,1.0,0.6666726555516322,0.864326909894418,0.9978013555232438,0.3675990879174806,instance,complexity_kDN_top70
1,0.25,0.6,0.35,0.6428571428571429,0.35883615610761244,0.6666666666666666,0.5136754721508427,1.0,1.0,0.6666731588876652,0.8670830617355141,0.9992393390034648,1.5955163394925012,instance,complexity_kDN_top70
1,0.16666666666666663,0.2,0.35,0.9285714285714286,0.3521548277686507,0.0,0.4577226679526518,0.9876543209876543,0.9571428571428572,0.6496889564575515,0.8712718791491237,0.9989190916929951,0.35364615674104194,instance,complexity_kDN_top70
0,0.375,0.2,0.65,0.6428571428571429,0.6547835021703914,1.0,0.5070995366704998,1.0,0.9857142857142858,0.6666666666666666,0.8353184660201268,0.9768229032726458,2.387828618126932,instance,complexity_kDN_top70
0,0.6,0.2,0.65,0.35714285714285715,0.6547946679117643,0.0,0.4897749213001934,0.9770114942528736,1.0,0.6666778120429943,0.8514331926468417,0.9984125311788372,3.4013807100495277,instance,complexity_kDN_top70
1,0.33333333333333337,0.0,0.35,0.9285714285714286,0.3495042406615433,0.0,0.47528020416338035,0.9722222222222222,1.0,0.6666698277375502,0.852292608285517,0.9994000579163322,1.814042677891133,instance,complexity_kDN_top70
1,0.0,0.2,0.35,0.2857142857142857,0.34709441515438566,1.0,0.5168945287054774,1.0,1.0,0.6666724078893609,0.8570617159255192,0.9977472972903337,-0.25409676925080277,instance,complexity_kDN_top70
0,0.6666666666666667,1.0,0.65,0.5,0.6418418856534004,1.0,0.5410992591756998,1.0,1.0,0.666675405910351,0.8646452971829535,0.9997815759320519,-1.9199437007638926,instance,complexity_kDN_top70
0,0.7857142857142857,0.6,0.65,0.42857142857142855,0.6546070403319376,0.6,0.5050510983790317,1.0,1.0,0.6666697581693162,0.8565577975332506,0.994489346853347,1.5728447347915195,instance,complexity_kDN_top70
1,0.0,0.2,0.35,0.6428571428571429,0.3619513646179169,1.0,0.5048627888869228,1.0,0.9714285714285714,0.6531468912299566,0.8477338932358126,0.9996362343987266,2.3049417309239835,instance,complexity_kDN_top70
0,0.5625,0.6,0.65,0.5,0.6512912578230693,0.7272727272727273,0.5063651459545576,1.0,0.9857142857142858,0.6649231789231765,0.8753776252016524,0.9989711991845861,-0.869125320386205,instance,complexity_kDN_top70
1,0.0,0.4,0.35,0.5714285714285714,0.360059714606358,0.0,0.4948059023274062,0.9938271604938271,0.9857142857142858,0.65706856980514,0.858267055889203,0.9983235551045225,1.7612071058947516,instance,complexity_kDN_top70
1,0.4,0.4,0.35,0.42857142857142855,0.34775318346088746,1.0,0.5157779622313131,1.0,1.0,0.6666711514393847,0.8627804184018347,0.9948294983035089,-0.9939308798979276,instance,complexity_kDN_top70
1,0.0,0.0,0.35,0.6428571428571429,0.36000814292066874,0.0,0.4697970546271325,0.9814814814814815,0.9857142857142858,0.647572260930519,0.8344728049915083,0.9953214679907055,3.3396105118767494,instance,complexity_kDN_top70
1,0.2142857142857143,0.6,0.35,0.6428571428571429,0.35045121486679454,1.0,0.5053259298854145,1.0,1.0,0.6666727664360264,0.8599672369433491,0.9940600534123278,0.9233775316138116,instance,complexity_kDN_top70
1,0.4,0.8,0.35,0.6428571428571429,0.3527810634224762,1.0,0.5095400209962619,1.0,0.9714285714285714,0.5980193520172368,0.8466861818157164,0.9986438364071892,2.349294369419051,instance,complexity_kDN_top70
1,0.25,0.6,0.35,0.6428571428571429,0.3476250377341461,1.0,0.5074303193564049,1.0,0.9857142857142858,0.6383449510131728,0.861497820574158,0.9985876341047768,0.28426669841798147,instance,complexity_kDN_top70
0,0.6666666666666667,0.8,0.65,0.35714285714285715,0.6545291937810398,1.0,0.5190175482982233,1.0,0.9571428571428572,0.6438531406458969,0.829463591044795,0.9941944241105314,0.41156336355236345,instance,complexity_kDN_top70
1,0.5714285714285714,0.4,0.35,0.6428571428571429,0.3491065232373862,0.3333333333333333,0.49268586788743474,0.9938271604938271,1.0,0.6666706249118473,0.8667325505816638,0.9995028246264509,1.526488333616674,instance,complexity_kDN_top70
1,0.25,0.0,0.35,0.35714285714285715,0.35007169078045386,0.5,0.4661669115105992,0.9783950617283951,0.9857142857142858,0.6537483729076575,0.8626751325909424,0.9960559452666807,0.5760364592309823,instance,complexity_kDN_top70
1,0.5,0.2,0.35,0.6428571428571429,0.3520817084683626,0.5,0.5005050391105668,1.0,1.0,0.6666720356651462,0.857738756546567,0.9976648367916711,0.6833575384073289,instance,complexity_kDN_top70
1,0.5,0.0,0.35,0.9285714285714286,0.3459350577709073,0.25,0.4399894332413129,0.9753086419753086,0.9857142857142858,0.6573200915031415,0.8563523126945772,0.9928839981775427,2.2338466854562427,instance,complexity_kDN_top70
0,0.6923076923076923,1.0,0.65,0.2857142857142857,0.6545844148061605,1.0,0.5244203262393399,1.0,0.9857142857142858,0.6666666666666666,0.8359466201381042,0.997475049675814,-1.1271877203877785,instance,complexity_kDN_top70
1,0.1875,0.0,0.35,0.6428571428571429,0.3498435257368665,0.0,0.48651832901893866,0.9845679012345679,0.9857142857142858,0.6132254688951043,0.8520514173878802,0.9989482270150876,1.4909282764281573,instance,complexity_kDN_top70
1,0.0,0.6,0.35,0.5714285714285714,0.36925852646945134,0.5,0.5030896075507953,1.0,0.9714285714285714,0.6556318800567636,0.8398553049479494,0.9963069303259352,1.5572788884138564,instance,complexity_kDN_top70
1,0.16666666666666663,0.2,0.35,0.6428571428571429,0.35683499057016826,0.0,0.49732183940992314,0.9969135802469136,0.9857142857142858,0.6078262932967501,0.8427520778901398,0.9877912090065537,1.7734503431657034,instance,complexity_kDN_top70
1,0.25,0.4,0.35,0.7857142857142857,0.35588595079268937,1.0,0.5051988342965251,1.0,0.9714285714285714,0.6450296692358304,0.865161853288824,0.9955375427946935,0.4590334759610596,instance,complexity_kDN_top70
0,0.5,0.6,0.65,0.42857142857142855,0.6518107776231569,1.0,0.5020991384540493,1.0,0.9142857142857143,0.666498527756914,0.8443731949968042,0.9978656769640546,-2.152321670331626,instance,complexity_kDN_top70
1,0.1428571428571429,0.6,0.35,0.6428571428571429,0.3512552783675472,0.0,0.4540137499627356,0.9969135802469136,1.0,0.6666708913732536,0.8368033066338155,0.9936412743924908,0.7171614788844334,instance,complexity_kDN_top70
0,0.6666666666666667,0.4,0.65,0.35714285714285715,0.6538215421206046,0.5,0.49497306853357603,0.9942528735632183,0.9714285714285714,0.6591970972319433,0.8693840175147894,0.9963248134089253,1.0576020242150108,instance,complexity_kDN_top70
1,0.0,0.4,0.35,0.5714285714285714,0.35788675297049377,0.5,0.46812579738669924,0.9969135802469136,1.0,0.666669476870167,0.8651158210536541,0.9876231772875841,4.131130296789171,instance,complexity_kDN_top70
1,0.33333333333333337,0.8,0.35,0.42857142857142855,0.3455815980097663,1.0,0.5104162258921685,1.0,0.9857142857142858,0.6462860815826965,0.8479274311048879,0.9949467613878054,-1.7357921778867278,instance,complexity_kDN_top70
1,0.33333333333333337,0.4,0.35,0.6428571428571429,0.3584327571381847,0.0,0.48858944261231185,0.9938271604938271,0.9857142857142858,0.5884721257360737,0.85557469119483,0.9919393821506121,2.0583360106998154,instance,complexity_kDN_top70
1,0.25,0.2,0.35,0.6428571428571429,0.35511612513469526,0.6,0.49627485773600244,0.9969135802469136,1.0,0.6666710355580449,0.8793392674116655,0.9947780041948359,1.7604923869415308,instance,complexity_kDN_top70
1,0.1428571428571429,0.0,0.35,0.35714285714285715,0.35951489335820414,0.0,0.45662113382496294,0.9814814814814815,0.9714285714285714,0.6620078411036684,0.8275128030340011,0.9983437492883501,-0.5149197826547255,instance,complexity_kDN_top70
1,0.33333333333333337,0.4,0.35,0.6428571428571429,0.3600550439283836,0.5,0.5012270061367194,1.0,0.9428571428571428,0.5398754496313725,0.8473315430852434,0.9978761140457351,2.5002170009324547,instance,complexity_kDN_top70
1,0.4,0.6,0.35,0.5,0.34790771974742174,1.0,0.5173821628134646,1.0,0.9857142857142858,0.6430223092880567,0.87001925250463,0.9942395392283181,0.18222374034195116,instance,complexity_kDN_top70
1,0.1875,0.4,0.35,0.9285714285714286,0.34520821687843084,0.0,0.4873168212848653,0.9969135802469136,1.0,0.6666680585959464,0.849383077506536,0.9991685397539106,-0.09941899099589746,instance,complexity_kDN_top70
1,0.0,0.2,0.35,0.9285714285714286,0.35987893853235986,0.0,0.4890336164500153,0.9969135802469136,0.9285714285714286,0.6155304834758788,0.8399863379834651,0.9976614821314167,2.459751617094212,instance,complexity_kDN_top70
1,0.6666666666666667,0.2,0.35,0.6428571428571429,0.34579567867166583,0.0,0.49311219894349256,0.9907407407407407,1.0,0.6666712430348116,0.8595584057955711,0.9886240247976413,-0.47104878945343664,instance,complexity_kDN_top70
1,0.33333333333333337,0.6,0.35,0.6428571428571429,0.3499632534904067,0.0,0.4991555935618446,0.9969135802469136,1.0,0.6666684407522658,0.85260137470718,0.9964613573428239,0.9058451455458896,instance,complexity_kDN_top70
1,0.0,0.2,0.35,0.6428571428571429,0.3590637294058129,0.0,0.48060192648770184,0.9876543209876543,1.0,0.6666732791058911,0.8648816713915876,0.9998786404059773,2.4265277836364865,instance,complexity_kDN_top70
1,0.6,0.4,0.35,0.5714285714285714,0.3520248737636499,0.4,0.48871657010930536,0.9969135802469136,1.0,0.6666718049119781,0.867503480854093,0.9894000052635851,1.9359882447366763,instance,complexity_kDN_top70
1,0.3076923076923077,0.2,0.35,0.42857142857142855,0.34698990581067424,0.15384615384615385,0.48953802468101715,0.9907407407407407,1.0,0.6666791091561723,0.8757938739527816,0.9929432196676882,1.308865771171418,instance,complexity_kDN_top70
1,0.0,0.0,0.35,0.5714285714285714,0.3760205389363642,0.0,0.46858590425192215,0.9783950617283951,0.9285714285714286,0.09007710776780378,0.8269324567035172,0.9966442888496432,3.568122480112529,instance,complexity_kDN_top70
1,0.1428571428571429,0.0,0.35,0.35714285714285715,0.35456941345623394,0.0,0.4780568780430592,0.9783950617283951,0.9714285714285714,0.5657826995666734,0.8362145238878227,0.9938809790060783,1.4093036254357467,instance,complexity_kDN_top70
1,0.5,0.4,0.35,0.9285714285714286,0.3515091947690516,0.0,0.4910873701408299,0.9969135802469136,0.9571428571428572,0.6524880800395321,0.8456127501486329,0.9968742821123369,1.6337748877187395,instance,complexity_kDN_top70
0,0.33333333333333337,0.2,0.65,0.2857142857142857,0.6546252631469645,0.4,0.4593814195635234,0.9827586206896551,0.9714285714285714,0.6176783837618518,0.864897129625975,0.9991997761531302,0.4279021738148879,instance,complexity_kDN_top70
0,0.5625,0.6,0.65,0.7857142857142857,0.6533737225607394,0.5,0.4894468927018021,0.9942528735632183,0.9857142857142858,0.6666666666666666,0.8726138191145774,0.9945018786452198,-0.47274934034678545,instance,complexity_kDN_top70
1,0.6,0.4,0.35,0.6428571428571429,0.36233962588455304,1.0,0.507705339354087,1.0,0.9714285714285714,0.650895260563319,0.8457409309530394,0.9953344452383489,1.3605241068667646,instance,complexity_kDN_top70
1,0.0,0.0,0.35,0.6428571428571429,0.35903152820943196,0.0,0.47254141640629255,0.9814814814814815,1.0,0.6666742375296782,0.8523430891229322,0.9951840671701748,2.735312454322123,instance,complexity_kDN_top70
1,0.0,0.2,0.35,0.6428571428571429,0.3576066492577902,0.0,0.4983927348397036,0.9907407407407407,0.9857142857142858,0.645489979511129,0.8699605736149483,0.9989792755179129,1.5585527626661788,instance,complexity_kDN_top70
0,0.4666666666666667,0.4,0.65,0.42857142857142855,0.6542871193750778,1.0,0.5050700177938912,1.0,1.0,0.6666760361720111,0.849330074694752,0.9879058003970154,-0.25603951012205906,instance,complexity_kDN_top70
1,0.25,0.2,0.35,0.35714285714285715,0.3496478004615816,0.0,0.49545449046205314,0.9938271604938271,1.0,0.666670132457916,0.8491274423004754,0.9999842272888828,0.7870603832716269,instance,complexity_kDN_top70
1,0.23076923076923073,0.2,0.35,0.9285714285714286,0.35719513392205104,0.3333333333333333,0.4957503371467681,0.9969135802469136,0.9857142857142858,0.6490774381733989,0.8603882654309513,0.9969382270408668,2.2105890413837295,instance,complexity_kDN_top70
1,0.25,0.0,0.35,0.9285714285714286,0.3457898176666529,0.25,0.46439378360819183,0.9814814814814815,1.0,0.6666718150661936,0.8745598750801993,0.9940799172398108,0.11433127260193328,instance,complexity_kDN_top70
1,0.1428571428571429,0.4,0.35,0.9285714285714286,0.3593957621236812,0.3333333333333333,0.5041277417912753,1.0,0.9714285714285714,0.6666666666666666,0.8534756763044833,0.995425151083997,1.5746326402397064,instance,complexity_kDN_top70
1,0.33333333333333337,0.6,0.35,0.6428571428571429,0.35758767467747254,0.0,0.4918070677330758,0.9969135802469136,0.9714285714285714,0.6256910434151045,0.8441442324374591,0.9994551922473028,1.8007788387638834,instance,complexity_kDN_top70
0,0.4,0.8,0.65,0.7857142857142857,0.6498053276366099,1.0,0.5257817820065629,1.0,0.9714285714285714,0.6467852816624209,0.8519400588521744,0.9970838244514902,-0.9813992516537545,instance,complexity_kDN_top70
1,0.25,0.0,0.35,0.9285714285714286,0.34792099610270366,0.0,0.48809732637682435,0.9845679012345679,0.9857142857142858,0.6610828333824811,0.8673669162532219,0.9972814276398171,1.6439276344632128,instance,complexity_kDN_top70
1,0.19999999999999996,0.2,0.35,0.6428571428571429,0.3508559878136245,0.0,0.4908570834145817,0.9907407407407407,0.9857142857142858,0.6666131642956971,0.8782118393950357,0.996629908159939,-0.00735761753926544,instance,complexity_kDN_top70
1,0.33333333333333337,0.8,0.35,0.7142857142857143,0.34993232354034043,1.0,0.5089915919384473,1.0,1.0,0.6666684469149574,0.8468690705098159,0.9979693545196772,0.4654104113258178,instance,complexity_kDN_top70
0,0.4,0.6,0.65,0.5,0.6519114989200373,1.0,0.5022018909086774,1.0,1.0,0.6666695330191019,0.8470457375531912,0.9984696393725206,-1.6591838538337624,instance,complexity_kDN_top70
0,0.4,1.0,0.65,0.42857142857142855,0.6524944935904026,1.0,0.5339898553444975,1.0,1.0,0.6666719143487321,0.8562362065653564,0.9983524636488748,0.6931228128972483,instance,complexity_kDN_top70
1,0.5,0.6,0.35,0.2857142857142857,0.34520765000786346,1.0,0.5083575144242516,1.0,0.9428571428571428,0.6024301155076107,0.8332793963865016,0.9921107151972473,0.9225666094873776,instance,complexity_kDN_top70
1,0.5,0.6,0.35,0.6428571428571429,0.35881604977712656,1.0,0.5028731827233072,1.0,0.9857142857142858,0.5703676828422516,0.8651451940371826,0.9982937013069427,0.7627299016584334,instance,complexity_kDN_top70
1,0.16666666666666663,0.4,0.35,0.9285714285714286,0.34589030284558386,0.5,0.5038528268584028,1.0,0.9857142857142858,0.6484405046077155,0.8672137158655726,0.999104372737385,-1.006804688437505,instance,complexity_kDN_top70
1,0.23076923076923073,0.0,0.35,0.21428571428571427,0.36009049976138996,0.0,0.4721480126451404,0.9567901234567902,0.9857142857142858,0.6159247920716218,0.846690022230239,0.9846182547662491,2.1106416443874507,instance,complexity_kDN_top70
1,0.2142857142857143,0.0,0.35,0.5714285714285714,0.35628570729078735,0.5,0.4715382016648775,0.9722222222222222,1.0,0.6666682752864553,0.8488137169109101,0.9948799465664626,2.2592295472939856,instance,complexity_kDN_top70
1,0.0,0.0,0.35,0.6428571428571429,0.35954224155452436,0.0,0.4747221274959922,0.9783950617283951,1.0,0.6666710145469634,0.8506388014462511,0.9995791825934962,1.7924787909229163,instance,complexity_kDN_top70
0,0.4,0.8,0.65,0.6428571428571429,0.6472861489498954,0.75,0.5110252336016177,1.0,0.9857142857142858,0.6666666666666666,0.8651865011411114,0.9985245091078092,-1.1130143073389647,instance,complexity_kDN_top70
0,0.5,0.6,0.65,0.42857142857142855,0.6519782205353195,0.25,0.4691729503270058,0.9885057471264368,0.9857142857142858,0.65404206429135,0.8579602733836702,0.9960079971704354,-0.3673249523667588,instance,complexity_kDN_top70
1,0.23076923076923073,0.2,0.35,0.6428571428571429,0.358945205138653,0.0,0.4478161554362493,0.9876543209876543,0.9857142857142858,0.6631675025905889,0.8488405027392196,0.9929652594816155,0.9409943891550883,instance,complexity_kDN_top70
0,0.5,1.0,0.65,0.6428571428571429,0.6423511757196366,1.0,0.5335188086531036,1.0,1.0,0.6666718841896124,0.8382028489015164,0.9983583309377759,-0.574405794269079,instance,complexity_kDN_top70
