y,Hostility,kDN,DCP,TD_U,CLD,N1,N2,LSC,F1,L1,level,subset
0,0.38173302107728335,0.4604215456674473,0.573,0.6313148210103713,0.5738828119508618,0.3963837944517101,0.49898794938796004,0.9964321447812557,0.9909922346850734,0.9456664678249267,class,all
1,0.13089005235602094,0.22757417102966843,0.42700000000000005,0.6970830216903515,0.4280092398656583,0.22611007371048814,0.49589662470687845,0.9940016353628919,0.9915385321943603,1.021585905512242,class,all
dataset,0.238,0.32700000000000007,0.48934199999999994,0.669,0.49029725514604017,0.29881695246698997,0.4972166203457003,0.9950394628845334,0.9913052631578948,0.9891683056197584,class,all
0,0.0,0.6,0.573,0.2857142857142857,0.5639569080553393,1.0,0.5036061025958052,1.0,0.988421052631579,2.9714267558317533,instance,all
1,0.5593220338983051,0.8,0.42700000000000005,0.5,0.4292799823347298,1.0,0.5047196674673937,1.0,0.9947368421052631,-0.5686802186556412,instance,all
0,0.8260869565217391,0.6,0.573,0.6428571428571429,0.6014831520298163,0.0,0.49897332865391053,0.9953051643192489,0.988421052631579,2.013725941268341,instance,all
0,0.0,0.6,0.573,0.6428571428571429,0.5706836705959887,0.0,0.497916959524617,0.9953051643192489,0.9936842105263158,0.9452683475995732,instance,all
0,0.25,0.4,0.573,0.35714285714285715,0.570720017343927,0.0,0.49924009890537435,0.9976525821596244,0.9905263157894737,0.8389792432619636,instance,all
0,0.44067796610169496,0.4,0.573,0.6428571428571429,0.5707200176654661,0.0,0.4944692746653949,0.9976525821596244,0.9957894736842106,0.26134777739273096,instance,all
0,0.19999999999999996,0.2,0.573,0.42857142857142855,0.5707200173843587,0.16666666666666666,0.4987401072574804,0.9976525821596244,0.9947368421052631,0.10964742595106867,instance,all
0,0.33333333333333337,0.4,0.573,0.7857142857142857,0.5707200176654071,0.5,0.5127143475835836,1.0,0.9905263157894737,0.2702969545535486,instance,all
0,0.25,0.6,0.573,0.5714285714285714,0.5707197966191666,0.5,0.5048370462492668,1.0,0.9968421052631579,0.5772203012236787,instance,all
0,0.0,0.2,0.573,0.9285714285714286,0.563778515728475,0.0,0.4980686157504832,0.9976525821596244,0.9842105263157894,0.21717027675063785,instance,all
0,0.7647058823529411,0.2,0.573,0.5714285714285714,0.570720017665357,0.0,0.4978858967133877,0.9953051643192489,0.9968421052631579,-0.0419768478129296,instance,all
0,0.4285714285714286,0.2,0.573,0.42857142857142855,0.5990919767395252,0.0,0.4968511967585886,0.9953051643192489,0.9863157894736843,0.9349224517827361,instance,all
0,0.6944444444444444,0.6,0.573,0.42857142857142855,0.5544458385011874,0.5,0.4995354573762062,0.9976525821596244,0.9926315789473684,1.4251457081310273,instance,all
0,0.0,0.0,0.573,0.6428571428571429,0.5707200218896582,0.0,0.4948106442573673,0.9882629107981221,0.9831578947368421,1.3552845380025766,instance,all
0,0.44067796610169496,0.4,0.573,0.5714285714285714,0.5707200177669431,0.5,0.4954659092135604,0.9953051643192489,0.9926315789473684,0.8847371739555273,instance,all
0,0.30000000000000004,0.4,0.573,0.7857142857142857,0.5707200176854055,0.0,0.49736361226270787,0.9953051643192489,0.9936842105263158,0.6738241687392833,instance,all
0,0.782608695652174,0.4,0.573,0.5714285714285714,0.5707200176461522,1.0,0.5116957123707746,1.0,0.9947368421052631,0.3665590743129907,instance,all
0,0.1578947368421053,0.2,0.573,0.5714285714285714,0.5717284787482616,0.0,0.49294817806105096,0.9906103286384976,0.9821052631578947,2.739676964427514,instance,all
0,0.44067796610169496,0.4,0.573,0.9285714285714286,0.570720018967338,1.0,0.5003301952311197,1.0,0.9894736842105263,1.4988749038487845,instance,all
0,0.6944444444444444,0.4,0.573,0.9285714285714286,0.5707200176241368,0.0,0.49306653927024935,0.9976525821596244,0.9936842105263158,0.4446825139235997,instance,all
0,0.44067796610169496,0.2,0.573,0.5714285714285714,0.5707198610337677,0.0,0.489790998786642,0.9906103286384976,0.9894736842105263,1.4966557316712006,instance,all
0,0.7916666666666666,0.4,0.573,0.42857142857142855,0.5707199807153831,1.0,0.5002244694499283,1.0,0.9926315789473684,2.6454708829494784,instance,all
0,0.16666666666666663,0.4,0.573,0.6428571428571429,0.5707199373496641,0.0,0.4896491853846694,0.9929577464788732,0.9957894736842106,1.1657334143781048,instance,all
0,0.25,0.2,0.573,0.6428571428571429,0.5707197958861149,0.25,0.4963498802431404,0.9953051643192489,0.991578947368421,2.1059504166684127,instance,all
0,0.5714285714285714,0.6,0.573,0.5714285714285714,0.5707199625203396,0.0,0.4972181226964695,0.9953051643192489,0.9936842105263158,1.2606664057557977,instance,all
0,0.19999999999999996,0.4,0.573,0.7142857142857143,0.5707200178084875,1.0,0.5011616401209897,1.0,0.9926315789473684,1.5797888179073514,instance,all
0,0.1578947368421053,0.2,0.573,0.5714285714285714,0.5707198239759954,0.0,0.4963447579995576,0.9929577464788732,0.988421052631579,1.2504712477518136,instance,all
0,0.44067796610169496,0.2,0.573,0.9285714285714286,0.5707200176129742,0.0,0.4957612392867693,0.9929577464788732,0.9957894736842106,0.4066476770821307,instance,all
0,0.33333333333333337,0.2,0.573,0.7857142857142857,0.5707200161144281,0.0,0.4869726345994623,0.9929577464788732,0.9947368421052631,1.5484955675414975,instance,all
0,0.25,0.2,0.573,0.5714285714285714,0.5707200176640062,0.0,0.4966912575538137,0.9953051643192489,0.9947368421052631,0.25303949933741987,instance,all
0,0.5238095238095238,0.8,0.573,0.35714285714285715,0.5707200176652577,0.4,0.5017073981377129,1.0,0.9905263157894737,0.05952895635464555,instance,all
0,0.0,0.6,0.573,0.42857142857142855,0.5707200177517436,1.0,0.5043176169505625,1.0,0.9894736842105263,1.6346990654696294,instance,all
0,0.125,0.2,0.573,0.5714285714285714,0.5707200174722986,0.0,0.4924535651571804,0.9953051643192489,0.9936842105263158,0.6900652534417383,instance,all
0,0.25,0.6,0.573,0.5,0.5707187184401235,1.0,0.5021323395420414,1.0,0.991578947368421,1.8003285576411456,instance,all
1,0.5593220338983051,0.8,0.42700000000000005,0.6428571428571429,0.42927998233456155,0.0,0.4996194933485024,0.9982517482517482,0.9936842105263158,0.7653093651826072,instance,all
0,0.5238095238095238,0.6,0.573,0.7142857142857143,0.5707200176646334,0.0,0.49910116510092806,0.9976525821596244,0.9873684210526316,0.519542359168942,instance,all
0,0.0,0.4,0.573,0.6428571428571429,0.5707203132201383,0.0,0.4995860500597732,0.9976525821596244,0.9936842105263158,2.41919351567803,instance,all
0,0.44067796610169496,0.0,0.573,0.6428571428571429,0.5707200171441337,0.0,0.49399095291317274,0.9812206572769953,0.988421052631579,0.6528212317326754,instance,all
0,0.1428571428571429,0.4,0.573,0.6428571428571429,0.561387340438184,0.2,0.4962138539903266,0.9953051643192489,0.9926315789473684,0.643571698307824,instance,all
0,0.2857142857142857,0.4,0.573,0.5714285714285714,0.601483449732753,1.0,0.5010796828629758,1.0,0.9936842105263158,1.3612673347162356,instance,all
0,0.0,0.4,0.573,0.5714285714285714,0.5707200173728143,0.0,0.4969088563647005,0.9976525821596244,0.991578947368421,0.4219028742121047,instance,all
1,0.19999999999999996,0.6,0.42700000000000005,0.7142857142857143,0.4292799823343578,1.0,0.5018218377491614,1.0,0.9947368421052631,0.30171333148501045,instance,all
0,0.5,0.2,0.573,0.7857142857142857,0.5544458385036459,0.0,0.4975526033007158,0.9976525821596244,0.9905263157894737,0.5138973983594456,instance,all
0,0.44067796610169496,0.2,0.573,0.6428571428571429,0.5707191434327817,0.0,0.49178945413939346,0.9953051643192489,0.9905263157894737,2.8571475577877954,instance,all
0,0.7083333333333333,0.2,0.573,0.7857142857142857,0.5707200177012987,0.0,0.4977355957635201,0.9976525821596244,0.991578947368421,0.6512608277372488,instance,all
0,0.0,0.0,0.573,0.9285714285714286,0.570720017936913,0.0,0.49413125160112836,0.9859154929577465,0.9873684210526316,1.7215685315064952,instance,all
0,0.0,0.2,0.573,0.7857142857142857,0.5707200178774688,0.0,0.4941323143747117,0.9906103286384976,0.9968421052631579,0.346724742381918,instance,all
0,0.8,0.6,0.573,0.9285714285714286,0.5707200072116247,1.0,0.5000181863513766,1.0,0.988421052631579,1.92930151170492,instance,all
1,0.0,0.4,0.42700000000000005,0.7142857142857143,0.4292799823345317,0.0,0.4982969859408398,0.9965034965034965,0.988421052631579,1.464575806538845,instance,all
0,0.0,0.2,0.573,0.5714285714285714,0.5707199819084285,0.3333333333333333,0.4998523340986022,0.9953051643192489,0.9936842105263158,1.5713274122599132,instance,all
0,0.0,0.6,0.573,0.6428571428571429,0.5648673133843632,0.0,0.49851183964232937,0.9976525821596244,0.9894736842105263,1.5885357458667064,instance,all
0,0.5714285714285714,0.6,0.573,0.5714285714285714,0.5707200172572866,1.0,0.5020602430388936,1.0,0.991578947368421,1.088159107689397,instance,all
1,0.4285714285714286,0.8,0.42700000000000005,0.5,0.42927998231367737,1.0,0.5064221642578365,1.0,0.9873684210526316,0.5471322119799226,instance,all
0,0.1428571428571429,0.0,0.573,0.5714285714285714,0.5664098429595482,0.0,0.49305565498720927,0.9812206572769953,0.9873684210526316,2.3337731041298637,instance,all
0,0.5238095238095238,0.6,0.573,0.5714285714285714,0.5707146710032412,0.0,0.4950488761675431,0.9953051643192489,0.9852631578947368,1.343184649253247,instance,all
1,0.3055555555555556,0.8,0.42700000000000005,1.0,0.4386126595168578,1.0,0.5003109071701819,1.0,0.9894736842105263,0.010611536706981011,instance,all
0,0.25,0.4,0.573,0.5,0.5707200173957175,0.0,0.49708447829641655,0.9929577464788732,0.9926315789473684,0.7116951087857819,instance,all
0,0.8,0.6,0.573,0.5714285714285714,0.5707199502975054,1.0,0.503287777039654,1.0,0.9926315789473684,1.1075458139693184,instance,all
0,0.0,0.0,0.573,0.5714285714285714,0.5707245418654153,0.0,0.4916213064838659,0.9859154929577465,0.9894736842105263,1.0995189103501293,instance,all
0,0.19999999999999996,0.4,0.573,0.6428571428571429,0.5707200176596953,0.0,0.4888146713222966,0.9976525821596244,0.9905263157894737,0.9789994303719604,instance,all
1,0.6666666666666667,0.6,0.42700000000000005,1.0,0.4292799823338289,0.0,0.4981352188006001,0.9982517482517482,0.988421052631579,0.3264810224023669,instance,all
0,0.09999999999999998,0.6,0.573,0.5714285714285714,0.5707199874883504,0.0,0.49774389775944194,0.9953051643192489,0.9894736842105263,1.4874080961564762,instance,all
0,0.0,0.2,0.573,0.7857142857142857,0.5707200179598079,0.0,0.499622017935041,0.9976525821596244,0.988421052631579,0.5827680602022357,instance,all
0,0.6666666666666667,0.8,0.573,0.5714285714285714,0.5707199896594659,1.0,0.5026317753991671,1.0,0.9926315789473684,1.2437858535459099,instance,all
0,0.0,0.6,0.573,0.7857142857142857,0.5707200139646427,1.0,0.5047002398847094,1.0,0.9873684210526316,0.5629156435932349,instance,all
0,0.25,0.2,0.573,0.42857142857142855,0.5707200176117702,0.0,0.4950447790627236,0.9929577464788732,0.9936842105263158,0.2572689077545067,instance,all
1,0.5593220338983051,0.6,0.42700000000000005,0.7142857142857143,0.43854087673758535,1.0,0.5017060883541755,1.0,0.988421052631579,-0.5454553357389407,instance,all
0,0.7,0.6,0.573,0.9285714285714286,0.5707200176533868,1.0,0.5023674254024927,1.0,0.991578947368421,1.2504773361340256,instance,all
0,0.1578947368421053,0.4,0.573,0.9285714285714286,0.5707200149336668,1.0,0.5006236286130816,1.0,0.988421052631579,-0.07664058114909383,instance,all
0,0.16666666666666663,0.0,0.573,0.5,0.5707198436132913,0.0,0.4937781709924396,0.9765258215962441,0.991578947368421,1.3035915914818117,instance,all
0,0.1578947368421053,0.4,0.573,0.5714285714285714,0.570720017492748,1.0,0.5013420148752715,1.0,0.9863157894736843,1.3239760835786798,instance,all
0,0.19999999999999996,0.8,0.573,0.5714285714285714,0.5707199442898672,0.0,0.49937531922974954,0.9976525821596244,0.9957894736842106,1.0048358663415327,instance,all
0,0.125,0.2,0.573,0.5714285714285714,0.5707200044365196,0.0,0.48883542773466204,0.9929577464788732,0.9936842105263158,0.6577967898891112,instance,all
1,0.19999999999999996,0.4,0.42700000000000005,1.0,0.42927998232893,1.0,0.5018033431983344,1.0,0.9936842105263158,1.235928288638139,instance,all
0,0.44067796610169496,0.0,0.573,0.5714285714285714,0.5706918049888863,0.0,0.49006212781732983,0.9812206572769953,0.991578947368421,3.9159293386872016,instance,all
1,0.3076923076923077,0.6,0.42700000000000005,0.5714285714285714,0.429279982334998,0.0,0.4934328954669146,0.9965034965034965,0.9894736842105263,1.6643170215650365,instance,all
1,0.75,0.6,0.42700000000000005,0.6428571428571429,0.4292799802692616,1.0,0.5065502344579265,1.0,0.9905263157894737,-0.046271697805988665,instance,all
0,0.5454545454545454,0.2,0.573,0.42857142857142855,0.5707200176492966,0.0,0.4982080524799859,0.9953051643192489,0.9894736842105263,1.3375399624283635,instance,all
0,0.125,0.6,0.573,1.0,0.5707486449903362,0.0,0.49343799120635434,0.9976525821596244,0.9957894736842106,1.2612056270275567,instance,all
0,0.40909090909090906,0.2,0.573,0.5714285714285714,0.5707180461678267,0.0,0.4939224056778442,0.9929577464788732,0.9894736842105263,1.1580422863347082,instance,all
0,0.19999999999999996,0.4,0.573,0.5714285714285714,0.5707200169339437,0.0,0.491738482304933,0.9976525821596244,0.9926315789473684,0.2959879897083261,instance,all
0,0.6428571428571428,0.4,0.573,0.35714285714285715,0.5707200203284688,1.0,0.5006151634698169,1.0,0.9926315789473684,1.873191593319438,instance,all
0,0.7142857142857143,0.6,0.573,0.42857142857142855,0.5707200162158126,1.0,0.5082094489200752,1.0,0.9947368421052631,1.0448050229780936,instance,all
0,0.6875,0.4,0.573,0.9285714285714286,0.6084246539302016,0.0,0.4959064339198813,0.9953051643192489,0.9936842105263158,0.13041917472508702,instance,all
0,0.19999999999999996,0.4,0.573,0.42857142857142855,0.5707200106027415,0.25,0.5052001320323745,1.0,0.9947368421052631,1.365344738762618,instance,all
0,0.44067796610169496,0.6,0.573,0.7857142857142857,0.5707171547200579,1.0,0.5008756143734373,1.0,0.9852631578947368,0.7336105286023666,instance,all
0,0.7692307692307692,0.6,0.573,0.8571428571428571,0.5707200217309973,0.3333333333333333,0.4989211970796589,0.9976525821596244,0.991578947368421,0.7444294154137907,instance,all
0,0.44067796610169496,0.2,0.573,0.7142857142857143,0.570720008524143,0.2857142857142857,0.4985642355561044,0.9953051643192489,0.9936842105263158,0.8454452017880719,instance,all
0,0.0,0.8,0.573,0.5714285714285714,0.570720016446714,0.0,0.48843978896062634,0.9976525821596244,0.988421052631579,1.2408455117337922,instance,all
0,0.0,0.8,0.573,0.5714285714285714,0.5707200176490385,1.0,0.5017943556609898,1.0,0.9926315789473684,1.0559125337524466,instance,all
0,0.16666666666666663,0.2,0.573,0.6428571428571429,0.5707200176483538,0.0,0.49984990457692413,0.9976525821596244,0.9873684210526316,0.6322382987914404,instance,all
0,0.7,0.2,0.573,0.9285714285714286,0.5707200070511325,0.0,0.4989524234572914,0.9976525821596244,0.9926315789473684,2.548583729918586,instance,all
0,0.0,0.2,0.573,0.5714285714285714,0.5707200135976996,0.0,0.49886220050062013,0.9906103286384976,0.988421052631579,0.8954556293423213,instance,all
0,0.33333333333333337,0.2,0.573,0.6428571428571429,0.563778515728475,0.0,0.49387962628659665,0.9929577464788732,0.9926315789473684,0.6825266181811647,instance,all
1,0.0,0.4,0.42700000000000005,0.42857142857142855,0.4292799822873525,0.5,0.5154042663330802,1.0,0.9926315789473684,-0.07446342687203172,instance,all
0,0.0,0.2,0.573,0.5714285714285714,0.5703638398189744,0.0,0.49885056038290654,0.9976525821596244,0.988421052631579,1.1612517129751534,instance,all
0,0.8,0.6,0.573,0.5714285714285714,0.5694805935372427,1.0,0.5015646572448873,1.0,0.9905263157894737,1.1760879295352913,instance,all
1,0.30000000000000004,0.4,0.42700000000000005,1.0,0.42927998233426057,0.0,0.4996431038833976,0.9982517482517482,0.9926315789473684,1.9120397127256916,instance,all
0,0.0,0.4,0.573,0.9285714285714286,0.6014831520298163,0.0,0.49869667043878774,0.9976525821596244,0.9926315789473684,1.769437068847669,instance,all
1,0.3055555555555556,0.8,0.42700000000000005,0.7142857142857143,0.4386126503636786,0.0,0.499808240008222,0.9982517482517482,0.988421052631579,0.8735596267945102,instance,all
0,0.0,0.2,0.573,0.5,0.5707200176427356,0.0,0.4964797545506735,0.9906103286384976,0.9905263157894737,0.4868004747153035,instance,all
0,0.64,0.2,0.573,0.9285714285714286,0.5707200176654044,0.0,0.4951302712008485,0.9953051643192489,0.9863157894736843,0.49157369196422335,instance,all
0,0.0,0.4,0.573,0.5714285714285714,0.5707200175664614,0.0,0.4942996527230207,0.9953051643192489,0.9957894736842106,0.4232073842905292,instance,all
0,0.44067796610169496,0.2,0.573,0.9285714285714286,0.5707200173990971,0.0,0.48350554068050056,0.9906103286384976,0.9936842105263158,2.3150252734445265,instance,all
1,0.8421052631578947,0.8,0.42700000000000005,0.5,0.42927992441267737,0.0,0.497069575007429,0.9982517482517482,0.991578947368421,0.18868386598813972,instance,all
0,0.0,0.4,0.573,0.5714285714285714,0.5707189273394755,0.0,0.49339184219159726,0.9953051643192489,0.9894736842105263,0.9453645253040979,instance,all
0,0.16666666666666663,0.4,0.573,0.8571428571428571,0.570720016740653,0.0,0.49807098544328154,0.9929577464788732,0.9957894736842106,0.934987424207894,instance,all
0,0.0,0.2,0.573,0.5714285714285714,0.5932413789565003,0.0,0.49652661043947355,0.9953051643192489,0.9894736842105263,1.5242589192073586,instance,all
0,0.19999999999999996,0.6,0.573,0.5714285714285714,0.5707196771247376,0.0,0.4977425314760008,0.9953051643192489,0.9905263157894737,0.7754070829098297,instance,all
1,0.0,0.8,0.42700000000000005,0.35714285714285715,0.4009080232604748,1.0,0.5015979246759308,1.0,0.9905263157894737,0.9726197390642336,instance,all
0,0.0,0.2,0.573,0.7142857142857143,0.563778515728475,0.0,0.4930218418521567,0.9929577464788732,0.9789473684210527,1.6716228838075897,instance,all
0,0.4285714285714286,0.6,0.573,0.5714285714285714,0.5707200178033784,0.5,0.49329060919931456,0.9976525821596244,0.988421052631579,1.134429320366568,instance,all
0,0.5714285714285714,0.4,0.573,0.9285714285714286,0.5707200172440845,0.0,0.49447157575586653,0.9929577464788732,0.9894736842105263,1.0789686376213097,instance,all
0,0.2857142857142857,0.4,0.573,0.5714285714285714,0.5707200171392547,0.0,0.4985291351616634,0.9953051643192489,0.9926315789473684,1.464920088264167,instance,all
0,0.09999999999999998,0.4,0.573,0.7857142857142857,0.5707200178361437,0.0,0.4951456205901288,0.9929577464788732,0.991578947368421,1.1220501059855512,instance,all
0,0.0,0.4,0.573,0.6428571428571429,0.6014831520298163,0.0,0.49931413860542173,0.9953051643192489,0.991578947368421,0.6059379097979102,instance,all
0,0.0,0.0,0.573,0.5714285714285714,0.563778515728475,0.0,0.49206964177370704,0.9859154929577465,0.9831578947368421,0.5177656498546133,instance,all
0,0.33333333333333337,0.4,0.573,0.6428571428571429,0.5707200176618973,1.0,0.5056194459649731,1.0,0.988421052631579,0.9197396307737011,instance,all
0,0.2857142857142857,0.6,0.573,0.9285714285714286,0.5707199921987391,1.0,0.5057332063931366,1.0,0.9957894736842106,1.761956864000521,instance,all
0,0.8260869565217391,0.6,0.573,0.7857142857142857,0.5707200181146929,1.0,0.5032654904031366,1.0,0.9936842105263158,1.3620313698032491,instance,all
0,0.125,0.4,0.573,0.21428571428571427,0.564488397296191,0.0,0.4996561882829813,0.9953051643192489,0.9968421052631579,0.6623985020838746,instance,all
0,0.0,0.4,0.573,0.5714285714285714,0.5707191190032715,1.0,0.50278602971642,1.0,0.9894736842105263,1.208564252676373,instance,all
0,0.40909090909090906,0.2,0.573,0.42857142857142855,0.570720017664905,0.0,0.4901049728686939,0.9906103286384976,0.9957894736842106,0.5342008324796015,instance,all
0,0.30000000000000004,0.2,0.573,0.42857142857142855,0.5707200176645594,0.0,0.49491085151121306,0.9906103286384976,0.9926315789473684,0.15410086257531555,instance,all
0,0.0,0.0,0.573,0.5714285714285714,0.599091875772928,0.0,0.49679557860489876,0.9859154929577465,0.9926315789473684,0.8652360756320397,instance,all
0,0.6363636363636364,0.2,0.573,0.5,0.5707200170183621,0.0,0.49732890272650077,0.9953051643192489,0.9936842105263158,1.8179491144758646,instance,all
0,0.0,0.6,0.573,0.42857142857142855,0.563778515728475,0.0,0.49695134456646395,0.9953051643192489,0.991578947368421,0.5642242048996295,instance,all
1,0.29166666666666663,0.4,0.42700000000000005,1.0,0.42927998161459036,1.0,0.5009790761734858,1.0,0.991578947368421,0.5254733025357615,instance,all
0,0.09999999999999998,0.2,0.573,0.6428571428571429,0.5707200007905195,0.0,0.4989316865372093,0.9976525821596244,0.9926315789473684,1.2640819852202496,instance,all
0,0.40909090909090906,0.6,0.573,0.21428571428571427,0.5707200175517758,1.0,0.5008875886169415,1.0,0.9936842105263158,1.1806339931902172,instance,all
0,0.0,0.4,0.573,0.21428571428571427,0.563778515728475,1.0,0.505178154092365,1.0,0.9842105263157894,1.5786108556481204,instance,all
0,0.7083333333333333,0.6,0.573,0.9285714285714286,0.57019066667488,1.0,0.5031690824418856,1.0,0.991578947368421,1.207576395195751,instance,all
0,0.44067796610169496,0.4,0.573,0.7142857142857143,0.5707200177143759,0.0,0.4917894303384519,0.9929577464788732,0.9957894736842106,0.9894913969750686,instance,all
1,0.6666666666666667,0.6,0.42700000000000005,0.7142857142857143,0.44555416143737414,1.0,0.5110040254768058,1.0,0.9926315789473684,0.8440936391804977,instance,all
0,0.125,0.4,0.573,0.6428571428571429,0.5707200159325354,0.0,0.4974483608489475,0.9976525821596244,0.9947368421052631,1.408210538467559,instance,all
0,0.125,0.2,0.573,0.7857142857142857,0.5707199857768223,1.0,0.5003030695873301,1.0,0.9926315789473684,1.3373817951751337,instance,all
0,0.5555555555555556,0.8,0.573,0.6428571428571429,0.5707200176589134,1.0,0.5005521982042904,1.0,0.9873684210526316,0.49861470826960663,instance,all
1,0.11111111111111116,0.4,0.42700000000000005,0.7142857142857143,0.4292799686586709,0.0,0.4998834149497795,0.9982517482517482,0.9947368421052631,0.39694209775717415,instance,all
0,0.33333333333333337,0.4,0.573,0.21428571428571427,0.5707200177039907,0.5,0.5003107095433066,1.0,0.9957894736842106,1.5087228819565588,instance,all
0,0.6875,0.6,0.573,0.5,0.5707200175514778,1.0,0.5023988294371463,1.0,0.991578947368421,0.15929973929324734,instance,all
1,0.875,0.6,0.42700000000000005,1.0,0.42927998233427744,1.0,0.5048768084895667,1.0,0.9957894736842106,0.318744862283603,instance,all
0,0.1428571428571429,0.8,0.573,0.5714285714285714,0.570720002424422,0.4,0.4963252017750176,0.9976525821596244,0.9936842105263158,1.0148193313921383,instance,all
0,0.375,0.4,0.573,0.7857142857142857,0.5707199387239529,0.375,0.49777388049514015,0.9953051643192489,0.9968421052631579,1.5246833800128174,instance,all
0,0.1428571428571429,0.4,0.573,0.6428571428571429,0.5605751310085695,0.0,0.49674379038367134,0.9953051643192489,0.9905263157894737,2.3449727898176436,instance,all
0,0.09999999999999998,0.4,0.573,0.7857142857142857,0.5707200181904157,0.0,0.49326158559337674,0.9929577464788732,0.9947368421052631,1.7154690072375849,instance,all
0,0.125,0.2,0.573,0.5714285714285714,0.57072001762689,0.0,0.4907267521007428,0.9906103286384976,0.9926315789473684,0.5916858381864866,instance,all
0,0.0,0.8,0.573,0.6428571428571429,0.5637786338612126,0.0,0.4970540475531626,0.9976525821596244,0.991578947368421,0.6112823703160053,instance,all
0,0.44067796610169496,0.4,0.573,0.9285714285714286,0.5707200175660035,1.0,0.5008319409910126,1.0,0.9968421052631579,0.39461355241572765,instance,all
0,0.64,0.6,0.573,0.42857142857142855,0.570720003381205,1.0,0.5013754591781563,1.0,0.9905263157894737,1.3167402157010153,instance,all
0,0.5714285714285714,0.2,0.573,0.5714285714285714,0.5707150786301761,0.0,0.49794144502454285,0.9976525821596244,0.9873684210526316,0.6542983872893957,instance,all
0,0.19999999999999996,0.6,0.573,0.42857142857142855,0.5707200176654801,0.0,0.49630544504706775,0.9976525821596244,0.9905263157894737,-0.01606183893454866,instance,all
0,0.25,0.4,0.573,0.42857142857142855,0.5707199688856889,0.16666666666666666,0.49769358823080323,0.9976525821596244,0.9936842105263158,0.6901982614285358,instance,all
0,0.125,0.2,0.573,0.7857142857142857,0.570720016540389,0.0,0.49351709307508607,0.9929577464788732,0.9936842105263158,1.643351132634382,instance,all
0,0.09999999999999998,0.2,0.573,0.5714285714285714,0.5707207217295593,0.1111111111111111,0.4972609040419368,0.9953051643192489,0.9905263157894737,2.296005141192536,instance,all
0,0.64,0.4,0.573,0.42857142857142855,0.5707199368374398,1.0,0.5032801421863864,1.0,0.9968421052631579,1.02185962949959,instance,all
0,0.25,1.0,0.573,0.5714285714285714,0.570720018381933,1.0,0.5063493156647176,1.0,0.9968421052631579,0.6198377586062432,instance,all
0,0.0,0.6,0.573,0.5714285714285714,0.6014831520298163,1.0,0.5020583877376867,1.0,0.9873684210526316,1.6344072751149648,instance,all
0,0.0,0.4,0.573,0.7857142857142857,0.5707200176625573,1.0,0.5010880226673181,1.0,0.9957894736842106,1.4464963872911423,instance,all
0,0.125,0.4,0.573,0.9285714285714286,0.563778515728475,1.0,0.5049070514155232,1.0,0.9905263157894737,0.14955307809760784,instance,all
0,0.6875,0.6,0.573,0.5714285714285714,0.5707200176654715,0.5,0.5002038110279212,1.0,0.9894736842105263,-0.18996345934587988,instance,all
0,0.0,0.2,0.573,0.7857142857142857,0.6014831520298163,0.0,0.49742649030850483,0.9976525821596244,0.9821052631578947,1.1557272353553878,instance,all
0,0.6944444444444444,0.2,0.573,0.21428571428571427,0.5707198039871817,0.0,0.49578204584160956,0.9976525821596244,0.991578947368421,1.1768281249093533,instance,all
0,0.125,0.6,0.573,0.7857142857142857,0.5707199868802298,0.0,0.4958176801149331,0.9953051643192489,0.988421052631579,2.544419287440098,instance,all
0,0.0,0.6,0.573,0.7142857142857143,0.561387340438184,0.0,0.4864018948096277,0.9953051643192489,0.9810526315789474,2.403742549792342,instance,all
0,0.44067796610169496,0.2,0.573,0.5714285714285714,0.5707200176736626,0.5,0.4966830031909667,0.9976525821596244,0.9894736842105263,0.3303073361492333,instance,all
0,0.64,0.4,0.573,0.7857142857142857,0.5707200255994512,0.0,0.49973692005444903,0.9976525821596244,0.9873684210526316,2.0949711187969906,instance,all
0,0.44067796610169496,0.0,0.573,0.7857142857142857,0.570720020081557,0.0,0.4929123398963744,0.9788732394366197,0.9926315789473684,1.4675837852605962,instance,all
1,0.8333333333333334,0.6,0.42700000000000005,0.8571428571428571,0.42927998233436127,0.5,0.5011202454332933,1.0,0.9957894736842106,1.8768456918588226,instance,all
0,0.6923076923076923,0.2,0.573,0.5,0.6084246539664266,0.0,0.49610876890442135,0.9953051643192489,0.9842105263157894,0.2124268683781577,instance,all
0,0.5714285714285714,0.2,0.573,0.7857142857142857,0.5707200178624979,0.0,0.4987940648900613,0.9929577464788732,0.9957894736842106,0.7259259568092205,instance,all
0,0.5555555555555556,0.8,0.573,0.7857142857142857,0.5707200176656133,1.0,0.5072943038180411,1.0,0.991578947368421,0.0969693186084803,instance,all
1,0.3055555555555556,0.2,0.42700000000000005,0.7142857142857143,0.3915753460331872,0.2,0.49637033571083944,0.9947552447552448,0.9978947368421053,0.4458587679689526,instance,all
1,0.23529411764705888,0.2,0.42700000000000005,0.5714285714285714,0.4292799822905472,0.6,0.495775292027798,0.9947552447552448,0.9936842105263158,0.13477945419702156,instance,all
0,0.1578947368421053,0.2,0.573,0.9285714285714286,0.5707200176655435,0.0,0.48089239396309136,0.9953051643192489,0.9926315789473684,0.22602415627240305,instance,all
0,0.782608695652174,0.4,0.573,0.9285714285714286,0.5707200178697387,0.0,0.4977376537019236,0.9953051643192489,0.988421052631579,0.4420258646601971,instance,all
0,0.0,0.4,0.573,0.5714285714285714,0.5707200176889371,0.0,0.49372988555903474,0.9953051643192489,0.9926315789473684,0.4382534547806877,instance,all
0,0.30000000000000004,0.6,0.573,0.7857142857142857,0.5707226077414337,0.2727272727272727,0.5122098763982046,1.0,0.9936842105263158,0.26025061564594626,instance,all
0,0.5238095238095238,0.4,0.573,0.21428571428571427,0.5707200194866752,0.0,0.4980360174118357,0.9976525821596244,0.9905263157894737,0.9892175560724186,instance,all
1,0.5593220338983051,0.8,0.42700000000000005,0.42857142857142855,0.42927998883500185,1.0,0.5039830876429547,1.0,0.9926315789473684,0.3943195645410968,instance,all
0,0.7692307692307692,0.8,0.573,0.7857142857142857,0.5707200441737238,1.0,0.5025884144509472,1.0,0.988421052631579,0.5140472751625088,instance,all
0,0.6944444444444444,0.6,0.573,0.6428571428571429,0.5707200180756206,0.6666666666666666,0.5074003832917932,1.0,0.991578947368421,1.7120882663766737,instance,all
0,0.0,0.4,0.573,0.5714285714285714,0.5707200177514258,0.0,0.49398222311793916,0.9929577464788732,0.9842105263157894,0.42095247080602655,instance,all
1,0.75,0.6,0.42700000000000005,0.5714285714285714,0.4386126445739841,0.6666666666666666,0.4992284962450717,0.9982517482517482,0.9905263157894737,1.2803985643108555,instance,all
0,0.30000000000000004,0.2,0.573,0.6428571428571429,0.5707201046548287,0.0,0.4984219469677471,0.9929577464788732,0.9863157894736843,1.0443111180776707,instance,all
0,0.0,0.6,0.573,0.21428571428571427,0.6014831520298163,0.0,0.4969270666744935,0.9953051643192489,0.9936842105263158,0.2937486186367073,instance,all
0,0.19999999999999996,0.4,0.573,0.7857142857142857,0.6084244292476847,0.0,0.4910168551948887,0.9953051643192489,0.9894736842105263,2.844023874523351,instance,all
0,0.8888888888888888,0.4,0.573,0.5714285714285714,0.5707201957404572,0.0,0.4999965783040734,0.9976525821596244,0.9936842105263158,1.3803710256787074,instance,all
1,0.75,0.4,0.42700000000000005,0.7857142857142857,0.42927998232583453,0.0,0.49401306380749077,0.9965034965034965,0.9947368421052631,0.6728259981094534,instance,all
0,0.16666666666666663,0.4,0.573,0.9285714285714286,0.5709016109061578,0.0,0.495264676379504,0.9953051643192489,0.9894736842105263,0.5878613440072259,instance,all
0,0.5238095238095238,0.4,0.573,0.6428571428571429,0.6014831520298163,0.0,0.4965161294592194,0.9953051643192489,0.9873684210526316,1.4198999534025365,instance,all
1,0.23076923076923073,0.6,0.42700000000000005,0.7142857142857143,0.42927998233448367,1.0,0.5017389840517142,1.0,0.9947368421052631,1.1440170144424457,instance,all
1,0.36363636363636365,0.6,0.42700000000000005,0.5,0.42927118887280524,1.0,0.5066613081228064,1.0,0.9926315789473684,0.5115981833171646,instance,all
0,0.40909090909090906,0.2,0.573,0.5714285714285714,0.570720017792449,0.4,0.495605998155323,0.9953051643192489,0.9968421052631579,1.4557771126516843,instance,all
1,0.36363636363636365,0.4,0.42700000000000005,0.42857142857142855,0.42927998230519704,0.5714285714285714,0.4976184138066687,0.9982517482517482,0.9968421052631579,0.6560797117842556,instance,all
0,0.0,0.0,0.573,0.9285714285714286,0.5707228727475796,0.0,0.4942413221078916,0.9788732394366197,0.988421052631579,0.27517783259925943,instance,all
1,0.625,0.8,0.42700000000000005,0.5,0.4292799823343765,1.0,0.5015933341375384,1.0,0.9926315789473684,1.154126432003274,instance,all
0,0.0,0.4,0.573,0.5714285714285714,0.5707200176654715,0.0,0.49169016471422333,0.9953051643192489,0.9852631578947368,0.7608104177767403,instance,all
0,0.0,0.0,0.573,0.7857142857142857,0.5707200178133879,0.0,0.49194341835441413,0.9859154929577465,0.9936842105263158,1.254193193921966,instance,all
0,0.7,0.4,0.573,0.5714285714285714,0.5707200176654715,0.0,0.49911376957680553,0.9976525821596244,0.9852631578947368,1.050977568382237,instance,all
0,0.5454545454545454,0.2,0.573,0.5714285714285714,0.5707200502930013,0.3333333333333333,0.501935156196786,1.0,0.9926315789473684,0.43121356525708254,instance,all
0,0.44067796610169496,0.4,0.573,0.5714285714285714,0.570720020206025,0.0,0.4999126251853454,0.9976525821596244,0.9863157894736843,0.4877001678623033,instance,all
0,0.0,0.2,0.573,0.6428571428571429,0.5707207355395683,1.0,0.5003355396643774,1.0,0.9936842105263158,2.183192953892337,instance,all
0,0.44067796610169496,0.2,0.573,0.5714285714285714,0.6014831520298163,1.0,0.50506563548062,1.0,0.9894736842105263,2.3402740601425482,instance,all
0,0.0,0.6,0.573,0.6428571428571429,0.6014831520298163,1.0,0.502072740017,1.0,0.9894736842105263,2.7808204704402995,instance,all
0,0.64,0.4,0.573,0.7857142857142857,0.5707193936934751,0.0,0.4969547476719879,0.9929577464788732,0.9926315789473684,1.4140810519470377,instance,all
0,0.4285714285714286,0.2,0.573,0.7142857142857143,0.5707200179713238,0.0,0.49732987072296064,0.9976525821596244,0.9926315789473684,0.07608934293124098,instance,all
0,0.5714285714285714,0.6,0.573,0.6428571428571429,0.6014831520298163,0.0,0.4990538785323735,0.9953051643192489,0.988421052631579,0.7298876264325463,instance,all
0,0.6363636363636364,0.4,0.573,0.42857142857142855,0.5707224768461924,0.0,0.49514114196166237,0.9953051643192489,0.9894736842105263,0.6922844634902378,instance,all
1,0.6666666666666667,0.6,0.42700000000000005,0.6428571428571429,0.43622148427152496,1.0,0.5000186354423817,1.0,0.988421052631579,0.38149225653022284,instance,all
0,0.0,0.4,0.573,0.5,0.5707200176655075,0.0,0.4982451832070741,0.9976525821596244,0.9905263157894737,-1.0931242030467936,instance,all
0,0.25,0.6,0.573,0.42857142857142855,0.5707391340172765,1.0,0.5005642811726287,1.0,0.9957894736842106,1.3459840617991803,instance,all
0,0.7647058823529411,0.4,0.573,0.5,0.5707202345349192,0.0,0.4927214942753805,0.9976525821596244,0.988421052631579,0.5720635075546173,instance,all
1,0.75,0.4,0.42700000000000005,0.7142857142857143,0.42927998233228015,1.0,0.5083749690265166,1.0,0.9905263157894737,0.3724532441870046,instance,all
0,0.44067796610169496,0.2,0.573,0.9285714285714286,0.5707200176924273,0.0,0.4965374945394556,0.9953051643192489,0.991578947368421,0.00718313074938561,instance,all
0,0.44067796610169496,0.4,0.573,0.9285714285714286,0.5707250952404219,0.0,0.49206320338738796,0.9976525821596244,0.9936842105263158,1.1145360855774522,instance,all
0,0.8,0.4,0.573,0.9285714285714286,0.5707205029527488,1.0,0.5001449566174889,1.0,0.991578947368421,1.308693319288279,instance,all
0,0.44067796610169496,0.4,0.573,0.5714285714285714,0.5707200247221667,0.0,0.4997292001246013,0.9976525821596244,0.9957894736842106,0.8468262453055073,instance,all
0,0.09999999999999998,0.2,0.573,0.9285714285714286,0.6002846842904539,0.0,0.49755881832513316,0.9976525821596244,0.988421052631579,3.3152252122429804,instance,all
0,0.0,0.2,0.573,0.6428571428571429,0.5707200764137319,0.0,0.49074466828460905,0.9906103286384976,0.9936842105263158,1.6578321891803702,instance,all
0,0.6363636363636364,0.0,0.573,1.0,0.5707200179422965,0.0,0.4923086696554997,0.9859154929577465,0.9978947368421053,1.740146102536531,instance,all
0,0.44067796610169496,0.6,0.573,0.6428571428571429,0.5707200483499253,0.0,0.49207987839361556,0.9953051643192489,0.9957894736842106,1.4680116171953668,instance,all
0,0.44067796610169496,0.0,0.573,0.5714285714285714,0.5707200344883087,0.0,0.4933517198742756,0.9859154929577465,0.9894736842105263,1.1328774286978371,instance,all
1,0.5714285714285714,0.8,0.42700000000000005,0.7142857142857143,0.4078495251974713,1.0,0.5039997016471651,1.0,0.9894736842105263,0.12837384539606803,instance,all
0,0.0,0.4,0.573,0.21428571428571427,0.5707200371365819,0.0,0.49471134749673573,0.9976525821596244,0.988421052631579,2.280021192602113,instance,all
0,0.44067796610169496,0.0,0.573,0.6428571428571429,0.5707200172548186,0.0,0.4918513030788707,0.9835680751173709,0.9936842105263158,0.6527349400837654,instance,all
0,0.1428571428571429,0.2,0.573,0.9285714285714286,0.5800102819379069,0.0,0.4933174193704386,0.9929577464788732,0.9863157894736843,3.9621309466531844,instance,all
0,0.40909090909090906,0.6,0.573,0.5714285714285714,0.5613873478672705,0.0,0.4952118680905685,0.9953051643192489,0.9894736842105263,0.7311504514451291,instance,all
0,0.2857142857142857,0.4,0.573,0.5714285714285714,0.5707201842638843,1.0,0.5111146002217797,1.0,0.9947368421052631,0.5999016673514063,instance,all
0,0.7692307692307692,0.6,0.573,0.5714285714285714,0.561387340438184,1.0,0.5034916820622328,1.0,0.988421052631579,0.9705002166300363,instance,all
0,0.6363636363636364,0.2,0.573,0.21428571428571427,0.5768950836342815,0.0,0.4927893838049807,0.9953051643192489,0.991578947368421,1.7557511753143509,instance,all
0,0.0,0.8,0.573,0.7857142857142857,0.604493628978076,1.0,0.5014419594028988,1.0,0.9852631578947368,0.21808053923499138,instance,all
0,0.7,0.6,0.573,0.21428571428571427,0.5707200170179588,0.0,0.49988049129080403,0.9976525821596244,0.9947368421052631,1.4039642627419147,instance,all
0,0.7692307692307692,0.8,0.573,0.5714285714285714,0.5707200584609993,1.0,0.5011777126640964,1.0,0.9905263157894737,0.672927342992154,instance,all
0,0.8,0.4,0.573,0.35714285714285715,0.5707212291654999,0.5,0.4934352566669785,0.9976525821596244,0.9905263157894737,0.8441681875916972,instance,all
0,0.5555555555555556,0.6,0.573,0.7857142857142857,0.5707200182353704,1.0,0.5030087591715068,1.0,0.9947368421052631,0.6096167007521361,instance,all
0,0.64,0.4,0.573,0.7857142857142857,0.5707201136058448,0.3333333333333333,0.5027133392255528,1.0,0.9936842105263158,1.4702340407555285,instance,all
0,0.5454545454545454,0.6,0.573,0.5714285714285714,0.5707200176655705,1.0,0.5011576324406097,1.0,0.988421052631579,0.2875483850091505,instance,all
0,0.30000000000000004,0.6,0.573,0.7857142857142857,0.5707200176654715,0.0,0.49925866752493697,0.9976525821596244,0.9926315789473684,0.8330392452327493,instance,all
0,0.0,0.4,0.573,0.7857142857142857,0.5707200179304966,1.0,0.502958026124501,1.0,0.9905263157894737,1.043534085079953,instance,all
0,0.0,0.6,0.573,0.5,0.563778515728475,0.0,0.49449678950517684,0.9953051643192489,0.9947368421052631,0.34869517248204435,instance,all
0,0.5,0.4,0.573,0.5714285714285714,0.5707200179877046,0.0,0.4967078166707043,0.9929577464788732,0.9968421052631579,0.2771571563157341,instance,all
1,0.75,0.4,0.42700000000000005,1.0,0.4292799823345105,1.0,0.5100272261418077,1.0,0.9905263157894737,1.599714069085275,instance,all
0,0.0,0.8,0.573,0.7857142857142857,0.571586365096224,1.0,0.5052839133842058,1.0,0.9873684210526316,0.9271050557835776,instance,all
0,0.6944444444444444,0.2,0.573,0.9285714285714286,0.5707200177393974,1.0,0.5003825732958456,1.0,0.9873684210526316,-0.13010601855203047,instance,all
0,0.0,0.6,0.573,0.5714285714285714,0.5707200321366568,0.0,0.48941810254292517,0.9953051643192489,0.9926315789473684,1.1675211854147307,instance,all
0,0.25,0.6,0.573,0.6428571428571429,0.5707200178058366,0.0,0.4999927744375613,0.9976525821596244,0.9936842105263158,0.02557600861444247,instance,all
1,0.7142857142857143,0.8,0.42700000000000005,0.7142857142857143,0.3985168479701838,1.0,0.5057190802703829,1.0,0.9926315789473684,0.06538823906877499,instance,all
1,0.20833333333333337,0.4,0.42700000000000005,1.0,0.4292799823344572,0.0,0.49938282662094313,0.9982517482517482,0.9842105263157894,0.816731114619814,instance,all
0,0.4285714285714286,0.8,0.573,0.6428571428571429,0.6084246539648228,0.14285714285714285,0.5016625115804261,1.0,0.9947368421052631,0.7423927828608354,instance,all
0,0.1578947368421053,0.2,0.573,0.6428571428571429,0.5707724126182496,0.0,0.4942900020478249,0.9906103286384976,0.9842105263157894,1.2143798549722218,instance,all
0,0.19999999999999996,0.4,0.573,0.42857142857142855,0.5707200661343714,0.0,0.4986610682416457,0.9976525821596244,0.9894736842105263,0.5707453302469045,instance,all
0,0.0,0.2,0.573,0.42857142857142855,0.5705824750942198,0.0,0.4974995137247791,0.9953051643192489,0.9936842105263158,0.5439851420080526,instance,all
0,0.44067796610169496,0.4,0.573,0.5714285714285714,0.5707200176906513,0.3333333333333333,0.49728147722177685,0.9976525821596244,0.9894736842105263,0.8100105980697075,instance,all
0,0.0,0.2,0.573,0.5714285714285714,0.6054843082352988,0.0,0.49525303334325843,0.9953051643192489,0.98,0.7657231977649568,instance,all
0,0.1578947368421053,0.2,0.573,0.42857142857142855,0.5707201651036536,0.0,0.49890419983989076,0.9929577464788732,0.991578947368421,0.45276563488216093,instance,all
1,0.7,0.8,0.42700000000000005,0.7142857142857143,0.429279982332498,1.0,0.5040893305776707,1.0,0.9926315789473684,-0.1553491122165773,instance,all
0,0.0,0.4,0.573,0.21428571428571427,0.6084246539668128,0.0,0.4975270273386725,0.9976525821596244,0.9863157894736843,0.9587939359774387,instance,all
0,0.375,0.2,0.573,0.6428571428571429,0.5707200470839036,0.0,0.49776776785536225,0.9976525821596244,0.9905263157894737,2.830785991636482,instance,all
1,0.30000000000000004,0.6,0.42700000000000005,0.42857142857142855,0.42927997757813696,0.0,0.4929554932602963,0.9965034965034965,0.9905263157894737,0.18331190498909686,instance,all
0,0.19999999999999996,0.4,0.573,0.5,0.5707286346969691,0.0,0.4960984068935075,0.9976525821596244,0.9947368421052631,0.5893875964965948,instance,all
0,0.0,0.0,0.573,0.42857142857142855,0.6084246539668128,0.0,0.4962278361733996,0.9859154929577465,0.988421052631579,2.2408467833982813,instance,all
0,0.0,0.6,0.573,0.5714285714285714,0.5707200715569024,0.0,0.4931284122332096,0.9953051643192489,0.991578947368421,1.1368856269310308,instance,all
0,0.5714285714285714,0.4,0.573,0.9285714285714286,0.5707202311896313,0.0,0.4936904233916959,0.9929577464788732,0.9873684210526316,0.3487923005784885,instance,all
0,0.1578947368421053,0.2,0.573,0.7857142857142857,0.5707200695673178,0.1111111111111111,0.4923945931404561,0.9953051643192489,0.9947368421052631,1.0475200844106716,instance,all
0,0.0,0.0,0.573,0.6428571428571429,0.5707200178033722,0.0,0.4955090680897034,0.9788732394366197,0.9947368421052631,0.7500446620094093,instance,all
0,0.0,0.0,0.573,0.42857142857142855,0.6080538219996783,0.0,0.493268582743676,0.9765258215962441,0.988421052631579,1.4849153872282,instance,all
0,0.1578947368421053,0.8,0.573,0.42857142857142855,0.561387340438184,0.0,0.49491080701248535,0.9976525821596244,0.9736842105263158,-0.002884159948289197,instance,all
0,0.19999999999999996,0.0,0.573,0.7142857142857143,0.570720019342282,0.0,0.49091972483298485,0.9835680751173709,0.9926315789473684,1.1294146522752744,instance,all
0,0.0,0.0,0.573,0.42857142857142855,0.5707200187540674,0.0,0.49576021757852395,0.9859154929577465,0.9905263157894737,1.5214290818089216,instance,all
0,0.6944444444444444,0.4,0.573,0.9285714285714286,0.5707200447591141,1.0,0.503977323715719,1.0,0.9905263157894737,1.6961956061342145,instance,all
0,0.1578947368421053,0.2,0.573,0.5714285714285714,0.5707200178842033,0.0,0.49751888561406177,0.9929577464788732,0.9926315789473684,0.3329059105793064,instance,all
0,0.44067796610169496,0.2,0.573,0.5,0.5707200180758759,0.5454545454545454,0.5008228632173353,1.0,0.9968421052631579,1.0047979211419855,instance,all
0,0.7083333333333333,0.2,0.573,0.6428571428571429,0.5707302890877183,0.0,0.49733728871093186,0.9953051643192489,0.988421052631579,1.5907649842665323,instance,all
0,0.7916666666666666,0.4,0.573,0.5714285714285714,0.5707280990172211,1.0,0.5016161684881294,1.0,0.9831578947368421,3.045623996210952,instance,all
0,0.7916666666666666,0.2,0.573,0.5714285714285714,0.5707209527809803,0.0,0.4969357685000021,0.9906103286384976,0.9905263157894737,2.4634714058303184,instance,all
0,0.30000000000000004,0.4,0.573,0.5714285714285714,0.5707493879556305,0.0,0.4964922213053047,0.9976525821596244,0.991578947368421,-0.10244032532501246,instance,all
0,0.0,0.4,0.573,0.42857142857142855,0.5707200176531778,0.0,0.4916939188365028,0.9929577464788732,0.991578947368421,0.04428754332013871,instance,all
0,0.0,0.2,0.573,0.9285714285714286,0.5709878908189588,0.0,0.49419241587215823,0.9906103286384976,0.9957894736842106,2.191519738342137,instance,all
0,0.125,0.0,0.573,0.7857142857142857,0.5707201256114538,0.0,0.4873854942986042,0.9765258215962441,0.9947368421052631,0.6385273182121703,instance,all
0,0.4285714285714286,0.4,0.573,0.35714285714285715,0.6084238074458981,0.0,0.4993591024885915,0.9953051643192489,0.9852631578947368,0.4407552644497351,instance,all
0,0.0,0.4,0.573,0.9285714285714286,0.5707215016192372,0.0,0.4978105017530704,0.9976525821596244,0.991578947368421,0.8243995040566544,instance,all
0,0.7083333333333333,0.2,0.573,0.7857142857142857,0.5613873404403559,0.5,0.5009140262094907,1.0,0.9968421052631579,2.166233760437016,instance,all
0,0.125,0.2,0.573,0.5714285714285714,0.596386523347728,0.0,0.4941080538859841,0.9906103286384976,0.9947368421052631,1.3440582032089092,instance,all
0,0.782608695652174,1.0,0.573,0.6428571428571429,0.5707204597609922,1.0,0.5123592529789768,1.0,0.9936842105263158,-0.0018538368824343595,instance,all
0,0.40909090909090906,0.2,0.573,0.21428571428571427,0.5726087708926051,0.0,0.4935698171666131,0.9906103286384976,0.9873684210526316,2.245042695634467,instance,all
1,0.4444444444444444,0.4,0.42700000000000005,0.42857142857142855,0.42927998233453196,1.0,0.5031998098140112,1.0,0.991578947368421,1.2218479746147528,instance,all
0,0.19999999999999996,0.4,0.573,0.42857142857142855,0.5707722000386544,0.25,0.4987936015090635,0.9953051643192489,0.9894736842105263,0.966946326144137,instance,all
0,0.25,0.6,0.573,0.5714285714285714,0.5707200182575616,0.0,0.49672799045084837,0.9953051643192489,0.9905263157894737,0.9168295079546407,instance,all
0,0.0,0.2,0.573,0.6428571428571429,0.5707237771447353,0.0,0.495990444401637,0.9929577464788732,0.9926315789473684,1.9612135097086827,instance,all
0,0.0,0.8,0.573,0.42857142857142855,0.5707200452016543,0.0,0.49134498486569145,0.9976525821596244,0.9947368421052631,0.7320258413123585,instance,all
0,0.0,0.6,0.573,0.9285714285714286,0.5817717319682848,1.0,0.5018130263262778,1.0,0.9852631578947368,2.648475788947931,instance,all
0,0.7916666666666666,0.4,0.573,0.7857142857142857,0.570720017669158,1.0,0.5038145829231544,1.0,0.991578947368421,0.31484693849930423,instance,all
1,0.4285714285714286,1.0,0.42700000000000005,0.7142857142857143,0.4292799823323827,1.0,0.5062283932174125,1.0,0.9947368421052631,-0.12284599387697115,instance,all
0,0.16666666666666663,0.0,0.573,0.7142857142857143,0.5707203100152238,0.0,0.49308266754469665,0.9882629107981221,0.991578947368421,2.18590797384029,instance,all
0,0.375,0.2,0.573,0.5,0.5707200177463325,0.0,0.49542832562485073,0.9906103286384976,0.9894736842105263,1.1512686663111895,instance,all
0,0.4285714285714286,0.4,0.573,0.7857142857142857,0.5707200309855602,0.0,0.4971621511848323,0.9953051643192489,0.9905263157894737,1.896523222092375,instance,all
0,0.25,0.4,0.573,0.7142857142857143,0.5613874315917001,1.0,0.5007452360321729,1.0,0.9873684210526316,1.3809607801183614,instance,all
0,0.6944444444444444,0.4,0.573,0.42857142857142855,0.5707236267146677,0.5,0.5021322950877253,1.0,0.9905263157894737,1.161445949500233,instance,all
0,0.8260869565217391,0.2,0.573,0.21428571428571427,0.6014831520298163,0.0,0.49519899127056866,0.9976525821596244,0.9873684210526316,1.4130249108638842,instance,all
0,0.19999999999999996,0.0,0.573,0.5714285714285714,0.5707209972574313,0.16666666666666666,0.4949096470538765,0.9882629107981221,0.9894736842105263,1.352085493472761,instance,all
0,0.7,0.4,0.573,0.42857142857142855,0.5707200176927416,1.0,0.5010346813437758,1.0,0.9957894736842106,1.3702019787360373,instance,all
0,0.7,0.6,0.573,0.21428571428571427,0.5707201312081298,1.0,0.5027626847445187,1.0,0.9894736842105263,1.1575862260035086,instance,all
0,0.0,0.4,0.573,0.7857142857142857,0.5707200604587082,0.0,0.4990976187481976,0.9976525821596244,0.991578947368421,1.4609065214925263,instance,all
0,0.7,0.6,0.573,0.5714285714285714,0.5772321534746604,1.0,0.5023184096884519,1.0,0.9957894736842106,1.5489774412307908,instance,all
0,0.0,0.0,0.573,0.7142857142857143,0.5707200176654715,0.0,0.4903996044238753,0.9812206572769953,0.9936842105263158,0.08956619727112386,instance,all
0,0.16666666666666663,0.2,0.573,0.9285714285714286,0.6047538601706348,0.0,0.4982554568470965,0.9976525821596244,0.9873684210526316,1.214005750236693,instance,all
0,0.19999999999999996,0.2,0.573,0.42857142857142855,0.5707200177175648,0.40476190476190477,0.4941849975797772,0.9906103286384976,0.9936842105263158,0.14680237634120116,instance,all
0,0.1578947368421053,0.4,0.573,0.5714285714285714,0.5707216874927753,1.0,0.5016422578741018,1.0,0.9905263157894737,1.1436845550134636,instance,all
0,0.64,0.4,0.573,0.42857142857142855,0.5707203825647662,0.4,0.4942093556588866,0.9953051643192489,0.9926315789473684,1.5884777082355006,instance,all
0,0.0,0.6,0.573,0.42857142857142855,0.5707200176786978,1.0,0.5040677092989201,1.0,0.9821052631578947,-0.10751489514008608,instance,all
0,0.0,0.4,0.573,0.5,0.5707200235693589,0.0,0.49569391502226556,0.9929577464788732,0.9873684210526316,-0.34084183310955035,instance,all
0,0.0,0.8,0.573,0.5714285714285714,0.5707200176656048,1.0,0.5019444135410653,1.0,0.9873684210526316,0.9118584144338818,instance,all
0,0.33333333333333337,0.4,0.573,0.9285714285714286,0.5707200473141202,0.0,0.4985552566049051,0.9976525821596244,0.9926315789473684,1.3811214454249783,instance,all
0,0.0,0.2,0.573,0.6428571428571429,0.5707347731798211,0.0,0.49371255346678566,0.9906103286384976,0.991578947368421,1.8039362817157023,instance,all
0,0.5555555555555556,0.2,0.573,0.6428571428571429,0.5708513562294278,0.0,0.4962850041496272,0.9929577464788732,0.9926315789473684,3.254894140255891,instance,all
0,0.30000000000000004,0.4,0.573,0.6428571428571429,0.5707200176655164,0.0,0.4954976215728131,0.9953051643192489,0.9978947368421053,-0.9735602230496506,instance,all
0,0.0,1.0,0.573,0.7857142857142857,0.6084246539668128,1.0,0.5113156971325861,1.0,0.9852631578947368,0.8138009779079107,instance,all
1,0.8,0.8,0.42700000000000005,1.0,0.42927998233454423,1.0,0.5044638200765783,1.0,0.991578947368421,0.9307575537723576,instance,all
0,0.40909090909090906,0.4,0.573,0.5714285714285714,0.570720017664919,1.0,0.5032778379060967,1.0,0.988421052631579,0.5052284961940507,instance,all
0,0.6666666666666667,0.2,0.573,0.5714285714285714,0.5709204487412699,0.0,0.49592435106434707,0.9929577464788732,0.9926315789473684,-0.01763960565868968,instance,all
0,0.25,0.0,0.573,0.7857142857142857,0.5707200176956668,0.0,0.49330174356336565,0.9882629107981221,0.9926315789473684,0.8604537905559934,instance,all
0,0.0,0.4,0.573,0.9285714285714286,0.5990919767394874,0.0,0.4926355112091545,0.9929577464788732,0.9894736842105263,1.3529971641026584,instance,all
0,0.6363636363636364,0.6,0.573,0.6428571428571429,0.5707200178290704,0.0,0.4990233058209158,0.9976525821596244,0.9936842105263158,0.3620820977253106,instance,all
1,0.33333333333333337,0.4,0.42700000000000005,0.7142857142857143,0.4292799823283111,1.0,0.5015031734638961,1.0,0.9947368421052631,0.27771403807306594,instance,all
0,0.44067796610169496,0.2,0.573,0.7857142857142857,0.5707200176513433,0.0,0.49557476889646224,0.9976525821596244,0.9905263157894737,0.6141382995207387,instance,all
1,0.3055555555555556,0.6,0.42700000000000005,0.7142857142857143,0.42927524941761697,1.0,0.5004921170570802,1.0,0.9873684210526316,0.01084862125018409,instance,all
0,0.16666666666666663,0.6,0.573,0.5714285714285714,0.5707200176676517,1.0,0.5004673457832308,1.0,0.9947368421052631,0.05893179950851909,instance,all
0,0.0,0.2,0.573,0.5714285714285714,0.570770963304964,0.0,0.49518818041990886,0.9929577464788732,0.991578947368421,2.128285860305967,instance,all
0,0.7083333333333333,0.8,0.573,0.7857142857142857,0.5707200178335926,0.5,0.5039175679830263,1.0,0.991578947368421,-0.07698889223352627,instance,all
1,0.5593220338983051,0.8,0.42700000000000005,0.6428571428571429,0.4292799734641596,1.0,0.5102862014868577,1.0,0.9831578947368421,0.029677320034904482,instance,all
0,0.09999999999999998,0.2,0.573,0.5714285714285714,0.5707200167499712,0.0,0.49804810301412283,0.9976525821596244,0.988421052631579,1.010190663111542,instance,all
0,0.16666666666666663,0.8,0.573,0.7857142857142857,0.5707200092967133,0.0,0.4989799221737573,0.9976525821596244,0.988421052631579,1.1329101233994396,instance,all
0,0.5454545454545454,0.2,0.573,0.9285714285714286,0.5706943658987675,0.0,0.49857437474384425,0.9976525821596244,0.9936842105263158,2.0357839506206847,instance,all
0,0.09999999999999998,0.2,0.573,0.5714285714285714,0.5707200192896495,0.0,0.495645153160978,0.9929577464788732,0.9905263157894737,0.28123088134840035,instance,all
0,0.40909090909090906,0.4,0.573,0.7142857142857143,0.5707200176678563,1.0,0.5044087607287956,1.0,0.9926315789473684,0.6362794371947497,instance,all
0,0.40909090909090906,0.2,0.573,0.9285714285714286,0.5707200188474639,0.5,0.5023345210280461,1.0,0.988421052631579,0.2631624379768383,instance,all
0,0.1578947368421053,0.2,0.573,0.7857142857142857,0.6084203445915816,0.0,0.49651636211513517,0.9953051643192489,0.9978947368421053,1.5975308726656308,instance,all
0,0.375,0.0,0.573,0.5714285714285714,0.5637785157284748,0.0,0.4925682792216657,0.9859154929577465,0.9842105263157894,0.7433854981714987,instance,all
0,0.6944444444444444,0.2,0.573,0.42857142857142855,0.5707200176591265,1.0,0.5005252177189362,1.0,0.9894736842105263,0.5144877921911621,instance,all
0,0.44067796610169496,0.4,0.573,0.21428571428571427,0.5707200181517933,1.0,0.5006024478023613,1.0,0.9894736842105263,0.32539638898497325,instance,all
0,0.5454545454545454,0.6,0.573,0.42857142857142855,0.5707207687560156,0.5,0.501175037325087,1.0,0.9978947368421053,0.2677823172033961,instance,all
0,0.0,0.0,0.573,0.5714285714285714,0.5707201712703852,0.0,0.49113347182718503,0.9859154929577465,0.9947368421052631,1.5452593292286407,instance,all
0,0.33333333333333337,0.6,0.573,0.5714285714285714,0.5707155780137103,0.0,0.4940704167468716,0.9976525821596244,0.9926315789473684,3.277122297619862,instance,all
0,0.6875,0.4,0.573,0.6428571428571429,0.5707200146064785,1.0,0.5008316203832941,1.0,0.991578947368421,0.8266965868804763,instance,all
0,0.1428571428571429,0.4,0.573,0.7857142857142857,0.5707186479656001,0.0,0.49733921993518737,0.9976525821596244,0.9947368421052631,1.2844712197228079,instance,all
0,0.44067796610169496,0.6,0.573,0.9285714285714286,0.5637785190024858,0.0,0.49417179299486913,0.9953051643192489,0.9894736842105263,0.8079398586041892,instance,all
0,0.0,0.2,0.573,0.7857142857142857,0.6084245016968926,0.0,0.4987776267443895,0.9953051643192489,0.988421052631579,0.634783087063145,instance,all
0,0.1578947368421053,0.4,0.573,0.6428571428571429,0.5706026832113995,0.0,0.4908075944743,0.9953051643192489,0.9905263157894737,2.0298799713663724,instance,all
0,0.0,0.4,0.573,0.7142857142857143,0.561387340438184,0.0,0.49743835891593646,0.9929577464788732,0.9863157894736843,0.9203883977823881,instance,all
0,0.7647058823529411,0.6,0.573,0.9285714285714286,0.570720689268665,1.0,0.50650843782743,1.0,0.9936842105263158,1.5061772686574868,instance,all
0,0.4285714285714286,0.2,0.573,0.5714285714285714,0.5708596988011715,0.0,0.49763844705498195,0.9929577464788732,0.9936842105263158,2.14581995263646,instance,all
0,0.44067796610169496,0.2,0.573,0.35714285714285715,0.5704563612313924,0.0,0.49884597194203173,0.9953051643192489,0.9947368421052631,1.2912566997913726,instance,all
0,0.8260869565217391,0.4,0.573,0.5714285714285714,0.5707193518948807,0.0,0.4964812199597416,0.9976525821596244,0.9947368421052631,0.80744049352363,instance,all
0,0.0,0.0,0.573,0.21428571428571427,0.5707200176654554,0.0,0.49691718825401454,0.9859154929577465,0.9905263157894737,-0.013507098655775814,instance,all
0,0.5714285714285714,0.4,0.573,0.7857142857142857,0.5707200177346425,0.5,0.49279866328217947,0.9976525821596244,0.9873684210526316,0.056151127146608734,instance,all
0,0.0,0.0,0.573,0.42857142857142855,0.5921504748025287,0.0,0.4966038641840669,0.9882629107981221,0.9894736842105263,1.7387636722637745,instance,all
0,0.0,0.4,0.573,0.5714285714285714,0.5707200176139116,0.0,0.49727499582525636,0.9929577464788732,0.9936842105263158,0.6497525749046074,instance,all
0,0.0,0.4,0.573,0.5,0.5707200176636649,0.0,0.4946694468270486,0.9976525821596244,0.9957894736842106,-0.22016141657330437,instance,all
1,0.5909090909090908,0.2,0.42700000000000005,0.42857142857142855,0.4292799823336473,0.0,0.4953460298674909,0.9947552447552448,0.9926315789473684,1.2059985177609105,instance,all
0,0.1578947368421053,0.4,0.573,0.6428571428571429,0.570799416769867,1.0,0.502212023009399,1.0,0.9863157894736843,0.7161498805670155,instance,all
0,0.5,0.6,0.573,0.9285714285714286,0.6014831520298163,0.0,0.4933965496955076,0.9976525821596244,0.9926315789473684,0.601882800585848,instance,all
1,0.3076923076923077,0.8,0.42700000000000005,0.7142857142857143,0.4292799779522142,1.0,0.5011418784907817,1.0,0.9936842105263158,1.0181870156514792,instance,all
0,0.5714285714285714,0.6,0.573,0.5714285714285714,0.5707191465196817,0.3333333333333333,0.5024989643508673,1.0,0.9936842105263158,1.6664523335624182,instance,all
0,0.6363636363636364,0.0,0.573,0.5714285714285714,0.5707283569901354,0.0,0.48449368459771647,0.9882629107981221,0.9863157894736843,0.6607965256816815,instance,all
1,0.8,0.8,0.42700000000000005,0.7142857142857143,0.4292799823276233,1.0,0.5044727728754762,1.0,0.991578947368421,0.8710022835283229,instance,all
1,0.5909090909090908,0.8,0.42700000000000005,0.5,0.42927998233455045,1.0,0.5069169403249363,1.0,0.9926315789473684,0.2917063843659905,instance,all
0,0.6428571428571428,0.2,0.573,0.9285714285714286,0.6014831520298163,0.0,0.4951082594987414,0.9953051643192489,0.9852631578947368,1.1776549387538822,instance,all
0,0.16666666666666663,0.6,0.573,0.5714285714285714,0.561387340438184,0.3333333333333333,0.4996963336387824,0.9976525821596244,0.9873684210526316,1.303131139734521,instance,all
0,0.19999999999999996,0.2,0.573,0.42857142857142855,0.5707201324744676,0.0,0.496214969657889,0.9953051643192489,0.9831578947368421,2.2666993731833878,instance,all
0,0.0,0.4,0.573,0.7142857142857143,0.5707200367853997,0.0,0.497876198763592,0.9953051643192489,0.9905263157894737,1.1168474113296294,instance,all
1,0.8421052631578947,0.8,0.42700000000000005,0.7857142857142857,0.42927998233323184,0.8,0.5055095436903682,1.0,0.9947368421052631,0.1524570330065883,instance,all
0,0.5714285714285714,0.2,0.573,0.7857142857142857,0.5721142118602345,0.0,0.48480831180680195,0.9929577464788732,0.9894736842105263,1.167639855036694,instance,all
0,0.40909090909090906,0.2,0.573,0.7857142857142857,0.5707199913288874,0.0,0.4991638838068383,0.9976525821596244,0.991578947368421,1.4062159294081702,instance,all
0,0.44067796610169496,0.4,0.573,0.2857142857142857,0.570720017515013,0.0,0.4948290870186479,0.9953051643192489,0.991578947368421,0.3656253283169984,instance,all
0,0.0,0.6,0.573,0.5714285714285714,0.5707200224767827,0.0,0.49965064031583184,0.9976525821596244,0.991578947368421,1.462867365972991,instance,all
0,0.0,0.4,0.573,0.6428571428571429,0.5921504748025287,1.0,0.5055978923229373,1.0,0.991578947368421,1.6351636833646068,instance,all
1,0.11111111111111116,0.6,0.42700000000000005,0.7142857142857143,0.3915753460331892,1.0,0.5015596805889297,1.0,0.9936842105263158,2.094146652112806,instance,all
0,0.40909090909090906,0.4,0.573,0.9285714285714286,0.5707200183814801,0.3333333333333333,0.5013921657871816,1.0,0.9989473684210526,0.29195146847189063,instance,all
0,0.2857142857142857,0.4,0.573,0.6428571428571429,0.5707199939950012,1.0,0.5003751761848004,1.0,0.9894736842105263,0.855984357743302,instance,all
0,0.8888888888888888,0.6,0.573,0.2857142857142857,0.570720016696046,0.0,0.49375167757502114,0.9976525821596244,0.988421052631579,1.2802216509142479,instance,all
0,0.0,0.2,0.573,0.6428571428571429,0.5707200073176135,0.0,0.49032809808591404,0.9953051643192489,0.9926315789473684,0.9596063146417539,instance,all
0,0.125,0.6,0.573,0.7857142857142857,0.5707200163508594,1.0,0.5023163267289577,1.0,0.9905263157894737,0.780764490526872,instance,all
0,0.4285714285714286,0.2,0.573,0.9285714285714286,0.5707200008978907,0.0,0.49368574014853717,0.9906103286384976,0.9947368421052631,0.7327044485932704,instance,all
0,0.7,0.6,0.573,0.7857142857142857,0.5707200114857862,1.0,0.5031667648924703,1.0,0.9863157894736843,0.4478163831625229,instance,all
0,0.40909090909090906,0.6,0.573,0.5,0.5707200549752329,0.25,0.5044150251592301,1.0,0.9957894736842106,1.0396475837833314,instance,all
0,0.5714285714285714,0.0,0.573,0.5714285714285714,0.5544458385011874,0.0,0.4899593757130215,0.9835680751173709,0.9852631578947368,1.1461672002692,instance,all
0,0.0,0.6,0.573,0.6428571428571429,0.5707200176405324,1.0,0.5013991597796237,1.0,0.9873684210526316,1.6808937673618052,instance,all
0,0.44067796610169496,0.0,0.573,0.5714285714285714,0.5707200169130658,0.0,0.49079215772269036,0.9859154929577465,0.9905263157894737,0.5001263177802352,instance,all
0,0.7,0.8,0.573,0.7857142857142857,0.5707200531396289,0.0,0.4931871621601547,0.9976525821596244,0.991578947368421,1.1385493806485365,instance,all
0,0.8,0.4,0.573,0.42857142857142855,0.5707200176655847,1.0,0.5009085684081058,1.0,0.9978947368421053,0.24852647044536974,instance,all
1,0.20833333333333337,0.2,0.42700000000000005,0.42857142857142855,0.4292797258393338,0.5,0.49616204888048876,0.9947552447552448,0.9947368421052631,0.6197093028823862,instance,all
0,0.5238095238095238,0.8,0.573,0.6428571428571429,0.5707200644658946,0.0,0.499468504113474,0.9976525821596244,0.9957894736842106,0.88821127483334,instance,all
0,0.125,0.4,0.573,0.5714285714285714,0.5706671137391337,0.0,0.49383119046620094,0.9929577464788732,0.9947368421052631,1.1344964811410088,instance,all
0,0.0,0.6,0.573,0.9285714285714286,0.6014831520298163,1.0,0.5022609084113286,1.0,0.9905263157894737,1.5982378224973899,instance,all
0,0.09999999999999998,0.4,0.573,0.5714285714285714,0.5707200176344153,0.0,0.49392285926097124,0.9929577464788732,0.9926315789473684,0.9400940282394022,instance,all
0,0.7272727272727273,0.4,0.573,0.7857142857142857,0.5707200191461725,0.3333333333333333,0.5039971223790987,1.0,0.991578947368421,0.7376451778206632,instance,all
0,0.33333333333333337,0.4,0.573,0.5,0.5707218046443996,1.0,0.5089623041919302,1.0,0.988421052631579,-0.020864478869950052,instance,all
0,0.0,0.6,0.573,0.6428571428571429,0.5990919767395252,1.0,0.5042852147108052,1.0,0.9873684210526316,0.38926615465351394,instance,all
1,0.5,0.4,0.42700000000000005,0.5,0.42888108446547724,0.0,0.4926419928925516,0.9947552447552448,0.9905263157894737,0.013619582059038815,instance,all
0,0.6666666666666667,0.6,0.573,0.7857142857142857,0.5707212367099852,1.0,0.5061734560441902,1.0,0.9926315789473684,1.1017051365638253,instance,all
1,0.2727272727272727,0.4,0.42700000000000005,0.6428571428571429,0.4292799824487098,0.0,0.49411570714652986,0.9947552447552448,0.9863157894736843,1.1878234432692851,instance,all
1,0.2142857142857143,0.2,0.42700000000000005,0.5,0.4292799822789075,0.0,0.4991133448597461,0.9982517482517482,0.991578947368421,0.6016392390336369,instance,all
1,0.17391304347826086,0.4,0.42700000000000005,0.5,0.4292799823345372,0.0,0.495744995951096,0.9982517482517482,0.9926315789473684,0.7188376471454588,instance,all
1,0.0,0.0,0.42700000000000005,0.7142857142857143,0.42927998233362186,0.0,0.49294815268689385,0.9895104895104895,0.9905263157894737,1.6709814517519197,instance,all
1,0.5714285714285714,0.6,0.42700000000000005,0.35714285714285715,0.42927998232876663,0.5,0.5006455867387815,1.0,0.9852631578947368,0.7372195798750865,instance,all
1,0.47619047619047616,0.4,0.42700000000000005,0.42857142857142855,0.42927998235504905,0.3333333333333333,0.49900678830146705,0.9965034965034965,0.9957894736842106,1.0315396713944613,instance,all
1,0.30000000000000004,0.2,0.42700000000000005,0.7142857142857143,0.4292799823435073,0.2,0.4925099586863668,0.993006993006993,0.9936842105263158,1.1379566779227828,instance,all
1,0.0,0.0,0.42700000000000005,0.7142857142857143,0.429279982334544,0.0,0.4903653036518547,0.9912587412587412,0.9905263157894737,0.3015471377920316,instance,all
1,0.29166666666666663,0.2,0.42700000000000005,1.0,0.4292799823289918,1.0,0.5009669837316266,1.0,0.9926315789473684,0.26239455674653217,instance,all
1,0.30000000000000004,0.0,0.42700000000000005,0.5714285714285714,0.42927998233478737,0.0,0.4938113161328239,0.9772727272727273,0.9905263157894737,1.2177795008950716,instance,all
1,0.19999999999999996,0.4,0.42700000000000005,0.5,0.42927998233462084,0.0,0.49886591319779916,0.9982517482517482,0.9936842105263158,2.541111159223265,instance,all
1,0.33333333333333337,0.0,0.42700000000000005,0.35714285714285715,0.4292799823351968,0.5,0.4968912853883418,0.9842657342657343,0.9894736842105263,0.44644260195415575,instance,all
0,0.5714285714285714,0.6,0.573,0.7857142857142857,0.5707200176654895,1.0,0.5047140004487455,1.0,0.9947368421052631,-0.18895341469335258,instance,all
1,0.2857142857142857,0.0,0.42700000000000005,0.7142857142857143,0.4386126595587213,0.0,0.4926561537152341,0.9912587412587412,0.9926315789473684,1.273656354046316,instance,all
1,0.0,0.4,0.42700000000000005,0.7142857142857143,0.43861265956181605,1.0,0.5007600712678877,1.0,0.9821052631578947,1.4196844572359866,instance,all
0,0.8,0.8,0.573,0.5714285714285714,0.5769451852905846,1.0,0.504860694666922,1.0,0.9905263157894737,0.49544086701425627,instance,all
1,0.23529411764705888,0.2,0.42700000000000005,1.0,0.4292799823345347,0.0,0.49276132307237097,0.9947552447552448,0.9936842105263158,0.4989840901708574,instance,all
1,0.33333333333333337,0.0,0.42700000000000005,0.5,0.42927998233837095,0.0,0.4887392024167192,0.9842657342657343,0.991578947368421,2.342127198491428,instance,all
1,0.30000000000000004,0.0,0.42700000000000005,0.5,0.4292799823345105,0.0,0.49359159058467406,0.986013986013986,0.9905263157894737,0.8995509101960368,instance,all
1,0.36,0.0,0.42700000000000005,0.7142857142857143,0.42927998233451947,0.0,0.49026465312738554,0.986013986013986,0.9968421052631579,1.1303319787175945,instance,all
1,0.0,0.0,0.42700000000000005,0.5,0.3985168479701838,0.0,0.4948710771279964,0.9912587412587412,0.988421052631579,0.21932859899045323,instance,all
1,0.0,0.0,0.42700000000000005,0.21428571428571427,0.4292799823345105,0.0,0.4818687163384431,0.9807692307692307,0.9936842105263158,1.2327052269643097,instance,all
1,0.125,0.0,0.42700000000000005,0.7142857142857143,0.42927998243731535,0.0,0.4875167478472149,0.9842657342657343,0.9842105263157894,2.659957045831103,instance,all
0,0.6944444444444444,0.6,0.573,0.5714285714285714,0.5707212601225721,1.0,0.5041047075399004,1.0,0.9936842105263158,0.532244969830231,instance,all
1,0.29166666666666663,0.2,0.42700000000000005,0.5,0.42927998233440423,1.0,0.5000375479275054,1.0,0.9936842105263158,0.8937417050383584,instance,all
1,0.5909090909090908,0.2,0.42700000000000005,0.7142857142857143,0.42927998233442066,0.3333333333333333,0.49961408266182383,0.9965034965034965,0.9926315789473684,1.0684599001508372,instance,all
1,0.21739130434782605,0.0,0.42700000000000005,0.7142857142857143,0.42927998235891396,0.0,0.4905182451390049,0.9895104895104895,0.991578947368421,2.216995275324673,instance,all
0,0.5238095238095238,1.0,0.573,0.42857142857142855,0.5707200176839533,1.0,0.5045282182688211,1.0,0.9926315789473684,-0.7513802929091175,instance,all
1,0.36,0.0,0.42700000000000005,1.0,0.42927998120125876,0.0,0.49303729630526827,0.9912587412587412,0.9957894736842106,-0.09114259475825381,instance,all
1,0.33333333333333337,0.0,0.42700000000000005,1.0,0.4292799823357557,0.0,0.4916519863716833,0.9912587412587412,0.9894736842105263,1.1622548412440914,instance,all
1,0.625,0.2,0.42700000000000005,0.7142857142857143,0.4292799823203236,0.0,0.49643283807895233,0.9965034965034965,0.988421052631579,-0.21392051634641474,instance,all
1,0.19999999999999996,0.2,0.42700000000000005,0.8571428571428571,0.39157534603320954,1.0,0.5006788828714642,1.0,0.9978947368421053,1.3856262928057832,instance,all
0,0.25,0.6,0.573,0.7857142857142857,0.5707200196332607,0.5,0.5016337485912721,1.0,0.9947368421052631,0.42776760112893025,instance,all
1,0.0,0.2,0.42700000000000005,0.7142857142857143,0.43861265956181605,1.0,0.5001760302544298,1.0,0.9873684210526316,1.3303830351667552,instance,all
0,0.6875,0.4,0.573,0.5714285714285714,0.5707200177977783,1.0,0.5026065222900138,1.0,0.9926315789473684,0.5493615691837588,instance,all
1,0.0,0.0,0.42700000000000005,1.0,0.42927998231839815,0.0,0.49428745157397636,0.9877622377622378,0.9926315789473684,0.5451650062690251,instance,all
1,0.0,0.2,0.42700000000000005,0.7142857142857143,0.4292799824132537,0.0,0.4957813911986413,0.993006993006993,0.9894736842105263,-0.15659365398508246,instance,all
1,0.2857142857142857,0.2,0.42700000000000005,0.5,0.4292799823345482,0.2,0.5003150662059065,1.0,0.9947368421052631,1.3848229027314232,instance,all
1,0.19999999999999996,0.2,0.42700000000000005,0.7142857142857143,0.3915753460346797,1.0,0.5064469133034954,1.0,0.9894736842105263,0.4137599823585172,instance,all
1,0.36363636363636365,0.2,0.42700000000000005,0.42857142857142855,0.42927998233451137,0.0,0.49397652963775907,0.9947552447552448,0.991578947368421,1.0495358588189823,instance,all
1,0.5714285714285714,0.8,0.42700000000000005,0.42857142857142855,0.42927976175634497,1.0,0.5041664151540446,1.0,0.9968421052631579,0.6379960653963638,instance,all
0,0.6944444444444444,0.8,0.573,0.7857142857142857,0.6014831520298163,0.0,0.4897532073472789,0.9976525821596244,0.9842105263157894,0.37740962518488397,instance,all
1,0.0,0.2,0.42700000000000005,0.7857142857142857,0.4292799713839027,0.0,0.4970263144689405,0.9965034965034965,0.9978947368421053,0.6800760546265082,instance,all
0,0.1578947368421053,0.8,0.573,0.9285714285714286,0.5707200176654694,0.75,0.4972057244828755,0.9976525821596244,0.988421052631579,0.08137964889459097,instance,all
1,0.36,0.0,0.42700000000000005,0.7142857142857143,0.4009080232604748,0.6666666666666666,0.4897229781958402,0.986013986013986,0.9947368421052631,1.7417528339512542,instance,all
1,0.0,0.2,0.42700000000000005,0.7142857142857143,0.4292799822394191,0.0,0.48890002007146227,0.9947552447552448,0.9894736842105263,0.6981063601420892,instance,all
1,0.19999999999999996,0.2,0.42700000000000005,0.5,0.42927998233452913,0.0,0.4979862719619932,0.9982517482517482,0.991578947368421,1.2202183858583253,instance,all
1,0.20833333333333337,0.4,0.42700000000000005,0.7142857142857143,0.42927998229063247,0.5,0.4978792732514872,0.9982517482517482,0.9926315789473684,1.4665538717616489,instance,all
1,0.8,0.0,0.42700000000000005,1.0,0.42927998233450915,0.0,0.4902233727114478,0.986013986013986,0.9936842105263158,1.3296514014120724,instance,all
0,0.0,0.6,0.573,0.6428571428571429,0.6014831520298163,0.0,0.49861387538317536,0.9976525821596244,0.9873684210526316,-0.1929581638805091,instance,all
1,0.4545454545454546,0.0,0.42700000000000005,0.5714285714285714,0.4292799818398686,0.0,0.49151478845860985,0.9807692307692307,0.991578947368421,0.2988639499812472,instance,all
1,0.2142857142857143,0.2,0.42700000000000005,0.6428571428571429,0.4292799823345709,0.0,0.491870846549336,0.993006993006993,0.9926315789473684,1.2457796614840757,instance,all
1,0.29166666666666663,0.2,0.42700000000000005,0.7142857142857143,0.4292799832190882,0.0,0.49234078143468785,0.993006993006993,0.9863157894736843,0.879108853207238,instance,all
1,0.33333333333333337,0.4,0.42700000000000005,0.6428571428571429,0.4292799823237574,1.0,0.5014673180718967,1.0,0.9905263157894737,1.2747264565114247,instance,all
1,0.0,0.0,0.42700000000000005,0.5,0.43861265956181605,0.0,0.49193166355435414,0.9825174825174825,0.9926315789473684,0.27417004131207234,instance,all
1,0.29166666666666663,0.0,0.42700000000000005,0.5,0.4292799823336967,0.0,0.49433282820287217,0.9877622377622378,0.9894736842105263,0.2669551634113114,instance,all
1,0.3055555555555556,0.0,0.42700000000000005,0.7142857142857143,0.42927998233463316,0.0,0.49149831230209595,0.986013986013986,0.9894736842105263,1.1170220599742628,instance,all
1,0.0,0.2,0.42700000000000005,0.5714285714285714,0.4009080232604748,0.0,0.496688034568877,0.993006993006993,0.9905263157894737,1.5794301496016248,instance,all
1,0.36,0.4,0.42700000000000005,0.7142857142857143,0.4078495251974713,1.0,0.5041474574430567,1.0,0.988421052631579,1.8341952720590162,instance,all
0,0.0,0.8,0.573,0.6428571428571429,0.6014831520298163,0.0,0.49766052099796376,0.9976525821596244,0.9905263157894737,1.465395919339525,instance,all
0,0.7,0.6,0.573,0.6428571428571429,0.5707218104127247,1.0,0.5045131517340671,1.0,0.988421052631579,0.9642823520237064,instance,all
1,0.11111111111111116,0.2,0.42700000000000005,0.7142857142857143,0.4292799823279086,0.0,0.4959800057482536,0.993006993006993,0.9947368421052631,0.21729263872768473,instance,all
1,0.29166666666666663,0.2,0.42700000000000005,1.0,0.4292799823202391,0.0,0.49755118949500454,0.9982517482517482,0.991578947368421,0.6108213200905173,instance,all
1,0.36363636363636365,0.4,0.42700000000000005,0.42857142857142855,0.4292763227834995,1.0,0.503113609606258,1.0,0.9894736842105263,0.7544187355571014,instance,all
1,0.20833333333333337,0.0,0.42700000000000005,0.7142857142857143,0.42927998212903395,0.0,0.490067731799701,0.9912587412587412,0.9894736842105263,1.4316639541185623,instance,all
1,0.0,0.2,0.42700000000000005,0.7142857142857143,0.39157534603318894,0.0,0.4911092670908742,0.993006993006993,0.9905263157894737,0.7765042959935669,instance,all
1,0.4444444444444444,0.4,0.42700000000000005,0.7142857142857143,0.42927997757399905,0.0,0.49200653304831665,0.9947552447552448,0.9905263157894737,0.7482974953168339,instance,all
1,0.36,0.0,0.42700000000000005,0.7142857142857143,0.4292799823345814,0.0,0.48873065624478984,0.9895104895104895,0.9905263157894737,1.0017895823750635,instance,all
1,0.11111111111111116,0.2,0.42700000000000005,1.0,0.4292799823345211,0.1,0.4952944527607863,0.9965034965034965,0.9947368421052631,0.2505119606401622,instance,all
1,0.7,0.4,0.42700000000000005,0.7142857142857143,0.42927998212877266,0.5,0.5000823354383652,1.0,0.9905263157894737,0.7313646773693572,instance,all
1,0.36363636363636365,0.4,0.42700000000000005,0.7142857142857143,0.42927998231752573,0.0,0.4969294375371539,0.9982517482517482,0.991578947368421,-0.07356069339983988,instance,all
1,0.19999999999999996,0.2,0.42700000000000005,1.0,0.4292799823411221,0.0,0.4977260864943541,0.9965034965034965,0.9968421052631579,2.227157412968313,instance,all
1,0.29166666666666663,0.2,0.42700000000000005,0.42857142857142855,0.42927998233516995,0.0,0.4967264438629001,0.993006993006993,0.991578947368421,3.5350397970476592,instance,all
1,0.30000000000000004,0.2,0.42700000000000005,0.42857142857142855,0.42924166024956645,0.0,0.4979916057732796,0.9982517482517482,0.988421052631579,1.2619053061217047,instance,all
1,0.23076923076923073,0.2,0.42700000000000005,1.0,0.4292799823347461,0.3333333333333333,0.5023590968768941,1.0,0.991578947368421,0.5126348166599818,instance,all
1,0.0,0.2,0.42700000000000005,0.5714285714285714,0.4368176500868882,0.0,0.49905615747840326,0.9982517482517482,0.9894736842105263,1.735834884120507,instance,all
1,0.5593220338983051,0.0,0.42700000000000005,0.7142857142857143,0.42927998217066876,0.0,0.4909834833097265,0.9877622377622378,0.9947368421052631,1.2088659808146844,instance,all
1,0.4545454545454546,0.0,0.42700000000000005,0.7142857142857143,0.4009090461807613,0.0,0.4927402278132966,0.986013986013986,0.991578947368421,1.6456371804342191,instance,all
1,0.0,0.4,0.42700000000000005,1.0,0.3985168479701838,1.0,0.5013998240691055,1.0,0.9821052631578947,2.0426516710761673,instance,all
1,0.0,0.2,0.42700000000000005,0.5,0.4292799822907313,1.0,0.5010233602191483,1.0,0.991578947368421,1.3062587917804331,instance,all
1,0.36,0.0,0.42700000000000005,0.7142857142857143,0.4292799823346368,0.0,0.4968728865989426,0.9912587412587412,0.9947368421052631,0.8838746862832123,instance,all
1,0.3125,0.0,0.42700000000000005,0.5,0.42927998233342923,0.0,0.49463367993671703,0.986013986013986,0.9936842105263158,0.650542802398426,instance,all
1,0.20833333333333337,0.0,0.42700000000000005,0.5714285714285714,0.42927998233448394,0.0,0.4948324547458818,0.9877622377622378,0.9947368421052631,0.8334623812469151,instance,all
1,0.19999999999999996,0.0,0.42700000000000005,0.5,0.4292799823345286,0.0,0.4867651945956396,0.9877622377622378,0.991578947368421,0.7581525528344851,instance,all
1,0.3125,0.6,0.42700000000000005,1.0,0.42927998233440096,0.0,0.49979447142940336,0.9982517482517482,0.9905263157894737,0.6238625357057249,instance,all
1,0.3571428571428571,0.2,0.42700000000000005,0.5,0.4292799823344925,1.0,0.5052660731570902,1.0,0.9905263157894737,1.3081196861844981,instance,all
1,0.0,0.0,0.42700000000000005,1.0,0.4386126595608432,0.25,0.48915204404929524,0.9842657342657343,0.9926315789473684,0.6485161452495835,instance,all
0,0.7857142857142857,0.6,0.573,0.5,0.5707208665820963,0.5,0.5001224074904848,1.0,0.9926315789473684,1.2310088477750238,instance,all
1,0.21739130434782605,0.4,0.42700000000000005,0.7142857142857143,0.43861265955930684,0.18181818181818182,0.494709087845168,0.9965034965034965,0.9926315789473684,0.6072271886095402,instance,all
1,0.19999999999999996,0.0,0.42700000000000005,0.5714285714285714,0.429279982334533,0.0,0.49336849477956213,0.9912587412587412,0.9894736842105263,1.1145248956802045,instance,all
1,0.11111111111111116,0.4,0.42700000000000005,0.5714285714285714,0.42927994112278645,0.0,0.49527176067584977,0.9965034965034965,0.9947368421052631,0.2754931011635209,instance,all
1,0.3076923076923077,0.0,0.42700000000000005,0.7142857142857143,0.42927998233490117,0.0,0.4908875207223422,0.986013986013986,0.9957894736842106,0.6082201692908438,instance,all
1,0.3076923076923077,0.0,0.42700000000000005,0.7142857142857143,0.42927998233453335,0.0,0.49523464723523136,0.9895104895104895,0.9947368421052631,0.8968281684822528,instance,all
1,0.29166666666666663,0.0,0.42700000000000005,0.5714285714285714,0.42917229007341934,0.0,0.496136431245755,0.9877622377622378,0.991578947368421,1.197501870225909,instance,all
1,0.30000000000000004,0.2,0.42700000000000005,0.7142857142857143,0.42927998233425946,0.0,0.49349708999599506,0.993006993006993,0.9905263157894737,1.1487263822467506,instance,all
1,0.30000000000000004,0.2,0.42700000000000005,0.7142857142857143,0.4292799823279647,0.0,0.4884218974311757,0.9947552447552448,0.988421052631579,0.4287139252274133,instance,all
1,0.20833333333333337,0.4,0.42700000000000005,1.0,0.42927998233462006,0.0,0.48976909040956573,0.9982517482517482,0.9926315789473684,1.970859778371038,instance,all
1,0.36,0.0,0.42700000000000005,0.8571428571428571,0.42927998233459097,0.0,0.4926967692195683,0.9895104895104895,0.9947368421052631,1.4980211317438186,instance,all
0,0.5238095238095238,0.6,0.573,0.5714285714285714,0.5688557956869565,1.0,0.5012360583484257,1.0,0.9905263157894737,0.08117493542262225,instance,all
1,0.3571428571428571,0.2,0.42700000000000005,0.7142857142857143,0.4292799823340223,0.5,0.493097106978863,0.993006993006993,0.9926315789473684,1.190834257390072,instance,all
1,0.0,0.0,0.42700000000000005,0.5,0.4292799823346567,0.0,0.49203062223769123,0.9895104895104895,0.9936842105263158,1.1203870398160167,instance,all
1,0.0,0.2,0.42700000000000005,0.35714285714285715,0.4295055444888797,0.0,0.495401219751749,0.9965034965034965,0.9905263157894737,0.8917679213778251,instance,all
1,0.0,0.2,0.42700000000000005,0.7142857142857143,0.42927998233516496,0.0,0.48748516330961,0.9947552447552448,0.9894736842105263,2.643623476232934,instance,all
1,0.19999999999999996,0.0,0.42700000000000005,1.0,0.4292799823345286,0.0,0.49615649340975665,0.9912587412587412,0.9968421052631579,1.891903715015559,instance,all
1,0.5593220338983051,0.2,0.42700000000000005,0.5,0.4386126595621022,1.0,0.5050331200529046,1.0,0.991578947368421,1.4423169693758742,instance,all
0,0.5555555555555556,1.0,0.573,0.5714285714285714,0.5707200176022974,1.0,0.5080232070196242,1.0,0.9947368421052631,0.06582049612904041,instance,all
1,0.21739130434782605,0.4,0.42700000000000005,0.6428571428571429,0.4386126595616182,0.5,0.4980347982602912,0.9982517482517482,0.9926315789473684,1.2107951032983792,instance,all
1,0.0,0.4,0.42700000000000005,1.0,0.3985168479701838,1.0,0.5014278818792302,1.0,0.9842105263157894,0.26963446006091263,instance,all
1,0.5593220338983051,0.0,0.42700000000000005,0.7142857142857143,0.42927998233452846,0.0,0.4881848444196699,0.9877622377622378,0.9863157894736843,0.472774990964115,instance,all
1,0.0,0.0,0.42700000000000005,0.5,0.43861265956181605,0.0,0.49758353963052915,0.9912587412587412,0.9894736842105263,1.9327250078434506,instance,all
1,0.2727272727272727,0.0,0.42700000000000005,0.21428571428571427,0.42927998214491736,0.0,0.49506008095499365,0.9877622377622378,0.9905263157894737,0.37598642108764774,instance,all
1,0.19999999999999996,0.0,0.42700000000000005,1.0,0.42927830852860405,0.0,0.48459978131390846,0.9842657342657343,0.9873684210526316,0.7936724711932122,instance,all
1,0.20833333333333337,0.0,0.42700000000000005,0.7142857142857143,0.4292799823413943,0.0,0.4906798024004967,0.9825174825174825,0.9968421052631579,1.3824926338496923,instance,all
1,0.20833333333333337,0.0,0.42700000000000005,0.42857142857142855,0.4291585178004297,0.0,0.4851701777961509,0.9772727272727273,0.9894736842105263,1.0373976187809317,instance,all
0,0.6923076923076923,1.0,0.573,0.5714285714285714,0.5707200180752637,1.0,0.5092224005676742,1.0,0.9926315789473684,0.2513166286354508,instance,all
1,0.2727272727272727,0.2,0.42700000000000005,0.5,0.42927998233480646,0.0,0.4884162946765871,0.993006993006993,0.988421052631579,1.4662248766005341,instance,all
1,0.11111111111111116,0.0,0.42700000000000005,0.5,0.42927998233451947,0.0,0.48922230963296176,0.986013986013986,0.9936842105263158,1.1500731431890443,instance,all
1,0.21739130434782605,0.0,0.42700000000000005,0.5,0.4292799823345286,0.0,0.48870512141949574,0.972027972027972,0.9926315789473684,0.8348561866944784,instance,all
0,0.7142857142857143,1.0,0.573,0.6428571428571429,0.5707200176653876,1.0,0.5033299370046904,1.0,0.9926315789473684,-0.0029035786036750444,instance,all
1,0.23076923076923073,0.4,0.42700000000000005,0.7142857142857143,0.4292799823381218,0.0,0.4989759031464417,0.9982517482517482,0.9926315789473684,1.7377452350316227,instance,all
1,0.125,0.0,0.42700000000000005,0.7142857142857143,0.4292799823195039,0.0,0.489764550108448,0.9895104895104895,0.988421052631579,0.9534875362919091,instance,all
1,0.0,0.4,0.42700000000000005,0.5,0.4078495251974713,0.3,0.4990889088485573,0.9982517482517482,0.9852631578947368,0.8082960299529955,instance,all
1,0.2727272727272727,0.2,0.42700000000000005,0.5714285714285714,0.42927998233380016,1.0,0.5023469119483797,1.0,0.9926315789473684,0.9240119210212792,instance,all
1,0.47619047619047616,0.2,0.42700000000000005,0.7142857142857143,0.42927998233442544,0.0,0.4964612962651519,0.993006993006993,0.9926315789473684,1.7243075260920797,instance,all
0,0.5238095238095238,1.0,0.573,0.6428571428571429,0.6014830637641602,1.0,0.5070963090024894,1.0,0.9821052631578947,0.9868565595059472,instance,all
1,0.36,0.2,0.42700000000000005,0.5,0.42927998233815,0.0,0.49398944784238163,0.993006993006993,0.9905263157894737,1.5144954463984812,instance,all
1,0.33333333333333337,0.2,0.42700000000000005,1.0,0.42927998233432174,0.5,0.4958654290099709,0.993006993006993,0.9968421052631579,0.8877067538128995,instance,all
1,0.5593220338983051,0.2,0.42700000000000005,1.0,0.42927998233452846,0.0,0.4967567199689119,0.9965034965034965,0.9936842105263158,1.5427906771860838,instance,all
1,0.29166666666666663,0.0,0.42700000000000005,0.8571428571428571,0.42927998233475473,0.0,0.4838214455432891,0.9790209790209791,0.9905263157894737,0.9582451213752027,instance,all
1,0.2727272727272727,0.6,0.42700000000000005,1.0,0.3915753460334602,0.0,0.49601944750341787,0.9982517482517482,0.9978947368421053,0.26281043493867284,instance,all
1,0.19999999999999996,0.2,0.42700000000000005,0.7142857142857143,0.4292799823343407,0.0,0.48528102301606635,0.9982517482517482,0.9947368421052631,0.1278834872694381,instance,all
1,0.23076923076923073,0.4,0.42700000000000005,0.7142857142857143,0.4078495251974713,0.0,0.4929944100357919,0.9947552447552448,0.9894736842105263,1.0209071320170926,instance,all
1,0.47619047619047616,0.0,0.42700000000000005,0.5,0.4294511157766693,0.0,0.49118803071143013,0.9912587412587412,0.991578947368421,1.5824843050763835,instance,all
1,0.19999999999999996,0.0,0.42700000000000005,1.0,0.39851684793932135,0.0,0.49048529987992284,0.9877622377622378,0.9926315789473684,0.9898327179364581,instance,all
0,0.7692307692307692,0.6,0.573,0.42857142857142855,0.5707200176613378,0.6666666666666666,0.49722744958306775,0.9976525821596244,0.9926315789473684,0.4134617809508953,instance,all
1,0.4444444444444444,0.4,0.42700000000000005,0.5714285714285714,0.4009080232604748,0.375,0.49836866981838945,0.9982517482517482,0.9968421052631579,0.6521424672634781,instance,all
1,0.3076923076923077,0.2,0.42700000000000005,0.7142857142857143,0.4292799823038464,1.0,0.5010917776845497,1.0,0.9894736842105263,0.22341445975221283,instance,all
0,0.6666666666666667,0.6,0.573,0.7857142857142857,0.5707200176637387,1.0,0.5124233875990203,1.0,0.991578947368421,0.1965903501011337,instance,all
1,0.47619047619047616,0.0,0.42700000000000005,1.0,0.42927998233421394,0.0,0.4897238231178399,0.9912587412587412,0.9968421052631579,1.3470709562509307,instance,all
1,0.125,0.0,0.42700000000000005,1.0,0.429279982334712,0.0,0.4908386882371083,0.9877622377622378,0.991578947368421,0.9780521474636775,instance,all
1,0.19999999999999996,0.0,0.42700000000000005,0.5,0.42927998233430176,0.0,0.49147699812190593,0.9667832167832168,0.9926315789473684,2.0333447426127855,instance,all
1,0.0,0.2,0.42700000000000005,1.0,0.4292799822798302,1.0,0.5001619744727371,1.0,0.991578947368421,2.938482158863709,instance,all
0,0.5555555555555556,1.0,0.573,0.6428571428571429,0.5707200176603477,1.0,0.5096222009250285,1.0,0.9863157894736843,-0.5017639468253771,instance,all
1,0.23076923076923073,0.0,0.42700000000000005,0.7142857142857143,0.4292799823346575,0.0,0.49230454178838046,0.9912587412587412,0.9936842105263158,1.1179755768501354,instance,all
1,0.29166666666666663,0.2,0.42700000000000005,0.6428571428571429,0.4292799817352152,0.0,0.49794411812160233,0.9982517482517482,0.9947368421052631,-0.30649841296050057,instance,all
1,0.4285714285714286,0.4,0.42700000000000005,0.7142857142857143,0.4292799823346445,1.0,0.5022795664085496,1.0,0.991578947368421,1.8846459524917385,instance,all
1,0.3055555555555556,0.0,0.42700000000000005,0.5714285714285714,0.42927998233332565,0.0,0.49501408538340697,0.9912587412587412,0.9947368421052631,0.4061251004476411,instance,all
0,0.1578947368421053,0.4,0.573,0.5714285714285714,0.5709180432251285,1.0,0.5008106184253184,1.0,0.9905263157894737,1.0129703564535741,instance,all
1,0.23529411764705888,0.2,0.42700000000000005,0.5,0.4292799823267645,1.0,0.5037212201297705,1.0,0.9894736842105263,0.375334003980792,instance,all
1,0.23529411764705888,0.2,0.42700000000000005,0.6428571428571429,0.4292799823335304,0.0,0.4968440694012918,0.9965034965034965,0.9852631578947368,0.4390727548489514,instance,all
0,0.7647058823529411,0.6,0.573,0.5714285714285714,0.5707200174119171,0.0,0.4985284570472306,0.9953051643192489,0.9905263157894737,0.2272642430262681,instance,all
1,0.47619047619047616,0.2,0.42700000000000005,1.0,0.436221484273832,0.0,0.49851538529229655,0.9965034965034965,0.9852631578947368,0.9350081085303814,instance,all
1,0.0,0.6,0.42700000000000005,1.0,0.429279982334533,1.0,0.5021419677988949,1.0,0.9947368421052631,1.4103884068672303,instance,all
0,0.782608695652174,0.8,0.573,0.5714285714285714,0.5707200174961227,0.0,0.4980670370035991,0.9976525821596244,0.9947368421052631,-0.11632800458086265,instance,all
1,0.4285714285714286,0.4,0.42700000000000005,0.5,0.4292799823143524,0.0,0.49869457219377,0.9947552447552448,0.9905263157894737,0.8641830551550093,instance,all
1,0.21739130434782605,0.2,0.42700000000000005,1.0,0.4292799823309816,0.0,0.49545188114597416,0.9965034965034965,0.9926315789473684,0.6501824109173671,instance,all
1,0.21739130434782605,0.4,0.42700000000000005,0.7142857142857143,0.42927998226587916,0.3333333333333333,0.492405430540262,0.9947552447552448,0.9936842105263158,1.184280270360328,instance,all
0,0.6363636363636364,0.6,0.573,0.9285714285714286,0.5707200176002218,1.0,0.5052500179840855,1.0,0.9905263157894737,0.03484841725751629,instance,all
1,0.21739130434782605,0.2,0.42700000000000005,0.5,0.4292799575261227,0.3333333333333333,0.4969546652195641,0.9965034965034965,0.9936842105263158,1.4035459666178314,instance,all
0,0.6363636363636364,0.8,0.573,0.7857142857142857,0.5707200534505631,0.8571428571428571,0.5051642090946749,1.0,0.9926315789473684,0.4869548024448391,instance,all
1,0.0,0.0,0.42700000000000005,1.0,0.4009080232604748,0.0,0.49431812504545847,0.9755244755244755,0.9852631578947368,1.488657141846752,instance,all
1,0.4285714285714286,0.4,0.42700000000000005,0.5714285714285714,0.4292799823063401,1.0,0.5016464516177496,1.0,0.9852631578947368,0.5463421299402207,instance,all
1,0.0,0.4,0.42700000000000005,0.6428571428571429,0.42927998233463116,0.6666666666666666,0.5071994434201452,1.0,0.991578947368421,-0.14923229178560077,instance,all
0,0.0,0.8,0.573,0.7142857142857143,0.5921504748025287,1.0,0.5004934812680487,1.0,0.9852631578947368,1.2581392363073272,instance,all
1,0.30000000000000004,0.4,0.42700000000000005,0.7142857142857143,0.42927998233355336,0.0,0.49301885569849024,0.9965034965034965,0.9926315789473684,1.40346164976251,instance,all
1,0.19999999999999996,0.4,0.42700000000000005,1.0,0.4292799823348178,1.0,0.5008042522096722,1.0,0.9926315789473684,1.6835055323681747,instance,all
1,0.0,0.0,0.42700000000000005,1.0,0.429279982334665,0.0,0.48774705456208856,0.9877622377622378,0.9926315789473684,0.9409203953106228,instance,all
0,0.7272727272727273,1.0,0.573,0.7857142857142857,0.5707200176906994,1.0,0.509309332727027,1.0,0.9905263157894737,0.7938389421605728,instance,all
1,0.0,0.2,0.42700000000000005,1.0,0.42927998233453213,0.0,0.49275960127972185,0.993006993006993,0.9947368421052631,1.246186557007765,instance,all
1,0.5593220338983051,0.4,0.42700000000000005,0.2857142857142857,0.4292799823344845,0.3333333333333333,0.4984260153407326,0.9982517482517482,0.9905263157894737,0.6893395715759086,instance,all
1,0.5593220338983051,0.4,0.42700000000000005,0.42857142857142855,0.4292799823345551,0.0,0.49634389710777505,0.9965034965034965,0.9863157894736843,1.758107518403215,instance,all
1,0.0,0.4,0.42700000000000005,0.35714285714285715,0.3915753460331872,1.0,0.5000626562451624,1.0,0.9894736842105263,0.6229294416031904,instance,all
1,0.19999999999999996,0.6,0.42700000000000005,1.0,0.4292799823345351,0.6666666666666666,0.4963769897014617,0.9982517482517482,0.9926315789473684,1.055584099379283,instance,all
1,0.0,0.0,0.42700000000000005,0.5714285714285714,0.42927998267824774,0.0,0.4916795683231764,0.9877622377622378,0.9989473684210526,0.5984883863968412,instance,all
1,0.17391304347826086,0.0,0.42700000000000005,1.0,0.4292799825218729,0.0,0.48736482905648737,0.9737762237762237,0.9936842105263158,1.139102023878159,instance,all
1,0.8571428571428572,0.2,0.42700000000000005,0.7142857142857143,0.43861265956181605,1.0,0.5056845670471877,1.0,0.9947368421052631,1.6737514654531294,instance,all
1,0.19999999999999996,0.2,0.42700000000000005,0.42857142857142855,0.4292799823347509,0.0,0.49323928541174233,0.9965034965034965,0.9936842105263158,2.014971342010242,instance,all
1,0.19999999999999996,0.2,0.42700000000000005,1.0,0.42927998233434617,1.0,0.5006974966144712,1.0,0.9894736842105263,1.8012075686162936,instance,all
1,0.0,0.2,0.42700000000000005,0.5,0.3915753461261373,0.0,0.4930304459928685,0.9982517482517482,0.9926315789473684,0.6097782259772329,instance,all
0,0.8,1.0,0.573,0.9285714285714286,0.5707200176654871,1.0,0.5064680388779146,1.0,0.9936842105263158,0.13573573528888574,instance,all
1,0.3055555555555556,0.4,0.42700000000000005,1.0,0.42927998246188126,1.0,0.5011428636056554,1.0,0.991578947368421,-0.04391670001888095,instance,all
0,0.5454545454545454,0.8,0.573,0.21428571428571427,0.5544458385011874,1.0,0.5069205949881059,1.0,0.9926315789473684,-0.5189831996179053,instance,all
0,0.7,0.8,0.573,0.7857142857142857,0.5707200176846937,1.0,0.507941668479827,1.0,0.9926315789473684,-0.5804693866704433,instance,all
1,0.30000000000000004,0.2,0.42700000000000005,1.0,0.42927998233456055,0.08333333333333333,0.4983407656994655,0.993006993006993,0.9957894736842106,1.072970282583437,instance,all
1,0.0,0.2,0.42700000000000005,0.42857142857142855,0.42927998233453124,0.0,0.48505375401723483,0.9947552447552448,0.9926315789473684,0.4821369574371091,instance,all
1,0.21739130434782605,0.0,0.42700000000000005,0.7142857142857143,0.4292799823345286,0.0,0.4839392472700701,0.9895104895104895,0.9947368421052631,1.844647374686338,instance,all
1,0.4444444444444444,0.4,0.42700000000000005,0.7142857142857143,0.42927998234686576,0.0,0.4972897396034137,0.9965034965034965,0.9894736842105263,0.8817267738062236,instance,all
0,0.5454545454545454,0.8,0.573,0.5714285714285714,0.5707200176646546,1.0,0.5118225892655263,1.0,0.9926315789473684,0.14094325370646524,instance,all
0,0.64,0.8,0.573,0.5714285714285714,0.5707200164127718,1.0,0.511085048902292,1.0,0.9863157894736843,-0.36625239575406876,instance,all
1,0.0,0.0,0.42700000000000005,0.5,0.4292799823345188,0.0,0.4854654100606809,0.9807692307692307,0.9894736842105263,1.1493213328870964,instance,all
1,0.23076923076923073,0.2,0.42700000000000005,0.7142857142857143,0.44555416149881255,0.0,0.49170837062188144,0.9947552447552448,0.9863157894736843,1.1885465793493426,instance,all
1,0.36,0.2,0.42700000000000005,1.0,0.4292799823348983,0.26666666666666666,0.4934773149302131,0.9965034965034965,0.9936842105263158,0.6216165688129699,instance,all
1,0.3055555555555556,0.2,0.42700000000000005,0.7142857142857143,0.42927998233427656,0.0,0.4968230456962136,0.9982517482517482,0.9873684210526316,0.7382385143259016,instance,all
1,0.0,0.0,0.42700000000000005,0.7142857142857143,0.42927998233481823,0.14285714285714285,0.4897249833477407,0.9685314685314685,0.9957894736842106,0.7782761996150726,instance,all
0,0.6363636363636364,1.0,0.573,0.6428571428571429,0.5707200128736774,1.0,0.5072802317351925,1.0,0.9926315789473684,1.5863121121068562,instance,all
1,0.36,0.4,0.42700000000000005,0.7142857142857143,0.42928137599879546,0.0,0.49053119192402095,0.9965034965034965,0.9947368421052631,0.3402115758366422,instance,all
1,0.0,0.8,0.42700000000000005,0.7142857142857143,0.42927998233453957,0.0,0.4994844481356686,0.9982517482517482,0.9894736842105263,1.5884401378822457,instance,all
0,0.6363636363636364,1.0,0.573,0.6428571428571429,0.6014831520298163,1.0,0.5023874606025704,1.0,0.988421052631579,0.38204785937917074,instance,all
1,0.5593220338983051,0.8,0.42700000000000005,0.42857142857142855,0.42927998187866645,0.5,0.5044343745468136,1.0,0.9947368421052631,0.11722248545516968,instance,all
1,0.30000000000000004,0.2,0.42700000000000005,0.7142857142857143,0.42927998200295125,0.0,0.49471913980582516,0.9947552447552448,0.991578947368421,-0.2474151587169284,instance,all
1,0.4285714285714286,0.4,0.42700000000000005,0.7142857142857143,0.3985168479701838,1.0,0.5019406529364182,1.0,0.988421052631579,1.0688338526719647,instance,all
0,0.8,1.0,0.573,0.5,0.5707200180023584,1.0,0.5079721590834658,1.0,0.9957894736842106,0.7214895527212765,instance,all
1,0.0,0.0,0.42700000000000005,1.0,0.44555416149881255,0.0,0.495718711905876,0.986013986013986,0.988421052631579,1.4612955297427213,instance,all
0,0.40909090909090906,0.8,0.573,0.5714285714285714,0.5707201588171931,0.0,0.4999940255941925,0.9976525821596244,0.9905263157894737,1.210914516090516,instance,all
1,0.23076923076923073,0.0,0.42700000000000005,0.7142857142857143,0.4292799823345341,0.0,0.4961758455160683,0.9912587412587412,0.9926315789473684,1.1978626201141302,instance,all
1,0.5909090909090908,0.4,0.42700000000000005,0.7142857142857143,0.42927998233539244,0.0,0.4930974554518168,0.9947552447552448,0.9926315789473684,0.6394480799035668,instance,all
1,0.36363636363636365,0.2,0.42700000000000005,0.7142857142857143,0.4292799994414659,0.0,0.49221215693984177,0.993006993006993,0.9894736842105263,0.4257433126644543,instance,all
1,0.30000000000000004,0.0,0.42700000000000005,1.0,0.4292799823345388,0.0,0.49796785148254563,0.9912587412587412,0.991578947368421,1.6691052381147933,instance,all
1,0.20833333333333337,0.6,0.42700000000000005,1.0,0.42927998235578946,0.5,0.4962193300167871,0.9965034965034965,0.9957894736842106,0.7547110249067922,instance,all
1,0.20833333333333337,0.2,0.42700000000000005,1.0,0.42927998235865006,0.0,0.490690766156469,0.9982517482517482,0.9926315789473684,1.2595478427748084,instance,all
1,0.33333333333333337,0.4,0.42700000000000005,0.7142857142857143,0.42927998233449466,0.0,0.4967770827701786,0.9947552447552448,0.9936842105263158,1.0210737235284713,instance,all
1,0.47619047619047616,0.2,0.42700000000000005,0.6428571428571429,0.42927998240617604,0.0,0.4947964076603675,0.9982517482517482,0.988421052631579,0.9600002283706226,instance,all
1,0.0,0.2,0.42700000000000005,0.5,0.4292799839978878,0.0,0.48659545370682256,0.993006993006993,0.9905263157894737,0.6049255566310383,instance,all
1,0.20833333333333337,0.0,0.42700000000000005,1.0,0.4292799823355069,0.0,0.4971014308831343,0.9842657342657343,0.9894736842105263,1.6489971107208972,instance,all
1,0.4444444444444444,0.0,0.42700000000000005,0.2857142857142857,0.4292799829530698,0.0,0.49398182959231773,0.9825174825174825,0.991578947368421,-0.21278055263781617,instance,all
1,0.11111111111111116,0.2,0.42700000000000005,1.0,0.4292799823345286,0.5,0.50306181398623,1.0,0.9926315789473684,1.098615301970125,instance,all
1,0.4545454545454546,0.2,0.42700000000000005,1.0,0.42927998233452935,0.0,0.4935983485174379,0.9947552447552448,0.9936842105263158,1.6764851404299124,instance,all
1,0.0,0.2,0.42700000000000005,0.5714285714285714,0.42927998233508846,0.0,0.49538134835448133,0.9947552447552448,0.988421052631579,0.6189406513538744,instance,all
0,0.0,1.0,0.573,0.42857142857142855,0.5707200176537189,1.0,0.5176480819709216,1.0,0.9894736842105263,0.34360216603372773,instance,all
0,0.0,1.0,0.573,0.42857142857142855,0.5655125966729534,1.0,0.5071222731754699,1.0,0.9842105263157894,1.4230773451700585,instance,all
1,0.19999999999999996,0.6,0.42700000000000005,0.42857142857142855,0.42927998233453335,0.0,0.49429328375947845,0.9965034965034965,0.991578947368421,1.7710585355579989,instance,all
1,0.8421052631578947,0.4,0.42700000000000005,0.7142857142857143,0.4292799823345548,0.6666666666666666,0.5007038076687342,1.0,0.9936842105263158,2.282207524871634,instance,all
1,0.23076923076923073,0.2,0.42700000000000005,0.5,0.4292799823342678,0.0,0.49008290868506,0.9965034965034965,0.9947368421052631,0.6471582717492607,instance,all
1,0.17391304347826086,0.4,0.42700000000000005,1.0,0.4292845902044994,0.5,0.4985021153622623,0.9965034965034965,0.9863157894736843,1.102418115999317,instance,all
1,0.19999999999999996,0.0,0.42700000000000005,1.0,0.4292799823346015,0.5,0.49628091660989915,0.9912587412587412,0.9957894736842106,1.1454290952024762,instance,all
1,0.0,0.4,0.42700000000000005,0.7142857142857143,0.429279982335939,0.0,0.49535658399899085,0.9965034965034965,0.991578947368421,0.6475237622687041,instance,all
1,0.23529411764705888,0.0,0.42700000000000005,0.7142857142857143,0.42927998234239917,0.5,0.4915928199989087,0.986013986013986,0.9926315789473684,1.2250731644053157,instance,all
1,0.36,0.2,0.42700000000000005,0.7142857142857143,0.42927998233149584,0.2,0.4936946862083823,0.9947552447552448,0.9926315789473684,0.26142626065084645,instance,all
1,0.36363636363636365,0.2,0.42700000000000005,1.0,0.4292799823578143,0.0,0.49277504298832486,0.9947552447552448,0.9894736842105263,1.485839832361364,instance,all
1,0.0,0.4,0.42700000000000005,0.5,0.43861265956181605,0.0,0.49609239824729157,0.9947552447552448,0.991578947368421,1.5791729895615019,instance,all
1,0.36363636363636365,0.4,0.42700000000000005,0.7142857142857143,0.43861265956187256,1.0,0.5060610383656041,1.0,0.9852631578947368,1.7988076608437245,instance,all
1,0.36363636363636365,0.2,0.42700000000000005,0.6428571428571429,0.4293188507415916,0.0,0.4964882616316799,0.993006993006993,0.9926315789473684,0.23679261567796106,instance,all
1,0.17391304347826086,0.2,0.42700000000000005,0.7142857142857143,0.42927998233371323,0.0,0.4982793092172074,0.9965034965034965,0.9894736842105263,0.9793834065247182,instance,all
1,0.3055555555555556,0.6,0.42700000000000005,0.7142857142857143,0.42927998233455517,0.3076923076923077,0.4928958511746925,0.9982517482517482,0.9968421052631579,0.2619304968695687,instance,all
1,0.0,0.0,0.42700000000000005,0.5,0.42927998233497033,0.0,0.4854921053025899,0.9807692307692307,0.9926315789473684,0.8518431680355975,instance,all
1,0.19999999999999996,0.0,0.42700000000000005,0.42857142857142855,0.4292799823344855,0.0,0.4967037051361204,0.9912587412587412,0.9947368421052631,1.1321705753558564,instance,all
1,0.3571428571428571,0.2,0.42700000000000005,0.5714285714285714,0.4292799824053083,0.0,0.492898692431754,0.9947552447552448,0.9894736842105263,0.8776984411608324,instance,all
1,0.0,0.0,0.42700000000000005,1.0,0.42927998245064997,0.0,0.49257793628548896,0.9842657342657343,0.991578947368421,1.4929248623810056,instance,all
1,0.3055555555555556,0.0,0.42700000000000005,1.0,0.43861265956181605,0.0,0.4918047788280405,0.9895104895104895,0.9905263157894737,0.7946597426999713,instance,all
1,0.29166666666666663,0.0,0.42700000000000005,0.8571428571428571,0.42927998233787545,0.06666666666666667,0.4918791538802272,0.9772727272727273,0.9968421052631579,1.1638766392773512,instance,all
1,0.36363636363636365,0.4,0.42700000000000005,1.0,0.4292799823344957,0.0,0.49861155683344316,0.9965034965034965,0.9968421052631579,1.8440712900393548,instance,all
1,0.11111111111111116,0.0,0.42700000000000005,0.7142857142857143,0.4292799823345318,0.2,0.4926254449002325,0.9895104895104895,0.991578947368421,1.3067646405427482,instance,all
1,0.36363636363636365,0.2,0.42700000000000005,0.7142857142857143,0.4292796848878958,0.0,0.49295165862685353,0.9947552447552448,0.9905263157894737,0.523172560569869,instance,all
1,0.0,0.0,0.42700000000000005,0.6428571428571429,0.44555416149881255,0.0,0.49034254529567134,0.9912587412587412,0.9863157894736843,1.412267261051683,instance,all
1,0.20833333333333337,0.2,0.42700000000000005,0.7142857142857143,0.42927998233460085,0.0,0.4978048980522016,0.9982517482517482,0.9926315789473684,0.6883426148794759,instance,all
1,0.29166666666666663,0.2,0.42700000000000005,0.7142857142857143,0.42927998233754106,0.0,0.4954979691381788,0.9947552447552448,0.9873684210526316,1.1305483018453846,instance,all
1,0.2142857142857143,0.2,0.42700000000000005,1.0,0.4292799823353699,0.0,0.49868078910860847,0.9982517482517482,0.9936842105263158,2.3031993984667203,instance,all
1,0.3571428571428571,0.4,0.42700000000000005,0.6428571428571429,0.42927998234632003,0.0,0.4964033810109203,0.9982517482517482,0.9936842105263158,1.2786165447449378,instance,all
1,0.21739130434782605,0.4,0.42700000000000005,1.0,0.43861265956191653,0.0,0.4932386660862884,0.9982517482517482,0.9957894736842106,2.1692473566385924,instance,all
0,0.7857142857142857,0.8,0.573,0.6428571428571429,0.5613909811125289,1.0,0.512845700380973,1.0,0.9926315789473684,-0.1912857532747571,instance,all
1,0.47619047619047616,0.2,0.42700000000000005,0.5,0.4292799823993745,0.0,0.4919325205157702,0.993006993006993,0.9926315789473684,1.2304299971817758,instance,all
0,0.5238095238095238,1.0,0.573,0.7142857142857143,0.570720033985728,1.0,0.5048210533344186,1.0,0.988421052631579,0.3605542995934849,instance,all
1,0.5593220338983051,0.2,0.42700000000000005,0.7142857142857143,0.42927998233424103,0.0,0.4972343381652836,0.9965034965034965,0.9894736842105263,1.6201010434233176,instance,all
1,0.2142857142857143,0.6,0.42700000000000005,0.7142857142857143,0.4292799823481671,1.0,0.50051719946917,1.0,0.9905263157894737,-0.10462399441907151,instance,all
1,0.0,0.2,0.42700000000000005,0.7142857142857143,0.42927998233453796,0.5,0.5005669837290728,1.0,0.9936842105263158,1.1966568268335163,instance,all
1,0.23076923076923073,0.2,0.42700000000000005,0.5714285714285714,0.4292799823789869,0.0,0.49463484646928424,0.993006993006993,0.9873684210526316,1.2298193864875047,instance,all
1,0.23076923076923073,0.0,0.42700000000000005,1.0,0.4292799823345377,0.0,0.4946932532302999,0.9895104895104895,0.9905263157894737,1.2816891281971472,instance,all
1,0.0,0.0,0.42700000000000005,0.7857142857142857,0.42928008583217336,0.0,0.4922375764328153,0.9807692307692307,0.9821052631578947,0.649324373050757,instance,all
1,0.3055555555555556,0.2,0.42700000000000005,0.5,0.42927998233452846,0.14285714285714285,0.493766123643698,0.993006993006993,0.9968421052631579,0.372661466920395,instance,all
1,0.3571428571428571,0.2,0.42700000000000005,0.7142857142857143,0.42927998233453124,0.0,0.4877768977890916,0.9965034965034965,0.9894736842105263,1.5552739046731057,instance,all
0,0.6428571428571428,0.8,0.573,0.6428571428571429,0.5707199972265021,1.0,0.504346677834229,1.0,0.9905263157894737,0.8401604804429281,instance,all
1,0.7,0.4,0.42700000000000005,0.5,0.4292799823390898,0.2857142857142857,0.4990096739945703,0.9965034965034965,0.991578947368421,0.7296767152682653,instance,all
1,0.21739130434782605,0.2,0.42700000000000005,0.7142857142857143,0.4292799823352692,0.0,0.48811714821726504,0.993006993006993,0.9905263157894737,0.5604866817682351,instance,all
1,0.5714285714285714,0.2,0.42700000000000005,0.5,0.4292799823345117,0.0,0.49480691261299836,0.993006993006993,0.9957894736842106,1.097470856783404,instance,all
0,0.6666666666666667,1.0,0.573,0.5714285714285714,0.6014831520298163,0.6666666666666666,0.5042089172514214,1.0,0.9894736842105263,0.44560592997682097,instance,all
1,0.0,0.0,0.42700000000000005,0.42857142857142855,0.4292799823369545,0.0,0.49690284359403847,0.986013986013986,0.9936842105263158,1.558622922302786,instance,all
1,0.3076923076923077,0.0,0.42700000000000005,0.6428571428571429,0.42927998233650977,0.0,0.49568192803257205,0.9912587412587412,0.9968421052631579,1.4710904320890095,instance,all
1,0.19999999999999996,0.0,0.42700000000000005,0.35714285714285715,0.42927998233452114,0.0,0.493459495304961,0.9877622377622378,0.9947368421052631,2.1039887549231033,instance,all
0,0.6428571428571428,1.0,0.573,0.7142857142857143,0.5707200154940719,1.0,0.5088381560906601,1.0,0.9852631578947368,-0.366421499496232,instance,all
1,0.19999999999999996,0.0,0.42700000000000005,0.5,0.44555416149881255,0.0,0.48763422956306335,0.9790209790209791,0.9947368421052631,1.7597046636200813,instance,all
1,0.23529411764705888,0.0,0.42700000000000005,0.7142857142857143,0.429279982336943,0.0,0.4920585394763043,0.9807692307692307,0.9894736842105263,1.0953224346640467,instance,all
1,0.0,0.2,0.42700000000000005,0.7142857142857143,0.4292799823355734,0.0,0.4989574273548153,0.9982517482517482,0.991578947368421,0.7839698885750332,instance,all
1,0.0,0.2,0.42700000000000005,0.5,0.4292799823352087,0.0,0.49668969213135417,0.9982517482517482,0.9905263157894737,0.9512011168090394,instance,all
1,0.3055555555555556,0.0,0.42700000000000005,1.0,0.4292799823345287,0.0,0.49581149454612694,0.9877622377622378,0.9894736842105263,0.1755177875447315,instance,all
1,0.4545454545454546,0.4,0.42700000000000005,0.5,0.4292799823492582,0.0,0.49968205177799374,0.9982517482517482,0.9873684210526316,0.5766502566265866,instance,all
1,0.5593220338983051,0.6,0.42700000000000005,1.0,0.4292799874927554,0.0,0.49669023350753305,0.9982517482517482,0.9831578947368421,0.2495862378785918,instance,all
0,0.8,0.4,0.573,0.6428571428571429,0.5707200186933554,0.5,0.49781279884467355,0.9976525821596244,0.9894736842105263,1.5179440935335322,instance,all
0,0.7857142857142857,1.0,0.573,0.21428571428571427,0.5707200147567866,1.0,0.5096833929324316,1.0,0.9936842105263158,0.18879682358278194,instance,all
1,0.0,0.2,0.42700000000000005,0.7142857142857143,0.4292801408677317,0.0,0.49472531407479736,0.9965034965034965,0.988421052631579,1.5883370201992286,instance,all
1,0.4545454545454546,0.4,0.42700000000000005,1.0,0.4292799823336009,0.0,0.49555605073987696,0.9982517482517482,0.9947368421052631,1.1781173652560573,instance,all
1,0.125,0.0,0.42700000000000005,0.7142857142857143,0.4292799824723722,0.0,0.49654092234845437,0.9912587412587412,0.9852631578947368,0.4515473047918668,instance,all
1,0.19999999999999996,0.2,0.42700000000000005,0.42857142857142855,0.42927998233460385,0.0,0.49336730292715836,0.9982517482517482,0.9926315789473684,1.0198883824630682,instance,all
1,0.21739130434782605,0.0,0.42700000000000005,0.7142857142857143,0.42927998278065693,0.3333333333333333,0.49342370602213415,0.9877622377622378,0.9947368421052631,0.5778974767281106,instance,all
1,0.3055555555555556,0.0,0.42700000000000005,0.8571428571428571,0.429280056740857,0.0,0.4910575998372132,0.9825174825174825,0.9905263157894737,0.47022806478028534,instance,all
1,0.8,0.2,0.42700000000000005,0.6428571428571429,0.42927998232180176,0.0,0.487398885466787,0.993006993006993,0.9852631578947368,-0.16102895353942054,instance,all
1,0.23529411764705888,0.0,0.42700000000000005,0.7142857142857143,0.40786903242428263,0.0,0.4931143692539305,0.9842657342657343,0.991578947368421,1.4080411795275023,instance,all
1,0.33333333333333337,0.2,0.42700000000000005,0.5,0.4292799823369742,1.0,0.5070354328778137,1.0,0.991578947368421,1.1501249127221636,instance,all
1,0.3076923076923077,0.0,0.42700000000000005,1.0,0.4292799823349104,0.0,0.4963039123482085,0.9912587412587412,0.9926315789473684,1.7801537233660876,instance,all
1,0.0,0.2,0.42700000000000005,0.7142857142857143,0.4292799823346777,0.0,0.49907676475090357,0.9982517482517482,0.9947368421052631,0.7879962557184705,instance,all
1,0.5593220338983051,0.6,0.42700000000000005,0.7142857142857143,0.42927998241068566,1.0,0.5063062581698989,1.0,0.9905263157894737,0.13377485134632852,instance,all
1,0.0,0.2,0.42700000000000005,0.42857142857142855,0.42927998233449793,0.0,0.4966023798475532,0.9982517482517482,0.991578947368421,1.4851526903535137,instance,all
1,0.0,0.2,0.42700000000000005,1.0,0.4292799823427743,0.0,0.49545954602525666,0.9947552447552448,0.9926315789473684,0.04219120521840003,instance,all
1,0.4444444444444444,0.4,0.42700000000000005,0.6428571428571429,0.4292799823345386,0.0,0.4991840992830857,0.9982517482517482,0.9936842105263158,0.5372796422498557,instance,all
1,0.33333333333333337,0.2,0.42700000000000005,0.7142857142857143,0.4292799823349491,1.0,0.5001334356006616,1.0,0.9936842105263158,0.633183899172096,instance,all
1,0.19999999999999996,0.2,0.42700000000000005,0.7142857142857143,0.39157534603319666,0.0,0.4938673747546102,0.993006993006993,0.9947368421052631,1.1937892867477136,instance,all
1,0.3055555555555556,0.4,0.42700000000000005,0.42857142857142855,0.4292799823346434,0.0,0.4986575982438869,0.9947552447552448,0.9957894736842106,1.3438259784140323,instance,all
1,0.0,0.0,0.42700000000000005,0.5,0.4292799823364285,0.0,0.48797551977170295,0.9895104895104895,0.9926315789473684,0.2055377491293995,instance,all
1,0.5593220338983051,0.4,0.42700000000000005,0.42857142857142855,0.42928014487417976,1.0,0.5055357257606246,1.0,0.9936842105263158,-0.1306330637344129,instance,all
0,0.5555555555555556,1.0,0.573,0.9285714285714286,0.5707232019139162,1.0,0.5033549414775228,1.0,0.9842105263157894,0.13344036049457117,instance,all
1,0.0,0.2,0.42700000000000005,0.5,0.42927998233455167,0.0,0.4879302446122794,0.993006993006993,0.9947368421052631,1.628313055446941,instance,all
1,0.23076923076923073,0.0,0.42700000000000005,1.0,0.42927998233540443,0.4444444444444444,0.4911794269288531,0.9912587412587412,0.991578947368421,2.296719280574723,instance,all
1,0.17391304347826086,0.6,0.42700000000000005,0.42857142857142855,0.42928020981585835,1.0,0.5079943877924906,1.0,0.9947368421052631,-0.4603789024420537,instance,all
1,0.2857142857142857,0.0,0.42700000000000005,0.42857142857142855,0.4292799823345951,0.0,0.4935264938092925,0.9912587412587412,0.9905263157894737,2.6876067507999126,instance,all
1,0.3571428571428571,0.2,0.42700000000000005,1.0,0.4292799823558564,0.5,0.500809614689862,1.0,0.9936842105263158,2.2631551999046593,instance,all
1,0.0,0.2,0.42700000000000005,0.7142857142857143,0.4292799823691469,1.0,0.5084025774445922,1.0,0.9873684210526316,0.21344379341739766,instance,all
1,0.11111111111111116,0.2,0.42700000000000005,0.7142857142857143,0.42927998233748854,0.0,0.49606711360718847,0.9947552447552448,0.9926315789473684,1.1697726488507834,instance,all
1,0.23076923076923073,0.4,0.42700000000000005,1.0,0.42927998233453335,0.2727272727272727,0.4923356795543252,0.9965034965034965,0.9947368421052631,1.9724600055359698,instance,all
1,0.5909090909090908,0.4,0.42700000000000005,0.5,0.42927998233453957,0.0,0.4984478120583745,0.9982517482517482,0.9894736842105263,1.4842973205894954,instance,all
1,0.36,0.4,0.42700000000000005,1.0,0.42927998115654,0.0,0.4953828813734549,0.9947552447552448,0.9863157894736843,0.9256931878916672,instance,all
1,0.0,0.4,0.42700000000000005,0.42857142857142855,0.4292799823371821,0.0,0.4989925030353215,0.9982517482517482,0.9852631578947368,0.7552647079167847,instance,all
1,0.6666666666666667,0.4,0.42700000000000005,1.0,0.42927998233452946,0.0,0.49585784552413326,0.9982517482517482,0.9873684210526316,0.9876227847713398,instance,all
1,0.17391304347826086,0.2,0.42700000000000005,0.35714285714285715,0.43861265956181605,0.0,0.49854090346561064,0.9982517482517482,0.9926315789473684,2.019160430102272,instance,all
1,0.23076923076923073,0.0,0.42700000000000005,0.42857142857142855,0.42927998233464393,0.3076923076923077,0.4958410155428308,0.9895104895104895,0.9905263157894737,1.4036323693385844,instance,all
0,0.6363636363636364,1.0,0.573,0.7857142857142857,0.5707194152481695,1.0,0.5068860665018858,1.0,0.9894736842105263,0.8364224526342945,instance,all
1,0.3076923076923077,0.0,0.42700000000000005,0.7857142857142857,0.429279982338274,0.375,0.4908978711574866,0.9877622377622378,0.9947368421052631,1.173426871110547,instance,all
1,0.36363636363636365,0.2,0.42700000000000005,0.35714285714285715,0.429279982334549,0.0,0.49478932951672894,0.9965034965034965,0.9831578947368421,1.2823272661782823,instance,all
1,0.30000000000000004,0.2,0.42700000000000005,0.35714285714285715,0.42927998233454245,0.0,0.49880438463548316,0.9965034965034965,0.9821052631578947,2.8620581707823893,instance,all
1,0.4285714285714286,0.4,0.42700000000000005,0.5714285714285714,0.4292799824319746,1.0,0.5022813367313723,1.0,0.9926315789473684,-0.21156642234306214,instance,all
1,0.0,0.2,0.42700000000000005,1.0,0.4292799868075181,0.0,0.49724075281298863,0.993006993006993,0.9863157894736843,1.621072630703938,instance,all
1,0.17391304347826086,0.2,0.42700000000000005,0.5,0.42927998233454423,0.0,0.4990624962143757,0.9982517482517482,0.9905263157894737,2.0762353695983915,instance,all
1,0.2142857142857143,0.0,0.42700000000000005,0.5,0.4292800696591327,0.0,0.4924269506604161,0.9895104895104895,0.991578947368421,1.7616636678768864,instance,all
1,0.30000000000000004,0.2,0.42700000000000005,1.0,0.42927998233477044,0.0,0.49275377638882123,0.9982517482517482,0.9957894736842106,1.1780803188400746,instance,all
1,0.4545454545454546,0.0,0.42700000000000005,0.42857142857142855,0.4292799823345232,0.0,0.4905546115251972,0.9895104895104895,0.991578947368421,0.6563073637165806,instance,all
1,0.23076923076923073,0.2,0.42700000000000005,0.7142857142857143,0.4292799823347955,0.0,0.49741359636941584,0.9982517482517482,0.9926315789473684,1.1003024407278492,instance,all
1,0.5714285714285714,0.4,0.42700000000000005,0.5,0.4292799823349585,0.3333333333333333,0.4991012187047891,0.9982517482517482,0.991578947368421,0.6567941250978397,instance,all
1,0.19999999999999996,0.2,0.42700000000000005,0.7142857142857143,0.42927998459813266,0.0,0.4925080936170927,0.993006993006993,0.9873684210526316,0.9672919282148228,instance,all
1,0.30000000000000004,0.4,0.42700000000000005,0.7142857142857143,0.4292799823255099,0.0,0.4961454268533867,0.9965034965034965,0.9873684210526316,0.9857307313812361,instance,all
1,0.3125,0.2,0.42700000000000005,1.0,0.42927998234137343,0.4444444444444444,0.5010678013831201,1.0,0.9926315789473684,-0.11512390402826927,instance,all
0,0.0,0.8,0.573,0.7857142857142857,0.5921504748025287,1.0,0.5033888100502049,1.0,0.9905263157894737,0.8382484396610845,instance,all
0,0.6666666666666667,0.8,0.573,0.8571428571428571,0.5707200176189611,1.0,0.5012862193827069,1.0,0.9831578947368421,0.18235709624674196,instance,all
1,0.2142857142857143,0.0,0.42700000000000005,1.0,0.4292799823345286,0.0,0.49438313421211444,0.9912587412587412,0.991578947368421,1.4124766682679972,instance,all
1,0.30000000000000004,0.2,0.42700000000000005,0.7142857142857143,0.4292801825859386,0.0,0.4864735709672102,0.9947552447552448,0.9905263157894737,0.5919748909595897,instance,all
1,0.875,0.4,0.42700000000000005,0.42857142857142855,0.4292799838798901,1.0,0.5008400347919826,1.0,0.988421052631579,0.5201900886164168,instance,all
1,0.17391304347826086,0.0,0.42700000000000005,0.7142857142857143,0.42927998239944143,0.0,0.48715525327465303,0.9895104895104895,0.9947368421052631,0.8571829094229234,instance,all
1,0.36,0.0,0.42700000000000005,0.5,0.4009080232679901,0.0,0.4880365109826491,0.9790209790209791,0.9873684210526316,0.3699908773050978,instance,all
1,0.0,0.0,0.42700000000000005,0.6428571428571429,0.42927998238524756,0.0,0.48838425946106756,0.9842657342657343,0.9926315789473684,1.4652255572621113,instance,all
1,0.30000000000000004,0.4,0.42700000000000005,1.0,0.4292799823361548,0.0,0.49899383768405525,0.9947552447552448,0.9926315789473684,1.3328113344594794,instance,all
1,0.19999999999999996,0.2,0.42700000000000005,0.7142857142857143,0.4292799823345152,0.0,0.49300737395226546,0.9982517482517482,0.9926315789473684,1.7859935764504506,instance,all
1,0.0,0.0,0.42700000000000005,1.0,0.4292799823346328,0.0,0.49598925000296734,0.9877622377622378,0.9873684210526316,0.5248429304411607,instance,all
1,0.4545454545454546,0.2,0.42700000000000005,1.0,0.42927998233453635,0.25,0.49899643945145733,0.9982517482517482,0.9926315789473684,1.7987268437340387,instance,all
1,0.125,0.2,0.42700000000000005,0.7142857142857143,0.42927998233453346,0.0,0.49286916616623255,0.993006993006993,0.9926315789473684,1.3142991743461916,instance,all
1,0.0,0.0,0.42700000000000005,0.5,0.4292799823345389,0.0,0.4903479267097225,0.9912587412587412,0.988421052631579,1.7391541776272124,instance,all
1,0.3571428571428571,0.2,0.42700000000000005,0.7142857142857143,0.429279982338603,0.0,0.49456710266764403,0.9965034965034965,0.9936842105263158,0.34468894134870554,instance,all
1,0.0,0.0,0.42700000000000005,1.0,0.4292799823435043,0.0,0.49267251448215243,0.9842657342657343,0.9968421052631579,0.7587206618123763,instance,all
0,0.875,1.0,0.573,0.5714285714285714,0.5707200364272709,1.0,0.5093045563098444,1.0,0.991578947368421,0.3603985192623491,instance,all
1,0.19999999999999996,0.4,0.42700000000000005,0.5714285714285714,0.42927998233801745,0.0,0.49774668469590566,0.9947552447552448,0.9936842105263158,0.8579103443989055,instance,all
1,0.5593220338983051,0.4,0.42700000000000005,0.7142857142857143,0.4292799829250771,1.0,0.5018499903519706,1.0,0.9894736842105263,1.3325318478249228,instance,all
1,0.21739130434782605,0.0,0.42700000000000005,0.7142857142857143,0.4292799824229896,0.0,0.48525634753050406,0.986013986013986,0.9873684210526316,1.6245947364285256,instance,all
1,0.0,0.0,0.42700000000000005,0.5714285714285714,0.42927998243139964,0.0,0.49638764369858956,0.9912587412587412,0.9863157894736843,1.633017912961017,instance,all
1,0.21739130434782605,0.4,0.42700000000000005,0.7142857142857143,0.42927998233453657,0.0,0.48737782560099197,0.9947552447552448,0.991578947368421,2.1821723081389597,instance,all
1,0.17391304347826086,0.0,0.42700000000000005,1.0,0.4292799823345337,0.0,0.4934112259989474,0.9877622377622378,0.9936842105263158,1.728784270564508,instance,all
0,0.782608695652174,1.0,0.573,0.5714285714285714,0.5707200176775168,1.0,0.508899198585657,1.0,0.9947368421052631,0.3820186230020504,instance,all
1,0.20833333333333337,0.0,0.42700000000000005,0.5,0.42927998233499853,0.0,0.4894707076704986,0.9632867132867133,0.988421052631579,1.4177677164896045,instance,all
1,0.30000000000000004,0.6,0.42700000000000005,0.7142857142857143,0.4292799823345659,0.0,0.4983413215351864,0.9982517482517482,0.9863157894736843,0.8125664384463851,instance,all
1,0.11111111111111116,0.0,0.42700000000000005,0.6428571428571429,0.4292799823345367,0.0,0.49785496684105524,0.9895104895104895,0.9905263157894737,1.3877100537712321,instance,all
1,0.36363636363636365,0.2,0.42700000000000005,1.0,0.42927998272142376,0.45454545454545453,0.49718975480269534,0.9947552447552448,0.9926315789473684,0.2780155901870859,instance,all
1,0.23529411764705888,0.4,0.42700000000000005,1.0,0.42927998234378884,0.0,0.4961583273995933,0.9947552447552448,0.9926315789473684,1.061054386784167,instance,all
0,0.7692307692307692,0.8,0.573,0.5714285714285714,0.5707200125974098,1.0,0.5016482597801786,1.0,0.9926315789473684,1.4900612143617449,instance,all
1,0.4285714285714286,0.4,0.42700000000000005,1.0,0.42927998233451803,0.0,0.4981877913844648,0.9965034965034965,0.9905263157894737,1.38622514159494,instance,all
0,0.44067796610169496,0.8,0.573,0.42857142857142855,0.5707200176727576,0.0,0.4977221687435859,0.9976525821596244,0.9957894736842106,-0.055871088070591046,instance,all
1,0.3571428571428571,0.2,0.42700000000000005,0.7142857142857143,0.4386126595625399,0.4,0.4968685667469789,0.993006993006993,0.9936842105263158,1.0365144794991215,instance,all
1,0.0,0.4,0.42700000000000005,0.7142857142857143,0.42927998233453935,1.0,0.5000011621002105,1.0,0.9936842105263158,1.5633722096264404,instance,all
1,0.7142857142857143,0.0,0.42700000000000005,0.7142857142857143,0.4292799823345316,0.0,0.49280903091156525,0.9877622377622378,0.9947368421052631,0.6299303302310831,instance,all
1,0.0,0.2,0.42700000000000005,0.35714285714285715,0.44555416149881255,0.0,0.4939262060116214,0.9947552447552448,0.9926315789473684,1.087635030106286,instance,all
1,0.2142857142857143,0.2,0.42700000000000005,0.5,0.42927998233452846,0.0,0.4977952562201814,0.9947552447552448,0.9936842105263158,1.5337757234520883,instance,all
0,0.0,1.0,0.573,0.6428571428571429,0.5921504748025287,1.0,0.504178792140573,1.0,0.9905263157894737,1.1846403691394969,instance,all
1,0.5,0.2,0.42700000000000005,0.7142857142857143,0.44555416149881255,0.3333333333333333,0.4985759175386828,0.9982517482517482,0.991578947368421,0.7302078417908464,instance,all
1,0.0,0.4,0.42700000000000005,0.7142857142857143,0.44555416149881255,0.0,0.4965526528185874,0.9947552447552448,0.9936842105263158,1.3862649467369355,instance,all
1,0.23529411764705888,0.2,0.42700000000000005,1.0,0.4292799823589566,1.0,0.5004219250598171,1.0,0.9936842105263158,0.8608129138806493,instance,all
1,0.23529411764705888,0.2,0.42700000000000005,0.42857142857142855,0.43861265956181605,0.06666666666666667,0.49505741032795747,0.9947552447552448,0.9947368421052631,0.9162602670577026,instance,all
1,0.0,0.2,0.42700000000000005,0.42857142857142855,0.43861265956181605,0.0,0.4958207283114283,0.993006993006993,0.991578947368421,1.278239370611593,instance,all
1,0.17391304347826086,0.4,0.42700000000000005,0.7142857142857143,0.42927998233453013,0.0,0.4964993224692492,0.9965034965034965,0.991578947368421,1.2798361992568426,instance,all
1,0.0,0.2,0.42700000000000005,1.0,0.4292799823345287,0.0,0.49942698303604016,0.9982517482517482,0.9926315789473684,1.1973071066403298,instance,all
1,0.19999999999999996,0.2,0.42700000000000005,0.7142857142857143,0.4292799539377406,0.0,0.4895012446489809,0.9947552447552448,0.9905263157894737,-0.0726173315948561,instance,all
0,0.7272727272727273,1.0,0.573,0.5714285714285714,0.5910083008585584,1.0,0.5057397959075354,1.0,0.9926315789473684,1.2622671160396035,instance,all
1,0.2142857142857143,0.0,0.42700000000000005,0.7142857142857143,0.4292799823359938,0.0,0.49194166587717925,0.9912587412587412,0.9894736842105263,1.3792599132018615,instance,all
0,0.375,0.6,0.573,0.7142857142857143,0.570712248213105,1.0,0.5087920321964955,1.0,0.9905263157894737,1.3005739047119742,instance,all
1,0.3055555555555556,0.0,0.42700000000000005,0.42857142857142855,0.42927998233452913,0.0,0.4936240972475384,0.986013986013986,0.9936842105263158,1.4233890753492162,instance,all
1,0.17391304347826086,0.4,0.42700000000000005,0.6428571428571429,0.4292799826209508,1.0,0.5048650431269025,1.0,0.9968421052631579,0.4293433921382909,instance,all
1,0.47619047619047616,0.6,0.42700000000000005,0.7142857142857143,0.4292799823587471,0.0,0.49872425482504534,0.9982517482517482,0.991578947368421,0.7557255685412663,instance,all
0,0.5555555555555556,0.8,0.573,0.7142857142857143,0.6014831520298163,1.0,0.5035423102435375,1.0,0.9905263157894737,-0.47542180351669566,instance,all
1,0.0,0.4,0.42700000000000005,1.0,0.44555416149881255,0.5,0.49678590396987243,0.9982517482517482,0.9894736842105263,1.477511537004104,instance,all
1,0.19999999999999996,0.4,0.42700000000000005,0.8571428571428571,0.42927998236813514,0.25,0.49692141141206836,0.9982517482517482,0.9926315789473684,0.37972470231470096,instance,all
1,0.17391304347826086,0.4,0.42700000000000005,1.0,0.43861265956181605,1.0,0.5001951004643751,1.0,0.9842105263157894,0.8292417020550843,instance,all
1,0.17391304347826086,0.2,0.42700000000000005,0.42857142857142855,0.42927998251027444,0.0,0.4911620793035595,0.9947552447552448,0.991578947368421,0.9575984072696546,instance,all
1,0.3125,0.4,0.42700000000000005,0.42857142857142855,0.429279982838102,0.0,0.4999019612526491,0.9982517482517482,0.991578947368421,0.06169637954074744,instance,all
1,0.3055555555555556,0.0,0.42700000000000005,0.5,0.4292799823359297,0.0,0.49506436068501636,0.9877622377622378,0.991578947368421,2.2525495968601374,instance,all
0,0.44067796610169496,0.6,0.573,0.7142857142857143,0.5707200176654651,1.0,0.5050348122035966,1.0,0.9894736842105263,-0.05780034282355494,instance,all
1,0.9,0.4,0.42700000000000005,0.7142857142857143,0.42927998233905906,0.0,0.4998894533470233,0.9982517482517482,0.9905263157894737,0.4690088120635323,instance,all
1,0.0,0.6,0.42700000000000005,0.5,0.42928014489796207,1.0,0.500192062087093,1.0,0.9905263157894737,1.9041238209928362,instance,all
0,0.0,0.8,0.573,0.7142857142857143,0.6014831520298163,1.0,0.5022895016016093,1.0,0.9894736842105263,1.4388652775331392,instance,all
1,0.23529411764705888,0.0,0.42700000000000005,0.7142857142857143,0.4292799823345286,0.0,0.4866455760745041,0.9895104895104895,0.991578947368421,2.8564967473163305,instance,all
1,0.2727272727272727,0.2,0.42700000000000005,1.0,0.42927998233107734,0.0,0.4989427823992638,0.9982517482517482,0.9863157894736843,0.02689678390639392,instance,all
1,0.5593220338983051,0.8,0.42700000000000005,0.5,0.42927998233469034,1.0,0.5039034214443032,1.0,0.9905263157894737,0.6196532777539099,instance,all
1,0.0,0.0,0.42700000000000005,1.0,0.42927998233452935,0.0,0.49651961333774464,0.9842657342657343,0.9936842105263158,2.4122146181250086,instance,all
1,0.30000000000000004,0.0,0.42700000000000005,0.6428571428571429,0.42927998232983494,0.0,0.492254506184995,0.9877622377622378,0.9926315789473684,0.26663214232612964,instance,all
1,0.0,0.0,0.42700000000000005,0.42857142857142855,0.42927998233452846,0.0,0.49545161649790426,0.9877622377622378,0.9947368421052631,0.8492046749292809,instance,all
1,0.4545454545454546,0.2,0.42700000000000005,0.5,0.429279982334548,0.0,0.4959554831123769,0.993006993006993,0.988421052631579,1.2087782384912655,instance,all
1,0.0,0.0,0.42700000000000005,1.0,0.43861265956181605,0.0,0.4894386855626518,0.9842657342657343,0.988421052631579,1.392444069322316,instance,all
1,0.19999999999999996,0.2,0.42700000000000005,0.5,0.42927998233482156,0.0,0.49798417498670944,0.9947552447552448,0.9905263157894737,2.433624789629068,instance,all
1,0.4285714285714286,0.2,0.42700000000000005,0.5,0.42927998233452846,1.0,0.5047153659219232,1.0,0.9926315789473684,1.5807218815259445,instance,all
1,0.20833333333333337,0.0,0.42700000000000005,0.5,0.4078495251974713,0.0,0.4924354921056532,0.986013986013986,0.991578947368421,0.7581738687423527,instance,all
1,0.33333333333333337,0.0,0.42700000000000005,0.7142857142857143,0.4386126596201836,0.0,0.48803836776699505,0.9790209790209791,0.9936842105263158,1.8216098074433162,instance,all
1,0.5593220338983051,0.2,0.42700000000000005,1.0,0.4292799823345458,0.5,0.5054325731785507,1.0,0.9894736842105263,0.650024145497512,instance,all
1,0.47619047619047616,0.0,0.42700000000000005,0.7142857142857143,0.3915753460331889,0.0,0.4914018581774795,0.9877622377622378,0.9852631578947368,0.35578181643400764,instance,all
0,0.64,1.0,0.573,0.42857142857142855,0.5707200176626657,1.0,0.5147903965277028,1.0,0.9936842105263158,0.49691228473351795,instance,all
1,0.19999999999999996,0.2,0.42700000000000005,0.7142857142857143,0.4292799823345329,0.0,0.49399000015918626,0.993006993006993,0.9905263157894737,2.7322913459099825,instance,all
1,0.0,0.0,0.42700000000000005,0.7142857142857143,0.43861265956181605,0.0,0.49098563210237234,0.9895104895104895,0.9863157894736843,1.0735807271863012,instance,all
1,0.30000000000000004,0.4,0.42700000000000005,1.0,0.4292799823345196,0.0,0.49688250739116313,0.9982517482517482,0.9947368421052631,1.7924787538647888,instance,all
0,0.6923076923076923,1.0,0.573,0.5714285714285714,0.5707201316882345,1.0,0.5049633402574126,1.0,0.991578947368421,0.9302386554962936,instance,all
0,0.8,0.8,0.573,0.6428571428571429,0.5707200176609702,1.0,0.502985768871566,1.0,0.9978947368421053,1.102589920647489,instance,all
1,0.29166666666666663,0.2,0.42700000000000005,1.0,0.4292799823346321,0.0,0.4945839176273835,0.9947552447552448,0.9957894736842106,1.0083734220208354,instance,all
1,0.33333333333333337,0.0,0.42700000000000005,1.0,0.4292799823345287,0.0,0.4904225890933429,0.9895104895104895,0.9936842105263158,1.6460175364320668,instance,all
1,0.0,0.0,0.42700000000000005,0.7142857142857143,0.42927998233460696,0.0,0.4872402674202406,0.9772727272727273,0.9947368421052631,0.06981520256320897,instance,all
1,0.0,0.2,0.42700000000000005,0.7142857142857143,0.4292799823345709,0.5,0.5012179838066858,1.0,0.9936842105263158,1.452499702292072,instance,all
1,0.20833333333333337,0.0,0.42700000000000005,0.5,0.42927998233453357,0.2,0.49415112993593224,0.9895104895104895,0.991578947368421,0.24956494316331132,instance,all
1,0.0,0.4,0.42700000000000005,0.7142857142857143,0.3985168479701838,1.0,0.5018733055145237,1.0,0.9926315789473684,1.6019420918528458,instance,all
0,0.6666666666666667,1.0,0.573,0.5,0.5707200176661066,1.0,0.5074706733396659,1.0,0.988421052631579,-0.11165748697595486,instance,all
1,0.20833333333333337,0.2,0.42700000000000005,0.42857142857142855,0.42927998233452846,0.0,0.499832612858896,0.9982517482517482,0.9926315789473684,2.0547222512512855,instance,all
1,0.0,0.2,0.42700000000000005,0.7142857142857143,0.4292799823348016,0.0,0.495380887679429,0.9965034965034965,0.9894736842105263,0.5624359251209959,instance,all
1,0.20833333333333337,0.0,0.42700000000000005,0.7142857142857143,0.4292799823345105,0.0,0.4958442163889374,0.9912587412587412,0.9926315789473684,1.241473569932301,instance,all
1,0.5909090909090908,0.4,0.42700000000000005,0.42857142857142855,0.4292799823346082,0.0,0.49960525980369797,0.9965034965034965,0.9947368421052631,0.5026116226553763,instance,all
1,0.19999999999999996,0.0,0.42700000000000005,0.6428571428571429,0.4292799823345288,0.0,0.49386781250905964,0.9895104895104895,0.991578947368421,1.8214413915509533,instance,all
1,0.17391304347826086,0.2,0.42700000000000005,0.5,0.42927998233453163,0.0,0.4974764740795934,0.993006993006993,0.9926315789473684,1.2537785201703249,instance,all
1,0.30000000000000004,0.2,0.42700000000000005,0.21428571428571427,0.42927998233470793,0.0,0.4959150357889154,0.993006993006993,0.9947368421052631,0.7191492267997237,instance,all
1,0.0,0.2,0.42700000000000005,1.0,0.4292799823345307,0.0,0.4923546796969984,0.9965034965034965,0.9852631578947368,2.920593711770378,instance,all
0,0.7,0.8,0.573,0.6428571428571429,0.570720017665621,1.0,0.5049339938003987,1.0,0.991578947368421,0.34260459128969856,instance,all
0,0.7083333333333333,1.0,0.573,0.21428571428571427,0.5707200179584279,1.0,0.5070439552953099,1.0,0.988421052631579,-0.15989453170338802,instance,all
1,0.0,0.0,0.42700000000000005,0.42857142857142855,0.4292799823345286,0.0,0.49567695272690626,0.9895104895104895,0.9905263157894737,1.4757172851434588,instance,all
1,0.0,0.2,0.42700000000000005,0.5,0.42927998233452846,1.0,0.500730477364587,1.0,0.9842105263157894,2.265991223260227,instance,all
1,0.17391304347826086,0.2,0.42700000000000005,0.2857142857142857,0.42927998585952454,0.0,0.49257356060284496,0.993006993006993,0.9947368421052631,1.0459451319070399,instance,all
1,0.11111111111111116,0.2,0.42700000000000005,1.0,0.42927998233452913,0.3333333333333333,0.49954478171310646,0.9982517482517482,0.9957894736842106,1.292123995164791,instance,all
1,0.3055555555555556,0.2,0.42700000000000005,0.42857142857142855,0.42927998235558507,0.0,0.491883376941578,0.9947552447552448,0.9936842105263158,0.7245513892085106,instance,all
0,0.6363636363636364,0.6,0.573,0.42857142857142855,0.561387340438184,1.0,0.5068906659484822,1.0,0.9926315789473684,0.9421911449930301,instance,all
1,0.3055555555555556,0.2,0.42700000000000005,0.35714285714285715,0.42927998230126496,0.0,0.4964334227147854,0.993006993006993,0.9968421052631579,0.8372221641443642,instance,all
1,0.3055555555555556,0.0,0.42700000000000005,0.6428571428571429,0.42927998233452846,0.0,0.4921646553211929,0.9912587412587412,0.9936842105263158,0.8625073289006654,instance,all
1,0.3125,0.0,0.42700000000000005,0.7142857142857143,0.42927998233452846,0.0,0.49196036456224557,0.9895104895104895,0.9905263157894737,1.1632668555039576,instance,all
0,0.6944444444444444,0.8,0.573,0.9285714285714286,0.5707200176578903,0.6,0.5055402762491666,1.0,0.9936842105263158,-0.5769377419352266,instance,all
1,0.19999999999999996,0.4,0.42700000000000005,0.7142857142857143,0.42927998233453324,0.0,0.49394591758508366,0.9982517482517482,0.9947368421052631,0.28785751578229074,instance,all
1,0.30000000000000004,0.4,0.42700000000000005,0.5,0.42927998233452846,0.5,0.5005380668955263,1.0,0.9926315789473684,1.0170907562278342,instance,all
1,0.0,0.2,0.42700000000000005,0.7142857142857143,0.4292799823363222,0.0,0.48847508299090336,0.9947552447552448,0.9873684210526316,0.9018077223989887,instance,all
1,0.23529411764705888,0.2,0.42700000000000005,0.7857142857142857,0.42927998233451947,0.0,0.49863751601483697,0.9982517482517482,0.9905263157894737,0.88171848185216,instance,all
1,0.33333333333333337,0.2,0.42700000000000005,0.7142857142857143,0.4292799823345287,0.0,0.49922034061457676,0.9965034965034965,0.9894736842105263,1.9708409645240883,instance,all
1,0.5593220338983051,0.2,0.42700000000000005,0.7142857142857143,0.4292799823345287,0.0,0.49555977185491873,0.993006993006993,0.9947368421052631,1.2252725934574342,instance,all
1,0.2142857142857143,0.2,0.42700000000000005,1.0,0.4292799823345731,0.1111111111111111,0.5031539162969569,1.0,0.9947368421052631,1.2479795912591654,instance,all
1,0.0,0.2,0.42700000000000005,0.7142857142857143,0.42927998233452846,1.0,0.5002633406191638,1.0,0.9873684210526316,0.5650970725589523,instance,all
0,0.7083333333333333,0.8,0.573,0.7857142857142857,0.5707200176654886,1.0,0.5020913829244092,1.0,0.991578947368421,-1.2486847523141298,instance,all
1,0.30000000000000004,0.4,0.42700000000000005,0.35714285714285715,0.42927998233452846,1.0,0.5005560698466118,1.0,0.9852631578947368,1.2498928211499738,instance,all
1,0.0,0.0,0.42700000000000005,0.7142857142857143,0.42927998233452846,0.0,0.4941154712111927,0.9842657342657343,0.991578947368421,1.3540701689876395,instance,all
0,0.5454545454545454,1.0,0.573,0.7857142857142857,0.5707200176635722,1.0,0.5105146216496614,1.0,0.9957894736842106,0.34602485319482595,instance,all
1,0.5909090909090908,0.4,0.42700000000000005,0.7142857142857143,0.4292799823345619,0.0,0.4989835925551741,0.9947552447552448,0.9905263157894737,-0.41808467093273366,instance,all
1,0.2727272727272727,0.0,0.42700000000000005,1.0,0.42927998233452846,0.0,0.4874928022978605,0.9912587412587412,0.991578947368421,0.6498814582009267,instance,all
1,0.36363636363636365,0.2,0.42700000000000005,0.8571428571428571,0.43861265956181605,0.0,0.49766627064982993,0.9965034965034965,0.9978947368421053,2.5795033767557807,instance,all
1,0.19999999999999996,0.2,0.42700000000000005,0.42857142857142855,0.42927997704661014,0.0,0.4953742918329669,0.9965034965034965,0.9968421052631579,1.030350462499232,instance,all
1,0.0,0.2,0.42700000000000005,0.7142857142857143,0.42927998233452846,0.0,0.4862821056963993,0.9947552447552448,0.9831578947368421,1.6447033968764433,instance,all
1,0.0,0.0,0.42700000000000005,0.42857142857142855,0.4292799823389123,0.0,0.4901731230947435,0.9912587412587412,0.9936842105263158,1.4445193475218283,instance,all
1,0.5593220338983051,0.4,0.42700000000000005,0.35714285714285715,0.42927998233467757,0.5,0.4982423509606311,0.9982517482517482,0.9894736842105263,1.1615981357054024,instance,all
1,0.3055555555555556,0.0,0.42700000000000005,0.5,0.4292799823344925,0.0,0.49562035132638715,0.9877622377622378,0.9947368421052631,1.008810564845305,instance,all
0,0.5454545454545454,0.8,0.573,0.5714285714285714,0.5707201806249772,1.0,0.5045267100528968,1.0,0.9947368421052631,0.9829640325237978,instance,all
1,0.3125,0.4,0.42700000000000005,1.0,0.429279982084119,0.0,0.49916721136796216,0.9982517482517482,0.9936842105263158,0.6664544640298669,instance,all
1,0.36363636363636365,0.0,0.42700000000000005,0.5,0.4292799823354146,0.0,0.4923928552776857,0.986013986013986,0.9926315789473684,1.531493883930103,instance,all
1,0.0,0.0,0.42700000000000005,0.7857142857142857,0.4292799828146855,0.0,0.49451022655060306,0.9895104895104895,0.9789473684210527,2.6829303173715795,instance,all
1,0.11111111111111116,0.2,0.42700000000000005,0.7142857142857143,0.4382931230727328,0.0,0.4879969999332259,0.9982517482517482,0.9957894736842106,1.421481191182389,instance,all
1,0.29166666666666663,0.2,0.42700000000000005,1.0,0.42927998233433196,0.0,0.48939592136868515,0.9982517482517482,0.991578947368421,0.5367013006366633,instance,all
1,0.36363636363636365,0.0,0.42700000000000005,0.7142857142857143,0.4292799823332475,0.0,0.49638313266063516,0.986013986013986,0.9905263157894737,0.29508595625550765,instance,all
1,0.0,0.0,0.42700000000000005,0.7142857142857143,0.3985168479701838,0.0,0.4940261377344174,0.9825174825174825,0.9905263157894737,1.1015451755244565,instance,all
1,0.0,0.4,0.42700000000000005,1.0,0.39158391654585345,1.0,0.5010615540296963,1.0,0.9705263157894737,0.4618689235665086,instance,all
1,0.0,0.2,0.42700000000000005,0.5,0.4292799823346075,0.0,0.49116581406992155,0.993006993006993,0.991578947368421,0.20452514196582988,instance,all
1,0.5593220338983051,0.2,0.42700000000000005,0.35714285714285715,0.4048061126044328,0.0,0.4940823284006074,0.993006993006993,0.9936842105263158,1.324281488467476,instance,all
1,0.11111111111111116,0.2,0.42700000000000005,0.5,0.4292799823376231,0.0,0.48324913713942863,0.993006993006993,0.9957894736842106,-0.2549984942958834,instance,all
0,0.7916666666666666,1.0,0.573,0.7857142857142857,0.5695725423148458,1.0,0.507839835289318,1.0,0.9926315789473684,0.15898997235946538,instance,all
1,0.36363636363636365,0.0,0.42700000000000005,1.0,0.429279978020879,0.0,0.4937671556623362,0.9877622377622378,0.9936842105263158,0.7773052829993145,instance,all
1,0.0,0.2,0.42700000000000005,0.42857142857142855,0.4292799823341419,1.0,0.5046241509000713,1.0,0.9873684210526316,1.026163678439265,instance,all
1,0.0,0.2,0.42700000000000005,0.7142857142857143,0.43861265956181605,0.0,0.4932991208729638,0.993006993006993,0.9831578947368421,1.5471178260822604,instance,all
1,0.23076923076923073,0.2,0.42700000000000005,0.9285714285714286,0.42927998233453163,0.0,0.4932325746047379,0.9947552447552448,0.988421052631579,1.2888424646662298,instance,all
1,0.4545454545454546,0.2,0.42700000000000005,1.0,0.4292799823345772,0.0,0.4977902046270697,0.9947552447552448,0.9905263157894737,1.6450638381185112,instance,all
1,0.4545454545454546,0.2,0.42700000000000005,0.2857142857142857,0.42927998233419584,0.25,0.4876367022721252,0.9982517482517482,0.9936842105263158,1.0881595167895046,instance,all
1,0.0,0.0,0.42700000000000005,0.7142857142857143,0.4292799823327772,0.0,0.49567632547921003,0.9895104895104895,0.9957894736842106,1.0717631141953352,instance,all
1,0.17391304347826086,0.4,0.42700000000000005,1.0,0.42927998233452846,0.0,0.4951372159212223,0.9982517482517482,0.9873684210526316,1.3154060869984767,instance,all
1,0.0,0.0,0.42700000000000005,0.7142857142857143,0.42927998233406517,0.0,0.4920729640031196,0.9912587412587412,0.9926315789473684,0.4471088132608044,instance,all
0,0.0,0.8,0.573,0.9285714285714286,0.561387340438184,1.0,0.5024334798523723,1.0,0.9831578947368421,1.1144262995678433,instance,all
1,0.3125,0.2,0.42700000000000005,0.5714285714285714,0.3915753460331872,1.0,0.5006630624174995,1.0,0.9894736842105263,1.0355549256393743,instance,all
1,0.19999999999999996,0.2,0.42700000000000005,0.5714285714285714,0.43861265956181605,0.0,0.4911080417176452,0.9965034965034965,0.9894736842105263,2.363249453291908,instance,all
1,0.0,0.2,0.42700000000000005,1.0,0.42927998233452846,0.0,0.49758030041856804,0.9965034965034965,0.9873684210526316,1.1021012796046317,instance,all
1,0.23076923076923073,0.0,0.42700000000000005,0.8571428571428571,0.39157534604831823,0.0,0.4934985162367217,0.9912587412587412,0.9894736842105263,1.370111809823582,instance,all
1,0.21739130434782605,0.2,0.42700000000000005,0.5,0.4292799823345196,0.0,0.49199960686168065,0.9982517482517482,0.9894736842105263,1.8272982497212484,instance,all
1,0.20833333333333337,0.2,0.42700000000000005,1.0,0.43861265956181605,0.5,0.5035447582271805,1.0,0.9936842105263158,1.809391280406607,instance,all
1,0.625,0.4,0.42700000000000005,1.0,0.4292799823342515,0.5,0.5021228151970619,1.0,0.9936842105263158,1.05902854653248,instance,all
1,0.2857142857142857,0.2,0.42700000000000005,0.35714285714285715,0.42927998233456344,0.0,0.4977728921026503,0.9982517482517482,0.988421052631579,2.598250678677576,instance,all
1,0.3125,0.4,0.42700000000000005,0.42857142857142855,0.4292799843828568,0.3333333333333333,0.4959870319952152,0.9947552447552448,0.9905263157894737,-0.38717656269554035,instance,all
1,0.0,0.0,0.42700000000000005,0.42857142857142855,0.43861265956181605,0.0,0.48824234206761297,0.9807692307692307,0.9894736842105263,1.2989995060208137,instance,all
0,0.8,0.6,0.573,0.5714285714285714,0.5707644475803675,0.5,0.49642285013345844,0.9953051643192489,0.9947368421052631,0.10962595141487336,instance,all
1,0.4545454545454546,0.0,0.42700000000000005,0.7142857142857143,0.42927998233452846,0.5,0.4949704448663227,0.9877622377622378,0.9957894736842106,1.2955944135227966,instance,all
1,0.36363636363636365,0.0,0.42700000000000005,0.5714285714285714,0.4292799823346437,0.5,0.49393796950825997,0.9895104895104895,0.9957894736842106,1.3414220408496573,instance,all
1,0.2142857142857143,0.0,0.42700000000000005,1.0,0.42927998233452846,0.0,0.4906174445202218,0.9877622377622378,0.9926315789473684,1.6960403793249181,instance,all
1,0.5593220338983051,0.4,0.42700000000000005,1.0,0.4292799825975181,0.0,0.49372792867775805,0.9982517482517482,0.9926315789473684,-0.1572931013586601,instance,all
1,0.19999999999999996,0.0,0.42700000000000005,1.0,0.42927998233451947,0.0,0.4973061435525785,0.9895104895104895,0.9842105263157894,1.4542730000956445,instance,all
1,0.19999999999999996,0.2,0.42700000000000005,0.7142857142857143,0.4292799823272031,0.18181818181818182,0.4933771287719355,0.9947552447552448,0.9978947368421053,0.24673029744972932,instance,all
1,0.17391304347826086,0.2,0.42700000000000005,0.7142857142857143,0.4292799823350385,0.0,0.49433176244052646,0.9965034965034965,0.9936842105263158,1.0650415026180529,instance,all
1,0.0,0.4,0.42700000000000005,0.5714285714285714,0.3974935595281171,1.0,0.5002287160294165,1.0,0.991578947368421,0.0829691794272865,instance,all
1,0.5909090909090908,0.4,0.42700000000000005,0.5,0.42927998233341524,0.0,0.49712610278961966,0.9947552447552448,0.9905263157894737,0.6352227243185294,instance,all
1,0.23529411764705888,0.2,0.42700000000000005,0.6428571428571429,0.4292799823341935,0.0,0.4936164619538276,0.993006993006993,0.988421052631579,-0.07437193762442544,instance,all
1,0.36,0.0,0.42700000000000005,0.5,0.42927998225895825,0.0,0.4949792888099762,0.986013986013986,0.9936842105263158,0.11904849197934264,instance,all
1,0.0,0.0,0.42700000000000005,0.5,0.42927998233370246,0.0,0.48830127911270327,0.9912587412587412,0.9957894736842106,0.9481511240949211,instance,all
1,0.3125,0.2,0.42700000000000005,0.7857142857142857,0.42927998233452846,0.16666666666666666,0.4953918114752712,0.9947552447552448,0.9905263157894737,0.9288294875692784,instance,all
1,0.11111111111111116,0.2,0.42700000000000005,1.0,0.42927998233455833,0.0,0.498859858592131,0.9982517482517482,0.988421052631579,-0.20370041273371842,instance,all
1,0.0,0.2,0.42700000000000005,1.0,0.42927998233452846,0.0,0.4924241087828497,0.9965034965034965,0.9947368421052631,1.352595222916481,instance,all
1,0.23076923076923073,0.4,0.42700000000000005,0.7142857142857143,0.4292799823345136,0.0,0.4926854995819582,0.9965034965034965,0.9926315789473684,-0.08535760054603501,instance,all
1,0.23076923076923073,0.0,0.42700000000000005,0.6428571428571429,0.42927998230841513,0.0,0.48467225744325115,0.986013986013986,0.9936842105263158,-0.4075559370731564,instance,all
1,0.19999999999999996,0.2,0.42700000000000005,1.0,0.42927998233455056,0.5,0.5065260449400204,1.0,0.9947368421052631,1.0808059368449794,instance,all
1,0.4444444444444444,0.0,0.42700000000000005,0.5,0.4292799823345288,0.0,0.4927914557621632,0.9895104895104895,0.988421052631579,1.1778332755497485,instance,all
1,0.0,0.0,0.42700000000000005,0.42857142857142855,0.42927998233453024,0.0,0.4931405061648798,0.9912587412587412,0.991578947368421,0.6901249024135817,instance,all
1,0.33333333333333337,0.2,0.42700000000000005,0.42857142857142855,0.4009080232604748,0.3333333333333333,0.5034813891155009,1.0,0.9947368421052631,4.346678592913133,instance,all
0,0.5,0.8,0.573,0.42857142857142855,0.5707200219868673,1.0,0.5057557922845246,1.0,0.9905263157894737,0.47264227758117233,instance,all
1,0.36,0.2,0.42700000000000005,0.5,0.4292799823334855,0.0,0.4866743609178644,0.9947552447552448,0.991578947368421,0.9517743824184166,instance,all
1,0.0,0.0,0.42700000000000005,0.7142857142857143,0.42927998233452846,0.0,0.4926445145426188,0.9912587412587412,0.9926315789473684,0.8702818322421928,instance,all
1,0.11111111111111116,0.4,0.42700000000000005,0.6428571428571429,0.4292794507766826,0.0,0.49296630668260466,0.9965034965034965,0.991578947368421,-0.10630867626093482,instance,all
1,0.0,0.0,0.42700000000000005,0.7142857142857143,0.4292799823345287,0.0,0.49313811594405,0.9912587412587412,0.9957894736842106,0.2489542189111037,instance,all
1,0.4285714285714286,0.4,0.42700000000000005,0.7142857142857143,0.42927998233451947,0.2857142857142857,0.4966315957720908,0.9965034965034965,0.991578947368421,0.769644469030765,instance,all
1,0.33333333333333337,0.0,0.42700000000000005,0.7142857142857143,0.4292799823339513,0.0,0.48932351036132304,0.9895104895104895,0.9894736842105263,1.4087955806881745,instance,all
1,0.4285714285714286,0.4,0.42700000000000005,0.5,0.42927998233483133,0.0,0.4948774880458918,0.9982517482517482,0.9852631578947368,0.8269705640542246,instance,all
1,0.4545454545454546,0.2,0.42700000000000005,1.0,0.42927998233863807,0.0,0.49826687063059616,0.9947552447552448,0.9894736842105263,1.519137375745054,instance,all
1,0.3571428571428571,0.0,0.42700000000000005,0.42857142857142855,0.4292799823345105,0.16666666666666666,0.49081234517696026,0.9842657342657343,0.991578947368421,1.1709999965446214,instance,all
1,0.29166666666666663,0.0,0.42700000000000005,0.7142857142857143,0.4292799823345289,0.0,0.4936173985546143,0.9842657342657343,0.9905263157894737,1.0497281507403595,instance,all
1,0.0,0.0,0.42700000000000005,0.7142857142857143,0.43861265956181605,0.0,0.4978345957020245,0.9912587412587412,0.9936842105263158,1.524653204224943,instance,all
1,0.30000000000000004,0.0,0.42700000000000005,1.0,0.4358392571432056,0.0,0.4868372246958167,0.9912587412587412,0.991578947368421,1.1830219876280113,instance,all
1,0.36363636363636365,0.2,0.42700000000000005,1.0,0.4292799823345709,0.23076923076923078,0.49748494250715336,0.9982517482517482,0.9947368421052631,1.460670102888291,instance,all
1,0.19999999999999996,0.4,0.42700000000000005,0.7142857142857143,0.4292799823345105,0.0,0.494012334067677,0.9947552447552448,0.9894736842105263,1.692027347416711,instance,all
1,0.5,0.2,0.42700000000000005,1.0,0.3915753460331872,0.0,0.49647293812772475,0.9982517482517482,0.9873684210526316,-0.5234371760167823,instance,all
1,0.4444444444444444,0.0,0.42700000000000005,1.0,0.4009377673805341,0.0,0.4907755548461956,0.9842657342657343,0.9894736842105263,1.5795656675272693,instance,all
1,0.20833333333333337,0.2,0.42700000000000005,0.42857142857142855,0.4292799823345326,0.35714285714285715,0.49874364699003504,0.9965034965034965,0.9978947368421053,1.243805043475064,instance,all
1,0.5593220338983051,0.6,0.42700000000000005,0.7142857142857143,0.4292799747269913,0.0,0.49888401967358786,0.9982517482517482,0.9821052631578947,0.39862035283282926,instance,all
1,0.4285714285714286,0.4,0.42700000000000005,0.7142857142857143,0.42927998233452846,0.0,0.4962377234812918,0.9965034965034965,0.9936842105263158,1.3663334392141886,instance,all
1,0.0,0.2,0.42700000000000005,0.7142857142857143,0.4292799823424408,0.0,0.4970802549682162,0.9965034965034965,0.9957894736842106,0.3441000034517628,instance,all
0,0.5454545454545454,0.8,0.573,0.7142857142857143,0.6084246505746717,1.0,0.5060990448134473,1.0,0.9894736842105263,0.8474961375378638,instance,all
1,0.0,0.2,0.42700000000000005,0.6428571428571429,0.42927998233454945,0.0,0.4965823617163905,0.9947552447552448,0.9831578947368421,1.2184244580370878,instance,all
1,0.21739130434782605,0.2,0.42700000000000005,0.7142857142857143,0.42927998233648124,0.0,0.49230804609989387,0.9947552447552448,0.9957894736842106,0.6474675618054215,instance,all
1,0.0,0.2,0.42700000000000005,0.7142857142857143,0.42927998233453324,0.0,0.49354954250690564,0.9947552447552448,0.9905263157894737,0.7308186531285386,instance,all
1,0.3055555555555556,0.0,0.42700000000000005,0.5,0.42927998233453035,0.0,0.48576311252660187,0.9877622377622378,0.9957894736842106,1.2365791431063098,instance,all
1,0.125,0.2,0.42700000000000005,0.5,0.42927998233453013,1.0,0.500113882116713,1.0,0.9947368421052631,0.35263472344860847,instance,all
1,0.0,0.0,0.42700000000000005,0.7142857142857143,0.43861265956181605,0.0,0.49359140509605726,0.9842657342657343,0.9936842105263158,1.0479309045183531,instance,all
1,0.36,0.0,0.42700000000000005,1.0,0.42927998233454756,0.2608695652173913,0.49056643763940777,0.986013986013986,0.9947368421052631,1.1117137777308994,instance,all
1,0.36363636363636365,0.2,0.42700000000000005,0.5,0.42927998232951126,0.0,0.49382549458131864,0.9947552447552448,0.991578947368421,1.1640455900380886,instance,all
1,0.30000000000000004,0.0,0.42700000000000005,0.7142857142857143,0.42927998233452846,0.23076923076923078,0.49360640868315286,0.9912587412587412,0.9947368421052631,1.4335463554937986,instance,all
1,0.19999999999999996,0.0,0.42700000000000005,0.5,0.42927998233576015,0.0,0.49283497571353574,0.9895104895104895,0.991578947368421,1.757600961342062,instance,all
1,0.3055555555555556,0.0,0.42700000000000005,0.7142857142857143,0.42927998233453485,0.0,0.49571055882940207,0.9877622377622378,0.991578947368421,1.2331560096425964,instance,all
1,0.23076923076923073,0.0,0.42700000000000005,0.5,0.429279982334676,0.5,0.4959611148050439,0.9877622377622378,0.9905263157894737,0.14717229978459165,instance,all
1,0.17391304347826086,0.4,0.42700000000000005,0.7142857142857143,0.42927998233466813,0.09090909090909091,0.4974381068761822,0.9982517482517482,0.9947368421052631,1.0970179765821786,instance,all
1,0.5714285714285714,0.2,0.42700000000000005,0.5,0.4292799823345349,0.0,0.49850126034355613,0.993006993006993,0.9936842105263158,1.489126289174746,instance,all
1,0.3125,0.4,0.42700000000000005,0.7142857142857143,0.42927998233454734,1.0,0.5022942256269534,1.0,0.9936842105263158,0.23534909179266894,instance,all
1,0.19999999999999996,0.2,0.42700000000000005,0.5714285714285714,0.4292799823345287,0.0,0.49433193843329803,0.9947552447552448,0.9926315789473684,2.335376122620483,instance,all
1,0.47619047619047616,0.4,0.42700000000000005,0.7142857142857143,0.4292799823060567,1.0,0.5029447761244871,1.0,0.9936842105263158,0.3718833558464369,instance,all
1,0.21739130434782605,0.2,0.42700000000000005,0.6428571428571429,0.42927998233453485,0.0,0.4986997228961336,0.9982517482517482,0.9894736842105263,1.1982122160984783,instance,all
1,0.4285714285714286,0.2,0.42700000000000005,1.0,0.42927998233452846,0.0,0.4947438008558228,0.993006993006993,0.991578947368421,0.33245312388544634,instance,all
1,0.19999999999999996,0.0,0.42700000000000005,1.0,0.4292799823345298,0.0,0.49605422688243894,0.9912587412587412,0.9936842105263158,1.8362432116133014,instance,all
1,0.2727272727272727,0.4,0.42700000000000005,0.7142857142857143,0.42927998233354736,0.25,0.499038441249686,0.9982517482517482,0.991578947368421,1.34238081981944,instance,all
1,0.125,0.2,0.42700000000000005,0.7142857142857143,0.42927998235966836,0.0,0.4949409087666966,0.9947552447552448,0.9905263157894737,0.46486254365203,instance,all
1,0.30000000000000004,0.4,0.42700000000000005,0.7142857142857143,0.4292798752189404,1.0,0.5001621291728726,1.0,0.991578947368421,-0.6881379598606312,instance,all
1,0.5593220338983051,0.2,0.42700000000000005,0.7857142857142857,0.42927998233452846,0.0,0.49775148267345326,0.9965034965034965,0.9905263157894737,1.1987231803318548,instance,all
1,0.5593220338983051,0.2,0.42700000000000005,0.7142857142857143,0.4292799823345296,0.0,0.49861095766025765,0.9965034965034965,0.9936842105263158,1.029238165346568,instance,all
1,0.0,0.2,0.42700000000000005,1.0,0.42927998233452846,0.0,0.4943573046169868,0.993006993006993,0.9926315789473684,2.2692602370557564,instance,all
1,0.0,0.4,0.42700000000000005,0.7142857142857143,0.42927998233452846,0.0,0.49763998725173275,0.9982517482517482,0.991578947368421,0.29738649373413434,instance,all
1,0.17391304347826086,0.2,0.42700000000000005,0.6428571428571429,0.42927998233452846,0.0,0.4975191698296285,0.993006993006993,0.9905263157894737,1.279188338788086,instance,all
1,0.4285714285714286,0.2,0.42700000000000005,0.6428571428571429,0.43861265956206086,1.0,0.5044317637274074,1.0,0.9926315789473684,2.243673552107691,instance,all
1,0.2142857142857143,0.2,0.42700000000000005,1.0,0.4292799823174315,0.3333333333333333,0.4960202543903327,0.9965034965034965,0.9905263157894737,0.3557278226504291,instance,all
1,0.8333333333333334,0.2,0.42700000000000005,1.0,0.42927998233525555,0.0,0.4922797021923303,0.9965034965034965,0.9873684210526316,0.20073497448389932,instance,all
1,0.36363636363636365,0.2,0.42700000000000005,0.7142857142857143,0.4292799823337282,0.0,0.4964990576186459,0.9947552447552448,0.9957894736842106,1.1654522850898208,instance,all
1,0.29166666666666663,0.0,0.42700000000000005,1.0,0.4292799823344814,0.0,0.4872370816169711,0.9877622377622378,0.9957894736842106,1.142469791582829,instance,all
1,0.47619047619047616,0.2,0.42700000000000005,1.0,0.4292799823350202,0.0,0.4941828567170866,0.9947552447552448,0.9936842105263158,0.43001466444732755,instance,all
1,0.19999999999999996,0.0,0.42700000000000005,0.5,0.4292799823345105,0.0,0.48724703679592385,0.9877622377622378,0.9863157894736843,1.634380706130423,instance,all
1,0.19999999999999996,0.0,0.42700000000000005,1.0,0.42927998233452846,0.1724137931034483,0.4869223264627812,0.9807692307692307,0.9957894736842106,1.3920038445785319,instance,all
1,0.0,0.2,0.42700000000000005,0.7142857142857143,0.43622148427152496,0.0,0.49513051802518593,0.993006993006993,0.9873684210526316,0.16689755079702598,instance,all
1,0.4285714285714286,0.2,0.42700000000000005,0.42857142857142855,0.42927998233454345,0.0,0.49888232175363434,0.9982517482517482,0.988421052631579,1.569272966564573,instance,all
0,0.6923076923076923,0.8,0.573,0.6428571428571429,0.5707200177120786,1.0,0.5018043279619491,1.0,0.9852631578947368,0.32483061433320326,instance,all
1,0.2857142857142857,0.0,0.42700000000000005,1.0,0.42927998233452846,0.0,0.49186935321712133,0.9895104895104895,0.988421052631579,0.5935554436698564,instance,all
0,0.0,0.8,0.573,0.6428571428571429,0.5707200176655572,1.0,0.5023694301631048,1.0,0.9863157894736843,0.8343117553938639,instance,all
1,0.21739130434782605,0.2,0.42700000000000005,0.7142857142857143,0.42927998233455145,0.0,0.4971174947429202,0.9965034965034965,0.9968421052631579,1.7451732785151362,instance,all
1,0.19999999999999996,0.0,0.42700000000000005,0.7142857142857143,0.4292799823345357,0.0,0.49332975984321714,0.9877622377622378,0.9936842105263158,1.2448010046510996,instance,all
1,0.19999999999999996,0.0,0.42700000000000005,1.0,0.42927998233452846,0.0,0.4928895038708093,0.9912587412587412,0.991578947368421,0.1845993836284512,instance,all
1,0.3055555555555556,0.0,0.42700000000000005,0.6428571428571429,0.42927998233455517,0.0,0.4950208307172792,0.9807692307692307,0.9926315789473684,0.9813395432980465,instance,all
1,0.4444444444444444,0.6,0.42700000000000005,0.7142857142857143,0.42927998233453035,0.0,0.49474111701117185,0.9965034965034965,0.9852631578947368,1.0567861507223963,instance,all
1,0.23076923076923073,0.0,0.42700000000000005,0.5,0.42927998233452846,0.0,0.4957377915875403,0.9895104895104895,0.9926315789473684,2.138459257620546,instance,all
1,0.29166666666666663,0.2,0.42700000000000005,0.7142857142857143,0.429279982334529,0.5,0.49681533423997337,0.9982517482517482,0.9947368421052631,1.3037794968593086,instance,all
1,0.21739130434782605,0.2,0.42700000000000005,1.0,0.42927998233451947,0.5,0.4989604375929486,0.9965034965034965,0.991578947368421,0.7227949336199689,instance,all
1,0.3055555555555556,0.0,0.42700000000000005,0.7142857142857143,0.42927998233452846,0.0,0.49514015635683184,0.9895104895104895,0.988421052631579,0.5331086955306673,instance,all
1,0.0,0.2,0.42700000000000005,0.42857142857142855,0.42927998233450304,0.5,0.4926967097769388,0.9982517482517482,0.991578947368421,1.6170066868078385,instance,all
1,0.4285714285714286,0.6,0.42700000000000005,1.0,0.4292799823343846,1.0,0.5025043826646041,1.0,0.988421052631579,1.7621429842802707,instance,all
1,0.3055555555555556,0.2,0.42700000000000005,0.5,0.42927998233452846,0.0,0.4952705541136554,0.9965034965034965,0.991578947368421,1.1002079354108958,instance,all
0,0.6428571428571428,0.8,0.573,0.6428571428571429,0.570720010906248,1.0,0.5008424687462779,1.0,0.9936842105263158,-0.09794289411946233,instance,all
1,0.5909090909090908,0.0,0.42700000000000005,0.21428571428571427,0.42927998233434167,0.0,0.49586013040361554,0.9895104895104895,0.988421052631579,0.4147751225265134,instance,all
1,0.30000000000000004,0.6,0.42700000000000005,1.0,0.42927998233457487,0.2,0.50175096258731,1.0,0.9947368421052631,1.0505988289488264,instance,all
1,0.0,0.0,0.42700000000000005,1.0,0.43861265956181605,0.0,0.49590509686852,0.9842657342657343,0.991578947368421,1.3950740356512956,instance,all
0,0.0,0.6,0.573,0.7857142857142857,0.5921504748025287,0.0,0.49983532398265107,0.9976525821596244,0.9894736842105263,1.0738894800233945,instance,all
1,0.30000000000000004,0.4,0.42700000000000005,0.7142857142857143,0.42927998233478115,0.5,0.49882246853528767,0.9982517482517482,0.9936842105263158,1.2991677860435693,instance,all
1,0.5,0.4,0.42700000000000005,1.0,0.42927998233453357,1.0,0.509322596580034,1.0,0.9926315789473684,0.9950180658889691,instance,all
1,0.4444444444444444,0.0,0.42700000000000005,0.5,0.42927998233453163,0.0,0.4932563411911476,0.9912587412587412,0.9894736842105263,0.5292755987036435,instance,all
1,0.3125,0.0,0.42700000000000005,0.42857142857142855,0.3985168479701838,0.0,0.4913939556975855,0.9895104895104895,0.9905263157894737,1.4031835065509637,instance,all
1,0.3076923076923077,0.2,0.42700000000000005,0.5,0.42927946891128477,0.5,0.5009692959202824,1.0,0.9905263157894737,0.19655422555538785,instance,all
1,0.11111111111111116,0.2,0.42700000000000005,0.7142857142857143,0.4292799823355321,0.5,0.4965556077058507,0.9982517482517482,0.9968421052631579,1.0228942937427077,instance,all
1,0.19999999999999996,0.2,0.42700000000000005,0.21428571428571427,0.4292799853632291,0.5,0.494290615527872,0.9982517482517482,0.9863157894736843,0.5536743051983508,instance,all
